Player Name,Player ID,Team,Position,Injury Status,Practice Status,Game Status,Availability Risk,Confidence Penalty,Projection Action,Manual Override,Source,Updated At,Validation Status,Notes
J.Chase,00-0036900,CIN,WR,Unknown,Unknown,Unknown,Unknown,20,Monitor,,manual injury gate required,2026-07-05T20:13:12+00:00,NEEDS DATA,Unknown injury status blocks or downgrades live use.
P.Nacua,00-0039075,LA,WR,Unknown,Unknown,Unknown,Unknown,20,Monitor,,manual injury gate required,2026-07-05T20:13:12+00:00,NEEDS DATA,Unknown injury status blocks or downgrades live use.
T.Higgins,00-0036410,CIN,WR,Unknown,Unknown,Unknown,Unknown,20,Monitor,,manual injury gate required,2026-07-05T20:13:12+00:00,NEEDS DATA,Unknown injury status blocks or downgrades live use.
B.Thomas,00-0039893,JAX,WR,Unknown,Unknown,Unknown,Unknown,20,Monitor,,manual injury gate required,2026-07-05T20:13:12+00:00,NEEDS DATA,Unknown injury status blocks or downgrades live use.
J.Jeudy,00-0036407,CLE,WR,Unknown,Unknown,Unknown,Unknown,20,Monitor,,manual injury gate required,2026-07-05T20:13:12+00:00,NEEDS DATA,Unknown injury status blocks or downgrades live use.
J.Jefferson,00-0036322,MIN,WR,Unknown,Unknown,Unknown,Unknown,20,Monitor,,manual injury gate required,2026-07-05T20:13:12+00:00,NEEDS DATA,Unknown injury status blocks or downgrades live use.
A.St. Brown,00-0036963,DET,WR,Unknown,Unknown,Unknown,Unknown,20,Monitor,,manual injury gate required,2026-07-05T20:13:12+00:00,NEEDS DATA,Unknown injury status blocks or downgrades live use.
D.Moore,00-0034827,CHI,WR,Unknown,Unknown,Unknown,Unknown,20,Monitor,,manual injury gate required,2026-07-05T20:13:12+00:00,NEEDS DATA,Unknown injury status blocks or downgrades live use.
L.McConkey,00-0039915,LAC,WR,Unknown,Unknown,Unknown,Unknown,20,Monitor,,manual injury gate required,2026-07-05T20:13:12+00:00,NEEDS DATA,Unknown injury status blocks or downgrades live use.
D.Adams,00-0031381,NYJ,WR,Unknown,Unknown,Unknown,Unknown,20,Monitor,,manual injury gate required,2026-07-05T20:13:12+00:00,NEEDS DATA,Unknown injury status blocks or downgrades live use.
T.McLaurin,00-0035659,WAS,WR,Unknown,Unknown,Unknown,Unknown,20,Monitor,,manual injury gate required,2026-07-05T20:13:12+00:00,NEEDS DATA,Unknown injury status blocks or downgrades live use.
D.Bell,00-0037257,CLE,WR,Unknown,Unknown,Unknown,Unknown,20,Monitor,,manual injury gate required,2026-07-05T20:13:12+00:00,NEEDS DATA,Unknown injury status blocks or downgrades live use.
J.Jennings,00-0036259,SF,WR,Unknown,Unknown,Unknown,Unknown,20,Monitor,,manual injury gate required,2026-07-05T20:13:12+00:00,NEEDS DATA,Unknown injury status blocks or downgrades live use.
M.Evans,00-0031408,TB,WR,Unknown,Unknown,Unknown,Unknown,20,Monitor,,manual injury gate required,2026-07-05T20:13:12+00:00,NEEDS DATA,Unknown injury status blocks or downgrades live use.
M.Nabers,00-0039337,NYG,WR,Unknown,Unknown,Unknown,Unknown,20,Monitor,,manual injury gate required,2026-07-05T20:13:12+00:00,NEEDS DATA,Unknown injury status blocks or downgrades live use.
J.Smith-Njigba,00-0038543,SEA,WR,Unknown,Unknown,Unknown,Unknown,20,Monitor,,manual injury gate required,2026-07-05T20:13:12+00:00,NEEDS DATA,Unknown injury status blocks or downgrades live use.
J.Meyers,00-0034960,LV,WR,Unknown,Unknown,Unknown,Unknown,20,Monitor,,manual injury gate required,2026-07-05T20:13:12+00:00,NEEDS DATA,Unknown injury status blocks or downgrades live use.
S.Diggs,00-0031588,HOU,WR,Unknown,Unknown,Unknown,Unknown,20,Monitor,,manual injury gate required,2026-07-05T20:13:12+00:00,NEEDS DATA,Unknown injury status blocks or downgrades live use.
W.Robinson,00-0038117,NYG,WR,Unknown,Unknown,Unknown,Unknown,20,Monitor,,manual injury gate required,2026-07-05T20:13:12+00:00,NEEDS DATA,Unknown injury status blocks or downgrades live use.
C.Godwin,00-0033921,TB,WR,Unknown,Unknown,Unknown,Unknown,20,Monitor,,manual injury gate required,2026-07-05T20:13:12+00:00,NEEDS DATA,Unknown injury status blocks or downgrades live use.
D.Brown,00-0036626,WAS,WR,Unknown,Unknown,Unknown,Unknown,20,Monitor,,manual injury gate required,2026-07-05T20:13:12+00:00,NEEDS DATA,Unknown injury status blocks or downgrades live use.
K.Allen,00-0030279,CHI,WR,Unknown,Unknown,Unknown,Unknown,20,Monitor,,manual injury gate required,2026-07-05T20:13:12+00:00,NEEDS DATA,Unknown injury status blocks or downgrades live use.
T.McBride,00-0037744,ARI,TE,Unknown,Unknown,Unknown,Unknown,20,Monitor,,manual injury gate required,2026-07-05T20:13:12+00:00,NEEDS DATA,Unknown injury status blocks or downgrades live use.
B.Johnson,00-0037382,PIT,WR,Unknown,Unknown,Unknown,Unknown,20,Monitor,,manual injury gate required,2026-07-05T20:13:12+00:00,NEEDS DATA,Unknown injury status blocks or downgrades live use.
R.Pearsall,00-0039916,SF,WR,Unknown,Unknown,Unknown,Unknown,20,Monitor,,manual injury gate required,2026-07-05T20:13:12+00:00,NEEDS DATA,Unknown injury status blocks or downgrades live use.
J.Addison,00-0038994,MIN,WR,Unknown,Unknown,Unknown,Unknown,20,Monitor,,manual injury gate required,2026-07-05T20:13:12+00:00,NEEDS DATA,Unknown injury status blocks or downgrades live use.
A.Thielen,00-0030035,CAR,WR,Unknown,Unknown,Unknown,Unknown,20,Monitor,,manual injury gate required,2026-07-05T20:13:12+00:00,NEEDS DATA,Unknown injury status blocks or downgrades live use.
G.Wilson,00-0037740,NYJ,WR,Unknown,Unknown,Unknown,Unknown,20,Monitor,,manual injury gate required,2026-07-05T20:13:12+00:00,NEEDS DATA,Unknown injury status blocks or downgrades live use.
T.Hill,00-0033040,MIA,WR,Unknown,Unknown,Unknown,Unknown,20,Monitor,,manual injury gate required,2026-07-05T20:13:12+00:00,NEEDS DATA,Unknown injury status blocks or downgrades live use.
D.London,00-0037238,ATL,WR,Unknown,Unknown,Unknown,Unknown,20,Monitor,,manual injury gate required,2026-07-05T20:13:12+00:00,NEEDS DATA,Unknown injury status blocks or downgrades live use.
C.Lamb,00-0036358,DAL,WR,Unknown,Unknown,Unknown,Unknown,20,Monitor,,manual injury gate required,2026-07-05T20:13:12+00:00,NEEDS DATA,Unknown injury status blocks or downgrades live use.
J.Downs,00-0038997,IND,WR,Unknown,Unknown,Unknown,Unknown,20,Monitor,,manual injury gate required,2026-07-05T20:13:12+00:00,NEEDS DATA,Unknown injury status blocks or downgrades live use.
N.Collins,00-0036554,HOU,WR,Unknown,Unknown,Unknown,Unknown,20,Monitor,,manual injury gate required,2026-07-05T20:13:12+00:00,NEEDS DATA,Unknown injury status blocks or downgrades live use.
M.Washington,00-0039880,MIA,WR,Unknown,Unknown,Unknown,Unknown,20,Monitor,,manual injury gate required,2026-07-05T20:13:12+00:00,NEEDS DATA,Unknown injury status blocks or downgrades live use.
R.Rice,00-0039067,KC,WR,Unknown,Unknown,Unknown,Unknown,20,Monitor,,manual injury gate required,2026-07-05T20:13:12+00:00,NEEDS DATA,Unknown injury status blocks or downgrades live use.
M.Pittman,00-0036252,IND,WR,Unknown,Unknown,Unknown,Unknown,20,Monitor,,manual injury gate required,2026-07-05T20:13:12+00:00,NEEDS DATA,Unknown injury status blocks or downgrades live use.
D.Njoku,00-0033885,CLE,TE,Unknown,Unknown,Unknown,Unknown,20,Monitor,,manual injury gate required,2026-07-05T20:13:12+00:00,NEEDS DATA,Unknown injury status blocks or downgrades live use.
J.Smith,00-0033858,MIA,TE,Unknown,Unknown,Unknown,Unknown,20,Monitor,,manual injury gate required,2026-07-05T20:13:12+00:00,NEEDS DATA,Unknown injury status blocks or downgrades live use.
K.Pryor,00-0037422,CIN,WR,Unknown,Unknown,Unknown,Unknown,20,Monitor,,manual injury gate required,2026-07-05T20:13:12+00:00,NEEDS DATA,Unknown injury status blocks or downgrades live use.
K.Shakir,00-0037261,BUF,WR,Unknown,Unknown,Unknown,Unknown,20,Monitor,,manual injury gate required,2026-07-05T20:13:12+00:00,NEEDS DATA,Unknown injury status blocks or downgrades live use.
D.Samuel,00-0035719,SF,WR,Unknown,Unknown,Unknown,Unknown,20,Monitor,,manual injury gate required,2026-07-05T20:13:12+00:00,NEEDS DATA,Unknown injury status blocks or downgrades live use.
C.Tillman,00-0038979,CLE,WR,Unknown,Unknown,Unknown,Unknown,20,Monitor,,manual injury gate required,2026-07-05T20:13:12+00:00,NEEDS DATA,Unknown injury status blocks or downgrades live use.
B.Aiyuk,00-0036261,SF,WR,Unknown,Unknown,Unknown,Unknown,20,Monitor,,manual injury gate required,2026-07-05T20:13:12+00:00,NEEDS DATA,Unknown injury status blocks or downgrades live use.
N.Brown,00-0033591,WAS,WR,Unknown,Unknown,Unknown,Unknown,20,Monitor,,manual injury gate required,2026-07-05T20:13:12+00:00,NEEDS DATA,Unknown injury status blocks or downgrades live use.
B.Bowers,00-0039338,LV,TE,Unknown,Unknown,Unknown,Unknown,20,Monitor,,manual injury gate required,2026-07-05T20:13:12+00:00,NEEDS DATA,Unknown injury status blocks or downgrades live use.
C.Olave,00-0037239,NO,WR,Unknown,Unknown,Unknown,Unknown,20,Monitor,,manual injury gate required,2026-07-05T20:13:12+00:00,NEEDS DATA,Unknown injury status blocks or downgrades live use.
G.Kittle,00-0033288,SF,TE,Unknown,Unknown,Unknown,Unknown,20,Monitor,,manual injury gate required,2026-07-05T20:13:12+00:00,NEEDS DATA,Unknown injury status blocks or downgrades live use.
J.Nailor,00-0037291,MIN,WR,Unknown,Unknown,Unknown,Unknown,20,Monitor,,manual injury gate required,2026-07-05T20:13:12+00:00,NEEDS DATA,Unknown injury status blocks or downgrades live use.
M.Gesicki,00-0034829,CIN,TE,Unknown,Unknown,Unknown,Unknown,20,Monitor,,manual injury gate required,2026-07-05T20:13:12+00:00,NEEDS DATA,Unknown injury status blocks or downgrades live use.
Ja.Williams,00-0037240,DET,WR,Unknown,Unknown,Unknown,Unknown,20,Monitor,,manual injury gate required,2026-07-05T20:13:12+00:00,NEEDS DATA,Unknown injury status blocks or downgrades live use.
Q.Johnston,00-0038544,LAC,WR,Unknown,Unknown,Unknown,Unknown,20,Monitor,,manual injury gate required,2026-07-05T20:13:12+00:00,NEEDS DATA,Unknown injury status blocks or downgrades live use.
E.Engram,00-0033881,JAX,TE,Unknown,Unknown,Unknown,Unknown,20,Monitor,,manual injury gate required,2026-07-05T20:13:12+00:00,NEEDS DATA,Unknown injury status blocks or downgrades live use.
M.Harrison,00-0039849,ARI,WR,Unknown,Unknown,Unknown,Unknown,20,Monitor,,manual injury gate required,2026-07-05T20:13:12+00:00,NEEDS DATA,Unknown injury status blocks or downgrades live use.
P.Freiermuth,00-0036894,PIT,TE,Unknown,Unknown,Unknown,Unknown,20,Monitor,,manual injury gate required,2026-07-05T20:13:12+00:00,NEEDS DATA,Unknown injury status blocks or downgrades live use.
J.Waddle,00-0036613,MIA,WR,Unknown,Unknown,Unknown,Unknown,20,Monitor,,manual injury gate required,2026-07-05T20:13:12+00:00,NEEDS DATA,Unknown injury status blocks or downgrades live use.
X.Worthy,00-0039894,KC,WR,Unknown,Unknown,Unknown,Unknown,20,Monitor,,manual injury gate required,2026-07-05T20:13:12+00:00,NEEDS DATA,Unknown injury status blocks or downgrades live use.
C.Sutton,00-0034348,DEN,WR,Unknown,Unknown,Unknown,Unknown,20,Monitor,,manual injury gate required,2026-07-05T20:13:12+00:00,NEEDS DATA,Unknown injury status blocks or downgrades live use.
J.Palmer,00-0036988,LAC,WR,Unknown,Unknown,Unknown,Unknown,20,Monitor,,manual injury gate required,2026-07-05T20:13:12+00:00,NEEDS DATA,Unknown injury status blocks or downgrades live use.
C.Jones,00-0038576,CIN,WR,Unknown,Unknown,Unknown,Unknown,20,Monitor,,manual injury gate required,2026-07-05T20:13:12+00:00,NEEDS DATA,Unknown injury status blocks or downgrades live use.
L.Bowden,00-0036364,NO,WR,Unknown,Unknown,Unknown,Unknown,20,Monitor,,manual injury gate required,2026-07-05T20:13:12+00:00,NEEDS DATA,Unknown injury status blocks or downgrades live use.
G.Dortch,00-0035500,ARI,WR,Unknown,Unknown,Unknown,Unknown,20,Monitor,,manual injury gate required,2026-07-05T20:13:12+00:00,NEEDS DATA,Unknown injury status blocks or downgrades live use.
T.Sherfield,00-0034487,MIN,WR,Unknown,Unknown,Unknown,Unknown,20,Monitor,,manual injury gate required,2026-07-05T20:13:12+00:00,NEEDS DATA,Unknown injury status blocks or downgrades live use.
Z.Ertz,00-0030061,WAS,TE,Unknown,Unknown,Unknown,Unknown,20,Monitor,,manual injury gate required,2026-07-05T20:13:12+00:00,NEEDS DATA,Unknown injury status blocks or downgrades live use.
T.Hill,00-0033357,NO,TE,Unknown,Unknown,Unknown,Unknown,20,Monitor,,manual injury gate required,2026-07-05T20:13:12+00:00,NEEDS DATA,Unknown injury status blocks or downgrades live use.
A.Iosivas,00-0038619,CIN,WR,Unknown,Unknown,Unknown,Unknown,20,Monitor,,manual injury gate required,2026-07-05T20:13:12+00:00,NEEDS DATA,Unknown injury status blocks or downgrades live use.
C.Kupp,00-0033908,LA,WR,Unknown,Unknown,Unknown,Unknown,20,Monitor,,manual injury gate required,2026-07-05T20:13:12+00:00,NEEDS DATA,Unknown injury status blocks or downgrades live use.
M.Mims,00-0038976,DEN,WR,Unknown,Unknown,Unknown,Unknown,20,Monitor,,manual injury gate required,2026-07-05T20:13:12+00:00,NEEDS DATA,Unknown injury status blocks or downgrades live use.
R.Moore,00-0036936,ARI,WR,Unknown,Unknown,Unknown,Unknown,20,Monitor,,manual injury gate required,2026-07-05T20:13:12+00:00,NEEDS DATA,Unknown injury status blocks or downgrades live use.
S.LaPorta,00-0039065,DET,TE,Unknown,Unknown,Unknown,Unknown,20,Monitor,,manual injury gate required,2026-07-05T20:13:12+00:00,NEEDS DATA,Unknown injury status blocks or downgrades live use.
J.Coker,00-0039491,CAR,WR,Unknown,Unknown,Unknown,Unknown,20,Monitor,,manual injury gate required,2026-07-05T20:13:12+00:00,NEEDS DATA,Unknown injury status blocks or downgrades live use.
P.Washington,00-0038606,JAX,WR,Unknown,Unknown,Unknown,Unknown,20,Monitor,,manual injury gate required,2026-07-05T20:13:12+00:00,NEEDS DATA,Unknown injury status blocks or downgrades live use.
G.Pickens,00-0037247,PIT,WR,Unknown,Unknown,Unknown,Unknown,20,Monitor,,manual injury gate required,2026-07-05T20:13:12+00:00,NEEDS DATA,Unknown injury status blocks or downgrades live use.
O.Zaccheaus,00-0035208,WAS,WR,Unknown,Unknown,Unknown,Unknown,20,Monitor,,manual injury gate required,2026-07-05T20:13:12+00:00,NEEDS DATA,Unknown injury status blocks or downgrades live use.
K.Lassiter,00-0037420,CIN,WR,Unknown,Unknown,Unknown,Unknown,20,Monitor,,manual injury gate required,2026-07-05T20:13:12+00:00,NEEDS DATA,Unknown injury status blocks or downgrades live use.
K.Doss,00-0035120,LAC,WR,Unknown,Unknown,Unknown,Unknown,20,Monitor,,manual injury gate required,2026-07-05T20:13:12+00:00,NEEDS DATA,Unknown injury status blocks or downgrades live use.
J.Metchie,00-0037614,HOU,WR,Unknown,Unknown,Unknown,Unknown,20,Monitor,,manual injury gate required,2026-07-05T20:13:12+00:00,NEEDS DATA,Unknown injury status blocks or downgrades live use.
J.McMillan,00-0039855,TB,WR,Unknown,Unknown,Unknown,Unknown,20,Monitor,,manual injury gate required,2026-07-05T20:13:12+00:00,NEEDS DATA,Unknown injury status blocks or downgrades live use.
B.Tremayne,00-0038840,WAS,WR,Unknown,Unknown,Unknown,Unknown,20,Monitor,,manual injury gate required,2026-07-05T20:13:12+00:00,NEEDS DATA,Unknown injury status blocks or downgrades live use.
T.Jackson,00-0035934,MIN,WR,Unknown,Unknown,Unknown,Unknown,20,Monitor,,manual injury gate required,2026-07-05T20:13:12+00:00,NEEDS DATA,Unknown injury status blocks or downgrades live use.
E.Moore,00-0036980,CLE,WR,Unknown,Unknown,Unknown,Unknown,20,Monitor,,manual injury gate required,2026-07-05T20:13:12+00:00,NEEDS DATA,Unknown injury status blocks or downgrades live use.
C.Okonkwo,00-0037809,TEN,TE,Unknown,Unknown,Unknown,Unknown,20,Monitor,,manual injury gate required,2026-07-05T20:13:12+00:00,NEEDS DATA,Unknown injury status blocks or downgrades live use.
Mi.Wilson,00-0038559,ARI,WR,Unknown,Unknown,Unknown,Unknown,20,Monitor,,manual injury gate required,2026-07-05T20:13:12+00:00,NEEDS DATA,Unknown injury status blocks or downgrades live use.
T.Taylor,00-0033292,SF,WR,Unknown,Unknown,Unknown,Unknown,20,Monitor,,manual injury gate required,2026-07-05T20:13:12+00:00,NEEDS DATA,Unknown injury status blocks or downgrades live use.
R.Shaheed,00-0037545,NO,WR,Unknown,Unknown,Unknown,Unknown,20,Monitor,,manual injury gate required,2026-07-05T20:13:12+00:00,NEEDS DATA,Unknown injury status blocks or downgrades live use.
A.Bachman,00-0035602,LV,WR,Unknown,Unknown,Unknown,Unknown,20,Monitor,,manual injury gate required,2026-07-05T20:13:12+00:00,NEEDS DATA,Unknown injury status blocks or downgrades live use.
R.Cracraft,00-0034054,MIA,WR,Unknown,Unknown,Unknown,Unknown,20,Monitor,,manual injury gate required,2026-07-05T20:13:12+00:00,NEEDS DATA,Unknown injury status blocks or downgrades live use.
K.Boutte,00-0038608,NE,WR,Unknown,Unknown,Unknown,Unknown,20,Monitor,,manual injury gate required,2026-07-05T20:13:12+00:00,NEEDS DATA,Unknown injury status blocks or downgrades live use.
T.Atwell,00-0036849,LA,WR,Unknown,Unknown,Unknown,Unknown,20,Monitor,,manual injury gate required,2026-07-05T20:13:12+00:00,NEEDS DATA,Unknown injury status blocks or downgrades live use.
D.Douglas,00-0038621,NE,WR,Unknown,Unknown,Unknown,Unknown,20,Monitor,,manual injury gate required,2026-07-05T20:13:12+00:00,NEEDS DATA,Unknown injury status blocks or downgrades live use.
D.Metcalf,00-0035640,SEA,WR,Unknown,Unknown,Unknown,Unknown,20,Monitor,,manual injury gate required,2026-07-05T20:13:12+00:00,NEEDS DATA,Unknown injury status blocks or downgrades live use.
R.Doubs,00-0037816,GB,WR,Unknown,Unknown,Unknown,Unknown,20,Monitor,,manual injury gate required,2026-07-05T20:13:12+00:00,NEEDS DATA,Unknown injury status blocks or downgrades live use.
Z.Jones,00-0033891,ARI,WR,Unknown,Unknown,Unknown,Unknown,20,Monitor,,manual injury gate required,2026-07-05T20:13:12+00:00,NEEDS DATA,Unknown injury status blocks or downgrades live use.
J.Whittington,00-0039751,LA,WR,Unknown,Unknown,Unknown,Unknown,20,Monitor,,manual injury gate required,2026-07-05T20:13:12+00:00,NEEDS DATA,Unknown injury status blocks or downgrades live use.
T.Hockenson,00-0035229,MIN,TE,Unknown,Unknown,Unknown,Unknown,20,Monitor,,manual injury gate required,2026-07-05T20:13:12+00:00,NEEDS DATA,Unknown injury status blocks or downgrades live use.
T.Higbee,00-0033110,LA,TE,Unknown,Unknown,Unknown,Unknown,20,Monitor,,manual injury gate required,2026-07-05T20:13:12+00:00,NEEDS DATA,Unknown injury status blocks or downgrades live use.
T.Tucker,00-0038563,LV,WR,Unknown,Unknown,Unknown,Unknown,20,Monitor,,manual injury gate required,2026-07-05T20:13:12+00:00,NEEDS DATA,Unknown injury status blocks or downgrades live use.
B.Skowronek,00-0036862,PIT,WR,Unknown,Unknown,Unknown,Unknown,20,Monitor,,manual injury gate required,2026-07-05T20:13:12+00:00,NEEDS DATA,Unknown injury status blocks or downgrades live use.
J.Proche,00-0036133,CLE,WR,Unknown,Unknown,Unknown,Unknown,20,Monitor,,manual injury gate required,2026-07-05T20:13:12+00:00,NEEDS DATA,Unknown injury status blocks or downgrades live use.
X.Legette,00-0039342,CAR,WR,Unknown,Unknown,Unknown,Unknown,20,Monitor,,manual injury gate required,2026-07-05T20:13:12+00:00,NEEDS DATA,Unknown injury status blocks or downgrades live use.
D.Eskridge,00-0036620,MIA,WR,Unknown,Unknown,Unknown,Unknown,20,Monitor,,manual injury gate required,2026-07-05T20:13:12+00:00,NEEDS DATA,Unknown injury status blocks or downgrades live use.
A.Perry,00-0038612,NO,WR,Unknown,Unknown,Unknown,Unknown,20,Monitor,,manual injury gate required,2026-07-05T20:13:12+00:00,NEEDS DATA,Unknown injury status blocks or downgrades live use.
D.Smith,00-0036912,PHI,WR,Unknown,Unknown,Unknown,Unknown,20,Monitor,,manual injury gate required,2026-07-05T20:13:12+00:00,NEEDS DATA,Unknown injury status blocks or downgrades live use.
C.Wilson,00-0034418,NO,WR,Unknown,Unknown,Unknown,Unknown,20,Monitor,,manual injury gate required,2026-07-05T20:13:12+00:00,NEEDS DATA,Unknown injury status blocks or downgrades live use.
D.Davis,00-0038573,LAC,WR,Unknown,Unknown,Unknown,Unknown,20,Monitor,,manual injury gate required,2026-07-05T20:13:12+00:00,NEEDS DATA,Unknown injury status blocks or downgrades live use.
K.Wilkerson,00-0036183,LV,WR,Unknown,Unknown,Unknown,Unknown,20,Monitor,,manual injury gate required,2026-07-05T20:13:12+00:00,NEEDS DATA,Unknown injury status blocks or downgrades live use.
W.Snead,00-0030663,SF,WR,Unknown,Unknown,Unknown,Unknown,20,Monitor,,manual injury gate required,2026-07-05T20:13:12+00:00,NEEDS DATA,Unknown injury status blocks or downgrades live use.
C.Kirk,00-0034775,JAX,WR,Unknown,Unknown,Unknown,Unknown,20,Monitor,,manual injury gate required,2026-07-05T20:13:12+00:00,NEEDS DATA,Unknown injury status blocks or downgrades live use.
H.Renfrow,00-0034983,LV,WR,Unknown,Unknown,Unknown,Unknown,20,Monitor,,manual injury gate required,2026-07-05T20:13:12+00:00,NEEDS DATA,Unknown injury status blocks or downgrades live use.
J.Johnson,00-0036040,NO,TE,Unknown,Unknown,Unknown,Unknown,20,Monitor,,manual injury gate required,2026-07-05T20:13:12+00:00,NEEDS DATA,Unknown injury status blocks or downgrades live use.
M.Thomas,00-0032765,NO,WR,Unknown,Unknown,Unknown,Unknown,20,Monitor,,manual injury gate required,2026-07-05T20:13:12+00:00,NEEDS DATA,Unknown injury status blocks or downgrades live use.
K.Raymond,00-0032464,DET,WR,Unknown,Unknown,Unknown,Unknown,20,Monitor,,manual injury gate required,2026-07-05T20:13:12+00:00,NEEDS DATA,Unknown injury status blocks or downgrades live use.
T.Dell,00-0038977,HOU,WR,Unknown,Unknown,Unknown,Unknown,20,Monitor,,manual injury gate required,2026-07-05T20:13:12+00:00,NEEDS DATA,Unknown injury status blocks or downgrades live use.
I.Hodgins,00-0036165,NYG,WR,Unknown,Unknown,Unknown,Unknown,20,Monitor,,manual injury gate required,2026-07-05T20:13:12+00:00,NEEDS DATA,Unknown injury status blocks or downgrades live use.
T.Lockett,00-0032211,SEA,WR,Unknown,Unknown,Unknown,Unknown,20,Monitor,,manual injury gate required,2026-07-05T20:13:12+00:00,NEEDS DATA,Unknown injury status blocks or downgrades live use.
C.Moore,00-0032398,TEN,WR,Unknown,Unknown,Unknown,Unknown,20,Monitor,,manual injury gate required,2026-07-05T20:13:12+00:00,NEEDS DATA,Unknown injury status blocks or downgrades live use.
N.Fant,00-0035644,SEA,TE,Unknown,Unknown,Unknown,Unknown,20,Monitor,,manual injury gate required,2026-07-05T20:13:12+00:00,NEEDS DATA,Unknown injury status blocks or downgrades live use.
C.Ridley,00-0034837,TEN,WR,Unknown,Unknown,Unknown,Unknown,20,Monitor,,manual injury gate required,2026-07-05T20:13:12+00:00,NEEDS DATA,Unknown injury status blocks or downgrades live use.
J.Reed,00-0039146,GB,WR,Unknown,Unknown,Unknown,Unknown,20,Monitor,,manual injury gate required,2026-07-05T20:13:12+00:00,NEEDS DATA,Unknown injury status blocks or downgrades live use.
K.Kirkwood,00-0034317,NO,WR,Unknown,Unknown,Unknown,Unknown,20,Monitor,,manual injury gate required,2026-07-05T20:13:12+00:00,NEEDS DATA,Unknown injury status blocks or downgrades live use.
J.Akins,00-0034364,CLE,TE,Unknown,Unknown,Unknown,Unknown,20,Monitor,,manual injury gate required,2026-07-05T20:13:12+00:00,NEEDS DATA,Unknown injury status blocks or downgrades live use.
T.Johnson,00-0036427,LA,WR,Unknown,Unknown,Unknown,Unknown,20,Monitor,,manual injury gate required,2026-07-05T20:13:12+00:00,NEEDS DATA,Unknown injury status blocks or downgrades live use.
M.Jones,00-0029293,DET,WR,Unknown,Unknown,Unknown,Unknown,20,Monitor,,manual injury gate required,2026-07-05T20:13:12+00:00,NEEDS DATA,Unknown injury status blocks or downgrades live use.
J.Cowing,00-0039365,SF,WR,Unknown,Unknown,Unknown,Unknown,20,Monitor,,manual injury gate required,2026-07-05T20:13:12+00:00,NEEDS DATA,Unknown injury status blocks or downgrades live use.
B.Means,00-0039386,NO,WR,Unknown,Unknown,Unknown,Unknown,20,Monitor,,manual injury gate required,2026-07-05T20:13:12+00:00,NEEDS DATA,Unknown injury status blocks or downgrades live use.
R.Odunze,00-0039919,CHI,WR,Unknown,Unknown,Unknown,Unknown,20,Monitor,,manual injury gate required,2026-07-05T20:13:12+00:00,NEEDS DATA,Unknown injury status blocks or downgrades live use.
T.Conklin,00-0034270,NYJ,TE,Unknown,Unknown,Unknown,Unknown,20,Monitor,,manual injury gate required,2026-07-05T20:13:12+00:00,NEEDS DATA,Unknown injury status blocks or downgrades live use.
A.Lazard,00-0034521,NYJ,WR,Unknown,Unknown,Unknown,Unknown,20,Monitor,,manual injury gate required,2026-07-05T20:13:12+00:00,NEEDS DATA,Unknown injury status blocks or downgrades live use.
C.Austin,00-0037837,PIT,WR,Unknown,Unknown,Unknown,Unknown,20,Monitor,,manual injury gate required,2026-07-05T20:13:12+00:00,NEEDS DATA,Unknown injury status blocks or downgrades live use.
N.Westbrook-Ikhine,00-0036182,TEN,WR,Unknown,Unknown,Unknown,Unknown,20,Monitor,,manual injury gate required,2026-07-05T20:13:12+00:00,NEEDS DATA,Unknown injury status blocks or downgrades live use.
B.Cooks,00-0031236,DAL,WR,Unknown,Unknown,Unknown,Unknown,20,Monitor,,manual injury gate required,2026-07-05T20:13:12+00:00,NEEDS DATA,Unknown injury status blocks or downgrades live use.
E.All,00-0039814,CIN,TE,Unknown,Unknown,Unknown,Unknown,20,Monitor,,manual injury gate required,2026-07-05T20:13:12+00:00,NEEDS DATA,Unknown injury status blocks or downgrades live use.
C.Samuel,00-0033282,BUF,WR,Unknown,Unknown,Unknown,Unknown,20,Monitor,,manual injury gate required,2026-07-05T20:13:12+00:00,NEEDS DATA,Unknown injury status blocks or downgrades live use.
D.Wicks,00-0038393,GB,WR,Unknown,Unknown,Unknown,Unknown,20,Monitor,,manual injury gate required,2026-07-05T20:13:12+00:00,NEEDS DATA,Unknown injury status blocks or downgrades live use.
T.Scott,00-0038941,CHI,WR,Unknown,Unknown,Unknown,Unknown,20,Monitor,,manual injury gate required,2026-07-05T20:13:12+00:00,NEEDS DATA,Unknown injury status blocks or downgrades live use.
K.Philips,00-0037273,TEN,WR,Unknown,Unknown,Unknown,Unknown,20,Monitor,,manual injury gate required,2026-07-05T20:13:12+00:00,NEEDS DATA,Unknown injury status blocks or downgrades live use.
J.Agnew,00-0033572,JAX,WR,Unknown,Unknown,Unknown,Unknown,20,Monitor,,manual injury gate required,2026-07-05T20:13:12+00:00,NEEDS DATA,Unknown injury status blocks or downgrades live use.
B.Powell,00-0034646,MIN,WR,Unknown,Unknown,Unknown,Unknown,20,Monitor,,manual injury gate required,2026-07-05T20:13:12+00:00,NEEDS DATA,Unknown injury status blocks or downgrades live use.
R.McCloud,00-0034407,ATL,WR,Unknown,Unknown,Unknown,Unknown,20,Monitor,,manual injury gate required,2026-07-05T20:13:12+00:00,NEEDS DATA,Unknown injury status blocks or downgrades live use.
A.Brown,00-0035676,PHI,WR,Unknown,Unknown,Unknown,Unknown,20,Monitor,,manual injury gate required,2026-07-05T20:13:12+00:00,NEEDS DATA,Unknown injury status blocks or downgrades live use.
I.Williams,00-0039451,CIN,WR,Unknown,Unknown,Unknown,Unknown,20,Monitor,,manual injury gate required,2026-07-05T20:13:12+00:00,NEEDS DATA,Unknown injury status blocks or downgrades live use.
L.Shenault,00-0036268,SEA,WR,Unknown,Unknown,Unknown,Unknown,20,Monitor,,manual injury gate required,2026-07-05T20:13:12+00:00,NEEDS DATA,Unknown injury status blocks or downgrades live use.
D.Duvernay,00-0036331,JAX,WR,Unknown,Unknown,Unknown,Unknown,20,Monitor,,manual injury gate required,2026-07-05T20:13:12+00:00,NEEDS DATA,Unknown injury status blocks or downgrades live use.
K.Bourne,00-0033307,NE,WR,Unknown,Unknown,Unknown,Unknown,20,Monitor,,manual injury gate required,2026-07-05T20:13:12+00:00,NEEDS DATA,Unknown injury status blocks or downgrades live use.
J.Guyton,00-0035414,LAC,WR,Unknown,Unknown,Unknown,Unknown,20,Monitor,,manual injury gate required,2026-07-05T20:13:12+00:00,NEEDS DATA,Unknown injury status blocks or downgrades live use.
R.Cobb,00-0028002,NYJ,WR,Unknown,Unknown,Unknown,Unknown,20,Monitor,,manual injury gate required,2026-07-05T20:13:12+00:00,NEEDS DATA,Unknown injury status blocks or downgrades live use.
M.Kinsey,00-0036176,TEN,WR,Unknown,Unknown,Unknown,Unknown,20,Monitor,,manual injury gate required,2026-07-05T20:13:12+00:00,NEEDS DATA,Unknown injury status blocks or downgrades live use.
T.Boyd,00-0033009,TEN,WR,Unknown,Unknown,Unknown,Unknown,20,Monitor,,manual injury gate required,2026-07-05T20:13:12+00:00,NEEDS DATA,Unknown injury status blocks or downgrades live use.
V.Jefferson,00-0036415,PIT,WR,Unknown,Unknown,Unknown,Unknown,20,Monitor,,manual injury gate required,2026-07-05T20:13:12+00:00,NEEDS DATA,Unknown injury status blocks or downgrades live use.
D.Montgomery,00-0035045,IND,WR,Unknown,Unknown,Unknown,Unknown,20,Monitor,,manual injury gate required,2026-07-05T20:13:12+00:00,NEEDS DATA,Unknown injury status blocks or downgrades live use.
J.Brownlee,00-0038492,NYJ,WR,Unknown,Unknown,Unknown,Unknown,20,Monitor,,manual injury gate required,2026-07-05T20:13:12+00:00,NEEDS DATA,Unknown injury status blocks or downgrades live use.
D.Pettis,00-0034860,NO,WR,Unknown,Unknown,Unknown,Unknown,20,Monitor,,manual injury gate required,2026-07-05T20:13:12+00:00,NEEDS DATA,Unknown injury status blocks or downgrades live use.
D.Thompkins,00-0037487,CAR,WR,Unknown,Unknown,Unknown,Unknown,20,Monitor,,manual injury gate required,2026-07-05T20:13:12+00:00,NEEDS DATA,Unknown injury status blocks or downgrades live use.
S.Smartt,00-0037475,LAC,TE,Unknown,Unknown,Unknown,Unknown,20,Monitor,,manual injury gate required,2026-07-05T20:13:12+00:00,NEEDS DATA,Unknown injury status blocks or downgrades live use.
T.Kelce,00-0030506,KC,TE,Unknown,Unknown,Unknown,Unknown,20,Monitor,,manual injury gate required,2026-07-05T20:13:12+00:00,NEEDS DATA,Unknown injury status blocks or downgrades live use.
J.Crowder,00-0031941,WAS,WR,Unknown,Unknown,Unknown,Unknown,20,Monitor,,manual injury gate required,2026-07-05T20:13:12+00:00,NEEDS DATA,Unknown injury status blocks or downgrades live use.
D.Sample,00-0035631,CIN,TE,Unknown,Unknown,Unknown,Unknown,20,Monitor,,manual injury gate required,2026-07-05T20:13:12+00:00,NEEDS DATA,Unknown injury status blocks or downgrades live use.
A.Pierce,00-0037664,IND,WR,Unknown,Unknown,Unknown,Unknown,20,Monitor,,manual injury gate required,2026-07-05T20:13:12+00:00,NEEDS DATA,Unknown injury status blocks or downgrades live use.
J.Bobo,00-0038752,SEA,WR,Unknown,Unknown,Unknown,Unknown,20,Monitor,,manual injury gate required,2026-07-05T20:13:12+00:00,NEEDS DATA,Unknown injury status blocks or downgrades live use.
J.Tolbert,00-0037666,DAL,WR,Unknown,Unknown,Unknown,Unknown,20,Monitor,,manual injury gate required,2026-07-05T20:13:12+00:00,NEEDS DATA,Unknown injury status blocks or downgrades live use.
D.Peoples-Jones,00-0036233,DET,WR,Unknown,Unknown,Unknown,Unknown,20,Monitor,,manual injury gate required,2026-07-05T20:13:12+00:00,NEEDS DATA,Unknown injury status blocks or downgrades live use.
E.St. Brown,00-0034279,CHI,WR,Unknown,Unknown,Unknown,Unknown,20,Monitor,,manual injury gate required,2026-07-05T20:13:12+00:00,NEEDS DATA,Unknown injury status blocks or downgrades live use.
D.Turner,00-0036527,LV,WR,Unknown,Unknown,Unknown,Unknown,20,Monitor,,manual injury gate required,2026-07-05T20:13:12+00:00,NEEDS DATA,Unknown injury status blocks or downgrades live use.
F.Moreau,00-0034981,NO,TE,Unknown,Unknown,Unknown,Unknown,20,Monitor,,manual injury gate required,2026-07-05T20:13:12+00:00,NEEDS DATA,Unknown injury status blocks or downgrades live use.
D.Parker,00-0031547,NE,WR,Unknown,Unknown,Unknown,Unknown,20,Monitor,,manual injury gate required,2026-07-05T20:13:12+00:00,NEEDS DATA,Unknown injury status blocks or downgrades live use.
C.McCaffrey,00-0033280,SF,RB,Unknown,Unknown,Unknown,Unknown,20,Monitor,,manual injury gate required,2026-07-05T20:13:12+00:00,NEEDS DATA,Unknown injury status blocks or downgrades live use.
Z.Flowers,00-0039064,BAL,WR,Unknown,Unknown,Unknown,Unknown,20,Monitor,,manual injury gate required,2026-07-05T20:13:12+00:00,NEEDS DATA,Unknown injury status blocks or downgrades live use.
M.Valdes-Scantling,00-0034272,NO,WR,Unknown,Unknown,Unknown,Unknown,20,Monitor,,manual injury gate required,2026-07-05T20:13:12+00:00,NEEDS DATA,Unknown injury status blocks or downgrades live use.
A.Gould,00-0039816,IND,WR,Unknown,Unknown,Unknown,Unknown,20,Monitor,,manual injury gate required,2026-07-05T20:13:12+00:00,NEEDS DATA,Unknown injury status blocks or downgrades live use.
X.Smith,00-0038359,LA,WR,Unknown,Unknown,Unknown,Unknown,20,Monitor,,manual injury gate required,2026-07-05T20:13:12+00:00,NEEDS DATA,Unknown injury status blocks or downgrades live use.
T.Hudson,00-0034613,CIN,TE,Unknown,Unknown,Unknown,Unknown,20,Monitor,,manual injury gate required,2026-07-05T20:13:12+00:00,NEEDS DATA,Unknown injury status blocks or downgrades live use.
D.Vele,00-0039424,DEN,WR,Unknown,Unknown,Unknown,Unknown,20,Monitor,,manual injury gate required,2026-07-05T20:13:12+00:00,NEEDS DATA,Unknown injury status blocks or downgrades live use.
M.Taylor,00-0035480,NYJ,WR,Unknown,Unknown,Unknown,Unknown,20,Monitor,,manual injury gate required,2026-07-05T20:13:12+00:00,NEEDS DATA,Unknown injury status blocks or downgrades live use.
M.Williams,00-0033536,PIT,WR,Unknown,Unknown,Unknown,Unknown,20,Monitor,,manual injury gate required,2026-07-05T20:13:12+00:00,NEEDS DATA,Unknown injury status blocks or downgrades live use.
R.Woods,00-0030431,HOU,WR,Unknown,Unknown,Unknown,Unknown,20,Monitor,,manual injury gate required,2026-07-05T20:13:12+00:00,NEEDS DATA,Unknown injury status blocks or downgrades live use.
M.Tipton,00-0039623,NO,WR,Unknown,Unknown,Unknown,Unknown,20,Monitor,,manual injury gate required,2026-07-05T20:13:12+00:00,NEEDS DATA,Unknown injury status blocks or downgrades live use.
T.Johnson,00-0039847,NYG,TE,Unknown,Unknown,Unknown,Unknown,20,Monitor,,manual injury gate required,2026-07-05T20:13:12+00:00,NEEDS DATA,Unknown injury status blocks or downgrades live use.
D.Goedert,00-0034351,PHI,TE,Unknown,Unknown,Unknown,Unknown,20,Monitor,,manual injury gate required,2026-07-05T20:13:12+00:00,NEEDS DATA,Unknown injury status blocks or downgrades live use.
B.Strange,00-0038935,JAX,TE,Unknown,Unknown,Unknown,Unknown,20,Monitor,,manual injury gate required,2026-07-05T20:13:12+00:00,NEEDS DATA,Unknown injury status blocks or downgrades live use.
C.Claypool,00-0036326,MIA,WR,Unknown,Unknown,Unknown,Unknown,20,Monitor,,manual injury gate required,2026-07-05T20:13:12+00:00,NEEDS DATA,Unknown injury status blocks or downgrades live use.
I.McKenzie,00-0033466,IND,WR,Unknown,Unknown,Unknown,Unknown,20,Monitor,,manual injury gate required,2026-07-05T20:13:12+00:00,NEEDS DATA,Unknown injury status blocks or downgrades live use.
M.Boykin,00-0035703,PIT,WR,Unknown,Unknown,Unknown,Unknown,20,Monitor,,manual injury gate required,2026-07-05T20:13:12+00:00,NEEDS DATA,Unknown injury status blocks or downgrades live use.
T.Shavers,00-0038679,BUF,WR,Unknown,Unknown,Unknown,Unknown,20,Monitor,,manual injury gate required,2026-07-05T20:13:12+00:00,NEEDS DATA,Unknown injury status blocks or downgrades live use.
C.Grandy,00-0039631,CIN,TE,Unknown,Unknown,Unknown,Unknown,20,Monitor,,manual injury gate required,2026-07-05T20:13:12+00:00,NEEDS DATA,Unknown injury status blocks or downgrades live use.
D.Mooney,00-0036309,ATL,WR,Unknown,Unknown,Unknown,Unknown,20,Monitor,,manual injury gate required,2026-07-05T20:13:12+00:00,NEEDS DATA,Unknown injury status blocks or downgrades live use.
T.Patrick,00-0033375,DET,WR,Unknown,Unknown,Unknown,Unknown,20,Monitor,,manual injury gate required,2026-07-05T20:13:12+00:00,NEEDS DATA,Unknown injury status blocks or downgrades live use.
L.Thomas,00-0031260,WAS,TE,Unknown,Unknown,Unknown,Unknown,20,Monitor,,manual injury gate required,2026-07-05T20:13:12+00:00,NEEDS DATA,Unknown injury status blocks or downgrades live use.
S.Shepard,00-0032385,TB,WR,Unknown,Unknown,Unknown,Unknown,20,Monitor,,manual injury gate required,2026-07-05T20:13:12+00:00,NEEDS DATA,Unknown injury status blocks or downgrades live use.
X.Hutchinson,00-0038618,HOU,WR,Unknown,Unknown,Unknown,Unknown,20,Monitor,,manual injury gate required,2026-07-05T20:13:12+00:00,NEEDS DATA,Unknown injury status blocks or downgrades live use.
R.Jarrett,00-0038821,TB,WR,Unknown,Unknown,Unknown,Unknown,20,Monitor,,manual injury gate required,2026-07-05T20:13:12+00:00,NEEDS DATA,Unknown injury status blocks or downgrades live use.
D.Waller,00-0031610,NYG,TE,Unknown,Unknown,Unknown,Unknown,20,Monitor,,manual injury gate required,2026-07-05T20:13:12+00:00,NEEDS DATA,Unknown injury status blocks or downgrades live use.
C.Conley,00-0032128,SF,WR,Unknown,Unknown,Unknown,Unknown,20,Monitor,,manual injury gate required,2026-07-05T20:13:12+00:00,NEEDS DATA,Unknown injury status blocks or downgrades live use.
M.Gallup,00-0034764,DAL,WR,Unknown,Unknown,Unknown,Unknown,20,Monitor,,manual injury gate required,2026-07-05T20:13:12+00:00,NEEDS DATA,Unknown injury status blocks or downgrades live use.
W.Dissly,00-0034159,LAC,TE,Unknown,Unknown,Unknown,Unknown,20,Monitor,,manual injury gate required,2026-07-05T20:13:12+00:00,NEEDS DATA,Unknown injury status blocks or downgrades live use.
B.Pringle,00-0034297,WAS,WR,Unknown,Unknown,Unknown,Unknown,20,Monitor,,manual injury gate required,2026-07-05T20:13:12+00:00,NEEDS DATA,Unknown injury status blocks or downgrades live use.
D.Robinson,00-0032775,LA,WR,Unknown,Unknown,Unknown,Unknown,20,Monitor,,manual injury gate required,2026-07-05T20:13:12+00:00,NEEDS DATA,Unknown injury status blocks or downgrades live use.
M.Heath,00-0038465,GB,WR,Unknown,Unknown,Unknown,Unknown,20,Monitor,,manual injury gate required,2026-07-05T20:13:12+00:00,NEEDS DATA,Unknown injury status blocks or downgrades live use.
M.Goodwin,00-0030068,CLE,WR,Unknown,Unknown,Unknown,Unknown,20,Monitor,,manual injury gate required,2026-07-05T20:13:12+00:00,NEEDS DATA,Unknown injury status blocks or downgrades live use.
T.Kraft,00-0038996,GB,TE,Unknown,Unknown,Unknown,Unknown,20,Monitor,,manual injury gate required,2026-07-05T20:13:12+00:00,NEEDS DATA,Unknown injury status blocks or downgrades live use.
L.Humphrey,00-0035406,DEN,WR,Unknown,Unknown,Unknown,Unknown,20,Monitor,,manual injury gate required,2026-07-05T20:13:12+00:00,NEEDS DATA,Unknown injury status blocks or downgrades live use.
A.Jones,00-0033293,MIN,RB,Unknown,Unknown,Unknown,Unknown,20,Monitor,,manual injury gate required,2026-07-05T20:13:12+00:00,NEEDS DATA,Unknown injury status blocks or downgrades live use.
D.Chisena,00-0035976,CAR,WR,Unknown,Unknown,Unknown,Unknown,20,Monitor,,manual injury gate required,2026-07-05T20:13:12+00:00,NEEDS DATA,Unknown injury status blocks or downgrades live use.
R.Flournoy,00-0039410,DAL,WR,Unknown,Unknown,Unknown,Unknown,20,Monitor,,manual injury gate required,2026-07-05T20:13:12+00:00,NEEDS DATA,Unknown injury status blocks or downgrades live use.
K.Austin,00-0037231,NO,WR,Unknown,Unknown,Unknown,Unknown,20,Monitor,,manual injury gate required,2026-07-05T20:13:12+00:00,NEEDS DATA,Unknown injury status blocks or downgrades live use.
J.Gibbs,00-0039139,DET,RB,Unknown,Unknown,Unknown,Unknown,20,Monitor,,manual injury gate required,2026-07-05T20:13:12+00:00,NEEDS DATA,Unknown injury status blocks or downgrades live use.
C.White,00-0035891,SEA,WR,Unknown,Unknown,Unknown,Unknown,20,Monitor,,manual injury gate required,2026-07-05T20:13:12+00:00,NEEDS DATA,Unknown injury status blocks or downgrades live use.
S.Morgan,00-0035399,CIN,WR,Unknown,Unknown,Unknown,Unknown,20,Monitor,,manual injury gate required,2026-07-05T20:13:12+00:00,NEEDS DATA,Unknown injury status blocks or downgrades live use.
C.Brown,00-0038597,CIN,RB,Unknown,Unknown,Unknown,Unknown,20,Monitor,,manual injury gate required,2026-07-05T20:13:12+00:00,NEEDS DATA,Unknown injury status blocks or downgrades live use.
T.Jones,00-0036497,JAX,WR,Unknown,Unknown,Unknown,Unknown,20,Monitor,,manual injury gate required,2026-07-05T20:13:12+00:00,NEEDS DATA,Unknown injury status blocks or downgrades live use.
A.Trammell,00-0036841,JAX,WR,Unknown,Unknown,Unknown,Unknown,20,Monitor,,manual injury gate required,2026-07-05T20:13:12+00:00,NEEDS DATA,Unknown injury status blocks or downgrades live use.
A.Miller,00-0034353,BAL,WR,Unknown,Unknown,Unknown,Unknown,20,Monitor,,manual injury gate required,2026-07-05T20:13:12+00:00,NEEDS DATA,Unknown injury status blocks or downgrades live use.
A.Green,00-0038627,DET,WR,Unknown,Unknown,Unknown,Unknown,20,Monitor,,manual injury gate required,2026-07-05T20:13:12+00:00,NEEDS DATA,Unknown injury status blocks or downgrades live use.
B.Oliver,00-0039650,TEN,WR,Unknown,Unknown,Unknown,Unknown,20,Monitor,,manual injury gate required,2026-07-05T20:13:12+00:00,NEEDS DATA,Unknown injury status blocks or downgrades live use.
D.Moore,00-0033589,CAR,WR,Unknown,Unknown,Unknown,Unknown,20,Monitor,,manual injury gate required,2026-07-05T20:13:12+00:00,NEEDS DATA,Unknown injury status blocks or downgrades live use.
J.Ferguson,00-0038041,DAL,TE,Unknown,Unknown,Unknown,Unknown,20,Monitor,,manual injury gate required,2026-07-05T20:13:12+00:00,NEEDS DATA,Unknown injury status blocks or downgrades live use.
A.Hooper,00-0032392,NE,TE,Unknown,Unknown,Unknown,Unknown,20,Monitor,,manual injury gate required,2026-07-05T20:13:12+00:00,NEEDS DATA,Unknown injury status blocks or downgrades live use.
G.DuBose,00-0038507,MIA,WR,Unknown,Unknown,Unknown,Unknown,20,Monitor,,manual injury gate required,2026-07-05T20:13:12+00:00,NEEDS DATA,Unknown injury status blocks or downgrades live use.
J.Darden,00-0036877,SEA,WR,Unknown,Unknown,Unknown,Unknown,20,Monitor,,manual injury gate required,2026-07-05T20:13:12+00:00,NEEDS DATA,Unknown injury status blocks or downgrades live use.
R.Bateman,00-0036550,BAL,WR,Unknown,Unknown,Unknown,Unknown,20,Monitor,,manual injury gate required,2026-07-05T20:13:12+00:00,NEEDS DATA,Unknown injury status blocks or downgrades live use.
A.Kamara,00-0033906,NO,RB,Unknown,Unknown,Unknown,Unknown,20,Monitor,,manual injury gate required,2026-07-05T20:13:12+00:00,NEEDS DATA,Unknown injury status blocks or downgrades live use.
R.Miller,00-0038824,TB,WR,Unknown,Unknown,Unknown,Unknown,20,Monitor,,manual injury gate required,2026-07-05T20:13:12+00:00,NEEDS DATA,Unknown injury status blocks or downgrades live use.
C.Watson,00-0038124,GB,WR,Unknown,Unknown,Unknown,Unknown,20,Monitor,,manual injury gate required,2026-07-05T20:13:12+00:00,NEEDS DATA,Unknown injury status blocks or downgrades live use.
M.Hollins,00-0033555,BUF,WR,Unknown,Unknown,Unknown,Unknown,20,Monitor,,manual injury gate required,2026-07-05T20:13:12+00:00,NEEDS DATA,Unknown injury status blocks or downgrades live use.
L.McCaffrey,00-0039355,WAS,WR,Unknown,Unknown,Unknown,Unknown,20,Monitor,,manual injury gate required,2026-07-05T20:13:12+00:00,NEEDS DATA,Unknown injury status blocks or downgrades live use.
S.Jackson,00-0038891,CIN,WR,Unknown,Unknown,Unknown,Unknown,20,Monitor,,manual injury gate required,2026-07-05T20:13:12+00:00,NEEDS DATA,Unknown injury status blocks or downgrades live use.
H.Henry,00-0033090,NE,TE,Unknown,Unknown,Unknown,Unknown,20,Monitor,,manual injury gate required,2026-07-05T20:13:12+00:00,NEEDS DATA,Unknown injury status blocks or downgrades live use.
A.Smith,00-0039747,PHI,WR,Unknown,Unknown,Unknown,Unknown,20,Monitor,,manual injury gate required,2026-07-05T20:13:12+00:00,NEEDS DATA,Unknown injury status blocks or downgrades live use.
M.Hardman,00-0035140,KC,WR,Unknown,Unknown,Unknown,Unknown,20,Monitor,,manual injury gate required,2026-07-05T20:13:12+00:00,NEEDS DATA,Unknown injury status blocks or downgrades live use.
J.Whyle,00-0038589,TEN,TE,Unknown,Unknown,Unknown,Unknown,20,Monitor,,manual injury gate required,2026-07-05T20:13:12+00:00,NEEDS DATA,Unknown injury status blocks or downgrades live use.
E.Cooks,00-0038667,JAX,WR,Unknown,Unknown,Unknown,Unknown,20,Monitor,,manual injury gate required,2026-07-05T20:13:12+00:00,NEEDS DATA,Unknown injury status blocks or downgrades live use.
C.Thompson,00-0035164,TB,WR,Unknown,Unknown,Unknown,Unknown,20,Monitor,,manual injury gate required,2026-07-05T20:13:12+00:00,NEEDS DATA,Unknown injury status blocks or downgrades live use.
C.Otton,00-0038129,TB,TE,Unknown,Unknown,Unknown,Unknown,20,Monitor,,manual injury gate required,2026-07-05T20:13:12+00:00,NEEDS DATA,Unknown injury status blocks or downgrades live use.
T.Marshall,00-0036955,LV,WR,Unknown,Unknown,Unknown,Unknown,20,Monitor,,manual injury gate required,2026-07-05T20:13:12+00:00,NEEDS DATA,Unknown injury status blocks or downgrades live use.
S.Toure,00-0037098,GB,WR,Unknown,Unknown,Unknown,Unknown,20,Monitor,,manual injury gate required,2026-07-05T20:13:12+00:00,NEEDS DATA,Unknown injury status blocks or downgrades live use.
D.Schultz,00-0034383,HOU,TE,Unknown,Unknown,Unknown,Unknown,20,Monitor,,manual injury gate required,2026-07-05T20:13:12+00:00,NEEDS DATA,Unknown injury status blocks or downgrades live use.
K.Turpin,00-0037801,DAL,WR,Unknown,Unknown,Unknown,Unknown,20,Monitor,,manual injury gate required,2026-07-05T20:13:12+00:00,NEEDS DATA,Unknown injury status blocks or downgrades live use.
T.Franklin,00-0039868,DEN,WR,Unknown,Unknown,Unknown,Unknown,20,Monitor,,manual injury gate required,2026-07-05T20:13:12+00:00,NEEDS DATA,Unknown injury status blocks or downgrades live use.
Q.Watkins,00-0036271,PHI,WR,Unknown,Unknown,Unknown,Unknown,20,Monitor,,manual injury gate required,2026-07-05T20:13:12+00:00,NEEDS DATA,Unknown injury status blocks or downgrades live use.
J.Reagor,00-0036387,LAC,WR,Unknown,Unknown,Unknown,Unknown,20,Monitor,,manual injury gate required,2026-07-05T20:13:12+00:00,NEEDS DATA,Unknown injury status blocks or downgrades live use.
A.Barner,00-0039793,SEA,TE,Unknown,Unknown,Unknown,Unknown,20,Monitor,,manual injury gate required,2026-07-05T20:13:12+00:00,NEEDS DATA,Unknown injury status blocks or downgrades live use.
Z.Moss,00-0036251,CIN,RB,Unknown,Unknown,Unknown,Unknown,20,Monitor,,manual injury gate required,2026-07-05T20:13:12+00:00,NEEDS DATA,Unknown injury status blocks or downgrades live use.
H.Bryant,00-0036232,LV,TE,Unknown,Unknown,Unknown,Unknown,20,Monitor,,manual injury gate required,2026-07-05T20:13:12+00:00,NEEDS DATA,Unknown injury status blocks or downgrades live use.
J.Smith-Schuster,00-0033857,KC,WR,Unknown,Unknown,Unknown,Unknown,20,Monitor,,manual injury gate required,2026-07-05T20:13:12+00:00,NEEDS DATA,Unknown injury status blocks or downgrades live use.
G.Davis,00-0036196,JAX,WR,Unknown,Unknown,Unknown,Unknown,20,Monitor,,manual injury gate required,2026-07-05T20:13:12+00:00,NEEDS DATA,Unknown injury status blocks or downgrades live use.
X.Gipson,00-0038496,NYJ,WR,Unknown,Unknown,Unknown,Unknown,20,Monitor,,manual injury gate required,2026-07-05T20:13:12+00:00,NEEDS DATA,Unknown injury status blocks or downgrades live use.
O.Beckham,00-0031235,MIA,WR,Unknown,Unknown,Unknown,Unknown,20,Monitor,,manual injury gate required,2026-07-05T20:13:12+00:00,NEEDS DATA,Unknown injury status blocks or downgrades live use.
D.Culp,00-0039754,TB,TE,Unknown,Unknown,Unknown,Unknown,20,Monitor,,manual injury gate required,2026-07-05T20:13:12+00:00,NEEDS DATA,Unknown injury status blocks or downgrades live use.
A.Abdullah,00-0032104,LV,RB,Unknown,Unknown,Unknown,Unknown,20,Monitor,,manual injury gate required,2026-07-05T20:13:12+00:00,NEEDS DATA,Unknown injury status blocks or downgrades live use.
M.Woods,00-0037300,CLE,WR,Unknown,Unknown,Unknown,Unknown,20,Monitor,,manual injury gate required,2026-07-05T20:13:12+00:00,NEEDS DATA,Unknown injury status blocks or downgrades live use.
B.Covey,00-0037132,PHI,WR,Unknown,Unknown,Unknown,Unknown,20,Monitor,,manual injury gate required,2026-07-05T20:13:12+00:00,NEEDS DATA,Unknown injury status blocks or downgrades live use.
D.Achane,00-0039040,MIA,RB,Unknown,Unknown,Unknown,Unknown,20,Monitor,,manual injury gate required,2026-07-05T20:13:12+00:00,NEEDS DATA,Unknown injury status blocks or downgrades live use.
K.Davis,00-0037380,CLE,WR,Unknown,Unknown,Unknown,Unknown,20,Monitor,,manual injury gate required,2026-07-05T20:13:12+00:00,NEEDS DATA,Unknown injury status blocks or downgrades live use.
E.Saubert,00-0033576,SF,TE,Unknown,Unknown,Unknown,Unknown,20,Monitor,,manual injury gate required,2026-07-05T20:13:12+00:00,NEEDS DATA,Unknown injury status blocks or downgrades live use.
A.Cooper,00-0031544,BUF,WR,Unknown,Unknown,Unknown,Unknown,20,Monitor,,manual injury gate required,2026-07-05T20:13:12+00:00,NEEDS DATA,Unknown injury status blocks or downgrades live use.
B.Sinnott,00-0039912,WAS,TE,Unknown,Unknown,Unknown,Unknown,20,Monitor,,manual injury gate required,2026-07-05T20:13:12+00:00,NEEDS DATA,Unknown injury status blocks or downgrades live use.
K.Coleman,00-0039901,BUF,WR,Unknown,Unknown,Unknown,Unknown,20,Monitor,,manual injury gate required,2026-07-05T20:13:12+00:00,NEEDS DATA,Unknown injury status blocks or downgrades live use.
A.Ekeler,00-0033699,WAS,RB,Unknown,Unknown,Unknown,Unknown,20,Monitor,,manual injury gate required,2026-07-05T20:13:12+00:00,NEEDS DATA,Unknown injury status blocks or downgrades live use.
S.Miller,00-0035298,PIT,WR,Unknown,Unknown,Unknown,Unknown,20,Monitor,,manual injury gate required,2026-07-05T20:13:12+00:00,NEEDS DATA,Unknown injury status blocks or downgrades live use.
Ju.Watson,00-0034386,KC,WR,Unknown,Unknown,Unknown,Unknown,20,Monitor,,manual injury gate required,2026-07-05T20:13:12+00:00,NEEDS DATA,Unknown injury status blocks or downgrades live use.
M.Brown,00-0035662,KC,WR,Unknown,Unknown,Unknown,Unknown,20,Monitor,,manual injury gate required,2026-07-05T20:13:12+00:00,NEEDS DATA,Unknown injury status blocks or downgrades live use.
M.Andrews,00-0034753,BAL,TE,Unknown,Unknown,Unknown,Unknown,20,Monitor,,manual injury gate required,2026-07-05T20:13:12+00:00,NEEDS DATA,Unknown injury status blocks or downgrades live use.
N.Muse,00-0037317,MIN,TE,Unknown,Unknown,Unknown,Unknown,20,Monitor,,manual injury gate required,2026-07-05T20:13:12+00:00,NEEDS DATA,Unknown injury status blocks or downgrades live use.
C.Dowell,00-0038632,TEN,WR,Unknown,Unknown,Unknown,Unknown,20,Monitor,,manual injury gate required,2026-07-05T20:13:12+00:00,NEEDS DATA,Unknown injury status blocks or downgrades live use.
C.Fotheringham,00-0037506,LV,TE,Unknown,Unknown,Unknown,Unknown,20,Monitor,,manual injury gate required,2026-07-05T20:13:12+00:00,NEEDS DATA,Unknown injury status blocks or downgrades live use.
D.Carter,00-0031763,CHI,WR,Unknown,Unknown,Unknown,Unknown,20,Monitor,,manual injury gate required,2026-07-05T20:13:12+00:00,NEEDS DATA,Unknown injury status blocks or downgrades live use.
M.Corley,00-0039920,NYJ,WR,Unknown,Unknown,Unknown,Unknown,20,Monitor,,manual injury gate required,2026-07-05T20:13:12+00:00,NEEDS DATA,Unknown injury status blocks or downgrades live use.
T.Martin,00-0037524,TEN,WR,Unknown,Unknown,Unknown,Unknown,20,Monitor,,manual injury gate required,2026-07-05T20:13:12+00:00,NEEDS DATA,Unknown injury status blocks or downgrades live use.
D.Hopkins,00-0030564,KC,WR,Unknown,Unknown,Unknown,Unknown,20,Monitor,,manual injury gate required,2026-07-05T20:13:12+00:00,NEEDS DATA,Unknown injury status blocks or downgrades live use.
T.Reiman,00-0039737,ARI,TE,Unknown,Unknown,Unknown,Unknown,20,Monitor,,manual injury gate required,2026-07-05T20:13:12+00:00,NEEDS DATA,Unknown injury status blocks or downgrades live use.
J.Oliver,00-0035249,MIN,TE,Unknown,Unknown,Unknown,Unknown,20,Monitor,,manual injury gate required,2026-07-05T20:13:12+00:00,NEEDS DATA,Unknown injury status blocks or downgrades live use.
G.Swaim,00-0032141,CLE,TE,Unknown,Unknown,Unknown,Unknown,20,Monitor,,manual injury gate required,2026-07-05T20:13:12+00:00,NEEDS DATA,Unknown injury status blocks or downgrades live use.
J.Conner,00-0033553,ARI,RB,Unknown,Unknown,Unknown,Unknown,20,Monitor,,manual injury gate required,2026-07-05T20:13:12+00:00,NEEDS DATA,Unknown injury status blocks or downgrades live use.
J.Jones,00-0027944,PHI,WR,Unknown,Unknown,Unknown,Unknown,20,Monitor,,manual injury gate required,2026-07-05T20:13:12+00:00,NEEDS DATA,Unknown injury status blocks or downgrades live use.
T.McAllister,00-0037450,LV,WR,Unknown,Unknown,Unknown,Unknown,20,Monitor,,manual injury gate required,2026-07-05T20:13:12+00:00,NEEDS DATA,Unknown injury status blocks or downgrades live use.
K.Walker,00-0038134,SEA,RB,Unknown,Unknown,Unknown,Unknown,20,Monitor,,manual injury gate required,2026-07-05T20:13:12+00:00,NEEDS DATA,Unknown injury status blocks or downgrades live use.
I.Smith,00-0034970,HOU,TE,Unknown,Unknown,Unknown,Unknown,20,Monitor,,manual injury gate required,2026-07-05T20:13:12+00:00,NEEDS DATA,Unknown injury status blocks or downgrades live use.
T.Fisk,00-0037654,LAC,TE,Unknown,Unknown,Unknown,Unknown,20,Monitor,,manual injury gate required,2026-07-05T20:13:12+00:00,NEEDS DATA,Unknown injury status blocks or downgrades live use.
A.Baccellia,00-0035876,ARI,WR,Unknown,Unknown,Unknown,Unknown,20,Monitor,,manual injury gate required,2026-07-05T20:13:12+00:00,NEEDS DATA,Unknown injury status blocks or downgrades live use.
T.Burks,00-0037742,TEN,WR,Unknown,Unknown,Unknown,Unknown,20,Monitor,,manual injury gate required,2026-07-05T20:13:12+00:00,NEEDS DATA,Unknown injury status blocks or downgrades live use.
A.Robinson,00-0031428,DET,WR,Unknown,Unknown,Unknown,Unknown,20,Monitor,,manual injury gate required,2026-07-05T20:13:12+00:00,NEEDS DATA,Unknown injury status blocks or downgrades live use.
M.Carter,00-0036924,ARI,RB,Unknown,Unknown,Unknown,Unknown,20,Monitor,,manual injury gate required,2026-07-05T20:13:12+00:00,NEEDS DATA,Unknown injury status blocks or downgrades live use.
C.Kmet,00-0036290,CHI,TE,Unknown,Unknown,Unknown,Unknown,20,Monitor,,manual injury gate required,2026-07-05T20:13:12+00:00,NEEDS DATA,Unknown injury status blocks or downgrades live use.
J.Warren,00-0037228,PIT,RB,Unknown,Unknown,Unknown,Unknown,20,Monitor,,manual injury gate required,2026-07-05T20:13:12+00:00,NEEDS DATA,Unknown injury status blocks or downgrades live use.
J.Jackson,00-0039614,NO,WR,Unknown,Unknown,Unknown,Unknown,20,Monitor,,manual injury gate required,2026-07-05T20:13:12+00:00,NEEDS DATA,Unknown injury status blocks or downgrades live use.
Z.Pascal,00-0033251,ARI,WR,Unknown,Unknown,Unknown,Unknown,20,Monitor,,manual injury gate required,2026-07-05T20:13:12+00:00,NEEDS DATA,Unknown injury status blocks or downgrades live use.
E.Higgins,00-0039041,ARI,TE,Unknown,Unknown,Unknown,Unknown,20,Monitor,,manual injury gate required,2026-07-05T20:13:12+00:00,NEEDS DATA,Unknown injury status blocks or downgrades live use.
D.Slayton,00-0035535,NYG,WR,Unknown,Unknown,Unknown,Unknown,20,Monitor,,manual injury gate required,2026-07-05T20:13:12+00:00,NEEDS DATA,Unknown injury status blocks or downgrades live use.
J.Shenker,00-0038920,LV,TE,Unknown,Unknown,Unknown,Unknown,20,Monitor,,manual injury gate required,2026-07-05T20:13:12+00:00,NEEDS DATA,Unknown injury status blocks or downgrades live use.
M.Wilcox,00-0035771,CIN,TE,Unknown,Unknown,Unknown,Unknown,20,Monitor,,manual injury gate required,2026-07-05T20:13:12+00:00,NEEDS DATA,Unknown injury status blocks or downgrades live use.
M.Strachan,00-0036482,CAR,WR,Unknown,Unknown,Unknown,Unknown,20,Monitor,,manual injury gate required,2026-07-05T20:13:12+00:00,NEEDS DATA,Unknown injury status blocks or downgrades live use.
B.Hopkins,00-0036424,LA,TE,Unknown,Unknown,Unknown,Unknown,20,Monitor,,manual injury gate required,2026-07-05T20:13:12+00:00,NEEDS DATA,Unknown injury status blocks or downgrades live use.
M.Alexander,00-0037708,DET,WR,Unknown,Unknown,Unknown,Unknown,20,Monitor,,manual injury gate required,2026-07-05T20:13:12+00:00,NEEDS DATA,Unknown injury status blocks or downgrades live use.
P.Durham,00-0039050,TB,TE,Unknown,Unknown,Unknown,Unknown,20,Monitor,,manual injury gate required,2026-07-05T20:13:12+00:00,NEEDS DATA,Unknown injury status blocks or downgrades live use.
J.Graham,00-0027696,NO,TE,Unknown,Unknown,Unknown,Unknown,20,Monitor,,manual injury gate required,2026-07-05T20:13:12+00:00,NEEDS DATA,Unknown injury status blocks or downgrades live use.
T.Wallace,00-0036630,BAL,WR,Unknown,Unknown,Unknown,Unknown,20,Monitor,,manual injury gate required,2026-07-05T20:13:12+00:00,NEEDS DATA,Unknown injury status blocks or downgrades live use.
J.Reynolds,00-0033943,JAX,WR,Unknown,Unknown,Unknown,Unknown,20,Monitor,,manual injury gate required,2026-07-05T20:13:12+00:00,NEEDS DATA,Unknown injury status blocks or downgrades live use.
D.Johnson,00-0035216,HOU,WR,Unknown,Unknown,Unknown,Unknown,20,Monitor,,manual injury gate required,2026-07-05T20:13:12+00:00,NEEDS DATA,Unknown injury status blocks or downgrades live use.
K.Hodge,00-0034854,ATL,WR,Unknown,Unknown,Unknown,Unknown,20,Monitor,,manual injury gate required,2026-07-05T20:13:12+00:00,NEEDS DATA,Unknown injury status blocks or downgrades live use.
K.Pitts,00-0036970,ATL,TE,Unknown,Unknown,Unknown,Unknown,20,Monitor,,manual injury gate required,2026-07-05T20:13:12+00:00,NEEDS DATA,Unknown injury status blocks or downgrades live use.
S.Zylstra,00-0036534,DET,TE,Unknown,Unknown,Unknown,Unknown,20,Monitor,,manual injury gate required,2026-07-05T20:13:12+00:00,NEEDS DATA,Unknown injury status blocks or downgrades live use.
J.Mundt,00-0033246,MIN,TE,Unknown,Unknown,Unknown,Unknown,20,Monitor,,manual injury gate required,2026-07-05T20:13:12+00:00,NEEDS DATA,Unknown injury status blocks or downgrades live use.
N.Adkins,00-0038783,DEN,TE,Unknown,Unknown,Unknown,Unknown,20,Monitor,,manual injury gate required,2026-07-05T20:13:12+00:00,NEEDS DATA,Unknown injury status blocks or downgrades live use.
N.Vannett,00-0032394,TEN,TE,Unknown,Unknown,Unknown,Unknown,20,Monitor,,manual injury gate required,2026-07-05T20:13:12+00:00,NEEDS DATA,Unknown injury status blocks or downgrades live use.
I.Guerendo,00-0039363,SF,RB,Unknown,Unknown,Unknown,Unknown,20,Monitor,,manual injury gate required,2026-07-05T20:13:12+00:00,NEEDS DATA,Unknown injury status blocks or downgrades live use.
P.Campbell,00-0035639,PHI,WR,Unknown,Unknown,Unknown,Unknown,20,Monitor,,manual injury gate required,2026-07-05T20:13:12+00:00,NEEDS DATA,Unknown injury status blocks or downgrades live use.
C.Turner,00-0037078,WAS,TE,Unknown,Unknown,Unknown,Unknown,20,Monitor,,manual injury gate required,2026-07-05T20:13:12+00:00,NEEDS DATA,Unknown injury status blocks or downgrades live use.
D.Chark,00-0034777,LAC,WR,Unknown,Unknown,Unknown,Unknown,20,Monitor,,manual injury gate required,2026-07-05T20:13:12+00:00,NEEDS DATA,Unknown injury status blocks or downgrades live use.
D.Parham,00-0035329,LAC,TE,Unknown,Unknown,Unknown,Unknown,20,Monitor,,manual injury gate required,2026-07-05T20:13:12+00:00,NEEDS DATA,Unknown injury status blocks or downgrades live use.
A.Mattison,00-0034972,LV,RB,Unknown,Unknown,Unknown,Unknown,20,Monitor,,manual injury gate required,2026-07-05T20:13:12+00:00,NEEDS DATA,Unknown injury status blocks or downgrades live use.
D.Holker,00-0039613,NO,TE,Unknown,Unknown,Unknown,Unknown,20,Monitor,,manual injury gate required,2026-07-05T20:13:12+00:00,NEEDS DATA,Unknown injury status blocks or downgrades live use.
J.Burton,00-0039810,CIN,WR,Unknown,Unknown,Unknown,Unknown,20,Monitor,,manual injury gate required,2026-07-05T20:13:12+00:00,NEEDS DATA,Unknown injury status blocks or downgrades live use.
J.Dotson,00-0037741,PHI,WR,Unknown,Unknown,Unknown,Unknown,20,Monitor,,manual injury gate required,2026-07-05T20:13:12+00:00,NEEDS DATA,Unknown injury status blocks or downgrades live use.
J.Brooks,00-0038640,DAL,WR,Unknown,Unknown,Unknown,Unknown,20,Monitor,,manual injury gate required,2026-07-05T20:13:12+00:00,NEEDS DATA,Unknown injury status blocks or downgrades live use.
T.Tremble,00-0037005,CAR,TE,Unknown,Unknown,Unknown,Unknown,20,Monitor,,manual injury gate required,2026-07-05T20:13:12+00:00,NEEDS DATA,Unknown injury status blocks or downgrades live use.
H.Long,00-0037004,LA,TE,Unknown,Unknown,Unknown,Unknown,20,Monitor,,manual injury gate required,2026-07-05T20:13:12+00:00,NEEDS DATA,Unknown injury status blocks or downgrades live use.
T.Conner,00-0037348,MIA,TE,Unknown,Unknown,Unknown,Unknown,20,Monitor,,manual injury gate required,2026-07-05T20:13:12+00:00,NEEDS DATA,Unknown injury status blocks or downgrades live use.
S.Sims,00-0034928,BAL,WR,Unknown,Unknown,Unknown,Unknown,20,Monitor,,manual injury gate required,2026-07-05T20:13:12+00:00,NEEDS DATA,Unknown injury status blocks or downgrades live use.
J.Ford,00-0037267,CLE,RB,Unknown,Unknown,Unknown,Unknown,20,Monitor,,manual injury gate required,2026-07-05T20:13:12+00:00,NEEDS DATA,Unknown injury status blocks or downgrades live use.
L.Krull,00-0037539,DEN,TE,Unknown,Unknown,Unknown,Unknown,20,Monitor,,manual injury gate required,2026-07-05T20:13:12+00:00,NEEDS DATA,Unknown injury status blocks or downgrades live use.
M.Mayer,00-0039066,LV,TE,Unknown,Unknown,Unknown,Unknown,20,Monitor,,manual injury gate required,2026-07-05T20:13:12+00:00,NEEDS DATA,Unknown injury status blocks or downgrades live use.
S.Fehoko,00-0036646,LAC,WR,Unknown,Unknown,Unknown,Unknown,20,Monitor,,manual injury gate required,2026-07-05T20:13:12+00:00,NEEDS DATA,Unknown injury status blocks or downgrades live use.
D.Bellinger,00-0038115,NYG,TE,Unknown,Unknown,Unknown,Unknown,20,Monitor,,manual injury gate required,2026-07-05T20:13:12+00:00,NEEDS DATA,Unknown injury status blocks or downgrades live use.
T.Irwin,00-0035341,CIN,WR,Unknown,Unknown,Unknown,Unknown,20,Monitor,,manual injury gate required,2026-07-05T20:13:12+00:00,NEEDS DATA,Unknown injury status blocks or downgrades live use.
J.Mitchell,00-0037282,DET,TE,Unknown,Unknown,Unknown,Unknown,20,Monitor,,manual injury gate required,2026-07-05T20:13:12+00:00,NEEDS DATA,Unknown injury status blocks or downgrades live use.
C.Parkinson,00-0036244,LA,TE,Unknown,Unknown,Unknown,Unknown,20,Monitor,,manual injury gate required,2026-07-05T20:13:12+00:00,NEEDS DATA,Unknown injury status blocks or downgrades live use.
D.Henderson,00-0035664,LA,RB,Unknown,Unknown,Unknown,Unknown,20,Monitor,,manual injury gate required,2026-07-05T20:13:12+00:00,NEEDS DATA,Unknown injury status blocks or downgrades live use.
C.Johnson,00-0036254,CHI,WR,Unknown,Unknown,Unknown,Unknown,20,Monitor,,manual injury gate required,2026-07-05T20:13:12+00:00,NEEDS DATA,Unknown injury status blocks or downgrades live use.
D.Wells,00-0034575,TB,TE,Unknown,Unknown,Unknown,Unknown,20,Monitor,,manual injury gate required,2026-07-05T20:13:12+00:00,NEEDS DATA,Unknown injury status blocks or downgrades live use.
A.Rodgers,00-0036991,IND,WR,Unknown,Unknown,Unknown,Unknown,20,Monitor,,manual injury gate required,2026-07-05T20:13:12+00:00,NEEDS DATA,Unknown injury status blocks or downgrades live use.
J.Deguara,00-0036332,JAX,TE,Unknown,Unknown,Unknown,Unknown,20,Monitor,,manual injury gate required,2026-07-05T20:13:12+00:00,NEEDS DATA,Unknown injury status blocks or downgrades live use.
A.Mitchell,00-0039890,IND,WR,Unknown,Unknown,Unknown,Unknown,20,Monitor,,manual injury gate required,2026-07-05T20:13:12+00:00,NEEDS DATA,Unknown injury status blocks or downgrades live use.
A.Erickson,00-0032543,NE,WR,Unknown,Unknown,Unknown,Unknown,20,Monitor,,manual injury gate required,2026-07-05T20:13:12+00:00,NEEDS DATA,Unknown injury status blocks or downgrades live use.
T.Spears,00-0039032,TEN,RB,Unknown,Unknown,Unknown,Unknown,20,Monitor,,manual injury gate required,2026-07-05T20:13:12+00:00,NEEDS DATA,Unknown injury status blocks or downgrades live use.
I.Likely,00-0037838,BAL,TE,Unknown,Unknown,Unknown,Unknown,20,Monitor,,manual injury gate required,2026-07-05T20:13:12+00:00,NEEDS DATA,Unknown injury status blocks or downgrades live use.
B.Wright,00-0036754,DET,TE,Unknown,Unknown,Unknown,Unknown,20,Monitor,,manual injury gate required,2026-07-05T20:13:12+00:00,NEEDS DATA,Unknown injury status blocks or downgrades live use.
K.Jackson,00-0038969,TEN,WR,Unknown,Unknown,Unknown,Unknown,20,Monitor,,manual injury gate required,2026-07-05T20:13:12+00:00,NEEDS DATA,Unknown injury status blocks or downgrades live use.
T.Palmer,00-0039052,TB,WR,Unknown,Unknown,Unknown,Unknown,20,Monitor,,manual injury gate required,2026-07-05T20:13:12+00:00,NEEDS DATA,Unknown injury status blocks or downgrades live use.
B.Irving,00-0039361,TB,RB,Unknown,Unknown,Unknown,Unknown,20,Monitor,,manual injury gate required,2026-07-05T20:13:12+00:00,NEEDS DATA,Unknown injury status blocks or downgrades live use.
M.Lewis,00-0024243,CHI,TE,Unknown,Unknown,Unknown,Unknown,20,Monitor,,manual injury gate required,2026-07-05T20:13:12+00:00,NEEDS DATA,Unknown injury status blocks or downgrades live use.
K.Herbert,00-0036906,CIN,RB,Unknown,Unknown,Unknown,Unknown,20,Monitor,,manual injury gate required,2026-07-05T20:13:12+00:00,NEEDS DATA,Unknown injury status blocks or downgrades live use.
D.Washington,00-0038558,PIT,TE,Unknown,Unknown,Unknown,Unknown,20,Monitor,,manual injury gate required,2026-07-05T20:13:12+00:00,NEEDS DATA,Unknown injury status blocks or downgrades live use.
J.Ruckert,00-0037805,NYJ,TE,Unknown,Unknown,Unknown,Unknown,20,Monitor,,manual injury gate required,2026-07-05T20:13:12+00:00,NEEDS DATA,Unknown injury status blocks or downgrades live use.
C.Stover,00-0039359,HOU,TE,Unknown,Unknown,Unknown,Unknown,20,Monitor,,manual injury gate required,2026-07-05T20:13:12+00:00,NEEDS DATA,Unknown injury status blocks or downgrades live use.
P.Dorsett,00-0032208,DEN,WR,Unknown,Unknown,Unknown,Unknown,20,Monitor,,manual injury gate required,2026-07-05T20:13:12+00:00,NEEDS DATA,Unknown injury status blocks or downgrades live use.
N.Gray,00-0036637,KC,TE,Unknown,Unknown,Unknown,Unknown,20,Monitor,,manual injury gate required,2026-07-05T20:13:12+00:00,NEEDS DATA,Unknown injury status blocks or downgrades live use.
R.Bell,00-0038647,SF,WR,Unknown,Unknown,Unknown,Unknown,20,Monitor,,manual injury gate required,2026-07-05T20:13:12+00:00,NEEDS DATA,Unknown injury status blocks or downgrades live use.
J.Winfree,00-0035593,IND,WR,Unknown,Unknown,Unknown,Unknown,20,Monitor,,manual injury gate required,2026-07-05T20:13:12+00:00,NEEDS DATA,Unknown injury status blocks or downgrades live use.
P.Hendershot,00-0037569,KC,TE,Unknown,Unknown,Unknown,Unknown,20,Monitor,,manual injury gate required,2026-07-05T20:13:12+00:00,NEEDS DATA,Unknown injury status blocks or downgrades live use.
L.Farrell,00-0036887,JAX,TE,Unknown,Unknown,Unknown,Unknown,20,Monitor,,manual injury gate required,2026-07-05T20:13:12+00:00,NEEDS DATA,Unknown injury status blocks or downgrades live use.
Co.Heyward,00-0037304,PIT,TE,Unknown,Unknown,Unknown,Unknown,20,Monitor,,manual injury gate required,2026-07-05T20:13:12+00:00,NEEDS DATA,Unknown injury status blocks or downgrades live use.
I.Smith-Marsette,00-0036635,NYG,WR,Unknown,Unknown,Unknown,Unknown,20,Monitor,,manual injury gate required,2026-07-05T20:13:12+00:00,NEEDS DATA,Unknown injury status blocks or downgrades live use.
G.Olszewski,00-0035645,NYG,WR,Unknown,Unknown,Unknown,Unknown,20,Monitor,,manual injury gate required,2026-07-05T20:13:12+00:00,NEEDS DATA,Unknown injury status blocks or downgrades live use.
B.Ford-Wheaton,00-0038477,NYG,WR,Unknown,Unknown,Unknown,Unknown,20,Monitor,,manual injury gate required,2026-07-05T20:13:12+00:00,NEEDS DATA,Unknown injury status blocks or downgrades live use.
J.Williams,00-0036997,DEN,RB,Unknown,Unknown,Unknown,Unknown,20,Monitor,,manual injury gate required,2026-07-05T20:13:12+00:00,NEEDS DATA,Unknown injury status blocks or downgrades live use.
B.Hall,00-0038120,NYJ,RB,Unknown,Unknown,Unknown,Unknown,20,Monitor,,manual injury gate required,2026-07-05T20:13:12+00:00,NEEDS DATA,Unknown injury status blocks or downgrades live use.
D.Byrd,00-0031868,ATL,WR,Unknown,Unknown,Unknown,Unknown,20,Monitor,,manual injury gate required,2026-07-05T20:13:12+00:00,NEEDS DATA,Unknown injury status blocks or downgrades live use.
K.Osborn,00-0036345,WAS,WR,Unknown,Unknown,Unknown,Unknown,20,Monitor,,manual injury gate required,2026-07-05T20:13:12+00:00,NEEDS DATA,Unknown injury status blocks or downgrades live use.
K.Williams,00-0037840,LA,RB,Unknown,Unknown,Unknown,Unknown,20,Monitor,,manual injury gate required,2026-07-05T20:13:12+00:00,NEEDS DATA,Unknown injury status blocks or downgrades live use.
J.Mingo,00-0039062,DAL,WR,Unknown,Unknown,Unknown,Unknown,20,Monitor,,manual injury gate required,2026-07-05T20:13:12+00:00,NEEDS DATA,Unknown injury status blocks or downgrades live use.
R.Tonyan,00-0033757,CHI,TE,Unknown,Unknown,Unknown,Unknown,20,Monitor,,manual injury gate required,2026-07-05T20:13:12+00:00,NEEDS DATA,Unknown injury status blocks or downgrades live use.
C.Hubbard,00-0036555,CAR,RB,Unknown,Unknown,Unknown,Unknown,20,Monitor,,manual injury gate required,2026-07-05T20:13:12+00:00,NEEDS DATA,Unknown injury status blocks or downgrades live use.
T.Montgomery,00-0032200,NE,WR,Unknown,Unknown,Unknown,Unknown,20,Monitor,,manual injury gate required,2026-07-05T20:13:12+00:00,NEEDS DATA,Unknown injury status blocks or downgrades live use.
R.White,00-0037256,TB,RB,Unknown,Unknown,Unknown,Unknown,20,Monitor,,manual injury gate required,2026-07-05T20:13:12+00:00,NEEDS DATA,Unknown injury status blocks or downgrades live use.
J.Wiley,00-0039824,KC,TE,Unknown,Unknown,Unknown,Unknown,20,Monitor,,manual injury gate required,2026-07-05T20:13:12+00:00,NEEDS DATA,Unknown injury status blocks or downgrades live use.
H.Hurst,00-0034830,LAC,TE,Unknown,Unknown,Unknown,Unknown,20,Monitor,,manual injury gate required,2026-07-05T20:13:12+00:00,NEEDS DATA,Unknown injury status blocks or downgrades live use.
L.Schoonmaker,00-0038547,DAL,TE,Unknown,Unknown,Unknown,Unknown,20,Monitor,,manual injury gate required,2026-07-05T20:13:12+00:00,NEEDS DATA,Unknown injury status blocks or downgrades live use.
D.Montgomery,00-0035685,DET,RB,Unknown,Unknown,Unknown,Unknown,20,Monitor,,manual injury gate required,2026-07-05T20:13:12+00:00,NEEDS DATA,Unknown injury status blocks or downgrades live use.
T.Thornton,00-0038104,NE,WR,Unknown,Unknown,Unknown,Unknown,20,Monitor,,manual injury gate required,2026-07-05T20:13:12+00:00,NEEDS DATA,Unknown injury status blocks or downgrades live use.
J.Horsted,00-0035562,LV,TE,Unknown,Unknown,Unknown,Unknown,20,Monitor,,manual injury gate required,2026-07-05T20:13:12+00:00,NEEDS DATA,Unknown injury status blocks or downgrades live use.
J.Mims,00-0038678,NO,RB,Unknown,Unknown,Unknown,Unknown,20,Monitor,,manual injury gate required,2026-07-05T20:13:12+00:00,NEEDS DATA,Unknown injury status blocks or downgrades live use.
T.Etienne,00-0036973,JAX,RB,Unknown,Unknown,Unknown,Unknown,20,Monitor,,manual injury gate required,2026-07-05T20:13:12+00:00,NEEDS DATA,Unknown injury status blocks or downgrades live use.
B.Whiteheart,00-0038710,CLE,TE,Unknown,Unknown,Unknown,Unknown,20,Monitor,,manual injury gate required,2026-07-05T20:13:12+00:00,NEEDS DATA,Unknown injury status blocks or downgrades live use.
D.Kincaid,00-0038933,BUF,TE,Unknown,Unknown,Unknown,Unknown,20,Monitor,,manual injury gate required,2026-07-05T20:13:12+00:00,NEEDS DATA,Unknown injury status blocks or downgrades live use.
C.Manhertz,00-0031484,NYG,TE,Unknown,Unknown,Unknown,Unknown,20,Monitor,,manual injury gate required,2026-07-05T20:13:12+00:00,NEEDS DATA,Unknown injury status blocks or downgrades live use.
M.Bandy,00-0036959,DEN,WR,Unknown,Unknown,Unknown,Unknown,20,Monitor,,manual injury gate required,2026-07-05T20:13:12+00:00,NEEDS DATA,Unknown injury status blocks or downgrades live use.
M.Pruitt,00-0031585,PIT,TE,Unknown,Unknown,Unknown,Unknown,20,Monitor,,manual injury gate required,2026-07-05T20:13:12+00:00,NEEDS DATA,Unknown injury status blocks or downgrades live use.
J.FitzPatrick,00-0037306,GB,TE,Unknown,Unknown,Unknown,Unknown,20,Monitor,,manual injury gate required,2026-07-05T20:13:12+00:00,NEEDS DATA,Unknown injury status blocks or downgrades live use.
B.Sims,00-0038809,GB,TE,Unknown,Unknown,Unknown,Unknown,20,Monitor,,manual injury gate required,2026-07-05T20:13:12+00:00,NEEDS DATA,Unknown injury status blocks or downgrades live use.
N.Harris,00-0036893,PIT,RB,Unknown,Unknown,Unknown,Unknown,20,Monitor,,manual injury gate required,2026-07-05T20:13:12+00:00,NEEDS DATA,Unknown injury status blocks or downgrades live use.
R.James,00-0034286,KC,WR,Unknown,Unknown,Unknown,Unknown,20,Monitor,,manual injury gate required,2026-07-05T20:13:12+00:00,NEEDS DATA,Unknown injury status blocks or downgrades live use.
J.Hyatt,00-0038938,NYG,WR,Unknown,Unknown,Unknown,Unknown,20,Monitor,,manual injury gate required,2026-07-05T20:13:12+00:00,NEEDS DATA,Unknown injury status blocks or downgrades live use.
C.Blair,00-0036463,ATL,WR,Unknown,Unknown,Unknown,Unknown,20,Monitor,,manual injury gate required,2026-07-05T20:13:12+00:00,NEEDS DATA,Unknown injury status blocks or downgrades live use.
J.Sanders,00-0039356,CAR,TE,Unknown,Unknown,Unknown,Unknown,20,Monitor,,manual injury gate required,2026-07-05T20:13:12+00:00,NEEDS DATA,Unknown injury status blocks or downgrades live use.
D.Knox,00-0035689,BUF,TE,Unknown,Unknown,Unknown,Unknown,20,Monitor,,manual injury gate required,2026-07-05T20:13:12+00:00,NEEDS DATA,Unknown injury status blocks or downgrades live use.
Cas.Washington,00-0039394,ATL,WR,Unknown,Unknown,Unknown,Unknown,20,Monitor,,manual injury gate required,2026-07-05T20:13:12+00:00,NEEDS DATA,Unknown injury status blocks or downgrades live use.
J.Bates,00-0036628,WAS,TE,Unknown,Unknown,Unknown,Unknown,20,Monitor,,manual injury gate required,2026-07-05T20:13:12+00:00,NEEDS DATA,Unknown injury status blocks or downgrades live use.
P.Brown,00-0033439,SEA,TE,Unknown,Unknown,Unknown,Unknown,20,Monitor,,manual injury gate required,2026-07-05T20:13:12+00:00,NEEDS DATA,Unknown injury status blocks or downgrades live use.
D.Swift,00-0036275,CHI,RB,Unknown,Unknown,Unknown,Unknown,20,Monitor,,manual injury gate required,2026-07-05T20:13:12+00:00,NEEDS DATA,Unknown injury status blocks or downgrades live use.
S.Barkley,00-0034844,PHI,RB,Unknown,Unknown,Unknown,Unknown,20,Monitor,,manual injury gate required,2026-07-05T20:13:12+00:00,NEEDS DATA,Unknown injury status blocks or downgrades live use.
J.Thrash,00-0039379,CLE,WR,Unknown,Unknown,Unknown,Unknown,20,Monitor,,manual injury gate required,2026-07-05T20:13:12+00:00,NEEDS DATA,Unknown injury status blocks or downgrades live use.
M.Slater,00-0026293,NE,WR,Unknown,Unknown,Unknown,Unknown,20,Monitor,,manual injury gate required,2026-07-05T20:13:12+00:00,NEEDS DATA,Unknown injury status blocks or downgrades live use.
M.Cunningham,00-0038911,NE,WR,Unknown,Unknown,Unknown,Unknown,20,Monitor,,manual injury gate required,2026-07-05T20:13:12+00:00,NEEDS DATA,Unknown injury status blocks or downgrades live use.
A.Trautman,00-0036422,DEN,TE,Unknown,Unknown,Unknown,Unknown,20,Monitor,,manual injury gate required,2026-07-05T20:13:12+00:00,NEEDS DATA,Unknown injury status blocks or downgrades live use.
B.Jordan,00-0036556,HOU,TE,Unknown,Unknown,Unknown,Unknown,20,Monitor,,manual injury gate required,2026-07-05T20:13:12+00:00,NEEDS DATA,Unknown injury status blocks or downgrades live use.
J.Virgil,00-0037387,BUF,WR,Unknown,Unknown,Unknown,Unknown,20,Monitor,,manual injury gate required,2026-07-05T20:13:12+00:00,NEEDS DATA,Unknown injury status blocks or downgrades live use.
M.Washington,00-0037272,KC,WR,Unknown,Unknown,Unknown,Unknown,20,Monitor,,manual injury gate required,2026-07-05T20:13:12+00:00,NEEDS DATA,Unknown injury status blocks or downgrades live use.
M.Sanders,00-0035243,CAR,RB,Unknown,Unknown,Unknown,Unknown,20,Monitor,,manual injury gate required,2026-07-05T20:13:12+00:00,NEEDS DATA,Unknown injury status blocks or downgrades live use.
R.Keyton,00-0039543,LV,WR,Unknown,Unknown,Unknown,Unknown,20,Monitor,,manual injury gate required,2026-07-05T20:13:12+00:00,NEEDS DATA,Unknown injury status blocks or downgrades live use.
K.Granson,00-0036876,IND,TE,Unknown,Unknown,Unknown,Unknown,20,Monitor,,manual injury gate required,2026-07-05T20:13:12+00:00,NEEDS DATA,Unknown injury status blocks or downgrades live use.
R.Chosen,00-0032688,MIA,WR,Unknown,Unknown,Unknown,Unknown,20,Monitor,,manual injury gate required,2026-07-05T20:13:12+00:00,NEEDS DATA,Unknown injury status blocks or downgrades live use.
I.Thomas,00-0034365,CAR,TE,Unknown,Unknown,Unknown,Unknown,20,Monitor,,manual injury gate required,2026-07-05T20:13:12+00:00,NEEDS DATA,Unknown injury status blocks or downgrades live use.
T.Quitoriano,00-0037277,HOU,TE,Unknown,Unknown,Unknown,Unknown,20,Monitor,,manual injury gate required,2026-07-05T20:13:12+00:00,NEEDS DATA,Unknown injury status blocks or downgrades live use.
L.Musgrave,00-0039144,GB,TE,Unknown,Unknown,Unknown,Unknown,20,Monitor,,manual injury gate required,2026-07-05T20:13:12+00:00,NEEDS DATA,Unknown injury status blocks or downgrades live use.
J.Ross,00-0033460,PHI,WR,Unknown,Unknown,Unknown,Unknown,20,Monitor,,manual injury gate required,2026-07-05T20:13:12+00:00,NEEDS DATA,Unknown injury status blocks or downgrades live use.
J.Jackson,00-0039392,TEN,WR,Unknown,Unknown,Unknown,Unknown,20,Monitor,,manual injury gate required,2026-07-05T20:13:12+00:00,NEEDS DATA,Unknown injury status blocks or downgrades live use.
R.Mostert,00-0031687,MIA,RB,Unknown,Unknown,Unknown,Unknown,20,Monitor,,manual injury gate required,2026-07-05T20:13:12+00:00,NEEDS DATA,Unknown injury status blocks or downgrades live use.
B.Robinson,00-0038542,ATL,RB,Unknown,Unknown,Unknown,Unknown,20,Monitor,,manual injury gate required,2026-07-05T20:13:12+00:00,NEEDS DATA,Unknown injury status blocks or downgrades live use.
R.Dwelley,00-0034073,ATL,TE,Unknown,Unknown,Unknown,Unknown,20,Monitor,,manual injury gate required,2026-07-05T20:13:12+00:00,NEEDS DATA,Unknown injury status blocks or downgrades live use.
S.Ahmed,00-0036020,MIA,RB,Unknown,Unknown,Unknown,Unknown,20,Monitor,,manual injury gate required,2026-07-05T20:13:12+00:00,NEEDS DATA,Unknown injury status blocks or downgrades live use.
A.Isabella,00-0035527,BUF,WR,Unknown,Unknown,Unknown,Unknown,20,Monitor,,manual injury gate required,2026-07-05T20:13:12+00:00,NEEDS DATA,Unknown injury status blocks or downgrades live use.
S.McCormick,00-0037509,LV,RB,Unknown,Unknown,Unknown,Unknown,20,Monitor,,manual injury gate required,2026-07-05T20:13:12+00:00,NEEDS DATA,Unknown injury status blocks or downgrades live use.
L.Treadwell,00-0032951,BAL,WR,Unknown,Unknown,Unknown,Unknown,20,Monitor,,manual injury gate required,2026-07-05T20:13:12+00:00,NEEDS DATA,Unknown injury status blocks or downgrades live use.
K.Yeboah,00-0036510,NYJ,TE,Unknown,Unknown,Unknown,Unknown,20,Monitor,,manual injury gate required,2026-07-05T20:13:12+00:00,NEEDS DATA,Unknown injury status blocks or downgrades live use.
T.Tracy,00-0039384,NYG,RB,Unknown,Unknown,Unknown,Unknown,20,Monitor,,manual injury gate required,2026-07-05T20:13:12+00:00,NEEDS DATA,Unknown injury status blocks or downgrades live use.
G.Calcaterra,00-0037086,PHI,TE,Unknown,Unknown,Unknown,Unknown,20,Monitor,,manual injury gate required,2026-07-05T20:13:12+00:00,NEEDS DATA,Unknown injury status blocks or downgrades live use.
A.Ogletree,00-0037292,IND,TE,Unknown,Unknown,Unknown,Unknown,20,Monitor,,manual injury gate required,2026-07-05T20:13:12+00:00,NEEDS DATA,Unknown injury status blocks or downgrades live use.
L.Cager,00-0036145,NYG,TE,Unknown,Unknown,Unknown,Unknown,20,Monitor,,manual injury gate required,2026-07-05T20:13:12+00:00,NEEDS DATA,Unknown injury status blocks or downgrades live use.
G.Ricci,00-0035956,CAR,TE,Unknown,Unknown,Unknown,Unknown,20,Monitor,,manual injury gate required,2026-07-05T20:13:12+00:00,NEEDS DATA,Unknown injury status blocks or downgrades live use.
D.Harty,00-0035215,BAL,WR,Unknown,Unknown,Unknown,Unknown,20,Monitor,,manual injury gate required,2026-07-05T20:13:12+00:00,NEEDS DATA,Unknown injury status blocks or downgrades live use.
M.Alie-Cox,00-0033217,IND,TE,Unknown,Unknown,Unknown,Unknown,20,Monitor,,manual injury gate required,2026-07-05T20:13:12+00:00,NEEDS DATA,Unknown injury status blocks or downgrades live use.
M.Lloyd,00-0039811,GB,RB,Unknown,Unknown,Unknown,Unknown,20,Monitor,,manual injury gate required,2026-07-05T20:13:12+00:00,NEEDS DATA,Unknown injury status blocks or downgrades live use.
G.Everett,00-0033895,CHI,TE,Unknown,Unknown,Unknown,Unknown,20,Monitor,,manual injury gate required,2026-07-05T20:13:12+00:00,NEEDS DATA,Unknown injury status blocks or downgrades live use.
Z.Charbonnet,00-0039165,SEA,RB,Unknown,Unknown,Unknown,Unknown,20,Monitor,,manual injury gate required,2026-07-05T20:13:12+00:00,NEEDS DATA,Unknown injury status blocks or downgrades live use.
B.Robinson,00-0037746,WAS,RB,Unknown,Unknown,Unknown,Unknown,20,Monitor,,manual injury gate required,2026-07-05T20:13:12+00:00,NEEDS DATA,Unknown injury status blocks or downgrades live use.
J.Dobbins,00-0036158,LAC,RB,Unknown,Unknown,Unknown,Unknown,20,Monitor,,manual injury gate required,2026-07-05T20:13:12+00:00,NEEDS DATA,Unknown injury status blocks or downgrades live use.
K.Rader,00-0034193,TEN,TE,Unknown,Unknown,Unknown,Unknown,20,Monitor,,manual injury gate required,2026-07-05T20:13:12+00:00,NEEDS DATA,Unknown injury status blocks or downgrades live use.
R.Williams,00-0037451,PIT,TE,Unknown,Unknown,Unknown,Unknown,20,Monitor,,manual injury gate required,2026-07-05T20:13:12+00:00,NEEDS DATA,Unknown injury status blocks or downgrades live use.
N.Remigio,00-0038519,KC,WR,Unknown,Unknown,Unknown,Unknown,20,Monitor,,manual injury gate required,2026-07-05T20:13:12+00:00,NEEDS DATA,Unknown injury status blocks or downgrades live use.
J.Hill,00-0038720,MIA,TE,Unknown,Unknown,Unknown,Unknown,20,Monitor,,manual injury gate required,2026-07-05T20:13:12+00:00,NEEDS DATA,Unknown injury status blocks or downgrades live use.
C.Woerner,00-0036429,ATL,TE,Unknown,Unknown,Unknown,Unknown,20,Monitor,,manual injury gate required,2026-07-05T20:13:12+00:00,NEEDS DATA,Unknown injury status blocks or downgrades live use.
C.Akers,00-0036414,MIN,RB,Unknown,Unknown,Unknown,Unknown,20,Monitor,,manual injury gate required,2026-07-05T20:13:12+00:00,NEEDS DATA,Unknown injury status blocks or downgrades live use.
P.Strong,00-0038098,CLE,RB,Unknown,Unknown,Unknown,Unknown,20,Monitor,,manual injury gate required,2026-07-05T20:13:12+00:00,NEEDS DATA,Unknown injury status blocks or downgrades live use.
J.McLaughlin,00-0038794,DEN,RB,Unknown,Unknown,Unknown,Unknown,20,Monitor,,manual injury gate required,2026-07-05T20:13:12+00:00,NEEDS DATA,Unknown injury status blocks or downgrades live use.
B.Spann-Ford,00-0039530,DAL,TE,Unknown,Unknown,Unknown,Unknown,20,Monitor,,manual injury gate required,2026-07-05T20:13:12+00:00,NEEDS DATA,Unknown injury status blocks or downgrades live use.
J.Tonges,00-0037112,SF,TE,Unknown,Unknown,Unknown,Unknown,20,Monitor,,manual injury gate required,2026-07-05T20:13:12+00:00,NEEDS DATA,Unknown injury status blocks or downgrades live use.
E.Tomlinson,00-0031690,LAC,TE,Unknown,Unknown,Unknown,Unknown,20,Monitor,,manual injury gate required,2026-07-05T20:13:12+00:00,NEEDS DATA,Unknown injury status blocks or downgrades live use.
J.Jacobs,00-0035700,GB,RB,Unknown,Unknown,Unknown,Unknown,20,Monitor,,manual injury gate required,2026-07-05T20:13:12+00:00,NEEDS DATA,Unknown injury status blocks or downgrades live use.
D.Smythe,00-0034798,MIA,TE,Unknown,Unknown,Unknown,Unknown,20,Monitor,,manual injury gate required,2026-07-05T20:13:12+00:00,NEEDS DATA,Unknown injury status blocks or downgrades live use.
R.Johnson,00-0039021,CHI,RB,Unknown,Unknown,Unknown,Unknown,20,Monitor,,manual injury gate required,2026-07-05T20:13:12+00:00,NEEDS DATA,Unknown injury status blocks or downgrades live use.
T.Wesco,00-0035259,TEN,TE,Unknown,Unknown,Unknown,Unknown,20,Monitor,,manual injury gate required,2026-07-05T20:13:12+00:00,NEEDS DATA,Unknown injury status blocks or downgrades live use.
M.Gaskin,00-0035311,MIN,RB,Unknown,Unknown,Unknown,Unknown,20,Monitor,,manual injury gate required,2026-07-05T20:13:12+00:00,NEEDS DATA,Unknown injury status blocks or downgrades live use.
A.Gibson,00-0036328,NE,RB,Unknown,Unknown,Unknown,Unknown,20,Monitor,,manual injury gate required,2026-07-05T20:13:12+00:00,NEEDS DATA,Unknown injury status blocks or downgrades live use.
C.Yankoff,00-0039686,WAS,TE,Unknown,Unknown,Unknown,Unknown,20,Monitor,,manual injury gate required,2026-07-05T20:13:12+00:00,NEEDS DATA,Unknown injury status blocks or downgrades live use.
B.Corum,00-0039738,LA,RB,Unknown,Unknown,Unknown,Unknown,20,Monitor,,manual injury gate required,2026-07-05T20:13:12+00:00,NEEDS DATA,Unknown injury status blocks or downgrades live use.
N.Agholor,00-0031549,BAL,WR,Unknown,Unknown,Unknown,Unknown,20,Monitor,,manual injury gate required,2026-07-05T20:13:12+00:00,NEEDS DATA,Unknown injury status blocks or downgrades live use.
J.Hill,00-0034975,BAL,RB,Unknown,Unknown,Unknown,Unknown,20,Monitor,,manual injury gate required,2026-07-05T20:13:12+00:00,NEEDS DATA,Unknown injury status blocks or downgrades live use.
D.Allen,00-0037039,PHI,WR,Unknown,Unknown,Unknown,Unknown,20,Monitor,,manual injury gate required,2026-07-05T20:13:12+00:00,NEEDS DATA,Unknown injury status blocks or downgrades live use.
J.Shorter,00-0038590,LV,TE,Unknown,Unknown,Unknown,Unknown,20,Monitor,,manual injury gate required,2026-07-05T20:13:12+00:00,NEEDS DATA,Unknown injury status blocks or downgrades live use.
A.Firkser,00-0033455,KC,TE,Unknown,Unknown,Unknown,Unknown,20,Monitor,,manual injury gate required,2026-07-05T20:13:12+00:00,NEEDS DATA,Unknown injury status blocks or downgrades live use.
I.Abanikanda,00-0038389,NYJ,RB,Unknown,Unknown,Unknown,Unknown,20,Monitor,,manual injury gate required,2026-07-05T20:13:12+00:00,NEEDS DATA,Unknown injury status blocks or downgrades live use.
E.Dotson,00-0038862,LAC,RB,Unknown,Unknown,Unknown,Unknown,20,Monitor,,manual injury gate required,2026-07-05T20:13:12+00:00,NEEDS DATA,Unknown injury status blocks or downgrades live use.
C.Edmonds,00-0034681,TB,RB,Unknown,Unknown,Unknown,Unknown,20,Monitor,,manual injury gate required,2026-07-05T20:13:12+00:00,NEEDS DATA,Unknown injury status blocks or downgrades live use.
D.Jackson,00-0036493,NYG,RB,Unknown,Unknown,Unknown,Unknown,20,Monitor,,manual injury gate required,2026-07-05T20:13:12+00:00,NEEDS DATA,Unknown injury status blocks or downgrades live use.
D.Dallas,00-0036425,ARI,RB,Unknown,Unknown,Unknown,Unknown,20,Monitor,,manual injury gate required,2026-07-05T20:13:12+00:00,NEEDS DATA,Unknown injury status blocks or downgrades live use.
T.Kroft,00-0032214,MIA,TE,Unknown,Unknown,Unknown,Unknown,20,Monitor,,manual injury gate required,2026-07-05T20:13:12+00:00,NEEDS DATA,Unknown injury status blocks or downgrades live use.
K.Kieft,00-0037311,TB,TE,Unknown,Unknown,Unknown,Unknown,20,Monitor,,manual injury gate required,2026-07-05T20:13:12+00:00,NEEDS DATA,Unknown injury status blocks or downgrades live use.
G.Dulcich,00-0037252,NYG,TE,Unknown,Unknown,Unknown,Unknown,20,Monitor,,manual injury gate required,2026-07-05T20:13:12+00:00,NEEDS DATA,Unknown injury status blocks or downgrades live use.
J.Mixon,00-0033897,HOU,RB,Unknown,Unknown,Unknown,Unknown,20,Monitor,,manual injury gate required,2026-07-05T20:13:12+00:00,NEEDS DATA,Unknown injury status blocks or downgrades live use.
E.Demercado,00-0038705,ARI,RB,Unknown,Unknown,Unknown,Unknown,20,Monitor,,manual injury gate required,2026-07-05T20:13:12+00:00,NEEDS DATA,Unknown injury status blocks or downgrades live use.
T.Jones,00-0035860,ARI,RB,Unknown,Unknown,Unknown,Unknown,20,Monitor,,manual injury gate required,2026-07-05T20:13:12+00:00,NEEDS DATA,Unknown injury status blocks or downgrades live use.
R.Rivers,00-0037557,LA,RB,Unknown,Unknown,Unknown,Unknown,20,Monitor,,manual injury gate required,2026-07-05T20:13:12+00:00,NEEDS DATA,Unknown injury status blocks or downgrades live use.
S.McKeon,00-0036032,DAL,TE,Unknown,Unknown,Unknown,Unknown,20,Monitor,,manual injury gate required,2026-07-05T20:13:12+00:00,NEEDS DATA,Unknown injury status blocks or downgrades live use.
T.Homer,00-0035594,CHI,RB,Unknown,Unknown,Unknown,Unknown,20,Monitor,,manual injury gate required,2026-07-05T20:13:12+00:00,NEEDS DATA,Unknown injury status blocks or downgrades live use.
D.Daniels,00-0033258,DET,TE,Unknown,Unknown,Unknown,Unknown,20,Monitor,,manual injury gate required,2026-07-05T20:13:12+00:00,NEEDS DATA,Unknown injury status blocks or downgrades live use.
J.Bell,00-0039420,NE,TE,Unknown,Unknown,Unknown,Unknown,20,Monitor,,manual injury gate required,2026-07-05T20:13:12+00:00,NEEDS DATA,Unknown injury status blocks or downgrades live use.
W.Mallory,00-0038394,IND,TE,Unknown,Unknown,Unknown,Unknown,20,Monitor,,manual injury gate required,2026-07-05T20:13:12+00:00,NEEDS DATA,Unknown injury status blocks or downgrades live use.
D.Singletary,00-0035250,NYG,RB,Unknown,Unknown,Unknown,Unknown,20,Monitor,,manual injury gate required,2026-07-05T20:13:12+00:00,NEEDS DATA,Unknown injury status blocks or downgrades live use.
S.Anderson,00-0032725,LAC,TE,Unknown,Unknown,Unknown,Unknown,20,Monitor,,manual injury gate required,2026-07-05T20:13:12+00:00,NEEDS DATA,Unknown injury status blocks or downgrades live use.
T.McKitty,00-0037011,LAC,TE,Unknown,Unknown,Unknown,Unknown,20,Monitor,,manual injury gate required,2026-07-05T20:13:12+00:00,NEEDS DATA,Unknown injury status blocks or downgrades live use.
B.Bell,00-0032062,KC,TE,Unknown,Unknown,Unknown,Unknown,20,Monitor,,manual injury gate required,2026-07-05T20:13:12+00:00,NEEDS DATA,Unknown injury status blocks or downgrades live use.
C.Evans,00-0036857,CIN,RB,Unknown,Unknown,Unknown,Unknown,20,Monitor,,manual injury gate required,2026-07-05T20:13:12+00:00,NEEDS DATA,Unknown injury status blocks or downgrades live use.
J.Cook,00-0037248,BUF,RB,Unknown,Unknown,Unknown,Unknown,20,Monitor,,manual injury gate required,2026-07-05T20:13:12+00:00,NEEDS DATA,Unknown injury status blocks or downgrades live use.
C.Kolar,00-0038046,BAL,TE,Unknown,Unknown,Unknown,Unknown,20,Monitor,,manual injury gate required,2026-07-05T20:13:12+00:00,NEEDS DATA,Unknown injury status blocks or downgrades live use.
R.Dowdle,00-0036139,DAL,RB,Unknown,Unknown,Unknown,Unknown,20,Monitor,,manual injury gate required,2026-07-05T20:13:12+00:00,NEEDS DATA,Unknown injury status blocks or downgrades live use.
C.Schrader,00-0039703,LA,RB,Unknown,Unknown,Unknown,Unknown,20,Monitor,,manual injury gate required,2026-07-05T20:13:12+00:00,NEEDS DATA,Unknown injury status blocks or downgrades live use.
C.Edwards-Helaire,00-0036360,NO,RB,Unknown,Unknown,Unknown,Unknown,20,Monitor,,manual injury gate required,2026-07-05T20:13:12+00:00,NEEDS DATA,Unknown injury status blocks or downgrades live use.
E.Mitchell,00-0036567,SF,RB,Unknown,Unknown,Unknown,Unknown,20,Monitor,,manual injury gate required,2026-07-05T20:13:12+00:00,NEEDS DATA,Unknown injury status blocks or downgrades live use.
C.Rodriguez,00-0038611,WAS,RB,Unknown,Unknown,Unknown,Unknown,20,Monitor,,manual injury gate required,2026-07-05T20:13:12+00:00,NEEDS DATA,Unknown injury status blocks or downgrades live use.
G.Brightwell,00-0036569,CLE,RB,Unknown,Unknown,Unknown,Unknown,20,Monitor,,manual injury gate required,2026-07-05T20:13:12+00:00,NEEDS DATA,Unknown injury status blocks or downgrades live use.
J.Jefferson,00-0036670,DET,RB,Unknown,Unknown,Unknown,Unknown,20,Monitor,,manual injury gate required,2026-07-05T20:13:12+00:00,NEEDS DATA,Unknown injury status blocks or downgrades live use.
S.Vaki,00-0039364,DET,RB,Unknown,Unknown,Unknown,Unknown,20,Monitor,,manual injury gate required,2026-07-05T20:13:12+00:00,NEEDS DATA,Unknown injury status blocks or downgrades live use.
J.Polk,00-0039907,NE,WR,Unknown,Unknown,Unknown,Unknown,20,Monitor,,manual injury gate required,2026-07-05T20:13:12+00:00,NEEDS DATA,Unknown injury status blocks or downgrades live use.
Q.Morris,00-0036590,BUF,TE,Unknown,Unknown,Unknown,Unknown,20,Monitor,,manual injury gate required,2026-07-05T20:13:12+00:00,NEEDS DATA,Unknown injury status blocks or downgrades live use.
D.Allen,00-0039074,LA,TE,Unknown,Unknown,Unknown,Unknown,20,Monitor,,manual injury gate required,2026-07-05T20:13:12+00:00,NEEDS DATA,Unknown injury status blocks or downgrades live use.
E.Gray,00-0038396,NYG,RB,Unknown,Unknown,Unknown,Unknown,20,Monitor,,manual injury gate required,2026-07-05T20:13:12+00:00,NEEDS DATA,Unknown injury status blocks or downgrades live use.
D.Walker,00-0039792,BAL,WR,Unknown,Unknown,Unknown,Unknown,20,Monitor,,manual injury gate required,2026-07-05T20:13:12+00:00,NEEDS DATA,Unknown injury status blocks or downgrades live use.
T.Sermon,00-0036984,IND,RB,Unknown,Unknown,Unknown,Unknown,20,Monitor,,manual injury gate required,2026-07-05T20:13:12+00:00,NEEDS DATA,Unknown injury status blocks or downgrades live use.
A.Armah,00-0033296,WAS,RB,Unknown,Unknown,Unknown,Unknown,20,Monitor,,manual injury gate required,2026-07-05T20:13:12+00:00,NEEDS DATA,Unknown injury status blocks or downgrades live use.
D.Johnson,00-0035628,JAX,RB,Unknown,Unknown,Unknown,Unknown,20,Monitor,,manual injury gate required,2026-07-05T20:13:12+00:00,NEEDS DATA,Unknown injury status blocks or downgrades live use.
Ja.Williams,00-0033948,NO,RB,Unknown,Unknown,Unknown,Unknown,20,Monitor,,manual injury gate required,2026-07-05T20:13:12+00:00,NEEDS DATA,Unknown injury status blocks or downgrades live use.
T.Benson,00-0039921,ARI,RB,Unknown,Unknown,Unknown,Unknown,20,Monitor,,manual injury gate required,2026-07-05T20:13:12+00:00,NEEDS DATA,Unknown injury status blocks or downgrades live use.
D.Martin-Robinson,00-0039648,TEN,TE,Unknown,Unknown,Unknown,Unknown,20,Monitor,,manual injury gate required,2026-07-05T20:13:12+00:00,NEEDS DATA,Unknown injury status blocks or downgrades live use.
J.McKinnon,00-0031376,KC,RB,Unknown,Unknown,Unknown,Unknown,20,Monitor,,manual injury gate required,2026-07-05T20:13:12+00:00,NEEDS DATA,Unknown injury status blocks or downgrades live use.
J.Stoll,00-0036741,PHI,TE,Unknown,Unknown,Unknown,Unknown,20,Monitor,,manual injury gate required,2026-07-05T20:13:12+00:00,NEEDS DATA,Unknown injury status blocks or downgrades live use.
I.Davis,00-0039798,NYJ,RB,Unknown,Unknown,Unknown,Unknown,20,Monitor,,manual injury gate required,2026-07-05T20:13:12+00:00,NEEDS DATA,Unknown injury status blocks or downgrades live use.
B.Allen,00-0039794,NYJ,RB,Unknown,Unknown,Unknown,Unknown,20,Monitor,,manual injury gate required,2026-07-05T20:13:12+00:00,NEEDS DATA,Unknown injury status blocks or downgrades live use.
J.Wilson,00-0034115,MIA,RB,Unknown,Unknown,Unknown,Unknown,20,Monitor,,manual injury gate required,2026-07-05T20:13:12+00:00,NEEDS DATA,Unknown injury status blocks or downgrades live use.
D.Ogunbowale,00-0033854,HOU,RB,Unknown,Unknown,Unknown,Unknown,20,Monitor,,manual injury gate required,2026-07-05T20:13:12+00:00,NEEDS DATA,Unknown injury status blocks or downgrades live use.
D.Ozigbo,00-0035184,DET,RB,Unknown,Unknown,Unknown,Unknown,20,Monitor,,manual injury gate required,2026-07-05T20:13:12+00:00,NEEDS DATA,Unknown injury status blocks or downgrades live use.
T.Pollard,00-0035261,TEN,RB,Unknown,Unknown,Unknown,Unknown,20,Monitor,,manual injury gate required,2026-07-05T20:13:12+00:00,NEEDS DATA,Unknown injury status blocks or downgrades live use.
J.McNichols,00-0033955,WAS,RB,Unknown,Unknown,Unknown,Unknown,20,Monitor,,manual injury gate required,2026-07-05T20:13:12+00:00,NEEDS DATA,Unknown injury status blocks or downgrades live use.
J.Mason,00-0037525,SF,RB,Unknown,Unknown,Unknown,Unknown,20,Monitor,,manual injury gate required,2026-07-05T20:13:12+00:00,NEEDS DATA,Unknown injury status blocks or downgrades live use.
C.Brooks,00-0038685,GB,RB,Unknown,Unknown,Unknown,Unknown,20,Monitor,,manual injury gate required,2026-07-05T20:13:12+00:00,NEEDS DATA,Unknown injury status blocks or downgrades live use.
T.Chandler,00-0037276,MIN,RB,Unknown,Unknown,Unknown,Unknown,20,Monitor,,manual injury gate required,2026-07-05T20:13:12+00:00,NEEDS DATA,Unknown injury status blocks or downgrades live use.
Z.Davidson,00-0036640,BUF,TE,Unknown,Unknown,Unknown,Unknown,20,Monitor,,manual injury gate required,2026-07-05T20:13:12+00:00,NEEDS DATA,Unknown injury status blocks or downgrades live use.
C.Uzomah,00-0032134,PHI,TE,Unknown,Unknown,Unknown,Unknown,20,Monitor,,manual injury gate required,2026-07-05T20:13:12+00:00,NEEDS DATA,Unknown injury status blocks or downgrades live use.
D.Williams,00-0030874,ARI,RB,Unknown,Unknown,Unknown,Unknown,20,Monitor,,manual injury gate required,2026-07-05T20:13:12+00:00,NEEDS DATA,Unknown injury status blocks or downgrades live use.
T.Badie,00-0037085,DEN,RB,Unknown,Unknown,Unknown,Unknown,20,Monitor,,manual injury gate required,2026-07-05T20:13:12+00:00,NEEDS DATA,Unknown injury status blocks or downgrades live use.
H.Haskins,00-0037617,LAC,RB,Unknown,Unknown,Unknown,Unknown,20,Monitor,,manual injury gate required,2026-07-05T20:13:12+00:00,NEEDS DATA,Unknown injury status blocks or downgrades live use.
P.Fant,00-0038735,DAL,TE,Unknown,Unknown,Unknown,Unknown,20,Monitor,,manual injury gate required,2026-07-05T20:13:12+00:00,NEEDS DATA,Unknown injury status blocks or downgrades live use.
J.Brooks,00-0039344,CAR,RB,Unknown,Unknown,Unknown,Unknown,20,Monitor,,manual injury gate required,2026-07-05T20:13:12+00:00,NEEDS DATA,Unknown injury status blocks or downgrades live use.
C.Patterson,00-0030578,PIT,RB,Unknown,Unknown,Unknown,Unknown,20,Monitor,,manual injury gate required,2026-07-05T20:13:12+00:00,NEEDS DATA,Unknown injury status blocks or downgrades live use.
I.Charles,00-0037156,NYJ,WR,Unknown,Unknown,Unknown,Unknown,20,Monitor,,manual injury gate required,2026-07-05T20:13:12+00:00,NEEDS DATA,Unknown injury status blocks or downgrades live use.
N.Bawden,00-0034433,NYJ,RB,Unknown,Unknown,Unknown,Unknown,20,Monitor,,manual injury gate required,2026-07-05T20:13:12+00:00,NEEDS DATA,Unknown injury status blocks or downgrades live use.
Ty.Johnson,00-0035537,BUF,RB,Unknown,Unknown,Unknown,Unknown,20,Monitor,,manual injury gate required,2026-07-05T20:13:12+00:00,NEEDS DATA,Unknown injury status blocks or downgrades live use.
R.Stevenson,00-0036875,NE,RB,Unknown,Unknown,Unknown,Unknown,20,Monitor,,manual injury gate required,2026-07-05T20:13:12+00:00,NEEDS DATA,Unknown injury status blocks or downgrades live use.
J.Corbin,00-0037410,NYG,RB,Unknown,Unknown,Unknown,Unknown,20,Monitor,,manual injury gate required,2026-07-05T20:13:12+00:00,NEEDS DATA,Unknown injury status blocks or downgrades live use.
G.Holani,00-0039299,SEA,RB,Unknown,Unknown,Unknown,Unknown,20,Monitor,,manual injury gate required,2026-07-05T20:13:12+00:00,NEEDS DATA,Unknown injury status blocks or downgrades live use.
I.Spiller,00-0038045,LAC,RB,Unknown,Unknown,Unknown,Unknown,20,Monitor,,manual injury gate required,2026-07-05T20:13:12+00:00,NEEDS DATA,Unknown injury status blocks or downgrades live use.
Z.Knight,00-0037157,DET,RB,Unknown,Unknown,Unknown,Unknown,20,Monitor,,manual injury gate required,2026-07-05T20:13:12+00:00,NEEDS DATA,Unknown injury status blocks or downgrades live use.
Z.White,00-0038040,LV,RB,Unknown,Unknown,Unknown,Unknown,20,Monitor,,manual injury gate required,2026-07-05T20:13:12+00:00,NEEDS DATA,Unknown injury status blocks or downgrades live use.
M.Breida,00-0033308,NYG,RB,Unknown,Unknown,Unknown,Unknown,20,Monitor,,manual injury gate required,2026-07-05T20:13:12+00:00,NEEDS DATA,Unknown injury status blocks or downgrades live use.
D.Foreman,00-0033925,CLE,RB,Unknown,Unknown,Unknown,Unknown,20,Monitor,,manual injury gate required,2026-07-05T20:13:12+00:00,NEEDS DATA,Unknown injury status blocks or downgrades live use.
J.Baker,00-0039853,NE,WR,Unknown,Unknown,Unknown,Unknown,20,Monitor,,manual injury gate required,2026-07-05T20:13:12+00:00,NEEDS DATA,Unknown injury status blocks or downgrades live use.
H.Pearson,00-0038468,GB,TE,Unknown,Unknown,Unknown,Unknown,20,Monitor,,manual injury gate required,2026-07-05T20:13:12+00:00,NEEDS DATA,Unknown injury status blocks or downgrades live use.
K.Miller,00-0038551,NO,RB,Unknown,Unknown,Unknown,Unknown,20,Monitor,,manual injury gate required,2026-07-05T20:13:12+00:00,NEEDS DATA,Unknown injury status blocks or downgrades live use.
R.Freeman,00-0034838,LA,RB,Unknown,Unknown,Unknown,Unknown,20,Monitor,,manual injury gate required,2026-07-05T20:13:12+00:00,NEEDS DATA,Unknown injury status blocks or downgrades live use.
C.Reynolds,00-0035567,DET,RB,Unknown,Unknown,Unknown,Unknown,20,Monitor,,manual injury gate required,2026-07-05T20:13:12+00:00,NEEDS DATA,Unknown injury status blocks or downgrades live use.
L.Perine,00-0036269,KC,RB,Unknown,Unknown,Unknown,Unknown,20,Monitor,,manual injury gate required,2026-07-05T20:13:12+00:00,NEEDS DATA,Unknown injury status blocks or downgrades live use.
T.Williams,00-0035291,CIN,RB,Unknown,Unknown,Unknown,Unknown,20,Monitor,,manual injury gate required,2026-07-05T20:13:12+00:00,NEEDS DATA,Unknown injury status blocks or downgrades live use.
D.Cook,00-0033893,DAL,RB,Unknown,Unknown,Unknown,Unknown,20,Monitor,,manual injury gate required,2026-07-05T20:13:12+00:00,NEEDS DATA,Unknown injury status blocks or downgrades live use.
A.McFarland,00-0036336,PIT,RB,Unknown,Unknown,Unknown,Unknown,20,Monitor,,manual injury gate required,2026-07-05T20:13:12+00:00,NEEDS DATA,Unknown injury status blocks or downgrades live use.
A.Estime,00-0039373,DEN,RB,Unknown,Unknown,Unknown,Unknown,20,Monitor,,manual injury gate required,2026-07-05T20:13:12+00:00,NEEDS DATA,Unknown injury status blocks or downgrades live use.
J.Funk,00-0036860,IND,RB,Unknown,Unknown,Unknown,Unknown,20,Monitor,,manual injury gate required,2026-07-05T20:13:12+00:00,NEEDS DATA,Unknown injury status blocks or downgrades live use.
E.Hull,00-0038397,IND,RB,Unknown,Unknown,Unknown,Unknown,20,Monitor,,manual injury gate required,2026-07-05T20:13:12+00:00,NEEDS DATA,Unknown injury status blocks or downgrades live use.
P.Hesse,00-0035572,ATL,TE,Unknown,Unknown,Unknown,Unknown,20,Monitor,,manual injury gate required,2026-07-05T20:13:12+00:00,NEEDS DATA,Unknown injury status blocks or downgrades live use.
T.Allgeier,00-0037263,ATL,RB,Unknown,Unknown,Unknown,Unknown,20,Monitor,,manual injury gate required,2026-07-05T20:13:12+00:00,NEEDS DATA,Unknown injury status blocks or downgrades live use.
J.Wilson,00-0039236,PHI,WR,Unknown,Unknown,Unknown,Unknown,20,Monitor,,manual injury gate required,2026-07-05T20:13:12+00:00,NEEDS DATA,Unknown injury status blocks or downgrades live use.
K.Drake,00-0033118,GB,RB,Unknown,Unknown,Unknown,Unknown,20,Monitor,,manual injury gate required,2026-07-05T20:13:12+00:00,NEEDS DATA,Unknown injury status blocks or downgrades live use.
J.Kibodi,00-0039617,CLE,RB,Unknown,Unknown,Unknown,Unknown,20,Monitor,,manual injury gate required,2026-07-05T20:13:12+00:00,NEEDS DATA,Unknown injury status blocks or downgrades live use.
Em.Wilson,00-0038797,GB,RB,Unknown,Unknown,Unknown,Unknown,20,Monitor,,manual injury gate required,2026-07-05T20:13:12+00:00,NEEDS DATA,Unknown injury status blocks or downgrades live use.
K.Vaughn,00-0036450,SF,RB,Unknown,Unknown,Unknown,Unknown,20,Monitor,,manual injury gate required,2026-07-05T20:13:12+00:00,NEEDS DATA,Unknown injury status blocks or downgrades live use.
D.Young,00-0037093,SEA,WR,Unknown,Unknown,Unknown,Unknown,20,Monitor,,manual injury gate required,2026-07-05T20:13:12+00:00,NEEDS DATA,Unknown injury status blocks or downgrades live use.
E.Elliott,00-0033045,DAL,RB,Unknown,Unknown,Unknown,Unknown,20,Monitor,,manual injury gate required,2026-07-05T20:13:12+00:00,NEEDS DATA,Unknown injury status blocks or downgrades live use.
D.Evans,00-0036297,CHI,RB,Unknown,Unknown,Unknown,Unknown,20,Monitor,,manual injury gate required,2026-07-05T20:13:12+00:00,NEEDS DATA,Unknown injury status blocks or downgrades live use.
V.Jones,00-0037745,CAR,RB,Unknown,Unknown,Unknown,Unknown,20,Monitor,,manual injury gate required,2026-07-05T20:13:12+00:00,NEEDS DATA,Unknown injury status blocks or downgrades live use.
J.Robinson,00-0035831,GB,RB,Unknown,Unknown,Unknown,Unknown,20,Monitor,,manual injury gate required,2026-07-05T20:13:12+00:00,NEEDS DATA,Unknown injury status blocks or downgrades live use.
G.Edwards,00-0034184,LAC,RB,Unknown,Unknown,Unknown,Unknown,20,Monitor,,manual injury gate required,2026-07-05T20:13:12+00:00,NEEDS DATA,Unknown injury status blocks or downgrades live use.
K.Gainwell,00-0036919,PHI,RB,Unknown,Unknown,Unknown,Unknown,20,Monitor,,manual injury gate required,2026-07-05T20:13:12+00:00,NEEDS DATA,Unknown injury status blocks or downgrades live use.
D.Vaughn,00-0038622,DAL,RB,Unknown,Unknown,Unknown,Unknown,20,Monitor,,manual injury gate required,2026-07-05T20:13:12+00:00,NEEDS DATA,Unknown injury status blocks or downgrades live use.
J.Taylor,00-0036223,IND,RB,Unknown,Unknown,Unknown,Unknown,20,Monitor,,manual injury gate required,2026-07-05T20:13:12+00:00,NEEDS DATA,Unknown injury status blocks or downgrades live use.
C.Steele,00-0039325,KC,RB,Unknown,Unknown,Unknown,Unknown,20,Monitor,,manual injury gate required,2026-07-05T20:13:12+00:00,NEEDS DATA,Unknown injury status blocks or downgrades live use.
A.Dulin,00-0035021,IND,WR,Unknown,Unknown,Unknown,Unknown,20,Monitor,,manual injury gate required,2026-07-05T20:13:12+00:00,NEEDS DATA,Unknown injury status blocks or downgrades live use.
T.Goodson,00-0037120,IND,RB,Unknown,Unknown,Unknown,Unknown,20,Monitor,,manual injury gate required,2026-07-05T20:13:12+00:00,NEEDS DATA,Unknown injury status blocks or downgrades live use.
B.Watson,00-0039573,DEN,RB,Unknown,Unknown,Unknown,Unknown,20,Monitor,,manual injury gate required,2026-07-05T20:13:12+00:00,NEEDS DATA,Unknown injury status blocks or downgrades live use.
E.Jenkins,00-0038498,PHI,TE,Unknown,Unknown,Unknown,Unknown,20,Monitor,,manual injury gate required,2026-07-05T20:13:12+00:00,NEEDS DATA,Unknown injury status blocks or downgrades live use.
L.Murray,00-0030513,BUF,RB,Unknown,Unknown,Unknown,Unknown,20,Monitor,,manual injury gate required,2026-07-05T20:13:12+00:00,NEEDS DATA,Unknown injury status blocks or downgrades live use.
D.Henry,00-0032764,BAL,RB,Unknown,Unknown,Unknown,Unknown,20,Monitor,,manual injury gate required,2026-07-05T20:13:12+00:00,NEEDS DATA,Unknown injury status blocks or downgrades live use.
K.Toney,00-0036913,CLE,WR,Unknown,Unknown,Unknown,Unknown,20,Monitor,,manual injury gate required,2026-07-05T20:13:12+00:00,NEEDS DATA,Unknown injury status blocks or downgrades live use.
J.Fortson,00-0035547,KC,TE,Unknown,Unknown,Unknown,Unknown,20,Monitor,,manual injury gate required,2026-07-05T20:13:12+00:00,NEEDS DATA,Unknown injury status blocks or downgrades live use.
K.Juszczyk,00-0029892,SF,FB,Unknown,Unknown,Unknown,Unknown,20,Monitor,,manual injury gate required,2026-07-05T20:13:12+00:00,NEEDS DATA,Unknown injury status blocks or downgrades live use.
K.Hunt,00-0033923,KC,RB,Unknown,Unknown,Unknown,Unknown,20,Monitor,,manual injury gate required,2026-07-05T20:13:12+00:00,NEEDS DATA,Unknown injury status blocks or downgrades live use.
R.Davis,00-0039875,BUF,RB,Unknown,Unknown,Unknown,Unknown,20,Monitor,,manual injury gate required,2026-07-05T20:13:12+00:00,NEEDS DATA,Unknown injury status blocks or downgrades live use.
K.Harris,00-0037286,NE,RB,Unknown,Unknown,Unknown,Unknown,20,Monitor,,manual injury gate required,2026-07-05T20:13:12+00:00,NEEDS DATA,Unknown injury status blocks or downgrades live use.
T.Bigsby,00-0038555,JAX,RB,Unknown,Unknown,Unknown,Unknown,20,Monitor,,manual injury gate required,2026-07-05T20:13:12+00:00,NEEDS DATA,Unknown injury status blocks or downgrades live use.
C.Collier,00-0039244,LV,RB,Unknown,Unknown,Unknown,Unknown,20,Monitor,,manual injury gate required,2026-07-05T20:13:12+00:00,NEEDS DATA,Unknown injury status blocks or downgrades live use.
A.Dillon,00-0036265,GB,RB,Unknown,Unknown,Unknown,Unknown,20,Monitor,,manual injury gate required,2026-07-05T20:13:12+00:00,NEEDS DATA,Unknown injury status blocks or downgrades live use.
D.Gore,00-0035715,WAS,RB,Unknown,Unknown,Unknown,Unknown,20,Monitor,,manual injury gate required,2026-07-05T20:13:12+00:00,NEEDS DATA,Unknown injury status blocks or downgrades live use.
S.Perine,00-0033526,KC,RB,Unknown,Unknown,Unknown,Unknown,20,Monitor,,manual injury gate required,2026-07-05T20:13:12+00:00,NEEDS DATA,Unknown injury status blocks or downgrades live use.
S.Tucker,00-0038951,TB,RB,Unknown,Unknown,Unknown,Unknown,20,Monitor,,manual injury gate required,2026-07-05T20:13:12+00:00,NEEDS DATA,Unknown injury status blocks or downgrades live use.
J.Hasty,00-0035806,NE,RB,Unknown,Unknown,Unknown,Unknown,20,Monitor,,manual injury gate required,2026-07-05T20:13:12+00:00,NEEDS DATA,Unknown injury status blocks or downgrades live use.
N.Chubb,00-0034791,CLE,RB,Unknown,Unknown,Unknown,Unknown,20,Monitor,,manual injury gate required,2026-07-05T20:13:12+00:00,NEEDS DATA,Unknown injury status blocks or downgrades live use.
J.Williams,00-0032975,WAS,RB,Unknown,Unknown,Unknown,Unknown,20,Monitor,,manual injury gate required,2026-07-05T20:13:12+00:00,NEEDS DATA,Unknown injury status blocks or downgrades live use.
J.Kelley,00-0036370,TEN,RB,Unknown,Unknown,Unknown,Unknown,20,Monitor,,manual injury gate required,2026-07-05T20:13:12+00:00,NEEDS DATA,Unknown injury status blocks or downgrades live use.
K.McIntosh,00-0038636,SEA,RB,Unknown,Unknown,Unknown,Unknown,20,Monitor,,manual injury gate required,2026-07-05T20:13:12+00:00,NEEDS DATA,Unknown injury status blocks or downgrades live use.
F.Franks,00-0036825,CAR,TE,Unknown,Unknown,Unknown,Unknown,20,Monitor,,manual injury gate required,2026-07-05T20:13:12+00:00,NEEDS DATA,Unknown injury status blocks or downgrades live use.
I.Pacheco,00-0037197,KC,RB,Unknown,Unknown,Unknown,Unknown,20,Monitor,,manual injury gate required,2026-07-05T20:13:12+00:00,NEEDS DATA,Unknown injury status blocks or downgrades live use.
B.VanSumeren,00-0038489,PHI,RB,Unknown,Unknown,Unknown,Unknown,20,Monitor,,manual injury gate required,2026-07-05T20:13:12+00:00,NEEDS DATA,Unknown injury status blocks or downgrades live use.
B.Bolden,00-0029239,LV,RB,Unknown,Unknown,Unknown,Unknown,20,Monitor,,manual injury gate required,2026-07-05T20:13:12+00:00,NEEDS DATA,Unknown injury status blocks or downgrades live use.
D.Laube,00-0039407,LV,RB,Unknown,Unknown,Unknown,Unknown,20,Monitor,,manual injury gate required,2026-07-05T20:13:12+00:00,NEEDS DATA,Unknown injury status blocks or downgrades live use.
K.Mitchell,00-0038454,BAL,RB,Unknown,Unknown,Unknown,Unknown,20,Monitor,,manual injury gate required,2026-07-05T20:13:12+00:00,NEEDS DATA,Unknown injury status blocks or downgrades live use.
Z.Evans,00-0039136,LA,RB,Unknown,Unknown,Unknown,Unknown,20,Monitor,,manual injury gate required,2026-07-05T20:13:12+00:00,NEEDS DATA,Unknown injury status blocks or downgrades live use.
K.Ingram,00-0037299,KC,RB,Unknown,Unknown,Unknown,Unknown,20,Monitor,,manual injury gate required,2026-07-05T20:13:12+00:00,NEEDS DATA,Unknown injury status blocks or downgrades live use.
J.Wright,00-0039874,MIA,RB,Unknown,Unknown,Unknown,Unknown,20,Monitor,,manual injury gate required,2026-07-05T20:13:12+00:00,NEEDS DATA,Unknown injury status blocks or downgrades live use.
H.Luepke,00-0038738,DAL,RB,Unknown,Unknown,Unknown,Unknown,20,Monitor,,manual injury gate required,2026-07-05T20:13:12+00:00,NEEDS DATA,Unknown injury status blocks or downgrades live use.
J.Taylor,00-0036096,HOU,RB,Unknown,Unknown,Unknown,Unknown,20,Monitor,,manual injury gate required,2026-07-05T20:13:12+00:00,NEEDS DATA,Unknown injury status blocks or downgrades live use.
K.Vidal,00-0039391,LAC,RB,Unknown,Unknown,Unknown,Unknown,20,Monitor,,manual injury gate required,2026-07-05T20:13:12+00:00,NEEDS DATA,Unknown injury status blocks or downgrades live use.
K.Nwangwu,00-0036842,NYJ,RB,Unknown,Unknown,Unknown,Unknown,20,Monitor,,manual injury gate required,2026-07-05T20:13:12+00:00,NEEDS DATA,Unknown injury status blocks or downgrades live use.
J.Johnson,00-0035726,NYG,RB,Unknown,Unknown,Unknown,Unknown,20,Monitor,,manual injury gate required,2026-07-05T20:13:12+00:00,NEEDS DATA,Unknown injury status blocks or downgrades live use.
A.Okwuegbunam,00-0036423,PHI,TE,Unknown,Unknown,Unknown,Unknown,20,Monitor,,manual injury gate required,2026-07-05T20:13:12+00:00,NEEDS DATA,Unknown injury status blocks or downgrades live use.
P.Taylor,00-0035973,SF,RB,Unknown,Unknown,Unknown,Unknown,20,Monitor,,manual injury gate required,2026-07-05T20:13:12+00:00,NEEDS DATA,Unknown injury status blocks or downgrades live use.
M.Gordon,00-0032144,BAL,RB,Unknown,Unknown,Unknown,Unknown,20,Monitor,,manual injury gate required,2026-07-05T20:13:12+00:00,NEEDS DATA,Unknown injury status blocks or downgrades live use.
C.Ham,00-0032918,MIN,FB,Unknown,Unknown,Unknown,Unknown,20,Monitor,,manual injury gate required,2026-07-05T20:13:12+00:00,NEEDS DATA,Unknown injury status blocks or downgrades live use.
W.Shipley,00-0039746,PHI,RB,Unknown,Unknown,Unknown,Unknown,20,Monitor,,manual injury gate required,2026-07-05T20:13:12+00:00,NEEDS DATA,Unknown injury status blocks or downgrades live use.
J.Ross,00-0037216,KC,WR,Unknown,Unknown,Unknown,Unknown,20,Monitor,,manual injury gate required,2026-07-05T20:13:12+00:00,NEEDS DATA,Unknown injury status blocks or downgrades live use.
M.Ibrahim,00-0038656,DET,RB,Unknown,Unknown,Unknown,Unknown,20,Monitor,,manual injury gate required,2026-07-05T20:13:12+00:00,NEEDS DATA,Unknown injury status blocks or downgrades live use.
X.Weaver,00-0039521,ARI,WR,Unknown,Unknown,Unknown,Unknown,20,Monitor,,manual injury gate required,2026-07-05T20:13:12+00:00,NEEDS DATA,Unknown injury status blocks or downgrades live use.
G.Igwebuike,00-0034614,PIT,RB,Unknown,Unknown,Unknown,Unknown,20,Monitor,,manual injury gate required,2026-07-05T20:13:12+00:00,NEEDS DATA,Unknown injury status blocks or downgrades live use.
K.Robinson,00-0039385,JAX,RB,Unknown,Unknown,Unknown,Unknown,20,Monitor,,manual injury gate required,2026-07-05T20:13:12+00:00,NEEDS DATA,Unknown injury status blocks or downgrades live use.
A.Shampklin,00-0037609,PIT,RB,Unknown,Unknown,Unknown,Unknown,20,Monitor,,manual injury gate required,2026-07-05T20:13:12+00:00,NEEDS DATA,Unknown injury status blocks or downgrades live use.
J.Ward,00-0035924,PIT,RB,Unknown,Unknown,Unknown,Unknown,20,Monitor,,manual injury gate required,2026-07-05T20:13:12+00:00,NEEDS DATA,Unknown injury status blocks or downgrades live use.
J.Wayne,00-0038728,HOU,WR,Unknown,Unknown,Unknown,Unknown,20,Monitor,,manual injury gate required,2026-07-05T20:13:12+00:00,NEEDS DATA,Unknown injury status blocks or downgrades live use.
E.Ezukanma,00-0038092,MIA,WR,Unknown,Unknown,Unknown,Unknown,20,Monitor,,manual injury gate required,2026-07-05T20:13:12+00:00,NEEDS DATA,Unknown injury status blocks or downgrades live use.
R.Penny,00-0034750,PHI,RB,Unknown,Unknown,Unknown,Unknown,20,Monitor,,manual injury gate required,2026-07-05T20:13:12+00:00,NEEDS DATA,Unknown injury status blocks or downgrades live use.
B.Brooks,00-0039603,HOU,RB,Unknown,Unknown,Unknown,Unknown,20,Monitor,,manual injury gate required,2026-07-05T20:13:12+00:00,NEEDS DATA,Unknown injury status blocks or downgrades live use.
T.Hairston,00-0037456,HOU,RB,Unknown,Unknown,Unknown,Unknown,20,Monitor,,manual injury gate required,2026-07-05T20:13:12+00:00,NEEDS DATA,Unknown injury status blocks or downgrades live use.
D.Harris,00-0035657,BUF,RB,Unknown,Unknown,Unknown,Unknown,20,Monitor,,manual injury gate required,2026-07-05T20:13:12+00:00,NEEDS DATA,Unknown injury status blocks or downgrades live use.
B.Berrios,00-0034419,MIA,WR,Unknown,Unknown,Unknown,Unknown,20,Monitor,,manual injury gate required,2026-07-05T20:13:12+00:00,NEEDS DATA,Unknown injury status blocks or downgrades live use.
T.Kennedy,00-0035544,DET,WR,Unknown,Unknown,Unknown,Unknown,20,Monitor,,manual injury gate required,2026-07-05T20:13:12+00:00,NEEDS DATA,Unknown injury status blocks or downgrades live use.
D.Miller,00-0039230,NYG,RB,Unknown,Unknown,Unknown,Unknown,20,Monitor,,manual injury gate required,2026-07-05T20:13:12+00:00,NEEDS DATA,Unknown injury status blocks or downgrades live use.
D.Williams,00-0039595,TB,RB,Unknown,Unknown,Unknown,Unknown,20,Monitor,,manual injury gate required,2026-07-05T20:13:12+00:00,NEEDS DATA,Unknown injury status blocks or downgrades live use.
A.Ingold,00-0035125,MIA,FB,Unknown,Unknown,Unknown,Unknown,20,Monitor,,manual injury gate required,2026-07-05T20:13:12+00:00,NEEDS DATA,Unknown injury status blocks or downgrades live use.
M.Davis,00-0037563,DAL,RB,Unknown,Unknown,Unknown,Unknown,20,Monitor,,manual injury gate required,2026-07-05T20:13:12+00:00,NEEDS DATA,Unknown injury status blocks or downgrades live use.
J.Chestnut,00-0037594,TEN,RB,Unknown,Unknown,Unknown,Unknown,20,Monitor,,manual injury gate required,2026-07-05T20:13:12+00:00,NEEDS DATA,Unknown injury status blocks or downgrades live use.
R.Blackshear,00-0037429,CAR,RB,Unknown,Unknown,Unknown,Unknown,20,Monitor,,manual injury gate required,2026-07-05T20:13:12+00:00,NEEDS DATA,Unknown injury status blocks or downgrades live use.
D.Washington,00-0032450,DEN,RB,Unknown,Unknown,Unknown,Unknown,20,Monitor,,manual injury gate required,2026-07-05T20:13:12+00:00,NEEDS DATA,Unknown injury status blocks or downgrades live use.
M.Boone,00-0034208,CAR,RB,Unknown,Unknown,Unknown,Unknown,20,Monitor,,manual injury gate required,2026-07-05T20:13:12+00:00,NEEDS DATA,Unknown injury status blocks or downgrades live use.
J.McClellan,00-0039393,ATL,RB,Unknown,Unknown,Unknown,Unknown,20,Monitor,,manual injury gate required,2026-07-05T20:13:12+00:00,NEEDS DATA,Unknown injury status blocks or downgrades live use.
A.Williams,00-0036950,ATL,RB,Unknown,Unknown,Unknown,Unknown,20,Monitor,,manual injury gate required,2026-07-05T20:13:12+00:00,NEEDS DATA,Unknown injury status blocks or downgrades live use.
L.Fournette,00-0033856,BUF,RB,Unknown,Unknown,Unknown,Unknown,20,Monitor,,manual injury gate required,2026-07-05T20:13:12+00:00,NEEDS DATA,Unknown injury status blocks or downgrades live use.
K.Johnson,00-0039589,TB,WR,Unknown,Unknown,Unknown,Unknown,20,Monitor,,manual injury gate required,2026-07-05T20:13:12+00:00,NEEDS DATA,Unknown injury status blocks or downgrades live use.
S.Sullivan,00-0036438,CAR,TE,Unknown,Unknown,Unknown,Unknown,20,Monitor,,manual injury gate required,2026-07-05T20:13:12+00:00,NEEDS DATA,Unknown injury status blocks or downgrades live use.
S.Moore,00-0038090,KC,WR,Unknown,Unknown,Unknown,Unknown,20,Monitor,,manual injury gate required,2026-07-05T20:13:12+00:00,NEEDS DATA,Unknown injury status blocks or downgrades live use.
M.Burton,00-0031595,DEN,FB,Unknown,Unknown,Unknown,Unknown,20,Monitor,,manual injury gate required,2026-07-05T20:13:12+00:00,NEEDS DATA,Unknown injury status blocks or downgrades live use.
D.Pierce,00-0037258,HOU,RB,Unknown,Unknown,Unknown,Unknown,20,Monitor,,manual injury gate required,2026-07-05T20:13:12+00:00,NEEDS DATA,Unknown injury status blocks or downgrades live use.
B.Bates,00-0039458,CLE,TE,Unknown,Unknown,Unknown,Unknown,20,Monitor,,manual injury gate required,2026-07-05T20:13:12+00:00,NEEDS DATA,Unknown injury status blocks or downgrades live use.
T.Davis-Price,00-0037827,PHI,RB,Unknown,Unknown,Unknown,Unknown,20,Monitor,,manual injury gate required,2026-07-05T20:13:12+00:00,NEEDS DATA,Unknown injury status blocks or downgrades live use.
B.Scott,00-0034414,PHI,RB,Unknown,Unknown,Unknown,Unknown,20,Monitor,,manual injury gate required,2026-07-05T20:13:12+00:00,NEEDS DATA,Unknown injury status blocks or downgrades live use.
B.Willis,00-0038643,SF,TE,Unknown,Unknown,Unknown,Unknown,20,Monitor,,manual injury gate required,2026-07-05T20:13:12+00:00,NEEDS DATA,Unknown injury status blocks or downgrades live use.
J.Kelly,00-0034808,BAL,RB,Unknown,Unknown,Unknown,Unknown,20,Monitor,,manual injury gate required,2026-07-05T20:13:12+00:00,NEEDS DATA,Unknown injury status blocks or downgrades live use.
J.Cabinda,00-0034171,DET,FB,Unknown,Unknown,Unknown,Unknown,20,Monitor,,manual injury gate required,2026-07-05T20:13:12+00:00,NEEDS DATA,Unknown injury status blocks or downgrades live use.
J.Matthews,00-0031299,CAR,TE,Unknown,Unknown,Unknown,Unknown,20,Monitor,,manual injury gate required,2026-07-05T20:13:12+00:00,NEEDS DATA,Unknown injury status blocks or downgrades live use.
K.Smith,00-0030968,ATL,FB,Unknown,Unknown,Unknown,Unknown,20,Monitor,,manual injury gate required,2026-07-05T20:13:12+00:00,NEEDS DATA,Unknown injury status blocks or downgrades live use.
B.Cupp,00-0039316,KC,TE,Unknown,Unknown,Unknown,Unknown,20,Monitor,,manual injury gate required,2026-07-05T20:13:12+00:00,NEEDS DATA,Unknown injury status blocks or downgrades live use.
A.Beck,00-0034959,HOU,RB,Unknown,Unknown,Unknown,Unknown,20,Monitor,,manual injury gate required,2026-07-05T20:13:12+00:00,NEEDS DATA,Unknown injury status blocks or downgrades live use.
A.Prentice,00-0036727,NO,RB,Unknown,Unknown,Unknown,Unknown,20,Monitor,,manual injury gate required,2026-07-05T20:13:12+00:00,NEEDS DATA,Unknown injury status blocks or downgrades live use.
P.Ricard,00-0033376,BAL,FB,Unknown,Unknown,Unknown,Unknown,20,Monitor,,manual injury gate required,2026-07-05T20:13:12+00:00,NEEDS DATA,Unknown injury status blocks or downgrades live use.
R.Gilliam,00-0036187,BUF,FB,Unknown,Unknown,Unknown,Unknown,20,Monitor,,manual injury gate required,2026-07-05T20:13:12+00:00,NEEDS DATA,Unknown injury status blocks or downgrades live use.
T.Jennings,00-0039757,NE,RB,Unknown,Unknown,Unknown,Unknown,20,Monitor,,manual injury gate required,2026-07-05T20:13:12+00:00,NEEDS DATA,Unknown injury status blocks or downgrades live use.
K.Blasingame,00-0035099,PHI,FB,Unknown,Unknown,Unknown,Unknown,20,Monitor,,manual injury gate required,2026-07-05T20:13:12+00:00,NEEDS DATA,Unknown injury status blocks or downgrades live use.
R.Ali,00-0039796,BAL,RB,Unknown,Unknown,Unknown,Unknown,20,Monitor,,manual injury gate required,2026-07-05T20:13:12+00:00,NEEDS DATA,Unknown injury status blocks or downgrades live use.
