Player Name,Player ID,Team,Opponent,Position,Market,Sportsbook,Line,Over Odds,Under Odds,Implied Over Prob,Model Over Prob,Edge %,Price Grade,Updated At,Validation Status,Notes
J.Chase,00-0036900,CIN,,WR,Receptions,,,,,,,,,2026-06-25T16:20:16+00:00,NEEDS DATA,No odds source loaded. No betting edge is produced without market odds.
P.Nacua,00-0039075,LA,,WR,Receptions,,,,,,,,,2026-06-25T16:20:16+00:00,NEEDS DATA,No odds source loaded. No betting edge is produced without market odds.
T.Higgins,00-0036410,CIN,,WR,Receptions,,,,,,,,,2026-06-25T16:20:16+00:00,NEEDS DATA,No odds source loaded. No betting edge is produced without market odds.
B.Thomas,00-0039893,JAX,,WR,Receptions,,,,,,,,,2026-06-25T16:20:16+00:00,NEEDS DATA,No odds source loaded. No betting edge is produced without market odds.
J.Jeudy,00-0036407,CLE,,WR,Receptions,,,,,,,,,2026-06-25T16:20:16+00:00,NEEDS DATA,No odds source loaded. No betting edge is produced without market odds.
J.Jefferson,00-0036322,MIN,,WR,Receptions,,,,,,,,,2026-06-25T16:20:16+00:00,NEEDS DATA,No odds source loaded. No betting edge is produced without market odds.
A.St. Brown,00-0036963,DET,,WR,Receptions,,,,,,,,,2026-06-25T16:20:16+00:00,NEEDS DATA,No odds source loaded. No betting edge is produced without market odds.
D.Moore,00-0034827,CHI,,WR,Receptions,,,,,,,,,2026-06-25T16:20:16+00:00,NEEDS DATA,No odds source loaded. No betting edge is produced without market odds.
L.McConkey,00-0039915,LAC,,WR,Receptions,,,,,,,,,2026-06-25T16:20:16+00:00,NEEDS DATA,No odds source loaded. No betting edge is produced without market odds.
D.Adams,00-0031381,NYJ,,WR,Receptions,,,,,,,,,2026-06-25T16:20:16+00:00,NEEDS DATA,No odds source loaded. No betting edge is produced without market odds.
T.McLaurin,00-0035659,WAS,,WR,Receptions,,,,,,,,,2026-06-25T16:20:16+00:00,NEEDS DATA,No odds source loaded. No betting edge is produced without market odds.
D.Bell,00-0037257,CLE,,WR,Receptions,,,,,,,,,2026-06-25T16:20:16+00:00,NEEDS DATA,No odds source loaded. No betting edge is produced without market odds.
J.Jennings,00-0036259,SF,,WR,Receptions,,,,,,,,,2026-06-25T16:20:16+00:00,NEEDS DATA,No odds source loaded. No betting edge is produced without market odds.
M.Evans,00-0031408,TB,,WR,Receptions,,,,,,,,,2026-06-25T16:20:16+00:00,NEEDS DATA,No odds source loaded. No betting edge is produced without market odds.
M.Nabers,00-0039337,NYG,,WR,Receptions,,,,,,,,,2026-06-25T16:20:16+00:00,NEEDS DATA,No odds source loaded. No betting edge is produced without market odds.
J.Smith-Njigba,00-0038543,SEA,,WR,Receptions,,,,,,,,,2026-06-25T16:20:16+00:00,NEEDS DATA,No odds source loaded. No betting edge is produced without market odds.
J.Meyers,00-0034960,LV,,WR,Receptions,,,,,,,,,2026-06-25T16:20:16+00:00,NEEDS DATA,No odds source loaded. No betting edge is produced without market odds.
S.Diggs,00-0031588,HOU,,WR,Receptions,,,,,,,,,2026-06-25T16:20:16+00:00,NEEDS DATA,No odds source loaded. No betting edge is produced without market odds.
W.Robinson,00-0038117,NYG,,WR,Receptions,,,,,,,,,2026-06-25T16:20:16+00:00,NEEDS DATA,No odds source loaded. No betting edge is produced without market odds.
C.Godwin,00-0033921,TB,,WR,Receptions,,,,,,,,,2026-06-25T16:20:16+00:00,NEEDS DATA,No odds source loaded. No betting edge is produced without market odds.
D.Brown,00-0036626,WAS,,WR,Receptions,,,,,,,,,2026-06-25T16:20:16+00:00,NEEDS DATA,No odds source loaded. No betting edge is produced without market odds.
K.Allen,00-0030279,CHI,,WR,Receptions,,,,,,,,,2026-06-25T16:20:16+00:00,NEEDS DATA,No odds source loaded. No betting edge is produced without market odds.
T.McBride,00-0037744,ARI,,TE,Receptions,,,,,,,,,2026-06-25T16:20:16+00:00,NEEDS DATA,No odds source loaded. No betting edge is produced without market odds.
B.Johnson,00-0037382,PIT,,WR,Receptions,,,,,,,,,2026-06-25T16:20:16+00:00,NEEDS DATA,No odds source loaded. No betting edge is produced without market odds.
R.Pearsall,00-0039916,SF,,WR,Receptions,,,,,,,,,2026-06-25T16:20:16+00:00,NEEDS DATA,No odds source loaded. No betting edge is produced without market odds.
J.Addison,00-0038994,MIN,,WR,Receptions,,,,,,,,,2026-06-25T16:20:16+00:00,NEEDS DATA,No odds source loaded. No betting edge is produced without market odds.
A.Thielen,00-0030035,CAR,,WR,Receptions,,,,,,,,,2026-06-25T16:20:16+00:00,NEEDS DATA,No odds source loaded. No betting edge is produced without market odds.
G.Wilson,00-0037740,NYJ,,WR,Receptions,,,,,,,,,2026-06-25T16:20:16+00:00,NEEDS DATA,No odds source loaded. No betting edge is produced without market odds.
T.Hill,00-0033040,MIA,,WR,Receptions,,,,,,,,,2026-06-25T16:20:16+00:00,NEEDS DATA,No odds source loaded. No betting edge is produced without market odds.
D.London,00-0037238,ATL,,WR,Receptions,,,,,,,,,2026-06-25T16:20:16+00:00,NEEDS DATA,No odds source loaded. No betting edge is produced without market odds.
C.Lamb,00-0036358,DAL,,WR,Receptions,,,,,,,,,2026-06-25T16:20:16+00:00,NEEDS DATA,No odds source loaded. No betting edge is produced without market odds.
J.Downs,00-0038997,IND,,WR,Receptions,,,,,,,,,2026-06-25T16:20:16+00:00,NEEDS DATA,No odds source loaded. No betting edge is produced without market odds.
N.Collins,00-0036554,HOU,,WR,Receptions,,,,,,,,,2026-06-25T16:20:16+00:00,NEEDS DATA,No odds source loaded. No betting edge is produced without market odds.
M.Washington,00-0039880,MIA,,WR,Receptions,,,,,,,,,2026-06-25T16:20:16+00:00,NEEDS DATA,No odds source loaded. No betting edge is produced without market odds.
R.Rice,00-0039067,KC,,WR,Receptions,,,,,,,,,2026-06-25T16:20:16+00:00,NEEDS DATA,No odds source loaded. No betting edge is produced without market odds.
M.Pittman,00-0036252,IND,,WR,Receptions,,,,,,,,,2026-06-25T16:20:16+00:00,NEEDS DATA,No odds source loaded. No betting edge is produced without market odds.
D.Njoku,00-0033885,CLE,,TE,Receptions,,,,,,,,,2026-06-25T16:20:16+00:00,NEEDS DATA,No odds source loaded. No betting edge is produced without market odds.
J.Smith,00-0033858,MIA,,TE,Receptions,,,,,,,,,2026-06-25T16:20:16+00:00,NEEDS DATA,No odds source loaded. No betting edge is produced without market odds.
K.Pryor,00-0037422,CIN,,WR,Receptions,,,,,,,,,2026-06-25T16:20:16+00:00,NEEDS DATA,No odds source loaded. No betting edge is produced without market odds.
K.Shakir,00-0037261,BUF,,WR,Receptions,,,,,,,,,2026-06-25T16:20:16+00:00,NEEDS DATA,No odds source loaded. No betting edge is produced without market odds.
D.Samuel,00-0035719,SF,,WR,Receptions,,,,,,,,,2026-06-25T16:20:16+00:00,NEEDS DATA,No odds source loaded. No betting edge is produced without market odds.
C.Tillman,00-0038979,CLE,,WR,Receptions,,,,,,,,,2026-06-25T16:20:16+00:00,NEEDS DATA,No odds source loaded. No betting edge is produced without market odds.
B.Aiyuk,00-0036261,SF,,WR,Receptions,,,,,,,,,2026-06-25T16:20:16+00:00,NEEDS DATA,No odds source loaded. No betting edge is produced without market odds.
N.Brown,00-0033591,WAS,,WR,Receptions,,,,,,,,,2026-06-25T16:20:16+00:00,NEEDS DATA,No odds source loaded. No betting edge is produced without market odds.
B.Bowers,00-0039338,LV,,TE,Receptions,,,,,,,,,2026-06-25T16:20:16+00:00,NEEDS DATA,No odds source loaded. No betting edge is produced without market odds.
C.Olave,00-0037239,NO,,WR,Receptions,,,,,,,,,2026-06-25T16:20:16+00:00,NEEDS DATA,No odds source loaded. No betting edge is produced without market odds.
G.Kittle,00-0033288,SF,,TE,Receptions,,,,,,,,,2026-06-25T16:20:16+00:00,NEEDS DATA,No odds source loaded. No betting edge is produced without market odds.
J.Nailor,00-0037291,MIN,,WR,Receptions,,,,,,,,,2026-06-25T16:20:16+00:00,NEEDS DATA,No odds source loaded. No betting edge is produced without market odds.
M.Gesicki,00-0034829,CIN,,TE,Receptions,,,,,,,,,2026-06-25T16:20:16+00:00,NEEDS DATA,No odds source loaded. No betting edge is produced without market odds.
Ja.Williams,00-0037240,DET,,WR,Receptions,,,,,,,,,2026-06-25T16:20:16+00:00,NEEDS DATA,No odds source loaded. No betting edge is produced without market odds.
Q.Johnston,00-0038544,LAC,,WR,Receptions,,,,,,,,,2026-06-25T16:20:16+00:00,NEEDS DATA,No odds source loaded. No betting edge is produced without market odds.
E.Engram,00-0033881,JAX,,TE,Receptions,,,,,,,,,2026-06-25T16:20:16+00:00,NEEDS DATA,No odds source loaded. No betting edge is produced without market odds.
M.Harrison,00-0039849,ARI,,WR,Receptions,,,,,,,,,2026-06-25T16:20:16+00:00,NEEDS DATA,No odds source loaded. No betting edge is produced without market odds.
P.Freiermuth,00-0036894,PIT,,TE,Receptions,,,,,,,,,2026-06-25T16:20:16+00:00,NEEDS DATA,No odds source loaded. No betting edge is produced without market odds.
J.Waddle,00-0036613,MIA,,WR,Receptions,,,,,,,,,2026-06-25T16:20:16+00:00,NEEDS DATA,No odds source loaded. No betting edge is produced without market odds.
X.Worthy,00-0039894,KC,,WR,Receptions,,,,,,,,,2026-06-25T16:20:16+00:00,NEEDS DATA,No odds source loaded. No betting edge is produced without market odds.
C.Sutton,00-0034348,DEN,,WR,Receptions,,,,,,,,,2026-06-25T16:20:16+00:00,NEEDS DATA,No odds source loaded. No betting edge is produced without market odds.
J.Palmer,00-0036988,LAC,,WR,Receptions,,,,,,,,,2026-06-25T16:20:16+00:00,NEEDS DATA,No odds source loaded. No betting edge is produced without market odds.
C.Jones,00-0038576,CIN,,WR,Receptions,,,,,,,,,2026-06-25T16:20:16+00:00,NEEDS DATA,No odds source loaded. No betting edge is produced without market odds.
L.Bowden,00-0036364,NO,,WR,Receptions,,,,,,,,,2026-06-25T16:20:16+00:00,NEEDS DATA,No odds source loaded. No betting edge is produced without market odds.
G.Dortch,00-0035500,ARI,,WR,Receptions,,,,,,,,,2026-06-25T16:20:16+00:00,NEEDS DATA,No odds source loaded. No betting edge is produced without market odds.
T.Sherfield,00-0034487,MIN,,WR,Receptions,,,,,,,,,2026-06-25T16:20:16+00:00,NEEDS DATA,No odds source loaded. No betting edge is produced without market odds.
Z.Ertz,00-0030061,WAS,,TE,Receptions,,,,,,,,,2026-06-25T16:20:16+00:00,NEEDS DATA,No odds source loaded. No betting edge is produced without market odds.
T.Hill,00-0033357,NO,,TE,Receptions,,,,,,,,,2026-06-25T16:20:16+00:00,NEEDS DATA,No odds source loaded. No betting edge is produced without market odds.
A.Iosivas,00-0038619,CIN,,WR,Receptions,,,,,,,,,2026-06-25T16:20:16+00:00,NEEDS DATA,No odds source loaded. No betting edge is produced without market odds.
C.Kupp,00-0033908,LA,,WR,Receptions,,,,,,,,,2026-06-25T16:20:16+00:00,NEEDS DATA,No odds source loaded. No betting edge is produced without market odds.
M.Mims,00-0038976,DEN,,WR,Receptions,,,,,,,,,2026-06-25T16:20:16+00:00,NEEDS DATA,No odds source loaded. No betting edge is produced without market odds.
R.Moore,00-0036936,ARI,,WR,Receptions,,,,,,,,,2026-06-25T16:20:16+00:00,NEEDS DATA,No odds source loaded. No betting edge is produced without market odds.
S.LaPorta,00-0039065,DET,,TE,Receptions,,,,,,,,,2026-06-25T16:20:16+00:00,NEEDS DATA,No odds source loaded. No betting edge is produced without market odds.
J.Coker,00-0039491,CAR,,WR,Receptions,,,,,,,,,2026-06-25T16:20:16+00:00,NEEDS DATA,No odds source loaded. No betting edge is produced without market odds.
P.Washington,00-0038606,JAX,,WR,Receptions,,,,,,,,,2026-06-25T16:20:16+00:00,NEEDS DATA,No odds source loaded. No betting edge is produced without market odds.
G.Pickens,00-0037247,PIT,,WR,Receptions,,,,,,,,,2026-06-25T16:20:16+00:00,NEEDS DATA,No odds source loaded. No betting edge is produced without market odds.
O.Zaccheaus,00-0035208,WAS,,WR,Receptions,,,,,,,,,2026-06-25T16:20:16+00:00,NEEDS DATA,No odds source loaded. No betting edge is produced without market odds.
K.Lassiter,00-0037420,CIN,,WR,Receptions,,,,,,,,,2026-06-25T16:20:16+00:00,NEEDS DATA,No odds source loaded. No betting edge is produced without market odds.
K.Doss,00-0035120,LAC,,WR,Receptions,,,,,,,,,2026-06-25T16:20:16+00:00,NEEDS DATA,No odds source loaded. No betting edge is produced without market odds.
J.Metchie,00-0037614,HOU,,WR,Receptions,,,,,,,,,2026-06-25T16:20:16+00:00,NEEDS DATA,No odds source loaded. No betting edge is produced without market odds.
J.McMillan,00-0039855,TB,,WR,Receptions,,,,,,,,,2026-06-25T16:20:16+00:00,NEEDS DATA,No odds source loaded. No betting edge is produced without market odds.
B.Tremayne,00-0038840,WAS,,WR,Receptions,,,,,,,,,2026-06-25T16:20:16+00:00,NEEDS DATA,No odds source loaded. No betting edge is produced without market odds.
T.Jackson,00-0035934,MIN,,WR,Receptions,,,,,,,,,2026-06-25T16:20:16+00:00,NEEDS DATA,No odds source loaded. No betting edge is produced without market odds.
E.Moore,00-0036980,CLE,,WR,Receptions,,,,,,,,,2026-06-25T16:20:16+00:00,NEEDS DATA,No odds source loaded. No betting edge is produced without market odds.
C.Okonkwo,00-0037809,TEN,,TE,Receptions,,,,,,,,,2026-06-25T16:20:16+00:00,NEEDS DATA,No odds source loaded. No betting edge is produced without market odds.
Mi.Wilson,00-0038559,ARI,,WR,Receptions,,,,,,,,,2026-06-25T16:20:16+00:00,NEEDS DATA,No odds source loaded. No betting edge is produced without market odds.
T.Taylor,00-0033292,SF,,WR,Receptions,,,,,,,,,2026-06-25T16:20:16+00:00,NEEDS DATA,No odds source loaded. No betting edge is produced without market odds.
R.Shaheed,00-0037545,NO,,WR,Receptions,,,,,,,,,2026-06-25T16:20:16+00:00,NEEDS DATA,No odds source loaded. No betting edge is produced without market odds.
A.Bachman,00-0035602,LV,,WR,Receptions,,,,,,,,,2026-06-25T16:20:16+00:00,NEEDS DATA,No odds source loaded. No betting edge is produced without market odds.
R.Cracraft,00-0034054,MIA,,WR,Receptions,,,,,,,,,2026-06-25T16:20:16+00:00,NEEDS DATA,No odds source loaded. No betting edge is produced without market odds.
K.Boutte,00-0038608,NE,,WR,Receptions,,,,,,,,,2026-06-25T16:20:16+00:00,NEEDS DATA,No odds source loaded. No betting edge is produced without market odds.
T.Atwell,00-0036849,LA,,WR,Receptions,,,,,,,,,2026-06-25T16:20:16+00:00,NEEDS DATA,No odds source loaded. No betting edge is produced without market odds.
D.Douglas,00-0038621,NE,,WR,Receptions,,,,,,,,,2026-06-25T16:20:16+00:00,NEEDS DATA,No odds source loaded. No betting edge is produced without market odds.
D.Metcalf,00-0035640,SEA,,WR,Receptions,,,,,,,,,2026-06-25T16:20:16+00:00,NEEDS DATA,No odds source loaded. No betting edge is produced without market odds.
R.Doubs,00-0037816,GB,,WR,Receptions,,,,,,,,,2026-06-25T16:20:16+00:00,NEEDS DATA,No odds source loaded. No betting edge is produced without market odds.
Z.Jones,00-0033891,ARI,,WR,Receptions,,,,,,,,,2026-06-25T16:20:16+00:00,NEEDS DATA,No odds source loaded. No betting edge is produced without market odds.
J.Whittington,00-0039751,LA,,WR,Receptions,,,,,,,,,2026-06-25T16:20:16+00:00,NEEDS DATA,No odds source loaded. No betting edge is produced without market odds.
T.Hockenson,00-0035229,MIN,,TE,Receptions,,,,,,,,,2026-06-25T16:20:16+00:00,NEEDS DATA,No odds source loaded. No betting edge is produced without market odds.
T.Higbee,00-0033110,LA,,TE,Receptions,,,,,,,,,2026-06-25T16:20:16+00:00,NEEDS DATA,No odds source loaded. No betting edge is produced without market odds.
T.Tucker,00-0038563,LV,,WR,Receptions,,,,,,,,,2026-06-25T16:20:16+00:00,NEEDS DATA,No odds source loaded. No betting edge is produced without market odds.
B.Skowronek,00-0036862,PIT,,WR,Receptions,,,,,,,,,2026-06-25T16:20:16+00:00,NEEDS DATA,No odds source loaded. No betting edge is produced without market odds.
J.Proche,00-0036133,CLE,,WR,Receptions,,,,,,,,,2026-06-25T16:20:16+00:00,NEEDS DATA,No odds source loaded. No betting edge is produced without market odds.
X.Legette,00-0039342,CAR,,WR,Receptions,,,,,,,,,2026-06-25T16:20:16+00:00,NEEDS DATA,No odds source loaded. No betting edge is produced without market odds.
D.Eskridge,00-0036620,MIA,,WR,Receptions,,,,,,,,,2026-06-25T16:20:16+00:00,NEEDS DATA,No odds source loaded. No betting edge is produced without market odds.
A.Perry,00-0038612,NO,,WR,Receptions,,,,,,,,,2026-06-25T16:20:16+00:00,NEEDS DATA,No odds source loaded. No betting edge is produced without market odds.
D.Smith,00-0036912,PHI,,WR,Receptions,,,,,,,,,2026-06-25T16:20:16+00:00,NEEDS DATA,No odds source loaded. No betting edge is produced without market odds.
C.Wilson,00-0034418,NO,,WR,Receptions,,,,,,,,,2026-06-25T16:20:16+00:00,NEEDS DATA,No odds source loaded. No betting edge is produced without market odds.
D.Davis,00-0038573,LAC,,WR,Receptions,,,,,,,,,2026-06-25T16:20:16+00:00,NEEDS DATA,No odds source loaded. No betting edge is produced without market odds.
K.Wilkerson,00-0036183,LV,,WR,Receptions,,,,,,,,,2026-06-25T16:20:16+00:00,NEEDS DATA,No odds source loaded. No betting edge is produced without market odds.
W.Snead,00-0030663,SF,,WR,Receptions,,,,,,,,,2026-06-25T16:20:16+00:00,NEEDS DATA,No odds source loaded. No betting edge is produced without market odds.
C.Kirk,00-0034775,JAX,,WR,Receptions,,,,,,,,,2026-06-25T16:20:16+00:00,NEEDS DATA,No odds source loaded. No betting edge is produced without market odds.
H.Renfrow,00-0034983,LV,,WR,Receptions,,,,,,,,,2026-06-25T16:20:16+00:00,NEEDS DATA,No odds source loaded. No betting edge is produced without market odds.
J.Johnson,00-0036040,NO,,TE,Receptions,,,,,,,,,2026-06-25T16:20:16+00:00,NEEDS DATA,No odds source loaded. No betting edge is produced without market odds.
M.Thomas,00-0032765,NO,,WR,Receptions,,,,,,,,,2026-06-25T16:20:16+00:00,NEEDS DATA,No odds source loaded. No betting edge is produced without market odds.
K.Raymond,00-0032464,DET,,WR,Receptions,,,,,,,,,2026-06-25T16:20:16+00:00,NEEDS DATA,No odds source loaded. No betting edge is produced without market odds.
T.Dell,00-0038977,HOU,,WR,Receptions,,,,,,,,,2026-06-25T16:20:16+00:00,NEEDS DATA,No odds source loaded. No betting edge is produced without market odds.
I.Hodgins,00-0036165,NYG,,WR,Receptions,,,,,,,,,2026-06-25T16:20:16+00:00,NEEDS DATA,No odds source loaded. No betting edge is produced without market odds.
T.Lockett,00-0032211,SEA,,WR,Receptions,,,,,,,,,2026-06-25T16:20:16+00:00,NEEDS DATA,No odds source loaded. No betting edge is produced without market odds.
C.Moore,00-0032398,TEN,,WR,Receptions,,,,,,,,,2026-06-25T16:20:16+00:00,NEEDS DATA,No odds source loaded. No betting edge is produced without market odds.
N.Fant,00-0035644,SEA,,TE,Receptions,,,,,,,,,2026-06-25T16:20:16+00:00,NEEDS DATA,No odds source loaded. No betting edge is produced without market odds.
C.Ridley,00-0034837,TEN,,WR,Receptions,,,,,,,,,2026-06-25T16:20:16+00:00,NEEDS DATA,No odds source loaded. No betting edge is produced without market odds.
J.Reed,00-0039146,GB,,WR,Receptions,,,,,,,,,2026-06-25T16:20:16+00:00,NEEDS DATA,No odds source loaded. No betting edge is produced without market odds.
K.Kirkwood,00-0034317,NO,,WR,Receptions,,,,,,,,,2026-06-25T16:20:16+00:00,NEEDS DATA,No odds source loaded. No betting edge is produced without market odds.
J.Akins,00-0034364,CLE,,TE,Receptions,,,,,,,,,2026-06-25T16:20:16+00:00,NEEDS DATA,No odds source loaded. No betting edge is produced without market odds.
T.Johnson,00-0036427,LA,,WR,Receptions,,,,,,,,,2026-06-25T16:20:16+00:00,NEEDS DATA,No odds source loaded. No betting edge is produced without market odds.
M.Jones,00-0029293,DET,,WR,Receptions,,,,,,,,,2026-06-25T16:20:16+00:00,NEEDS DATA,No odds source loaded. No betting edge is produced without market odds.
J.Cowing,00-0039365,SF,,WR,Receptions,,,,,,,,,2026-06-25T16:20:16+00:00,NEEDS DATA,No odds source loaded. No betting edge is produced without market odds.
B.Means,00-0039386,NO,,WR,Receptions,,,,,,,,,2026-06-25T16:20:16+00:00,NEEDS DATA,No odds source loaded. No betting edge is produced without market odds.
R.Odunze,00-0039919,CHI,,WR,Receptions,,,,,,,,,2026-06-25T16:20:16+00:00,NEEDS DATA,No odds source loaded. No betting edge is produced without market odds.
T.Conklin,00-0034270,NYJ,,TE,Receptions,,,,,,,,,2026-06-25T16:20:16+00:00,NEEDS DATA,No odds source loaded. No betting edge is produced without market odds.
A.Lazard,00-0034521,NYJ,,WR,Receptions,,,,,,,,,2026-06-25T16:20:16+00:00,NEEDS DATA,No odds source loaded. No betting edge is produced without market odds.
C.Austin,00-0037837,PIT,,WR,Receptions,,,,,,,,,2026-06-25T16:20:16+00:00,NEEDS DATA,No odds source loaded. No betting edge is produced without market odds.
N.Westbrook-Ikhine,00-0036182,TEN,,WR,Receptions,,,,,,,,,2026-06-25T16:20:16+00:00,NEEDS DATA,No odds source loaded. No betting edge is produced without market odds.
B.Cooks,00-0031236,DAL,,WR,Receptions,,,,,,,,,2026-06-25T16:20:16+00:00,NEEDS DATA,No odds source loaded. No betting edge is produced without market odds.
E.All,00-0039814,CIN,,TE,Receptions,,,,,,,,,2026-06-25T16:20:16+00:00,NEEDS DATA,No odds source loaded. No betting edge is produced without market odds.
C.Samuel,00-0033282,BUF,,WR,Receptions,,,,,,,,,2026-06-25T16:20:16+00:00,NEEDS DATA,No odds source loaded. No betting edge is produced without market odds.
D.Wicks,00-0038393,GB,,WR,Receptions,,,,,,,,,2026-06-25T16:20:16+00:00,NEEDS DATA,No odds source loaded. No betting edge is produced without market odds.
T.Scott,00-0038941,CHI,,WR,Receptions,,,,,,,,,2026-06-25T16:20:16+00:00,NEEDS DATA,No odds source loaded. No betting edge is produced without market odds.
K.Philips,00-0037273,TEN,,WR,Receptions,,,,,,,,,2026-06-25T16:20:16+00:00,NEEDS DATA,No odds source loaded. No betting edge is produced without market odds.
J.Agnew,00-0033572,JAX,,WR,Receptions,,,,,,,,,2026-06-25T16:20:16+00:00,NEEDS DATA,No odds source loaded. No betting edge is produced without market odds.
B.Powell,00-0034646,MIN,,WR,Receptions,,,,,,,,,2026-06-25T16:20:16+00:00,NEEDS DATA,No odds source loaded. No betting edge is produced without market odds.
R.McCloud,00-0034407,ATL,,WR,Receptions,,,,,,,,,2026-06-25T16:20:16+00:00,NEEDS DATA,No odds source loaded. No betting edge is produced without market odds.
A.Brown,00-0035676,PHI,,WR,Receptions,,,,,,,,,2026-06-25T16:20:16+00:00,NEEDS DATA,No odds source loaded. No betting edge is produced without market odds.
I.Williams,00-0039451,CIN,,WR,Receptions,,,,,,,,,2026-06-25T16:20:16+00:00,NEEDS DATA,No odds source loaded. No betting edge is produced without market odds.
L.Shenault,00-0036268,SEA,,WR,Receptions,,,,,,,,,2026-06-25T16:20:16+00:00,NEEDS DATA,No odds source loaded. No betting edge is produced without market odds.
D.Duvernay,00-0036331,JAX,,WR,Receptions,,,,,,,,,2026-06-25T16:20:16+00:00,NEEDS DATA,No odds source loaded. No betting edge is produced without market odds.
K.Bourne,00-0033307,NE,,WR,Receptions,,,,,,,,,2026-06-25T16:20:16+00:00,NEEDS DATA,No odds source loaded. No betting edge is produced without market odds.
J.Guyton,00-0035414,LAC,,WR,Receptions,,,,,,,,,2026-06-25T16:20:16+00:00,NEEDS DATA,No odds source loaded. No betting edge is produced without market odds.
R.Cobb,00-0028002,NYJ,,WR,Receptions,,,,,,,,,2026-06-25T16:20:16+00:00,NEEDS DATA,No odds source loaded. No betting edge is produced without market odds.
M.Kinsey,00-0036176,TEN,,WR,Receptions,,,,,,,,,2026-06-25T16:20:16+00:00,NEEDS DATA,No odds source loaded. No betting edge is produced without market odds.
T.Boyd,00-0033009,TEN,,WR,Receptions,,,,,,,,,2026-06-25T16:20:16+00:00,NEEDS DATA,No odds source loaded. No betting edge is produced without market odds.
V.Jefferson,00-0036415,PIT,,WR,Receptions,,,,,,,,,2026-06-25T16:20:16+00:00,NEEDS DATA,No odds source loaded. No betting edge is produced without market odds.
D.Montgomery,00-0035045,IND,,WR,Receptions,,,,,,,,,2026-06-25T16:20:16+00:00,NEEDS DATA,No odds source loaded. No betting edge is produced without market odds.
J.Brownlee,00-0038492,NYJ,,WR,Receptions,,,,,,,,,2026-06-25T16:20:16+00:00,NEEDS DATA,No odds source loaded. No betting edge is produced without market odds.
D.Pettis,00-0034860,NO,,WR,Receptions,,,,,,,,,2026-06-25T16:20:16+00:00,NEEDS DATA,No odds source loaded. No betting edge is produced without market odds.
D.Thompkins,00-0037487,CAR,,WR,Receptions,,,,,,,,,2026-06-25T16:20:16+00:00,NEEDS DATA,No odds source loaded. No betting edge is produced without market odds.
S.Smartt,00-0037475,LAC,,TE,Receptions,,,,,,,,,2026-06-25T16:20:16+00:00,NEEDS DATA,No odds source loaded. No betting edge is produced without market odds.
T.Kelce,00-0030506,KC,,TE,Receptions,,,,,,,,,2026-06-25T16:20:16+00:00,NEEDS DATA,No odds source loaded. No betting edge is produced without market odds.
J.Crowder,00-0031941,WAS,,WR,Receptions,,,,,,,,,2026-06-25T16:20:16+00:00,NEEDS DATA,No odds source loaded. No betting edge is produced without market odds.
D.Sample,00-0035631,CIN,,TE,Receptions,,,,,,,,,2026-06-25T16:20:16+00:00,NEEDS DATA,No odds source loaded. No betting edge is produced without market odds.
A.Pierce,00-0037664,IND,,WR,Receptions,,,,,,,,,2026-06-25T16:20:16+00:00,NEEDS DATA,No odds source loaded. No betting edge is produced without market odds.
J.Bobo,00-0038752,SEA,,WR,Receptions,,,,,,,,,2026-06-25T16:20:16+00:00,NEEDS DATA,No odds source loaded. No betting edge is produced without market odds.
J.Tolbert,00-0037666,DAL,,WR,Receptions,,,,,,,,,2026-06-25T16:20:16+00:00,NEEDS DATA,No odds source loaded. No betting edge is produced without market odds.
D.Peoples-Jones,00-0036233,DET,,WR,Receptions,,,,,,,,,2026-06-25T16:20:16+00:00,NEEDS DATA,No odds source loaded. No betting edge is produced without market odds.
E.St. Brown,00-0034279,CHI,,WR,Receptions,,,,,,,,,2026-06-25T16:20:16+00:00,NEEDS DATA,No odds source loaded. No betting edge is produced without market odds.
D.Turner,00-0036527,LV,,WR,Receptions,,,,,,,,,2026-06-25T16:20:16+00:00,NEEDS DATA,No odds source loaded. No betting edge is produced without market odds.
F.Moreau,00-0034981,NO,,TE,Receptions,,,,,,,,,2026-06-25T16:20:16+00:00,NEEDS DATA,No odds source loaded. No betting edge is produced without market odds.
D.Parker,00-0031547,NE,,WR,Receptions,,,,,,,,,2026-06-25T16:20:16+00:00,NEEDS DATA,No odds source loaded. No betting edge is produced without market odds.
C.McCaffrey,00-0033280,SF,,RB,Receptions,,,,,,,,,2026-06-25T16:20:16+00:00,NEEDS DATA,No odds source loaded. No betting edge is produced without market odds.
Z.Flowers,00-0039064,BAL,,WR,Receptions,,,,,,,,,2026-06-25T16:20:16+00:00,NEEDS DATA,No odds source loaded. No betting edge is produced without market odds.
M.Valdes-Scantling,00-0034272,NO,,WR,Receptions,,,,,,,,,2026-06-25T16:20:16+00:00,NEEDS DATA,No odds source loaded. No betting edge is produced without market odds.
A.Gould,00-0039816,IND,,WR,Receptions,,,,,,,,,2026-06-25T16:20:16+00:00,NEEDS DATA,No odds source loaded. No betting edge is produced without market odds.
X.Smith,00-0038359,LA,,WR,Receptions,,,,,,,,,2026-06-25T16:20:16+00:00,NEEDS DATA,No odds source loaded. No betting edge is produced without market odds.
T.Hudson,00-0034613,CIN,,TE,Receptions,,,,,,,,,2026-06-25T16:20:16+00:00,NEEDS DATA,No odds source loaded. No betting edge is produced without market odds.
D.Vele,00-0039424,DEN,,WR,Receptions,,,,,,,,,2026-06-25T16:20:16+00:00,NEEDS DATA,No odds source loaded. No betting edge is produced without market odds.
M.Taylor,00-0035480,NYJ,,WR,Receptions,,,,,,,,,2026-06-25T16:20:16+00:00,NEEDS DATA,No odds source loaded. No betting edge is produced without market odds.
M.Williams,00-0033536,PIT,,WR,Receptions,,,,,,,,,2026-06-25T16:20:16+00:00,NEEDS DATA,No odds source loaded. No betting edge is produced without market odds.
R.Woods,00-0030431,HOU,,WR,Receptions,,,,,,,,,2026-06-25T16:20:16+00:00,NEEDS DATA,No odds source loaded. No betting edge is produced without market odds.
M.Tipton,00-0039623,NO,,WR,Receptions,,,,,,,,,2026-06-25T16:20:16+00:00,NEEDS DATA,No odds source loaded. No betting edge is produced without market odds.
T.Johnson,00-0039847,NYG,,TE,Receptions,,,,,,,,,2026-06-25T16:20:16+00:00,NEEDS DATA,No odds source loaded. No betting edge is produced without market odds.
D.Goedert,00-0034351,PHI,,TE,Receptions,,,,,,,,,2026-06-25T16:20:16+00:00,NEEDS DATA,No odds source loaded. No betting edge is produced without market odds.
B.Strange,00-0038935,JAX,,TE,Receptions,,,,,,,,,2026-06-25T16:20:16+00:00,NEEDS DATA,No odds source loaded. No betting edge is produced without market odds.
C.Claypool,00-0036326,MIA,,WR,Receptions,,,,,,,,,2026-06-25T16:20:16+00:00,NEEDS DATA,No odds source loaded. No betting edge is produced without market odds.
I.McKenzie,00-0033466,IND,,WR,Receptions,,,,,,,,,2026-06-25T16:20:16+00:00,NEEDS DATA,No odds source loaded. No betting edge is produced without market odds.
M.Boykin,00-0035703,PIT,,WR,Receptions,,,,,,,,,2026-06-25T16:20:16+00:00,NEEDS DATA,No odds source loaded. No betting edge is produced without market odds.
T.Shavers,00-0038679,BUF,,WR,Receptions,,,,,,,,,2026-06-25T16:20:16+00:00,NEEDS DATA,No odds source loaded. No betting edge is produced without market odds.
C.Grandy,00-0039631,CIN,,TE,Receptions,,,,,,,,,2026-06-25T16:20:16+00:00,NEEDS DATA,No odds source loaded. No betting edge is produced without market odds.
D.Mooney,00-0036309,ATL,,WR,Receptions,,,,,,,,,2026-06-25T16:20:16+00:00,NEEDS DATA,No odds source loaded. No betting edge is produced without market odds.
T.Patrick,00-0033375,DET,,WR,Receptions,,,,,,,,,2026-06-25T16:20:16+00:00,NEEDS DATA,No odds source loaded. No betting edge is produced without market odds.
L.Thomas,00-0031260,WAS,,TE,Receptions,,,,,,,,,2026-06-25T16:20:16+00:00,NEEDS DATA,No odds source loaded. No betting edge is produced without market odds.
S.Shepard,00-0032385,TB,,WR,Receptions,,,,,,,,,2026-06-25T16:20:16+00:00,NEEDS DATA,No odds source loaded. No betting edge is produced without market odds.
X.Hutchinson,00-0038618,HOU,,WR,Receptions,,,,,,,,,2026-06-25T16:20:16+00:00,NEEDS DATA,No odds source loaded. No betting edge is produced without market odds.
R.Jarrett,00-0038821,TB,,WR,Receptions,,,,,,,,,2026-06-25T16:20:16+00:00,NEEDS DATA,No odds source loaded. No betting edge is produced without market odds.
D.Waller,00-0031610,NYG,,TE,Receptions,,,,,,,,,2026-06-25T16:20:16+00:00,NEEDS DATA,No odds source loaded. No betting edge is produced without market odds.
C.Conley,00-0032128,SF,,WR,Receptions,,,,,,,,,2026-06-25T16:20:16+00:00,NEEDS DATA,No odds source loaded. No betting edge is produced without market odds.
M.Gallup,00-0034764,DAL,,WR,Receptions,,,,,,,,,2026-06-25T16:20:16+00:00,NEEDS DATA,No odds source loaded. No betting edge is produced without market odds.
W.Dissly,00-0034159,LAC,,TE,Receptions,,,,,,,,,2026-06-25T16:20:16+00:00,NEEDS DATA,No odds source loaded. No betting edge is produced without market odds.
B.Pringle,00-0034297,WAS,,WR,Receptions,,,,,,,,,2026-06-25T16:20:16+00:00,NEEDS DATA,No odds source loaded. No betting edge is produced without market odds.
D.Robinson,00-0032775,LA,,WR,Receptions,,,,,,,,,2026-06-25T16:20:16+00:00,NEEDS DATA,No odds source loaded. No betting edge is produced without market odds.
M.Heath,00-0038465,GB,,WR,Receptions,,,,,,,,,2026-06-25T16:20:16+00:00,NEEDS DATA,No odds source loaded. No betting edge is produced without market odds.
M.Goodwin,00-0030068,CLE,,WR,Receptions,,,,,,,,,2026-06-25T16:20:16+00:00,NEEDS DATA,No odds source loaded. No betting edge is produced without market odds.
T.Kraft,00-0038996,GB,,TE,Receptions,,,,,,,,,2026-06-25T16:20:16+00:00,NEEDS DATA,No odds source loaded. No betting edge is produced without market odds.
L.Humphrey,00-0035406,DEN,,WR,Receptions,,,,,,,,,2026-06-25T16:20:16+00:00,NEEDS DATA,No odds source loaded. No betting edge is produced without market odds.
A.Jones,00-0033293,MIN,,RB,Receptions,,,,,,,,,2026-06-25T16:20:16+00:00,NEEDS DATA,No odds source loaded. No betting edge is produced without market odds.
D.Chisena,00-0035976,CAR,,WR,Receptions,,,,,,,,,2026-06-25T16:20:16+00:00,NEEDS DATA,No odds source loaded. No betting edge is produced without market odds.
R.Flournoy,00-0039410,DAL,,WR,Receptions,,,,,,,,,2026-06-25T16:20:16+00:00,NEEDS DATA,No odds source loaded. No betting edge is produced without market odds.
K.Austin,00-0037231,NO,,WR,Receptions,,,,,,,,,2026-06-25T16:20:16+00:00,NEEDS DATA,No odds source loaded. No betting edge is produced without market odds.
J.Gibbs,00-0039139,DET,,RB,Receptions,,,,,,,,,2026-06-25T16:20:16+00:00,NEEDS DATA,No odds source loaded. No betting edge is produced without market odds.
C.White,00-0035891,SEA,,WR,Receptions,,,,,,,,,2026-06-25T16:20:16+00:00,NEEDS DATA,No odds source loaded. No betting edge is produced without market odds.
S.Morgan,00-0035399,CIN,,WR,Receptions,,,,,,,,,2026-06-25T16:20:16+00:00,NEEDS DATA,No odds source loaded. No betting edge is produced without market odds.
C.Brown,00-0038597,CIN,,RB,Receptions,,,,,,,,,2026-06-25T16:20:16+00:00,NEEDS DATA,No odds source loaded. No betting edge is produced without market odds.
T.Jones,00-0036497,JAX,,WR,Receptions,,,,,,,,,2026-06-25T16:20:16+00:00,NEEDS DATA,No odds source loaded. No betting edge is produced without market odds.
A.Trammell,00-0036841,JAX,,WR,Receptions,,,,,,,,,2026-06-25T16:20:16+00:00,NEEDS DATA,No odds source loaded. No betting edge is produced without market odds.
A.Miller,00-0034353,BAL,,WR,Receptions,,,,,,,,,2026-06-25T16:20:16+00:00,NEEDS DATA,No odds source loaded. No betting edge is produced without market odds.
A.Green,00-0038627,DET,,WR,Receptions,,,,,,,,,2026-06-25T16:20:16+00:00,NEEDS DATA,No odds source loaded. No betting edge is produced without market odds.
B.Oliver,00-0039650,TEN,,WR,Receptions,,,,,,,,,2026-06-25T16:20:16+00:00,NEEDS DATA,No odds source loaded. No betting edge is produced without market odds.
D.Moore,00-0033589,CAR,,WR,Receptions,,,,,,,,,2026-06-25T16:20:16+00:00,NEEDS DATA,No odds source loaded. No betting edge is produced without market odds.
J.Ferguson,00-0038041,DAL,,TE,Receptions,,,,,,,,,2026-06-25T16:20:16+00:00,NEEDS DATA,No odds source loaded. No betting edge is produced without market odds.
A.Hooper,00-0032392,NE,,TE,Receptions,,,,,,,,,2026-06-25T16:20:16+00:00,NEEDS DATA,No odds source loaded. No betting edge is produced without market odds.
G.DuBose,00-0038507,MIA,,WR,Receptions,,,,,,,,,2026-06-25T16:20:16+00:00,NEEDS DATA,No odds source loaded. No betting edge is produced without market odds.
J.Darden,00-0036877,SEA,,WR,Receptions,,,,,,,,,2026-06-25T16:20:16+00:00,NEEDS DATA,No odds source loaded. No betting edge is produced without market odds.
R.Bateman,00-0036550,BAL,,WR,Receptions,,,,,,,,,2026-06-25T16:20:16+00:00,NEEDS DATA,No odds source loaded. No betting edge is produced without market odds.
A.Kamara,00-0033906,NO,,RB,Receptions,,,,,,,,,2026-06-25T16:20:16+00:00,NEEDS DATA,No odds source loaded. No betting edge is produced without market odds.
R.Miller,00-0038824,TB,,WR,Receptions,,,,,,,,,2026-06-25T16:20:16+00:00,NEEDS DATA,No odds source loaded. No betting edge is produced without market odds.
C.Watson,00-0038124,GB,,WR,Receptions,,,,,,,,,2026-06-25T16:20:16+00:00,NEEDS DATA,No odds source loaded. No betting edge is produced without market odds.
M.Hollins,00-0033555,BUF,,WR,Receptions,,,,,,,,,2026-06-25T16:20:16+00:00,NEEDS DATA,No odds source loaded. No betting edge is produced without market odds.
L.McCaffrey,00-0039355,WAS,,WR,Receptions,,,,,,,,,2026-06-25T16:20:16+00:00,NEEDS DATA,No odds source loaded. No betting edge is produced without market odds.
S.Jackson,00-0038891,CIN,,WR,Receptions,,,,,,,,,2026-06-25T16:20:16+00:00,NEEDS DATA,No odds source loaded. No betting edge is produced without market odds.
H.Henry,00-0033090,NE,,TE,Receptions,,,,,,,,,2026-06-25T16:20:16+00:00,NEEDS DATA,No odds source loaded. No betting edge is produced without market odds.
A.Smith,00-0039747,PHI,,WR,Receptions,,,,,,,,,2026-06-25T16:20:16+00:00,NEEDS DATA,No odds source loaded. No betting edge is produced without market odds.
M.Hardman,00-0035140,KC,,WR,Receptions,,,,,,,,,2026-06-25T16:20:16+00:00,NEEDS DATA,No odds source loaded. No betting edge is produced without market odds.
J.Whyle,00-0038589,TEN,,TE,Receptions,,,,,,,,,2026-06-25T16:20:16+00:00,NEEDS DATA,No odds source loaded. No betting edge is produced without market odds.
E.Cooks,00-0038667,JAX,,WR,Receptions,,,,,,,,,2026-06-25T16:20:16+00:00,NEEDS DATA,No odds source loaded. No betting edge is produced without market odds.
C.Thompson,00-0035164,TB,,WR,Receptions,,,,,,,,,2026-06-25T16:20:16+00:00,NEEDS DATA,No odds source loaded. No betting edge is produced without market odds.
C.Otton,00-0038129,TB,,TE,Receptions,,,,,,,,,2026-06-25T16:20:16+00:00,NEEDS DATA,No odds source loaded. No betting edge is produced without market odds.
T.Marshall,00-0036955,LV,,WR,Receptions,,,,,,,,,2026-06-25T16:20:16+00:00,NEEDS DATA,No odds source loaded. No betting edge is produced without market odds.
S.Toure,00-0037098,GB,,WR,Receptions,,,,,,,,,2026-06-25T16:20:16+00:00,NEEDS DATA,No odds source loaded. No betting edge is produced without market odds.
D.Schultz,00-0034383,HOU,,TE,Receptions,,,,,,,,,2026-06-25T16:20:16+00:00,NEEDS DATA,No odds source loaded. No betting edge is produced without market odds.
K.Turpin,00-0037801,DAL,,WR,Receptions,,,,,,,,,2026-06-25T16:20:16+00:00,NEEDS DATA,No odds source loaded. No betting edge is produced without market odds.
T.Franklin,00-0039868,DEN,,WR,Receptions,,,,,,,,,2026-06-25T16:20:16+00:00,NEEDS DATA,No odds source loaded. No betting edge is produced without market odds.
Q.Watkins,00-0036271,PHI,,WR,Receptions,,,,,,,,,2026-06-25T16:20:16+00:00,NEEDS DATA,No odds source loaded. No betting edge is produced without market odds.
J.Reagor,00-0036387,LAC,,WR,Receptions,,,,,,,,,2026-06-25T16:20:16+00:00,NEEDS DATA,No odds source loaded. No betting edge is produced without market odds.
A.Barner,00-0039793,SEA,,TE,Receptions,,,,,,,,,2026-06-25T16:20:16+00:00,NEEDS DATA,No odds source loaded. No betting edge is produced without market odds.
Z.Moss,00-0036251,CIN,,RB,Receptions,,,,,,,,,2026-06-25T16:20:16+00:00,NEEDS DATA,No odds source loaded. No betting edge is produced without market odds.
H.Bryant,00-0036232,LV,,TE,Receptions,,,,,,,,,2026-06-25T16:20:16+00:00,NEEDS DATA,No odds source loaded. No betting edge is produced without market odds.
J.Smith-Schuster,00-0033857,KC,,WR,Receptions,,,,,,,,,2026-06-25T16:20:16+00:00,NEEDS DATA,No odds source loaded. No betting edge is produced without market odds.
G.Davis,00-0036196,JAX,,WR,Receptions,,,,,,,,,2026-06-25T16:20:16+00:00,NEEDS DATA,No odds source loaded. No betting edge is produced without market odds.
X.Gipson,00-0038496,NYJ,,WR,Receptions,,,,,,,,,2026-06-25T16:20:16+00:00,NEEDS DATA,No odds source loaded. No betting edge is produced without market odds.
O.Beckham,00-0031235,MIA,,WR,Receptions,,,,,,,,,2026-06-25T16:20:16+00:00,NEEDS DATA,No odds source loaded. No betting edge is produced without market odds.
D.Culp,00-0039754,TB,,TE,Receptions,,,,,,,,,2026-06-25T16:20:16+00:00,NEEDS DATA,No odds source loaded. No betting edge is produced without market odds.
A.Abdullah,00-0032104,LV,,RB,Receptions,,,,,,,,,2026-06-25T16:20:16+00:00,NEEDS DATA,No odds source loaded. No betting edge is produced without market odds.
M.Woods,00-0037300,CLE,,WR,Receptions,,,,,,,,,2026-06-25T16:20:16+00:00,NEEDS DATA,No odds source loaded. No betting edge is produced without market odds.
B.Covey,00-0037132,PHI,,WR,Receptions,,,,,,,,,2026-06-25T16:20:16+00:00,NEEDS DATA,No odds source loaded. No betting edge is produced without market odds.
D.Achane,00-0039040,MIA,,RB,Receptions,,,,,,,,,2026-06-25T16:20:16+00:00,NEEDS DATA,No odds source loaded. No betting edge is produced without market odds.
K.Davis,00-0037380,CLE,,WR,Receptions,,,,,,,,,2026-06-25T16:20:16+00:00,NEEDS DATA,No odds source loaded. No betting edge is produced without market odds.
E.Saubert,00-0033576,SF,,TE,Receptions,,,,,,,,,2026-06-25T16:20:16+00:00,NEEDS DATA,No odds source loaded. No betting edge is produced without market odds.
A.Cooper,00-0031544,BUF,,WR,Receptions,,,,,,,,,2026-06-25T16:20:16+00:00,NEEDS DATA,No odds source loaded. No betting edge is produced without market odds.
B.Sinnott,00-0039912,WAS,,TE,Receptions,,,,,,,,,2026-06-25T16:20:16+00:00,NEEDS DATA,No odds source loaded. No betting edge is produced without market odds.
K.Coleman,00-0039901,BUF,,WR,Receptions,,,,,,,,,2026-06-25T16:20:16+00:00,NEEDS DATA,No odds source loaded. No betting edge is produced without market odds.
A.Ekeler,00-0033699,WAS,,RB,Receptions,,,,,,,,,2026-06-25T16:20:16+00:00,NEEDS DATA,No odds source loaded. No betting edge is produced without market odds.
S.Miller,00-0035298,PIT,,WR,Receptions,,,,,,,,,2026-06-25T16:20:16+00:00,NEEDS DATA,No odds source loaded. No betting edge is produced without market odds.
Ju.Watson,00-0034386,KC,,WR,Receptions,,,,,,,,,2026-06-25T16:20:16+00:00,NEEDS DATA,No odds source loaded. No betting edge is produced without market odds.
M.Brown,00-0035662,KC,,WR,Receptions,,,,,,,,,2026-06-25T16:20:16+00:00,NEEDS DATA,No odds source loaded. No betting edge is produced without market odds.
M.Andrews,00-0034753,BAL,,TE,Receptions,,,,,,,,,2026-06-25T16:20:16+00:00,NEEDS DATA,No odds source loaded. No betting edge is produced without market odds.
N.Muse,00-0037317,MIN,,TE,Receptions,,,,,,,,,2026-06-25T16:20:16+00:00,NEEDS DATA,No odds source loaded. No betting edge is produced without market odds.
C.Dowell,00-0038632,TEN,,WR,Receptions,,,,,,,,,2026-06-25T16:20:16+00:00,NEEDS DATA,No odds source loaded. No betting edge is produced without market odds.
C.Fotheringham,00-0037506,LV,,TE,Receptions,,,,,,,,,2026-06-25T16:20:16+00:00,NEEDS DATA,No odds source loaded. No betting edge is produced without market odds.
D.Carter,00-0031763,CHI,,WR,Receptions,,,,,,,,,2026-06-25T16:20:16+00:00,NEEDS DATA,No odds source loaded. No betting edge is produced without market odds.
M.Corley,00-0039920,NYJ,,WR,Receptions,,,,,,,,,2026-06-25T16:20:16+00:00,NEEDS DATA,No odds source loaded. No betting edge is produced without market odds.
T.Martin,00-0037524,TEN,,WR,Receptions,,,,,,,,,2026-06-25T16:20:16+00:00,NEEDS DATA,No odds source loaded. No betting edge is produced without market odds.
D.Hopkins,00-0030564,KC,,WR,Receptions,,,,,,,,,2026-06-25T16:20:16+00:00,NEEDS DATA,No odds source loaded. No betting edge is produced without market odds.
T.Reiman,00-0039737,ARI,,TE,Receptions,,,,,,,,,2026-06-25T16:20:16+00:00,NEEDS DATA,No odds source loaded. No betting edge is produced without market odds.
J.Oliver,00-0035249,MIN,,TE,Receptions,,,,,,,,,2026-06-25T16:20:16+00:00,NEEDS DATA,No odds source loaded. No betting edge is produced without market odds.
G.Swaim,00-0032141,CLE,,TE,Receptions,,,,,,,,,2026-06-25T16:20:16+00:00,NEEDS DATA,No odds source loaded. No betting edge is produced without market odds.
J.Conner,00-0033553,ARI,,RB,Receptions,,,,,,,,,2026-06-25T16:20:16+00:00,NEEDS DATA,No odds source loaded. No betting edge is produced without market odds.
J.Jones,00-0027944,PHI,,WR,Receptions,,,,,,,,,2026-06-25T16:20:16+00:00,NEEDS DATA,No odds source loaded. No betting edge is produced without market odds.
T.McAllister,00-0037450,LV,,WR,Receptions,,,,,,,,,2026-06-25T16:20:16+00:00,NEEDS DATA,No odds source loaded. No betting edge is produced without market odds.
K.Walker,00-0038134,SEA,,RB,Receptions,,,,,,,,,2026-06-25T16:20:16+00:00,NEEDS DATA,No odds source loaded. No betting edge is produced without market odds.
I.Smith,00-0034970,HOU,,TE,Receptions,,,,,,,,,2026-06-25T16:20:16+00:00,NEEDS DATA,No odds source loaded. No betting edge is produced without market odds.
T.Fisk,00-0037654,LAC,,TE,Receptions,,,,,,,,,2026-06-25T16:20:16+00:00,NEEDS DATA,No odds source loaded. No betting edge is produced without market odds.
A.Baccellia,00-0035876,ARI,,WR,Receptions,,,,,,,,,2026-06-25T16:20:16+00:00,NEEDS DATA,No odds source loaded. No betting edge is produced without market odds.
T.Burks,00-0037742,TEN,,WR,Receptions,,,,,,,,,2026-06-25T16:20:16+00:00,NEEDS DATA,No odds source loaded. No betting edge is produced without market odds.
A.Robinson,00-0031428,DET,,WR,Receptions,,,,,,,,,2026-06-25T16:20:16+00:00,NEEDS DATA,No odds source loaded. No betting edge is produced without market odds.
M.Carter,00-0036924,ARI,,RB,Receptions,,,,,,,,,2026-06-25T16:20:16+00:00,NEEDS DATA,No odds source loaded. No betting edge is produced without market odds.
C.Kmet,00-0036290,CHI,,TE,Receptions,,,,,,,,,2026-06-25T16:20:16+00:00,NEEDS DATA,No odds source loaded. No betting edge is produced without market odds.
J.Warren,00-0037228,PIT,,RB,Receptions,,,,,,,,,2026-06-25T16:20:16+00:00,NEEDS DATA,No odds source loaded. No betting edge is produced without market odds.
J.Jackson,00-0039614,NO,,WR,Receptions,,,,,,,,,2026-06-25T16:20:16+00:00,NEEDS DATA,No odds source loaded. No betting edge is produced without market odds.
Z.Pascal,00-0033251,ARI,,WR,Receptions,,,,,,,,,2026-06-25T16:20:16+00:00,NEEDS DATA,No odds source loaded. No betting edge is produced without market odds.
E.Higgins,00-0039041,ARI,,TE,Receptions,,,,,,,,,2026-06-25T16:20:16+00:00,NEEDS DATA,No odds source loaded. No betting edge is produced without market odds.
D.Slayton,00-0035535,NYG,,WR,Receptions,,,,,,,,,2026-06-25T16:20:16+00:00,NEEDS DATA,No odds source loaded. No betting edge is produced without market odds.
J.Shenker,00-0038920,LV,,TE,Receptions,,,,,,,,,2026-06-25T16:20:16+00:00,NEEDS DATA,No odds source loaded. No betting edge is produced without market odds.
M.Wilcox,00-0035771,CIN,,TE,Receptions,,,,,,,,,2026-06-25T16:20:16+00:00,NEEDS DATA,No odds source loaded. No betting edge is produced without market odds.
M.Strachan,00-0036482,CAR,,WR,Receptions,,,,,,,,,2026-06-25T16:20:16+00:00,NEEDS DATA,No odds source loaded. No betting edge is produced without market odds.
B.Hopkins,00-0036424,LA,,TE,Receptions,,,,,,,,,2026-06-25T16:20:16+00:00,NEEDS DATA,No odds source loaded. No betting edge is produced without market odds.
M.Alexander,00-0037708,DET,,WR,Receptions,,,,,,,,,2026-06-25T16:20:16+00:00,NEEDS DATA,No odds source loaded. No betting edge is produced without market odds.
P.Durham,00-0039050,TB,,TE,Receptions,,,,,,,,,2026-06-25T16:20:16+00:00,NEEDS DATA,No odds source loaded. No betting edge is produced without market odds.
J.Graham,00-0027696,NO,,TE,Receptions,,,,,,,,,2026-06-25T16:20:16+00:00,NEEDS DATA,No odds source loaded. No betting edge is produced without market odds.
T.Wallace,00-0036630,BAL,,WR,Receptions,,,,,,,,,2026-06-25T16:20:16+00:00,NEEDS DATA,No odds source loaded. No betting edge is produced without market odds.
J.Reynolds,00-0033943,JAX,,WR,Receptions,,,,,,,,,2026-06-25T16:20:16+00:00,NEEDS DATA,No odds source loaded. No betting edge is produced without market odds.
D.Johnson,00-0035216,HOU,,WR,Receptions,,,,,,,,,2026-06-25T16:20:16+00:00,NEEDS DATA,No odds source loaded. No betting edge is produced without market odds.
K.Hodge,00-0034854,ATL,,WR,Receptions,,,,,,,,,2026-06-25T16:20:16+00:00,NEEDS DATA,No odds source loaded. No betting edge is produced without market odds.
K.Pitts,00-0036970,ATL,,TE,Receptions,,,,,,,,,2026-06-25T16:20:16+00:00,NEEDS DATA,No odds source loaded. No betting edge is produced without market odds.
S.Zylstra,00-0036534,DET,,TE,Receptions,,,,,,,,,2026-06-25T16:20:16+00:00,NEEDS DATA,No odds source loaded. No betting edge is produced without market odds.
J.Mundt,00-0033246,MIN,,TE,Receptions,,,,,,,,,2026-06-25T16:20:16+00:00,NEEDS DATA,No odds source loaded. No betting edge is produced without market odds.
N.Adkins,00-0038783,DEN,,TE,Receptions,,,,,,,,,2026-06-25T16:20:16+00:00,NEEDS DATA,No odds source loaded. No betting edge is produced without market odds.
N.Vannett,00-0032394,TEN,,TE,Receptions,,,,,,,,,2026-06-25T16:20:16+00:00,NEEDS DATA,No odds source loaded. No betting edge is produced without market odds.
I.Guerendo,00-0039363,SF,,RB,Receptions,,,,,,,,,2026-06-25T16:20:16+00:00,NEEDS DATA,No odds source loaded. No betting edge is produced without market odds.
P.Campbell,00-0035639,PHI,,WR,Receptions,,,,,,,,,2026-06-25T16:20:16+00:00,NEEDS DATA,No odds source loaded. No betting edge is produced without market odds.
C.Turner,00-0037078,WAS,,TE,Receptions,,,,,,,,,2026-06-25T16:20:16+00:00,NEEDS DATA,No odds source loaded. No betting edge is produced without market odds.
D.Chark,00-0034777,LAC,,WR,Receptions,,,,,,,,,2026-06-25T16:20:16+00:00,NEEDS DATA,No odds source loaded. No betting edge is produced without market odds.
D.Parham,00-0035329,LAC,,TE,Receptions,,,,,,,,,2026-06-25T16:20:16+00:00,NEEDS DATA,No odds source loaded. No betting edge is produced without market odds.
A.Mattison,00-0034972,LV,,RB,Receptions,,,,,,,,,2026-06-25T16:20:16+00:00,NEEDS DATA,No odds source loaded. No betting edge is produced without market odds.
D.Holker,00-0039613,NO,,TE,Receptions,,,,,,,,,2026-06-25T16:20:16+00:00,NEEDS DATA,No odds source loaded. No betting edge is produced without market odds.
J.Burton,00-0039810,CIN,,WR,Receptions,,,,,,,,,2026-06-25T16:20:16+00:00,NEEDS DATA,No odds source loaded. No betting edge is produced without market odds.
J.Dotson,00-0037741,PHI,,WR,Receptions,,,,,,,,,2026-06-25T16:20:16+00:00,NEEDS DATA,No odds source loaded. No betting edge is produced without market odds.
J.Brooks,00-0038640,DAL,,WR,Receptions,,,,,,,,,2026-06-25T16:20:16+00:00,NEEDS DATA,No odds source loaded. No betting edge is produced without market odds.
T.Tremble,00-0037005,CAR,,TE,Receptions,,,,,,,,,2026-06-25T16:20:16+00:00,NEEDS DATA,No odds source loaded. No betting edge is produced without market odds.
H.Long,00-0037004,LA,,TE,Receptions,,,,,,,,,2026-06-25T16:20:16+00:00,NEEDS DATA,No odds source loaded. No betting edge is produced without market odds.
T.Conner,00-0037348,MIA,,TE,Receptions,,,,,,,,,2026-06-25T16:20:16+00:00,NEEDS DATA,No odds source loaded. No betting edge is produced without market odds.
S.Sims,00-0034928,BAL,,WR,Receptions,,,,,,,,,2026-06-25T16:20:16+00:00,NEEDS DATA,No odds source loaded. No betting edge is produced without market odds.
J.Ford,00-0037267,CLE,,RB,Receptions,,,,,,,,,2026-06-25T16:20:16+00:00,NEEDS DATA,No odds source loaded. No betting edge is produced without market odds.
L.Krull,00-0037539,DEN,,TE,Receptions,,,,,,,,,2026-06-25T16:20:16+00:00,NEEDS DATA,No odds source loaded. No betting edge is produced without market odds.
M.Mayer,00-0039066,LV,,TE,Receptions,,,,,,,,,2026-06-25T16:20:16+00:00,NEEDS DATA,No odds source loaded. No betting edge is produced without market odds.
S.Fehoko,00-0036646,LAC,,WR,Receptions,,,,,,,,,2026-06-25T16:20:16+00:00,NEEDS DATA,No odds source loaded. No betting edge is produced without market odds.
D.Bellinger,00-0038115,NYG,,TE,Receptions,,,,,,,,,2026-06-25T16:20:16+00:00,NEEDS DATA,No odds source loaded. No betting edge is produced without market odds.
T.Irwin,00-0035341,CIN,,WR,Receptions,,,,,,,,,2026-06-25T16:20:16+00:00,NEEDS DATA,No odds source loaded. No betting edge is produced without market odds.
J.Mitchell,00-0037282,DET,,TE,Receptions,,,,,,,,,2026-06-25T16:20:16+00:00,NEEDS DATA,No odds source loaded. No betting edge is produced without market odds.
C.Parkinson,00-0036244,LA,,TE,Receptions,,,,,,,,,2026-06-25T16:20:16+00:00,NEEDS DATA,No odds source loaded. No betting edge is produced without market odds.
D.Henderson,00-0035664,LA,,RB,Receptions,,,,,,,,,2026-06-25T16:20:16+00:00,NEEDS DATA,No odds source loaded. No betting edge is produced without market odds.
C.Johnson,00-0036254,CHI,,WR,Receptions,,,,,,,,,2026-06-25T16:20:16+00:00,NEEDS DATA,No odds source loaded. No betting edge is produced without market odds.
D.Wells,00-0034575,TB,,TE,Receptions,,,,,,,,,2026-06-25T16:20:16+00:00,NEEDS DATA,No odds source loaded. No betting edge is produced without market odds.
A.Rodgers,00-0036991,IND,,WR,Receptions,,,,,,,,,2026-06-25T16:20:16+00:00,NEEDS DATA,No odds source loaded. No betting edge is produced without market odds.
J.Deguara,00-0036332,JAX,,TE,Receptions,,,,,,,,,2026-06-25T16:20:16+00:00,NEEDS DATA,No odds source loaded. No betting edge is produced without market odds.
A.Mitchell,00-0039890,IND,,WR,Receptions,,,,,,,,,2026-06-25T16:20:16+00:00,NEEDS DATA,No odds source loaded. No betting edge is produced without market odds.
A.Erickson,00-0032543,NE,,WR,Receptions,,,,,,,,,2026-06-25T16:20:16+00:00,NEEDS DATA,No odds source loaded. No betting edge is produced without market odds.
T.Spears,00-0039032,TEN,,RB,Receptions,,,,,,,,,2026-06-25T16:20:16+00:00,NEEDS DATA,No odds source loaded. No betting edge is produced without market odds.
I.Likely,00-0037838,BAL,,TE,Receptions,,,,,,,,,2026-06-25T16:20:16+00:00,NEEDS DATA,No odds source loaded. No betting edge is produced without market odds.
B.Wright,00-0036754,DET,,TE,Receptions,,,,,,,,,2026-06-25T16:20:16+00:00,NEEDS DATA,No odds source loaded. No betting edge is produced without market odds.
K.Jackson,00-0038969,TEN,,WR,Receptions,,,,,,,,,2026-06-25T16:20:16+00:00,NEEDS DATA,No odds source loaded. No betting edge is produced without market odds.
T.Palmer,00-0039052,TB,,WR,Receptions,,,,,,,,,2026-06-25T16:20:16+00:00,NEEDS DATA,No odds source loaded. No betting edge is produced without market odds.
B.Irving,00-0039361,TB,,RB,Receptions,,,,,,,,,2026-06-25T16:20:16+00:00,NEEDS DATA,No odds source loaded. No betting edge is produced without market odds.
M.Lewis,00-0024243,CHI,,TE,Receptions,,,,,,,,,2026-06-25T16:20:16+00:00,NEEDS DATA,No odds source loaded. No betting edge is produced without market odds.
K.Herbert,00-0036906,CIN,,RB,Receptions,,,,,,,,,2026-06-25T16:20:16+00:00,NEEDS DATA,No odds source loaded. No betting edge is produced without market odds.
D.Washington,00-0038558,PIT,,TE,Receptions,,,,,,,,,2026-06-25T16:20:16+00:00,NEEDS DATA,No odds source loaded. No betting edge is produced without market odds.
J.Ruckert,00-0037805,NYJ,,TE,Receptions,,,,,,,,,2026-06-25T16:20:16+00:00,NEEDS DATA,No odds source loaded. No betting edge is produced without market odds.
C.Stover,00-0039359,HOU,,TE,Receptions,,,,,,,,,2026-06-25T16:20:16+00:00,NEEDS DATA,No odds source loaded. No betting edge is produced without market odds.
P.Dorsett,00-0032208,DEN,,WR,Receptions,,,,,,,,,2026-06-25T16:20:16+00:00,NEEDS DATA,No odds source loaded. No betting edge is produced without market odds.
N.Gray,00-0036637,KC,,TE,Receptions,,,,,,,,,2026-06-25T16:20:16+00:00,NEEDS DATA,No odds source loaded. No betting edge is produced without market odds.
R.Bell,00-0038647,SF,,WR,Receptions,,,,,,,,,2026-06-25T16:20:16+00:00,NEEDS DATA,No odds source loaded. No betting edge is produced without market odds.
J.Winfree,00-0035593,IND,,WR,Receptions,,,,,,,,,2026-06-25T16:20:16+00:00,NEEDS DATA,No odds source loaded. No betting edge is produced without market odds.
P.Hendershot,00-0037569,KC,,TE,Receptions,,,,,,,,,2026-06-25T16:20:16+00:00,NEEDS DATA,No odds source loaded. No betting edge is produced without market odds.
L.Farrell,00-0036887,JAX,,TE,Receptions,,,,,,,,,2026-06-25T16:20:16+00:00,NEEDS DATA,No odds source loaded. No betting edge is produced without market odds.
Co.Heyward,00-0037304,PIT,,TE,Receptions,,,,,,,,,2026-06-25T16:20:16+00:00,NEEDS DATA,No odds source loaded. No betting edge is produced without market odds.
I.Smith-Marsette,00-0036635,NYG,,WR,Receptions,,,,,,,,,2026-06-25T16:20:16+00:00,NEEDS DATA,No odds source loaded. No betting edge is produced without market odds.
G.Olszewski,00-0035645,NYG,,WR,Receptions,,,,,,,,,2026-06-25T16:20:16+00:00,NEEDS DATA,No odds source loaded. No betting edge is produced without market odds.
B.Ford-Wheaton,00-0038477,NYG,,WR,Receptions,,,,,,,,,2026-06-25T16:20:16+00:00,NEEDS DATA,No odds source loaded. No betting edge is produced without market odds.
J.Williams,00-0036997,DEN,,RB,Receptions,,,,,,,,,2026-06-25T16:20:16+00:00,NEEDS DATA,No odds source loaded. No betting edge is produced without market odds.
B.Hall,00-0038120,NYJ,,RB,Receptions,,,,,,,,,2026-06-25T16:20:16+00:00,NEEDS DATA,No odds source loaded. No betting edge is produced without market odds.
D.Byrd,00-0031868,ATL,,WR,Receptions,,,,,,,,,2026-06-25T16:20:16+00:00,NEEDS DATA,No odds source loaded. No betting edge is produced without market odds.
K.Osborn,00-0036345,WAS,,WR,Receptions,,,,,,,,,2026-06-25T16:20:16+00:00,NEEDS DATA,No odds source loaded. No betting edge is produced without market odds.
K.Williams,00-0037840,LA,,RB,Receptions,,,,,,,,,2026-06-25T16:20:16+00:00,NEEDS DATA,No odds source loaded. No betting edge is produced without market odds.
J.Mingo,00-0039062,DAL,,WR,Receptions,,,,,,,,,2026-06-25T16:20:16+00:00,NEEDS DATA,No odds source loaded. No betting edge is produced without market odds.
R.Tonyan,00-0033757,CHI,,TE,Receptions,,,,,,,,,2026-06-25T16:20:16+00:00,NEEDS DATA,No odds source loaded. No betting edge is produced without market odds.
C.Hubbard,00-0036555,CAR,,RB,Receptions,,,,,,,,,2026-06-25T16:20:16+00:00,NEEDS DATA,No odds source loaded. No betting edge is produced without market odds.
T.Montgomery,00-0032200,NE,,WR,Receptions,,,,,,,,,2026-06-25T16:20:16+00:00,NEEDS DATA,No odds source loaded. No betting edge is produced without market odds.
R.White,00-0037256,TB,,RB,Receptions,,,,,,,,,2026-06-25T16:20:16+00:00,NEEDS DATA,No odds source loaded. No betting edge is produced without market odds.
J.Wiley,00-0039824,KC,,TE,Receptions,,,,,,,,,2026-06-25T16:20:16+00:00,NEEDS DATA,No odds source loaded. No betting edge is produced without market odds.
H.Hurst,00-0034830,LAC,,TE,Receptions,,,,,,,,,2026-06-25T16:20:16+00:00,NEEDS DATA,No odds source loaded. No betting edge is produced without market odds.
L.Schoonmaker,00-0038547,DAL,,TE,Receptions,,,,,,,,,2026-06-25T16:20:16+00:00,NEEDS DATA,No odds source loaded. No betting edge is produced without market odds.
D.Montgomery,00-0035685,DET,,RB,Receptions,,,,,,,,,2026-06-25T16:20:16+00:00,NEEDS DATA,No odds source loaded. No betting edge is produced without market odds.
T.Thornton,00-0038104,NE,,WR,Receptions,,,,,,,,,2026-06-25T16:20:16+00:00,NEEDS DATA,No odds source loaded. No betting edge is produced without market odds.
J.Horsted,00-0035562,LV,,TE,Receptions,,,,,,,,,2026-06-25T16:20:16+00:00,NEEDS DATA,No odds source loaded. No betting edge is produced without market odds.
J.Mims,00-0038678,NO,,RB,Receptions,,,,,,,,,2026-06-25T16:20:16+00:00,NEEDS DATA,No odds source loaded. No betting edge is produced without market odds.
T.Etienne,00-0036973,JAX,,RB,Receptions,,,,,,,,,2026-06-25T16:20:16+00:00,NEEDS DATA,No odds source loaded. No betting edge is produced without market odds.
B.Whiteheart,00-0038710,CLE,,TE,Receptions,,,,,,,,,2026-06-25T16:20:16+00:00,NEEDS DATA,No odds source loaded. No betting edge is produced without market odds.
D.Kincaid,00-0038933,BUF,,TE,Receptions,,,,,,,,,2026-06-25T16:20:16+00:00,NEEDS DATA,No odds source loaded. No betting edge is produced without market odds.
C.Manhertz,00-0031484,NYG,,TE,Receptions,,,,,,,,,2026-06-25T16:20:16+00:00,NEEDS DATA,No odds source loaded. No betting edge is produced without market odds.
M.Bandy,00-0036959,DEN,,WR,Receptions,,,,,,,,,2026-06-25T16:20:16+00:00,NEEDS DATA,No odds source loaded. No betting edge is produced without market odds.
M.Pruitt,00-0031585,PIT,,TE,Receptions,,,,,,,,,2026-06-25T16:20:16+00:00,NEEDS DATA,No odds source loaded. No betting edge is produced without market odds.
J.FitzPatrick,00-0037306,GB,,TE,Receptions,,,,,,,,,2026-06-25T16:20:16+00:00,NEEDS DATA,No odds source loaded. No betting edge is produced without market odds.
B.Sims,00-0038809,GB,,TE,Receptions,,,,,,,,,2026-06-25T16:20:16+00:00,NEEDS DATA,No odds source loaded. No betting edge is produced without market odds.
N.Harris,00-0036893,PIT,,RB,Receptions,,,,,,,,,2026-06-25T16:20:16+00:00,NEEDS DATA,No odds source loaded. No betting edge is produced without market odds.
R.James,00-0034286,KC,,WR,Receptions,,,,,,,,,2026-06-25T16:20:16+00:00,NEEDS DATA,No odds source loaded. No betting edge is produced without market odds.
J.Hyatt,00-0038938,NYG,,WR,Receptions,,,,,,,,,2026-06-25T16:20:16+00:00,NEEDS DATA,No odds source loaded. No betting edge is produced without market odds.
C.Blair,00-0036463,ATL,,WR,Receptions,,,,,,,,,2026-06-25T16:20:16+00:00,NEEDS DATA,No odds source loaded. No betting edge is produced without market odds.
J.Sanders,00-0039356,CAR,,TE,Receptions,,,,,,,,,2026-06-25T16:20:16+00:00,NEEDS DATA,No odds source loaded. No betting edge is produced without market odds.
D.Knox,00-0035689,BUF,,TE,Receptions,,,,,,,,,2026-06-25T16:20:16+00:00,NEEDS DATA,No odds source loaded. No betting edge is produced without market odds.
Cas.Washington,00-0039394,ATL,,WR,Receptions,,,,,,,,,2026-06-25T16:20:16+00:00,NEEDS DATA,No odds source loaded. No betting edge is produced without market odds.
J.Bates,00-0036628,WAS,,TE,Receptions,,,,,,,,,2026-06-25T16:20:16+00:00,NEEDS DATA,No odds source loaded. No betting edge is produced without market odds.
P.Brown,00-0033439,SEA,,TE,Receptions,,,,,,,,,2026-06-25T16:20:16+00:00,NEEDS DATA,No odds source loaded. No betting edge is produced without market odds.
D.Swift,00-0036275,CHI,,RB,Receptions,,,,,,,,,2026-06-25T16:20:16+00:00,NEEDS DATA,No odds source loaded. No betting edge is produced without market odds.
S.Barkley,00-0034844,PHI,,RB,Receptions,,,,,,,,,2026-06-25T16:20:16+00:00,NEEDS DATA,No odds source loaded. No betting edge is produced without market odds.
J.Thrash,00-0039379,CLE,,WR,Receptions,,,,,,,,,2026-06-25T16:20:16+00:00,NEEDS DATA,No odds source loaded. No betting edge is produced without market odds.
M.Slater,00-0026293,NE,,WR,Receptions,,,,,,,,,2026-06-25T16:20:16+00:00,NEEDS DATA,No odds source loaded. No betting edge is produced without market odds.
M.Cunningham,00-0038911,NE,,WR,Receptions,,,,,,,,,2026-06-25T16:20:16+00:00,NEEDS DATA,No odds source loaded. No betting edge is produced without market odds.
A.Trautman,00-0036422,DEN,,TE,Receptions,,,,,,,,,2026-06-25T16:20:16+00:00,NEEDS DATA,No odds source loaded. No betting edge is produced without market odds.
B.Jordan,00-0036556,HOU,,TE,Receptions,,,,,,,,,2026-06-25T16:20:16+00:00,NEEDS DATA,No odds source loaded. No betting edge is produced without market odds.
J.Virgil,00-0037387,BUF,,WR,Receptions,,,,,,,,,2026-06-25T16:20:16+00:00,NEEDS DATA,No odds source loaded. No betting edge is produced without market odds.
M.Washington,00-0037272,KC,,WR,Receptions,,,,,,,,,2026-06-25T16:20:16+00:00,NEEDS DATA,No odds source loaded. No betting edge is produced without market odds.
M.Sanders,00-0035243,CAR,,RB,Receptions,,,,,,,,,2026-06-25T16:20:16+00:00,NEEDS DATA,No odds source loaded. No betting edge is produced without market odds.
R.Keyton,00-0039543,LV,,WR,Receptions,,,,,,,,,2026-06-25T16:20:16+00:00,NEEDS DATA,No odds source loaded. No betting edge is produced without market odds.
K.Granson,00-0036876,IND,,TE,Receptions,,,,,,,,,2026-06-25T16:20:16+00:00,NEEDS DATA,No odds source loaded. No betting edge is produced without market odds.
R.Chosen,00-0032688,MIA,,WR,Receptions,,,,,,,,,2026-06-25T16:20:16+00:00,NEEDS DATA,No odds source loaded. No betting edge is produced without market odds.
I.Thomas,00-0034365,CAR,,TE,Receptions,,,,,,,,,2026-06-25T16:20:16+00:00,NEEDS DATA,No odds source loaded. No betting edge is produced without market odds.
T.Quitoriano,00-0037277,HOU,,TE,Receptions,,,,,,,,,2026-06-25T16:20:16+00:00,NEEDS DATA,No odds source loaded. No betting edge is produced without market odds.
L.Musgrave,00-0039144,GB,,TE,Receptions,,,,,,,,,2026-06-25T16:20:16+00:00,NEEDS DATA,No odds source loaded. No betting edge is produced without market odds.
J.Ross,00-0033460,PHI,,WR,Receptions,,,,,,,,,2026-06-25T16:20:16+00:00,NEEDS DATA,No odds source loaded. No betting edge is produced without market odds.
J.Jackson,00-0039392,TEN,,WR,Receptions,,,,,,,,,2026-06-25T16:20:16+00:00,NEEDS DATA,No odds source loaded. No betting edge is produced without market odds.
R.Mostert,00-0031687,MIA,,RB,Receptions,,,,,,,,,2026-06-25T16:20:16+00:00,NEEDS DATA,No odds source loaded. No betting edge is produced without market odds.
B.Robinson,00-0038542,ATL,,RB,Receptions,,,,,,,,,2026-06-25T16:20:16+00:00,NEEDS DATA,No odds source loaded. No betting edge is produced without market odds.
R.Dwelley,00-0034073,ATL,,TE,Receptions,,,,,,,,,2026-06-25T16:20:16+00:00,NEEDS DATA,No odds source loaded. No betting edge is produced without market odds.
S.Ahmed,00-0036020,MIA,,RB,Receptions,,,,,,,,,2026-06-25T16:20:16+00:00,NEEDS DATA,No odds source loaded. No betting edge is produced without market odds.
A.Isabella,00-0035527,BUF,,WR,Receptions,,,,,,,,,2026-06-25T16:20:16+00:00,NEEDS DATA,No odds source loaded. No betting edge is produced without market odds.
S.McCormick,00-0037509,LV,,RB,Receptions,,,,,,,,,2026-06-25T16:20:16+00:00,NEEDS DATA,No odds source loaded. No betting edge is produced without market odds.
L.Treadwell,00-0032951,BAL,,WR,Receptions,,,,,,,,,2026-06-25T16:20:16+00:00,NEEDS DATA,No odds source loaded. No betting edge is produced without market odds.
K.Yeboah,00-0036510,NYJ,,TE,Receptions,,,,,,,,,2026-06-25T16:20:16+00:00,NEEDS DATA,No odds source loaded. No betting edge is produced without market odds.
T.Tracy,00-0039384,NYG,,RB,Receptions,,,,,,,,,2026-06-25T16:20:16+00:00,NEEDS DATA,No odds source loaded. No betting edge is produced without market odds.
G.Calcaterra,00-0037086,PHI,,TE,Receptions,,,,,,,,,2026-06-25T16:20:16+00:00,NEEDS DATA,No odds source loaded. No betting edge is produced without market odds.
A.Ogletree,00-0037292,IND,,TE,Receptions,,,,,,,,,2026-06-25T16:20:16+00:00,NEEDS DATA,No odds source loaded. No betting edge is produced without market odds.
L.Cager,00-0036145,NYG,,TE,Receptions,,,,,,,,,2026-06-25T16:20:16+00:00,NEEDS DATA,No odds source loaded. No betting edge is produced without market odds.
G.Ricci,00-0035956,CAR,,TE,Receptions,,,,,,,,,2026-06-25T16:20:16+00:00,NEEDS DATA,No odds source loaded. No betting edge is produced without market odds.
D.Harty,00-0035215,BAL,,WR,Receptions,,,,,,,,,2026-06-25T16:20:16+00:00,NEEDS DATA,No odds source loaded. No betting edge is produced without market odds.
M.Alie-Cox,00-0033217,IND,,TE,Receptions,,,,,,,,,2026-06-25T16:20:16+00:00,NEEDS DATA,No odds source loaded. No betting edge is produced without market odds.
M.Lloyd,00-0039811,GB,,RB,Receptions,,,,,,,,,2026-06-25T16:20:16+00:00,NEEDS DATA,No odds source loaded. No betting edge is produced without market odds.
G.Everett,00-0033895,CHI,,TE,Receptions,,,,,,,,,2026-06-25T16:20:16+00:00,NEEDS DATA,No odds source loaded. No betting edge is produced without market odds.
Z.Charbonnet,00-0039165,SEA,,RB,Receptions,,,,,,,,,2026-06-25T16:20:16+00:00,NEEDS DATA,No odds source loaded. No betting edge is produced without market odds.
B.Robinson,00-0037746,WAS,,RB,Receptions,,,,,,,,,2026-06-25T16:20:16+00:00,NEEDS DATA,No odds source loaded. No betting edge is produced without market odds.
J.Dobbins,00-0036158,LAC,,RB,Receptions,,,,,,,,,2026-06-25T16:20:16+00:00,NEEDS DATA,No odds source loaded. No betting edge is produced without market odds.
K.Rader,00-0034193,TEN,,TE,Receptions,,,,,,,,,2026-06-25T16:20:16+00:00,NEEDS DATA,No odds source loaded. No betting edge is produced without market odds.
R.Williams,00-0037451,PIT,,TE,Receptions,,,,,,,,,2026-06-25T16:20:16+00:00,NEEDS DATA,No odds source loaded. No betting edge is produced without market odds.
N.Remigio,00-0038519,KC,,WR,Receptions,,,,,,,,,2026-06-25T16:20:16+00:00,NEEDS DATA,No odds source loaded. No betting edge is produced without market odds.
J.Hill,00-0038720,MIA,,TE,Receptions,,,,,,,,,2026-06-25T16:20:16+00:00,NEEDS DATA,No odds source loaded. No betting edge is produced without market odds.
C.Woerner,00-0036429,ATL,,TE,Receptions,,,,,,,,,2026-06-25T16:20:16+00:00,NEEDS DATA,No odds source loaded. No betting edge is produced without market odds.
C.Akers,00-0036414,MIN,,RB,Receptions,,,,,,,,,2026-06-25T16:20:16+00:00,NEEDS DATA,No odds source loaded. No betting edge is produced without market odds.
P.Strong,00-0038098,CLE,,RB,Receptions,,,,,,,,,2026-06-25T16:20:16+00:00,NEEDS DATA,No odds source loaded. No betting edge is produced without market odds.
J.McLaughlin,00-0038794,DEN,,RB,Receptions,,,,,,,,,2026-06-25T16:20:16+00:00,NEEDS DATA,No odds source loaded. No betting edge is produced without market odds.
B.Spann-Ford,00-0039530,DAL,,TE,Receptions,,,,,,,,,2026-06-25T16:20:16+00:00,NEEDS DATA,No odds source loaded. No betting edge is produced without market odds.
J.Tonges,00-0037112,SF,,TE,Receptions,,,,,,,,,2026-06-25T16:20:16+00:00,NEEDS DATA,No odds source loaded. No betting edge is produced without market odds.
E.Tomlinson,00-0031690,LAC,,TE,Receptions,,,,,,,,,2026-06-25T16:20:16+00:00,NEEDS DATA,No odds source loaded. No betting edge is produced without market odds.
J.Jacobs,00-0035700,GB,,RB,Receptions,,,,,,,,,2026-06-25T16:20:16+00:00,NEEDS DATA,No odds source loaded. No betting edge is produced without market odds.
D.Smythe,00-0034798,MIA,,TE,Receptions,,,,,,,,,2026-06-25T16:20:16+00:00,NEEDS DATA,No odds source loaded. No betting edge is produced without market odds.
R.Johnson,00-0039021,CHI,,RB,Receptions,,,,,,,,,2026-06-25T16:20:16+00:00,NEEDS DATA,No odds source loaded. No betting edge is produced without market odds.
T.Wesco,00-0035259,TEN,,TE,Receptions,,,,,,,,,2026-06-25T16:20:16+00:00,NEEDS DATA,No odds source loaded. No betting edge is produced without market odds.
M.Gaskin,00-0035311,MIN,,RB,Receptions,,,,,,,,,2026-06-25T16:20:16+00:00,NEEDS DATA,No odds source loaded. No betting edge is produced without market odds.
A.Gibson,00-0036328,NE,,RB,Receptions,,,,,,,,,2026-06-25T16:20:16+00:00,NEEDS DATA,No odds source loaded. No betting edge is produced without market odds.
C.Yankoff,00-0039686,WAS,,TE,Receptions,,,,,,,,,2026-06-25T16:20:16+00:00,NEEDS DATA,No odds source loaded. No betting edge is produced without market odds.
B.Corum,00-0039738,LA,,RB,Receptions,,,,,,,,,2026-06-25T16:20:16+00:00,NEEDS DATA,No odds source loaded. No betting edge is produced without market odds.
N.Agholor,00-0031549,BAL,,WR,Receptions,,,,,,,,,2026-06-25T16:20:16+00:00,NEEDS DATA,No odds source loaded. No betting edge is produced without market odds.
J.Hill,00-0034975,BAL,,RB,Receptions,,,,,,,,,2026-06-25T16:20:16+00:00,NEEDS DATA,No odds source loaded. No betting edge is produced without market odds.
D.Allen,00-0037039,PHI,,WR,Receptions,,,,,,,,,2026-06-25T16:20:16+00:00,NEEDS DATA,No odds source loaded. No betting edge is produced without market odds.
J.Shorter,00-0038590,LV,,TE,Receptions,,,,,,,,,2026-06-25T16:20:16+00:00,NEEDS DATA,No odds source loaded. No betting edge is produced without market odds.
A.Firkser,00-0033455,KC,,TE,Receptions,,,,,,,,,2026-06-25T16:20:16+00:00,NEEDS DATA,No odds source loaded. No betting edge is produced without market odds.
I.Abanikanda,00-0038389,NYJ,,RB,Receptions,,,,,,,,,2026-06-25T16:20:16+00:00,NEEDS DATA,No odds source loaded. No betting edge is produced without market odds.
E.Dotson,00-0038862,LAC,,RB,Receptions,,,,,,,,,2026-06-25T16:20:16+00:00,NEEDS DATA,No odds source loaded. No betting edge is produced without market odds.
C.Edmonds,00-0034681,TB,,RB,Receptions,,,,,,,,,2026-06-25T16:20:16+00:00,NEEDS DATA,No odds source loaded. No betting edge is produced without market odds.
D.Jackson,00-0036493,NYG,,RB,Receptions,,,,,,,,,2026-06-25T16:20:16+00:00,NEEDS DATA,No odds source loaded. No betting edge is produced without market odds.
D.Dallas,00-0036425,ARI,,RB,Receptions,,,,,,,,,2026-06-25T16:20:16+00:00,NEEDS DATA,No odds source loaded. No betting edge is produced without market odds.
T.Kroft,00-0032214,MIA,,TE,Receptions,,,,,,,,,2026-06-25T16:20:16+00:00,NEEDS DATA,No odds source loaded. No betting edge is produced without market odds.
K.Kieft,00-0037311,TB,,TE,Receptions,,,,,,,,,2026-06-25T16:20:16+00:00,NEEDS DATA,No odds source loaded. No betting edge is produced without market odds.
G.Dulcich,00-0037252,NYG,,TE,Receptions,,,,,,,,,2026-06-25T16:20:16+00:00,NEEDS DATA,No odds source loaded. No betting edge is produced without market odds.
J.Mixon,00-0033897,HOU,,RB,Receptions,,,,,,,,,2026-06-25T16:20:16+00:00,NEEDS DATA,No odds source loaded. No betting edge is produced without market odds.
E.Demercado,00-0038705,ARI,,RB,Receptions,,,,,,,,,2026-06-25T16:20:16+00:00,NEEDS DATA,No odds source loaded. No betting edge is produced without market odds.
T.Jones,00-0035860,ARI,,RB,Receptions,,,,,,,,,2026-06-25T16:20:16+00:00,NEEDS DATA,No odds source loaded. No betting edge is produced without market odds.
R.Rivers,00-0037557,LA,,RB,Receptions,,,,,,,,,2026-06-25T16:20:16+00:00,NEEDS DATA,No odds source loaded. No betting edge is produced without market odds.
S.McKeon,00-0036032,DAL,,TE,Receptions,,,,,,,,,2026-06-25T16:20:16+00:00,NEEDS DATA,No odds source loaded. No betting edge is produced without market odds.
T.Homer,00-0035594,CHI,,RB,Receptions,,,,,,,,,2026-06-25T16:20:16+00:00,NEEDS DATA,No odds source loaded. No betting edge is produced without market odds.
D.Daniels,00-0033258,DET,,TE,Receptions,,,,,,,,,2026-06-25T16:20:16+00:00,NEEDS DATA,No odds source loaded. No betting edge is produced without market odds.
J.Bell,00-0039420,NE,,TE,Receptions,,,,,,,,,2026-06-25T16:20:16+00:00,NEEDS DATA,No odds source loaded. No betting edge is produced without market odds.
W.Mallory,00-0038394,IND,,TE,Receptions,,,,,,,,,2026-06-25T16:20:16+00:00,NEEDS DATA,No odds source loaded. No betting edge is produced without market odds.
D.Singletary,00-0035250,NYG,,RB,Receptions,,,,,,,,,2026-06-25T16:20:16+00:00,NEEDS DATA,No odds source loaded. No betting edge is produced without market odds.
S.Anderson,00-0032725,LAC,,TE,Receptions,,,,,,,,,2026-06-25T16:20:16+00:00,NEEDS DATA,No odds source loaded. No betting edge is produced without market odds.
T.McKitty,00-0037011,LAC,,TE,Receptions,,,,,,,,,2026-06-25T16:20:16+00:00,NEEDS DATA,No odds source loaded. No betting edge is produced without market odds.
B.Bell,00-0032062,KC,,TE,Receptions,,,,,,,,,2026-06-25T16:20:16+00:00,NEEDS DATA,No odds source loaded. No betting edge is produced without market odds.
C.Evans,00-0036857,CIN,,RB,Receptions,,,,,,,,,2026-06-25T16:20:16+00:00,NEEDS DATA,No odds source loaded. No betting edge is produced without market odds.
J.Cook,00-0037248,BUF,,RB,Receptions,,,,,,,,,2026-06-25T16:20:16+00:00,NEEDS DATA,No odds source loaded. No betting edge is produced without market odds.
C.Kolar,00-0038046,BAL,,TE,Receptions,,,,,,,,,2026-06-25T16:20:16+00:00,NEEDS DATA,No odds source loaded. No betting edge is produced without market odds.
R.Dowdle,00-0036139,DAL,,RB,Receptions,,,,,,,,,2026-06-25T16:20:16+00:00,NEEDS DATA,No odds source loaded. No betting edge is produced without market odds.
C.Schrader,00-0039703,LA,,RB,Receptions,,,,,,,,,2026-06-25T16:20:16+00:00,NEEDS DATA,No odds source loaded. No betting edge is produced without market odds.
C.Edwards-Helaire,00-0036360,NO,,RB,Receptions,,,,,,,,,2026-06-25T16:20:16+00:00,NEEDS DATA,No odds source loaded. No betting edge is produced without market odds.
E.Mitchell,00-0036567,SF,,RB,Receptions,,,,,,,,,2026-06-25T16:20:16+00:00,NEEDS DATA,No odds source loaded. No betting edge is produced without market odds.
C.Rodriguez,00-0038611,WAS,,RB,Receptions,,,,,,,,,2026-06-25T16:20:16+00:00,NEEDS DATA,No odds source loaded. No betting edge is produced without market odds.
G.Brightwell,00-0036569,CLE,,RB,Receptions,,,,,,,,,2026-06-25T16:20:16+00:00,NEEDS DATA,No odds source loaded. No betting edge is produced without market odds.
J.Jefferson,00-0036670,DET,,RB,Receptions,,,,,,,,,2026-06-25T16:20:16+00:00,NEEDS DATA,No odds source loaded. No betting edge is produced without market odds.
S.Vaki,00-0039364,DET,,RB,Receptions,,,,,,,,,2026-06-25T16:20:16+00:00,NEEDS DATA,No odds source loaded. No betting edge is produced without market odds.
J.Polk,00-0039907,NE,,WR,Receptions,,,,,,,,,2026-06-25T16:20:16+00:00,NEEDS DATA,No odds source loaded. No betting edge is produced without market odds.
Q.Morris,00-0036590,BUF,,TE,Receptions,,,,,,,,,2026-06-25T16:20:16+00:00,NEEDS DATA,No odds source loaded. No betting edge is produced without market odds.
D.Allen,00-0039074,LA,,TE,Receptions,,,,,,,,,2026-06-25T16:20:16+00:00,NEEDS DATA,No odds source loaded. No betting edge is produced without market odds.
E.Gray,00-0038396,NYG,,RB,Receptions,,,,,,,,,2026-06-25T16:20:16+00:00,NEEDS DATA,No odds source loaded. No betting edge is produced without market odds.
D.Walker,00-0039792,BAL,,WR,Receptions,,,,,,,,,2026-06-25T16:20:16+00:00,NEEDS DATA,No odds source loaded. No betting edge is produced without market odds.
T.Sermon,00-0036984,IND,,RB,Receptions,,,,,,,,,2026-06-25T16:20:16+00:00,NEEDS DATA,No odds source loaded. No betting edge is produced without market odds.
A.Armah,00-0033296,WAS,,RB,Receptions,,,,,,,,,2026-06-25T16:20:16+00:00,NEEDS DATA,No odds source loaded. No betting edge is produced without market odds.
D.Johnson,00-0035628,JAX,,RB,Receptions,,,,,,,,,2026-06-25T16:20:16+00:00,NEEDS DATA,No odds source loaded. No betting edge is produced without market odds.
Ja.Williams,00-0033948,NO,,RB,Receptions,,,,,,,,,2026-06-25T16:20:16+00:00,NEEDS DATA,No odds source loaded. No betting edge is produced without market odds.
T.Benson,00-0039921,ARI,,RB,Receptions,,,,,,,,,2026-06-25T16:20:16+00:00,NEEDS DATA,No odds source loaded. No betting edge is produced without market odds.
D.Martin-Robinson,00-0039648,TEN,,TE,Receptions,,,,,,,,,2026-06-25T16:20:16+00:00,NEEDS DATA,No odds source loaded. No betting edge is produced without market odds.
J.McKinnon,00-0031376,KC,,RB,Receptions,,,,,,,,,2026-06-25T16:20:16+00:00,NEEDS DATA,No odds source loaded. No betting edge is produced without market odds.
J.Stoll,00-0036741,PHI,,TE,Receptions,,,,,,,,,2026-06-25T16:20:16+00:00,NEEDS DATA,No odds source loaded. No betting edge is produced without market odds.
I.Davis,00-0039798,NYJ,,RB,Receptions,,,,,,,,,2026-06-25T16:20:16+00:00,NEEDS DATA,No odds source loaded. No betting edge is produced without market odds.
B.Allen,00-0039794,NYJ,,RB,Receptions,,,,,,,,,2026-06-25T16:20:16+00:00,NEEDS DATA,No odds source loaded. No betting edge is produced without market odds.
J.Wilson,00-0034115,MIA,,RB,Receptions,,,,,,,,,2026-06-25T16:20:16+00:00,NEEDS DATA,No odds source loaded. No betting edge is produced without market odds.
D.Ogunbowale,00-0033854,HOU,,RB,Receptions,,,,,,,,,2026-06-25T16:20:16+00:00,NEEDS DATA,No odds source loaded. No betting edge is produced without market odds.
D.Ozigbo,00-0035184,DET,,RB,Receptions,,,,,,,,,2026-06-25T16:20:16+00:00,NEEDS DATA,No odds source loaded. No betting edge is produced without market odds.
T.Pollard,00-0035261,TEN,,RB,Receptions,,,,,,,,,2026-06-25T16:20:16+00:00,NEEDS DATA,No odds source loaded. No betting edge is produced without market odds.
J.McNichols,00-0033955,WAS,,RB,Receptions,,,,,,,,,2026-06-25T16:20:16+00:00,NEEDS DATA,No odds source loaded. No betting edge is produced without market odds.
J.Mason,00-0037525,SF,,RB,Receptions,,,,,,,,,2026-06-25T16:20:16+00:00,NEEDS DATA,No odds source loaded. No betting edge is produced without market odds.
C.Brooks,00-0038685,GB,,RB,Receptions,,,,,,,,,2026-06-25T16:20:16+00:00,NEEDS DATA,No odds source loaded. No betting edge is produced without market odds.
T.Chandler,00-0037276,MIN,,RB,Receptions,,,,,,,,,2026-06-25T16:20:16+00:00,NEEDS DATA,No odds source loaded. No betting edge is produced without market odds.
Z.Davidson,00-0036640,BUF,,TE,Receptions,,,,,,,,,2026-06-25T16:20:16+00:00,NEEDS DATA,No odds source loaded. No betting edge is produced without market odds.
C.Uzomah,00-0032134,PHI,,TE,Receptions,,,,,,,,,2026-06-25T16:20:16+00:00,NEEDS DATA,No odds source loaded. No betting edge is produced without market odds.
D.Williams,00-0030874,ARI,,RB,Receptions,,,,,,,,,2026-06-25T16:20:16+00:00,NEEDS DATA,No odds source loaded. No betting edge is produced without market odds.
T.Badie,00-0037085,DEN,,RB,Receptions,,,,,,,,,2026-06-25T16:20:16+00:00,NEEDS DATA,No odds source loaded. No betting edge is produced without market odds.
H.Haskins,00-0037617,LAC,,RB,Receptions,,,,,,,,,2026-06-25T16:20:16+00:00,NEEDS DATA,No odds source loaded. No betting edge is produced without market odds.
P.Fant,00-0038735,DAL,,TE,Receptions,,,,,,,,,2026-06-25T16:20:16+00:00,NEEDS DATA,No odds source loaded. No betting edge is produced without market odds.
J.Brooks,00-0039344,CAR,,RB,Receptions,,,,,,,,,2026-06-25T16:20:16+00:00,NEEDS DATA,No odds source loaded. No betting edge is produced without market odds.
C.Patterson,00-0030578,PIT,,RB,Receptions,,,,,,,,,2026-06-25T16:20:16+00:00,NEEDS DATA,No odds source loaded. No betting edge is produced without market odds.
I.Charles,00-0037156,NYJ,,WR,Receptions,,,,,,,,,2026-06-25T16:20:16+00:00,NEEDS DATA,No odds source loaded. No betting edge is produced without market odds.
N.Bawden,00-0034433,NYJ,,RB,Receptions,,,,,,,,,2026-06-25T16:20:16+00:00,NEEDS DATA,No odds source loaded. No betting edge is produced without market odds.
Ty.Johnson,00-0035537,BUF,,RB,Receptions,,,,,,,,,2026-06-25T16:20:16+00:00,NEEDS DATA,No odds source loaded. No betting edge is produced without market odds.
R.Stevenson,00-0036875,NE,,RB,Receptions,,,,,,,,,2026-06-25T16:20:16+00:00,NEEDS DATA,No odds source loaded. No betting edge is produced without market odds.
J.Corbin,00-0037410,NYG,,RB,Receptions,,,,,,,,,2026-06-25T16:20:16+00:00,NEEDS DATA,No odds source loaded. No betting edge is produced without market odds.
G.Holani,00-0039299,SEA,,RB,Receptions,,,,,,,,,2026-06-25T16:20:16+00:00,NEEDS DATA,No odds source loaded. No betting edge is produced without market odds.
I.Spiller,00-0038045,LAC,,RB,Receptions,,,,,,,,,2026-06-25T16:20:16+00:00,NEEDS DATA,No odds source loaded. No betting edge is produced without market odds.
Z.Knight,00-0037157,DET,,RB,Receptions,,,,,,,,,2026-06-25T16:20:16+00:00,NEEDS DATA,No odds source loaded. No betting edge is produced without market odds.
Z.White,00-0038040,LV,,RB,Receptions,,,,,,,,,2026-06-25T16:20:16+00:00,NEEDS DATA,No odds source loaded. No betting edge is produced without market odds.
M.Breida,00-0033308,NYG,,RB,Receptions,,,,,,,,,2026-06-25T16:20:16+00:00,NEEDS DATA,No odds source loaded. No betting edge is produced without market odds.
D.Foreman,00-0033925,CLE,,RB,Receptions,,,,,,,,,2026-06-25T16:20:16+00:00,NEEDS DATA,No odds source loaded. No betting edge is produced without market odds.
J.Baker,00-0039853,NE,,WR,Receptions,,,,,,,,,2026-06-25T16:20:16+00:00,NEEDS DATA,No odds source loaded. No betting edge is produced without market odds.
H.Pearson,00-0038468,GB,,TE,Receptions,,,,,,,,,2026-06-25T16:20:16+00:00,NEEDS DATA,No odds source loaded. No betting edge is produced without market odds.
K.Miller,00-0038551,NO,,RB,Receptions,,,,,,,,,2026-06-25T16:20:16+00:00,NEEDS DATA,No odds source loaded. No betting edge is produced without market odds.
R.Freeman,00-0034838,LA,,RB,Receptions,,,,,,,,,2026-06-25T16:20:16+00:00,NEEDS DATA,No odds source loaded. No betting edge is produced without market odds.
C.Reynolds,00-0035567,DET,,RB,Receptions,,,,,,,,,2026-06-25T16:20:16+00:00,NEEDS DATA,No odds source loaded. No betting edge is produced without market odds.
L.Perine,00-0036269,KC,,RB,Receptions,,,,,,,,,2026-06-25T16:20:16+00:00,NEEDS DATA,No odds source loaded. No betting edge is produced without market odds.
T.Williams,00-0035291,CIN,,RB,Receptions,,,,,,,,,2026-06-25T16:20:16+00:00,NEEDS DATA,No odds source loaded. No betting edge is produced without market odds.
D.Cook,00-0033893,DAL,,RB,Receptions,,,,,,,,,2026-06-25T16:20:16+00:00,NEEDS DATA,No odds source loaded. No betting edge is produced without market odds.
A.McFarland,00-0036336,PIT,,RB,Receptions,,,,,,,,,2026-06-25T16:20:16+00:00,NEEDS DATA,No odds source loaded. No betting edge is produced without market odds.
A.Estime,00-0039373,DEN,,RB,Receptions,,,,,,,,,2026-06-25T16:20:16+00:00,NEEDS DATA,No odds source loaded. No betting edge is produced without market odds.
J.Funk,00-0036860,IND,,RB,Receptions,,,,,,,,,2026-06-25T16:20:16+00:00,NEEDS DATA,No odds source loaded. No betting edge is produced without market odds.
E.Hull,00-0038397,IND,,RB,Receptions,,,,,,,,,2026-06-25T16:20:16+00:00,NEEDS DATA,No odds source loaded. No betting edge is produced without market odds.
P.Hesse,00-0035572,ATL,,TE,Receptions,,,,,,,,,2026-06-25T16:20:16+00:00,NEEDS DATA,No odds source loaded. No betting edge is produced without market odds.
T.Allgeier,00-0037263,ATL,,RB,Receptions,,,,,,,,,2026-06-25T16:20:16+00:00,NEEDS DATA,No odds source loaded. No betting edge is produced without market odds.
J.Wilson,00-0039236,PHI,,WR,Receptions,,,,,,,,,2026-06-25T16:20:16+00:00,NEEDS DATA,No odds source loaded. No betting edge is produced without market odds.
K.Drake,00-0033118,GB,,RB,Receptions,,,,,,,,,2026-06-25T16:20:16+00:00,NEEDS DATA,No odds source loaded. No betting edge is produced without market odds.
J.Kibodi,00-0039617,CLE,,RB,Receptions,,,,,,,,,2026-06-25T16:20:16+00:00,NEEDS DATA,No odds source loaded. No betting edge is produced without market odds.
Em.Wilson,00-0038797,GB,,RB,Receptions,,,,,,,,,2026-06-25T16:20:16+00:00,NEEDS DATA,No odds source loaded. No betting edge is produced without market odds.
K.Vaughn,00-0036450,SF,,RB,Receptions,,,,,,,,,2026-06-25T16:20:16+00:00,NEEDS DATA,No odds source loaded. No betting edge is produced without market odds.
D.Young,00-0037093,SEA,,WR,Receptions,,,,,,,,,2026-06-25T16:20:16+00:00,NEEDS DATA,No odds source loaded. No betting edge is produced without market odds.
E.Elliott,00-0033045,DAL,,RB,Receptions,,,,,,,,,2026-06-25T16:20:16+00:00,NEEDS DATA,No odds source loaded. No betting edge is produced without market odds.
D.Evans,00-0036297,CHI,,RB,Receptions,,,,,,,,,2026-06-25T16:20:16+00:00,NEEDS DATA,No odds source loaded. No betting edge is produced without market odds.
V.Jones,00-0037745,CAR,,RB,Receptions,,,,,,,,,2026-06-25T16:20:16+00:00,NEEDS DATA,No odds source loaded. No betting edge is produced without market odds.
J.Robinson,00-0035831,GB,,RB,Receptions,,,,,,,,,2026-06-25T16:20:16+00:00,NEEDS DATA,No odds source loaded. No betting edge is produced without market odds.
G.Edwards,00-0034184,LAC,,RB,Receptions,,,,,,,,,2026-06-25T16:20:16+00:00,NEEDS DATA,No odds source loaded. No betting edge is produced without market odds.
K.Gainwell,00-0036919,PHI,,RB,Receptions,,,,,,,,,2026-06-25T16:20:16+00:00,NEEDS DATA,No odds source loaded. No betting edge is produced without market odds.
D.Vaughn,00-0038622,DAL,,RB,Receptions,,,,,,,,,2026-06-25T16:20:16+00:00,NEEDS DATA,No odds source loaded. No betting edge is produced without market odds.
J.Taylor,00-0036223,IND,,RB,Receptions,,,,,,,,,2026-06-25T16:20:16+00:00,NEEDS DATA,No odds source loaded. No betting edge is produced without market odds.
C.Steele,00-0039325,KC,,RB,Receptions,,,,,,,,,2026-06-25T16:20:16+00:00,NEEDS DATA,No odds source loaded. No betting edge is produced without market odds.
A.Dulin,00-0035021,IND,,WR,Receptions,,,,,,,,,2026-06-25T16:20:16+00:00,NEEDS DATA,No odds source loaded. No betting edge is produced without market odds.
T.Goodson,00-0037120,IND,,RB,Receptions,,,,,,,,,2026-06-25T16:20:16+00:00,NEEDS DATA,No odds source loaded. No betting edge is produced without market odds.
B.Watson,00-0039573,DEN,,RB,Receptions,,,,,,,,,2026-06-25T16:20:16+00:00,NEEDS DATA,No odds source loaded. No betting edge is produced without market odds.
E.Jenkins,00-0038498,PHI,,TE,Receptions,,,,,,,,,2026-06-25T16:20:16+00:00,NEEDS DATA,No odds source loaded. No betting edge is produced without market odds.
L.Murray,00-0030513,BUF,,RB,Receptions,,,,,,,,,2026-06-25T16:20:16+00:00,NEEDS DATA,No odds source loaded. No betting edge is produced without market odds.
D.Henry,00-0032764,BAL,,RB,Receptions,,,,,,,,,2026-06-25T16:20:16+00:00,NEEDS DATA,No odds source loaded. No betting edge is produced without market odds.
K.Toney,00-0036913,CLE,,WR,Receptions,,,,,,,,,2026-06-25T16:20:16+00:00,NEEDS DATA,No odds source loaded. No betting edge is produced without market odds.
J.Fortson,00-0035547,KC,,TE,Receptions,,,,,,,,,2026-06-25T16:20:16+00:00,NEEDS DATA,No odds source loaded. No betting edge is produced without market odds.
K.Juszczyk,00-0029892,SF,,FB,Receptions,,,,,,,,,2026-06-25T16:20:16+00:00,NEEDS DATA,No odds source loaded. No betting edge is produced without market odds.
K.Hunt,00-0033923,KC,,RB,Receptions,,,,,,,,,2026-06-25T16:20:16+00:00,NEEDS DATA,No odds source loaded. No betting edge is produced without market odds.
R.Davis,00-0039875,BUF,,RB,Receptions,,,,,,,,,2026-06-25T16:20:16+00:00,NEEDS DATA,No odds source loaded. No betting edge is produced without market odds.
K.Harris,00-0037286,NE,,RB,Receptions,,,,,,,,,2026-06-25T16:20:16+00:00,NEEDS DATA,No odds source loaded. No betting edge is produced without market odds.
T.Bigsby,00-0038555,JAX,,RB,Receptions,,,,,,,,,2026-06-25T16:20:16+00:00,NEEDS DATA,No odds source loaded. No betting edge is produced without market odds.
C.Collier,00-0039244,LV,,RB,Receptions,,,,,,,,,2026-06-25T16:20:16+00:00,NEEDS DATA,No odds source loaded. No betting edge is produced without market odds.
A.Dillon,00-0036265,GB,,RB,Receptions,,,,,,,,,2026-06-25T16:20:16+00:00,NEEDS DATA,No odds source loaded. No betting edge is produced without market odds.
D.Gore,00-0035715,WAS,,RB,Receptions,,,,,,,,,2026-06-25T16:20:16+00:00,NEEDS DATA,No odds source loaded. No betting edge is produced without market odds.
S.Perine,00-0033526,KC,,RB,Receptions,,,,,,,,,2026-06-25T16:20:16+00:00,NEEDS DATA,No odds source loaded. No betting edge is produced without market odds.
S.Tucker,00-0038951,TB,,RB,Receptions,,,,,,,,,2026-06-25T16:20:16+00:00,NEEDS DATA,No odds source loaded. No betting edge is produced without market odds.
J.Hasty,00-0035806,NE,,RB,Receptions,,,,,,,,,2026-06-25T16:20:16+00:00,NEEDS DATA,No odds source loaded. No betting edge is produced without market odds.
N.Chubb,00-0034791,CLE,,RB,Receptions,,,,,,,,,2026-06-25T16:20:16+00:00,NEEDS DATA,No odds source loaded. No betting edge is produced without market odds.
J.Williams,00-0032975,WAS,,RB,Receptions,,,,,,,,,2026-06-25T16:20:16+00:00,NEEDS DATA,No odds source loaded. No betting edge is produced without market odds.
J.Kelley,00-0036370,TEN,,RB,Receptions,,,,,,,,,2026-06-25T16:20:16+00:00,NEEDS DATA,No odds source loaded. No betting edge is produced without market odds.
K.McIntosh,00-0038636,SEA,,RB,Receptions,,,,,,,,,2026-06-25T16:20:16+00:00,NEEDS DATA,No odds source loaded. No betting edge is produced without market odds.
F.Franks,00-0036825,CAR,,TE,Receptions,,,,,,,,,2026-06-25T16:20:16+00:00,NEEDS DATA,No odds source loaded. No betting edge is produced without market odds.
I.Pacheco,00-0037197,KC,,RB,Receptions,,,,,,,,,2026-06-25T16:20:16+00:00,NEEDS DATA,No odds source loaded. No betting edge is produced without market odds.
B.VanSumeren,00-0038489,PHI,,RB,Receptions,,,,,,,,,2026-06-25T16:20:16+00:00,NEEDS DATA,No odds source loaded. No betting edge is produced without market odds.
B.Bolden,00-0029239,LV,,RB,Receptions,,,,,,,,,2026-06-25T16:20:16+00:00,NEEDS DATA,No odds source loaded. No betting edge is produced without market odds.
D.Laube,00-0039407,LV,,RB,Receptions,,,,,,,,,2026-06-25T16:20:16+00:00,NEEDS DATA,No odds source loaded. No betting edge is produced without market odds.
K.Mitchell,00-0038454,BAL,,RB,Receptions,,,,,,,,,2026-06-25T16:20:16+00:00,NEEDS DATA,No odds source loaded. No betting edge is produced without market odds.
Z.Evans,00-0039136,LA,,RB,Receptions,,,,,,,,,2026-06-25T16:20:16+00:00,NEEDS DATA,No odds source loaded. No betting edge is produced without market odds.
K.Ingram,00-0037299,KC,,RB,Receptions,,,,,,,,,2026-06-25T16:20:16+00:00,NEEDS DATA,No odds source loaded. No betting edge is produced without market odds.
J.Wright,00-0039874,MIA,,RB,Receptions,,,,,,,,,2026-06-25T16:20:16+00:00,NEEDS DATA,No odds source loaded. No betting edge is produced without market odds.
H.Luepke,00-0038738,DAL,,RB,Receptions,,,,,,,,,2026-06-25T16:20:16+00:00,NEEDS DATA,No odds source loaded. No betting edge is produced without market odds.
J.Taylor,00-0036096,HOU,,RB,Receptions,,,,,,,,,2026-06-25T16:20:16+00:00,NEEDS DATA,No odds source loaded. No betting edge is produced without market odds.
K.Vidal,00-0039391,LAC,,RB,Receptions,,,,,,,,,2026-06-25T16:20:16+00:00,NEEDS DATA,No odds source loaded. No betting edge is produced without market odds.
K.Nwangwu,00-0036842,NYJ,,RB,Receptions,,,,,,,,,2026-06-25T16:20:16+00:00,NEEDS DATA,No odds source loaded. No betting edge is produced without market odds.
J.Johnson,00-0035726,NYG,,RB,Receptions,,,,,,,,,2026-06-25T16:20:16+00:00,NEEDS DATA,No odds source loaded. No betting edge is produced without market odds.
A.Okwuegbunam,00-0036423,PHI,,TE,Receptions,,,,,,,,,2026-06-25T16:20:16+00:00,NEEDS DATA,No odds source loaded. No betting edge is produced without market odds.
P.Taylor,00-0035973,SF,,RB,Receptions,,,,,,,,,2026-06-25T16:20:16+00:00,NEEDS DATA,No odds source loaded. No betting edge is produced without market odds.
M.Gordon,00-0032144,BAL,,RB,Receptions,,,,,,,,,2026-06-25T16:20:16+00:00,NEEDS DATA,No odds source loaded. No betting edge is produced without market odds.
C.Ham,00-0032918,MIN,,FB,Receptions,,,,,,,,,2026-06-25T16:20:16+00:00,NEEDS DATA,No odds source loaded. No betting edge is produced without market odds.
W.Shipley,00-0039746,PHI,,RB,Receptions,,,,,,,,,2026-06-25T16:20:16+00:00,NEEDS DATA,No odds source loaded. No betting edge is produced without market odds.
J.Ross,00-0037216,KC,,WR,Receptions,,,,,,,,,2026-06-25T16:20:16+00:00,NEEDS DATA,No odds source loaded. No betting edge is produced without market odds.
M.Ibrahim,00-0038656,DET,,RB,Receptions,,,,,,,,,2026-06-25T16:20:16+00:00,NEEDS DATA,No odds source loaded. No betting edge is produced without market odds.
X.Weaver,00-0039521,ARI,,WR,Receptions,,,,,,,,,2026-06-25T16:20:16+00:00,NEEDS DATA,No odds source loaded. No betting edge is produced without market odds.
G.Igwebuike,00-0034614,PIT,,RB,Receptions,,,,,,,,,2026-06-25T16:20:16+00:00,NEEDS DATA,No odds source loaded. No betting edge is produced without market odds.
K.Robinson,00-0039385,JAX,,RB,Receptions,,,,,,,,,2026-06-25T16:20:16+00:00,NEEDS DATA,No odds source loaded. No betting edge is produced without market odds.
A.Shampklin,00-0037609,PIT,,RB,Receptions,,,,,,,,,2026-06-25T16:20:16+00:00,NEEDS DATA,No odds source loaded. No betting edge is produced without market odds.
J.Ward,00-0035924,PIT,,RB,Receptions,,,,,,,,,2026-06-25T16:20:16+00:00,NEEDS DATA,No odds source loaded. No betting edge is produced without market odds.
J.Wayne,00-0038728,HOU,,WR,Receptions,,,,,,,,,2026-06-25T16:20:16+00:00,NEEDS DATA,No odds source loaded. No betting edge is produced without market odds.
E.Ezukanma,00-0038092,MIA,,WR,Receptions,,,,,,,,,2026-06-25T16:20:16+00:00,NEEDS DATA,No odds source loaded. No betting edge is produced without market odds.
R.Penny,00-0034750,PHI,,RB,Receptions,,,,,,,,,2026-06-25T16:20:16+00:00,NEEDS DATA,No odds source loaded. No betting edge is produced without market odds.
B.Brooks,00-0039603,HOU,,RB,Receptions,,,,,,,,,2026-06-25T16:20:16+00:00,NEEDS DATA,No odds source loaded. No betting edge is produced without market odds.
T.Hairston,00-0037456,HOU,,RB,Receptions,,,,,,,,,2026-06-25T16:20:16+00:00,NEEDS DATA,No odds source loaded. No betting edge is produced without market odds.
D.Harris,00-0035657,BUF,,RB,Receptions,,,,,,,,,2026-06-25T16:20:16+00:00,NEEDS DATA,No odds source loaded. No betting edge is produced without market odds.
B.Berrios,00-0034419,MIA,,WR,Receptions,,,,,,,,,2026-06-25T16:20:16+00:00,NEEDS DATA,No odds source loaded. No betting edge is produced without market odds.
T.Kennedy,00-0035544,DET,,WR,Receptions,,,,,,,,,2026-06-25T16:20:16+00:00,NEEDS DATA,No odds source loaded. No betting edge is produced without market odds.
D.Miller,00-0039230,NYG,,RB,Receptions,,,,,,,,,2026-06-25T16:20:16+00:00,NEEDS DATA,No odds source loaded. No betting edge is produced without market odds.
D.Williams,00-0039595,TB,,RB,Receptions,,,,,,,,,2026-06-25T16:20:16+00:00,NEEDS DATA,No odds source loaded. No betting edge is produced without market odds.
A.Ingold,00-0035125,MIA,,FB,Receptions,,,,,,,,,2026-06-25T16:20:16+00:00,NEEDS DATA,No odds source loaded. No betting edge is produced without market odds.
M.Davis,00-0037563,DAL,,RB,Receptions,,,,,,,,,2026-06-25T16:20:16+00:00,NEEDS DATA,No odds source loaded. No betting edge is produced without market odds.
J.Chestnut,00-0037594,TEN,,RB,Receptions,,,,,,,,,2026-06-25T16:20:16+00:00,NEEDS DATA,No odds source loaded. No betting edge is produced without market odds.
R.Blackshear,00-0037429,CAR,,RB,Receptions,,,,,,,,,2026-06-25T16:20:16+00:00,NEEDS DATA,No odds source loaded. No betting edge is produced without market odds.
D.Washington,00-0032450,DEN,,RB,Receptions,,,,,,,,,2026-06-25T16:20:16+00:00,NEEDS DATA,No odds source loaded. No betting edge is produced without market odds.
M.Boone,00-0034208,CAR,,RB,Receptions,,,,,,,,,2026-06-25T16:20:16+00:00,NEEDS DATA,No odds source loaded. No betting edge is produced without market odds.
J.McClellan,00-0039393,ATL,,RB,Receptions,,,,,,,,,2026-06-25T16:20:16+00:00,NEEDS DATA,No odds source loaded. No betting edge is produced without market odds.
A.Williams,00-0036950,ATL,,RB,Receptions,,,,,,,,,2026-06-25T16:20:16+00:00,NEEDS DATA,No odds source loaded. No betting edge is produced without market odds.
L.Fournette,00-0033856,BUF,,RB,Receptions,,,,,,,,,2026-06-25T16:20:16+00:00,NEEDS DATA,No odds source loaded. No betting edge is produced without market odds.
K.Johnson,00-0039589,TB,,WR,Receptions,,,,,,,,,2026-06-25T16:20:16+00:00,NEEDS DATA,No odds source loaded. No betting edge is produced without market odds.
S.Sullivan,00-0036438,CAR,,TE,Receptions,,,,,,,,,2026-06-25T16:20:16+00:00,NEEDS DATA,No odds source loaded. No betting edge is produced without market odds.
S.Moore,00-0038090,KC,,WR,Receptions,,,,,,,,,2026-06-25T16:20:16+00:00,NEEDS DATA,No odds source loaded. No betting edge is produced without market odds.
M.Burton,00-0031595,DEN,,FB,Receptions,,,,,,,,,2026-06-25T16:20:16+00:00,NEEDS DATA,No odds source loaded. No betting edge is produced without market odds.
D.Pierce,00-0037258,HOU,,RB,Receptions,,,,,,,,,2026-06-25T16:20:16+00:00,NEEDS DATA,No odds source loaded. No betting edge is produced without market odds.
B.Bates,00-0039458,CLE,,TE,Receptions,,,,,,,,,2026-06-25T16:20:16+00:00,NEEDS DATA,No odds source loaded. No betting edge is produced without market odds.
T.Davis-Price,00-0037827,PHI,,RB,Receptions,,,,,,,,,2026-06-25T16:20:16+00:00,NEEDS DATA,No odds source loaded. No betting edge is produced without market odds.
B.Scott,00-0034414,PHI,,RB,Receptions,,,,,,,,,2026-06-25T16:20:16+00:00,NEEDS DATA,No odds source loaded. No betting edge is produced without market odds.
B.Willis,00-0038643,SF,,TE,Receptions,,,,,,,,,2026-06-25T16:20:16+00:00,NEEDS DATA,No odds source loaded. No betting edge is produced without market odds.
J.Kelly,00-0034808,BAL,,RB,Receptions,,,,,,,,,2026-06-25T16:20:16+00:00,NEEDS DATA,No odds source loaded. No betting edge is produced without market odds.
J.Cabinda,00-0034171,DET,,FB,Receptions,,,,,,,,,2026-06-25T16:20:16+00:00,NEEDS DATA,No odds source loaded. No betting edge is produced without market odds.
J.Matthews,00-0031299,CAR,,TE,Receptions,,,,,,,,,2026-06-25T16:20:16+00:00,NEEDS DATA,No odds source loaded. No betting edge is produced without market odds.
K.Smith,00-0030968,ATL,,FB,Receptions,,,,,,,,,2026-06-25T16:20:16+00:00,NEEDS DATA,No odds source loaded. No betting edge is produced without market odds.
B.Cupp,00-0039316,KC,,TE,Receptions,,,,,,,,,2026-06-25T16:20:16+00:00,NEEDS DATA,No odds source loaded. No betting edge is produced without market odds.
A.Beck,00-0034959,HOU,,RB,Receptions,,,,,,,,,2026-06-25T16:20:16+00:00,NEEDS DATA,No odds source loaded. No betting edge is produced without market odds.
A.Prentice,00-0036727,NO,,RB,Receptions,,,,,,,,,2026-06-25T16:20:16+00:00,NEEDS DATA,No odds source loaded. No betting edge is produced without market odds.
P.Ricard,00-0033376,BAL,,FB,Receptions,,,,,,,,,2026-06-25T16:20:16+00:00,NEEDS DATA,No odds source loaded. No betting edge is produced without market odds.
R.Gilliam,00-0036187,BUF,,FB,Receptions,,,,,,,,,2026-06-25T16:20:16+00:00,NEEDS DATA,No odds source loaded. No betting edge is produced without market odds.
T.Jennings,00-0039757,NE,,RB,Receptions,,,,,,,,,2026-06-25T16:20:16+00:00,NEEDS DATA,No odds source loaded. No betting edge is produced without market odds.
K.Blasingame,00-0035099,PHI,,FB,Receptions,,,,,,,,,2026-06-25T16:20:16+00:00,NEEDS DATA,No odds source loaded. No betting edge is produced without market odds.
R.Ali,00-0039796,BAL,,RB,Receptions,,,,,,,,,2026-06-25T16:20:16+00:00,NEEDS DATA,No odds source loaded. No betting edge is produced without market odds.
