season,week,player_id,player_name,team,opponent,position,receptions_projection,receiving_yards_projection,rushing_yards_projection,carries_projection,pass_attempts_projection,completions_projection,passing_yards_projection,l3_targets,l5_targets,l8_targets,l3_receptions,l5_receptions,l8_receptions,l3_receiving_yards,l5_receiving_yards,l8_receiving_yards,l3_carries,l5_carries,l8_carries,l3_rushing_yards,l5_rushing_yards,l8_rushing_yards,l3_pass_attempts,l5_pass_attempts,l8_pass_attempts,l3_completions,l5_completions,l8_completions,l3_passing_yards,l5_passing_yards,l8_passing_yards,spread_line,total_line,team_implied_total,opponent_implied_total,favorite_status,spread_bucket,game_total_bucket,pass_volume_environment,rush_volume_environment,opp_receiving_fit_score,opp_rushing_fit_score,opp_passing_fit_score,defense_fit_sample_games,defense_fit_reliability,recent_form_reliability,game_environment_reliability,context_data_quality,receiving_market_available,rushing_market_available,passing_market_available,projection_score,usage_foundation_score,recent_form_score,opponent_fit_score,game_script_score,weather_score,role_availability_score,volatility_score,data_quality_score,overall_signal_score,signal_tier,green_signal_count,yellow_signal_count,red_flag_count,missing_signal_count,top_signal_reason,review_reason,blocked_reason,roster_status,role_status,injury_status,readiness_status,usage_status,final_readiness,signal_explanation,recommended_user_action,top_positive_driver_1,top_positive_driver_2,top_negative_driver_1,top_negative_driver_2,receptions_confidence_bucket,receptions_quality_flags,receiving_yards_confidence_bucket,receiving_yards_quality_flags,rushing_yards_confidence_bucket,rushing_yards_quality_flags,carries_confidence_bucket,carries_quality_flags,pass_attempts_confidence_bucket,pass_attempts_quality_flags,completions_confidence_bucket,completions_quality_flags,passing_yards_confidence_bucket,passing_yards_quality_flags,recent_receiving_sample_games,recent_rushing_sample_games,recent_passing_sample_games,recent_receiving_trend,recent_rushing_trend,recent_passing_trend,recent_form_notes,game_id,home_team,away_team,is_home,game_environment_notes,opp_allowed_targets_to_position,opp_allowed_receptions_to_position,opp_allowed_rec_yards_to_position,opp_allowed_rec_yards_per_game_to_position,opp_allowed_carries_to_position,opp_allowed_rush_yards_to_position,opp_allowed_rush_yards_per_game_to_position,opp_allowed_pass_attempts,opp_allowed_completions,opp_allowed_passing_yards,opp_allowed_passing_yards_per_game,opp_receiving_fit_reliability,opp_rushing_fit_reliability,opp_passing_fit_reliability,defense_fit_notes,context_notes,recent_context_available,defense_context_available,game_context_available,market_family,plain_english_summary,why_green,why_yellow_or_review,why_red_or_blocked,data_limitations,top_positive_driver_3,top_negative_driver_3,driver_notes,preview_usage_status,production_champion_profile,challenger_profile_name,current_overall_signal_score,current_signal_tier,current_recommended_user_action,challenger_overall_signal_score,challenger_signal_tier,challenger_recommended_user_action,signal_score_delta,tier_change,action_change,preview_flag,preview_notes
2025,1,,S.Barkley,PHI,,RB,1.387257441506324,12.275837977529564,96.84987306664549,11.597620949372056,,,,0.0,0.0,0.0,0.0,0.0,0.0,0.0,0.0,0.0,0.0,0.0,0.0,0.0,0.0,0.0,0.0,0.0,0.0,0.0,0.0,0.0,0.0,0.0,0.0,,,,,,,,,,,,,,MISSING,HIGH,MISSING,67,True,True,False,100.0,66.67,50.07,,,,35,55,65.7,76.1,STRONG_SIGNAL,2,0,0,5,projection strength: 100.0; usage foundation: 66.7,"Context V1: defense fit missing/low reliability for some players; game environment missing for some players; weather, route share, first-read share, and coverage are not sourced.",,NEEDS DATA,NEEDS DATA,NEEDS DATA,DATA_NEEDS_LIVE_CONTEXT,HISTORICAL TEST ONLY,NO-GO,STRONG_SIGNAL at 76.1. Main support: projection strength: 100.0; usage foundation: 66.7. Main caution: role and availability context: 35.0; missing signal count: 5.,STRONG_SIGNAL,projection strength: 100.0,usage foundation: 66.7,role and availability context: 35.0,missing signal count: 5,Medium,ROUTE_PROXY_UNVALIDATED|LOW_CURRENT_SAMPLE,Medium,ROUTE_PROXY_UNVALIDATED|LOW_CURRENT_SAMPLE,Medium,ROUTE_PROXY_UNVALIDATED|LOW_CURRENT_SAMPLE,Medium,ROUTE_PROXY_UNVALIDATED|LOW_CURRENT_SAMPLE,,,,,,,8,8,8,MISSING,MISSING,MISSING,Pre-target weekly player stats only.,,,,,No schedule game matched team/opponent.,,,,,,,,,,,,MISSING,MISSING,MISSING,LOW_RELIABILITY_DEFENSE_FIT: shrinkage applied to historical allowed stats.,"Context V1 uses pre-target weekly history, schedules.csv game lines where present, and shrinkage-adjusted defense allowed stats.",True,False,False,rushing,STRONG_SIGNAL at 76.1. Main support: projection strength: 100.0; usage foundation: 66.7. Main caution: role and availability context: 35.0; missing signal count: 5.,projection strength: 100.0; usage foundation: 66.7; data quality: 65.7,,,weather not sourced; live role/injury gates not ready; defense fit limited; game environment limited,data quality: 65.7,review context: Context V1: defense fit missing/low reliability for some players; game environment missing,Research-only driver summary. Limitations: weather not sourced; live role/injury gates not ready; defense fit limited; game environment limited,RESEARCH_ONLY,current_v1,projection_heavy,76.1,STRONG_SIGNAL,STRONG_SIGNAL,82.4,STRONG_SIGNAL,STRONG_SIGNAL,6.3,NO_TIER_CHANGE,NO_ACTION_CHANGE,BIG_UPGRADE,RESEARCH_ONLY challenger preview; production signal boards remain current_v1.
2025,1,,J.Taylor,IND,,RB,0.872258025015257,7.774105051191873,85.87558910562794,14.714235572200463,,,,0.0,0.0,0.0,0.0,0.0,0.0,0.0,0.0,0.0,0.0,0.0,0.0,0.0,0.0,0.0,0.0,0.0,0.0,0.0,0.0,0.0,0.0,0.0,0.0,,,,,,,,,,,,,,MISSING,HIGH,MISSING,67,True,True,False,100.0,66.67,50.07,,,,35,55,65.7,76.1,STRONG_SIGNAL,2,0,0,5,projection strength: 100.0; usage foundation: 66.7,"Context V1: defense fit missing/low reliability for some players; game environment missing for some players; weather, route share, first-read share, and coverage are not sourced.",,NEEDS DATA,NEEDS DATA,NEEDS DATA,DATA_NEEDS_LIVE_CONTEXT,HISTORICAL TEST ONLY,NO-GO,STRONG_SIGNAL at 76.1. Main support: projection strength: 100.0; usage foundation: 66.7. Main caution: role and availability context: 35.0; missing signal count: 5.,STRONG_SIGNAL,projection strength: 100.0,usage foundation: 66.7,role and availability context: 35.0,missing signal count: 5,Medium,ROUTE_PROXY_UNVALIDATED|LOW_CURRENT_SAMPLE,Medium,ROUTE_PROXY_UNVALIDATED|LOW_CURRENT_SAMPLE,Medium,ROUTE_PROXY_UNVALIDATED|LOW_CURRENT_SAMPLE,Medium,ROUTE_PROXY_UNVALIDATED|LOW_CURRENT_SAMPLE,,,,,,,8,8,8,MISSING,MISSING,MISSING,Pre-target weekly player stats only.,,,,,No schedule game matched team/opponent.,,,,,,,,,,,,MISSING,MISSING,MISSING,LOW_RELIABILITY_DEFENSE_FIT: shrinkage applied to historical allowed stats.,"Context V1 uses pre-target weekly history, schedules.csv game lines where present, and shrinkage-adjusted defense allowed stats.",True,False,False,rushing,STRONG_SIGNAL at 76.1. Main support: projection strength: 100.0; usage foundation: 66.7. Main caution: role and availability context: 35.0; missing signal count: 5.,projection strength: 100.0; usage foundation: 66.7; data quality: 65.7,,,weather not sourced; live role/injury gates not ready; defense fit limited; game environment limited,data quality: 65.7,review context: Context V1: defense fit missing/low reliability for some players; game environment missing,Research-only driver summary. Limitations: weather not sourced; live role/injury gates not ready; defense fit limited; game environment limited,RESEARCH_ONLY,current_v1,projection_heavy,76.1,STRONG_SIGNAL,STRONG_SIGNAL,82.4,STRONG_SIGNAL,STRONG_SIGNAL,6.3,NO_TIER_CHANGE,NO_ACTION_CHANGE,BIG_UPGRADE,RESEARCH_ONLY challenger preview; production signal boards remain current_v1.
2025,1,,K.Murray,ARI,SF,QB,,,24.74752719502078,2.28815918004479,32.49919987521579,21.465659706411053,,0.0,0.0,0.0,0.0,0.0,0.0,0.0,0.0,0.0,0.0,0.0,0.0,0.0,0.0,0.0,0.0,0.0,0.0,0.0,0.0,0.0,0.0,0.0,0.0,,,,,,,,,,,,,,MISSING,HIGH,MISSING,67,False,True,True,100.0,66.67,50.07,,,,35,55,65.7,76.1,STRONG_SIGNAL,2,0,0,5,projection strength: 100.0; usage foundation: 66.7,"Context V1: defense fit missing/low reliability for some players; game environment missing for some players; weather, route share, first-read share, and coverage are not sourced.",,NEEDS DATA,NEEDS DATA,NEEDS DATA,DATA_NEEDS_LIVE_CONTEXT,HISTORICAL TEST ONLY,NO-GO,STRONG_SIGNAL at 76.1. Main support: projection strength: 100.0; usage foundation: 66.7. Main caution: role and availability context: 35.0; missing signal count: 5.,STRONG_SIGNAL,projection strength: 100.0,usage foundation: 66.7,role and availability context: 35.0,missing signal count: 5,,,,,Medium,ROUTE_PROXY_UNVALIDATED|LOW_CURRENT_SAMPLE|LOW_PLAYER_SAMPLE,Medium,ROUTE_PROXY_UNVALIDATED|LOW_CURRENT_SAMPLE|LOW_PLAYER_SAMPLE,Medium,ROUTE_PROXY_UNVALIDATED|LOW_CURRENT_SAMPLE|LOW_PLAYER_SAMPLE,Medium,ROUTE_PROXY_UNVALIDATED|LOW_CURRENT_SAMPLE|LOW_PLAYER_SAMPLE,,,8,8,8,MISSING,MISSING,MISSING,Pre-target weekly player stats only.,,,,,No schedule game matched team/opponent.,,,,,,,,,,,,MISSING,MISSING,MISSING,LOW_RELIABILITY_DEFENSE_FIT: shrinkage applied to historical allowed stats.,"Context V1 uses pre-target weekly history, schedules.csv game lines where present, and shrinkage-adjusted defense allowed stats.",True,False,False,rushing,STRONG_SIGNAL at 76.1. Main support: projection strength: 100.0; usage foundation: 66.7. Main caution: role and availability context: 35.0; missing signal count: 5.,projection strength: 100.0; usage foundation: 66.7; data quality: 65.7,,,weather not sourced; live role/injury gates not ready; defense fit limited; game environment limited,data quality: 65.7,review context: Context V1: defense fit missing/low reliability for some players; game environment missing,Research-only driver summary. Limitations: weather not sourced; live role/injury gates not ready; defense fit limited; game environment limited,RESEARCH_ONLY,current_v1,projection_heavy,76.1,STRONG_SIGNAL,STRONG_SIGNAL,82.4,STRONG_SIGNAL,STRONG_SIGNAL,6.3,NO_TIER_CHANGE,NO_ACTION_CHANGE,BIG_UPGRADE,RESEARCH_ONLY challenger preview; production signal boards remain current_v1.
2025,1,,D.Henry,BAL,,RB,0.853633146159767,8.963435255923926,89.29835670086044,14.70748572420501,,,,0.0,0.0,0.0,0.0,0.0,0.0,0.0,0.0,0.0,0.0,0.0,0.0,0.0,0.0,0.0,0.0,0.0,0.0,0.0,0.0,0.0,0.0,0.0,0.0,,,,,,,,,,,,,,MISSING,HIGH,MISSING,67,True,True,False,99.63,66.67,50.07,,,,35,55,65.7,75.94,STRONG_SIGNAL,2,0,0,5,projection strength: 99.6; usage foundation: 66.7,"Context V1: defense fit missing/low reliability for some players; game environment missing for some players; weather, route share, first-read share, and coverage are not sourced.",,NEEDS DATA,NEEDS DATA,NEEDS DATA,DATA_NEEDS_LIVE_CONTEXT,HISTORICAL TEST ONLY,NO-GO,STRONG_SIGNAL at 75.9. Main support: projection strength: 99.6; usage foundation: 66.7. Main caution: role and availability context: 35.0; missing signal count: 5.,STRONG_SIGNAL,projection strength: 99.6,usage foundation: 66.7,role and availability context: 35.0,missing signal count: 5,Medium,ROUTE_PROXY_UNVALIDATED|LOW_CURRENT_SAMPLE,Medium,ROUTE_PROXY_UNVALIDATED|LOW_CURRENT_SAMPLE,Medium,ROUTE_PROXY_UNVALIDATED|LOW_CURRENT_SAMPLE,Medium,ROUTE_PROXY_UNVALIDATED|LOW_CURRENT_SAMPLE,,,,,,,8,8,8,MISSING,MISSING,MISSING,Pre-target weekly player stats only.,,,,,No schedule game matched team/opponent.,,,,,,,,,,,,MISSING,MISSING,MISSING,LOW_RELIABILITY_DEFENSE_FIT: shrinkage applied to historical allowed stats.,"Context V1 uses pre-target weekly history, schedules.csv game lines where present, and shrinkage-adjusted defense allowed stats.",True,False,False,rushing,STRONG_SIGNAL at 75.9. Main support: projection strength: 99.6; usage foundation: 66.7. Main caution: role and availability context: 35.0; missing signal count: 5.,projection strength: 99.6; usage foundation: 66.7; data quality: 65.7,,,weather not sourced; live role/injury gates not ready; defense fit limited; game environment limited,data quality: 65.7,review context: Context V1: defense fit missing/low reliability for some players; game environment missing,Research-only driver summary. Limitations: weather not sourced; live role/injury gates not ready; defense fit limited; game environment limited,RESEARCH_ONLY,current_v1,projection_heavy,75.94,STRONG_SIGNAL,STRONG_SIGNAL,82.19,STRONG_SIGNAL,STRONG_SIGNAL,6.25,NO_TIER_CHANGE,NO_ACTION_CHANGE,BIG_UPGRADE,RESEARCH_ONLY challenger preview; production signal boards remain current_v1.
2025,1,,B.Robinson,ATL,,RB,1.316227646115384,11.357287765002628,72.12970822132897,14.253459230476937,,,,0.0,0.0,0.0,0.0,0.0,0.0,0.0,0.0,0.0,0.0,0.0,0.0,0.0,0.0,0.0,0.0,0.0,0.0,0.0,0.0,0.0,0.0,0.0,0.0,,,,,,,,,,,,,,MISSING,HIGH,MISSING,67,True,True,False,99.18,66.67,50.07,,,,35,55,65.7,75.74,STRONG_SIGNAL,2,0,0,5,projection strength: 99.2; usage foundation: 66.7,"Context V1: defense fit missing/low reliability for some players; game environment missing for some players; weather, route share, first-read share, and coverage are not sourced.",,NEEDS DATA,NEEDS DATA,NEEDS DATA,DATA_NEEDS_LIVE_CONTEXT,HISTORICAL TEST ONLY,NO-GO,STRONG_SIGNAL at 75.7. Main support: projection strength: 99.2; usage foundation: 66.7. Main caution: role and availability context: 35.0; missing signal count: 5.,STRONG_SIGNAL,projection strength: 99.2,usage foundation: 66.7,role and availability context: 35.0,missing signal count: 5,Medium,ROUTE_PROXY_UNVALIDATED|LOW_CURRENT_SAMPLE,Medium,ROUTE_PROXY_UNVALIDATED|LOW_CURRENT_SAMPLE,Medium,ROUTE_PROXY_UNVALIDATED|LOW_CURRENT_SAMPLE,Medium,ROUTE_PROXY_UNVALIDATED|LOW_CURRENT_SAMPLE,,,,,,,8,8,8,MISSING,MISSING,MISSING,Pre-target weekly player stats only.,,,,,No schedule game matched team/opponent.,,,,,,,,,,,,MISSING,MISSING,MISSING,LOW_RELIABILITY_DEFENSE_FIT: shrinkage applied to historical allowed stats.,"Context V1 uses pre-target weekly history, schedules.csv game lines where present, and shrinkage-adjusted defense allowed stats.",True,False,False,rushing,STRONG_SIGNAL at 75.7. Main support: projection strength: 99.2; usage foundation: 66.7. Main caution: role and availability context: 35.0; missing signal count: 5.,projection strength: 99.2; usage foundation: 66.7; data quality: 65.7,,,weather not sourced; live role/injury gates not ready; defense fit limited; game environment limited,data quality: 65.7,review context: Context V1: defense fit missing/low reliability for some players; game environment missing,Research-only driver summary. Limitations: weather not sourced; live role/injury gates not ready; defense fit limited; game environment limited,RESEARCH_ONLY,current_v1,projection_heavy,75.74,STRONG_SIGNAL,STRONG_SIGNAL,81.92,STRONG_SIGNAL,STRONG_SIGNAL,6.18,NO_TIER_CHANGE,NO_ACTION_CHANGE,BIG_UPGRADE,RESEARCH_ONLY challenger preview; production signal boards remain current_v1.
2025,1,,K.Williams,LA,,RB,1.4826477710892152,10.635705427079422,76.13318386342063,5.335681533737034,,,,0.0,0.0,0.0,0.0,0.0,0.0,0.0,0.0,0.0,0.0,0.0,0.0,0.0,0.0,0.0,0.0,0.0,0.0,0.0,0.0,0.0,0.0,0.0,0.0,,,,,,,,,,,,,,MISSING,HIGH,MISSING,67,True,True,False,98.88,66.67,50.07,,,,35,55,65.7,75.61,STRONG_SIGNAL,2,0,0,5,projection strength: 98.9; usage foundation: 66.7,"Context V1: defense fit missing/low reliability for some players; game environment missing for some players; weather, route share, first-read share, and coverage are not sourced.",,NEEDS DATA,NEEDS DATA,NEEDS DATA,DATA_NEEDS_LIVE_CONTEXT,HISTORICAL TEST ONLY,NO-GO,STRONG_SIGNAL at 75.6. Main support: projection strength: 98.9; usage foundation: 66.7. Main caution: role and availability context: 35.0; missing signal count: 5.,STRONG_SIGNAL,projection strength: 98.9,usage foundation: 66.7,role and availability context: 35.0,missing signal count: 5,Medium,ROUTE_PROXY_UNVALIDATED|LOW_CURRENT_SAMPLE,Medium,ROUTE_PROXY_UNVALIDATED|LOW_CURRENT_SAMPLE,Medium,ROUTE_PROXY_UNVALIDATED|LOW_CURRENT_SAMPLE,Medium,ROUTE_PROXY_UNVALIDATED|LOW_CURRENT_SAMPLE,,,,,,,8,8,8,MISSING,MISSING,MISSING,Pre-target weekly player stats only.,,,,,No schedule game matched team/opponent.,,,,,,,,,,,,MISSING,MISSING,MISSING,LOW_RELIABILITY_DEFENSE_FIT: shrinkage applied to historical allowed stats.,"Context V1 uses pre-target weekly history, schedules.csv game lines where present, and shrinkage-adjusted defense allowed stats.",True,False,False,rushing,STRONG_SIGNAL at 75.6. Main support: projection strength: 98.9; usage foundation: 66.7. Main caution: role and availability context: 35.0; missing signal count: 5.,projection strength: 98.9; usage foundation: 66.7; data quality: 65.7,,,weather not sourced; live role/injury gates not ready; defense fit limited; game environment limited,data quality: 65.7,review context: Context V1: defense fit missing/low reliability for some players; game environment missing,Research-only driver summary. Limitations: weather not sourced; live role/injury gates not ready; defense fit limited; game environment limited,RESEARCH_ONLY,current_v1,projection_heavy,75.61,STRONG_SIGNAL,STRONG_SIGNAL,81.74,STRONG_SIGNAL,STRONG_SIGNAL,6.13,NO_TIER_CHANGE,NO_ACTION_CHANGE,BIG_UPGRADE,RESEARCH_ONLY challenger preview; production signal boards remain current_v1.
2025,1,,J.Mixon,HOU,,RB,1.129173157633951,10.668431682509429,67.86122304953706,9.958632501037004,,,,0.0,0.0,0.0,0.0,0.0,0.0,0.0,0.0,0.0,0.0,0.0,0.0,0.0,0.0,0.0,0.0,0.0,0.0,0.0,0.0,0.0,0.0,0.0,0.0,,,,,,,,,,,,,,MISSING,HIGH,MISSING,67,True,True,False,98.36,66.67,50.07,,,,35,55,65.7,75.38,STRONG_SIGNAL,2,0,0,5,projection strength: 98.4; usage foundation: 66.7,"Context V1: defense fit missing/low reliability for some players; game environment missing for some players; weather, route share, first-read share, and coverage are not sourced.",,NEEDS DATA,NEEDS DATA,NEEDS DATA,DATA_NEEDS_LIVE_CONTEXT,HISTORICAL TEST ONLY,NO-GO,STRONG_SIGNAL at 75.4. Main support: projection strength: 98.4; usage foundation: 66.7. Main caution: role and availability context: 35.0; missing signal count: 5.,STRONG_SIGNAL,projection strength: 98.4,usage foundation: 66.7,role and availability context: 35.0,missing signal count: 5,Medium,ROUTE_PROXY_UNVALIDATED|LOW_CURRENT_SAMPLE,Medium,ROUTE_PROXY_UNVALIDATED|LOW_CURRENT_SAMPLE,Medium,ROUTE_PROXY_UNVALIDATED|LOW_CURRENT_SAMPLE,Medium,ROUTE_PROXY_UNVALIDATED|LOW_CURRENT_SAMPLE,,,,,,,8,8,8,MISSING,MISSING,MISSING,Pre-target weekly player stats only.,,,,,No schedule game matched team/opponent.,,,,,,,,,,,,MISSING,MISSING,MISSING,LOW_RELIABILITY_DEFENSE_FIT: shrinkage applied to historical allowed stats.,"Context V1 uses pre-target weekly history, schedules.csv game lines where present, and shrinkage-adjusted defense allowed stats.",True,False,False,rushing,STRONG_SIGNAL at 75.4. Main support: projection strength: 98.4; usage foundation: 66.7. Main caution: role and availability context: 35.0; missing signal count: 5.,projection strength: 98.4; usage foundation: 66.7; data quality: 65.7,,,weather not sourced; live role/injury gates not ready; defense fit limited; game environment limited,data quality: 65.7,review context: Context V1: defense fit missing/low reliability for some players; game environment missing,Research-only driver summary. Limitations: weather not sourced; live role/injury gates not ready; defense fit limited; game environment limited,RESEARCH_ONLY,current_v1,projection_heavy,75.38,STRONG_SIGNAL,STRONG_SIGNAL,81.44,STRONG_SIGNAL,STRONG_SIGNAL,6.06,NO_TIER_CHANGE,NO_ACTION_CHANGE,BIG_UPGRADE,RESEARCH_ONLY challenger preview; production signal boards remain current_v1.
2025,1,,J.Jacobs,GB,,RB,1.200644169911691,12.449262244113166,69.692593594386,7.395037398519733,,,,0.0,0.0,0.0,0.0,0.0,0.0,0.0,0.0,0.0,0.0,0.0,0.0,0.0,0.0,0.0,0.0,0.0,0.0,0.0,0.0,0.0,0.0,0.0,0.0,,,,,,,,,,,,,,MISSING,HIGH,MISSING,67,True,True,False,98.13,66.67,50.07,,,,35,55,65.7,75.28,STRONG_SIGNAL,2,0,0,5,projection strength: 98.1; usage foundation: 66.7,"Context V1: defense fit missing/low reliability for some players; game environment missing for some players; weather, route share, first-read share, and coverage are not sourced.",,NEEDS DATA,NEEDS DATA,NEEDS DATA,DATA_NEEDS_LIVE_CONTEXT,HISTORICAL TEST ONLY,NO-GO,STRONG_SIGNAL at 75.3. Main support: projection strength: 98.1; usage foundation: 66.7. Main caution: role and availability context: 35.0; missing signal count: 5.,STRONG_SIGNAL,projection strength: 98.1,usage foundation: 66.7,role and availability context: 35.0,missing signal count: 5,Medium,ROUTE_PROXY_UNVALIDATED|LOW_CURRENT_SAMPLE,Medium,ROUTE_PROXY_UNVALIDATED|LOW_CURRENT_SAMPLE,Medium,ROUTE_PROXY_UNVALIDATED|LOW_CURRENT_SAMPLE,Medium,ROUTE_PROXY_UNVALIDATED|LOW_CURRENT_SAMPLE,,,,,,,8,8,8,MISSING,MISSING,MISSING,Pre-target weekly player stats only.,,,,,No schedule game matched team/opponent.,,,,,,,,,,,,MISSING,MISSING,MISSING,LOW_RELIABILITY_DEFENSE_FIT: shrinkage applied to historical allowed stats.,"Context V1 uses pre-target weekly history, schedules.csv game lines where present, and shrinkage-adjusted defense allowed stats.",True,False,False,rushing,STRONG_SIGNAL at 75.3. Main support: projection strength: 98.1; usage foundation: 66.7. Main caution: role and availability context: 35.0; missing signal count: 5.,projection strength: 98.1; usage foundation: 66.7; data quality: 65.7,,,weather not sourced; live role/injury gates not ready; defense fit limited; game environment limited,data quality: 65.7,review context: Context V1: defense fit missing/low reliability for some players; game environment missing,Research-only driver summary. Limitations: weather not sourced; live role/injury gates not ready; defense fit limited; game environment limited,RESEARCH_ONLY,current_v1,projection_heavy,75.28,STRONG_SIGNAL,STRONG_SIGNAL,81.3,STRONG_SIGNAL,STRONG_SIGNAL,6.02,NO_TIER_CHANGE,NO_ACTION_CHANGE,BIG_UPGRADE,RESEARCH_ONLY challenger preview; production signal boards remain current_v1.
2025,1,,T.Pollard,TEN,,RB,1.0045870587744048,7.493128150666385,59.43814206292419,9.934639469149408,,,,0.0,0.0,0.0,0.0,0.0,0.0,0.0,0.0,0.0,0.0,0.0,0.0,0.0,0.0,0.0,0.0,0.0,0.0,0.0,0.0,0.0,0.0,0.0,0.0,,,,,,,,,,,,,,MISSING,HIGH,MISSING,67,True,True,False,97.95,66.67,50.07,,,,35,55,65.7,75.2,STRONG_SIGNAL,2,0,0,5,projection strength: 98.0; usage foundation: 66.7,"Context V1: defense fit missing/low reliability for some players; game environment missing for some players; weather, route share, first-read share, and coverage are not sourced.",,NEEDS DATA,NEEDS DATA,NEEDS DATA,DATA_NEEDS_LIVE_CONTEXT,HISTORICAL TEST ONLY,NO-GO,STRONG_SIGNAL at 75.2. Main support: projection strength: 98.0; usage foundation: 66.7. Main caution: role and availability context: 35.0; missing signal count: 5.,STRONG_SIGNAL,projection strength: 98.0,usage foundation: 66.7,role and availability context: 35.0,missing signal count: 5,Medium,ROUTE_PROXY_UNVALIDATED|LOW_CURRENT_SAMPLE,Medium,ROUTE_PROXY_UNVALIDATED|LOW_CURRENT_SAMPLE,Medium,ROUTE_PROXY_UNVALIDATED|LOW_CURRENT_SAMPLE,Medium,ROUTE_PROXY_UNVALIDATED|LOW_CURRENT_SAMPLE,,,,,,,8,8,8,MISSING,MISSING,MISSING,Pre-target weekly player stats only.,,,,,No schedule game matched team/opponent.,,,,,,,,,,,,MISSING,MISSING,MISSING,LOW_RELIABILITY_DEFENSE_FIT: shrinkage applied to historical allowed stats.,"Context V1 uses pre-target weekly history, schedules.csv game lines where present, and shrinkage-adjusted defense allowed stats.",True,False,False,rushing,STRONG_SIGNAL at 75.2. Main support: projection strength: 98.0; usage foundation: 66.7. Main caution: role and availability context: 35.0; missing signal count: 5.,projection strength: 98.0; usage foundation: 66.7; data quality: 65.7,,,weather not sourced; live role/injury gates not ready; defense fit limited; game environment limited,data quality: 65.7,review context: Context V1: defense fit missing/low reliability for some players; game environment missing,Research-only driver summary. Limitations: weather not sourced; live role/injury gates not ready; defense fit limited; game environment limited,RESEARCH_ONLY,current_v1,projection_heavy,75.2,STRONG_SIGNAL,STRONG_SIGNAL,81.2,STRONG_SIGNAL,STRONG_SIGNAL,6.0,NO_TIER_CHANGE,NO_ACTION_CHANGE,BIG_UPGRADE,RESEARCH_ONLY challenger preview; production signal boards remain current_v1.
2025,1,,J.Gibbs,DET,,RB,2.1787404158944845,18.903761407201777,69.53462764660152,6.177847928971912,,,,0.0,0.0,0.0,0.0,0.0,0.0,0.0,0.0,0.0,0.0,0.0,0.0,0.0,0.0,0.0,0.0,0.0,0.0,0.0,0.0,0.0,0.0,0.0,0.0,,,,,,,,,,,,,,MISSING,HIGH,MISSING,67,True,True,False,97.76,66.67,50.07,,,,35,55,65.7,75.12,STRONG_SIGNAL,2,0,0,5,projection strength: 97.8; usage foundation: 66.7,"Context V1: defense fit missing/low reliability for some players; game environment missing for some players; weather, route share, first-read share, and coverage are not sourced.",,NEEDS DATA,NEEDS DATA,NEEDS DATA,DATA_NEEDS_LIVE_CONTEXT,HISTORICAL TEST ONLY,NO-GO,STRONG_SIGNAL at 75.1. Main support: projection strength: 97.8; usage foundation: 66.7. Main caution: role and availability context: 35.0; missing signal count: 5.,STRONG_SIGNAL,projection strength: 97.8,usage foundation: 66.7,role and availability context: 35.0,missing signal count: 5,Medium,ROUTE_PROXY_UNVALIDATED|LOW_CURRENT_SAMPLE,Medium,ROUTE_PROXY_UNVALIDATED|LOW_CURRENT_SAMPLE,Medium,ROUTE_PROXY_UNVALIDATED|LOW_CURRENT_SAMPLE,Medium,ROUTE_PROXY_UNVALIDATED|LOW_CURRENT_SAMPLE,,,,,,,8,8,8,MISSING,MISSING,MISSING,Pre-target weekly player stats only.,,,,,No schedule game matched team/opponent.,,,,,,,,,,,,MISSING,MISSING,MISSING,LOW_RELIABILITY_DEFENSE_FIT: shrinkage applied to historical allowed stats.,"Context V1 uses pre-target weekly history, schedules.csv game lines where present, and shrinkage-adjusted defense allowed stats.",True,False,False,rushing,STRONG_SIGNAL at 75.1. Main support: projection strength: 97.8; usage foundation: 66.7. Main caution: role and availability context: 35.0; missing signal count: 5.,projection strength: 97.8; usage foundation: 66.7; data quality: 65.7,,,weather not sourced; live role/injury gates not ready; defense fit limited; game environment limited,data quality: 65.7,review context: Context V1: defense fit missing/low reliability for some players; game environment missing,Research-only driver summary. Limitations: weather not sourced; live role/injury gates not ready; defense fit limited; game environment limited,RESEARCH_ONLY,current_v1,projection_heavy,75.12,STRONG_SIGNAL,STRONG_SIGNAL,81.09,STRONG_SIGNAL,STRONG_SIGNAL,5.97,NO_TIER_CHANGE,NO_ACTION_CHANGE,BIG_UPGRADE,RESEARCH_ONLY challenger preview; production signal boards remain current_v1.
2025,1,,R.Dowdle,DAL,,RB,1.0851278547673535,8.790320539036735,53.396619306822274,9.510990683979092,,,,0.0,0.0,0.0,0.0,0.0,0.0,0.0,0.0,0.0,0.0,0.0,0.0,0.0,0.0,0.0,0.0,0.0,0.0,0.0,0.0,0.0,0.0,0.0,0.0,,,,,,,,,,,,,,MISSING,HIGH,MISSING,67,True,True,False,97.54,66.67,50.07,,,,35,55,65.7,75.02,STRONG_SIGNAL,2,0,0,5,projection strength: 97.5; usage foundation: 66.7,"Context V1: defense fit missing/low reliability for some players; game environment missing for some players; weather, route share, first-read share, and coverage are not sourced.",,NEEDS DATA,NEEDS DATA,NEEDS DATA,DATA_NEEDS_LIVE_CONTEXT,HISTORICAL TEST ONLY,NO-GO,STRONG_SIGNAL at 75.0. Main support: projection strength: 97.5; usage foundation: 66.7. Main caution: role and availability context: 35.0; missing signal count: 5.,STRONG_SIGNAL,projection strength: 97.5,usage foundation: 66.7,role and availability context: 35.0,missing signal count: 5,Medium,ROUTE_PROXY_UNVALIDATED|LOW_CURRENT_SAMPLE,Medium,ROUTE_PROXY_UNVALIDATED|LOW_CURRENT_SAMPLE,Medium,ROUTE_PROXY_UNVALIDATED|LOW_CURRENT_SAMPLE,Medium,ROUTE_PROXY_UNVALIDATED|LOW_CURRENT_SAMPLE,,,,,,,8,8,8,MISSING,MISSING,MISSING,Pre-target weekly player stats only.,,,,,No schedule game matched team/opponent.,,,,,,,,,,,,MISSING,MISSING,MISSING,LOW_RELIABILITY_DEFENSE_FIT: shrinkage applied to historical allowed stats.,"Context V1 uses pre-target weekly history, schedules.csv game lines where present, and shrinkage-adjusted defense allowed stats.",True,False,False,rushing,STRONG_SIGNAL at 75.0. Main support: projection strength: 97.5; usage foundation: 66.7. Main caution: role and availability context: 35.0; missing signal count: 5.,projection strength: 97.5; usage foundation: 66.7; data quality: 65.7,,,weather not sourced; live role/injury gates not ready; defense fit limited; game environment limited,data quality: 65.7,review context: Context V1: defense fit missing/low reliability for some players; game environment missing,Research-only driver summary. Limitations: weather not sourced; live role/injury gates not ready; defense fit limited; game environment limited,RESEARCH_ONLY,current_v1,projection_heavy,75.02,STRONG_SIGNAL,STRONG_SIGNAL,80.96,STRONG_SIGNAL,STRONG_SIGNAL,5.94,NO_TIER_CHANGE,NO_ACTION_CHANGE,BIG_UPGRADE,RESEARCH_ONLY challenger preview; production signal boards remain current_v1.
2025,1,,C.Williams,CHI,GB,QB,,,25.75424542269534,2.867948587606745,30.41695015325381,18.4865441378234,,0.0,0.0,0.0,0.0,0.0,0.0,0.0,0.0,0.0,0.0,0.0,0.0,0.0,0.0,0.0,0.0,0.0,0.0,0.0,0.0,0.0,0.0,0.0,0.0,,,,,,,,,,,,,,MISSING,HIGH,MISSING,67,False,True,True,97.3,66.67,50.07,,,,35,55,65.7,74.92,STRONG_SIGNAL,2,0,0,5,projection strength: 97.3; usage foundation: 66.7,"Context V1: defense fit missing/low reliability for some players; game environment missing for some players; weather, route share, first-read share, and coverage are not sourced.",,NEEDS DATA,NEEDS DATA,NEEDS DATA,DATA_NEEDS_LIVE_CONTEXT,HISTORICAL TEST ONLY,NO-GO,STRONG_SIGNAL at 74.9. Main support: projection strength: 97.3; usage foundation: 66.7. Main caution: role and availability context: 35.0; missing signal count: 5.,STRONG_SIGNAL,projection strength: 97.3,usage foundation: 66.7,role and availability context: 35.0,missing signal count: 5,,,,,Medium,ROUTE_PROXY_UNVALIDATED|LOW_CURRENT_SAMPLE|LOW_PLAYER_SAMPLE,Medium,ROUTE_PROXY_UNVALIDATED|LOW_CURRENT_SAMPLE|LOW_PLAYER_SAMPLE,Medium,ROUTE_PROXY_UNVALIDATED|LOW_CURRENT_SAMPLE|LOW_PLAYER_SAMPLE,Medium,ROUTE_PROXY_UNVALIDATED|LOW_CURRENT_SAMPLE|LOW_PLAYER_SAMPLE,,,8,8,8,MISSING,MISSING,MISSING,Pre-target weekly player stats only.,,,,,No schedule game matched team/opponent.,,,,,,,,,,,,MISSING,MISSING,MISSING,LOW_RELIABILITY_DEFENSE_FIT: shrinkage applied to historical allowed stats.,"Context V1 uses pre-target weekly history, schedules.csv game lines where present, and shrinkage-adjusted defense allowed stats.",True,False,False,rushing,STRONG_SIGNAL at 74.9. Main support: projection strength: 97.3; usage foundation: 66.7. Main caution: role and availability context: 35.0; missing signal count: 5.,projection strength: 97.3; usage foundation: 66.7; data quality: 65.7,,,weather not sourced; live role/injury gates not ready; defense fit limited; game environment limited,data quality: 65.7,review context: Context V1: defense fit missing/low reliability for some players; game environment missing,Research-only driver summary. Limitations: weather not sourced; live role/injury gates not ready; defense fit limited; game environment limited,RESEARCH_ONLY,current_v1,projection_heavy,74.92,STRONG_SIGNAL,STRONG_SIGNAL,80.81,STRONG_SIGNAL,STRONG_SIGNAL,5.89,NO_TIER_CHANGE,NO_ACTION_CHANGE,BIG_UPGRADE,RESEARCH_ONLY challenger preview; production signal boards remain current_v1.
2025,1,,B.Irving,TB,,RB,1.539463684615087,13.04197461549636,57.32188876290047,8.649815168553095,,,,0.0,0.0,0.0,0.0,0.0,0.0,0.0,0.0,0.0,0.0,0.0,0.0,0.0,0.0,0.0,0.0,0.0,0.0,0.0,0.0,0.0,0.0,0.0,0.0,,,,,,,,,,,,,,MISSING,HIGH,MISSING,67,True,True,False,97.13,66.67,50.07,,,,35,55,65.7,74.84,STRONG_SIGNAL,2,0,0,5,projection strength: 97.1; usage foundation: 66.7,"Context V1: defense fit missing/low reliability for some players; game environment missing for some players; weather, route share, first-read share, and coverage are not sourced.",,NEEDS DATA,NEEDS DATA,NEEDS DATA,DATA_NEEDS_LIVE_CONTEXT,HISTORICAL TEST ONLY,NO-GO,STRONG_SIGNAL at 74.8. Main support: projection strength: 97.1; usage foundation: 66.7. Main caution: role and availability context: 35.0; missing signal count: 5.,STRONG_SIGNAL,projection strength: 97.1,usage foundation: 66.7,role and availability context: 35.0,missing signal count: 5,Medium,ROUTE_PROXY_UNVALIDATED|LOW_CURRENT_SAMPLE,Medium,ROUTE_PROXY_UNVALIDATED|LOW_CURRENT_SAMPLE,Medium,ROUTE_PROXY_UNVALIDATED|LOW_CURRENT_SAMPLE,Medium,ROUTE_PROXY_UNVALIDATED|LOW_CURRENT_SAMPLE,,,,,,,8,8,8,MISSING,MISSING,MISSING,Pre-target weekly player stats only.,,,,,No schedule game matched team/opponent.,,,,,,,,,,,,MISSING,MISSING,MISSING,LOW_RELIABILITY_DEFENSE_FIT: shrinkage applied to historical allowed stats.,"Context V1 uses pre-target weekly history, schedules.csv game lines where present, and shrinkage-adjusted defense allowed stats.",True,False,False,rushing,STRONG_SIGNAL at 74.8. Main support: projection strength: 97.1; usage foundation: 66.7. Main caution: role and availability context: 35.0; missing signal count: 5.,projection strength: 97.1; usage foundation: 66.7; data quality: 65.7,,,weather not sourced; live role/injury gates not ready; defense fit limited; game environment limited,data quality: 65.7,review context: Context V1: defense fit missing/low reliability for some players; game environment missing,Research-only driver summary. Limitations: weather not sourced; live role/injury gates not ready; defense fit limited; game environment limited,RESEARCH_ONLY,current_v1,projection_heavy,74.84,STRONG_SIGNAL,STRONG_SIGNAL,80.71,STRONG_SIGNAL,STRONG_SIGNAL,5.87,NO_TIER_CHANGE,NO_ACTION_CHANGE,BIG_UPGRADE,RESEARCH_ONLY challenger preview; production signal boards remain current_v1.
2025,1,,C.Hubbard,CAR,,RB,1.4786788225054175,9.34905577315836,67.60016897539725,8.479818811072214,,,,0.0,0.0,0.0,0.0,0.0,0.0,0.0,0.0,0.0,0.0,0.0,0.0,0.0,0.0,0.0,0.0,0.0,0.0,0.0,0.0,0.0,0.0,0.0,0.0,,,,,,,,,,,,,,MISSING,HIGH,MISSING,67,True,True,False,97.01,66.67,50.07,,,,35,55,65.7,74.79,STRONG_SIGNAL,2,0,0,5,projection strength: 97.0; usage foundation: 66.7,"Context V1: defense fit missing/low reliability for some players; game environment missing for some players; weather, route share, first-read share, and coverage are not sourced.",,NEEDS DATA,NEEDS DATA,NEEDS DATA,DATA_NEEDS_LIVE_CONTEXT,HISTORICAL TEST ONLY,NO-GO,STRONG_SIGNAL at 74.8. Main support: projection strength: 97.0; usage foundation: 66.7. Main caution: role and availability context: 35.0; missing signal count: 5.,STRONG_SIGNAL,projection strength: 97.0,usage foundation: 66.7,role and availability context: 35.0,missing signal count: 5,Medium,ROUTE_PROXY_UNVALIDATED|LOW_CURRENT_SAMPLE,Medium,ROUTE_PROXY_UNVALIDATED|LOW_CURRENT_SAMPLE,Medium,ROUTE_PROXY_UNVALIDATED|LOW_CURRENT_SAMPLE,Medium,ROUTE_PROXY_UNVALIDATED|LOW_CURRENT_SAMPLE,,,,,,,8,8,8,MISSING,MISSING,MISSING,Pre-target weekly player stats only.,,,,,No schedule game matched team/opponent.,,,,,,,,,,,,MISSING,MISSING,MISSING,LOW_RELIABILITY_DEFENSE_FIT: shrinkage applied to historical allowed stats.,"Context V1 uses pre-target weekly history, schedules.csv game lines where present, and shrinkage-adjusted defense allowed stats.",True,False,False,rushing,STRONG_SIGNAL at 74.8. Main support: projection strength: 97.0; usage foundation: 66.7. Main caution: role and availability context: 35.0; missing signal count: 5.,projection strength: 97.0; usage foundation: 66.7; data quality: 65.7,,,weather not sourced; live role/injury gates not ready; defense fit limited; game environment limited,data quality: 65.7,review context: Context V1: defense fit missing/low reliability for some players; game environment missing,Research-only driver summary. Limitations: weather not sourced; live role/injury gates not ready; defense fit limited; game environment limited,RESEARCH_ONLY,current_v1,projection_heavy,74.79,STRONG_SIGNAL,STRONG_SIGNAL,80.64,STRONG_SIGNAL,STRONG_SIGNAL,5.85,NO_TIER_CHANGE,NO_ACTION_CHANGE,BIG_UPGRADE,RESEARCH_ONLY challenger preview; production signal boards remain current_v1.
2025,1,,B.Mayfield,TB,WAS,QB,,,19.460001286116217,2.742167396805231,28.574253190116945,21.056661495149434,,0.0,0.0,0.0,0.0,0.0,0.0,0.0,0.0,0.0,0.0,0.0,0.0,0.0,0.0,0.0,0.0,0.0,0.0,0.0,0.0,0.0,0.0,0.0,0.0,,,,,,,,,,,,,,MISSING,HIGH,MISSING,67,False,True,True,96.97,66.67,50.07,,,,35,55,65.7,74.77,STRONG_SIGNAL,2,0,0,5,projection strength: 97.0; usage foundation: 66.7,"Context V1: defense fit missing/low reliability for some players; game environment missing for some players; weather, route share, first-read share, and coverage are not sourced.",,NEEDS DATA,NEEDS DATA,NEEDS DATA,DATA_NEEDS_LIVE_CONTEXT,HISTORICAL TEST ONLY,NO-GO,STRONG_SIGNAL at 74.8. Main support: projection strength: 97.0; usage foundation: 66.7. Main caution: role and availability context: 35.0; missing signal count: 5.,STRONG_SIGNAL,projection strength: 97.0,usage foundation: 66.7,role and availability context: 35.0,missing signal count: 5,,,,,Medium,ROUTE_PROXY_UNVALIDATED|LOW_CURRENT_SAMPLE|LOW_PLAYER_SAMPLE,Medium,ROUTE_PROXY_UNVALIDATED|LOW_CURRENT_SAMPLE|LOW_PLAYER_SAMPLE,Medium,ROUTE_PROXY_UNVALIDATED|LOW_CURRENT_SAMPLE|LOW_PLAYER_SAMPLE,Medium,ROUTE_PROXY_UNVALIDATED|LOW_CURRENT_SAMPLE|LOW_PLAYER_SAMPLE,,,8,8,8,MISSING,MISSING,MISSING,Pre-target weekly player stats only.,,,,,No schedule game matched team/opponent.,,,,,,,,,,,,MISSING,MISSING,MISSING,LOW_RELIABILITY_DEFENSE_FIT: shrinkage applied to historical allowed stats.,"Context V1 uses pre-target weekly history, schedules.csv game lines where present, and shrinkage-adjusted defense allowed stats.",True,False,False,rushing,STRONG_SIGNAL at 74.8. Main support: projection strength: 97.0; usage foundation: 66.7. Main caution: role and availability context: 35.0; missing signal count: 5.,projection strength: 97.0; usage foundation: 66.7; data quality: 65.7,,,weather not sourced; live role/injury gates not ready; defense fit limited; game environment limited,data quality: 65.7,review context: Context V1: defense fit missing/low reliability for some players; game environment missing,Research-only driver summary. Limitations: weather not sourced; live role/injury gates not ready; defense fit limited; game environment limited,RESEARCH_ONLY,current_v1,projection_heavy,74.77,STRONG_SIGNAL,STRONG_SIGNAL,80.62,STRONG_SIGNAL,STRONG_SIGNAL,5.85,NO_TIER_CHANGE,NO_ACTION_CHANGE,BIG_UPGRADE,RESEARCH_ONLY challenger preview; production signal boards remain current_v1.
2025,1,,D.Swift,CHI,,RB,1.3875615820534035,13.452248254810913,53.80470394801723,8.525546005271234,,,,0.0,0.0,0.0,0.0,0.0,0.0,0.0,0.0,0.0,0.0,0.0,0.0,0.0,0.0,0.0,0.0,0.0,0.0,0.0,0.0,0.0,0.0,0.0,0.0,,,,,,,,,,,,,,MISSING,HIGH,MISSING,67,True,True,False,96.72,66.67,50.07,,,,35,55,65.7,74.66,STRONG_SIGNAL,2,0,0,5,projection strength: 96.7; usage foundation: 66.7,"Context V1: defense fit missing/low reliability for some players; game environment missing for some players; weather, route share, first-read share, and coverage are not sourced.",,NEEDS DATA,NEEDS DATA,NEEDS DATA,DATA_NEEDS_LIVE_CONTEXT,HISTORICAL TEST ONLY,NO-GO,STRONG_SIGNAL at 74.7. Main support: projection strength: 96.7; usage foundation: 66.7. Main caution: role and availability context: 35.0; missing signal count: 5.,STRONG_SIGNAL,projection strength: 96.7,usage foundation: 66.7,role and availability context: 35.0,missing signal count: 5,Medium,ROUTE_PROXY_UNVALIDATED|LOW_CURRENT_SAMPLE,Medium,ROUTE_PROXY_UNVALIDATED|LOW_CURRENT_SAMPLE,Medium,ROUTE_PROXY_UNVALIDATED|LOW_CURRENT_SAMPLE,Medium,ROUTE_PROXY_UNVALIDATED|LOW_CURRENT_SAMPLE,,,,,,,8,8,8,MISSING,MISSING,MISSING,Pre-target weekly player stats only.,,,,,No schedule game matched team/opponent.,,,,,,,,,,,,MISSING,MISSING,MISSING,LOW_RELIABILITY_DEFENSE_FIT: shrinkage applied to historical allowed stats.,"Context V1 uses pre-target weekly history, schedules.csv game lines where present, and shrinkage-adjusted defense allowed stats.",True,False,False,rushing,STRONG_SIGNAL at 74.7. Main support: projection strength: 96.7; usage foundation: 66.7. Main caution: role and availability context: 35.0; missing signal count: 5.,projection strength: 96.7; usage foundation: 66.7; data quality: 65.7,,,weather not sourced; live role/injury gates not ready; defense fit limited; game environment limited,data quality: 65.7,review context: Context V1: defense fit missing/low reliability for some players; game environment missing,Research-only driver summary. Limitations: weather not sourced; live role/injury gates not ready; defense fit limited; game environment limited,RESEARCH_ONLY,current_v1,projection_heavy,74.66,STRONG_SIGNAL,STRONG_SIGNAL,80.47,STRONG_SIGNAL,STRONG_SIGNAL,5.81,NO_TIER_CHANGE,NO_ACTION_CHANGE,BIG_UPGRADE,RESEARCH_ONLY challenger preview; production signal boards remain current_v1.
2025,1,,J.Conner,ARI,,RB,1.912928202970164,15.322258095428412,61.15107007352755,6.2613690922643,,,,0.0,0.0,0.0,0.0,0.0,0.0,0.0,0.0,0.0,0.0,0.0,0.0,0.0,0.0,0.0,0.0,0.0,0.0,0.0,0.0,0.0,0.0,0.0,0.0,,,,,,,,,,,,,,MISSING,HIGH,MISSING,67,True,True,False,96.64,66.67,50.07,,,,35,55,65.7,74.63,STRONG_SIGNAL,2,0,0,5,projection strength: 96.6; usage foundation: 66.7,"Context V1: defense fit missing/low reliability for some players; game environment missing for some players; weather, route share, first-read share, and coverage are not sourced.",,NEEDS DATA,NEEDS DATA,NEEDS DATA,DATA_NEEDS_LIVE_CONTEXT,HISTORICAL TEST ONLY,NO-GO,STRONG_SIGNAL at 74.6. Main support: projection strength: 96.6; usage foundation: 66.7. Main caution: role and availability context: 35.0; missing signal count: 5.,STRONG_SIGNAL,projection strength: 96.6,usage foundation: 66.7,role and availability context: 35.0,missing signal count: 5,Medium,ROUTE_PROXY_UNVALIDATED|LOW_CURRENT_SAMPLE,Medium,ROUTE_PROXY_UNVALIDATED|LOW_CURRENT_SAMPLE,Medium,ROUTE_PROXY_UNVALIDATED|LOW_CURRENT_SAMPLE,Medium,ROUTE_PROXY_UNVALIDATED|LOW_CURRENT_SAMPLE,,,,,,,8,8,8,MISSING,MISSING,MISSING,Pre-target weekly player stats only.,,,,,No schedule game matched team/opponent.,,,,,,,,,,,,MISSING,MISSING,MISSING,LOW_RELIABILITY_DEFENSE_FIT: shrinkage applied to historical allowed stats.,"Context V1 uses pre-target weekly history, schedules.csv game lines where present, and shrinkage-adjusted defense allowed stats.",True,False,False,rushing,STRONG_SIGNAL at 74.6. Main support: projection strength: 96.6; usage foundation: 66.7. Main caution: role and availability context: 35.0; missing signal count: 5.,projection strength: 96.6; usage foundation: 66.7; data quality: 65.7,,,weather not sourced; live role/injury gates not ready; defense fit limited; game environment limited,data quality: 65.7,review context: Context V1: defense fit missing/low reliability for some players; game environment missing,Research-only driver summary. Limitations: weather not sourced; live role/injury gates not ready; defense fit limited; game environment limited,RESEARCH_ONLY,current_v1,projection_heavy,74.63,STRONG_SIGNAL,STRONG_SIGNAL,80.43,STRONG_SIGNAL,STRONG_SIGNAL,5.8,NO_TIER_CHANGE,NO_ACTION_CHANGE,BIG_UPGRADE,RESEARCH_ONLY challenger preview; production signal boards remain current_v1.
2025,1,,J.Cook,BUF,,RB,1.090350240105766,10.5096278995268,58.52578684087519,8.302932565854961,,,,0.0,0.0,0.0,0.0,0.0,0.0,0.0,0.0,0.0,0.0,0.0,0.0,0.0,0.0,0.0,0.0,0.0,0.0,0.0,0.0,0.0,0.0,0.0,0.0,,,,,,,,,,,,,,MISSING,HIGH,MISSING,67,True,True,False,95.9,66.67,50.07,,,,35,55,65.7,74.31,STRONG_SIGNAL,2,0,0,5,projection strength: 95.9; usage foundation: 66.7,"Context V1: defense fit missing/low reliability for some players; game environment missing for some players; weather, route share, first-read share, and coverage are not sourced.",,NEEDS DATA,NEEDS DATA,NEEDS DATA,DATA_NEEDS_LIVE_CONTEXT,HISTORICAL TEST ONLY,NO-GO,STRONG_SIGNAL at 74.3. Main support: projection strength: 95.9; usage foundation: 66.7. Main caution: role and availability context: 35.0; missing signal count: 5.,STRONG_SIGNAL,projection strength: 95.9,usage foundation: 66.7,role and availability context: 35.0,missing signal count: 5,Medium,ROUTE_PROXY_UNVALIDATED|LOW_CURRENT_SAMPLE,Medium,ROUTE_PROXY_UNVALIDATED|LOW_CURRENT_SAMPLE,Medium,ROUTE_PROXY_UNVALIDATED|LOW_CURRENT_SAMPLE,Medium,ROUTE_PROXY_UNVALIDATED|LOW_CURRENT_SAMPLE,,,,,,,8,8,8,MISSING,MISSING,MISSING,Pre-target weekly player stats only.,,,,,No schedule game matched team/opponent.,,,,,,,,,,,,MISSING,MISSING,MISSING,LOW_RELIABILITY_DEFENSE_FIT: shrinkage applied to historical allowed stats.,"Context V1 uses pre-target weekly history, schedules.csv game lines where present, and shrinkage-adjusted defense allowed stats.",True,False,False,rushing,STRONG_SIGNAL at 74.3. Main support: projection strength: 95.9; usage foundation: 66.7. Main caution: role and availability context: 35.0; missing signal count: 5.,projection strength: 95.9; usage foundation: 66.7; data quality: 65.7,,,weather not sourced; live role/injury gates not ready; defense fit limited; game environment limited,data quality: 65.7,review context: Context V1: defense fit missing/low reliability for some players; game environment missing,Research-only driver summary. Limitations: weather not sourced; live role/injury gates not ready; defense fit limited; game environment limited,RESEARCH_ONLY,current_v1,projection_heavy,74.31,STRONG_SIGNAL,STRONG_SIGNAL,79.99,STRONG_SIGNAL,STRONG_SIGNAL,5.68,NO_TIER_CHANGE,NO_ACTION_CHANGE,BIG_UPGRADE,RESEARCH_ONLY challenger preview; production signal boards remain current_v1.
2025,1,,A.Kamara,NO,,RB,2.1029973319023987,15.753794345745618,59.08275557423134,4.621316690248819,,,,0.0,0.0,0.0,0.0,0.0,0.0,0.0,0.0,0.0,0.0,0.0,0.0,0.0,0.0,0.0,0.0,0.0,0.0,0.0,0.0,0.0,0.0,0.0,0.0,,,,,,,,,,,,,,MISSING,HIGH,MISSING,67,True,True,False,95.9,66.67,50.07,,,,35,55,65.7,74.31,STRONG_SIGNAL,2,0,0,5,projection strength: 95.9; usage foundation: 66.7,"Context V1: defense fit missing/low reliability for some players; game environment missing for some players; weather, route share, first-read share, and coverage are not sourced.",,NEEDS DATA,NEEDS DATA,NEEDS DATA,DATA_NEEDS_LIVE_CONTEXT,HISTORICAL TEST ONLY,NO-GO,STRONG_SIGNAL at 74.3. Main support: projection strength: 95.9; usage foundation: 66.7. Main caution: role and availability context: 35.0; missing signal count: 5.,STRONG_SIGNAL,projection strength: 95.9,usage foundation: 66.7,role and availability context: 35.0,missing signal count: 5,Medium,ROUTE_PROXY_UNVALIDATED|LOW_CURRENT_SAMPLE,Medium,ROUTE_PROXY_UNVALIDATED|LOW_CURRENT_SAMPLE,Medium,ROUTE_PROXY_UNVALIDATED|LOW_CURRENT_SAMPLE,Medium,ROUTE_PROXY_UNVALIDATED|LOW_CURRENT_SAMPLE,,,,,,,8,8,8,MISSING,MISSING,MISSING,Pre-target weekly player stats only.,,,,,No schedule game matched team/opponent.,,,,,,,,,,,,MISSING,MISSING,MISSING,LOW_RELIABILITY_DEFENSE_FIT: shrinkage applied to historical allowed stats.,"Context V1 uses pre-target weekly history, schedules.csv game lines where present, and shrinkage-adjusted defense allowed stats.",True,False,False,rushing,STRONG_SIGNAL at 74.3. Main support: projection strength: 95.9; usage foundation: 66.7. Main caution: role and availability context: 35.0; missing signal count: 5.,projection strength: 95.9; usage foundation: 66.7; data quality: 65.7,,,weather not sourced; live role/injury gates not ready; defense fit limited; game environment limited,data quality: 65.7,review context: Context V1: defense fit missing/low reliability for some players; game environment missing,Research-only driver summary. Limitations: weather not sourced; live role/injury gates not ready; defense fit limited; game environment limited,RESEARCH_ONLY,current_v1,projection_heavy,74.31,STRONG_SIGNAL,STRONG_SIGNAL,79.99,STRONG_SIGNAL,STRONG_SIGNAL,5.68,NO_TIER_CHANGE,NO_ACTION_CHANGE,BIG_UPGRADE,RESEARCH_ONLY challenger preview; production signal boards remain current_v1.
2025,1,,A.Jones,MIN,,RB,2.18841929327646,16.452714369441125,58.72586283312911,8.171539962267742,,,,0.0,0.0,0.0,0.0,0.0,0.0,0.0,0.0,0.0,0.0,0.0,0.0,0.0,0.0,0.0,0.0,0.0,0.0,0.0,0.0,0.0,0.0,0.0,0.0,,,,,,,,,,,,,,MISSING,HIGH,MISSING,67,True,True,False,95.52,66.67,50.07,,,,35,55,65.7,74.14,STRONG_SIGNAL,2,0,0,5,projection strength: 95.5; usage foundation: 66.7,"Context V1: defense fit missing/low reliability for some players; game environment missing for some players; weather, route share, first-read share, and coverage are not sourced.",,NEEDS DATA,NEEDS DATA,NEEDS DATA,DATA_NEEDS_LIVE_CONTEXT,HISTORICAL TEST ONLY,NO-GO,STRONG_SIGNAL at 74.1. Main support: projection strength: 95.5; usage foundation: 66.7. Main caution: role and availability context: 35.0; missing signal count: 5.,STRONG_SIGNAL,projection strength: 95.5,usage foundation: 66.7,role and availability context: 35.0,missing signal count: 5,Medium,ROUTE_PROXY_UNVALIDATED|LOW_CURRENT_SAMPLE,Medium,ROUTE_PROXY_UNVALIDATED|LOW_CURRENT_SAMPLE,Medium,ROUTE_PROXY_UNVALIDATED|LOW_CURRENT_SAMPLE,Medium,ROUTE_PROXY_UNVALIDATED|LOW_CURRENT_SAMPLE,,,,,,,8,8,8,MISSING,MISSING,MISSING,Pre-target weekly player stats only.,,,,,No schedule game matched team/opponent.,,,,,,,,,,,,MISSING,MISSING,MISSING,LOW_RELIABILITY_DEFENSE_FIT: shrinkage applied to historical allowed stats.,"Context V1 uses pre-target weekly history, schedules.csv game lines where present, and shrinkage-adjusted defense allowed stats.",True,False,False,rushing,STRONG_SIGNAL at 74.1. Main support: projection strength: 95.5; usage foundation: 66.7. Main caution: role and availability context: 35.0; missing signal count: 5.,projection strength: 95.5; usage foundation: 66.7; data quality: 65.7,,,weather not sourced; live role/injury gates not ready; defense fit limited; game environment limited,data quality: 65.7,review context: Context V1: defense fit missing/low reliability for some players; game environment missing,Research-only driver summary. Limitations: weather not sourced; live role/injury gates not ready; defense fit limited; game environment limited,RESEARCH_ONLY,current_v1,projection_heavy,74.14,STRONG_SIGNAL,STRONG_SIGNAL,79.77,STRONG_SIGNAL,STRONG_SIGNAL,5.63,NO_TIER_CHANGE,NO_ACTION_CHANGE,BIG_UPGRADE,RESEARCH_ONLY challenger preview; production signal boards remain current_v1.
2025,1,,T.Etienne,JAX,,RB,1.4584993922648424,12.090194817629264,36.55097517210964,8.221121594455049,,,,0.0,0.0,0.0,0.0,0.0,0.0,0.0,0.0,0.0,0.0,0.0,0.0,0.0,0.0,0.0,0.0,0.0,0.0,0.0,0.0,0.0,0.0,0.0,0.0,,,,,,,,,,,,,,MISSING,HIGH,MISSING,67,True,True,False,95.49,66.67,50.07,,,,35,55,65.7,74.13,STRONG_SIGNAL,2,0,0,5,projection strength: 95.5; usage foundation: 66.7,"Context V1: defense fit missing/low reliability for some players; game environment missing for some players; weather, route share, first-read share, and coverage are not sourced.",,NEEDS DATA,NEEDS DATA,NEEDS DATA,DATA_NEEDS_LIVE_CONTEXT,HISTORICAL TEST ONLY,NO-GO,STRONG_SIGNAL at 74.1. Main support: projection strength: 95.5; usage foundation: 66.7. Main caution: role and availability context: 35.0; missing signal count: 5.,STRONG_SIGNAL,projection strength: 95.5,usage foundation: 66.7,role and availability context: 35.0,missing signal count: 5,Medium,ROUTE_PROXY_UNVALIDATED|LOW_CURRENT_SAMPLE,Medium,ROUTE_PROXY_UNVALIDATED|LOW_CURRENT_SAMPLE,Medium,ROUTE_PROXY_UNVALIDATED|LOW_CURRENT_SAMPLE,Medium,ROUTE_PROXY_UNVALIDATED|LOW_CURRENT_SAMPLE,,,,,,,8,8,8,MISSING,MISSING,MISSING,Pre-target weekly player stats only.,,,,,No schedule game matched team/opponent.,,,,,,,,,,,,MISSING,MISSING,MISSING,LOW_RELIABILITY_DEFENSE_FIT: shrinkage applied to historical allowed stats.,"Context V1 uses pre-target weekly history, schedules.csv game lines where present, and shrinkage-adjusted defense allowed stats.",True,False,False,rushing,STRONG_SIGNAL at 74.1. Main support: projection strength: 95.5; usage foundation: 66.7. Main caution: role and availability context: 35.0; missing signal count: 5.,projection strength: 95.5; usage foundation: 66.7; data quality: 65.7,,,weather not sourced; live role/injury gates not ready; defense fit limited; game environment limited,data quality: 65.7,review context: Context V1: defense fit missing/low reliability for some players; game environment missing,Research-only driver summary. Limitations: weather not sourced; live role/injury gates not ready; defense fit limited; game environment limited,RESEARCH_ONLY,current_v1,projection_heavy,74.13,STRONG_SIGNAL,STRONG_SIGNAL,79.75,STRONG_SIGNAL,STRONG_SIGNAL,5.62,NO_TIER_CHANGE,NO_ACTION_CHANGE,BIG_UPGRADE,RESEARCH_ONLY challenger preview; production signal boards remain current_v1.
2025,1,,D.Samuel,SF,,WR,3.399385632038709,45.97203579818561,9.277164458509096,,,,,0.0,0.0,0.0,0.0,0.0,0.0,0.0,0.0,0.0,0.0,0.0,0.0,0.0,0.0,0.0,0.0,0.0,0.0,0.0,0.0,0.0,0.0,0.0,0.0,,,,,,,,,,,,,,MISSING,HIGH,MISSING,67,True,True,False,94.92,66.67,50.07,,,,35,55,65.7,73.88,STRONG_SIGNAL,2,0,0,5,projection strength: 94.9; usage foundation: 66.7,"Context V1: defense fit missing/low reliability for some players; game environment missing for some players; weather, route share, first-read share, and coverage are not sourced.",,NEEDS DATA,NEEDS DATA,NEEDS DATA,DATA_NEEDS_LIVE_CONTEXT,HISTORICAL TEST ONLY,NO-GO,STRONG_SIGNAL at 73.9. Main support: projection strength: 94.9; usage foundation: 66.7. Main caution: role and availability context: 35.0; missing signal count: 5.,STRONG_SIGNAL,projection strength: 94.9,usage foundation: 66.7,role and availability context: 35.0,missing signal count: 5,Medium,ROUTE_PROXY_UNVALIDATED|LOW_CURRENT_SAMPLE,Medium,ROUTE_PROXY_UNVALIDATED|LOW_CURRENT_SAMPLE,Medium,ROUTE_PROXY_UNVALIDATED|LOW_CURRENT_SAMPLE,,,,,,,,,8,8,8,MISSING,MISSING,MISSING,Pre-target weekly player stats only.,,,,,No schedule game matched team/opponent.,,,,,,,,,,,,MISSING,MISSING,MISSING,LOW_RELIABILITY_DEFENSE_FIT: shrinkage applied to historical allowed stats.,"Context V1 uses pre-target weekly history, schedules.csv game lines where present, and shrinkage-adjusted defense allowed stats.",True,False,False,rushing,STRONG_SIGNAL at 73.9. Main support: projection strength: 94.9; usage foundation: 66.7. Main caution: role and availability context: 35.0; missing signal count: 5.,projection strength: 94.9; usage foundation: 66.7; data quality: 65.7,,,weather not sourced; live role/injury gates not ready; defense fit limited; game environment limited,data quality: 65.7,review context: Context V1: defense fit missing/low reliability for some players; game environment missing,Research-only driver summary. Limitations: weather not sourced; live role/injury gates not ready; defense fit limited; game environment limited,RESEARCH_ONLY,current_v1,projection_heavy,73.88,STRONG_SIGNAL,STRONG_SIGNAL,79.41,STRONG_SIGNAL,STRONG_SIGNAL,5.53,NO_TIER_CHANGE,NO_ACTION_CHANGE,BIG_UPGRADE,RESEARCH_ONLY challenger preview; production signal boards remain current_v1.
2025,1,,J.Dobbins,LAC,,RB,1.265633958046925,8.548935638948368,57.97332584470196,6.190958558024488,,,,0.0,0.0,0.0,0.0,0.0,0.0,0.0,0.0,0.0,0.0,0.0,0.0,0.0,0.0,0.0,0.0,0.0,0.0,0.0,0.0,0.0,0.0,0.0,0.0,,,,,,,,,,,,,,MISSING,HIGH,MISSING,67,True,True,False,94.78,66.67,50.07,,,,35,55,65.7,73.82,STRONG_SIGNAL,2,0,0,5,projection strength: 94.8; usage foundation: 66.7,"Context V1: defense fit missing/low reliability for some players; game environment missing for some players; weather, route share, first-read share, and coverage are not sourced.",,NEEDS DATA,NEEDS DATA,NEEDS DATA,DATA_NEEDS_LIVE_CONTEXT,HISTORICAL TEST ONLY,NO-GO,STRONG_SIGNAL at 73.8. Main support: projection strength: 94.8; usage foundation: 66.7. Main caution: role and availability context: 35.0; missing signal count: 5.,STRONG_SIGNAL,projection strength: 94.8,usage foundation: 66.7,role and availability context: 35.0,missing signal count: 5,Medium,ROUTE_PROXY_UNVALIDATED|LOW_CURRENT_SAMPLE,Medium,ROUTE_PROXY_UNVALIDATED|LOW_CURRENT_SAMPLE,Medium,ROUTE_PROXY_UNVALIDATED|LOW_CURRENT_SAMPLE,Medium,ROUTE_PROXY_UNVALIDATED|LOW_CURRENT_SAMPLE,,,,,,,8,8,8,MISSING,MISSING,MISSING,Pre-target weekly player stats only.,,,,,No schedule game matched team/opponent.,,,,,,,,,,,,MISSING,MISSING,MISSING,LOW_RELIABILITY_DEFENSE_FIT: shrinkage applied to historical allowed stats.,"Context V1 uses pre-target weekly history, schedules.csv game lines where present, and shrinkage-adjusted defense allowed stats.",True,False,False,rushing,STRONG_SIGNAL at 73.8. Main support: projection strength: 94.8; usage foundation: 66.7. Main caution: role and availability context: 35.0; missing signal count: 5.,projection strength: 94.8; usage foundation: 66.7; data quality: 65.7,,,weather not sourced; live role/injury gates not ready; defense fit limited; game environment limited,data quality: 65.7,review context: Context V1: defense fit missing/low reliability for some players; game environment missing,Research-only driver summary. Limitations: weather not sourced; live role/injury gates not ready; defense fit limited; game environment limited,RESEARCH_ONLY,current_v1,projection_heavy,73.82,STRONG_SIGNAL,STRONG_SIGNAL,79.33,STRONG_SIGNAL,STRONG_SIGNAL,5.51,NO_TIER_CHANGE,NO_ACTION_CHANGE,BIG_UPGRADE,RESEARCH_ONLY challenger preview; production signal boards remain current_v1.
2025,1,,K.Walker,SEA,,RB,1.904325566630939,13.150569773449025,50.82096830114881,7.669896167484988,,,,0.0,0.0,0.0,0.0,0.0,0.0,0.0,0.0,0.0,0.0,0.0,0.0,0.0,0.0,0.0,0.0,0.0,0.0,0.0,0.0,0.0,0.0,0.0,0.0,,,,,,,,,,,,,,MISSING,HIGH,MISSING,67,True,True,False,94.67,66.67,50.07,,,,35,55,65.7,73.77,STRONG_SIGNAL,2,0,0,5,projection strength: 94.7; usage foundation: 66.7,"Context V1: defense fit missing/low reliability for some players; game environment missing for some players; weather, route share, first-read share, and coverage are not sourced.",,NEEDS DATA,NEEDS DATA,NEEDS DATA,DATA_NEEDS_LIVE_CONTEXT,HISTORICAL TEST ONLY,NO-GO,STRONG_SIGNAL at 73.8. Main support: projection strength: 94.7; usage foundation: 66.7. Main caution: role and availability context: 35.0; missing signal count: 5.,STRONG_SIGNAL,projection strength: 94.7,usage foundation: 66.7,role and availability context: 35.0,missing signal count: 5,Medium,ROUTE_PROXY_UNVALIDATED|LOW_CURRENT_SAMPLE,Medium,ROUTE_PROXY_UNVALIDATED|LOW_CURRENT_SAMPLE,Medium,ROUTE_PROXY_UNVALIDATED|LOW_CURRENT_SAMPLE,Medium,ROUTE_PROXY_UNVALIDATED|LOW_CURRENT_SAMPLE,,,,,,,8,8,8,MISSING,MISSING,MISSING,Pre-target weekly player stats only.,,,,,No schedule game matched team/opponent.,,,,,,,,,,,,MISSING,MISSING,MISSING,LOW_RELIABILITY_DEFENSE_FIT: shrinkage applied to historical allowed stats.,"Context V1 uses pre-target weekly history, schedules.csv game lines where present, and shrinkage-adjusted defense allowed stats.",True,False,False,rushing,STRONG_SIGNAL at 73.8. Main support: projection strength: 94.7; usage foundation: 66.7. Main caution: role and availability context: 35.0; missing signal count: 5.,projection strength: 94.7; usage foundation: 66.7; data quality: 65.7,,,weather not sourced; live role/injury gates not ready; defense fit limited; game environment limited,data quality: 65.7,review context: Context V1: defense fit missing/low reliability for some players; game environment missing,Research-only driver summary. Limitations: weather not sourced; live role/injury gates not ready; defense fit limited; game environment limited,RESEARCH_ONLY,current_v1,projection_heavy,73.77,STRONG_SIGNAL,STRONG_SIGNAL,79.27,STRONG_SIGNAL,STRONG_SIGNAL,5.5,NO_TIER_CHANGE,NO_ACTION_CHANGE,BIG_UPGRADE,RESEARCH_ONLY challenger preview; production signal boards remain current_v1.
2025,1,,J.Goff,DET,WAS,QB,,,6.152201237173452,1.280902092096401,30.137947366577308,19.938766084842687,,0.0,0.0,0.0,0.0,0.0,0.0,0.0,0.0,0.0,0.0,0.0,0.0,0.0,0.0,0.0,0.0,0.0,0.0,0.0,0.0,0.0,0.0,0.0,0.0,,,,,,,,,,,,,,MISSING,HIGH,MISSING,67,False,True,True,94.59,66.67,50.07,,,,35,55,65.7,73.73,STRONG_SIGNAL,2,0,0,5,projection strength: 94.6; usage foundation: 66.7,"Context V1: defense fit missing/low reliability for some players; game environment missing for some players; weather, route share, first-read share, and coverage are not sourced.",,NEEDS DATA,NEEDS DATA,NEEDS DATA,DATA_NEEDS_LIVE_CONTEXT,HISTORICAL TEST ONLY,NO-GO,STRONG_SIGNAL at 73.7. Main support: projection strength: 94.6; usage foundation: 66.7. Main caution: role and availability context: 35.0; missing signal count: 5.,STRONG_SIGNAL,projection strength: 94.6,usage foundation: 66.7,role and availability context: 35.0,missing signal count: 5,,,,,Medium,ROUTE_PROXY_UNVALIDATED|LOW_CURRENT_SAMPLE|LOW_PLAYER_SAMPLE,Medium,ROUTE_PROXY_UNVALIDATED|LOW_CURRENT_SAMPLE|LOW_PLAYER_SAMPLE,Medium,ROUTE_PROXY_UNVALIDATED|LOW_CURRENT_SAMPLE|LOW_PLAYER_SAMPLE,Medium,ROUTE_PROXY_UNVALIDATED|LOW_CURRENT_SAMPLE|LOW_PLAYER_SAMPLE,,,8,8,8,MISSING,MISSING,MISSING,Pre-target weekly player stats only.,,,,,No schedule game matched team/opponent.,,,,,,,,,,,,MISSING,MISSING,MISSING,LOW_RELIABILITY_DEFENSE_FIT: shrinkage applied to historical allowed stats.,"Context V1 uses pre-target weekly history, schedules.csv game lines where present, and shrinkage-adjusted defense allowed stats.",True,False,False,rushing,STRONG_SIGNAL at 73.7. Main support: projection strength: 94.6; usage foundation: 66.7. Main caution: role and availability context: 35.0; missing signal count: 5.,projection strength: 94.6; usage foundation: 66.7; data quality: 65.7,,,weather not sourced; live role/injury gates not ready; defense fit limited; game environment limited,data quality: 65.7,review context: Context V1: defense fit missing/low reliability for some players; game environment missing,Research-only driver summary. Limitations: weather not sourced; live role/injury gates not ready; defense fit limited; game environment limited,RESEARCH_ONLY,current_v1,projection_heavy,73.73,STRONG_SIGNAL,STRONG_SIGNAL,79.22,STRONG_SIGNAL,STRONG_SIGNAL,5.49,NO_TIER_CHANGE,NO_ACTION_CHANGE,BIG_UPGRADE,RESEARCH_ONLY challenger preview; production signal boards remain current_v1.
2025,1,,T.Allgeier,ATL,,RB,0.9173403819610167,8.063907114192855,33.55969787386731,7.616988634553649,,,,0.0,0.0,0.0,0.0,0.0,0.0,0.0,0.0,0.0,0.0,0.0,0.0,0.0,0.0,0.0,0.0,0.0,0.0,0.0,0.0,0.0,0.0,0.0,0.0,,,,,,,,,,,,,,MISSING,HIGH,MISSING,67,True,True,False,94.26,66.67,50.07,,,,35,55,65.7,73.59,STRONG_SIGNAL,2,0,0,5,projection strength: 94.3; usage foundation: 66.7,"Context V1: defense fit missing/low reliability for some players; game environment missing for some players; weather, route share, first-read share, and coverage are not sourced.",,NEEDS DATA,NEEDS DATA,NEEDS DATA,DATA_NEEDS_LIVE_CONTEXT,HISTORICAL TEST ONLY,NO-GO,STRONG_SIGNAL at 73.6. Main support: projection strength: 94.3; usage foundation: 66.7. Main caution: role and availability context: 35.0; missing signal count: 5.,STRONG_SIGNAL,projection strength: 94.3,usage foundation: 66.7,role and availability context: 35.0,missing signal count: 5,Medium,ROUTE_PROXY_UNVALIDATED|LOW_CURRENT_SAMPLE,Medium,ROUTE_PROXY_UNVALIDATED|LOW_CURRENT_SAMPLE,Medium,ROUTE_PROXY_UNVALIDATED|LOW_CURRENT_SAMPLE,Medium,ROUTE_PROXY_UNVALIDATED|LOW_CURRENT_SAMPLE,,,,,,,8,8,8,MISSING,MISSING,MISSING,Pre-target weekly player stats only.,,,,,No schedule game matched team/opponent.,,,,,,,,,,,,MISSING,MISSING,MISSING,LOW_RELIABILITY_DEFENSE_FIT: shrinkage applied to historical allowed stats.,"Context V1 uses pre-target weekly history, schedules.csv game lines where present, and shrinkage-adjusted defense allowed stats.",True,False,False,rushing,STRONG_SIGNAL at 73.6. Main support: projection strength: 94.3; usage foundation: 66.7. Main caution: role and availability context: 35.0; missing signal count: 5.,projection strength: 94.3; usage foundation: 66.7; data quality: 65.7,,,weather not sourced; live role/injury gates not ready; defense fit limited; game environment limited,data quality: 65.7,review context: Context V1: defense fit missing/low reliability for some players; game environment missing,Research-only driver summary. Limitations: weather not sourced; live role/injury gates not ready; defense fit limited; game environment limited,RESEARCH_ONLY,current_v1,projection_heavy,73.59,STRONG_SIGNAL,STRONG_SIGNAL,79.03,STRONG_SIGNAL,STRONG_SIGNAL,5.44,NO_TIER_CHANGE,NO_ACTION_CHANGE,BIG_UPGRADE,RESEARCH_ONLY challenger preview; production signal boards remain current_v1.
2025,1,,C.McCaffrey,SF,,RB,2.3505685095671005,20.12635841979014,55.17417458833264,3.989686528942656,,,,0.0,0.0,0.0,0.0,0.0,0.0,0.0,0.0,0.0,0.0,0.0,0.0,0.0,0.0,0.0,0.0,0.0,0.0,0.0,0.0,0.0,0.0,0.0,0.0,,,,,,,,,,,,,,MISSING,HIGH,MISSING,67,True,True,False,94.03,66.67,50.07,,,,35,55,65.7,73.49,STRONG_SIGNAL,2,0,0,5,projection strength: 94.0; usage foundation: 66.7,"Context V1: defense fit missing/low reliability for some players; game environment missing for some players; weather, route share, first-read share, and coverage are not sourced.",,NEEDS DATA,NEEDS DATA,NEEDS DATA,DATA_NEEDS_LIVE_CONTEXT,HISTORICAL TEST ONLY,NO-GO,STRONG_SIGNAL at 73.5. Main support: projection strength: 94.0; usage foundation: 66.7. Main caution: role and availability context: 35.0; missing signal count: 5.,STRONG_SIGNAL,projection strength: 94.0,usage foundation: 66.7,role and availability context: 35.0,missing signal count: 5,Medium,ROUTE_PROXY_UNVALIDATED|LOW_CURRENT_SAMPLE,Medium,ROUTE_PROXY_UNVALIDATED|LOW_CURRENT_SAMPLE,Medium,ROUTE_PROXY_UNVALIDATED|LOW_CURRENT_SAMPLE,Medium,ROUTE_PROXY_UNVALIDATED|LOW_CURRENT_SAMPLE,,,,,,,8,8,8,MISSING,MISSING,MISSING,Pre-target weekly player stats only.,,,,,No schedule game matched team/opponent.,,,,,,,,,,,,MISSING,MISSING,MISSING,LOW_RELIABILITY_DEFENSE_FIT: shrinkage applied to historical allowed stats.,"Context V1 uses pre-target weekly history, schedules.csv game lines where present, and shrinkage-adjusted defense allowed stats.",True,False,False,rushing,STRONG_SIGNAL at 73.5. Main support: projection strength: 94.0; usage foundation: 66.7. Main caution: role and availability context: 35.0; missing signal count: 5.,projection strength: 94.0; usage foundation: 66.7; data quality: 65.7,,,weather not sourced; live role/injury gates not ready; defense fit limited; game environment limited,data quality: 65.7,review context: Context V1: defense fit missing/low reliability for some players; game environment missing,Research-only driver summary. Limitations: weather not sourced; live role/injury gates not ready; defense fit limited; game environment limited,RESEARCH_ONLY,current_v1,projection_heavy,73.49,STRONG_SIGNAL,STRONG_SIGNAL,78.89,STRONG_SIGNAL,STRONG_SIGNAL,5.4,NO_TIER_CHANGE,NO_ACTION_CHANGE,BIG_UPGRADE,RESEARCH_ONLY challenger preview; production signal boards remain current_v1.
2025,1,,J.Daniels,WAS,PHI,QB,,,41.152863175239375,3.8635894667120447,27.73747045986438,20.0856527002261,,0.0,0.0,0.0,0.0,0.0,0.0,0.0,0.0,0.0,0.0,0.0,0.0,0.0,0.0,0.0,0.0,0.0,0.0,0.0,0.0,0.0,0.0,0.0,0.0,,,,,,,,,,,,,,MISSING,HIGH,MISSING,67,False,True,True,93.94,66.67,50.07,,,,35,55,65.7,73.45,STRONG_SIGNAL,2,0,0,5,projection strength: 93.9; usage foundation: 66.7,"Context V1: defense fit missing/low reliability for some players; game environment missing for some players; weather, route share, first-read share, and coverage are not sourced.",,NEEDS DATA,NEEDS DATA,NEEDS DATA,DATA_NEEDS_LIVE_CONTEXT,HISTORICAL TEST ONLY,NO-GO,STRONG_SIGNAL at 73.5. Main support: projection strength: 93.9; usage foundation: 66.7. Main caution: role and availability context: 35.0; missing signal count: 5.,STRONG_SIGNAL,projection strength: 93.9,usage foundation: 66.7,role and availability context: 35.0,missing signal count: 5,,,,,Medium,ROUTE_PROXY_UNVALIDATED|LOW_CURRENT_SAMPLE|LOW_PLAYER_SAMPLE,Medium,ROUTE_PROXY_UNVALIDATED|LOW_CURRENT_SAMPLE|LOW_PLAYER_SAMPLE,Medium,ROUTE_PROXY_UNVALIDATED|LOW_CURRENT_SAMPLE|LOW_PLAYER_SAMPLE,Medium,ROUTE_PROXY_UNVALIDATED|LOW_CURRENT_SAMPLE|LOW_PLAYER_SAMPLE,,,8,8,8,MISSING,MISSING,MISSING,Pre-target weekly player stats only.,,,,,No schedule game matched team/opponent.,,,,,,,,,,,,MISSING,MISSING,MISSING,LOW_RELIABILITY_DEFENSE_FIT: shrinkage applied to historical allowed stats.,"Context V1 uses pre-target weekly history, schedules.csv game lines where present, and shrinkage-adjusted defense allowed stats.",True,False,False,rushing,STRONG_SIGNAL at 73.5. Main support: projection strength: 93.9; usage foundation: 66.7. Main caution: role and availability context: 35.0; missing signal count: 5.,projection strength: 93.9; usage foundation: 66.7; data quality: 65.7,,,weather not sourced; live role/injury gates not ready; defense fit limited; game environment limited,data quality: 65.7,review context: Context V1: defense fit missing/low reliability for some players; game environment missing,Research-only driver summary. Limitations: weather not sourced; live role/injury gates not ready; defense fit limited; game environment limited,RESEARCH_ONLY,current_v1,projection_heavy,73.45,STRONG_SIGNAL,STRONG_SIGNAL,78.84,STRONG_SIGNAL,STRONG_SIGNAL,5.39,NO_TIER_CHANGE,NO_ACTION_CHANGE,BIG_UPGRADE,RESEARCH_ONLY challenger preview; production signal boards remain current_v1.
2025,1,,R.White,TB,,RB,1.4766151719322405,13.378458609632592,41.02029368471884,7.396247139956839,,,,0.0,0.0,0.0,0.0,0.0,0.0,0.0,0.0,0.0,0.0,0.0,0.0,0.0,0.0,0.0,0.0,0.0,0.0,0.0,0.0,0.0,0.0,0.0,0.0,,,,,,,,,,,,,,MISSING,HIGH,MISSING,67,True,True,False,93.85,66.67,50.07,,,,35,55,65.7,73.41,STRONG_SIGNAL,2,0,0,5,projection strength: 93.8; usage foundation: 66.7,"Context V1: defense fit missing/low reliability for some players; game environment missing for some players; weather, route share, first-read share, and coverage are not sourced.",,NEEDS DATA,NEEDS DATA,NEEDS DATA,DATA_NEEDS_LIVE_CONTEXT,HISTORICAL TEST ONLY,NO-GO,STRONG_SIGNAL at 73.4. Main support: projection strength: 93.8; usage foundation: 66.7. Main caution: role and availability context: 35.0; missing signal count: 5.,STRONG_SIGNAL,projection strength: 93.8,usage foundation: 66.7,role and availability context: 35.0,missing signal count: 5,Medium,ROUTE_PROXY_UNVALIDATED|LOW_CURRENT_SAMPLE,Medium,ROUTE_PROXY_UNVALIDATED|LOW_CURRENT_SAMPLE,Medium,ROUTE_PROXY_UNVALIDATED|LOW_CURRENT_SAMPLE,Medium,ROUTE_PROXY_UNVALIDATED|LOW_CURRENT_SAMPLE,,,,,,,8,8,8,MISSING,MISSING,MISSING,Pre-target weekly player stats only.,,,,,No schedule game matched team/opponent.,,,,,,,,,,,,MISSING,MISSING,MISSING,LOW_RELIABILITY_DEFENSE_FIT: shrinkage applied to historical allowed stats.,"Context V1 uses pre-target weekly history, schedules.csv game lines where present, and shrinkage-adjusted defense allowed stats.",True,False,False,rushing,STRONG_SIGNAL at 73.4. Main support: projection strength: 93.8; usage foundation: 66.7. Main caution: role and availability context: 35.0; missing signal count: 5.,projection strength: 93.8; usage foundation: 66.7; data quality: 65.7,,,weather not sourced; live role/injury gates not ready; defense fit limited; game environment limited,data quality: 65.7,review context: Context V1: defense fit missing/low reliability for some players; game environment missing,Research-only driver summary. Limitations: weather not sourced; live role/injury gates not ready; defense fit limited; game environment limited,RESEARCH_ONLY,current_v1,projection_heavy,73.41,STRONG_SIGNAL,STRONG_SIGNAL,78.79,STRONG_SIGNAL,STRONG_SIGNAL,5.38,NO_TIER_CHANGE,NO_ACTION_CHANGE,BIG_UPGRADE,RESEARCH_ONLY challenger preview; production signal boards remain current_v1.
2025,1,,N.Harris,PIT,,RB,1.4219194965470645,13.061280900703254,54.5928160053647,6.209308017185189,,,,0.0,0.0,0.0,0.0,0.0,0.0,0.0,0.0,0.0,0.0,0.0,0.0,0.0,0.0,0.0,0.0,0.0,0.0,0.0,0.0,0.0,0.0,0.0,0.0,,,,,,,,,,,,,,MISSING,HIGH,MISSING,67,True,True,False,93.66,66.67,50.07,,,,35,55,65.7,73.33,STRONG_SIGNAL,2,0,0,5,projection strength: 93.7; usage foundation: 66.7,"Context V1: defense fit missing/low reliability for some players; game environment missing for some players; weather, route share, first-read share, and coverage are not sourced.",,NEEDS DATA,NEEDS DATA,NEEDS DATA,DATA_NEEDS_LIVE_CONTEXT,HISTORICAL TEST ONLY,NO-GO,STRONG_SIGNAL at 73.3. Main support: projection strength: 93.7; usage foundation: 66.7. Main caution: role and availability context: 35.0; missing signal count: 5.,STRONG_SIGNAL,projection strength: 93.7,usage foundation: 66.7,role and availability context: 35.0,missing signal count: 5,Medium,ROUTE_PROXY_UNVALIDATED|LOW_CURRENT_SAMPLE,Medium,ROUTE_PROXY_UNVALIDATED|LOW_CURRENT_SAMPLE,Medium,ROUTE_PROXY_UNVALIDATED|LOW_CURRENT_SAMPLE,Medium,ROUTE_PROXY_UNVALIDATED|LOW_CURRENT_SAMPLE,,,,,,,8,8,8,MISSING,MISSING,MISSING,Pre-target weekly player stats only.,,,,,No schedule game matched team/opponent.,,,,,,,,,,,,MISSING,MISSING,MISSING,LOW_RELIABILITY_DEFENSE_FIT: shrinkage applied to historical allowed stats.,"Context V1 uses pre-target weekly history, schedules.csv game lines where present, and shrinkage-adjusted defense allowed stats.",True,False,False,rushing,STRONG_SIGNAL at 73.3. Main support: projection strength: 93.7; usage foundation: 66.7. Main caution: role and availability context: 35.0; missing signal count: 5.,projection strength: 93.7; usage foundation: 66.7; data quality: 65.7,,,weather not sourced; live role/injury gates not ready; defense fit limited; game environment limited,data quality: 65.7,review context: Context V1: defense fit missing/low reliability for some players; game environment missing,Research-only driver summary. Limitations: weather not sourced; live role/injury gates not ready; defense fit limited; game environment limited,RESEARCH_ONLY,current_v1,projection_heavy,73.33,STRONG_SIGNAL,STRONG_SIGNAL,78.67,STRONG_SIGNAL,STRONG_SIGNAL,5.34,NO_TIER_CHANGE,NO_ACTION_CHANGE,BIG_UPGRADE,RESEARCH_ONLY challenger preview; production signal boards remain current_v1.
2025,1,,T.Bigsby,JAX,,RB,0.842344691026393,7.516741748322797,36.03686705116501,7.309434882654873,,,,0.0,0.0,0.0,0.0,0.0,0.0,0.0,0.0,0.0,0.0,0.0,0.0,0.0,0.0,0.0,0.0,0.0,0.0,0.0,0.0,0.0,0.0,0.0,0.0,,,,,,,,,,,,,,MISSING,HIGH,MISSING,67,True,True,False,93.03,66.67,50.07,,,,35,55,65.7,73.05,STRONG_SIGNAL,2,0,0,5,projection strength: 93.0; usage foundation: 66.7,"Context V1: defense fit missing/low reliability for some players; game environment missing for some players; weather, route share, first-read share, and coverage are not sourced.",,NEEDS DATA,NEEDS DATA,NEEDS DATA,DATA_NEEDS_LIVE_CONTEXT,HISTORICAL TEST ONLY,NO-GO,STRONG_SIGNAL at 73.0. Main support: projection strength: 93.0; usage foundation: 66.7. Main caution: role and availability context: 35.0; missing signal count: 5.,STRONG_SIGNAL,projection strength: 93.0,usage foundation: 66.7,role and availability context: 35.0,missing signal count: 5,Medium,ROUTE_PROXY_UNVALIDATED|LOW_CURRENT_SAMPLE,Medium,ROUTE_PROXY_UNVALIDATED|LOW_CURRENT_SAMPLE|LOW_YARDAGE_SAMPLE,Medium,ROUTE_PROXY_UNVALIDATED|LOW_CURRENT_SAMPLE,Medium,ROUTE_PROXY_UNVALIDATED|LOW_CURRENT_SAMPLE,,,,,,,8,8,8,MISSING,MISSING,MISSING,Pre-target weekly player stats only.,,,,,No schedule game matched team/opponent.,,,,,,,,,,,,MISSING,MISSING,MISSING,LOW_RELIABILITY_DEFENSE_FIT: shrinkage applied to historical allowed stats.,"Context V1 uses pre-target weekly history, schedules.csv game lines where present, and shrinkage-adjusted defense allowed stats.",True,False,False,rushing,STRONG_SIGNAL at 73.0. Main support: projection strength: 93.0; usage foundation: 66.7. Main caution: role and availability context: 35.0; missing signal count: 5.,projection strength: 93.0; usage foundation: 66.7; data quality: 65.7,,,weather not sourced; live role/injury gates not ready; defense fit limited; game environment limited,data quality: 65.7,review context: Context V1: defense fit missing/low reliability for some players; game environment missing,Research-only driver summary. Limitations: weather not sourced; live role/injury gates not ready; defense fit limited; game environment limited,RESEARCH_ONLY,current_v1,projection_heavy,73.05,STRONG_SIGNAL,STRONG_SIGNAL,78.3,STRONG_SIGNAL,STRONG_SIGNAL,5.25,NO_TIER_CHANGE,NO_ACTION_CHANGE,BIG_UPGRADE,RESEARCH_ONLY challenger preview; production signal boards remain current_v1.
2025,1,,C.Brown,CIN,,RB,2.169603292611404,15.207186136068923,50.632249537169855,7.113046577439101,,,,0.0,0.0,0.0,0.0,0.0,0.0,0.0,0.0,0.0,0.0,0.0,0.0,0.0,0.0,0.0,0.0,0.0,0.0,0.0,0.0,0.0,0.0,0.0,0.0,,,,,,,,,,,,,,MISSING,HIGH,MISSING,67,True,True,False,92.62,66.67,50.07,,,,35,55,65.7,72.87,STRONG_SIGNAL,2,0,0,5,projection strength: 92.6; usage foundation: 66.7,"Context V1: defense fit missing/low reliability for some players; game environment missing for some players; weather, route share, first-read share, and coverage are not sourced.",,NEEDS DATA,NEEDS DATA,NEEDS DATA,DATA_NEEDS_LIVE_CONTEXT,HISTORICAL TEST ONLY,NO-GO,STRONG_SIGNAL at 72.9. Main support: projection strength: 92.6; usage foundation: 66.7. Main caution: role and availability context: 35.0; missing signal count: 5.,STRONG_SIGNAL,projection strength: 92.6,usage foundation: 66.7,role and availability context: 35.0,missing signal count: 5,Medium,ROUTE_PROXY_UNVALIDATED|LOW_CURRENT_SAMPLE,Medium,ROUTE_PROXY_UNVALIDATED|LOW_CURRENT_SAMPLE,Medium,ROUTE_PROXY_UNVALIDATED|LOW_CURRENT_SAMPLE,Medium,ROUTE_PROXY_UNVALIDATED|LOW_CURRENT_SAMPLE,,,,,,,8,8,8,MISSING,MISSING,MISSING,Pre-target weekly player stats only.,,,,,No schedule game matched team/opponent.,,,,,,,,,,,,MISSING,MISSING,MISSING,LOW_RELIABILITY_DEFENSE_FIT: shrinkage applied to historical allowed stats.,"Context V1 uses pre-target weekly history, schedules.csv game lines where present, and shrinkage-adjusted defense allowed stats.",True,False,False,rushing,STRONG_SIGNAL at 72.9. Main support: projection strength: 92.6; usage foundation: 66.7. Main caution: role and availability context: 35.0; missing signal count: 5.,projection strength: 92.6; usage foundation: 66.7; data quality: 65.7,,,weather not sourced; live role/injury gates not ready; defense fit limited; game environment limited,data quality: 65.7,review context: Context V1: defense fit missing/low reliability for some players; game environment missing,Research-only driver summary. Limitations: weather not sourced; live role/injury gates not ready; defense fit limited; game environment limited,RESEARCH_ONLY,current_v1,projection_heavy,72.87,STRONG_SIGNAL,STRONG_SIGNAL,78.06,STRONG_SIGNAL,STRONG_SIGNAL,5.19,NO_TIER_CHANGE,NO_ACTION_CHANGE,BIG_UPGRADE,RESEARCH_ONLY challenger preview; production signal boards remain current_v1.
2025,1,,D.Montgomery,DET,,RB,1.471750443563897,13.608639630004124,51.86371578743624,5.825244157887851,,,,0.0,0.0,0.0,0.0,0.0,0.0,0.0,0.0,0.0,0.0,0.0,0.0,0.0,0.0,0.0,0.0,0.0,0.0,0.0,0.0,0.0,0.0,0.0,0.0,,,,,,,,,,,,,,MISSING,HIGH,MISSING,67,True,True,False,92.54,66.67,50.07,,,,35,55,65.7,72.84,STRONG_SIGNAL,2,0,0,5,projection strength: 92.5; usage foundation: 66.7,"Context V1: defense fit missing/low reliability for some players; game environment missing for some players; weather, route share, first-read share, and coverage are not sourced.",,NEEDS DATA,NEEDS DATA,NEEDS DATA,DATA_NEEDS_LIVE_CONTEXT,HISTORICAL TEST ONLY,NO-GO,STRONG_SIGNAL at 72.8. Main support: projection strength: 92.5; usage foundation: 66.7. Main caution: role and availability context: 35.0; missing signal count: 5.,STRONG_SIGNAL,projection strength: 92.5,usage foundation: 66.7,role and availability context: 35.0,missing signal count: 5,Medium,ROUTE_PROXY_UNVALIDATED|LOW_CURRENT_SAMPLE,Medium,ROUTE_PROXY_UNVALIDATED|LOW_CURRENT_SAMPLE,Medium,ROUTE_PROXY_UNVALIDATED|LOW_CURRENT_SAMPLE,Medium,ROUTE_PROXY_UNVALIDATED|LOW_CURRENT_SAMPLE,,,,,,,8,8,8,MISSING,MISSING,MISSING,Pre-target weekly player stats only.,,,,,No schedule game matched team/opponent.,,,,,,,,,,,,MISSING,MISSING,MISSING,LOW_RELIABILITY_DEFENSE_FIT: shrinkage applied to historical allowed stats.,"Context V1 uses pre-target weekly history, schedules.csv game lines where present, and shrinkage-adjusted defense allowed stats.",True,False,False,rushing,STRONG_SIGNAL at 72.8. Main support: projection strength: 92.5; usage foundation: 66.7. Main caution: role and availability context: 35.0; missing signal count: 5.,projection strength: 92.5; usage foundation: 66.7; data quality: 65.7,,,weather not sourced; live role/injury gates not ready; defense fit limited; game environment limited,data quality: 65.7,review context: Context V1: defense fit missing/low reliability for some players; game environment missing,Research-only driver summary. Limitations: weather not sourced; live role/injury gates not ready; defense fit limited; game environment limited,RESEARCH_ONLY,current_v1,projection_heavy,72.84,STRONG_SIGNAL,STRONG_SIGNAL,78.01,STRONG_SIGNAL,STRONG_SIGNAL,5.17,NO_TIER_CHANGE,NO_ACTION_CHANGE,BIG_UPGRADE,RESEARCH_ONLY challenger preview; production signal boards remain current_v1.
2025,1,,B.Hall,NYJ,,RB,1.4902066912199456,12.8638533274415,51.06383727929647,4.8567707399024265,,,,0.0,0.0,0.0,0.0,0.0,0.0,0.0,0.0,0.0,0.0,0.0,0.0,0.0,0.0,0.0,0.0,0.0,0.0,0.0,0.0,0.0,0.0,0.0,0.0,,,,,,,,,,,,,,MISSING,HIGH,MISSING,67,True,True,False,92.16,66.67,50.07,,,,35,55,65.7,72.67,STRONG_SIGNAL,2,0,0,5,projection strength: 92.2; usage foundation: 66.7,"Context V1: defense fit missing/low reliability for some players; game environment missing for some players; weather, route share, first-read share, and coverage are not sourced.",,NEEDS DATA,NEEDS DATA,NEEDS DATA,DATA_NEEDS_LIVE_CONTEXT,HISTORICAL TEST ONLY,NO-GO,STRONG_SIGNAL at 72.7. Main support: projection strength: 92.2; usage foundation: 66.7. Main caution: role and availability context: 35.0; missing signal count: 5.,STRONG_SIGNAL,projection strength: 92.2,usage foundation: 66.7,role and availability context: 35.0,missing signal count: 5,Medium,ROUTE_PROXY_UNVALIDATED|LOW_CURRENT_SAMPLE,Medium,ROUTE_PROXY_UNVALIDATED|LOW_CURRENT_SAMPLE,Medium,ROUTE_PROXY_UNVALIDATED|LOW_CURRENT_SAMPLE,Medium,ROUTE_PROXY_UNVALIDATED|LOW_CURRENT_SAMPLE,,,,,,,8,8,8,MISSING,MISSING,MISSING,Pre-target weekly player stats only.,,,,,No schedule game matched team/opponent.,,,,,,,,,,,,MISSING,MISSING,MISSING,LOW_RELIABILITY_DEFENSE_FIT: shrinkage applied to historical allowed stats.,"Context V1 uses pre-target weekly history, schedules.csv game lines where present, and shrinkage-adjusted defense allowed stats.",True,False,False,rushing,STRONG_SIGNAL at 72.7. Main support: projection strength: 92.2; usage foundation: 66.7. Main caution: role and availability context: 35.0; missing signal count: 5.,projection strength: 92.2; usage foundation: 66.7; data quality: 65.7,,,weather not sourced; live role/injury gates not ready; defense fit limited; game environment limited,data quality: 65.7,review context: Context V1: defense fit missing/low reliability for some players; game environment missing,Research-only driver summary. Limitations: weather not sourced; live role/injury gates not ready; defense fit limited; game environment limited,RESEARCH_ONLY,current_v1,projection_heavy,72.67,STRONG_SIGNAL,STRONG_SIGNAL,77.79,STRONG_SIGNAL,STRONG_SIGNAL,5.12,NO_TIER_CHANGE,NO_ACTION_CHANGE,BIG_UPGRADE,RESEARCH_ONLY challenger preview; production signal boards remain current_v1.
2025,1,,D.Achane,MIA,,RB,1.979524341104844,14.654113784862496,50.45564908795905,5.363042030867725,,,,0.0,0.0,0.0,0.0,0.0,0.0,0.0,0.0,0.0,0.0,0.0,0.0,0.0,0.0,0.0,0.0,0.0,0.0,0.0,0.0,0.0,0.0,0.0,0.0,,,,,,,,,,,,,,MISSING,HIGH,MISSING,67,True,True,False,91.04,66.67,50.07,,,,35,55,65.7,72.18,STRONG_SIGNAL,2,0,0,5,projection strength: 91.0; usage foundation: 66.7,"Context V1: defense fit missing/low reliability for some players; game environment missing for some players; weather, route share, first-read share, and coverage are not sourced.",,NEEDS DATA,NEEDS DATA,NEEDS DATA,DATA_NEEDS_LIVE_CONTEXT,HISTORICAL TEST ONLY,NO-GO,STRONG_SIGNAL at 72.2. Main support: projection strength: 91.0; usage foundation: 66.7. Main caution: role and availability context: 35.0; missing signal count: 5.,STRONG_SIGNAL,projection strength: 91.0,usage foundation: 66.7,role and availability context: 35.0,missing signal count: 5,Medium,ROUTE_PROXY_UNVALIDATED|LOW_CURRENT_SAMPLE,Medium,ROUTE_PROXY_UNVALIDATED|LOW_CURRENT_SAMPLE,Medium,ROUTE_PROXY_UNVALIDATED|LOW_CURRENT_SAMPLE,Medium,ROUTE_PROXY_UNVALIDATED|LOW_CURRENT_SAMPLE,,,,,,,8,8,8,MISSING,MISSING,MISSING,Pre-target weekly player stats only.,,,,,No schedule game matched team/opponent.,,,,,,,,,,,,MISSING,MISSING,MISSING,LOW_RELIABILITY_DEFENSE_FIT: shrinkage applied to historical allowed stats.,"Context V1 uses pre-target weekly history, schedules.csv game lines where present, and shrinkage-adjusted defense allowed stats.",True,False,False,rushing,STRONG_SIGNAL at 72.2. Main support: projection strength: 91.0; usage foundation: 66.7. Main caution: role and availability context: 35.0; missing signal count: 5.,projection strength: 91.0; usage foundation: 66.7; data quality: 65.7,,,weather not sourced; live role/injury gates not ready; defense fit limited; game environment limited,data quality: 65.7,review context: Context V1: defense fit missing/low reliability for some players; game environment missing,Research-only driver summary. Limitations: weather not sourced; live role/injury gates not ready; defense fit limited; game environment limited,RESEARCH_ONLY,current_v1,projection_heavy,72.18,STRONG_SIGNAL,STRONG_SIGNAL,77.13,STRONG_SIGNAL,STRONG_SIGNAL,4.95,NO_TIER_CHANGE,NO_ACTION_CHANGE,NO_MEANINGFUL_CHANGE,RESEARCH_ONLY challenger preview; production signal boards remain current_v1.
2025,1,,R.Stevenson,NE,,RB,0.9800236315370178,6.961816163475759,50.14759228082217,5.576982004484775,,,,0.0,0.0,0.0,0.0,0.0,0.0,0.0,0.0,0.0,0.0,0.0,0.0,0.0,0.0,0.0,0.0,0.0,0.0,0.0,0.0,0.0,0.0,0.0,0.0,,,,,,,,,,,,,,MISSING,HIGH,MISSING,67,True,True,False,90.67,66.67,50.07,,,,35,55,65.7,72.02,STRONG_SIGNAL,2,0,0,5,projection strength: 90.7; usage foundation: 66.7,"Context V1: defense fit missing/low reliability for some players; game environment missing for some players; weather, route share, first-read share, and coverage are not sourced.",,NEEDS DATA,NEEDS DATA,NEEDS DATA,DATA_NEEDS_LIVE_CONTEXT,HISTORICAL TEST ONLY,NO-GO,STRONG_SIGNAL at 72.0. Main support: projection strength: 90.7; usage foundation: 66.7. Main caution: role and availability context: 35.0; missing signal count: 5.,STRONG_SIGNAL,projection strength: 90.7,usage foundation: 66.7,role and availability context: 35.0,missing signal count: 5,Medium,ROUTE_PROXY_UNVALIDATED|LOW_CURRENT_SAMPLE,Medium,ROUTE_PROXY_UNVALIDATED|LOW_CURRENT_SAMPLE,Medium,ROUTE_PROXY_UNVALIDATED|LOW_CURRENT_SAMPLE,Medium,ROUTE_PROXY_UNVALIDATED|LOW_CURRENT_SAMPLE,,,,,,,8,8,8,MISSING,MISSING,MISSING,Pre-target weekly player stats only.,,,,,No schedule game matched team/opponent.,,,,,,,,,,,,MISSING,MISSING,MISSING,LOW_RELIABILITY_DEFENSE_FIT: shrinkage applied to historical allowed stats.,"Context V1 uses pre-target weekly history, schedules.csv game lines where present, and shrinkage-adjusted defense allowed stats.",True,False,False,rushing,STRONG_SIGNAL at 72.0. Main support: projection strength: 90.7; usage foundation: 66.7. Main caution: role and availability context: 35.0; missing signal count: 5.,projection strength: 90.7; usage foundation: 66.7; data quality: 65.7,,,weather not sourced; live role/injury gates not ready; defense fit limited; game environment limited,data quality: 65.7,review context: Context V1: defense fit missing/low reliability for some players; game environment missing,Research-only driver summary. Limitations: weather not sourced; live role/injury gates not ready; defense fit limited; game environment limited,RESEARCH_ONLY,current_v1,projection_heavy,72.02,STRONG_SIGNAL,STRONG_SIGNAL,76.91,STRONG_SIGNAL,STRONG_SIGNAL,4.89,NO_TIER_CHANGE,NO_ACTION_CHANGE,NO_MEANINGFUL_CHANGE,RESEARCH_ONLY challenger preview; production signal boards remain current_v1.
2025,1,,B.Robinson,WAS,,RB,1.2677429806138538,11.691607845253642,49.87698647573922,5.796725935410487,,,,0.0,0.0,0.0,0.0,0.0,0.0,0.0,0.0,0.0,0.0,0.0,0.0,0.0,0.0,0.0,0.0,0.0,0.0,0.0,0.0,0.0,0.0,0.0,0.0,,,,,,,,,,,,,,MISSING,HIGH,MISSING,67,True,True,False,90.3,66.67,50.07,,,,35,55,65.7,71.86,GOOD_SIGNAL,2,0,0,5,projection strength: 90.3; usage foundation: 66.7,"Context V1: defense fit missing/low reliability for some players; game environment missing for some players; weather, route share, first-read share, and coverage are not sourced.",,NEEDS DATA,NEEDS DATA,NEEDS DATA,DATA_NEEDS_LIVE_CONTEXT,HISTORICAL TEST ONLY,NO-GO,GOOD_SIGNAL at 71.9. Main support: projection strength: 90.3; usage foundation: 66.7. Main caution: role and availability context: 35.0; missing signal count: 5.,GOOD_SIGNAL,projection strength: 90.3,usage foundation: 66.7,role and availability context: 35.0,missing signal count: 5,Medium,ROUTE_PROXY_UNVALIDATED|LOW_CURRENT_SAMPLE,Medium,ROUTE_PROXY_UNVALIDATED|LOW_CURRENT_SAMPLE,Medium,ROUTE_PROXY_UNVALIDATED|LOW_CURRENT_SAMPLE,Medium,ROUTE_PROXY_UNVALIDATED|LOW_CURRENT_SAMPLE,,,,,,,8,8,8,MISSING,MISSING,MISSING,Pre-target weekly player stats only.,,,,,No schedule game matched team/opponent.,,,,,,,,,,,,MISSING,MISSING,MISSING,LOW_RELIABILITY_DEFENSE_FIT: shrinkage applied to historical allowed stats.,"Context V1 uses pre-target weekly history, schedules.csv game lines where present, and shrinkage-adjusted defense allowed stats.",True,False,False,rushing,GOOD_SIGNAL at 71.9. Main support: projection strength: 90.3; usage foundation: 66.7. Main caution: role and availability context: 35.0; missing signal count: 5.,projection strength: 90.3; usage foundation: 66.7; data quality: 65.7,,,weather not sourced; live role/injury gates not ready; defense fit limited; game environment limited,data quality: 65.7,review context: Context V1: defense fit missing/low reliability for some players; game environment missing,Research-only driver summary. Limitations: weather not sourced; live role/injury gates not ready; defense fit limited; game environment limited,RESEARCH_ONLY,current_v1,projection_heavy,71.86,GOOD_SIGNAL,GOOD_SIGNAL,76.7,STRONG_SIGNAL,STRONG_SIGNAL,4.84,TIER_UPGRADE,ACTION_CHANGED,TIER_UPGRADE|ACTION_CHANGED,RESEARCH_ONLY challenger preview; production signal boards remain current_v1.
2025,1,,J.Mason,SF,,RB,0.9994238171726384,9.50326988330166,49.71939025124168,3.246477663058616,,,,0.0,0.0,0.0,0.0,0.0,0.0,0.0,0.0,0.0,0.0,0.0,0.0,0.0,0.0,0.0,0.0,0.0,0.0,0.0,0.0,0.0,0.0,0.0,0.0,,,,,,,,,,,,,,MISSING,HIGH,MISSING,67,True,True,False,89.93,66.67,50.07,,,,35,55,65.7,71.69,GOOD_SIGNAL,2,0,0,5,projection strength: 89.9; usage foundation: 66.7,"Context V1: defense fit missing/low reliability for some players; game environment missing for some players; weather, route share, first-read share, and coverage are not sourced.",,NEEDS DATA,NEEDS DATA,NEEDS DATA,DATA_NEEDS_LIVE_CONTEXT,HISTORICAL TEST ONLY,NO-GO,GOOD_SIGNAL at 71.7. Main support: projection strength: 89.9; usage foundation: 66.7. Main caution: role and availability context: 35.0; missing signal count: 5.,GOOD_SIGNAL,projection strength: 89.9,usage foundation: 66.7,role and availability context: 35.0,missing signal count: 5,Medium,ROUTE_PROXY_UNVALIDATED|LOW_CURRENT_SAMPLE,Medium,ROUTE_PROXY_UNVALIDATED|LOW_CURRENT_SAMPLE,Medium,ROUTE_PROXY_UNVALIDATED|LOW_CURRENT_SAMPLE,Medium,ROUTE_PROXY_UNVALIDATED|LOW_CURRENT_SAMPLE,,,,,,,8,8,8,MISSING,MISSING,MISSING,Pre-target weekly player stats only.,,,,,No schedule game matched team/opponent.,,,,,,,,,,,,MISSING,MISSING,MISSING,LOW_RELIABILITY_DEFENSE_FIT: shrinkage applied to historical allowed stats.,"Context V1 uses pre-target weekly history, schedules.csv game lines where present, and shrinkage-adjusted defense allowed stats.",True,False,False,rushing,GOOD_SIGNAL at 71.7. Main support: projection strength: 89.9; usage foundation: 66.7. Main caution: role and availability context: 35.0; missing signal count: 5.,projection strength: 89.9; usage foundation: 66.7; data quality: 65.7,,,weather not sourced; live role/injury gates not ready; defense fit limited; game environment limited,data quality: 65.7,review context: Context V1: defense fit missing/low reliability for some players; game environment missing,Research-only driver summary. Limitations: weather not sourced; live role/injury gates not ready; defense fit limited; game environment limited,RESEARCH_ONLY,current_v1,projection_heavy,71.69,GOOD_SIGNAL,GOOD_SIGNAL,76.48,STRONG_SIGNAL,STRONG_SIGNAL,4.79,TIER_UPGRADE,ACTION_CHANGED,TIER_UPGRADE|ACTION_CHANGED,RESEARCH_ONLY challenger preview; production signal boards remain current_v1.
2025,1,,M.Gordon,BAL,,RB,0.793016200383899,7.428251541541909,26.894027658541173,5.714763129344935,,,,0.0,0.0,0.0,0.0,0.0,0.0,0.0,0.0,0.0,0.0,0.0,0.0,0.0,0.0,0.0,0.0,0.0,0.0,0.0,0.0,0.0,0.0,0.0,0.0,,,,,,,,,,,,,,MISSING,HIGH,MISSING,67,True,True,False,89.75,66.67,50.07,,,,35,55,65.7,71.61,GOOD_SIGNAL,2,0,0,5,projection strength: 89.8; usage foundation: 66.7,"Context V1: defense fit missing/low reliability for some players; game environment missing for some players; weather, route share, first-read share, and coverage are not sourced.",,NEEDS DATA,NEEDS DATA,NEEDS DATA,DATA_NEEDS_LIVE_CONTEXT,HISTORICAL TEST ONLY,NO-GO,GOOD_SIGNAL at 71.6. Main support: projection strength: 89.8; usage foundation: 66.7. Main caution: role and availability context: 35.0; missing signal count: 5.,GOOD_SIGNAL,projection strength: 89.8,usage foundation: 66.7,role and availability context: 35.0,missing signal count: 5,Medium,ROUTE_PROXY_UNVALIDATED|LOW_CURRENT_SAMPLE|LOW_PLAYER_SAMPLE,Medium,ROUTE_PROXY_UNVALIDATED|LOW_CURRENT_SAMPLE|LOW_PLAYER_SAMPLE|LOW_YARDAGE_SAMPLE,Medium,ROUTE_PROXY_UNVALIDATED|LOW_CURRENT_SAMPLE|LOW_PLAYER_SAMPLE,Medium,ROUTE_PROXY_UNVALIDATED|LOW_CURRENT_SAMPLE|LOW_PLAYER_SAMPLE,,,,,,,8,8,8,MISSING,MISSING,MISSING,Pre-target weekly player stats only.,,,,,No schedule game matched team/opponent.,,,,,,,,,,,,MISSING,MISSING,MISSING,LOW_RELIABILITY_DEFENSE_FIT: shrinkage applied to historical allowed stats.,"Context V1 uses pre-target weekly history, schedules.csv game lines where present, and shrinkage-adjusted defense allowed stats.",True,False,False,rushing,GOOD_SIGNAL at 71.6. Main support: projection strength: 89.8; usage foundation: 66.7. Main caution: role and availability context: 35.0; missing signal count: 5.,projection strength: 89.8; usage foundation: 66.7; data quality: 65.7,,,weather not sourced; live role/injury gates not ready; defense fit limited; game environment limited,data quality: 65.7,review context: Context V1: defense fit missing/low reliability for some players; game environment missing,Research-only driver summary. Limitations: weather not sourced; live role/injury gates not ready; defense fit limited; game environment limited,RESEARCH_ONLY,current_v1,projection_heavy,71.61,GOOD_SIGNAL,GOOD_SIGNAL,76.37,STRONG_SIGNAL,STRONG_SIGNAL,4.76,TIER_UPGRADE,ACTION_CHANGED,TIER_UPGRADE|ACTION_CHANGED,RESEARCH_ONLY challenger preview; production signal boards remain current_v1.
2025,1,,K.Hunt,KC,,RB,0.8495145606631439,7.103712012822405,46.97285066191176,3.42854527125294,,,,0.0,0.0,0.0,0.0,0.0,0.0,0.0,0.0,0.0,0.0,0.0,0.0,0.0,0.0,0.0,0.0,0.0,0.0,0.0,0.0,0.0,0.0,0.0,0.0,,,,,,,,,,,,,,MISSING,HIGH,MISSING,67,True,True,False,89.55,66.67,50.07,,,,35,55,65.7,71.53,GOOD_SIGNAL,2,0,0,5,projection strength: 89.5; usage foundation: 66.7,"Context V1: defense fit missing/low reliability for some players; game environment missing for some players; weather, route share, first-read share, and coverage are not sourced.",,NEEDS DATA,NEEDS DATA,NEEDS DATA,DATA_NEEDS_LIVE_CONTEXT,HISTORICAL TEST ONLY,NO-GO,GOOD_SIGNAL at 71.5. Main support: projection strength: 89.5; usage foundation: 66.7. Main caution: role and availability context: 35.0; missing signal count: 5.,GOOD_SIGNAL,projection strength: 89.5,usage foundation: 66.7,role and availability context: 35.0,missing signal count: 5,Medium,ROUTE_PROXY_UNVALIDATED|LOW_CURRENT_SAMPLE,Medium,ROUTE_PROXY_UNVALIDATED|LOW_CURRENT_SAMPLE,Medium,ROUTE_PROXY_UNVALIDATED|LOW_CURRENT_SAMPLE,Medium,ROUTE_PROXY_UNVALIDATED|LOW_CURRENT_SAMPLE,,,,,,,8,8,8,MISSING,MISSING,MISSING,Pre-target weekly player stats only.,,,,,No schedule game matched team/opponent.,,,,,,,,,,,,MISSING,MISSING,MISSING,LOW_RELIABILITY_DEFENSE_FIT: shrinkage applied to historical allowed stats.,"Context V1 uses pre-target weekly history, schedules.csv game lines where present, and shrinkage-adjusted defense allowed stats.",True,False,False,rushing,GOOD_SIGNAL at 71.5. Main support: projection strength: 89.5; usage foundation: 66.7. Main caution: role and availability context: 35.0; missing signal count: 5.,projection strength: 89.5; usage foundation: 66.7; data quality: 65.7,,,weather not sourced; live role/injury gates not ready; defense fit limited; game environment limited,data quality: 65.7,review context: Context V1: defense fit missing/low reliability for some players; game environment missing,Research-only driver summary. Limitations: weather not sourced; live role/injury gates not ready; defense fit limited; game environment limited,RESEARCH_ONLY,current_v1,projection_heavy,71.53,GOOD_SIGNAL,GOOD_SIGNAL,76.26,STRONG_SIGNAL,STRONG_SIGNAL,4.73,TIER_UPGRADE,ACTION_CHANGED,TIER_UPGRADE|ACTION_CHANGED,RESEARCH_ONLY challenger preview; production signal boards remain current_v1.
2025,1,,L.Jackson,BAL,BUF,QB,,,42.38790924215537,5.649276014081842,23.54693264688178,13.41352667170872,,0.0,0.0,0.0,0.0,0.0,0.0,0.0,0.0,0.0,0.0,0.0,0.0,0.0,0.0,0.0,0.0,0.0,0.0,0.0,0.0,0.0,0.0,0.0,0.0,,,,,,,,,,,,,,MISSING,HIGH,MISSING,67,False,True,True,89.34,66.67,50.07,,,,35,55,65.7,71.44,GOOD_SIGNAL,2,0,0,5,projection strength: 89.3; usage foundation: 66.7,"Context V1: defense fit missing/low reliability for some players; game environment missing for some players; weather, route share, first-read share, and coverage are not sourced.",,NEEDS DATA,NEEDS DATA,NEEDS DATA,DATA_NEEDS_LIVE_CONTEXT,HISTORICAL TEST ONLY,NO-GO,GOOD_SIGNAL at 71.4. Main support: projection strength: 89.3; usage foundation: 66.7. Main caution: role and availability context: 35.0; missing signal count: 5.,GOOD_SIGNAL,projection strength: 89.3,usage foundation: 66.7,role and availability context: 35.0,missing signal count: 5,,,,,Medium,ROUTE_PROXY_UNVALIDATED|LOW_CURRENT_SAMPLE|LOW_PLAYER_SAMPLE,Medium,ROUTE_PROXY_UNVALIDATED|LOW_CURRENT_SAMPLE|LOW_PLAYER_SAMPLE,Medium,ROUTE_PROXY_UNVALIDATED|LOW_CURRENT_SAMPLE|LOW_PLAYER_SAMPLE,Medium,ROUTE_PROXY_UNVALIDATED|LOW_CURRENT_SAMPLE|LOW_PLAYER_SAMPLE,,,8,8,8,MISSING,MISSING,MISSING,Pre-target weekly player stats only.,,,,,No schedule game matched team/opponent.,,,,,,,,,,,,MISSING,MISSING,MISSING,LOW_RELIABILITY_DEFENSE_FIT: shrinkage applied to historical allowed stats.,"Context V1 uses pre-target weekly history, schedules.csv game lines where present, and shrinkage-adjusted defense allowed stats.",True,False,False,rushing,GOOD_SIGNAL at 71.4. Main support: projection strength: 89.3; usage foundation: 66.7. Main caution: role and availability context: 35.0; missing signal count: 5.,projection strength: 89.3; usage foundation: 66.7; data quality: 65.7,,,weather not sourced; live role/injury gates not ready; defense fit limited; game environment limited,data quality: 65.7,review context: Context V1: defense fit missing/low reliability for some players; game environment missing,Research-only driver summary. Limitations: weather not sourced; live role/injury gates not ready; defense fit limited; game environment limited,RESEARCH_ONLY,current_v1,projection_heavy,71.44,GOOD_SIGNAL,GOOD_SIGNAL,76.13,STRONG_SIGNAL,STRONG_SIGNAL,4.69,TIER_UPGRADE,ACTION_CHANGED,TIER_UPGRADE|ACTION_CHANGED,RESEARCH_ONLY challenger preview; production signal boards remain current_v1.
2025,1,,T.Tracy,NYG,,RB,1.298245311992472,11.41047602075102,46.1246239813343,3.6662289869783145,,,,0.0,0.0,0.0,0.0,0.0,0.0,0.0,0.0,0.0,0.0,0.0,0.0,0.0,0.0,0.0,0.0,0.0,0.0,0.0,0.0,0.0,0.0,0.0,0.0,,,,,,,,,,,,,,MISSING,HIGH,MISSING,67,True,True,False,89.18,66.67,50.07,,,,35,55,65.7,71.37,GOOD_SIGNAL,2,0,0,5,projection strength: 89.2; usage foundation: 66.7,"Context V1: defense fit missing/low reliability for some players; game environment missing for some players; weather, route share, first-read share, and coverage are not sourced.",,NEEDS DATA,NEEDS DATA,NEEDS DATA,DATA_NEEDS_LIVE_CONTEXT,HISTORICAL TEST ONLY,NO-GO,GOOD_SIGNAL at 71.4. Main support: projection strength: 89.2; usage foundation: 66.7. Main caution: role and availability context: 35.0; missing signal count: 5.,GOOD_SIGNAL,projection strength: 89.2,usage foundation: 66.7,role and availability context: 35.0,missing signal count: 5,Medium,ROUTE_PROXY_UNVALIDATED|LOW_CURRENT_SAMPLE,Medium,ROUTE_PROXY_UNVALIDATED|LOW_CURRENT_SAMPLE,Medium,ROUTE_PROXY_UNVALIDATED|LOW_CURRENT_SAMPLE,Medium,ROUTE_PROXY_UNVALIDATED|LOW_CURRENT_SAMPLE,,,,,,,8,8,8,MISSING,MISSING,MISSING,Pre-target weekly player stats only.,,,,,No schedule game matched team/opponent.,,,,,,,,,,,,MISSING,MISSING,MISSING,LOW_RELIABILITY_DEFENSE_FIT: shrinkage applied to historical allowed stats.,"Context V1 uses pre-target weekly history, schedules.csv game lines where present, and shrinkage-adjusted defense allowed stats.",True,False,False,rushing,GOOD_SIGNAL at 71.4. Main support: projection strength: 89.2; usage foundation: 66.7. Main caution: role and availability context: 35.0; missing signal count: 5.,projection strength: 89.2; usage foundation: 66.7; data quality: 65.7,,,weather not sourced; live role/injury gates not ready; defense fit limited; game environment limited,data quality: 65.7,review context: Context V1: defense fit missing/low reliability for some players; game environment missing,Research-only driver summary. Limitations: weather not sourced; live role/injury gates not ready; defense fit limited; game environment limited,RESEARCH_ONLY,current_v1,projection_heavy,71.37,GOOD_SIGNAL,GOOD_SIGNAL,76.04,STRONG_SIGNAL,STRONG_SIGNAL,4.67,TIER_UPGRADE,ACTION_CHANGED,TIER_UPGRADE|ACTION_CHANGED,RESEARCH_ONLY challenger preview; production signal boards remain current_v1.
2025,1,,J.McClellan,ATL,,RB,0.6429370012974225,,22.23054561707756,5.5848330098687,,,,0.0,0.0,0.0,0.0,0.0,0.0,0.0,0.0,0.0,0.0,0.0,0.0,0.0,0.0,0.0,0.0,0.0,0.0,0.0,0.0,0.0,0.0,0.0,0.0,,,,,,,,,,,,,,MISSING,HIGH,MISSING,67,True,True,False,88.93,66.67,50.07,,,,35,55,65.7,71.26,GOOD_SIGNAL,2,0,0,5,projection strength: 88.9; usage foundation: 66.7,"Context V1: defense fit missing/low reliability for some players; game environment missing for some players; weather, route share, first-read share, and coverage are not sourced.",,NEEDS DATA,NEEDS DATA,NEEDS DATA,DATA_NEEDS_LIVE_CONTEXT,HISTORICAL TEST ONLY,NO-GO,GOOD_SIGNAL at 71.3. Main support: projection strength: 88.9; usage foundation: 66.7. Main caution: role and availability context: 35.0; missing signal count: 5.,GOOD_SIGNAL,projection strength: 88.9,usage foundation: 66.7,role and availability context: 35.0,missing signal count: 5,Medium,ROUTE_PROXY_UNVALIDATED|LOW_CURRENT_SAMPLE|LOW_PLAYER_SAMPLE,,,Medium,ROUTE_PROXY_UNVALIDATED|LOW_CURRENT_SAMPLE|LOW_PLAYER_SAMPLE|LOW_RUSH_SAMPLE,Medium,ROUTE_PROXY_UNVALIDATED|LOW_CURRENT_SAMPLE|LOW_PLAYER_SAMPLE|LOW_RUSH_SAMPLE|LOW_CARRY_SAMPLE,,,,,,,8,8,8,MISSING,MISSING,MISSING,Pre-target weekly player stats only.,,,,,No schedule game matched team/opponent.,,,,,,,,,,,,MISSING,MISSING,MISSING,LOW_RELIABILITY_DEFENSE_FIT: shrinkage applied to historical allowed stats.,"Context V1 uses pre-target weekly history, schedules.csv game lines where present, and shrinkage-adjusted defense allowed stats.",True,False,False,rushing,GOOD_SIGNAL at 71.3. Main support: projection strength: 88.9; usage foundation: 66.7. Main caution: role and availability context: 35.0; missing signal count: 5.,projection strength: 88.9; usage foundation: 66.7; data quality: 65.7,,,weather not sourced; live role/injury gates not ready; defense fit limited; game environment limited,data quality: 65.7,review context: Context V1: defense fit missing/low reliability for some players; game environment missing,Research-only driver summary. Limitations: weather not sourced; live role/injury gates not ready; defense fit limited; game environment limited,RESEARCH_ONLY,current_v1,projection_heavy,71.26,GOOD_SIGNAL,GOOD_SIGNAL,75.89,STRONG_SIGNAL,STRONG_SIGNAL,4.63,TIER_UPGRADE,ACTION_CHANGED,TIER_UPGRADE|ACTION_CHANGED,RESEARCH_ONLY challenger preview; production signal boards remain current_v1.
2025,1,,N.Chubb,CLE,,RB,0.8268110492264162,6.373725480372225,44.47114304618516,3.982759184292498,,,,0.0,0.0,0.0,0.0,0.0,0.0,0.0,0.0,0.0,0.0,0.0,0.0,0.0,0.0,0.0,0.0,0.0,0.0,0.0,0.0,0.0,0.0,0.0,0.0,,,,,,,,,,,,,,MISSING,HIGH,MISSING,67,True,True,False,88.81,66.67,50.07,,,,35,55,65.7,71.2,GOOD_SIGNAL,2,0,0,5,projection strength: 88.8; usage foundation: 66.7,"Context V1: defense fit missing/low reliability for some players; game environment missing for some players; weather, route share, first-read share, and coverage are not sourced.",,NEEDS DATA,NEEDS DATA,NEEDS DATA,DATA_NEEDS_LIVE_CONTEXT,HISTORICAL TEST ONLY,NO-GO,GOOD_SIGNAL at 71.2. Main support: projection strength: 88.8; usage foundation: 66.7. Main caution: role and availability context: 35.0; missing signal count: 5.,GOOD_SIGNAL,projection strength: 88.8,usage foundation: 66.7,role and availability context: 35.0,missing signal count: 5,Medium,ROUTE_PROXY_UNVALIDATED|LOW_CURRENT_SAMPLE,Medium,ROUTE_PROXY_UNVALIDATED|LOW_CURRENT_SAMPLE|LOW_YARDAGE_SAMPLE,Medium,ROUTE_PROXY_UNVALIDATED|LOW_CURRENT_SAMPLE,Medium,ROUTE_PROXY_UNVALIDATED|LOW_CURRENT_SAMPLE,,,,,,,8,8,8,MISSING,MISSING,MISSING,Pre-target weekly player stats only.,,,,,No schedule game matched team/opponent.,,,,,,,,,,,,MISSING,MISSING,MISSING,LOW_RELIABILITY_DEFENSE_FIT: shrinkage applied to historical allowed stats.,"Context V1 uses pre-target weekly history, schedules.csv game lines where present, and shrinkage-adjusted defense allowed stats.",True,False,False,rushing,GOOD_SIGNAL at 71.2. Main support: projection strength: 88.8; usage foundation: 66.7. Main caution: role and availability context: 35.0; missing signal count: 5.,projection strength: 88.8; usage foundation: 66.7; data quality: 65.7,,,weather not sourced; live role/injury gates not ready; defense fit limited; game environment limited,data quality: 65.7,review context: Context V1: defense fit missing/low reliability for some players; game environment missing,Research-only driver summary. Limitations: weather not sourced; live role/injury gates not ready; defense fit limited; game environment limited,RESEARCH_ONLY,current_v1,projection_heavy,71.2,GOOD_SIGNAL,GOOD_SIGNAL,75.82,STRONG_SIGNAL,STRONG_SIGNAL,4.62,TIER_UPGRADE,ACTION_CHANGED,TIER_UPGRADE|ACTION_CHANGED,RESEARCH_ONLY challenger preview; production signal boards remain current_v1.
2025,1,,S.McCormick,LV,,RB,1.3047600493835425,8.816106816837777,42.96616645512049,3.825916576641903,,,,0.0,0.0,0.0,0.0,0.0,0.0,0.0,0.0,0.0,0.0,0.0,0.0,0.0,0.0,0.0,0.0,0.0,0.0,0.0,0.0,0.0,0.0,0.0,0.0,,,,,,,,,,,,,,MISSING,HIGH,MISSING,67,True,True,False,88.43,66.67,50.07,,,,35,55,65.7,71.04,GOOD_SIGNAL,2,0,0,5,projection strength: 88.4; usage foundation: 66.7,"Context V1: defense fit missing/low reliability for some players; game environment missing for some players; weather, route share, first-read share, and coverage are not sourced.",,NEEDS DATA,NEEDS DATA,NEEDS DATA,DATA_NEEDS_LIVE_CONTEXT,HISTORICAL TEST ONLY,NO-GO,GOOD_SIGNAL at 71.0. Main support: projection strength: 88.4; usage foundation: 66.7. Main caution: role and availability context: 35.0; missing signal count: 5.,GOOD_SIGNAL,projection strength: 88.4,usage foundation: 66.7,role and availability context: 35.0,missing signal count: 5,Medium,ROUTE_PROXY_UNVALIDATED|LOW_CURRENT_SAMPLE|LOW_PLAYER_SAMPLE,Medium,ROUTE_PROXY_UNVALIDATED|LOW_CURRENT_SAMPLE|LOW_PLAYER_SAMPLE|LOW_YARDAGE_SAMPLE,Medium,ROUTE_PROXY_UNVALIDATED|LOW_CURRENT_SAMPLE|LOW_PLAYER_SAMPLE,Medium,ROUTE_PROXY_UNVALIDATED|LOW_CURRENT_SAMPLE|LOW_PLAYER_SAMPLE,,,,,,,8,8,8,MISSING,MISSING,MISSING,Pre-target weekly player stats only.,,,,,No schedule game matched team/opponent.,,,,,,,,,,,,MISSING,MISSING,MISSING,LOW_RELIABILITY_DEFENSE_FIT: shrinkage applied to historical allowed stats.,"Context V1 uses pre-target weekly history, schedules.csv game lines where present, and shrinkage-adjusted defense allowed stats.",True,False,False,rushing,GOOD_SIGNAL at 71.0. Main support: projection strength: 88.4; usage foundation: 66.7. Main caution: role and availability context: 35.0; missing signal count: 5.,projection strength: 88.4; usage foundation: 66.7; data quality: 65.7,,,weather not sourced; live role/injury gates not ready; defense fit limited; game environment limited,data quality: 65.7,review context: Context V1: defense fit missing/low reliability for some players; game environment missing,Research-only driver summary. Limitations: weather not sourced; live role/injury gates not ready; defense fit limited; game environment limited,RESEARCH_ONLY,current_v1,projection_heavy,71.04,GOOD_SIGNAL,GOOD_SIGNAL,75.6,STRONG_SIGNAL,STRONG_SIGNAL,4.56,TIER_UPGRADE,ACTION_CHANGED,TIER_UPGRADE|ACTION_CHANGED,RESEARCH_ONLY challenger preview; production signal boards remain current_v1.
2025,1,,J.Williams,DEN,,RB,1.4953348702226206,11.91467664563704,30.762381002685824,5.36667638799949,,,,0.0,0.0,0.0,0.0,0.0,0.0,0.0,0.0,0.0,0.0,0.0,0.0,0.0,0.0,0.0,0.0,0.0,0.0,0.0,0.0,0.0,0.0,0.0,0.0,,,,,,,,,,,,,,MISSING,HIGH,MISSING,67,True,True,False,88.11,66.67,50.07,,,,35,55,65.7,70.9,GOOD_SIGNAL,2,0,0,5,projection strength: 88.1; usage foundation: 66.7,"Context V1: defense fit missing/low reliability for some players; game environment missing for some players; weather, route share, first-read share, and coverage are not sourced.",,NEEDS DATA,NEEDS DATA,NEEDS DATA,DATA_NEEDS_LIVE_CONTEXT,HISTORICAL TEST ONLY,NO-GO,GOOD_SIGNAL at 70.9. Main support: projection strength: 88.1; usage foundation: 66.7. Main caution: role and availability context: 35.0; missing signal count: 5.,GOOD_SIGNAL,projection strength: 88.1,usage foundation: 66.7,role and availability context: 35.0,missing signal count: 5,Medium,ROUTE_PROXY_UNVALIDATED|LOW_CURRENT_SAMPLE,Medium,ROUTE_PROXY_UNVALIDATED|LOW_CURRENT_SAMPLE,Medium,ROUTE_PROXY_UNVALIDATED|LOW_CURRENT_SAMPLE,Medium,ROUTE_PROXY_UNVALIDATED|LOW_CURRENT_SAMPLE,,,,,,,8,8,8,MISSING,MISSING,MISSING,Pre-target weekly player stats only.,,,,,No schedule game matched team/opponent.,,,,,,,,,,,,MISSING,MISSING,MISSING,LOW_RELIABILITY_DEFENSE_FIT: shrinkage applied to historical allowed stats.,"Context V1 uses pre-target weekly history, schedules.csv game lines where present, and shrinkage-adjusted defense allowed stats.",True,False,False,rushing,GOOD_SIGNAL at 70.9. Main support: projection strength: 88.1; usage foundation: 66.7. Main caution: role and availability context: 35.0; missing signal count: 5.,projection strength: 88.1; usage foundation: 66.7; data quality: 65.7,,,weather not sourced; live role/injury gates not ready; defense fit limited; game environment limited,data quality: 65.7,review context: Context V1: defense fit missing/low reliability for some players; game environment missing,Research-only driver summary. Limitations: weather not sourced; live role/injury gates not ready; defense fit limited; game environment limited,RESEARCH_ONLY,current_v1,projection_heavy,70.9,GOOD_SIGNAL,GOOD_SIGNAL,75.41,STRONG_SIGNAL,STRONG_SIGNAL,4.51,TIER_UPGRADE,ACTION_CHANGED,TIER_UPGRADE|ACTION_CHANGED,RESEARCH_ONLY challenger preview; production signal boards remain current_v1.
2025,1,,I.Pacheco,KC,,RB,0.8175931089362023,6.361922012878563,41.330570620167606,2.9081075068801927,,,,0.0,0.0,0.0,0.0,0.0,0.0,0.0,0.0,0.0,0.0,0.0,0.0,0.0,0.0,0.0,0.0,0.0,0.0,0.0,0.0,0.0,0.0,0.0,0.0,,,,,,,,,,,,,,MISSING,HIGH,MISSING,67,True,True,False,87.69,66.67,50.07,,,,35,55,65.7,70.71,GOOD_SIGNAL,2,0,0,5,projection strength: 87.7; usage foundation: 66.7,"Context V1: defense fit missing/low reliability for some players; game environment missing for some players; weather, route share, first-read share, and coverage are not sourced.",,NEEDS DATA,NEEDS DATA,NEEDS DATA,DATA_NEEDS_LIVE_CONTEXT,HISTORICAL TEST ONLY,NO-GO,GOOD_SIGNAL at 70.7. Main support: projection strength: 87.7; usage foundation: 66.7. Main caution: role and availability context: 35.0; missing signal count: 5.,GOOD_SIGNAL,projection strength: 87.7,usage foundation: 66.7,role and availability context: 35.0,missing signal count: 5,Medium,ROUTE_PROXY_UNVALIDATED|LOW_CURRENT_SAMPLE,Medium,ROUTE_PROXY_UNVALIDATED|LOW_CURRENT_SAMPLE,Medium,ROUTE_PROXY_UNVALIDATED|LOW_CURRENT_SAMPLE,Medium,ROUTE_PROXY_UNVALIDATED|LOW_CURRENT_SAMPLE,,,,,,,8,8,8,MISSING,MISSING,MISSING,Pre-target weekly player stats only.,,,,,No schedule game matched team/opponent.,,,,,,,,,,,,MISSING,MISSING,MISSING,LOW_RELIABILITY_DEFENSE_FIT: shrinkage applied to historical allowed stats.,"Context V1 uses pre-target weekly history, schedules.csv game lines where present, and shrinkage-adjusted defense allowed stats.",True,False,False,rushing,GOOD_SIGNAL at 70.7. Main support: projection strength: 87.7; usage foundation: 66.7. Main caution: role and availability context: 35.0; missing signal count: 5.,projection strength: 87.7; usage foundation: 66.7; data quality: 65.7,,,weather not sourced; live role/injury gates not ready; defense fit limited; game environment limited,data quality: 65.7,review context: Context V1: defense fit missing/low reliability for some players; game environment missing,Research-only driver summary. Limitations: weather not sourced; live role/injury gates not ready; defense fit limited; game environment limited,RESEARCH_ONLY,current_v1,projection_heavy,70.71,GOOD_SIGNAL,GOOD_SIGNAL,75.16,STRONG_SIGNAL,STRONG_SIGNAL,4.45,TIER_UPGRADE,ACTION_CHANGED,TIER_UPGRADE|ACTION_CHANGED,RESEARCH_ONLY challenger preview; production signal boards remain current_v1.
2025,1,,Z.Moss,CIN,,RB,2.0249162933213203,15.509823278896755,33.02983740593047,5.252631080567288,,,,0.0,0.0,0.0,0.0,0.0,0.0,0.0,0.0,0.0,0.0,0.0,0.0,0.0,0.0,0.0,0.0,0.0,0.0,0.0,0.0,0.0,0.0,0.0,0.0,,,,,,,,,,,,,,MISSING,HIGH,MISSING,67,True,True,False,86.89,66.67,50.07,,,,35,55,65.7,70.36,GOOD_SIGNAL,2,0,0,5,projection strength: 86.9; usage foundation: 66.7,"Context V1: defense fit missing/low reliability for some players; game environment missing for some players; weather, route share, first-read share, and coverage are not sourced.",,NEEDS DATA,NEEDS DATA,NEEDS DATA,DATA_NEEDS_LIVE_CONTEXT,HISTORICAL TEST ONLY,NO-GO,GOOD_SIGNAL at 70.4. Main support: projection strength: 86.9; usage foundation: 66.7. Main caution: role and availability context: 35.0; missing signal count: 5.,GOOD_SIGNAL,projection strength: 86.9,usage foundation: 66.7,role and availability context: 35.0,missing signal count: 5,Medium,ROUTE_PROXY_UNVALIDATED|LOW_CURRENT_SAMPLE,Medium,ROUTE_PROXY_UNVALIDATED|LOW_CURRENT_SAMPLE,Medium,ROUTE_PROXY_UNVALIDATED|LOW_CURRENT_SAMPLE,Medium,ROUTE_PROXY_UNVALIDATED|LOW_CURRENT_SAMPLE,,,,,,,8,8,8,MISSING,MISSING,MISSING,Pre-target weekly player stats only.,,,,,No schedule game matched team/opponent.,,,,,,,,,,,,MISSING,MISSING,MISSING,LOW_RELIABILITY_DEFENSE_FIT: shrinkage applied to historical allowed stats.,"Context V1 uses pre-target weekly history, schedules.csv game lines where present, and shrinkage-adjusted defense allowed stats.",True,False,False,rushing,GOOD_SIGNAL at 70.4. Main support: projection strength: 86.9; usage foundation: 66.7. Main caution: role and availability context: 35.0; missing signal count: 5.,projection strength: 86.9; usage foundation: 66.7; data quality: 65.7,,,weather not sourced; live role/injury gates not ready; defense fit limited; game environment limited,data quality: 65.7,review context: Context V1: defense fit missing/low reliability for some players; game environment missing,Research-only driver summary. Limitations: weather not sourced; live role/injury gates not ready; defense fit limited; game environment limited,RESEARCH_ONLY,current_v1,projection_heavy,70.36,GOOD_SIGNAL,GOOD_SIGNAL,74.69,STRONG_SIGNAL,STRONG_SIGNAL,4.33,TIER_UPGRADE,ACTION_CHANGED,TIER_UPGRADE|ACTION_CHANGED,RESEARCH_ONLY challenger preview; production signal boards remain current_v1.
2025,1,,T.Jones,ARI,,RB,1.1242138373124513,9.210440295496136,36.588693602499056,2.6008960340779272,,,,0.0,0.0,0.0,0.0,0.0,0.0,0.0,0.0,0.0,0.0,0.0,0.0,0.0,0.0,0.0,0.0,0.0,0.0,0.0,0.0,0.0,0.0,0.0,0.0,,,,,,,,,,,,,,MISSING,HIGH,MISSING,67,True,True,False,86.57,66.67,50.07,,,,35,55,65.7,70.22,GOOD_SIGNAL,2,0,0,5,projection strength: 86.6; usage foundation: 66.7,"Context V1: defense fit missing/low reliability for some players; game environment missing for some players; weather, route share, first-read share, and coverage are not sourced.",,NEEDS DATA,NEEDS DATA,NEEDS DATA,DATA_NEEDS_LIVE_CONTEXT,HISTORICAL TEST ONLY,NO-GO,GOOD_SIGNAL at 70.2. Main support: projection strength: 86.6; usage foundation: 66.7. Main caution: role and availability context: 35.0; missing signal count: 5.,GOOD_SIGNAL,projection strength: 86.6,usage foundation: 66.7,role and availability context: 35.0,missing signal count: 5,Medium,ROUTE_PROXY_UNVALIDATED|LOW_CURRENT_SAMPLE,Medium,ROUTE_PROXY_UNVALIDATED|LOW_CURRENT_SAMPLE|LOW_YARDAGE_SAMPLE,Medium,ROUTE_PROXY_UNVALIDATED|LOW_CURRENT_SAMPLE,Medium,ROUTE_PROXY_UNVALIDATED|LOW_CURRENT_SAMPLE,,,,,,,8,8,8,MISSING,MISSING,MISSING,Pre-target weekly player stats only.,,,,,No schedule game matched team/opponent.,,,,,,,,,,,,MISSING,MISSING,MISSING,LOW_RELIABILITY_DEFENSE_FIT: shrinkage applied to historical allowed stats.,"Context V1 uses pre-target weekly history, schedules.csv game lines where present, and shrinkage-adjusted defense allowed stats.",True,False,False,rushing,GOOD_SIGNAL at 70.2. Main support: projection strength: 86.6; usage foundation: 66.7. Main caution: role and availability context: 35.0; missing signal count: 5.,projection strength: 86.6; usage foundation: 66.7; data quality: 65.7,,,weather not sourced; live role/injury gates not ready; defense fit limited; game environment limited,data quality: 65.7,review context: Context V1: defense fit missing/low reliability for some players; game environment missing,Research-only driver summary. Limitations: weather not sourced; live role/injury gates not ready; defense fit limited; game environment limited,RESEARCH_ONLY,current_v1,projection_heavy,70.22,GOOD_SIGNAL,GOOD_SIGNAL,74.5,STRONG_SIGNAL,STRONG_SIGNAL,4.28,TIER_UPGRADE,ACTION_CHANGED,TIER_UPGRADE|ACTION_CHANGED,RESEARCH_ONLY challenger preview; production signal boards remain current_v1.
2025,1,,B.Nix,DEN,BUF,QB,,,24.49976064734797,3.0274532326485355,27.48940802056919,17.371664965839578,,0.0,0.0,0.0,0.0,0.0,0.0,0.0,0.0,0.0,0.0,0.0,0.0,0.0,0.0,0.0,0.0,0.0,0.0,0.0,0.0,0.0,0.0,0.0,0.0,,,,,,,,,,,,,,MISSING,HIGH,MISSING,67,False,True,True,86.49,66.67,50.07,,,,35,55,65.7,70.19,GOOD_SIGNAL,2,0,0,5,projection strength: 86.5; usage foundation: 66.7,"Context V1: defense fit missing/low reliability for some players; game environment missing for some players; weather, route share, first-read share, and coverage are not sourced.",,NEEDS DATA,NEEDS DATA,NEEDS DATA,DATA_NEEDS_LIVE_CONTEXT,HISTORICAL TEST ONLY,NO-GO,GOOD_SIGNAL at 70.2. Main support: projection strength: 86.5; usage foundation: 66.7. Main caution: role and availability context: 35.0; missing signal count: 5.,GOOD_SIGNAL,projection strength: 86.5,usage foundation: 66.7,role and availability context: 35.0,missing signal count: 5,,,,,Medium,ROUTE_PROXY_UNVALIDATED|LOW_CURRENT_SAMPLE|LOW_PLAYER_SAMPLE,Medium,ROUTE_PROXY_UNVALIDATED|LOW_CURRENT_SAMPLE|LOW_PLAYER_SAMPLE,Medium,ROUTE_PROXY_UNVALIDATED|LOW_CURRENT_SAMPLE|LOW_PLAYER_SAMPLE,Medium,ROUTE_PROXY_UNVALIDATED|LOW_CURRENT_SAMPLE|LOW_PLAYER_SAMPLE,,,8,8,8,MISSING,MISSING,MISSING,Pre-target weekly player stats only.,,,,,No schedule game matched team/opponent.,,,,,,,,,,,,MISSING,MISSING,MISSING,LOW_RELIABILITY_DEFENSE_FIT: shrinkage applied to historical allowed stats.,"Context V1 uses pre-target weekly history, schedules.csv game lines where present, and shrinkage-adjusted defense allowed stats.",True,False,False,rushing,GOOD_SIGNAL at 70.2. Main support: projection strength: 86.5; usage foundation: 66.7. Main caution: role and availability context: 35.0; missing signal count: 5.,projection strength: 86.5; usage foundation: 66.7; data quality: 65.7,,,weather not sourced; live role/injury gates not ready; defense fit limited; game environment limited,data quality: 65.7,review context: Context V1: defense fit missing/low reliability for some players; game environment missing,Research-only driver summary. Limitations: weather not sourced; live role/injury gates not ready; defense fit limited; game environment limited,RESEARCH_ONLY,current_v1,projection_heavy,70.19,GOOD_SIGNAL,GOOD_SIGNAL,74.46,STRONG_SIGNAL,STRONG_SIGNAL,4.27,TIER_UPGRADE,ACTION_CHANGED,TIER_UPGRADE|ACTION_CHANGED,RESEARCH_ONLY challenger preview; production signal boards remain current_v1.
2025,1,,J.Hurts,PHI,KC,QB,,,32.26576802968242,4.688296900799044,,,,0.0,0.0,0.0,0.0,0.0,0.0,0.0,0.0,0.0,0.0,0.0,0.0,0.0,0.0,0.0,0.0,0.0,0.0,0.0,0.0,0.0,0.0,0.0,0.0,,,,,,,,,,,,,,MISSING,HIGH,MISSING,67,False,True,False,86.07,66.67,50.07,,,,35,55,65.7,70.0,GOOD_SIGNAL,2,0,0,5,projection strength: 86.1; usage foundation: 66.7,"Context V1: defense fit missing/low reliability for some players; game environment missing for some players; weather, route share, first-read share, and coverage are not sourced.",,NEEDS DATA,NEEDS DATA,NEEDS DATA,DATA_NEEDS_LIVE_CONTEXT,HISTORICAL TEST ONLY,NO-GO,GOOD_SIGNAL at 70.0. Main support: projection strength: 86.1; usage foundation: 66.7. Main caution: role and availability context: 35.0; missing signal count: 5.,GOOD_SIGNAL,projection strength: 86.1,usage foundation: 66.7,role and availability context: 35.0,missing signal count: 5,,,,,Medium,ROUTE_PROXY_UNVALIDATED|LOW_CURRENT_SAMPLE|LOW_PLAYER_SAMPLE,Medium,ROUTE_PROXY_UNVALIDATED|LOW_CURRENT_SAMPLE|LOW_PLAYER_SAMPLE,,,,,,,8,8,8,MISSING,MISSING,MISSING,Pre-target weekly player stats only.,,,,,No schedule game matched team/opponent.,,,,,,,,,,,,MISSING,MISSING,MISSING,LOW_RELIABILITY_DEFENSE_FIT: shrinkage applied to historical allowed stats.,"Context V1 uses pre-target weekly history, schedules.csv game lines where present, and shrinkage-adjusted defense allowed stats.",True,False,False,rushing,GOOD_SIGNAL at 70.0. Main support: projection strength: 86.1; usage foundation: 66.7. Main caution: role and availability context: 35.0; missing signal count: 5.,projection strength: 86.1; usage foundation: 66.7; data quality: 65.7,,,weather not sourced; live role/injury gates not ready; defense fit limited; game environment limited,data quality: 65.7,review context: Context V1: defense fit missing/low reliability for some players; game environment missing,Research-only driver summary. Limitations: weather not sourced; live role/injury gates not ready; defense fit limited; game environment limited,RESEARCH_ONLY,current_v1,projection_heavy,70.0,GOOD_SIGNAL,GOOD_SIGNAL,74.21,STRONG_SIGNAL,STRONG_SIGNAL,4.21,TIER_UPGRADE,ACTION_CHANGED,TIER_UPGRADE|ACTION_CHANGED,RESEARCH_ONLY challenger preview; production signal boards remain current_v1.
2025,1,,A.Richardson,IND,TEN,QB,,,32.207745688186115,4.677862397350377,11.663055809269215,,,0.0,0.0,0.0,0.0,0.0,0.0,0.0,0.0,0.0,0.0,0.0,0.0,0.0,0.0,0.0,0.0,0.0,0.0,0.0,0.0,0.0,0.0,0.0,0.0,,,,,,,,,,,,,,MISSING,HIGH,MISSING,67,False,True,True,85.66,66.67,50.07,,,,35,55,65.7,69.83,GOOD_SIGNAL,2,0,0,5,projection strength: 85.7; usage foundation: 66.7,"Context V1: defense fit missing/low reliability for some players; game environment missing for some players; weather, route share, first-read share, and coverage are not sourced.",,NEEDS DATA,NEEDS DATA,NEEDS DATA,DATA_NEEDS_LIVE_CONTEXT,HISTORICAL TEST ONLY,NO-GO,GOOD_SIGNAL at 69.8. Main support: projection strength: 85.7; usage foundation: 66.7. Main caution: role and availability context: 35.0; missing signal count: 5.,GOOD_SIGNAL,projection strength: 85.7,usage foundation: 66.7,role and availability context: 35.0,missing signal count: 5,,,,,Medium,ROUTE_PROXY_UNVALIDATED|LOW_CURRENT_SAMPLE|LOW_PLAYER_SAMPLE,Medium,ROUTE_PROXY_UNVALIDATED|LOW_CURRENT_SAMPLE|LOW_PLAYER_SAMPLE,Medium,ROUTE_PROXY_UNVALIDATED|LOW_CURRENT_SAMPLE|LOW_PLAYER_SAMPLE,,,,,8,8,8,MISSING,MISSING,MISSING,Pre-target weekly player stats only.,,,,,No schedule game matched team/opponent.,,,,,,,,,,,,MISSING,MISSING,MISSING,LOW_RELIABILITY_DEFENSE_FIT: shrinkage applied to historical allowed stats.,"Context V1 uses pre-target weekly history, schedules.csv game lines where present, and shrinkage-adjusted defense allowed stats.",True,False,False,rushing,GOOD_SIGNAL at 69.8. Main support: projection strength: 85.7; usage foundation: 66.7. Main caution: role and availability context: 35.0; missing signal count: 5.,projection strength: 85.7; usage foundation: 66.7; data quality: 65.7,,,weather not sourced; live role/injury gates not ready; defense fit limited; game environment limited,data quality: 65.7,review context: Context V1: defense fit missing/low reliability for some players; game environment missing,Research-only driver summary. Limitations: weather not sourced; live role/injury gates not ready; defense fit limited; game environment limited,RESEARCH_ONLY,current_v1,projection_heavy,69.83,GOOD_SIGNAL,GOOD_SIGNAL,73.97,STRONG_SIGNAL,STRONG_SIGNAL,4.14,TIER_UPGRADE,ACTION_CHANGED,TIER_UPGRADE|ACTION_CHANGED,RESEARCH_ONLY challenger preview; production signal boards remain current_v1.
2025,1,,J.Ford,CLE,,RB,1.7440028912410797,12.520923025090582,35.41785895458914,2.79789570076376,,,,0.0,0.0,0.0,0.0,0.0,0.0,0.0,0.0,0.0,0.0,0.0,0.0,0.0,0.0,0.0,0.0,0.0,0.0,0.0,0.0,0.0,0.0,0.0,0.0,,,,,,,,,,,,,,MISSING,HIGH,MISSING,67,True,True,False,85.45,66.67,50.07,,,,35,55,65.7,69.73,GOOD_SIGNAL,2,0,0,5,projection strength: 85.5; usage foundation: 66.7,"Context V1: defense fit missing/low reliability for some players; game environment missing for some players; weather, route share, first-read share, and coverage are not sourced.",,NEEDS DATA,NEEDS DATA,NEEDS DATA,DATA_NEEDS_LIVE_CONTEXT,HISTORICAL TEST ONLY,NO-GO,GOOD_SIGNAL at 69.7. Main support: projection strength: 85.5; usage foundation: 66.7. Main caution: role and availability context: 35.0; missing signal count: 5.,GOOD_SIGNAL,projection strength: 85.5,usage foundation: 66.7,role and availability context: 35.0,missing signal count: 5,Medium,ROUTE_PROXY_UNVALIDATED|LOW_CURRENT_SAMPLE,Medium,ROUTE_PROXY_UNVALIDATED|LOW_CURRENT_SAMPLE,Medium,ROUTE_PROXY_UNVALIDATED|LOW_CURRENT_SAMPLE,Medium,ROUTE_PROXY_UNVALIDATED|LOW_CURRENT_SAMPLE,,,,,,,8,8,8,MISSING,MISSING,MISSING,Pre-target weekly player stats only.,,,,,No schedule game matched team/opponent.,,,,,,,,,,,,MISSING,MISSING,MISSING,LOW_RELIABILITY_DEFENSE_FIT: shrinkage applied to historical allowed stats.,"Context V1 uses pre-target weekly history, schedules.csv game lines where present, and shrinkage-adjusted defense allowed stats.",True,False,False,rushing,GOOD_SIGNAL at 69.7. Main support: projection strength: 85.5; usage foundation: 66.7. Main caution: role and availability context: 35.0; missing signal count: 5.,projection strength: 85.5; usage foundation: 66.7; data quality: 65.7,,,weather not sourced; live role/injury gates not ready; defense fit limited; game environment limited,data quality: 65.7,review context: Context V1: defense fit missing/low reliability for some players; game environment missing,Research-only driver summary. Limitations: weather not sourced; live role/injury gates not ready; defense fit limited; game environment limited,RESEARCH_ONLY,current_v1,projection_heavy,69.73,GOOD_SIGNAL,GOOD_SIGNAL,73.84,STRONG_SIGNAL,STRONG_SIGNAL,4.11,TIER_UPGRADE,ACTION_CHANGED,TIER_UPGRADE|ACTION_CHANGED,RESEARCH_ONLY challenger preview; production signal boards remain current_v1.
2025,1,,C.Edmonds,TB,,RB,1.1529130190312744,9.720905518048395,25.13447889897375,4.664885226620793,,,,0.0,0.0,0.0,0.0,0.0,0.0,0.0,0.0,0.0,0.0,0.0,0.0,0.0,0.0,0.0,0.0,0.0,0.0,0.0,0.0,0.0,0.0,0.0,0.0,,,,,,,,,,,,,,MISSING,HIGH,MISSING,67,True,True,False,85.25,66.67,50.07,,,,35,55,65.7,69.65,GOOD_SIGNAL,2,0,0,5,projection strength: 85.2; usage foundation: 66.7,"Context V1: defense fit missing/low reliability for some players; game environment missing for some players; weather, route share, first-read share, and coverage are not sourced.",,NEEDS DATA,NEEDS DATA,NEEDS DATA,DATA_NEEDS_LIVE_CONTEXT,HISTORICAL TEST ONLY,NO-GO,GOOD_SIGNAL at 69.7. Main support: projection strength: 85.2; usage foundation: 66.7. Main caution: role and availability context: 35.0; missing signal count: 5.,GOOD_SIGNAL,projection strength: 85.2,usage foundation: 66.7,role and availability context: 35.0,missing signal count: 5,Medium,ROUTE_PROXY_UNVALIDATED|LOW_CURRENT_SAMPLE,Medium,ROUTE_PROXY_UNVALIDATED|LOW_CURRENT_SAMPLE,Medium,ROUTE_PROXY_UNVALIDATED|LOW_CURRENT_SAMPLE,Medium,ROUTE_PROXY_UNVALIDATED|LOW_CURRENT_SAMPLE,,,,,,,8,8,8,MISSING,MISSING,MISSING,Pre-target weekly player stats only.,,,,,No schedule game matched team/opponent.,,,,,,,,,,,,MISSING,MISSING,MISSING,LOW_RELIABILITY_DEFENSE_FIT: shrinkage applied to historical allowed stats.,"Context V1 uses pre-target weekly history, schedules.csv game lines where present, and shrinkage-adjusted defense allowed stats.",True,False,False,rushing,GOOD_SIGNAL at 69.7. Main support: projection strength: 85.2; usage foundation: 66.7. Main caution: role and availability context: 35.0; missing signal count: 5.,projection strength: 85.2; usage foundation: 66.7; data quality: 65.7,,,weather not sourced; live role/injury gates not ready; defense fit limited; game environment limited,data quality: 65.7,review context: Context V1: defense fit missing/low reliability for some players; game environment missing,Research-only driver summary. Limitations: weather not sourced; live role/injury gates not ready; defense fit limited; game environment limited,RESEARCH_ONLY,current_v1,projection_heavy,69.65,GOOD_SIGNAL,GOOD_SIGNAL,73.73,STRONG_SIGNAL,STRONG_SIGNAL,4.08,TIER_UPGRADE,ACTION_CHANGED,TIER_UPGRADE|ACTION_CHANGED,RESEARCH_ONLY challenger preview; production signal boards remain current_v1.
2025,1,,E.Elliott,DAL,,RB,0.8997625969274131,6.781223339901646,24.08001906643652,4.6611898440587405,,,,0.0,0.0,0.0,0.0,0.0,0.0,0.0,0.0,0.0,0.0,0.0,0.0,0.0,0.0,0.0,0.0,0.0,0.0,0.0,0.0,0.0,0.0,0.0,0.0,,,,,,,,,,,,,,MISSING,HIGH,MISSING,67,True,True,False,84.84,66.67,50.07,,,,35,55,65.7,69.47,GOOD_SIGNAL,2,0,0,5,projection strength: 84.8; usage foundation: 66.7,"Context V1: defense fit missing/low reliability for some players; game environment missing for some players; weather, route share, first-read share, and coverage are not sourced.",,NEEDS DATA,NEEDS DATA,NEEDS DATA,DATA_NEEDS_LIVE_CONTEXT,HISTORICAL TEST ONLY,NO-GO,GOOD_SIGNAL at 69.5. Main support: projection strength: 84.8; usage foundation: 66.7. Main caution: role and availability context: 35.0; missing signal count: 5.,GOOD_SIGNAL,projection strength: 84.8,usage foundation: 66.7,role and availability context: 35.0,missing signal count: 5,Medium,ROUTE_PROXY_UNVALIDATED|LOW_CURRENT_SAMPLE,Medium,ROUTE_PROXY_UNVALIDATED|LOW_CURRENT_SAMPLE,Medium,ROUTE_PROXY_UNVALIDATED|LOW_CURRENT_SAMPLE,Medium,ROUTE_PROXY_UNVALIDATED|LOW_CURRENT_SAMPLE,,,,,,,8,8,8,MISSING,MISSING,MISSING,Pre-target weekly player stats only.,,,,,No schedule game matched team/opponent.,,,,,,,,,,,,MISSING,MISSING,MISSING,LOW_RELIABILITY_DEFENSE_FIT: shrinkage applied to historical allowed stats.,"Context V1 uses pre-target weekly history, schedules.csv game lines where present, and shrinkage-adjusted defense allowed stats.",True,False,False,rushing,GOOD_SIGNAL at 69.5. Main support: projection strength: 84.8; usage foundation: 66.7. Main caution: role and availability context: 35.0; missing signal count: 5.,projection strength: 84.8; usage foundation: 66.7; data quality: 65.7,,,weather not sourced; live role/injury gates not ready; defense fit limited; game environment limited,data quality: 65.7,review context: Context V1: defense fit missing/low reliability for some players; game environment missing,Research-only driver summary. Limitations: weather not sourced; live role/injury gates not ready; defense fit limited; game environment limited,RESEARCH_ONLY,current_v1,projection_heavy,69.47,GOOD_SIGNAL,GOOD_SIGNAL,73.49,STRONG_SIGNAL,STRONG_SIGNAL,4.02,TIER_UPGRADE,ACTION_CHANGED,TIER_UPGRADE|ACTION_CHANGED,RESEARCH_ONLY challenger preview; production signal boards remain current_v1.
2025,1,,M.Carter,ARI,,RB,1.8725436339957435,11.78345852542022,33.4125176256745,4.129961806588986,,,,0.0,0.0,0.0,0.0,0.0,0.0,0.0,0.0,0.0,0.0,0.0,0.0,0.0,0.0,0.0,0.0,0.0,0.0,0.0,0.0,0.0,0.0,0.0,0.0,,,,,,,,,,,,,,MISSING,HIGH,MISSING,67,True,True,False,84.7,66.67,50.07,,,,35,55,65.7,69.41,GOOD_SIGNAL,2,0,0,5,projection strength: 84.7; usage foundation: 66.7,"Context V1: defense fit missing/low reliability for some players; game environment missing for some players; weather, route share, first-read share, and coverage are not sourced.",,NEEDS DATA,NEEDS DATA,NEEDS DATA,DATA_NEEDS_LIVE_CONTEXT,HISTORICAL TEST ONLY,NO-GO,GOOD_SIGNAL at 69.4. Main support: projection strength: 84.7; usage foundation: 66.7. Main caution: role and availability context: 35.0; missing signal count: 5.,GOOD_SIGNAL,projection strength: 84.7,usage foundation: 66.7,role and availability context: 35.0,missing signal count: 5,Medium,ROUTE_PROXY_UNVALIDATED|LOW_CURRENT_SAMPLE,Medium,ROUTE_PROXY_UNVALIDATED|LOW_CURRENT_SAMPLE,Medium,ROUTE_PROXY_UNVALIDATED|LOW_CURRENT_SAMPLE,Medium,ROUTE_PROXY_UNVALIDATED|LOW_CURRENT_SAMPLE,,,,,,,8,8,8,MISSING,MISSING,MISSING,Pre-target weekly player stats only.,,,,,No schedule game matched team/opponent.,,,,,,,,,,,,MISSING,MISSING,MISSING,LOW_RELIABILITY_DEFENSE_FIT: shrinkage applied to historical allowed stats.,"Context V1 uses pre-target weekly history, schedules.csv game lines where present, and shrinkage-adjusted defense allowed stats.",True,False,False,rushing,GOOD_SIGNAL at 69.4. Main support: projection strength: 84.7; usage foundation: 66.7. Main caution: role and availability context: 35.0; missing signal count: 5.,projection strength: 84.7; usage foundation: 66.7; data quality: 65.7,,,weather not sourced; live role/injury gates not ready; defense fit limited; game environment limited,data quality: 65.7,review context: Context V1: defense fit missing/low reliability for some players; game environment missing,Research-only driver summary. Limitations: weather not sourced; live role/injury gates not ready; defense fit limited; game environment limited,RESEARCH_ONLY,current_v1,projection_heavy,69.41,GOOD_SIGNAL,GOOD_SIGNAL,73.4,STRONG_SIGNAL,STRONG_SIGNAL,3.99,TIER_UPGRADE,ACTION_CHANGED,TIER_UPGRADE|ACTION_CHANGED,RESEARCH_ONLY challenger preview; production signal boards remain current_v1.
2025,1,,T.Spears,TEN,,RB,1.5550082819977378,13.644134682171194,25.790134125214426,4.491145046843766,,,,0.0,0.0,0.0,0.0,0.0,0.0,0.0,0.0,0.0,0.0,0.0,0.0,0.0,0.0,0.0,0.0,0.0,0.0,0.0,0.0,0.0,0.0,0.0,0.0,,,,,,,,,,,,,,MISSING,HIGH,MISSING,67,True,True,False,84.02,66.67,50.07,,,,35,55,65.7,69.11,GOOD_SIGNAL,2,0,0,5,projection strength: 84.0; usage foundation: 66.7,"Context V1: defense fit missing/low reliability for some players; game environment missing for some players; weather, route share, first-read share, and coverage are not sourced.",,NEEDS DATA,NEEDS DATA,NEEDS DATA,DATA_NEEDS_LIVE_CONTEXT,HISTORICAL TEST ONLY,NO-GO,GOOD_SIGNAL at 69.1. Main support: projection strength: 84.0; usage foundation: 66.7. Main caution: role and availability context: 35.0; missing signal count: 5.,GOOD_SIGNAL,projection strength: 84.0,usage foundation: 66.7,role and availability context: 35.0,missing signal count: 5,Medium,ROUTE_PROXY_UNVALIDATED|LOW_CURRENT_SAMPLE,Medium,ROUTE_PROXY_UNVALIDATED|LOW_CURRENT_SAMPLE,Medium,ROUTE_PROXY_UNVALIDATED|LOW_CURRENT_SAMPLE,Medium,ROUTE_PROXY_UNVALIDATED|LOW_CURRENT_SAMPLE,,,,,,,8,8,8,MISSING,MISSING,MISSING,Pre-target weekly player stats only.,,,,,No schedule game matched team/opponent.,,,,,,,,,,,,MISSING,MISSING,MISSING,LOW_RELIABILITY_DEFENSE_FIT: shrinkage applied to historical allowed stats.,"Context V1 uses pre-target weekly history, schedules.csv game lines where present, and shrinkage-adjusted defense allowed stats.",True,False,False,rushing,GOOD_SIGNAL at 69.1. Main support: projection strength: 84.0; usage foundation: 66.7. Main caution: role and availability context: 35.0; missing signal count: 5.,projection strength: 84.0; usage foundation: 66.7; data quality: 65.7,,,weather not sourced; live role/injury gates not ready; defense fit limited; game environment limited,data quality: 65.7,review context: Context V1: defense fit missing/low reliability for some players; game environment missing,Research-only driver summary. Limitations: weather not sourced; live role/injury gates not ready; defense fit limited; game environment limited,RESEARCH_ONLY,current_v1,projection_heavy,69.11,GOOD_SIGNAL,GOOD_SIGNAL,73.0,STRONG_SIGNAL,STRONG_SIGNAL,3.89,TIER_UPGRADE,ACTION_CHANGED,TIER_UPGRADE|ACTION_CHANGED,RESEARCH_ONLY challenger preview; production signal boards remain current_v1.
2025,1,,A.Dillon,GB,,RB,0.8367366619891201,7.816428434312456,32.43949568078665,3.8039246828711777,,,,0.0,0.0,0.0,0.0,0.0,0.0,0.0,0.0,0.0,0.0,0.0,0.0,0.0,0.0,0.0,0.0,0.0,0.0,0.0,0.0,0.0,0.0,0.0,0.0,,,,,,,,,,,,,,MISSING,HIGH,MISSING,67,True,True,False,83.96,66.67,50.07,,,,35,55,65.7,69.08,GOOD_SIGNAL,2,0,0,5,projection strength: 84.0; usage foundation: 66.7,"Context V1: defense fit missing/low reliability for some players; game environment missing for some players; weather, route share, first-read share, and coverage are not sourced.",,NEEDS DATA,NEEDS DATA,NEEDS DATA,DATA_NEEDS_LIVE_CONTEXT,HISTORICAL TEST ONLY,NO-GO,GOOD_SIGNAL at 69.1. Main support: projection strength: 84.0; usage foundation: 66.7. Main caution: role and availability context: 35.0; missing signal count: 5.,GOOD_SIGNAL,projection strength: 84.0,usage foundation: 66.7,role and availability context: 35.0,missing signal count: 5,Medium,ROUTE_PROXY_UNVALIDATED|LOW_CURRENT_SAMPLE,Medium,ROUTE_PROXY_UNVALIDATED|LOW_CURRENT_SAMPLE,Medium,ROUTE_PROXY_UNVALIDATED|LOW_CURRENT_SAMPLE,Medium,ROUTE_PROXY_UNVALIDATED|LOW_CURRENT_SAMPLE,,,,,,,8,8,8,MISSING,MISSING,MISSING,Pre-target weekly player stats only.,,,,,No schedule game matched team/opponent.,,,,,,,,,,,,MISSING,MISSING,MISSING,LOW_RELIABILITY_DEFENSE_FIT: shrinkage applied to historical allowed stats.,"Context V1 uses pre-target weekly history, schedules.csv game lines where present, and shrinkage-adjusted defense allowed stats.",True,False,False,rushing,GOOD_SIGNAL at 69.1. Main support: projection strength: 84.0; usage foundation: 66.7. Main caution: role and availability context: 35.0; missing signal count: 5.,projection strength: 84.0; usage foundation: 66.7; data quality: 65.7,,,weather not sourced; live role/injury gates not ready; defense fit limited; game environment limited,data quality: 65.7,review context: Context V1: defense fit missing/low reliability for some players; game environment missing,Research-only driver summary. Limitations: weather not sourced; live role/injury gates not ready; defense fit limited; game environment limited,RESEARCH_ONLY,current_v1,projection_heavy,69.08,GOOD_SIGNAL,GOOD_SIGNAL,72.97,STRONG_SIGNAL,STRONG_SIGNAL,3.89,TIER_UPGRADE,ACTION_CHANGED,TIER_UPGRADE|ACTION_CHANGED,RESEARCH_ONLY challenger preview; production signal boards remain current_v1.
2025,1,,J.Burrow,CIN,PIT,QB,,,12.668783544540773,1.689558026367739,26.284503997069507,17.307441183790203,,0.0,0.0,0.0,0.0,0.0,0.0,0.0,0.0,0.0,0.0,0.0,0.0,0.0,0.0,0.0,0.0,0.0,0.0,0.0,0.0,0.0,0.0,0.0,0.0,,,,,,,,,,,,,,MISSING,HIGH,MISSING,67,False,True,True,83.78,66.67,50.07,,,,35,55,65.7,69.0,GOOD_SIGNAL,2,0,0,5,projection strength: 83.8; usage foundation: 66.7,"Context V1: defense fit missing/low reliability for some players; game environment missing for some players; weather, route share, first-read share, and coverage are not sourced.",,NEEDS DATA,NEEDS DATA,NEEDS DATA,DATA_NEEDS_LIVE_CONTEXT,HISTORICAL TEST ONLY,NO-GO,GOOD_SIGNAL at 69.0. Main support: projection strength: 83.8; usage foundation: 66.7. Main caution: role and availability context: 35.0; missing signal count: 5.,GOOD_SIGNAL,projection strength: 83.8,usage foundation: 66.7,role and availability context: 35.0,missing signal count: 5,,,,,Medium,ROUTE_PROXY_UNVALIDATED|LOW_CURRENT_SAMPLE|LOW_PLAYER_SAMPLE,Medium,ROUTE_PROXY_UNVALIDATED|LOW_CURRENT_SAMPLE|LOW_PLAYER_SAMPLE,Medium,ROUTE_PROXY_UNVALIDATED|LOW_CURRENT_SAMPLE|LOW_PLAYER_SAMPLE,Medium,ROUTE_PROXY_UNVALIDATED|LOW_CURRENT_SAMPLE|LOW_PLAYER_SAMPLE,,,8,8,8,MISSING,MISSING,MISSING,Pre-target weekly player stats only.,,,,,No schedule game matched team/opponent.,,,,,,,,,,,,MISSING,MISSING,MISSING,LOW_RELIABILITY_DEFENSE_FIT: shrinkage applied to historical allowed stats.,"Context V1 uses pre-target weekly history, schedules.csv game lines where present, and shrinkage-adjusted defense allowed stats.",True,False,False,rushing,GOOD_SIGNAL at 69.0. Main support: projection strength: 83.8; usage foundation: 66.7. Main caution: role and availability context: 35.0; missing signal count: 5.,projection strength: 83.8; usage foundation: 66.7; data quality: 65.7,,,weather not sourced; live role/injury gates not ready; defense fit limited; game environment limited,data quality: 65.7,review context: Context V1: defense fit missing/low reliability for some players; game environment missing,Research-only driver summary. Limitations: weather not sourced; live role/injury gates not ready; defense fit limited; game environment limited,RESEARCH_ONLY,current_v1,projection_heavy,69.0,GOOD_SIGNAL,GOOD_SIGNAL,72.86,STRONG_SIGNAL,STRONG_SIGNAL,3.86,TIER_UPGRADE,ACTION_CHANGED,TIER_UPGRADE|ACTION_CHANGED,RESEARCH_ONLY challenger preview; production signal boards remain current_v1.
2025,1,,L.Fournette,BUF,,RB,0.6324827411137246,,26.8008670732614,4.411177281424672,,,,0.0,0.0,0.0,0.0,0.0,0.0,0.0,0.0,0.0,0.0,0.0,0.0,0.0,0.0,0.0,0.0,0.0,0.0,0.0,0.0,0.0,0.0,0.0,0.0,,,,,,,,,,,,,,MISSING,HIGH,MISSING,67,True,True,False,83.61,66.67,50.07,,,,35,55,65.7,68.93,GOOD_SIGNAL,2,0,0,5,projection strength: 83.6; usage foundation: 66.7,"Context V1: defense fit missing/low reliability for some players; game environment missing for some players; weather, route share, first-read share, and coverage are not sourced.",,NEEDS DATA,NEEDS DATA,NEEDS DATA,DATA_NEEDS_LIVE_CONTEXT,HISTORICAL TEST ONLY,NO-GO,GOOD_SIGNAL at 68.9. Main support: projection strength: 83.6; usage foundation: 66.7. Main caution: role and availability context: 35.0; missing signal count: 5.,GOOD_SIGNAL,projection strength: 83.6,usage foundation: 66.7,role and availability context: 35.0,missing signal count: 5,Medium,ROUTE_PROXY_UNVALIDATED|LOW_CURRENT_SAMPLE|LOW_PLAYER_SAMPLE,,,Medium,ROUTE_PROXY_UNVALIDATED|LOW_CURRENT_SAMPLE|LOW_PLAYER_SAMPLE|LOW_RUSH_SAMPLE,Medium,ROUTE_PROXY_UNVALIDATED|LOW_CURRENT_SAMPLE|LOW_PLAYER_SAMPLE|LOW_RUSH_SAMPLE|LOW_CARRY_SAMPLE,,,,,,,8,8,8,MISSING,MISSING,MISSING,Pre-target weekly player stats only.,,,,,No schedule game matched team/opponent.,,,,,,,,,,,,MISSING,MISSING,MISSING,LOW_RELIABILITY_DEFENSE_FIT: shrinkage applied to historical allowed stats.,"Context V1 uses pre-target weekly history, schedules.csv game lines where present, and shrinkage-adjusted defense allowed stats.",True,False,False,rushing,GOOD_SIGNAL at 68.9. Main support: projection strength: 83.6; usage foundation: 66.7. Main caution: role and availability context: 35.0; missing signal count: 5.,projection strength: 83.6; usage foundation: 66.7; data quality: 65.7,,,weather not sourced; live role/injury gates not ready; defense fit limited; game environment limited,data quality: 65.7,review context: Context V1: defense fit missing/low reliability for some players; game environment missing,Research-only driver summary. Limitations: weather not sourced; live role/injury gates not ready; defense fit limited; game environment limited,RESEARCH_ONLY,current_v1,projection_heavy,68.93,GOOD_SIGNAL,GOOD_SIGNAL,72.76,STRONG_SIGNAL,STRONG_SIGNAL,3.83,TIER_UPGRADE,ACTION_CHANGED,TIER_UPGRADE|ACTION_CHANGED,RESEARCH_ONLY challenger preview; production signal boards remain current_v1.
2025,1,,G.Edwards,LAC,,RB,0.8781802137591852,5.37065676795106,32.22459708844039,4.3700167874146985,,,,0.0,0.0,0.0,0.0,0.0,0.0,0.0,0.0,0.0,0.0,0.0,0.0,0.0,0.0,0.0,0.0,0.0,0.0,0.0,0.0,0.0,0.0,0.0,0.0,,,,,,,,,,,,,,MISSING,HIGH,MISSING,67,True,True,False,83.21,66.67,50.07,,,,35,55,65.7,68.75,GOOD_SIGNAL,2,0,0,5,projection strength: 83.2; usage foundation: 66.7,"Context V1: defense fit missing/low reliability for some players; game environment missing for some players; weather, route share, first-read share, and coverage are not sourced.",,NEEDS DATA,NEEDS DATA,NEEDS DATA,DATA_NEEDS_LIVE_CONTEXT,HISTORICAL TEST ONLY,NO-GO,GOOD_SIGNAL at 68.8. Main support: projection strength: 83.2; usage foundation: 66.7. Main caution: role and availability context: 35.0; missing signal count: 5.,GOOD_SIGNAL,projection strength: 83.2,usage foundation: 66.7,role and availability context: 35.0,missing signal count: 5,Medium,ROUTE_PROXY_UNVALIDATED|LOW_CURRENT_SAMPLE,Medium,ROUTE_PROXY_UNVALIDATED|LOW_CURRENT_SAMPLE,Medium,ROUTE_PROXY_UNVALIDATED|LOW_CURRENT_SAMPLE,Medium,ROUTE_PROXY_UNVALIDATED|LOW_CURRENT_SAMPLE,,,,,,,8,8,8,MISSING,MISSING,MISSING,Pre-target weekly player stats only.,,,,,No schedule game matched team/opponent.,,,,,,,,,,,,MISSING,MISSING,MISSING,LOW_RELIABILITY_DEFENSE_FIT: shrinkage applied to historical allowed stats.,"Context V1 uses pre-target weekly history, schedules.csv game lines where present, and shrinkage-adjusted defense allowed stats.",True,False,False,rushing,GOOD_SIGNAL at 68.8. Main support: projection strength: 83.2; usage foundation: 66.7. Main caution: role and availability context: 35.0; missing signal count: 5.,projection strength: 83.2; usage foundation: 66.7; data quality: 65.7,,,weather not sourced; live role/injury gates not ready; defense fit limited; game environment limited,data quality: 65.7,review context: Context V1: defense fit missing/low reliability for some players; game environment missing,Research-only driver summary. Limitations: weather not sourced; live role/injury gates not ready; defense fit limited; game environment limited,RESEARCH_ONLY,current_v1,projection_heavy,68.75,GOOD_SIGNAL,GOOD_SIGNAL,72.53,STRONG_SIGNAL,STRONG_SIGNAL,3.78,TIER_UPGRADE,ACTION_CHANGED,TIER_UPGRADE|ACTION_CHANGED,RESEARCH_ONLY challenger preview; production signal boards remain current_v1.
2025,1,,J.Funk,IND,,RB,0.918496049486286,8.985581175961983,25.49584928200112,4.410275583071406,,,,0.0,0.0,0.0,0.0,0.0,0.0,0.0,0.0,0.0,0.0,0.0,0.0,0.0,0.0,0.0,0.0,0.0,0.0,0.0,0.0,0.0,0.0,0.0,0.0,,,,,,,,,,,,,,MISSING,HIGH,MISSING,67,True,True,False,83.2,66.67,50.07,,,,35,55,65.7,68.75,GOOD_SIGNAL,2,0,0,5,projection strength: 83.2; usage foundation: 66.7,"Context V1: defense fit missing/low reliability for some players; game environment missing for some players; weather, route share, first-read share, and coverage are not sourced.",,NEEDS DATA,NEEDS DATA,NEEDS DATA,DATA_NEEDS_LIVE_CONTEXT,HISTORICAL TEST ONLY,NO-GO,GOOD_SIGNAL at 68.8. Main support: projection strength: 83.2; usage foundation: 66.7. Main caution: role and availability context: 35.0; missing signal count: 5.,GOOD_SIGNAL,projection strength: 83.2,usage foundation: 66.7,role and availability context: 35.0,missing signal count: 5,Medium,ROUTE_PROXY_UNVALIDATED|LOW_CURRENT_SAMPLE|LOW_PLAYER_SAMPLE,Medium,ROUTE_PROXY_UNVALIDATED|LOW_CURRENT_SAMPLE|LOW_PLAYER_SAMPLE|LOW_YARDAGE_SAMPLE,Medium,ROUTE_PROXY_UNVALIDATED|LOW_CURRENT_SAMPLE|LOW_PLAYER_SAMPLE|LOW_RUSH_SAMPLE,Medium,ROUTE_PROXY_UNVALIDATED|LOW_CURRENT_SAMPLE|LOW_PLAYER_SAMPLE|LOW_RUSH_SAMPLE|LOW_CARRY_SAMPLE,,,,,,,8,8,8,MISSING,MISSING,MISSING,Pre-target weekly player stats only.,,,,,No schedule game matched team/opponent.,,,,,,,,,,,,MISSING,MISSING,MISSING,LOW_RELIABILITY_DEFENSE_FIT: shrinkage applied to historical allowed stats.,"Context V1 uses pre-target weekly history, schedules.csv game lines where present, and shrinkage-adjusted defense allowed stats.",True,False,False,rushing,GOOD_SIGNAL at 68.8. Main support: projection strength: 83.2; usage foundation: 66.7. Main caution: role and availability context: 35.0; missing signal count: 5.,projection strength: 83.2; usage foundation: 66.7; data quality: 65.7,,,weather not sourced; live role/injury gates not ready; defense fit limited; game environment limited,data quality: 65.7,review context: Context V1: defense fit missing/low reliability for some players; game environment missing,Research-only driver summary. Limitations: weather not sourced; live role/injury gates not ready; defense fit limited; game environment limited,RESEARCH_ONLY,current_v1,projection_heavy,68.75,GOOD_SIGNAL,GOOD_SIGNAL,72.52,STRONG_SIGNAL,STRONG_SIGNAL,3.77,TIER_UPGRADE,ACTION_CHANGED,TIER_UPGRADE|ACTION_CHANGED,RESEARCH_ONLY challenger preview; production signal boards remain current_v1.
2025,1,,L.Perine,KC,,RB,0.9464645434610474,9.035043619435957,31.74314282417636,2.667228767216641,,,,0.0,0.0,0.0,0.0,0.0,0.0,0.0,0.0,0.0,0.0,0.0,0.0,0.0,0.0,0.0,0.0,0.0,0.0,0.0,0.0,0.0,0.0,0.0,0.0,,,,,,,,,,,,,,MISSING,HIGH,MISSING,67,True,True,False,82.46,66.67,50.07,,,,35,55,65.7,68.43,GOOD_SIGNAL,2,0,0,5,projection strength: 82.5; usage foundation: 66.7,"Context V1: defense fit missing/low reliability for some players; game environment missing for some players; weather, route share, first-read share, and coverage are not sourced.",,NEEDS DATA,NEEDS DATA,NEEDS DATA,DATA_NEEDS_LIVE_CONTEXT,HISTORICAL TEST ONLY,NO-GO,GOOD_SIGNAL at 68.4. Main support: projection strength: 82.5; usage foundation: 66.7. Main caution: role and availability context: 35.0; missing signal count: 5.,GOOD_SIGNAL,projection strength: 82.5,usage foundation: 66.7,role and availability context: 35.0,missing signal count: 5,Medium,ROUTE_PROXY_UNVALIDATED|LOW_CURRENT_SAMPLE|LOW_PLAYER_SAMPLE,Medium,ROUTE_PROXY_UNVALIDATED|LOW_CURRENT_SAMPLE|LOW_PLAYER_SAMPLE|LOW_YARDAGE_SAMPLE,Medium,ROUTE_PROXY_UNVALIDATED|LOW_CURRENT_SAMPLE|LOW_PLAYER_SAMPLE,Medium,ROUTE_PROXY_UNVALIDATED|LOW_CURRENT_SAMPLE|LOW_PLAYER_SAMPLE,,,,,,,8,8,8,MISSING,MISSING,MISSING,Pre-target weekly player stats only.,,,,,No schedule game matched team/opponent.,,,,,,,,,,,,MISSING,MISSING,MISSING,LOW_RELIABILITY_DEFENSE_FIT: shrinkage applied to historical allowed stats.,"Context V1 uses pre-target weekly history, schedules.csv game lines where present, and shrinkage-adjusted defense allowed stats.",True,False,False,rushing,GOOD_SIGNAL at 68.4. Main support: projection strength: 82.5; usage foundation: 66.7. Main caution: role and availability context: 35.0; missing signal count: 5.,projection strength: 82.5; usage foundation: 66.7; data quality: 65.7,,,weather not sourced; live role/injury gates not ready; defense fit limited; game environment limited,data quality: 65.7,review context: Context V1: defense fit missing/low reliability for some players; game environment missing,Research-only driver summary. Limitations: weather not sourced; live role/injury gates not ready; defense fit limited; game environment limited,RESEARCH_ONLY,current_v1,projection_heavy,68.43,GOOD_SIGNAL,GOOD_SIGNAL,72.09,STRONG_SIGNAL,STRONG_SIGNAL,3.66,TIER_UPGRADE,ACTION_CHANGED,TIER_UPGRADE|ACTION_CHANGED,RESEARCH_ONLY challenger preview; production signal boards remain current_v1.
2025,1,,Z.Charbonnet,SEA,,RB,1.2725377877071482,11.55968427643497,30.029958701732657,4.277682911698478,,,,0.0,0.0,0.0,0.0,0.0,0.0,0.0,0.0,0.0,0.0,0.0,0.0,0.0,0.0,0.0,0.0,0.0,0.0,0.0,0.0,0.0,0.0,0.0,0.0,,,,,,,,,,,,,,MISSING,HIGH,MISSING,67,True,True,False,82.38,66.67,50.07,,,,35,55,65.7,68.39,GOOD_SIGNAL,2,0,0,5,projection strength: 82.4; usage foundation: 66.7,"Context V1: defense fit missing/low reliability for some players; game environment missing for some players; weather, route share, first-read share, and coverage are not sourced.",,NEEDS DATA,NEEDS DATA,NEEDS DATA,DATA_NEEDS_LIVE_CONTEXT,HISTORICAL TEST ONLY,NO-GO,GOOD_SIGNAL at 68.4. Main support: projection strength: 82.4; usage foundation: 66.7. Main caution: role and availability context: 35.0; missing signal count: 5.,GOOD_SIGNAL,projection strength: 82.4,usage foundation: 66.7,role and availability context: 35.0,missing signal count: 5,Medium,ROUTE_PROXY_UNVALIDATED|LOW_CURRENT_SAMPLE,Medium,ROUTE_PROXY_UNVALIDATED|LOW_CURRENT_SAMPLE,Medium,ROUTE_PROXY_UNVALIDATED|LOW_CURRENT_SAMPLE,Medium,ROUTE_PROXY_UNVALIDATED|LOW_CURRENT_SAMPLE,,,,,,,8,8,8,MISSING,MISSING,MISSING,Pre-target weekly player stats only.,,,,,No schedule game matched team/opponent.,,,,,,,,,,,,MISSING,MISSING,MISSING,LOW_RELIABILITY_DEFENSE_FIT: shrinkage applied to historical allowed stats.,"Context V1 uses pre-target weekly history, schedules.csv game lines where present, and shrinkage-adjusted defense allowed stats.",True,False,False,rushing,GOOD_SIGNAL at 68.4. Main support: projection strength: 82.4; usage foundation: 66.7. Main caution: role and availability context: 35.0; missing signal count: 5.,projection strength: 82.4; usage foundation: 66.7; data quality: 65.7,,,weather not sourced; live role/injury gates not ready; defense fit limited; game environment limited,data quality: 65.7,review context: Context V1: defense fit missing/low reliability for some players; game environment missing,Research-only driver summary. Limitations: weather not sourced; live role/injury gates not ready; defense fit limited; game environment limited,RESEARCH_ONLY,current_v1,projection_heavy,68.39,GOOD_SIGNAL,GOOD_SIGNAL,72.04,STRONG_SIGNAL,STRONG_SIGNAL,3.65,TIER_UPGRADE,ACTION_CHANGED,TIER_UPGRADE|ACTION_CHANGED,RESEARCH_ONLY challenger preview; production signal boards remain current_v1.
2025,1,,J.Warren,PIT,,RB,1.871399943004425,13.800936770121066,31.291496900119217,3.6851832719553386,,,,0.0,0.0,0.0,0.0,0.0,0.0,0.0,0.0,0.0,0.0,0.0,0.0,0.0,0.0,0.0,0.0,0.0,0.0,0.0,0.0,0.0,0.0,0.0,0.0,,,,,,,,,,,,,,MISSING,HIGH,MISSING,67,True,True,False,82.09,66.67,50.07,,,,35,55,65.7,68.26,GOOD_SIGNAL,2,0,0,5,projection strength: 82.1; usage foundation: 66.7,"Context V1: defense fit missing/low reliability for some players; game environment missing for some players; weather, route share, first-read share, and coverage are not sourced.",,NEEDS DATA,NEEDS DATA,NEEDS DATA,DATA_NEEDS_LIVE_CONTEXT,HISTORICAL TEST ONLY,NO-GO,GOOD_SIGNAL at 68.3. Main support: projection strength: 82.1; usage foundation: 66.7. Main caution: role and availability context: 35.0; missing signal count: 5.,GOOD_SIGNAL,projection strength: 82.1,usage foundation: 66.7,role and availability context: 35.0,missing signal count: 5,Medium,ROUTE_PROXY_UNVALIDATED|LOW_CURRENT_SAMPLE,Medium,ROUTE_PROXY_UNVALIDATED|LOW_CURRENT_SAMPLE,Medium,ROUTE_PROXY_UNVALIDATED|LOW_CURRENT_SAMPLE,Medium,ROUTE_PROXY_UNVALIDATED|LOW_CURRENT_SAMPLE,,,,,,,8,8,8,MISSING,MISSING,MISSING,Pre-target weekly player stats only.,,,,,No schedule game matched team/opponent.,,,,,,,,,,,,MISSING,MISSING,MISSING,LOW_RELIABILITY_DEFENSE_FIT: shrinkage applied to historical allowed stats.,"Context V1 uses pre-target weekly history, schedules.csv game lines where present, and shrinkage-adjusted defense allowed stats.",True,False,False,rushing,GOOD_SIGNAL at 68.3. Main support: projection strength: 82.1; usage foundation: 66.7. Main caution: role and availability context: 35.0; missing signal count: 5.,projection strength: 82.1; usage foundation: 66.7; data quality: 65.7,,,weather not sourced; live role/injury gates not ready; defense fit limited; game environment limited,data quality: 65.7,review context: Context V1: defense fit missing/low reliability for some players; game environment missing,Research-only driver summary. Limitations: weather not sourced; live role/injury gates not ready; defense fit limited; game environment limited,RESEARCH_ONLY,current_v1,projection_heavy,68.26,GOOD_SIGNAL,GOOD_SIGNAL,71.87,GOOD_SIGNAL,GOOD_SIGNAL,3.61,NO_TIER_CHANGE,NO_ACTION_CHANGE,NO_MEANINGFUL_CHANGE,RESEARCH_ONLY challenger preview; production signal boards remain current_v1.
2025,1,,E.Hull,IND,,RB,0.918496049486286,7.68041587120814,21.90777916918319,4.23401452422043,,,,0.0,0.0,0.0,0.0,0.0,0.0,0.0,0.0,0.0,0.0,0.0,0.0,0.0,0.0,0.0,0.0,0.0,0.0,0.0,0.0,0.0,0.0,0.0,0.0,,,,,,,,,,,,,,MISSING,HIGH,MISSING,67,True,True,False,81.97,66.67,50.07,,,,35,55,65.7,68.21,GOOD_SIGNAL,2,0,0,5,projection strength: 82.0; usage foundation: 66.7,"Context V1: defense fit missing/low reliability for some players; game environment missing for some players; weather, route share, first-read share, and coverage are not sourced.",,NEEDS DATA,NEEDS DATA,NEEDS DATA,DATA_NEEDS_LIVE_CONTEXT,HISTORICAL TEST ONLY,NO-GO,GOOD_SIGNAL at 68.2. Main support: projection strength: 82.0; usage foundation: 66.7. Main caution: role and availability context: 35.0; missing signal count: 5.,GOOD_SIGNAL,projection strength: 82.0,usage foundation: 66.7,role and availability context: 35.0,missing signal count: 5,Medium,ROUTE_PROXY_UNVALIDATED|LOW_CURRENT_SAMPLE|LOW_PLAYER_SAMPLE,Medium,ROUTE_PROXY_UNVALIDATED|LOW_CURRENT_SAMPLE|LOW_PLAYER_SAMPLE|LOW_YARDAGE_SAMPLE,Medium,ROUTE_PROXY_UNVALIDATED|LOW_CURRENT_SAMPLE|LOW_PLAYER_SAMPLE|LOW_RUSH_SAMPLE,Medium,ROUTE_PROXY_UNVALIDATED|LOW_CURRENT_SAMPLE|LOW_PLAYER_SAMPLE|LOW_RUSH_SAMPLE|LOW_CARRY_SAMPLE,,,,,,,8,8,8,MISSING,MISSING,MISSING,Pre-target weekly player stats only.,,,,,No schedule game matched team/opponent.,,,,,,,,,,,,MISSING,MISSING,MISSING,LOW_RELIABILITY_DEFENSE_FIT: shrinkage applied to historical allowed stats.,"Context V1 uses pre-target weekly history, schedules.csv game lines where present, and shrinkage-adjusted defense allowed stats.",True,False,False,rushing,GOOD_SIGNAL at 68.2. Main support: projection strength: 82.0; usage foundation: 66.7. Main caution: role and availability context: 35.0; missing signal count: 5.,projection strength: 82.0; usage foundation: 66.7; data quality: 65.7,,,weather not sourced; live role/injury gates not ready; defense fit limited; game environment limited,data quality: 65.7,review context: Context V1: defense fit missing/low reliability for some players; game environment missing,Research-only driver summary. Limitations: weather not sourced; live role/injury gates not ready; defense fit limited; game environment limited,RESEARCH_ONLY,current_v1,projection_heavy,68.21,GOOD_SIGNAL,GOOD_SIGNAL,71.8,GOOD_SIGNAL,GOOD_SIGNAL,3.59,NO_TIER_CHANGE,NO_ACTION_CHANGE,NO_MEANINGFUL_CHANGE,RESEARCH_ONLY challenger preview; production signal boards remain current_v1.
2025,1,,A.Mattison,LV,,RB,1.7836402480484266,13.614165256352273,30.989824968496617,3.826656695686112,,,,0.0,0.0,0.0,0.0,0.0,0.0,0.0,0.0,0.0,0.0,0.0,0.0,0.0,0.0,0.0,0.0,0.0,0.0,0.0,0.0,0.0,0.0,0.0,0.0,,,,,,,,,,,,,,MISSING,HIGH,MISSING,67,True,True,False,81.72,66.67,50.07,,,,35,55,65.7,68.1,GOOD_SIGNAL,2,0,0,5,projection strength: 81.7; usage foundation: 66.7,"Context V1: defense fit missing/low reliability for some players; game environment missing for some players; weather, route share, first-read share, and coverage are not sourced.",,NEEDS DATA,NEEDS DATA,NEEDS DATA,DATA_NEEDS_LIVE_CONTEXT,HISTORICAL TEST ONLY,NO-GO,GOOD_SIGNAL at 68.1. Main support: projection strength: 81.7; usage foundation: 66.7. Main caution: role and availability context: 35.0; missing signal count: 5.,GOOD_SIGNAL,projection strength: 81.7,usage foundation: 66.7,role and availability context: 35.0,missing signal count: 5,Medium,ROUTE_PROXY_UNVALIDATED|LOW_CURRENT_SAMPLE,Medium,ROUTE_PROXY_UNVALIDATED|LOW_CURRENT_SAMPLE,Medium,ROUTE_PROXY_UNVALIDATED|LOW_CURRENT_SAMPLE,Medium,ROUTE_PROXY_UNVALIDATED|LOW_CURRENT_SAMPLE,,,,,,,8,8,8,MISSING,MISSING,MISSING,Pre-target weekly player stats only.,,,,,No schedule game matched team/opponent.,,,,,,,,,,,,MISSING,MISSING,MISSING,LOW_RELIABILITY_DEFENSE_FIT: shrinkage applied to historical allowed stats.,"Context V1 uses pre-target weekly history, schedules.csv game lines where present, and shrinkage-adjusted defense allowed stats.",True,False,False,rushing,GOOD_SIGNAL at 68.1. Main support: projection strength: 81.7; usage foundation: 66.7. Main caution: role and availability context: 35.0; missing signal count: 5.,projection strength: 81.7; usage foundation: 66.7; data quality: 65.7,,,weather not sourced; live role/injury gates not ready; defense fit limited; game environment limited,data quality: 65.7,review context: Context V1: defense fit missing/low reliability for some players; game environment missing,Research-only driver summary. Limitations: weather not sourced; live role/injury gates not ready; defense fit limited; game environment limited,RESEARCH_ONLY,current_v1,projection_heavy,68.1,GOOD_SIGNAL,GOOD_SIGNAL,71.65,GOOD_SIGNAL,GOOD_SIGNAL,3.55,NO_TIER_CHANGE,NO_ACTION_CHANGE,NO_MEANINGFUL_CHANGE,RESEARCH_ONLY challenger preview; production signal boards remain current_v1.
2025,1,,L.Murray,BUF,,RB,0.8583179691377899,7.426684474407774,26.287095418617124,4.205532823578348,,,,0.0,0.0,0.0,0.0,0.0,0.0,0.0,0.0,0.0,0.0,0.0,0.0,0.0,0.0,0.0,0.0,0.0,0.0,0.0,0.0,0.0,0.0,0.0,0.0,,,,,,,,,,,,,,MISSING,HIGH,MISSING,67,True,True,False,81.56,66.67,50.07,,,,35,55,65.7,68.03,GOOD_SIGNAL,2,0,0,5,projection strength: 81.6; usage foundation: 66.7,"Context V1: defense fit missing/low reliability for some players; game environment missing for some players; weather, route share, first-read share, and coverage are not sourced.",,NEEDS DATA,NEEDS DATA,NEEDS DATA,DATA_NEEDS_LIVE_CONTEXT,HISTORICAL TEST ONLY,NO-GO,GOOD_SIGNAL at 68.0. Main support: projection strength: 81.6; usage foundation: 66.7. Main caution: role and availability context: 35.0; missing signal count: 5.,GOOD_SIGNAL,projection strength: 81.6,usage foundation: 66.7,role and availability context: 35.0,missing signal count: 5,Medium,ROUTE_PROXY_UNVALIDATED|LOW_CURRENT_SAMPLE,Medium,ROUTE_PROXY_UNVALIDATED|LOW_CURRENT_SAMPLE,Medium,ROUTE_PROXY_UNVALIDATED|LOW_CURRENT_SAMPLE,Medium,ROUTE_PROXY_UNVALIDATED|LOW_CURRENT_SAMPLE,,,,,,,8,8,8,MISSING,MISSING,MISSING,Pre-target weekly player stats only.,,,,,No schedule game matched team/opponent.,,,,,,,,,,,,MISSING,MISSING,MISSING,LOW_RELIABILITY_DEFENSE_FIT: shrinkage applied to historical allowed stats.,"Context V1 uses pre-target weekly history, schedules.csv game lines where present, and shrinkage-adjusted defense allowed stats.",True,False,False,rushing,GOOD_SIGNAL at 68.0. Main support: projection strength: 81.6; usage foundation: 66.7. Main caution: role and availability context: 35.0; missing signal count: 5.,projection strength: 81.6; usage foundation: 66.7; data quality: 65.7,,,weather not sourced; live role/injury gates not ready; defense fit limited; game environment limited,data quality: 65.7,review context: Context V1: defense fit missing/low reliability for some players; game environment missing,Research-only driver summary. Limitations: weather not sourced; live role/injury gates not ready; defense fit limited; game environment limited,RESEARCH_ONLY,current_v1,projection_heavy,68.03,GOOD_SIGNAL,GOOD_SIGNAL,71.56,GOOD_SIGNAL,GOOD_SIGNAL,3.53,NO_TIER_CHANGE,NO_ACTION_CHANGE,NO_MEANINGFUL_CHANGE,RESEARCH_ONLY challenger preview; production signal boards remain current_v1.
2025,1,,J.McLaughlin,DEN,,RB,1.226975751153154,6.938131968503254,27.000857895142293,4.163391355370579,,,,0.0,0.0,0.0,0.0,0.0,0.0,0.0,0.0,0.0,0.0,0.0,0.0,0.0,0.0,0.0,0.0,0.0,0.0,0.0,0.0,0.0,0.0,0.0,0.0,,,,,,,,,,,,,,MISSING,HIGH,MISSING,67,True,True,False,81.15,66.67,50.07,,,,35,55,65.7,67.85,GOOD_SIGNAL,2,0,0,5,projection strength: 81.2; usage foundation: 66.7,"Context V1: defense fit missing/low reliability for some players; game environment missing for some players; weather, route share, first-read share, and coverage are not sourced.",,NEEDS DATA,NEEDS DATA,NEEDS DATA,DATA_NEEDS_LIVE_CONTEXT,HISTORICAL TEST ONLY,NO-GO,GOOD_SIGNAL at 67.8. Main support: projection strength: 81.2; usage foundation: 66.7. Main caution: role and availability context: 35.0; missing signal count: 5.,GOOD_SIGNAL,projection strength: 81.2,usage foundation: 66.7,role and availability context: 35.0,missing signal count: 5,Medium,ROUTE_PROXY_UNVALIDATED|LOW_CURRENT_SAMPLE,Medium,ROUTE_PROXY_UNVALIDATED|LOW_CURRENT_SAMPLE,Medium,ROUTE_PROXY_UNVALIDATED|LOW_CURRENT_SAMPLE,Medium,ROUTE_PROXY_UNVALIDATED|LOW_CURRENT_SAMPLE,,,,,,,8,8,8,MISSING,MISSING,MISSING,Pre-target weekly player stats only.,,,,,No schedule game matched team/opponent.,,,,,,,,,,,,MISSING,MISSING,MISSING,LOW_RELIABILITY_DEFENSE_FIT: shrinkage applied to historical allowed stats.,"Context V1 uses pre-target weekly history, schedules.csv game lines where present, and shrinkage-adjusted defense allowed stats.",True,False,False,rushing,GOOD_SIGNAL at 67.8. Main support: projection strength: 81.2; usage foundation: 66.7. Main caution: role and availability context: 35.0; missing signal count: 5.,projection strength: 81.2; usage foundation: 66.7; data quality: 65.7,,,weather not sourced; live role/injury gates not ready; defense fit limited; game environment limited,data quality: 65.7,review context: Context V1: defense fit missing/low reliability for some players; game environment missing,Research-only driver summary. Limitations: weather not sourced; live role/injury gates not ready; defense fit limited; game environment limited,RESEARCH_ONLY,current_v1,projection_heavy,67.85,GOOD_SIGNAL,GOOD_SIGNAL,71.31,GOOD_SIGNAL,GOOD_SIGNAL,3.46,NO_TIER_CHANGE,NO_ACTION_CHANGE,NO_MEANINGFUL_CHANGE,RESEARCH_ONLY challenger preview; production signal boards remain current_v1.
2025,1,,D.Singletary,NYG,,RB,1.1070389196178942,8.322030960906226,30.701811072684126,2.917020461671057,,,,0.0,0.0,0.0,0.0,0.0,0.0,0.0,0.0,0.0,0.0,0.0,0.0,0.0,0.0,0.0,0.0,0.0,0.0,0.0,0.0,0.0,0.0,0.0,0.0,,,,,,,,,,,,,,MISSING,HIGH,MISSING,67,True,True,False,80.97,66.67,50.07,,,,35,55,65.7,67.77,GOOD_SIGNAL,2,0,0,5,projection strength: 81.0; usage foundation: 66.7,"Context V1: defense fit missing/low reliability for some players; game environment missing for some players; weather, route share, first-read share, and coverage are not sourced.",,NEEDS DATA,NEEDS DATA,NEEDS DATA,DATA_NEEDS_LIVE_CONTEXT,HISTORICAL TEST ONLY,NO-GO,GOOD_SIGNAL at 67.8. Main support: projection strength: 81.0; usage foundation: 66.7. Main caution: role and availability context: 35.0; missing signal count: 5.,GOOD_SIGNAL,projection strength: 81.0,usage foundation: 66.7,role and availability context: 35.0,missing signal count: 5,Medium,ROUTE_PROXY_UNVALIDATED|LOW_CURRENT_SAMPLE,Medium,ROUTE_PROXY_UNVALIDATED|LOW_CURRENT_SAMPLE,Medium,ROUTE_PROXY_UNVALIDATED|LOW_CURRENT_SAMPLE,Medium,ROUTE_PROXY_UNVALIDATED|LOW_CURRENT_SAMPLE,,,,,,,8,8,8,MISSING,MISSING,MISSING,Pre-target weekly player stats only.,,,,,No schedule game matched team/opponent.,,,,,,,,,,,,MISSING,MISSING,MISSING,LOW_RELIABILITY_DEFENSE_FIT: shrinkage applied to historical allowed stats.,"Context V1 uses pre-target weekly history, schedules.csv game lines where present, and shrinkage-adjusted defense allowed stats.",True,False,False,rushing,GOOD_SIGNAL at 67.8. Main support: projection strength: 81.0; usage foundation: 66.7. Main caution: role and availability context: 35.0; missing signal count: 5.,projection strength: 81.0; usage foundation: 66.7; data quality: 65.7,,,weather not sourced; live role/injury gates not ready; defense fit limited; game environment limited,data quality: 65.7,review context: Context V1: defense fit missing/low reliability for some players; game environment missing,Research-only driver summary. Limitations: weather not sourced; live role/injury gates not ready; defense fit limited; game environment limited,RESEARCH_ONLY,current_v1,projection_heavy,67.77,GOOD_SIGNAL,GOOD_SIGNAL,71.21,GOOD_SIGNAL,GOOD_SIGNAL,3.44,NO_TIER_CHANGE,NO_ACTION_CHANGE,NO_MEANINGFUL_CHANGE,RESEARCH_ONLY challenger preview; production signal boards remain current_v1.
2025,1,,D.Henderson,LA,,RB,1.7079296274888542,13.39023905122405,30.103106358652763,2.8005628269526985,,,,0.0,0.0,0.0,0.0,0.0,0.0,0.0,0.0,0.0,0.0,0.0,0.0,0.0,0.0,0.0,0.0,0.0,0.0,0.0,0.0,0.0,0.0,0.0,0.0,,,,,,,,,,,,,,MISSING,HIGH,MISSING,67,True,True,False,80.6,66.67,50.07,,,,35,55,65.7,67.61,GOOD_SIGNAL,2,0,0,5,projection strength: 80.6; usage foundation: 66.7,"Context V1: defense fit missing/low reliability for some players; game environment missing for some players; weather, route share, first-read share, and coverage are not sourced.",,NEEDS DATA,NEEDS DATA,NEEDS DATA,DATA_NEEDS_LIVE_CONTEXT,HISTORICAL TEST ONLY,NO-GO,GOOD_SIGNAL at 67.6. Main support: projection strength: 80.6; usage foundation: 66.7. Main caution: role and availability context: 35.0; missing signal count: 5.,GOOD_SIGNAL,projection strength: 80.6,usage foundation: 66.7,role and availability context: 35.0,missing signal count: 5,Medium,ROUTE_PROXY_UNVALIDATED|LOW_CURRENT_SAMPLE,Medium,ROUTE_PROXY_UNVALIDATED|LOW_CURRENT_SAMPLE,Medium,ROUTE_PROXY_UNVALIDATED|LOW_CURRENT_SAMPLE,Medium,ROUTE_PROXY_UNVALIDATED|LOW_CURRENT_SAMPLE,,,,,,,8,8,8,MISSING,MISSING,MISSING,Pre-target weekly player stats only.,,,,,No schedule game matched team/opponent.,,,,,,,,,,,,MISSING,MISSING,MISSING,LOW_RELIABILITY_DEFENSE_FIT: shrinkage applied to historical allowed stats.,"Context V1 uses pre-target weekly history, schedules.csv game lines where present, and shrinkage-adjusted defense allowed stats.",True,False,False,rushing,GOOD_SIGNAL at 67.6. Main support: projection strength: 80.6; usage foundation: 66.7. Main caution: role and availability context: 35.0; missing signal count: 5.,projection strength: 80.6; usage foundation: 66.7; data quality: 65.7,,,weather not sourced; live role/injury gates not ready; defense fit limited; game environment limited,data quality: 65.7,review context: Context V1: defense fit missing/low reliability for some players; game environment missing,Research-only driver summary. Limitations: weather not sourced; live role/injury gates not ready; defense fit limited; game environment limited,RESEARCH_ONLY,current_v1,projection_heavy,67.61,GOOD_SIGNAL,GOOD_SIGNAL,70.99,GOOD_SIGNAL,GOOD_SIGNAL,3.38,NO_TIER_CHANGE,NO_ACTION_CHANGE,NO_MEANINGFUL_CHANGE,RESEARCH_ONLY challenger preview; production signal boards remain current_v1.
2025,1,,D.Harris,BUF,,RB,0.7206299599157221,5.641326740330908,25.959337907648948,4.081848113424401,,,,0.0,0.0,0.0,0.0,0.0,0.0,0.0,0.0,0.0,0.0,0.0,0.0,0.0,0.0,0.0,0.0,0.0,0.0,0.0,0.0,0.0,0.0,0.0,0.0,,,,,,,,,,,,,,MISSING,HIGH,MISSING,67,True,True,False,80.33,66.67,50.07,,,,35,55,65.7,67.49,GOOD_SIGNAL,2,0,0,5,projection strength: 80.3; usage foundation: 66.7,"Context V1: defense fit missing/low reliability for some players; game environment missing for some players; weather, route share, first-read share, and coverage are not sourced.",,NEEDS DATA,NEEDS DATA,NEEDS DATA,DATA_NEEDS_LIVE_CONTEXT,HISTORICAL TEST ONLY,NO-GO,GOOD_SIGNAL at 67.5. Main support: projection strength: 80.3; usage foundation: 66.7. Main caution: role and availability context: 35.0; missing signal count: 5.,GOOD_SIGNAL,projection strength: 80.3,usage foundation: 66.7,role and availability context: 35.0,missing signal count: 5,Medium,ROUTE_PROXY_UNVALIDATED|LOW_CURRENT_SAMPLE|LOW_PLAYER_SAMPLE,Medium,ROUTE_PROXY_UNVALIDATED|LOW_CURRENT_SAMPLE|LOW_PLAYER_SAMPLE|LOW_YARDAGE_SAMPLE,Medium,ROUTE_PROXY_UNVALIDATED|LOW_CURRENT_SAMPLE|LOW_PLAYER_SAMPLE,Medium,ROUTE_PROXY_UNVALIDATED|LOW_CURRENT_SAMPLE|LOW_PLAYER_SAMPLE,,,,,,,8,8,8,MISSING,MISSING,MISSING,Pre-target weekly player stats only.,,,,,No schedule game matched team/opponent.,,,,,,,,,,,,MISSING,MISSING,MISSING,LOW_RELIABILITY_DEFENSE_FIT: shrinkage applied to historical allowed stats.,"Context V1 uses pre-target weekly history, schedules.csv game lines where present, and shrinkage-adjusted defense allowed stats.",True,False,False,rushing,GOOD_SIGNAL at 67.5. Main support: projection strength: 80.3; usage foundation: 66.7. Main caution: role and availability context: 35.0; missing signal count: 5.,projection strength: 80.3; usage foundation: 66.7; data quality: 65.7,,,weather not sourced; live role/injury gates not ready; defense fit limited; game environment limited,data quality: 65.7,review context: Context V1: defense fit missing/low reliability for some players; game environment missing,Research-only driver summary. Limitations: weather not sourced; live role/injury gates not ready; defense fit limited; game environment limited,RESEARCH_ONLY,current_v1,projection_heavy,67.49,GOOD_SIGNAL,GOOD_SIGNAL,70.83,GOOD_SIGNAL,GOOD_SIGNAL,3.34,NO_TIER_CHANGE,NO_ACTION_CHANGE,NO_MEANINGFUL_CHANGE,RESEARCH_ONLY challenger preview; production signal boards remain current_v1.
2025,1,,A.Ekeler,WAS,,RB,1.9506287903941195,16.759360924554077,30.076306720564915,3.80204387017249,,,,0.0,0.0,0.0,0.0,0.0,0.0,0.0,0.0,0.0,0.0,0.0,0.0,0.0,0.0,0.0,0.0,0.0,0.0,0.0,0.0,0.0,0.0,0.0,0.0,,,,,,,,,,,,,,MISSING,HIGH,MISSING,67,True,True,False,80.22,66.67,50.07,,,,35,55,65.7,67.45,GOOD_SIGNAL,2,0,0,5,projection strength: 80.2; usage foundation: 66.7,"Context V1: defense fit missing/low reliability for some players; game environment missing for some players; weather, route share, first-read share, and coverage are not sourced.",,NEEDS DATA,NEEDS DATA,NEEDS DATA,DATA_NEEDS_LIVE_CONTEXT,HISTORICAL TEST ONLY,NO-GO,GOOD_SIGNAL at 67.5. Main support: projection strength: 80.2; usage foundation: 66.7. Main caution: role and availability context: 35.0; missing signal count: 5.,GOOD_SIGNAL,projection strength: 80.2,usage foundation: 66.7,role and availability context: 35.0,missing signal count: 5,Medium,ROUTE_PROXY_UNVALIDATED|LOW_CURRENT_SAMPLE,Medium,ROUTE_PROXY_UNVALIDATED|LOW_CURRENT_SAMPLE,Medium,ROUTE_PROXY_UNVALIDATED|LOW_CURRENT_SAMPLE,Medium,ROUTE_PROXY_UNVALIDATED|LOW_CURRENT_SAMPLE,,,,,,,8,8,8,MISSING,MISSING,MISSING,Pre-target weekly player stats only.,,,,,No schedule game matched team/opponent.,,,,,,,,,,,,MISSING,MISSING,MISSING,LOW_RELIABILITY_DEFENSE_FIT: shrinkage applied to historical allowed stats.,"Context V1 uses pre-target weekly history, schedules.csv game lines where present, and shrinkage-adjusted defense allowed stats.",True,False,False,rushing,GOOD_SIGNAL at 67.5. Main support: projection strength: 80.2; usage foundation: 66.7. Main caution: role and availability context: 35.0; missing signal count: 5.,projection strength: 80.2; usage foundation: 66.7; data quality: 65.7,,,weather not sourced; live role/injury gates not ready; defense fit limited; game environment limited,data quality: 65.7,review context: Context V1: defense fit missing/low reliability for some players; game environment missing,Research-only driver summary. Limitations: weather not sourced; live role/injury gates not ready; defense fit limited; game environment limited,RESEARCH_ONLY,current_v1,projection_heavy,67.45,GOOD_SIGNAL,GOOD_SIGNAL,70.77,GOOD_SIGNAL,GOOD_SIGNAL,3.32,NO_TIER_CHANGE,NO_ACTION_CHANGE,NO_MEANINGFUL_CHANGE,RESEARCH_ONLY challenger preview; production signal boards remain current_v1.
2025,1,,D.Gore,WAS,,RB,0.8311136846039853,6.388853308233744,29.52251105690351,2.998359561035329,,,,0.0,0.0,0.0,0.0,0.0,0.0,0.0,0.0,0.0,0.0,0.0,0.0,0.0,0.0,0.0,0.0,0.0,0.0,0.0,0.0,0.0,0.0,0.0,0.0,,,,,,,,,,,,,,MISSING,HIGH,MISSING,67,True,True,False,79.48,66.67,50.07,,,,35,55,65.7,67.12,GOOD_SIGNAL,2,0,0,5,projection strength: 79.5; usage foundation: 66.7,"Context V1: defense fit missing/low reliability for some players; game environment missing for some players; weather, route share, first-read share, and coverage are not sourced.",,NEEDS DATA,NEEDS DATA,NEEDS DATA,DATA_NEEDS_LIVE_CONTEXT,HISTORICAL TEST ONLY,NO-GO,GOOD_SIGNAL at 67.1. Main support: projection strength: 79.5; usage foundation: 66.7. Main caution: role and availability context: 35.0; missing signal count: 5.,GOOD_SIGNAL,projection strength: 79.5,usage foundation: 66.7,role and availability context: 35.0,missing signal count: 5,Medium,ROUTE_PROXY_UNVALIDATED|LOW_CURRENT_SAMPLE|LOW_PLAYER_SAMPLE,Medium,ROUTE_PROXY_UNVALIDATED|LOW_CURRENT_SAMPLE|LOW_PLAYER_SAMPLE|LOW_YARDAGE_SAMPLE,Medium,ROUTE_PROXY_UNVALIDATED|LOW_CURRENT_SAMPLE|LOW_PLAYER_SAMPLE|LOW_RUSH_SAMPLE,Medium,ROUTE_PROXY_UNVALIDATED|LOW_CURRENT_SAMPLE|LOW_PLAYER_SAMPLE|LOW_RUSH_SAMPLE|LOW_CARRY_SAMPLE,,,,,,,8,8,8,MISSING,MISSING,MISSING,Pre-target weekly player stats only.,,,,,No schedule game matched team/opponent.,,,,,,,,,,,,MISSING,MISSING,MISSING,LOW_RELIABILITY_DEFENSE_FIT: shrinkage applied to historical allowed stats.,"Context V1 uses pre-target weekly history, schedules.csv game lines where present, and shrinkage-adjusted defense allowed stats.",True,False,False,rushing,GOOD_SIGNAL at 67.1. Main support: projection strength: 79.5; usage foundation: 66.7. Main caution: role and availability context: 35.0; missing signal count: 5.,projection strength: 79.5; usage foundation: 66.7; data quality: 65.7,,,weather not sourced; live role/injury gates not ready; defense fit limited; game environment limited,data quality: 65.7,review context: Context V1: defense fit missing/low reliability for some players; game environment missing,Research-only driver summary. Limitations: weather not sourced; live role/injury gates not ready; defense fit limited; game environment limited,RESEARCH_ONLY,current_v1,projection_heavy,67.12,GOOD_SIGNAL,GOOD_SIGNAL,70.33,GOOD_SIGNAL,GOOD_SIGNAL,3.21,NO_TIER_CHANGE,NO_ACTION_CHANGE,NO_MEANINGFUL_CHANGE,RESEARCH_ONLY challenger preview; production signal boards remain current_v1.
2025,1,,R.Freeman,LA,,RB,0.9522926748192442,9.541742755404226,29.11657345931349,2.6602352478902427,,,,0.0,0.0,0.0,0.0,0.0,0.0,0.0,0.0,0.0,0.0,0.0,0.0,0.0,0.0,0.0,0.0,0.0,0.0,0.0,0.0,0.0,0.0,0.0,0.0,,,,,,,,,,,,,,MISSING,HIGH,MISSING,67,True,True,False,79.1,66.67,50.07,,,,35,55,65.7,66.96,GOOD_SIGNAL,2,0,0,5,projection strength: 79.1; usage foundation: 66.7,"Context V1: defense fit missing/low reliability for some players; game environment missing for some players; weather, route share, first-read share, and coverage are not sourced.",,NEEDS DATA,NEEDS DATA,NEEDS DATA,DATA_NEEDS_LIVE_CONTEXT,HISTORICAL TEST ONLY,NO-GO,GOOD_SIGNAL at 67.0. Main support: projection strength: 79.1; usage foundation: 66.7. Main caution: role and availability context: 35.0; missing signal count: 5.,GOOD_SIGNAL,projection strength: 79.1,usage foundation: 66.7,role and availability context: 35.0,missing signal count: 5,Medium,ROUTE_PROXY_UNVALIDATED|LOW_CURRENT_SAMPLE|LOW_PLAYER_SAMPLE,Medium,ROUTE_PROXY_UNVALIDATED|LOW_CURRENT_SAMPLE|LOW_PLAYER_SAMPLE|LOW_YARDAGE_SAMPLE,Medium,ROUTE_PROXY_UNVALIDATED|LOW_CURRENT_SAMPLE|LOW_PLAYER_SAMPLE,Medium,ROUTE_PROXY_UNVALIDATED|LOW_CURRENT_SAMPLE|LOW_PLAYER_SAMPLE,,,,,,,8,8,8,MISSING,MISSING,MISSING,Pre-target weekly player stats only.,,,,,No schedule game matched team/opponent.,,,,,,,,,,,,MISSING,MISSING,MISSING,LOW_RELIABILITY_DEFENSE_FIT: shrinkage applied to historical allowed stats.,"Context V1 uses pre-target weekly history, schedules.csv game lines where present, and shrinkage-adjusted defense allowed stats.",True,False,False,rushing,GOOD_SIGNAL at 67.0. Main support: projection strength: 79.1; usage foundation: 66.7. Main caution: role and availability context: 35.0; missing signal count: 5.,projection strength: 79.1; usage foundation: 66.7; data quality: 65.7,,,weather not sourced; live role/injury gates not ready; defense fit limited; game environment limited,data quality: 65.7,review context: Context V1: defense fit missing/low reliability for some players; game environment missing,Research-only driver summary. Limitations: weather not sourced; live role/injury gates not ready; defense fit limited; game environment limited,RESEARCH_ONLY,current_v1,projection_heavy,66.96,GOOD_SIGNAL,GOOD_SIGNAL,70.11,GOOD_SIGNAL,GOOD_SIGNAL,3.15,NO_TIER_CHANGE,NO_ACTION_CHANGE,NO_MEANINGFUL_CHANGE,RESEARCH_ONLY challenger preview; production signal boards remain current_v1.
2025,1,,R.Mostert,MIA,,RB,1.316978202622196,12.253915444118666,27.816863404894367,3.949839138235341,,,,0.0,0.0,0.0,0.0,0.0,0.0,0.0,0.0,0.0,0.0,0.0,0.0,0.0,0.0,0.0,0.0,0.0,0.0,0.0,0.0,0.0,0.0,0.0,0.0,,,,,,,,,,,,,,MISSING,HIGH,MISSING,67,True,True,False,79.1,66.67,50.07,,,,35,55,65.7,66.96,GOOD_SIGNAL,2,0,0,5,projection strength: 79.1; usage foundation: 66.7,"Context V1: defense fit missing/low reliability for some players; game environment missing for some players; weather, route share, first-read share, and coverage are not sourced.",,NEEDS DATA,NEEDS DATA,NEEDS DATA,DATA_NEEDS_LIVE_CONTEXT,HISTORICAL TEST ONLY,NO-GO,GOOD_SIGNAL at 67.0. Main support: projection strength: 79.1; usage foundation: 66.7. Main caution: role and availability context: 35.0; missing signal count: 5.,GOOD_SIGNAL,projection strength: 79.1,usage foundation: 66.7,role and availability context: 35.0,missing signal count: 5,Medium,ROUTE_PROXY_UNVALIDATED|LOW_CURRENT_SAMPLE,Medium,ROUTE_PROXY_UNVALIDATED|LOW_CURRENT_SAMPLE,Medium,ROUTE_PROXY_UNVALIDATED|LOW_CURRENT_SAMPLE,Medium,ROUTE_PROXY_UNVALIDATED|LOW_CURRENT_SAMPLE,,,,,,,8,8,8,MISSING,MISSING,MISSING,Pre-target weekly player stats only.,,,,,No schedule game matched team/opponent.,,,,,,,,,,,,MISSING,MISSING,MISSING,LOW_RELIABILITY_DEFENSE_FIT: shrinkage applied to historical allowed stats.,"Context V1 uses pre-target weekly history, schedules.csv game lines where present, and shrinkage-adjusted defense allowed stats.",True,False,False,rushing,GOOD_SIGNAL at 67.0. Main support: projection strength: 79.1; usage foundation: 66.7. Main caution: role and availability context: 35.0; missing signal count: 5.,projection strength: 79.1; usage foundation: 66.7; data quality: 65.7,,,weather not sourced; live role/injury gates not ready; defense fit limited; game environment limited,data quality: 65.7,review context: Context V1: defense fit missing/low reliability for some players; game environment missing,Research-only driver summary. Limitations: weather not sourced; live role/injury gates not ready; defense fit limited; game environment limited,RESEARCH_ONLY,current_v1,projection_heavy,66.96,GOOD_SIGNAL,GOOD_SIGNAL,70.11,GOOD_SIGNAL,GOOD_SIGNAL,3.15,NO_TIER_CHANGE,NO_ACTION_CHANGE,NO_MEANINGFUL_CHANGE,RESEARCH_ONLY challenger preview; production signal boards remain current_v1.
2025,1,,G.Smith,SEA,LA,QB,,,15.887053331716004,1.896607630058907,23.049590702648366,13.428567798106926,,0.0,0.0,0.0,0.0,0.0,0.0,0.0,0.0,0.0,0.0,0.0,0.0,0.0,0.0,0.0,0.0,0.0,0.0,0.0,0.0,0.0,0.0,0.0,0.0,,,,,,,,,,,,,,MISSING,HIGH,MISSING,67,False,True,True,78.79,66.67,50.07,,,,35,55,65.7,66.82,GOOD_SIGNAL,2,0,0,5,projection strength: 78.8; usage foundation: 66.7,"Context V1: defense fit missing/low reliability for some players; game environment missing for some players; weather, route share, first-read share, and coverage are not sourced.",,NEEDS DATA,NEEDS DATA,NEEDS DATA,DATA_NEEDS_LIVE_CONTEXT,HISTORICAL TEST ONLY,NO-GO,GOOD_SIGNAL at 66.8. Main support: projection strength: 78.8; usage foundation: 66.7. Main caution: role and availability context: 35.0; missing signal count: 5.,GOOD_SIGNAL,projection strength: 78.8,usage foundation: 66.7,role and availability context: 35.0,missing signal count: 5,,,,,Medium,ROUTE_PROXY_UNVALIDATED|LOW_CURRENT_SAMPLE|LOW_PLAYER_SAMPLE,Medium,ROUTE_PROXY_UNVALIDATED|LOW_CURRENT_SAMPLE|LOW_PLAYER_SAMPLE,Medium,ROUTE_PROXY_UNVALIDATED|LOW_CURRENT_SAMPLE|LOW_PLAYER_SAMPLE,Medium,ROUTE_PROXY_UNVALIDATED|LOW_CURRENT_SAMPLE|LOW_PLAYER_SAMPLE,,,8,8,8,MISSING,MISSING,MISSING,Pre-target weekly player stats only.,,,,,No schedule game matched team/opponent.,,,,,,,,,,,,MISSING,MISSING,MISSING,LOW_RELIABILITY_DEFENSE_FIT: shrinkage applied to historical allowed stats.,"Context V1 uses pre-target weekly history, schedules.csv game lines where present, and shrinkage-adjusted defense allowed stats.",True,False,False,rushing,GOOD_SIGNAL at 66.8. Main support: projection strength: 78.8; usage foundation: 66.7. Main caution: role and availability context: 35.0; missing signal count: 5.,projection strength: 78.8; usage foundation: 66.7; data quality: 65.7,,,weather not sourced; live role/injury gates not ready; defense fit limited; game environment limited,data quality: 65.7,review context: Context V1: defense fit missing/low reliability for some players; game environment missing,Research-only driver summary. Limitations: weather not sourced; live role/injury gates not ready; defense fit limited; game environment limited,RESEARCH_ONLY,current_v1,projection_heavy,66.82,GOOD_SIGNAL,GOOD_SIGNAL,69.93,GOOD_SIGNAL,GOOD_SIGNAL,3.11,NO_TIER_CHANGE,NO_ACTION_CHANGE,NO_MEANINGFUL_CHANGE,RESEARCH_ONLY challenger preview; production signal boards remain current_v1.
2025,1,,B.Bolden,LV,,RB,0.8154322943284383,6.268308906191598,28.02580319548024,2.696043889876261,,,,0.0,0.0,0.0,0.0,0.0,0.0,0.0,0.0,0.0,0.0,0.0,0.0,0.0,0.0,0.0,0.0,0.0,0.0,0.0,0.0,0.0,0.0,0.0,0.0,,,,,,,,,,,,,,MISSING,HIGH,MISSING,67,True,True,False,78.73,66.67,50.07,,,,35,55,65.7,66.79,GOOD_SIGNAL,2,0,0,5,projection strength: 78.7; usage foundation: 66.7,"Context V1: defense fit missing/low reliability for some players; game environment missing for some players; weather, route share, first-read share, and coverage are not sourced.",,NEEDS DATA,NEEDS DATA,NEEDS DATA,DATA_NEEDS_LIVE_CONTEXT,HISTORICAL TEST ONLY,NO-GO,GOOD_SIGNAL at 66.8. Main support: projection strength: 78.7; usage foundation: 66.7. Main caution: role and availability context: 35.0; missing signal count: 5.,GOOD_SIGNAL,projection strength: 78.7,usage foundation: 66.7,role and availability context: 35.0,missing signal count: 5,Medium,ROUTE_PROXY_UNVALIDATED|LOW_CURRENT_SAMPLE|LOW_PLAYER_SAMPLE,Medium,ROUTE_PROXY_UNVALIDATED|LOW_CURRENT_SAMPLE|LOW_PLAYER_SAMPLE|LOW_YARDAGE_SAMPLE,Medium,ROUTE_PROXY_UNVALIDATED|LOW_CURRENT_SAMPLE|LOW_PLAYER_SAMPLE|LOW_RUSH_SAMPLE,Medium,ROUTE_PROXY_UNVALIDATED|LOW_CURRENT_SAMPLE|LOW_PLAYER_SAMPLE|LOW_RUSH_SAMPLE|LOW_CARRY_SAMPLE,,,,,,,8,8,8,MISSING,MISSING,MISSING,Pre-target weekly player stats only.,,,,,No schedule game matched team/opponent.,,,,,,,,,,,,MISSING,MISSING,MISSING,LOW_RELIABILITY_DEFENSE_FIT: shrinkage applied to historical allowed stats.,"Context V1 uses pre-target weekly history, schedules.csv game lines where present, and shrinkage-adjusted defense allowed stats.",True,False,False,rushing,GOOD_SIGNAL at 66.8. Main support: projection strength: 78.7; usage foundation: 66.7. Main caution: role and availability context: 35.0; missing signal count: 5.,projection strength: 78.7; usage foundation: 66.7; data quality: 65.7,,,weather not sourced; live role/injury gates not ready; defense fit limited; game environment limited,data quality: 65.7,review context: Context V1: defense fit missing/low reliability for some players; game environment missing,Research-only driver summary. Limitations: weather not sourced; live role/injury gates not ready; defense fit limited; game environment limited,RESEARCH_ONLY,current_v1,projection_heavy,66.79,GOOD_SIGNAL,GOOD_SIGNAL,69.89,GOOD_SIGNAL,GOOD_SIGNAL,3.1,NO_TIER_CHANGE,NO_ACTION_CHANGE,NO_MEANINGFUL_CHANGE,RESEARCH_ONLY challenger preview; production signal boards remain current_v1.
2025,1,,A.Estime,DEN,,RB,0.9187746042882224,6.608784295611836,23.9360529714678,3.913689029394693,,,,0.0,0.0,0.0,0.0,0.0,0.0,0.0,0.0,0.0,0.0,0.0,0.0,0.0,0.0,0.0,0.0,0.0,0.0,0.0,0.0,0.0,0.0,0.0,0.0,,,,,,,,,,,,,,MISSING,HIGH,MISSING,67,True,True,False,78.69,66.67,50.07,,,,35,55,65.7,66.78,GOOD_SIGNAL,2,0,0,5,projection strength: 78.7; usage foundation: 66.7,"Context V1: defense fit missing/low reliability for some players; game environment missing for some players; weather, route share, first-read share, and coverage are not sourced.",,NEEDS DATA,NEEDS DATA,NEEDS DATA,DATA_NEEDS_LIVE_CONTEXT,HISTORICAL TEST ONLY,NO-GO,GOOD_SIGNAL at 66.8. Main support: projection strength: 78.7; usage foundation: 66.7. Main caution: role and availability context: 35.0; missing signal count: 5.,GOOD_SIGNAL,projection strength: 78.7,usage foundation: 66.7,role and availability context: 35.0,missing signal count: 5,Medium,ROUTE_PROXY_UNVALIDATED|LOW_CURRENT_SAMPLE|LOW_PLAYER_SAMPLE,Medium,ROUTE_PROXY_UNVALIDATED|LOW_CURRENT_SAMPLE|LOW_PLAYER_SAMPLE|LOW_YARDAGE_SAMPLE,Medium,ROUTE_PROXY_UNVALIDATED|LOW_CURRENT_SAMPLE|LOW_PLAYER_SAMPLE,Medium,ROUTE_PROXY_UNVALIDATED|LOW_CURRENT_SAMPLE|LOW_PLAYER_SAMPLE,,,,,,,8,8,8,MISSING,MISSING,MISSING,Pre-target weekly player stats only.,,,,,No schedule game matched team/opponent.,,,,,,,,,,,,MISSING,MISSING,MISSING,LOW_RELIABILITY_DEFENSE_FIT: shrinkage applied to historical allowed stats.,"Context V1 uses pre-target weekly history, schedules.csv game lines where present, and shrinkage-adjusted defense allowed stats.",True,False,False,rushing,GOOD_SIGNAL at 66.8. Main support: projection strength: 78.7; usage foundation: 66.7. Main caution: role and availability context: 35.0; missing signal count: 5.,projection strength: 78.7; usage foundation: 66.7; data quality: 65.7,,,weather not sourced; live role/injury gates not ready; defense fit limited; game environment limited,data quality: 65.7,review context: Context V1: defense fit missing/low reliability for some players; game environment missing,Research-only driver summary. Limitations: weather not sourced; live role/injury gates not ready; defense fit limited; game environment limited,RESEARCH_ONLY,current_v1,projection_heavy,66.78,GOOD_SIGNAL,GOOD_SIGNAL,69.87,GOOD_SIGNAL,GOOD_SIGNAL,3.09,NO_TIER_CHANGE,NO_ACTION_CHANGE,NO_MEANINGFUL_CHANGE,RESEARCH_ONLY challenger preview; production signal boards remain current_v1.
2025,1,,R.Davis,BUF,,RB,0.8446586015174873,9.792890132154149,24.00860777381424,3.902361667758951,,,,0.0,0.0,0.0,0.0,0.0,0.0,0.0,0.0,0.0,0.0,0.0,0.0,0.0,0.0,0.0,0.0,0.0,0.0,0.0,0.0,0.0,0.0,0.0,0.0,,,,,,,,,,,,,,MISSING,HIGH,MISSING,67,True,True,False,78.28,66.67,50.07,,,,35,55,65.7,66.6,GOOD_SIGNAL,2,0,0,5,projection strength: 78.3; usage foundation: 66.7,"Context V1: defense fit missing/low reliability for some players; game environment missing for some players; weather, route share, first-read share, and coverage are not sourced.",,NEEDS DATA,NEEDS DATA,NEEDS DATA,DATA_NEEDS_LIVE_CONTEXT,HISTORICAL TEST ONLY,NO-GO,GOOD_SIGNAL at 66.6. Main support: projection strength: 78.3; usage foundation: 66.7. Main caution: role and availability context: 35.0; missing signal count: 5.,GOOD_SIGNAL,projection strength: 78.3,usage foundation: 66.7,role and availability context: 35.0,missing signal count: 5,Medium,ROUTE_PROXY_UNVALIDATED|LOW_CURRENT_SAMPLE,Medium,ROUTE_PROXY_UNVALIDATED|LOW_CURRENT_SAMPLE,Medium,ROUTE_PROXY_UNVALIDATED|LOW_CURRENT_SAMPLE,Medium,ROUTE_PROXY_UNVALIDATED|LOW_CURRENT_SAMPLE,,,,,,,8,8,8,MISSING,MISSING,MISSING,Pre-target weekly player stats only.,,,,,No schedule game matched team/opponent.,,,,,,,,,,,,MISSING,MISSING,MISSING,LOW_RELIABILITY_DEFENSE_FIT: shrinkage applied to historical allowed stats.,"Context V1 uses pre-target weekly history, schedules.csv game lines where present, and shrinkage-adjusted defense allowed stats.",True,False,False,rushing,GOOD_SIGNAL at 66.6. Main support: projection strength: 78.3; usage foundation: 66.7. Main caution: role and availability context: 35.0; missing signal count: 5.,projection strength: 78.3; usage foundation: 66.7; data quality: 65.7,,,weather not sourced; live role/injury gates not ready; defense fit limited; game environment limited,data quality: 65.7,review context: Context V1: defense fit missing/low reliability for some players; game environment missing,Research-only driver summary. Limitations: weather not sourced; live role/injury gates not ready; defense fit limited; game environment limited,RESEARCH_ONLY,current_v1,projection_heavy,66.6,GOOD_SIGNAL,GOOD_SIGNAL,69.63,GOOD_SIGNAL,GOOD_SIGNAL,3.03,NO_TIER_CHANGE,NO_ACTION_CHANGE,NO_MEANINGFUL_CHANGE,RESEARCH_ONLY challenger preview; production signal boards remain current_v1.
2025,1,,E.Mitchell,SF,,RB,1.0694052632857127,8.013663676264818,27.55186890964556,2.588918364068929,,,,0.0,0.0,0.0,0.0,0.0,0.0,0.0,0.0,0.0,0.0,0.0,0.0,0.0,0.0,0.0,0.0,0.0,0.0,0.0,0.0,0.0,0.0,0.0,0.0,,,,,,,,,,,,,,MISSING,HIGH,MISSING,67,True,True,False,77.99,66.67,50.07,,,,35,55,65.7,66.47,GOOD_SIGNAL,2,0,0,5,projection strength: 78.0; usage foundation: 66.7,"Context V1: defense fit missing/low reliability for some players; game environment missing for some players; weather, route share, first-read share, and coverage are not sourced.",,NEEDS DATA,NEEDS DATA,NEEDS DATA,DATA_NEEDS_LIVE_CONTEXT,HISTORICAL TEST ONLY,NO-GO,GOOD_SIGNAL at 66.5. Main support: projection strength: 78.0; usage foundation: 66.7. Main caution: role and availability context: 35.0; missing signal count: 5.,GOOD_SIGNAL,projection strength: 78.0,usage foundation: 66.7,role and availability context: 35.0,missing signal count: 5,Medium,ROUTE_PROXY_UNVALIDATED|LOW_CURRENT_SAMPLE|LOW_PLAYER_SAMPLE,Medium,ROUTE_PROXY_UNVALIDATED|LOW_CURRENT_SAMPLE|LOW_PLAYER_SAMPLE|LOW_YARDAGE_SAMPLE,Medium,ROUTE_PROXY_UNVALIDATED|LOW_CURRENT_SAMPLE|LOW_PLAYER_SAMPLE,Medium,ROUTE_PROXY_UNVALIDATED|LOW_CURRENT_SAMPLE|LOW_PLAYER_SAMPLE,,,,,,,8,8,8,MISSING,MISSING,MISSING,Pre-target weekly player stats only.,,,,,No schedule game matched team/opponent.,,,,,,,,,,,,MISSING,MISSING,MISSING,LOW_RELIABILITY_DEFENSE_FIT: shrinkage applied to historical allowed stats.,"Context V1 uses pre-target weekly history, schedules.csv game lines where present, and shrinkage-adjusted defense allowed stats.",True,False,False,rushing,GOOD_SIGNAL at 66.5. Main support: projection strength: 78.0; usage foundation: 66.7. Main caution: role and availability context: 35.0; missing signal count: 5.,projection strength: 78.0; usage foundation: 66.7; data quality: 65.7,,,weather not sourced; live role/injury gates not ready; defense fit limited; game environment limited,data quality: 65.7,review context: Context V1: defense fit missing/low reliability for some players; game environment missing,Research-only driver summary. Limitations: weather not sourced; live role/injury gates not ready; defense fit limited; game environment limited,RESEARCH_ONLY,current_v1,projection_heavy,66.47,GOOD_SIGNAL,GOOD_SIGNAL,69.46,GOOD_SIGNAL,GOOD_SIGNAL,2.99,NO_TIER_CHANGE,NO_ACTION_CHANGE,NO_MEANINGFUL_CHANGE,RESEARCH_ONLY challenger preview; production signal boards remain current_v1.
2025,1,,R.Penny,PHI,,RB,0.7490573290276635,5.392339310033563,24.136441582954905,3.89606556882958,,,,0.0,0.0,0.0,0.0,0.0,0.0,0.0,0.0,0.0,0.0,0.0,0.0,0.0,0.0,0.0,0.0,0.0,0.0,0.0,0.0,0.0,0.0,0.0,0.0,,,,,,,,,,,,,,MISSING,HIGH,MISSING,67,True,True,False,77.87,66.67,50.07,,,,35,55,65.7,66.42,GOOD_SIGNAL,2,0,0,5,projection strength: 77.9; usage foundation: 66.7,"Context V1: defense fit missing/low reliability for some players; game environment missing for some players; weather, route share, first-read share, and coverage are not sourced.",,NEEDS DATA,NEEDS DATA,NEEDS DATA,DATA_NEEDS_LIVE_CONTEXT,HISTORICAL TEST ONLY,NO-GO,GOOD_SIGNAL at 66.4. Main support: projection strength: 77.9; usage foundation: 66.7. Main caution: role and availability context: 35.0; missing signal count: 5.,GOOD_SIGNAL,projection strength: 77.9,usage foundation: 66.7,role and availability context: 35.0,missing signal count: 5,Medium,ROUTE_PROXY_UNVALIDATED|LOW_CURRENT_SAMPLE|LOW_PLAYER_SAMPLE,Medium,ROUTE_PROXY_UNVALIDATED|LOW_CURRENT_SAMPLE|LOW_PLAYER_SAMPLE|LOW_YARDAGE_SAMPLE,Medium,ROUTE_PROXY_UNVALIDATED|LOW_CURRENT_SAMPLE|LOW_PLAYER_SAMPLE|LOW_RUSH_SAMPLE,Medium,ROUTE_PROXY_UNVALIDATED|LOW_CURRENT_SAMPLE|LOW_PLAYER_SAMPLE|LOW_RUSH_SAMPLE|LOW_CARRY_SAMPLE,,,,,,,8,8,8,MISSING,MISSING,MISSING,Pre-target weekly player stats only.,,,,,No schedule game matched team/opponent.,,,,,,,,,,,,MISSING,MISSING,MISSING,LOW_RELIABILITY_DEFENSE_FIT: shrinkage applied to historical allowed stats.,"Context V1 uses pre-target weekly history, schedules.csv game lines where present, and shrinkage-adjusted defense allowed stats.",True,False,False,rushing,GOOD_SIGNAL at 66.4. Main support: projection strength: 77.9; usage foundation: 66.7. Main caution: role and availability context: 35.0; missing signal count: 5.,projection strength: 77.9; usage foundation: 66.7; data quality: 65.7,,,weather not sourced; live role/injury gates not ready; defense fit limited; game environment limited,data quality: 65.7,review context: Context V1: defense fit missing/low reliability for some players; game environment missing,Research-only driver summary. Limitations: weather not sourced; live role/injury gates not ready; defense fit limited; game environment limited,RESEARCH_ONLY,current_v1,projection_heavy,66.42,GOOD_SIGNAL,GOOD_SIGNAL,69.39,GOOD_SIGNAL,GOOD_SIGNAL,2.97,NO_TIER_CHANGE,NO_ACTION_CHANGE,NO_MEANINGFUL_CHANGE,RESEARCH_ONLY challenger preview; production signal boards remain current_v1.
2025,1,,A.Gibson,NE,,RB,1.1893382941955852,11.64840126572974,27.43674312920316,3.136305574531609,,,,0.0,0.0,0.0,0.0,0.0,0.0,0.0,0.0,0.0,0.0,0.0,0.0,0.0,0.0,0.0,0.0,0.0,0.0,0.0,0.0,0.0,0.0,0.0,0.0,,,,,,,,,,,,,,MISSING,HIGH,MISSING,67,True,True,False,77.61,66.67,50.07,,,,35,55,65.7,66.3,GOOD_SIGNAL,2,0,0,5,projection strength: 77.6; usage foundation: 66.7,"Context V1: defense fit missing/low reliability for some players; game environment missing for some players; weather, route share, first-read share, and coverage are not sourced.",,NEEDS DATA,NEEDS DATA,NEEDS DATA,DATA_NEEDS_LIVE_CONTEXT,HISTORICAL TEST ONLY,NO-GO,GOOD_SIGNAL at 66.3. Main support: projection strength: 77.6; usage foundation: 66.7. Main caution: role and availability context: 35.0; missing signal count: 5.,GOOD_SIGNAL,projection strength: 77.6,usage foundation: 66.7,role and availability context: 35.0,missing signal count: 5,Medium,ROUTE_PROXY_UNVALIDATED|LOW_CURRENT_SAMPLE,Medium,ROUTE_PROXY_UNVALIDATED|LOW_CURRENT_SAMPLE,Medium,ROUTE_PROXY_UNVALIDATED|LOW_CURRENT_SAMPLE,Medium,ROUTE_PROXY_UNVALIDATED|LOW_CURRENT_SAMPLE,,,,,,,8,8,8,MISSING,MISSING,MISSING,Pre-target weekly player stats only.,,,,,No schedule game matched team/opponent.,,,,,,,,,,,,MISSING,MISSING,MISSING,LOW_RELIABILITY_DEFENSE_FIT: shrinkage applied to historical allowed stats.,"Context V1 uses pre-target weekly history, schedules.csv game lines where present, and shrinkage-adjusted defense allowed stats.",True,False,False,rushing,GOOD_SIGNAL at 66.3. Main support: projection strength: 77.6; usage foundation: 66.7. Main caution: role and availability context: 35.0; missing signal count: 5.,projection strength: 77.6; usage foundation: 66.7; data quality: 65.7,,,weather not sourced; live role/injury gates not ready; defense fit limited; game environment limited,data quality: 65.7,review context: Context V1: defense fit missing/low reliability for some players; game environment missing,Research-only driver summary. Limitations: weather not sourced; live role/injury gates not ready; defense fit limited; game environment limited,RESEARCH_ONLY,current_v1,projection_heavy,66.3,GOOD_SIGNAL,GOOD_SIGNAL,69.23,GOOD_SIGNAL,GOOD_SIGNAL,2.93,NO_TIER_CHANGE,NO_ACTION_CHANGE,NO_MEANINGFUL_CHANGE,RESEARCH_ONLY challenger preview; production signal boards remain current_v1.
2025,1,,C.Akers,MIN,,RB,1.239957535863207,8.595621838603204,26.666881851612523,3.8922176144927056,,,,0.0,0.0,0.0,0.0,0.0,0.0,0.0,0.0,0.0,0.0,0.0,0.0,0.0,0.0,0.0,0.0,0.0,0.0,0.0,0.0,0.0,0.0,0.0,0.0,,,,,,,,,,,,,,MISSING,HIGH,MISSING,67,True,True,False,77.46,66.67,50.07,,,,35,55,65.7,66.24,GOOD_SIGNAL,2,0,0,5,projection strength: 77.5; usage foundation: 66.7,"Context V1: defense fit missing/low reliability for some players; game environment missing for some players; weather, route share, first-read share, and coverage are not sourced.",,NEEDS DATA,NEEDS DATA,NEEDS DATA,DATA_NEEDS_LIVE_CONTEXT,HISTORICAL TEST ONLY,NO-GO,GOOD_SIGNAL at 66.2. Main support: projection strength: 77.5; usage foundation: 66.7. Main caution: role and availability context: 35.0; missing signal count: 5.,GOOD_SIGNAL,projection strength: 77.5,usage foundation: 66.7,role and availability context: 35.0,missing signal count: 5,Medium,ROUTE_PROXY_UNVALIDATED|LOW_CURRENT_SAMPLE,Medium,ROUTE_PROXY_UNVALIDATED|LOW_CURRENT_SAMPLE,Medium,ROUTE_PROXY_UNVALIDATED|LOW_CURRENT_SAMPLE,Medium,ROUTE_PROXY_UNVALIDATED|LOW_CURRENT_SAMPLE,,,,,,,8,8,8,MISSING,MISSING,MISSING,Pre-target weekly player stats only.,,,,,No schedule game matched team/opponent.,,,,,,,,,,,,MISSING,MISSING,MISSING,LOW_RELIABILITY_DEFENSE_FIT: shrinkage applied to historical allowed stats.,"Context V1 uses pre-target weekly history, schedules.csv game lines where present, and shrinkage-adjusted defense allowed stats.",True,False,False,rushing,GOOD_SIGNAL at 66.2. Main support: projection strength: 77.5; usage foundation: 66.7. Main caution: role and availability context: 35.0; missing signal count: 5.,projection strength: 77.5; usage foundation: 66.7; data quality: 65.7,,,weather not sourced; live role/injury gates not ready; defense fit limited; game environment limited,data quality: 65.7,review context: Context V1: defense fit missing/low reliability for some players; game environment missing,Research-only driver summary. Limitations: weather not sourced; live role/injury gates not ready; defense fit limited; game environment limited,RESEARCH_ONLY,current_v1,projection_heavy,66.24,GOOD_SIGNAL,GOOD_SIGNAL,69.14,GOOD_SIGNAL,GOOD_SIGNAL,2.9,NO_TIER_CHANGE,NO_ACTION_CHANGE,NO_MEANINGFUL_CHANGE,RESEARCH_ONLY challenger preview; production signal boards remain current_v1.
2025,1,,J.Milton,NE,BUF,QB,,,22.915740426963303,3.835236427915821,,,,0.0,0.0,0.0,0.0,0.0,0.0,0.0,0.0,0.0,0.0,0.0,0.0,0.0,0.0,0.0,0.0,0.0,0.0,0.0,0.0,0.0,0.0,0.0,0.0,,,,,,,,,,,,,,MISSING,HIGH,MISSING,67,False,True,False,76.64,66.67,50.07,,,,35,55,65.7,65.88,GOOD_SIGNAL,2,0,0,5,projection strength: 76.6; usage foundation: 66.7,"Context V1: defense fit missing/low reliability for some players; game environment missing for some players; weather, route share, first-read share, and coverage are not sourced.",,NEEDS DATA,NEEDS DATA,NEEDS DATA,DATA_NEEDS_LIVE_CONTEXT,HISTORICAL TEST ONLY,NO-GO,GOOD_SIGNAL at 65.9. Main support: projection strength: 76.6; usage foundation: 66.7. Main caution: role and availability context: 35.0; missing signal count: 5.,GOOD_SIGNAL,projection strength: 76.6,usage foundation: 66.7,role and availability context: 35.0,missing signal count: 5,,,,,Medium,ROUTE_PROXY_UNVALIDATED|LOW_CURRENT_SAMPLE|LOW_PLAYER_SAMPLE|LOW_RUSH_SAMPLE,Medium,ROUTE_PROXY_UNVALIDATED|LOW_CURRENT_SAMPLE|LOW_PLAYER_SAMPLE|LOW_RUSH_SAMPLE|LOW_CARRY_SAMPLE,,,,,,,8,8,8,MISSING,MISSING,MISSING,Pre-target weekly player stats only.,,,,,No schedule game matched team/opponent.,,,,,,,,,,,,MISSING,MISSING,MISSING,LOW_RELIABILITY_DEFENSE_FIT: shrinkage applied to historical allowed stats.,"Context V1 uses pre-target weekly history, schedules.csv game lines where present, and shrinkage-adjusted defense allowed stats.",True,False,False,rushing,GOOD_SIGNAL at 65.9. Main support: projection strength: 76.6; usage foundation: 66.7. Main caution: role and availability context: 35.0; missing signal count: 5.,projection strength: 76.6; usage foundation: 66.7; data quality: 65.7,,,weather not sourced; live role/injury gates not ready; defense fit limited; game environment limited,data quality: 65.7,review context: Context V1: defense fit missing/low reliability for some players; game environment missing,Research-only driver summary. Limitations: weather not sourced; live role/injury gates not ready; defense fit limited; game environment limited,RESEARCH_ONLY,current_v1,projection_heavy,65.88,GOOD_SIGNAL,GOOD_SIGNAL,68.66,GOOD_SIGNAL,GOOD_SIGNAL,2.78,NO_TIER_CHANGE,NO_ACTION_CHANGE,NO_MEANINGFUL_CHANGE,RESEARCH_ONLY challenger preview; production signal boards remain current_v1.
2025,1,,D.Foreman,CLE,,RB,0.9649082938535388,9.318571533128743,26.6592707539564,2.9534073917191965,,,,0.0,0.0,0.0,0.0,0.0,0.0,0.0,0.0,0.0,0.0,0.0,0.0,0.0,0.0,0.0,0.0,0.0,0.0,0.0,0.0,0.0,0.0,0.0,0.0,,,,,,,,,,,,,,MISSING,HIGH,MISSING,67,True,True,False,75.75,66.67,50.07,,,,35,55,65.7,65.49,GOOD_SIGNAL,2,0,0,5,projection strength: 75.8; usage foundation: 66.7,"Context V1: defense fit missing/low reliability for some players; game environment missing for some players; weather, route share, first-read share, and coverage are not sourced.",,NEEDS DATA,NEEDS DATA,NEEDS DATA,DATA_NEEDS_LIVE_CONTEXT,HISTORICAL TEST ONLY,NO-GO,GOOD_SIGNAL at 65.5. Main support: projection strength: 75.8; usage foundation: 66.7. Main caution: role and availability context: 35.0; missing signal count: 5.,GOOD_SIGNAL,projection strength: 75.8,usage foundation: 66.7,role and availability context: 35.0,missing signal count: 5,Medium,ROUTE_PROXY_UNVALIDATED|LOW_CURRENT_SAMPLE,Medium,ROUTE_PROXY_UNVALIDATED|LOW_CURRENT_SAMPLE,Medium,ROUTE_PROXY_UNVALIDATED|LOW_CURRENT_SAMPLE,Medium,ROUTE_PROXY_UNVALIDATED|LOW_CURRENT_SAMPLE,,,,,,,8,8,8,MISSING,MISSING,MISSING,Pre-target weekly player stats only.,,,,,No schedule game matched team/opponent.,,,,,,,,,,,,MISSING,MISSING,MISSING,LOW_RELIABILITY_DEFENSE_FIT: shrinkage applied to historical allowed stats.,"Context V1 uses pre-target weekly history, schedules.csv game lines where present, and shrinkage-adjusted defense allowed stats.",True,False,False,rushing,GOOD_SIGNAL at 65.5. Main support: projection strength: 75.8; usage foundation: 66.7. Main caution: role and availability context: 35.0; missing signal count: 5.,projection strength: 75.8; usage foundation: 66.7; data quality: 65.7,,,weather not sourced; live role/injury gates not ready; defense fit limited; game environment limited,data quality: 65.7,review context: Context V1: defense fit missing/low reliability for some players; game environment missing,Research-only driver summary. Limitations: weather not sourced; live role/injury gates not ready; defense fit limited; game environment limited,RESEARCH_ONLY,current_v1,projection_heavy,65.49,GOOD_SIGNAL,GOOD_SIGNAL,68.14,GOOD_SIGNAL,GOOD_SIGNAL,2.65,NO_TIER_CHANGE,NO_ACTION_CHANGE,NO_MEANINGFUL_CHANGE,RESEARCH_ONLY challenger preview; production signal boards remain current_v1.
2025,1,,S.Darnold,MIN,LA,QB,,,13.177911812401986,2.2658871604784,23.02994032353384,12.93846180494894,,0.0,0.0,0.0,0.0,0.0,0.0,0.0,0.0,0.0,0.0,0.0,0.0,0.0,0.0,0.0,0.0,0.0,0.0,0.0,0.0,0.0,0.0,0.0,0.0,,,,,,,,,,,,,,MISSING,HIGH,MISSING,67,False,True,True,75.68,66.67,50.07,,,,35,55,65.7,65.46,GOOD_SIGNAL,2,0,0,5,projection strength: 75.7; usage foundation: 66.7,"Context V1: defense fit missing/low reliability for some players; game environment missing for some players; weather, route share, first-read share, and coverage are not sourced.",,NEEDS DATA,NEEDS DATA,NEEDS DATA,DATA_NEEDS_LIVE_CONTEXT,HISTORICAL TEST ONLY,NO-GO,GOOD_SIGNAL at 65.5. Main support: projection strength: 75.7; usage foundation: 66.7. Main caution: role and availability context: 35.0; missing signal count: 5.,GOOD_SIGNAL,projection strength: 75.7,usage foundation: 66.7,role and availability context: 35.0,missing signal count: 5,,,,,Medium,ROUTE_PROXY_UNVALIDATED|LOW_CURRENT_SAMPLE|LOW_PLAYER_SAMPLE,Medium,ROUTE_PROXY_UNVALIDATED|LOW_CURRENT_SAMPLE|LOW_PLAYER_SAMPLE,Medium,ROUTE_PROXY_UNVALIDATED|LOW_CURRENT_SAMPLE|LOW_PLAYER_SAMPLE,Medium,ROUTE_PROXY_UNVALIDATED|LOW_CURRENT_SAMPLE|LOW_PLAYER_SAMPLE,,,8,8,8,MISSING,MISSING,MISSING,Pre-target weekly player stats only.,,,,,No schedule game matched team/opponent.,,,,,,,,,,,,MISSING,MISSING,MISSING,LOW_RELIABILITY_DEFENSE_FIT: shrinkage applied to historical allowed stats.,"Context V1 uses pre-target weekly history, schedules.csv game lines where present, and shrinkage-adjusted defense allowed stats.",True,False,False,rushing,GOOD_SIGNAL at 65.5. Main support: projection strength: 75.7; usage foundation: 66.7. Main caution: role and availability context: 35.0; missing signal count: 5.,projection strength: 75.7; usage foundation: 66.7; data quality: 65.7,,,weather not sourced; live role/injury gates not ready; defense fit limited; game environment limited,data quality: 65.7,review context: Context V1: defense fit missing/low reliability for some players; game environment missing,Research-only driver summary. Limitations: weather not sourced; live role/injury gates not ready; defense fit limited; game environment limited,RESEARCH_ONLY,current_v1,projection_heavy,65.46,GOOD_SIGNAL,GOOD_SIGNAL,68.1,GOOD_SIGNAL,GOOD_SIGNAL,2.64,NO_TIER_CHANGE,NO_ACTION_CHANGE,NO_MEANINGFUL_CHANGE,RESEARCH_ONLY challenger preview; production signal boards remain current_v1.
2025,1,,D.Pierce,HOU,,RB,0.5848098780282955,,26.54964056996263,3.309734555916667,,,,0.0,0.0,0.0,0.0,0.0,0.0,0.0,0.0,0.0,0.0,0.0,0.0,0.0,0.0,0.0,0.0,0.0,0.0,0.0,0.0,0.0,0.0,0.0,0.0,,,,,,,,,,,,,,MISSING,HIGH,MISSING,67,True,True,False,75.37,66.67,50.07,,,,35,55,65.7,65.32,GOOD_SIGNAL,2,0,0,5,projection strength: 75.4; usage foundation: 66.7,"Context V1: defense fit missing/low reliability for some players; game environment missing for some players; weather, route share, first-read share, and coverage are not sourced.",,NEEDS DATA,NEEDS DATA,NEEDS DATA,DATA_NEEDS_LIVE_CONTEXT,HISTORICAL TEST ONLY,NO-GO,GOOD_SIGNAL at 65.3. Main support: projection strength: 75.4; usage foundation: 66.7. Main caution: role and availability context: 35.0; missing signal count: 5.,GOOD_SIGNAL,projection strength: 75.4,usage foundation: 66.7,role and availability context: 35.0,missing signal count: 5,Medium,ROUTE_PROXY_UNVALIDATED|LOW_CURRENT_SAMPLE,,,Medium,ROUTE_PROXY_UNVALIDATED|LOW_CURRENT_SAMPLE,Medium,ROUTE_PROXY_UNVALIDATED|LOW_CURRENT_SAMPLE,,,,,,,8,8,8,MISSING,MISSING,MISSING,Pre-target weekly player stats only.,,,,,No schedule game matched team/opponent.,,,,,,,,,,,,MISSING,MISSING,MISSING,LOW_RELIABILITY_DEFENSE_FIT: shrinkage applied to historical allowed stats.,"Context V1 uses pre-target weekly history, schedules.csv game lines where present, and shrinkage-adjusted defense allowed stats.",True,False,False,rushing,GOOD_SIGNAL at 65.3. Main support: projection strength: 75.4; usage foundation: 66.7. Main caution: role and availability context: 35.0; missing signal count: 5.,projection strength: 75.4; usage foundation: 66.7; data quality: 65.7,,,weather not sourced; live role/injury gates not ready; defense fit limited; game environment limited,data quality: 65.7,review context: Context V1: defense fit missing/low reliability for some players; game environment missing,Research-only driver summary. Limitations: weather not sourced; live role/injury gates not ready; defense fit limited; game environment limited,RESEARCH_ONLY,current_v1,projection_heavy,65.32,GOOD_SIGNAL,GOOD_SIGNAL,67.91,GOOD_SIGNAL,GOOD_SIGNAL,2.59,NO_TIER_CHANGE,NO_ACTION_CHANGE,NO_MEANINGFUL_CHANGE,RESEARCH_ONLY challenger preview; production signal boards remain current_v1.
2025,1,,E.Demercado,ARI,,RB,1.125652690493684,8.923831747701163,26.41878241898297,1.9263209249888824,,,,0.0,0.0,0.0,0.0,0.0,0.0,0.0,0.0,0.0,0.0,0.0,0.0,0.0,0.0,0.0,0.0,0.0,0.0,0.0,0.0,0.0,0.0,0.0,0.0,,,,,,,,,,,,,,MISSING,HIGH,MISSING,67,True,True,False,75.0,66.67,50.07,,,,35,55,65.7,65.16,GOOD_SIGNAL,2,0,0,5,projection strength: 75.0; usage foundation: 66.7,"Context V1: defense fit missing/low reliability for some players; game environment missing for some players; weather, route share, first-read share, and coverage are not sourced.",,NEEDS DATA,NEEDS DATA,NEEDS DATA,DATA_NEEDS_LIVE_CONTEXT,HISTORICAL TEST ONLY,NO-GO,GOOD_SIGNAL at 65.2. Main support: projection strength: 75.0; usage foundation: 66.7. Main caution: role and availability context: 35.0; missing signal count: 5.,GOOD_SIGNAL,projection strength: 75.0,usage foundation: 66.7,role and availability context: 35.0,missing signal count: 5,Medium,ROUTE_PROXY_UNVALIDATED|LOW_CURRENT_SAMPLE,Medium,ROUTE_PROXY_UNVALIDATED|LOW_CURRENT_SAMPLE,Medium,ROUTE_PROXY_UNVALIDATED|LOW_CURRENT_SAMPLE,Medium,ROUTE_PROXY_UNVALIDATED|LOW_CURRENT_SAMPLE,,,,,,,8,8,8,MISSING,MISSING,MISSING,Pre-target weekly player stats only.,,,,,No schedule game matched team/opponent.,,,,,,,,,,,,MISSING,MISSING,MISSING,LOW_RELIABILITY_DEFENSE_FIT: shrinkage applied to historical allowed stats.,"Context V1 uses pre-target weekly history, schedules.csv game lines where present, and shrinkage-adjusted defense allowed stats.",True,False,False,rushing,GOOD_SIGNAL at 65.2. Main support: projection strength: 75.0; usage foundation: 66.7. Main caution: role and availability context: 35.0; missing signal count: 5.,projection strength: 75.0; usage foundation: 66.7; data quality: 65.7,,,weather not sourced; live role/injury gates not ready; defense fit limited; game environment limited,data quality: 65.7,review context: Context V1: defense fit missing/low reliability for some players; game environment missing,Research-only driver summary. Limitations: weather not sourced; live role/injury gates not ready; defense fit limited; game environment limited,RESEARCH_ONLY,current_v1,projection_heavy,65.16,GOOD_SIGNAL,GOOD_SIGNAL,67.7,GOOD_SIGNAL,GOOD_SIGNAL,2.54,NO_TIER_CHANGE,NO_ACTION_CHANGE,NO_MEANINGFUL_CHANGE,RESEARCH_ONLY challenger preview; production signal boards remain current_v1.
2025,1,,D.Jones,NYG,CAR,QB,,,26.3883954021324,2.273290354516176,,,,0.0,0.0,0.0,0.0,0.0,0.0,0.0,0.0,0.0,0.0,0.0,0.0,0.0,0.0,0.0,0.0,0.0,0.0,0.0,0.0,0.0,0.0,0.0,0.0,,,,,,,,,,,,,,MISSING,HIGH,MISSING,67,False,True,False,74.63,66.67,50.07,,,,35,55,65.7,65.0,GOOD_SIGNAL,1,1,0,5,projection strength: 74.6; usage foundation: 66.7,"Context V1: defense fit missing/low reliability for some players; game environment missing for some players; weather, route share, first-read share, and coverage are not sourced.",,NEEDS DATA,NEEDS DATA,NEEDS DATA,DATA_NEEDS_LIVE_CONTEXT,HISTORICAL TEST ONLY,NO-GO,GOOD_SIGNAL at 65.0. Main support: projection strength: 74.6; usage foundation: 66.7. Main caution: role and availability context: 35.0; missing signal count: 5.,GOOD_SIGNAL,projection strength: 74.6,usage foundation: 66.7,role and availability context: 35.0,missing signal count: 5,,,,,Medium,ROUTE_PROXY_UNVALIDATED|LOW_CURRENT_SAMPLE|LOW_PLAYER_SAMPLE,Medium,ROUTE_PROXY_UNVALIDATED|LOW_CURRENT_SAMPLE|LOW_PLAYER_SAMPLE,,,,,,,8,8,8,MISSING,MISSING,MISSING,Pre-target weekly player stats only.,,,,,No schedule game matched team/opponent.,,,,,,,,,,,,MISSING,MISSING,MISSING,LOW_RELIABILITY_DEFENSE_FIT: shrinkage applied to historical allowed stats.,"Context V1 uses pre-target weekly history, schedules.csv game lines where present, and shrinkage-adjusted defense allowed stats.",True,False,False,rushing,GOOD_SIGNAL at 65.0. Main support: projection strength: 74.6; usage foundation: 66.7. Main caution: role and availability context: 35.0; missing signal count: 5.,projection strength: 74.6; usage foundation: 66.7; data quality: 65.7,,,weather not sourced; live role/injury gates not ready; defense fit limited; game environment limited,data quality: 65.7,review context: Context V1: defense fit missing/low reliability for some players; game environment missing,Research-only driver summary. Limitations: weather not sourced; live role/injury gates not ready; defense fit limited; game environment limited,RESEARCH_ONLY,current_v1,projection_heavy,65.0,GOOD_SIGNAL,GOOD_SIGNAL,67.48,GOOD_SIGNAL,GOOD_SIGNAL,2.48,NO_TIER_CHANGE,NO_ACTION_CHANGE,NO_MEANINGFUL_CHANGE,RESEARCH_ONLY challenger preview; production signal boards remain current_v1.
2025,1,,D.Cook,DAL,,RB,0.930701909829294,8.99794878936927,17.763637768998088,3.742382389615147,,,,0.0,0.0,0.0,0.0,0.0,0.0,0.0,0.0,0.0,0.0,0.0,0.0,0.0,0.0,0.0,0.0,0.0,0.0,0.0,0.0,0.0,0.0,0.0,0.0,,,,,,,,,,,,,,MISSING,HIGH,MISSING,67,True,True,False,74.59,66.67,50.07,,,,35,55,65.7,64.98,GOOD_SIGNAL,1,1,0,5,projection strength: 74.6; usage foundation: 66.7,"Context V1: defense fit missing/low reliability for some players; game environment missing for some players; weather, route share, first-read share, and coverage are not sourced.",,NEEDS DATA,NEEDS DATA,NEEDS DATA,DATA_NEEDS_LIVE_CONTEXT,HISTORICAL TEST ONLY,NO-GO,GOOD_SIGNAL at 65.0. Main support: projection strength: 74.6; usage foundation: 66.7. Main caution: role and availability context: 35.0; missing signal count: 5.,GOOD_SIGNAL,projection strength: 74.6,usage foundation: 66.7,role and availability context: 35.0,missing signal count: 5,Medium,ROUTE_PROXY_UNVALIDATED|LOW_CURRENT_SAMPLE,Medium,ROUTE_PROXY_UNVALIDATED|LOW_CURRENT_SAMPLE,Medium,ROUTE_PROXY_UNVALIDATED|LOW_CURRENT_SAMPLE,Medium,ROUTE_PROXY_UNVALIDATED|LOW_CURRENT_SAMPLE,,,,,,,8,8,8,MISSING,MISSING,MISSING,Pre-target weekly player stats only.,,,,,No schedule game matched team/opponent.,,,,,,,,,,,,MISSING,MISSING,MISSING,LOW_RELIABILITY_DEFENSE_FIT: shrinkage applied to historical allowed stats.,"Context V1 uses pre-target weekly history, schedules.csv game lines where present, and shrinkage-adjusted defense allowed stats.",True,False,False,rushing,GOOD_SIGNAL at 65.0. Main support: projection strength: 74.6; usage foundation: 66.7. Main caution: role and availability context: 35.0; missing signal count: 5.,projection strength: 74.6; usage foundation: 66.7; data quality: 65.7,,,weather not sourced; live role/injury gates not ready; defense fit limited; game environment limited,data quality: 65.7,review context: Context V1: defense fit missing/low reliability for some players; game environment missing,Research-only driver summary. Limitations: weather not sourced; live role/injury gates not ready; defense fit limited; game environment limited,RESEARCH_ONLY,current_v1,projection_heavy,64.98,GOOD_SIGNAL,GOOD_SIGNAL,67.46,GOOD_SIGNAL,GOOD_SIGNAL,2.48,NO_TIER_CHANGE,NO_ACTION_CHANGE,NO_MEANINGFUL_CHANGE,RESEARCH_ONLY challenger preview; production signal boards remain current_v1.
2025,1,,J.Hill,BAL,,RB,1.1764145347839876,11.057599232571592,23.474318462745348,3.7085881851510014,,,,0.0,0.0,0.0,0.0,0.0,0.0,0.0,0.0,0.0,0.0,0.0,0.0,0.0,0.0,0.0,0.0,0.0,0.0,0.0,0.0,0.0,0.0,0.0,0.0,,,,,,,,,,,,,,MISSING,HIGH,MISSING,67,True,True,False,74.18,66.67,50.07,,,,35,55,65.7,64.8,GOOD_SIGNAL,1,1,0,5,projection strength: 74.2; usage foundation: 66.7,"Context V1: defense fit missing/low reliability for some players; game environment missing for some players; weather, route share, first-read share, and coverage are not sourced.",,NEEDS DATA,NEEDS DATA,NEEDS DATA,DATA_NEEDS_LIVE_CONTEXT,HISTORICAL TEST ONLY,NO-GO,GOOD_SIGNAL at 64.8. Main support: projection strength: 74.2; usage foundation: 66.7. Main caution: role and availability context: 35.0; missing signal count: 5.,GOOD_SIGNAL,projection strength: 74.2,usage foundation: 66.7,role and availability context: 35.0,missing signal count: 5,Medium,ROUTE_PROXY_UNVALIDATED|LOW_CURRENT_SAMPLE,Medium,ROUTE_PROXY_UNVALIDATED|LOW_CURRENT_SAMPLE,Medium,ROUTE_PROXY_UNVALIDATED|LOW_CURRENT_SAMPLE,Medium,ROUTE_PROXY_UNVALIDATED|LOW_CURRENT_SAMPLE,,,,,,,8,8,8,MISSING,MISSING,MISSING,Pre-target weekly player stats only.,,,,,No schedule game matched team/opponent.,,,,,,,,,,,,MISSING,MISSING,MISSING,LOW_RELIABILITY_DEFENSE_FIT: shrinkage applied to historical allowed stats.,"Context V1 uses pre-target weekly history, schedules.csv game lines where present, and shrinkage-adjusted defense allowed stats.",True,False,False,rushing,GOOD_SIGNAL at 64.8. Main support: projection strength: 74.2; usage foundation: 66.7. Main caution: role and availability context: 35.0; missing signal count: 5.,projection strength: 74.2; usage foundation: 66.7; data quality: 65.7,,,weather not sourced; live role/injury gates not ready; defense fit limited; game environment limited,data quality: 65.7,review context: Context V1: defense fit missing/low reliability for some players; game environment missing,Research-only driver summary. Limitations: weather not sourced; live role/injury gates not ready; defense fit limited; game environment limited,RESEARCH_ONLY,current_v1,projection_heavy,64.8,GOOD_SIGNAL,GOOD_SIGNAL,67.21,GOOD_SIGNAL,GOOD_SIGNAL,2.41,NO_TIER_CHANGE,NO_ACTION_CHANGE,NO_MEANINGFUL_CHANGE,RESEARCH_ONLY challenger preview; production signal boards remain current_v1.
2025,1,,J.Allen,BUF,KC,QB,,,26.23318744507668,3.676414728197042,15.341667010111776,11.187325300567217,,0.0,0.0,0.0,0.0,0.0,0.0,0.0,0.0,0.0,0.0,0.0,0.0,0.0,0.0,0.0,0.0,0.0,0.0,0.0,0.0,0.0,0.0,0.0,0.0,,,,,,,,,,,,,,MISSING,HIGH,MISSING,67,False,True,True,73.88,66.67,50.07,,,,35,55,65.7,64.67,GOOD_SIGNAL,1,1,0,5,projection strength: 73.9; usage foundation: 66.7,"Context V1: defense fit missing/low reliability for some players; game environment missing for some players; weather, route share, first-read share, and coverage are not sourced.",,NEEDS DATA,NEEDS DATA,NEEDS DATA,DATA_NEEDS_LIVE_CONTEXT,HISTORICAL TEST ONLY,NO-GO,GOOD_SIGNAL at 64.7. Main support: projection strength: 73.9; usage foundation: 66.7. Main caution: role and availability context: 35.0; missing signal count: 5.,GOOD_SIGNAL,projection strength: 73.9,usage foundation: 66.7,role and availability context: 35.0,missing signal count: 5,,,,,Medium,ROUTE_PROXY_UNVALIDATED|LOW_CURRENT_SAMPLE|LOW_PLAYER_SAMPLE,Medium,ROUTE_PROXY_UNVALIDATED|LOW_CURRENT_SAMPLE|LOW_PLAYER_SAMPLE,Medium,ROUTE_PROXY_UNVALIDATED|LOW_CURRENT_SAMPLE|LOW_PLAYER_SAMPLE,Medium,ROUTE_PROXY_UNVALIDATED|LOW_CURRENT_SAMPLE|LOW_PLAYER_SAMPLE,,,8,8,8,MISSING,MISSING,MISSING,Pre-target weekly player stats only.,,,,,No schedule game matched team/opponent.,,,,,,,,,,,,MISSING,MISSING,MISSING,LOW_RELIABILITY_DEFENSE_FIT: shrinkage applied to historical allowed stats.,"Context V1 uses pre-target weekly history, schedules.csv game lines where present, and shrinkage-adjusted defense allowed stats.",True,False,False,rushing,GOOD_SIGNAL at 64.7. Main support: projection strength: 73.9; usage foundation: 66.7. Main caution: role and availability context: 35.0; missing signal count: 5.,projection strength: 73.9; usage foundation: 66.7; data quality: 65.7,,,weather not sourced; live role/injury gates not ready; defense fit limited; game environment limited,data quality: 65.7,review context: Context V1: defense fit missing/low reliability for some players; game environment missing,Research-only driver summary. Limitations: weather not sourced; live role/injury gates not ready; defense fit limited; game environment limited,RESEARCH_ONLY,current_v1,projection_heavy,64.67,GOOD_SIGNAL,GOOD_SIGNAL,67.04,GOOD_SIGNAL,GOOD_SIGNAL,2.37,NO_TIER_CHANGE,NO_ACTION_CHANGE,NO_MEANINGFUL_CHANGE,RESEARCH_ONLY challenger preview; production signal boards remain current_v1.
2025,1,,K.Harris,NE,,RB,0.8431496714172521,9.712816833717516,26.082591134684023,3.093241008476692,,,,0.0,0.0,0.0,0.0,0.0,0.0,0.0,0.0,0.0,0.0,0.0,0.0,0.0,0.0,0.0,0.0,0.0,0.0,0.0,0.0,0.0,0.0,0.0,0.0,,,,,,,,,,,,,,MISSING,HIGH,MISSING,67,True,True,False,73.51,66.67,50.07,,,,35,55,65.7,64.51,GOOD_SIGNAL,1,1,0,5,projection strength: 73.5; usage foundation: 66.7,"Context V1: defense fit missing/low reliability for some players; game environment missing for some players; weather, route share, first-read share, and coverage are not sourced.",,NEEDS DATA,NEEDS DATA,NEEDS DATA,DATA_NEEDS_LIVE_CONTEXT,HISTORICAL TEST ONLY,NO-GO,GOOD_SIGNAL at 64.5. Main support: projection strength: 73.5; usage foundation: 66.7. Main caution: role and availability context: 35.0; missing signal count: 5.,GOOD_SIGNAL,projection strength: 73.5,usage foundation: 66.7,role and availability context: 35.0,missing signal count: 5,Medium,ROUTE_PROXY_UNVALIDATED|LOW_CURRENT_SAMPLE|LOW_PLAYER_SAMPLE,Medium,ROUTE_PROXY_UNVALIDATED|LOW_CURRENT_SAMPLE|LOW_PLAYER_SAMPLE|LOW_YARDAGE_SAMPLE,Medium,ROUTE_PROXY_UNVALIDATED|LOW_CURRENT_SAMPLE|LOW_PLAYER_SAMPLE|LOW_RUSH_SAMPLE,Medium,ROUTE_PROXY_UNVALIDATED|LOW_CURRENT_SAMPLE|LOW_PLAYER_SAMPLE|LOW_RUSH_SAMPLE|LOW_CARRY_SAMPLE,,,,,,,8,8,8,MISSING,MISSING,MISSING,Pre-target weekly player stats only.,,,,,No schedule game matched team/opponent.,,,,,,,,,,,,MISSING,MISSING,MISSING,LOW_RELIABILITY_DEFENSE_FIT: shrinkage applied to historical allowed stats.,"Context V1 uses pre-target weekly history, schedules.csv game lines where present, and shrinkage-adjusted defense allowed stats.",True,False,False,rushing,GOOD_SIGNAL at 64.5. Main support: projection strength: 73.5; usage foundation: 66.7. Main caution: role and availability context: 35.0; missing signal count: 5.,projection strength: 73.5; usage foundation: 66.7; data quality: 65.7,,,weather not sourced; live role/injury gates not ready; defense fit limited; game environment limited,data quality: 65.7,review context: Context V1: defense fit missing/low reliability for some players; game environment missing,Research-only driver summary. Limitations: weather not sourced; live role/injury gates not ready; defense fit limited; game environment limited,RESEARCH_ONLY,current_v1,projection_heavy,64.51,GOOD_SIGNAL,GOOD_SIGNAL,66.82,GOOD_SIGNAL,GOOD_SIGNAL,2.31,NO_TIER_CHANGE,NO_ACTION_CHANGE,NO_MEANINGFUL_CHANGE,RESEARCH_ONLY challenger preview; production signal boards remain current_v1.
2025,1,,Em.Wilson,GB,,RB,0.9105239308164434,6.967555527950683,26.069288084509367,2.9453717195449336,,,,0.0,0.0,0.0,0.0,0.0,0.0,0.0,0.0,0.0,0.0,0.0,0.0,0.0,0.0,0.0,0.0,0.0,0.0,0.0,0.0,0.0,0.0,0.0,0.0,,,,,,,,,,,,,,MISSING,HIGH,MISSING,67,True,True,False,73.13,66.67,50.07,,,,35,55,65.7,64.34,GOOD_SIGNAL,1,1,0,5,projection strength: 73.1; usage foundation: 66.7,"Context V1: defense fit missing/low reliability for some players; game environment missing for some players; weather, route share, first-read share, and coverage are not sourced.",,NEEDS DATA,NEEDS DATA,NEEDS DATA,DATA_NEEDS_LIVE_CONTEXT,HISTORICAL TEST ONLY,NO-GO,GOOD_SIGNAL at 64.3. Main support: projection strength: 73.1; usage foundation: 66.7. Main caution: role and availability context: 35.0; missing signal count: 5.,GOOD_SIGNAL,projection strength: 73.1,usage foundation: 66.7,role and availability context: 35.0,missing signal count: 5,Medium,ROUTE_PROXY_UNVALIDATED|LOW_CURRENT_SAMPLE,Medium,ROUTE_PROXY_UNVALIDATED|LOW_CURRENT_SAMPLE,Medium,ROUTE_PROXY_UNVALIDATED|LOW_CURRENT_SAMPLE,Medium,ROUTE_PROXY_UNVALIDATED|LOW_CURRENT_SAMPLE,,,,,,,8,8,8,MISSING,MISSING,MISSING,Pre-target weekly player stats only.,,,,,No schedule game matched team/opponent.,,,,,,,,,,,,MISSING,MISSING,MISSING,LOW_RELIABILITY_DEFENSE_FIT: shrinkage applied to historical allowed stats.,"Context V1 uses pre-target weekly history, schedules.csv game lines where present, and shrinkage-adjusted defense allowed stats.",True,False,False,rushing,GOOD_SIGNAL at 64.3. Main support: projection strength: 73.1; usage foundation: 66.7. Main caution: role and availability context: 35.0; missing signal count: 5.,projection strength: 73.1; usage foundation: 66.7; data quality: 65.7,,,weather not sourced; live role/injury gates not ready; defense fit limited; game environment limited,data quality: 65.7,review context: Context V1: defense fit missing/low reliability for some players; game environment missing,Research-only driver summary. Limitations: weather not sourced; live role/injury gates not ready; defense fit limited; game environment limited,RESEARCH_ONLY,current_v1,projection_heavy,64.34,GOOD_SIGNAL,GOOD_SIGNAL,66.6,GOOD_SIGNAL,GOOD_SIGNAL,2.26,NO_TIER_CHANGE,NO_ACTION_CHANGE,NO_MEANINGFUL_CHANGE,RESEARCH_ONLY challenger preview; production signal boards remain current_v1.
2025,1,,R.Wilson,PIT,BAL,QB,,,16.513976204767435,2.047731496886453,22.463631047680163,12.463500428762382,,0.0,0.0,0.0,0.0,0.0,0.0,0.0,0.0,0.0,0.0,0.0,0.0,0.0,0.0,0.0,0.0,0.0,0.0,0.0,0.0,0.0,0.0,0.0,0.0,,,,,,,,,,,,,,MISSING,HIGH,MISSING,67,False,True,True,72.97,66.67,50.07,,,,35,55,65.7,64.27,GOOD_SIGNAL,1,1,0,5,projection strength: 73.0; usage foundation: 66.7,"Context V1: defense fit missing/low reliability for some players; game environment missing for some players; weather, route share, first-read share, and coverage are not sourced.",,NEEDS DATA,NEEDS DATA,NEEDS DATA,DATA_NEEDS_LIVE_CONTEXT,HISTORICAL TEST ONLY,NO-GO,GOOD_SIGNAL at 64.3. Main support: projection strength: 73.0; usage foundation: 66.7. Main caution: role and availability context: 35.0; missing signal count: 5.,GOOD_SIGNAL,projection strength: 73.0,usage foundation: 66.7,role and availability context: 35.0,missing signal count: 5,,,,,Medium,ROUTE_PROXY_UNVALIDATED|LOW_CURRENT_SAMPLE|LOW_PLAYER_SAMPLE,Medium,ROUTE_PROXY_UNVALIDATED|LOW_CURRENT_SAMPLE|LOW_PLAYER_SAMPLE,Medium,ROUTE_PROXY_UNVALIDATED|LOW_CURRENT_SAMPLE|LOW_PLAYER_SAMPLE,Medium,ROUTE_PROXY_UNVALIDATED|LOW_CURRENT_SAMPLE|LOW_PLAYER_SAMPLE,,,8,8,8,MISSING,MISSING,MISSING,Pre-target weekly player stats only.,,,,,No schedule game matched team/opponent.,,,,,,,,,,,,MISSING,MISSING,MISSING,LOW_RELIABILITY_DEFENSE_FIT: shrinkage applied to historical allowed stats.,"Context V1 uses pre-target weekly history, schedules.csv game lines where present, and shrinkage-adjusted defense allowed stats.",True,False,False,rushing,GOOD_SIGNAL at 64.3. Main support: projection strength: 73.0; usage foundation: 66.7. Main caution: role and availability context: 35.0; missing signal count: 5.,projection strength: 73.0; usage foundation: 66.7; data quality: 65.7,,,weather not sourced; live role/injury gates not ready; defense fit limited; game environment limited,data quality: 65.7,review context: Context V1: defense fit missing/low reliability for some players; game environment missing,Research-only driver summary. Limitations: weather not sourced; live role/injury gates not ready; defense fit limited; game environment limited,RESEARCH_ONLY,current_v1,projection_heavy,64.27,GOOD_SIGNAL,GOOD_SIGNAL,66.5,GOOD_SIGNAL,GOOD_SIGNAL,2.23,NO_TIER_CHANGE,NO_ACTION_CHANGE,NO_MEANINGFUL_CHANGE,RESEARCH_ONLY challenger preview; production signal boards remain current_v1.
2025,1,,Z.White,LV,,RB,0.9681758398361584,6.917178939582091,26.0505577571082,3.31276737265679,,,,0.0,0.0,0.0,0.0,0.0,0.0,0.0,0.0,0.0,0.0,0.0,0.0,0.0,0.0,0.0,0.0,0.0,0.0,0.0,0.0,0.0,0.0,0.0,0.0,,,,,,,,,,,,,,MISSING,HIGH,MISSING,67,True,True,False,72.76,66.67,50.07,,,,35,55,65.7,64.18,GOOD_SIGNAL,1,1,0,5,projection strength: 72.8; usage foundation: 66.7,"Context V1: defense fit missing/low reliability for some players; game environment missing for some players; weather, route share, first-read share, and coverage are not sourced.",,NEEDS DATA,NEEDS DATA,NEEDS DATA,DATA_NEEDS_LIVE_CONTEXT,HISTORICAL TEST ONLY,NO-GO,GOOD_SIGNAL at 64.2. Main support: projection strength: 72.8; usage foundation: 66.7. Main caution: role and availability context: 35.0; missing signal count: 5.,GOOD_SIGNAL,projection strength: 72.8,usage foundation: 66.7,role and availability context: 35.0,missing signal count: 5,Medium,ROUTE_PROXY_UNVALIDATED|LOW_CURRENT_SAMPLE,Medium,ROUTE_PROXY_UNVALIDATED|LOW_CURRENT_SAMPLE,Medium,ROUTE_PROXY_UNVALIDATED|LOW_CURRENT_SAMPLE,Medium,ROUTE_PROXY_UNVALIDATED|LOW_CURRENT_SAMPLE,,,,,,,8,8,8,MISSING,MISSING,MISSING,Pre-target weekly player stats only.,,,,,No schedule game matched team/opponent.,,,,,,,,,,,,MISSING,MISSING,MISSING,LOW_RELIABILITY_DEFENSE_FIT: shrinkage applied to historical allowed stats.,"Context V1 uses pre-target weekly history, schedules.csv game lines where present, and shrinkage-adjusted defense allowed stats.",True,False,False,rushing,GOOD_SIGNAL at 64.2. Main support: projection strength: 72.8; usage foundation: 66.7. Main caution: role and availability context: 35.0; missing signal count: 5.,projection strength: 72.8; usage foundation: 66.7; data quality: 65.7,,,weather not sourced; live role/injury gates not ready; defense fit limited; game environment limited,data quality: 65.7,review context: Context V1: defense fit missing/low reliability for some players; game environment missing,Research-only driver summary. Limitations: weather not sourced; live role/injury gates not ready; defense fit limited; game environment limited,RESEARCH_ONLY,current_v1,projection_heavy,64.18,GOOD_SIGNAL,GOOD_SIGNAL,66.38,GOOD_SIGNAL,GOOD_SIGNAL,2.2,NO_TIER_CHANGE,NO_ACTION_CHANGE,NO_MEANINGFUL_CHANGE,RESEARCH_ONLY challenger preview; production signal boards remain current_v1.
2025,1,,K.Mitchell,BAL,,RB,0.8105803025849402,13.639294882610102,19.988143794290423,3.647151908449358,,,,0.0,0.0,0.0,0.0,0.0,0.0,0.0,0.0,0.0,0.0,0.0,0.0,0.0,0.0,0.0,0.0,0.0,0.0,0.0,0.0,0.0,0.0,0.0,0.0,,,,,,,,,,,,,,MISSING,HIGH,MISSING,67,True,True,False,72.54,66.67,50.07,,,,35,55,65.7,64.09,GOOD_SIGNAL,1,1,0,5,projection strength: 72.5; usage foundation: 66.7,"Context V1: defense fit missing/low reliability for some players; game environment missing for some players; weather, route share, first-read share, and coverage are not sourced.",,NEEDS DATA,NEEDS DATA,NEEDS DATA,DATA_NEEDS_LIVE_CONTEXT,HISTORICAL TEST ONLY,NO-GO,GOOD_SIGNAL at 64.1. Main support: projection strength: 72.5; usage foundation: 66.7. Main caution: role and availability context: 35.0; missing signal count: 5.,GOOD_SIGNAL,projection strength: 72.5,usage foundation: 66.7,role and availability context: 35.0,missing signal count: 5,Medium,ROUTE_PROXY_UNVALIDATED|LOW_CURRENT_SAMPLE,Medium,ROUTE_PROXY_UNVALIDATED|LOW_CURRENT_SAMPLE,Medium,ROUTE_PROXY_UNVALIDATED|LOW_CURRENT_SAMPLE,Medium,ROUTE_PROXY_UNVALIDATED|LOW_CURRENT_SAMPLE,,,,,,,8,8,8,MISSING,MISSING,MISSING,Pre-target weekly player stats only.,,,,,No schedule game matched team/opponent.,,,,,,,,,,,,MISSING,MISSING,MISSING,LOW_RELIABILITY_DEFENSE_FIT: shrinkage applied to historical allowed stats.,"Context V1 uses pre-target weekly history, schedules.csv game lines where present, and shrinkage-adjusted defense allowed stats.",True,False,False,rushing,GOOD_SIGNAL at 64.1. Main support: projection strength: 72.5; usage foundation: 66.7. Main caution: role and availability context: 35.0; missing signal count: 5.,projection strength: 72.5; usage foundation: 66.7; data quality: 65.7,,,weather not sourced; live role/injury gates not ready; defense fit limited; game environment limited,data quality: 65.7,review context: Context V1: defense fit missing/low reliability for some players; game environment missing,Research-only driver summary. Limitations: weather not sourced; live role/injury gates not ready; defense fit limited; game environment limited,RESEARCH_ONLY,current_v1,projection_heavy,64.09,GOOD_SIGNAL,GOOD_SIGNAL,66.25,GOOD_SIGNAL,GOOD_SIGNAL,2.16,NO_TIER_CHANGE,NO_ACTION_CHANGE,NO_MEANINGFUL_CHANGE,RESEARCH_ONLY challenger preview; production signal boards remain current_v1.
2025,1,,B.Scott,PHI,,RB,0.5326705918732769,,24.04070801609836,3.5853773819497547,,,,0.0,0.0,0.0,0.0,0.0,0.0,0.0,0.0,0.0,0.0,0.0,0.0,0.0,0.0,0.0,0.0,0.0,0.0,0.0,0.0,0.0,0.0,0.0,0.0,,,,,,,,,,,,,,MISSING,HIGH,MISSING,67,True,True,False,72.13,66.67,50.07,,,,35,55,65.7,63.91,GOOD_SIGNAL,1,1,0,5,projection strength: 72.1; usage foundation: 66.7,"Context V1: defense fit missing/low reliability for some players; game environment missing for some players; weather, route share, first-read share, and coverage are not sourced.",,NEEDS DATA,NEEDS DATA,NEEDS DATA,DATA_NEEDS_LIVE_CONTEXT,HISTORICAL TEST ONLY,NO-GO,GOOD_SIGNAL at 63.9. Main support: projection strength: 72.1; usage foundation: 66.7. Main caution: role and availability context: 35.0; missing signal count: 5.,GOOD_SIGNAL,projection strength: 72.1,usage foundation: 66.7,role and availability context: 35.0,missing signal count: 5,Medium,ROUTE_PROXY_UNVALIDATED|LOW_CURRENT_SAMPLE|LOW_PLAYER_SAMPLE,,,Medium,ROUTE_PROXY_UNVALIDATED|LOW_CURRENT_SAMPLE|LOW_PLAYER_SAMPLE,Medium,ROUTE_PROXY_UNVALIDATED|LOW_CURRENT_SAMPLE|LOW_PLAYER_SAMPLE,,,,,,,8,8,8,MISSING,MISSING,MISSING,Pre-target weekly player stats only.,,,,,No schedule game matched team/opponent.,,,,,,,,,,,,MISSING,MISSING,MISSING,LOW_RELIABILITY_DEFENSE_FIT: shrinkage applied to historical allowed stats.,"Context V1 uses pre-target weekly history, schedules.csv game lines where present, and shrinkage-adjusted defense allowed stats.",True,False,False,rushing,GOOD_SIGNAL at 63.9. Main support: projection strength: 72.1; usage foundation: 66.7. Main caution: role and availability context: 35.0; missing signal count: 5.,projection strength: 72.1; usage foundation: 66.7; data quality: 65.7,,,weather not sourced; live role/injury gates not ready; defense fit limited; game environment limited,data quality: 65.7,review context: Context V1: defense fit missing/low reliability for some players; game environment missing,Research-only driver summary. Limitations: weather not sourced; live role/injury gates not ready; defense fit limited; game environment limited,RESEARCH_ONLY,current_v1,projection_heavy,63.91,GOOD_SIGNAL,GOOD_SIGNAL,66.01,GOOD_SIGNAL,GOOD_SIGNAL,2.1,NO_TIER_CHANGE,NO_ACTION_CHANGE,NO_MEANINGFUL_CHANGE,RESEARCH_ONLY challenger preview; production signal boards remain current_v1.
2025,1,,T.Sermon,IND,,RB,1.0363686415204516,8.010967908174164,17.705252467087796,3.366047772316472,,,,0.0,0.0,0.0,0.0,0.0,0.0,0.0,0.0,0.0,0.0,0.0,0.0,0.0,0.0,0.0,0.0,0.0,0.0,0.0,0.0,0.0,0.0,0.0,0.0,,,,,,,,,,,,,,MISSING,HIGH,MISSING,67,True,True,False,71.31,66.67,50.07,,,,35,55,65.7,63.55,GOOD_SIGNAL,1,1,0,5,projection strength: 71.3; usage foundation: 66.7,"Context V1: defense fit missing/low reliability for some players; game environment missing for some players; weather, route share, first-read share, and coverage are not sourced.",,NEEDS DATA,NEEDS DATA,NEEDS DATA,DATA_NEEDS_LIVE_CONTEXT,HISTORICAL TEST ONLY,NO-GO,GOOD_SIGNAL at 63.5. Main support: projection strength: 71.3; usage foundation: 66.7. Main caution: role and availability context: 35.0; missing signal count: 5.,GOOD_SIGNAL,projection strength: 71.3,usage foundation: 66.7,role and availability context: 35.0,missing signal count: 5,Medium,ROUTE_PROXY_UNVALIDATED|LOW_CURRENT_SAMPLE,Medium,ROUTE_PROXY_UNVALIDATED|LOW_CURRENT_SAMPLE,Medium,ROUTE_PROXY_UNVALIDATED|LOW_CURRENT_SAMPLE,Medium,ROUTE_PROXY_UNVALIDATED|LOW_CURRENT_SAMPLE,,,,,,,8,8,8,MISSING,MISSING,MISSING,Pre-target weekly player stats only.,,,,,No schedule game matched team/opponent.,,,,,,,,,,,,MISSING,MISSING,MISSING,LOW_RELIABILITY_DEFENSE_FIT: shrinkage applied to historical allowed stats.,"Context V1 uses pre-target weekly history, schedules.csv game lines where present, and shrinkage-adjusted defense allowed stats.",True,False,False,rushing,GOOD_SIGNAL at 63.5. Main support: projection strength: 71.3; usage foundation: 66.7. Main caution: role and availability context: 35.0; missing signal count: 5.,projection strength: 71.3; usage foundation: 66.7; data quality: 65.7,,,weather not sourced; live role/injury gates not ready; defense fit limited; game environment limited,data quality: 65.7,review context: Context V1: defense fit missing/low reliability for some players; game environment missing,Research-only driver summary. Limitations: weather not sourced; live role/injury gates not ready; defense fit limited; game environment limited,RESEARCH_ONLY,current_v1,projection_heavy,63.55,GOOD_SIGNAL,GOOD_SIGNAL,65.53,GOOD_SIGNAL,GOOD_SIGNAL,1.98,NO_TIER_CHANGE,NO_ACTION_CHANGE,NO_MEANINGFUL_CHANGE,RESEARCH_ONLY challenger preview; production signal boards remain current_v1.
2025,1,,E.Dotson,LAC,,RB,1.1562069825643115,9.805054579046578,25.53753561998537,3.28337070529198,,,,0.0,0.0,0.0,0.0,0.0,0.0,0.0,0.0,0.0,0.0,0.0,0.0,0.0,0.0,0.0,0.0,0.0,0.0,0.0,0.0,0.0,0.0,0.0,0.0,,,,,,,,,,,,,,MISSING,HIGH,MISSING,67,True,True,False,71.27,66.67,50.07,,,,35,55,65.7,63.53,GOOD_SIGNAL,1,1,0,5,projection strength: 71.3; usage foundation: 66.7,"Context V1: defense fit missing/low reliability for some players; game environment missing for some players; weather, route share, first-read share, and coverage are not sourced.",,NEEDS DATA,NEEDS DATA,NEEDS DATA,DATA_NEEDS_LIVE_CONTEXT,HISTORICAL TEST ONLY,NO-GO,GOOD_SIGNAL at 63.5. Main support: projection strength: 71.3; usage foundation: 66.7. Main caution: role and availability context: 35.0; missing signal count: 5.,GOOD_SIGNAL,projection strength: 71.3,usage foundation: 66.7,role and availability context: 35.0,missing signal count: 5,Medium,ROUTE_PROXY_UNVALIDATED|LOW_CURRENT_SAMPLE|LOW_PLAYER_SAMPLE,Medium,ROUTE_PROXY_UNVALIDATED|LOW_CURRENT_SAMPLE|LOW_PLAYER_SAMPLE|LOW_YARDAGE_SAMPLE,Medium,ROUTE_PROXY_UNVALIDATED|LOW_CURRENT_SAMPLE|LOW_PLAYER_SAMPLE|LOW_RUSH_SAMPLE,Medium,ROUTE_PROXY_UNVALIDATED|LOW_CURRENT_SAMPLE|LOW_PLAYER_SAMPLE|LOW_RUSH_SAMPLE|LOW_CARRY_SAMPLE,,,,,,,8,8,8,MISSING,MISSING,MISSING,Pre-target weekly player stats only.,,,,,No schedule game matched team/opponent.,,,,,,,,,,,,MISSING,MISSING,MISSING,LOW_RELIABILITY_DEFENSE_FIT: shrinkage applied to historical allowed stats.,"Context V1 uses pre-target weekly history, schedules.csv game lines where present, and shrinkage-adjusted defense allowed stats.",True,False,False,rushing,GOOD_SIGNAL at 63.5. Main support: projection strength: 71.3; usage foundation: 66.7. Main caution: role and availability context: 35.0; missing signal count: 5.,projection strength: 71.3; usage foundation: 66.7; data quality: 65.7,,,weather not sourced; live role/injury gates not ready; defense fit limited; game environment limited,data quality: 65.7,review context: Context V1: defense fit missing/low reliability for some players; game environment missing,Research-only driver summary. Limitations: weather not sourced; live role/injury gates not ready; defense fit limited; game environment limited,RESEARCH_ONLY,current_v1,projection_heavy,63.53,GOOD_SIGNAL,GOOD_SIGNAL,65.5,GOOD_SIGNAL,GOOD_SIGNAL,1.97,NO_TIER_CHANGE,NO_ACTION_CHANGE,NO_MEANINGFUL_CHANGE,RESEARCH_ONLY challenger preview; production signal boards remain current_v1.
2025,1,,S.Ahmed,MIA,,RB,1.3118036867653324,10.813896412233747,23.32206619833322,3.316086703742719,,,,0.0,0.0,0.0,0.0,0.0,0.0,0.0,0.0,0.0,0.0,0.0,0.0,0.0,0.0,0.0,0.0,0.0,0.0,0.0,0.0,0.0,0.0,0.0,0.0,,,,,,,,,,,,,,MISSING,HIGH,MISSING,67,True,True,False,70.9,66.67,50.07,,,,35,55,65.7,63.37,GOOD_SIGNAL,1,1,0,5,projection strength: 70.9; usage foundation: 66.7,"Context V1: defense fit missing/low reliability for some players; game environment missing for some players; weather, route share, first-read share, and coverage are not sourced.",,NEEDS DATA,NEEDS DATA,NEEDS DATA,DATA_NEEDS_LIVE_CONTEXT,HISTORICAL TEST ONLY,NO-GO,GOOD_SIGNAL at 63.4. Main support: projection strength: 70.9; usage foundation: 66.7. Main caution: role and availability context: 35.0; missing signal count: 5.,GOOD_SIGNAL,projection strength: 70.9,usage foundation: 66.7,role and availability context: 35.0,missing signal count: 5,Medium,ROUTE_PROXY_UNVALIDATED|LOW_CURRENT_SAMPLE,Medium,ROUTE_PROXY_UNVALIDATED|LOW_CURRENT_SAMPLE,Medium,ROUTE_PROXY_UNVALIDATED|LOW_CURRENT_SAMPLE,Medium,ROUTE_PROXY_UNVALIDATED|LOW_CURRENT_SAMPLE,,,,,,,8,8,8,MISSING,MISSING,MISSING,Pre-target weekly player stats only.,,,,,No schedule game matched team/opponent.,,,,,,,,,,,,MISSING,MISSING,MISSING,LOW_RELIABILITY_DEFENSE_FIT: shrinkage applied to historical allowed stats.,"Context V1 uses pre-target weekly history, schedules.csv game lines where present, and shrinkage-adjusted defense allowed stats.",True,False,False,rushing,GOOD_SIGNAL at 63.4. Main support: projection strength: 70.9; usage foundation: 66.7. Main caution: role and availability context: 35.0; missing signal count: 5.,projection strength: 70.9; usage foundation: 66.7; data quality: 65.7,,,weather not sourced; live role/injury gates not ready; defense fit limited; game environment limited,data quality: 65.7,review context: Context V1: defense fit missing/low reliability for some players; game environment missing,Research-only driver summary. Limitations: weather not sourced; live role/injury gates not ready; defense fit limited; game environment limited,RESEARCH_ONLY,current_v1,projection_heavy,63.37,GOOD_SIGNAL,GOOD_SIGNAL,65.29,GOOD_SIGNAL,GOOD_SIGNAL,1.92,NO_TIER_CHANGE,NO_ACTION_CHANGE,NO_MEANINGFUL_CHANGE,RESEARCH_ONLY challenger preview; production signal boards remain current_v1.
2025,1,,D.Williams,ARI,,RB,0.991680471061944,8.292380172316726,25.52629888941479,3.183878892393251,,,,0.0,0.0,0.0,0.0,0.0,0.0,0.0,0.0,0.0,0.0,0.0,0.0,0.0,0.0,0.0,0.0,0.0,0.0,0.0,0.0,0.0,0.0,0.0,0.0,,,,,,,,,,,,,,MISSING,HIGH,MISSING,67,True,True,False,70.9,66.67,50.07,,,,35,55,65.7,63.37,GOOD_SIGNAL,1,1,0,5,projection strength: 70.9; usage foundation: 66.7,"Context V1: defense fit missing/low reliability for some players; game environment missing for some players; weather, route share, first-read share, and coverage are not sourced.",,NEEDS DATA,NEEDS DATA,NEEDS DATA,DATA_NEEDS_LIVE_CONTEXT,HISTORICAL TEST ONLY,NO-GO,GOOD_SIGNAL at 63.4. Main support: projection strength: 70.9; usage foundation: 66.7. Main caution: role and availability context: 35.0; missing signal count: 5.,GOOD_SIGNAL,projection strength: 70.9,usage foundation: 66.7,role and availability context: 35.0,missing signal count: 5,Medium,ROUTE_PROXY_UNVALIDATED|LOW_CURRENT_SAMPLE|LOW_PLAYER_SAMPLE,Medium,ROUTE_PROXY_UNVALIDATED|LOW_CURRENT_SAMPLE|LOW_PLAYER_SAMPLE|LOW_YARDAGE_SAMPLE,Medium,ROUTE_PROXY_UNVALIDATED|LOW_CURRENT_SAMPLE|LOW_PLAYER_SAMPLE|LOW_RUSH_SAMPLE,Medium,ROUTE_PROXY_UNVALIDATED|LOW_CURRENT_SAMPLE|LOW_PLAYER_SAMPLE|LOW_RUSH_SAMPLE|LOW_CARRY_SAMPLE,,,,,,,8,8,8,MISSING,MISSING,MISSING,Pre-target weekly player stats only.,,,,,No schedule game matched team/opponent.,,,,,,,,,,,,MISSING,MISSING,MISSING,LOW_RELIABILITY_DEFENSE_FIT: shrinkage applied to historical allowed stats.,"Context V1 uses pre-target weekly history, schedules.csv game lines where present, and shrinkage-adjusted defense allowed stats.",True,False,False,rushing,GOOD_SIGNAL at 63.4. Main support: projection strength: 70.9; usage foundation: 66.7. Main caution: role and availability context: 35.0; missing signal count: 5.,projection strength: 70.9; usage foundation: 66.7; data quality: 65.7,,,weather not sourced; live role/injury gates not ready; defense fit limited; game environment limited,data quality: 65.7,review context: Context V1: defense fit missing/low reliability for some players; game environment missing,Research-only driver summary. Limitations: weather not sourced; live role/injury gates not ready; defense fit limited; game environment limited,RESEARCH_ONLY,current_v1,projection_heavy,63.37,GOOD_SIGNAL,GOOD_SIGNAL,65.29,GOOD_SIGNAL,GOOD_SIGNAL,1.92,NO_TIER_CHANGE,NO_ACTION_CHANGE,NO_MEANINGFUL_CHANGE,RESEARCH_ONLY challenger preview; production signal boards remain current_v1.
2025,1,,M.Sanders,CAR,,RB,1.3426348534578156,10.371984674488468,24.934933615695385,3.3157522346816024,,,,0.0,0.0,0.0,0.0,0.0,0.0,0.0,0.0,0.0,0.0,0.0,0.0,0.0,0.0,0.0,0.0,0.0,0.0,0.0,0.0,0.0,0.0,0.0,0.0,,,,,,,,,,,,,,MISSING,HIGH,MISSING,67,True,True,False,70.49,66.67,50.07,,,,35,55,65.7,63.19,GOOD_SIGNAL,1,1,0,5,projection strength: 70.5; usage foundation: 66.7,"Context V1: defense fit missing/low reliability for some players; game environment missing for some players; weather, route share, first-read share, and coverage are not sourced.",,NEEDS DATA,NEEDS DATA,NEEDS DATA,DATA_NEEDS_LIVE_CONTEXT,HISTORICAL TEST ONLY,NO-GO,GOOD_SIGNAL at 63.2. Main support: projection strength: 70.5; usage foundation: 66.7. Main caution: role and availability context: 35.0; missing signal count: 5.,GOOD_SIGNAL,projection strength: 70.5,usage foundation: 66.7,role and availability context: 35.0,missing signal count: 5,Medium,ROUTE_PROXY_UNVALIDATED|LOW_CURRENT_SAMPLE,Medium,ROUTE_PROXY_UNVALIDATED|LOW_CURRENT_SAMPLE,Medium,ROUTE_PROXY_UNVALIDATED|LOW_CURRENT_SAMPLE,Medium,ROUTE_PROXY_UNVALIDATED|LOW_CURRENT_SAMPLE,,,,,,,8,8,8,MISSING,MISSING,MISSING,Pre-target weekly player stats only.,,,,,No schedule game matched team/opponent.,,,,,,,,,,,,MISSING,MISSING,MISSING,LOW_RELIABILITY_DEFENSE_FIT: shrinkage applied to historical allowed stats.,"Context V1 uses pre-target weekly history, schedules.csv game lines where present, and shrinkage-adjusted defense allowed stats.",True,False,False,rushing,GOOD_SIGNAL at 63.2. Main support: projection strength: 70.5; usage foundation: 66.7. Main caution: role and availability context: 35.0; missing signal count: 5.,projection strength: 70.5; usage foundation: 66.7; data quality: 65.7,,,weather not sourced; live role/injury gates not ready; defense fit limited; game environment limited,data quality: 65.7,review context: Context V1: defense fit missing/low reliability for some players; game environment missing,Research-only driver summary. Limitations: weather not sourced; live role/injury gates not ready; defense fit limited; game environment limited,RESEARCH_ONLY,current_v1,projection_heavy,63.19,GOOD_SIGNAL,GOOD_SIGNAL,65.04,GOOD_SIGNAL,GOOD_SIGNAL,1.85,NO_TIER_CHANGE,NO_ACTION_CHANGE,NO_MEANINGFUL_CHANGE,RESEARCH_ONLY challenger preview; production signal boards remain current_v1.
2025,1,,J.Flacco,IND,JAX,QB,,,6.263318059194613,1.480493597589215,22.027239923762806,12.237210779827205,,0.0,0.0,0.0,0.0,0.0,0.0,0.0,0.0,0.0,0.0,0.0,0.0,0.0,0.0,0.0,0.0,0.0,0.0,0.0,0.0,0.0,0.0,0.0,0.0,,,,,,,,,,,,,,MISSING,HIGH,MISSING,67,False,True,True,70.27,66.67,50.07,,,,35,55,65.7,63.09,GOOD_SIGNAL,1,1,0,5,projection strength: 70.3; usage foundation: 66.7,"Context V1: defense fit missing/low reliability for some players; game environment missing for some players; weather, route share, first-read share, and coverage are not sourced.",,NEEDS DATA,NEEDS DATA,NEEDS DATA,DATA_NEEDS_LIVE_CONTEXT,HISTORICAL TEST ONLY,NO-GO,GOOD_SIGNAL at 63.1. Main support: projection strength: 70.3; usage foundation: 66.7. Main caution: role and availability context: 35.0; missing signal count: 5.,GOOD_SIGNAL,projection strength: 70.3,usage foundation: 66.7,role and availability context: 35.0,missing signal count: 5,,,,,Medium,ROUTE_PROXY_UNVALIDATED|LOW_CURRENT_SAMPLE|LOW_PLAYER_SAMPLE,Medium,ROUTE_PROXY_UNVALIDATED|LOW_CURRENT_SAMPLE|LOW_PLAYER_SAMPLE,Medium,ROUTE_PROXY_UNVALIDATED|LOW_CURRENT_SAMPLE|LOW_PLAYER_SAMPLE,Medium,ROUTE_PROXY_UNVALIDATED|LOW_CURRENT_SAMPLE|LOW_PLAYER_SAMPLE,,,8,8,8,MISSING,MISSING,MISSING,Pre-target weekly player stats only.,,,,,No schedule game matched team/opponent.,,,,,,,,,,,,MISSING,MISSING,MISSING,LOW_RELIABILITY_DEFENSE_FIT: shrinkage applied to historical allowed stats.,"Context V1 uses pre-target weekly history, schedules.csv game lines where present, and shrinkage-adjusted defense allowed stats.",True,False,False,rushing,GOOD_SIGNAL at 63.1. Main support: projection strength: 70.3; usage foundation: 66.7. Main caution: role and availability context: 35.0; missing signal count: 5.,projection strength: 70.3; usage foundation: 66.7; data quality: 65.7,,,weather not sourced; live role/injury gates not ready; defense fit limited; game environment limited,data quality: 65.7,review context: Context V1: defense fit missing/low reliability for some players; game environment missing,Research-only driver summary. Limitations: weather not sourced; live role/injury gates not ready; defense fit limited; game environment limited,RESEARCH_ONLY,current_v1,projection_heavy,63.09,GOOD_SIGNAL,GOOD_SIGNAL,64.91,GOOD_SIGNAL,GOOD_SIGNAL,1.82,NO_TIER_CHANGE,NO_ACTION_CHANGE,NO_MEANINGFUL_CHANGE,RESEARCH_ONLY challenger preview; production signal boards remain current_v1.
2025,1,,J.McKinnon,KC,,RB,1.0186421669053294,8.91990774469304,25.49556632769462,1.931485628879847,,,,0.0,0.0,0.0,0.0,0.0,0.0,0.0,0.0,0.0,0.0,0.0,0.0,0.0,0.0,0.0,0.0,0.0,0.0,0.0,0.0,0.0,0.0,0.0,0.0,,,,,,,,,,,,,,MISSING,HIGH,MISSING,67,True,True,False,70.15,66.67,50.07,,,,35,55,65.7,63.04,GOOD_SIGNAL,1,1,0,5,projection strength: 70.2; usage foundation: 66.7,"Context V1: defense fit missing/low reliability for some players; game environment missing for some players; weather, route share, first-read share, and coverage are not sourced.",,NEEDS DATA,NEEDS DATA,NEEDS DATA,DATA_NEEDS_LIVE_CONTEXT,HISTORICAL TEST ONLY,NO-GO,GOOD_SIGNAL at 63.0. Main support: projection strength: 70.2; usage foundation: 66.7. Main caution: role and availability context: 35.0; missing signal count: 5.,GOOD_SIGNAL,projection strength: 70.2,usage foundation: 66.7,role and availability context: 35.0,missing signal count: 5,Medium,ROUTE_PROXY_UNVALIDATED|LOW_CURRENT_SAMPLE,Medium,ROUTE_PROXY_UNVALIDATED|LOW_CURRENT_SAMPLE,Medium,ROUTE_PROXY_UNVALIDATED|LOW_CURRENT_SAMPLE,Medium,ROUTE_PROXY_UNVALIDATED|LOW_CURRENT_SAMPLE,,,,,,,8,8,8,MISSING,MISSING,MISSING,Pre-target weekly player stats only.,,,,,No schedule game matched team/opponent.,,,,,,,,,,,,MISSING,MISSING,MISSING,LOW_RELIABILITY_DEFENSE_FIT: shrinkage applied to historical allowed stats.,"Context V1 uses pre-target weekly history, schedules.csv game lines where present, and shrinkage-adjusted defense allowed stats.",True,False,False,rushing,GOOD_SIGNAL at 63.0. Main support: projection strength: 70.2; usage foundation: 66.7. Main caution: role and availability context: 35.0; missing signal count: 5.,projection strength: 70.2; usage foundation: 66.7; data quality: 65.7,,,weather not sourced; live role/injury gates not ready; defense fit limited; game environment limited,data quality: 65.7,review context: Context V1: defense fit missing/low reliability for some players; game environment missing,Research-only driver summary. Limitations: weather not sourced; live role/injury gates not ready; defense fit limited; game environment limited,RESEARCH_ONLY,current_v1,projection_heavy,63.04,GOOD_SIGNAL,GOOD_SIGNAL,64.84,GOOD_SIGNAL,GOOD_SIGNAL,1.8,NO_TIER_CHANGE,NO_ACTION_CHANGE,NO_MEANINGFUL_CHANGE,RESEARCH_ONLY challenger preview; production signal boards remain current_v1.
2025,1,,C.Evans,CIN,,RB,1.092741744841346,7.325889965610205,25.49421185677645,3.286807657509208,,,,0.0,0.0,0.0,0.0,0.0,0.0,0.0,0.0,0.0,0.0,0.0,0.0,0.0,0.0,0.0,0.0,0.0,0.0,0.0,0.0,0.0,0.0,0.0,0.0,,,,,,,,,,,,,,MISSING,HIGH,MISSING,67,True,True,False,69.78,66.67,50.07,,,,35,55,65.7,62.88,GOOD_SIGNAL,1,1,0,5,projection strength: 69.8; usage foundation: 66.7,"Context V1: defense fit missing/low reliability for some players; game environment missing for some players; weather, route share, first-read share, and coverage are not sourced.",,NEEDS DATA,NEEDS DATA,NEEDS DATA,DATA_NEEDS_LIVE_CONTEXT,HISTORICAL TEST ONLY,NO-GO,GOOD_SIGNAL at 62.9. Main support: projection strength: 69.8; usage foundation: 66.7. Main caution: role and availability context: 35.0; missing signal count: 5.,GOOD_SIGNAL,projection strength: 69.8,usage foundation: 66.7,role and availability context: 35.0,missing signal count: 5,Medium,ROUTE_PROXY_UNVALIDATED|LOW_CURRENT_SAMPLE|LOW_PLAYER_SAMPLE,Medium,ROUTE_PROXY_UNVALIDATED|LOW_CURRENT_SAMPLE|LOW_PLAYER_SAMPLE|LOW_YARDAGE_SAMPLE,Medium,ROUTE_PROXY_UNVALIDATED|LOW_CURRENT_SAMPLE|LOW_PLAYER_SAMPLE|LOW_RUSH_SAMPLE,Medium,ROUTE_PROXY_UNVALIDATED|LOW_CURRENT_SAMPLE|LOW_PLAYER_SAMPLE|LOW_RUSH_SAMPLE|LOW_CARRY_SAMPLE,,,,,,,8,8,8,MISSING,MISSING,MISSING,Pre-target weekly player stats only.,,,,,No schedule game matched team/opponent.,,,,,,,,,,,,MISSING,MISSING,MISSING,LOW_RELIABILITY_DEFENSE_FIT: shrinkage applied to historical allowed stats.,"Context V1 uses pre-target weekly history, schedules.csv game lines where present, and shrinkage-adjusted defense allowed stats.",True,False,False,rushing,GOOD_SIGNAL at 62.9. Main support: projection strength: 69.8; usage foundation: 66.7. Main caution: role and availability context: 35.0; missing signal count: 5.,projection strength: 69.8; usage foundation: 66.7; data quality: 65.7,,,weather not sourced; live role/injury gates not ready; defense fit limited; game environment limited,data quality: 65.7,review context: Context V1: defense fit missing/low reliability for some players; game environment missing,Research-only driver summary. Limitations: weather not sourced; live role/injury gates not ready; defense fit limited; game environment limited,RESEARCH_ONLY,current_v1,projection_heavy,62.88,GOOD_SIGNAL,GOOD_SIGNAL,64.63,GOOD_SIGNAL,GOOD_SIGNAL,1.75,NO_TIER_CHANGE,NO_ACTION_CHANGE,NO_MEANINGFUL_CHANGE,RESEARCH_ONLY challenger preview; production signal boards remain current_v1.
2025,1,,I.Guerendo,SF,,RB,1.799912449518096,16.30168100963712,25.451499037494028,2.073092854933573,,,,0.0,0.0,0.0,0.0,0.0,0.0,0.0,0.0,0.0,0.0,0.0,0.0,0.0,0.0,0.0,0.0,0.0,0.0,0.0,0.0,0.0,0.0,0.0,0.0,,,,,,,,,,,,,,MISSING,HIGH,MISSING,67,True,True,False,69.4,66.67,50.07,,,,35,55,65.7,62.71,GOOD_SIGNAL,1,1,0,5,projection strength: 69.4; usage foundation: 66.7,"Context V1: defense fit missing/low reliability for some players; game environment missing for some players; weather, route share, first-read share, and coverage are not sourced.",,NEEDS DATA,NEEDS DATA,NEEDS DATA,DATA_NEEDS_LIVE_CONTEXT,HISTORICAL TEST ONLY,NO-GO,GOOD_SIGNAL at 62.7. Main support: projection strength: 69.4; usage foundation: 66.7. Main caution: role and availability context: 35.0; missing signal count: 5.,GOOD_SIGNAL,projection strength: 69.4,usage foundation: 66.7,role and availability context: 35.0,missing signal count: 5,Medium,ROUTE_PROXY_UNVALIDATED|LOW_CURRENT_SAMPLE,Medium,ROUTE_PROXY_UNVALIDATED|LOW_CURRENT_SAMPLE,Medium,ROUTE_PROXY_UNVALIDATED|LOW_CURRENT_SAMPLE,Medium,ROUTE_PROXY_UNVALIDATED|LOW_CURRENT_SAMPLE,,,,,,,8,8,8,MISSING,MISSING,MISSING,Pre-target weekly player stats only.,,,,,No schedule game matched team/opponent.,,,,,,,,,,,,MISSING,MISSING,MISSING,LOW_RELIABILITY_DEFENSE_FIT: shrinkage applied to historical allowed stats.,"Context V1 uses pre-target weekly history, schedules.csv game lines where present, and shrinkage-adjusted defense allowed stats.",True,False,False,rushing,GOOD_SIGNAL at 62.7. Main support: projection strength: 69.4; usage foundation: 66.7. Main caution: role and availability context: 35.0; missing signal count: 5.,projection strength: 69.4; usage foundation: 66.7; data quality: 65.7,,,weather not sourced; live role/injury gates not ready; defense fit limited; game environment limited,data quality: 65.7,review context: Context V1: defense fit missing/low reliability for some players; game environment missing,Research-only driver summary. Limitations: weather not sourced; live role/injury gates not ready; defense fit limited; game environment limited,RESEARCH_ONLY,current_v1,projection_heavy,62.71,GOOD_SIGNAL,GOOD_SIGNAL,64.4,GOOD_SIGNAL,GOOD_SIGNAL,1.69,NO_TIER_CHANGE,NO_ACTION_CHANGE,NO_MEANINGFUL_CHANGE,RESEARCH_ONLY challenger preview; production signal boards remain current_v1.
2025,1,,D.Vaughn,DAL,,RB,0.8727191455376262,5.882320292048573,18.33556935745731,3.297073065952117,,,,0.0,0.0,0.0,0.0,0.0,0.0,0.0,0.0,0.0,0.0,0.0,0.0,0.0,0.0,0.0,0.0,0.0,0.0,0.0,0.0,0.0,0.0,0.0,0.0,,,,,,,,,,,,,,MISSING,HIGH,MISSING,67,True,True,False,69.26,66.67,50.07,,,,35,55,65.7,62.65,GOOD_SIGNAL,1,1,0,5,projection strength: 69.3; usage foundation: 66.7,"Context V1: defense fit missing/low reliability for some players; game environment missing for some players; weather, route share, first-read share, and coverage are not sourced.",,NEEDS DATA,NEEDS DATA,NEEDS DATA,DATA_NEEDS_LIVE_CONTEXT,HISTORICAL TEST ONLY,NO-GO,GOOD_SIGNAL at 62.6. Main support: projection strength: 69.3; usage foundation: 66.7. Main caution: role and availability context: 35.0; missing signal count: 5.,GOOD_SIGNAL,projection strength: 69.3,usage foundation: 66.7,role and availability context: 35.0,missing signal count: 5,Medium,ROUTE_PROXY_UNVALIDATED|LOW_CURRENT_SAMPLE,Medium,ROUTE_PROXY_UNVALIDATED|LOW_CURRENT_SAMPLE,Medium,ROUTE_PROXY_UNVALIDATED|LOW_CURRENT_SAMPLE,Medium,ROUTE_PROXY_UNVALIDATED|LOW_CURRENT_SAMPLE,,,,,,,8,8,8,MISSING,MISSING,MISSING,Pre-target weekly player stats only.,,,,,No schedule game matched team/opponent.,,,,,,,,,,,,MISSING,MISSING,MISSING,LOW_RELIABILITY_DEFENSE_FIT: shrinkage applied to historical allowed stats.,"Context V1 uses pre-target weekly history, schedules.csv game lines where present, and shrinkage-adjusted defense allowed stats.",True,False,False,rushing,GOOD_SIGNAL at 62.6. Main support: projection strength: 69.3; usage foundation: 66.7. Main caution: role and availability context: 35.0; missing signal count: 5.,projection strength: 69.3; usage foundation: 66.7; data quality: 65.7,,,weather not sourced; live role/injury gates not ready; defense fit limited; game environment limited,data quality: 65.7,review context: Context V1: defense fit missing/low reliability for some players; game environment missing,Research-only driver summary. Limitations: weather not sourced; live role/injury gates not ready; defense fit limited; game environment limited,RESEARCH_ONLY,current_v1,projection_heavy,62.65,GOOD_SIGNAL,GOOD_SIGNAL,64.32,GOOD_SIGNAL,GOOD_SIGNAL,1.67,NO_TIER_CHANGE,NO_ACTION_CHANGE,NO_MEANINGFUL_CHANGE,RESEARCH_ONLY challenger preview; production signal boards remain current_v1.
2025,1,,I.Spiller,LAC,,RB,0.9731750107645716,8.06081275662792,23.90827197912477,3.296871882855491,,,,0.0,0.0,0.0,0.0,0.0,0.0,0.0,0.0,0.0,0.0,0.0,0.0,0.0,0.0,0.0,0.0,0.0,0.0,0.0,0.0,0.0,0.0,0.0,0.0,,,,,,,,,,,,,,MISSING,HIGH,MISSING,67,True,True,False,68.85,66.67,50.07,,,,35,55,65.7,62.47,GOOD_SIGNAL,1,1,0,5,projection strength: 68.8; usage foundation: 66.7,"Context V1: defense fit missing/low reliability for some players; game environment missing for some players; weather, route share, first-read share, and coverage are not sourced.",,NEEDS DATA,NEEDS DATA,NEEDS DATA,DATA_NEEDS_LIVE_CONTEXT,HISTORICAL TEST ONLY,NO-GO,GOOD_SIGNAL at 62.5. Main support: projection strength: 68.8; usage foundation: 66.7. Main caution: role and availability context: 35.0; missing signal count: 5.,GOOD_SIGNAL,projection strength: 68.8,usage foundation: 66.7,role and availability context: 35.0,missing signal count: 5,Medium,ROUTE_PROXY_UNVALIDATED|LOW_CURRENT_SAMPLE|LOW_PLAYER_SAMPLE,Medium,ROUTE_PROXY_UNVALIDATED|LOW_CURRENT_SAMPLE|LOW_PLAYER_SAMPLE|LOW_YARDAGE_SAMPLE,Medium,ROUTE_PROXY_UNVALIDATED|LOW_CURRENT_SAMPLE|LOW_PLAYER_SAMPLE,Medium,ROUTE_PROXY_UNVALIDATED|LOW_CURRENT_SAMPLE|LOW_PLAYER_SAMPLE,,,,,,,8,8,8,MISSING,MISSING,MISSING,Pre-target weekly player stats only.,,,,,No schedule game matched team/opponent.,,,,,,,,,,,,MISSING,MISSING,MISSING,LOW_RELIABILITY_DEFENSE_FIT: shrinkage applied to historical allowed stats.,"Context V1 uses pre-target weekly history, schedules.csv game lines where present, and shrinkage-adjusted defense allowed stats.",True,False,False,rushing,GOOD_SIGNAL at 62.5. Main support: projection strength: 68.8; usage foundation: 66.7. Main caution: role and availability context: 35.0; missing signal count: 5.,projection strength: 68.8; usage foundation: 66.7; data quality: 65.7,,,weather not sourced; live role/injury gates not ready; defense fit limited; game environment limited,data quality: 65.7,review context: Context V1: defense fit missing/low reliability for some players; game environment missing,Research-only driver summary. Limitations: weather not sourced; live role/injury gates not ready; defense fit limited; game environment limited,RESEARCH_ONLY,current_v1,projection_heavy,62.47,GOOD_SIGNAL,GOOD_SIGNAL,64.08,GOOD_SIGNAL,GOOD_SIGNAL,1.61,NO_TIER_CHANGE,NO_ACTION_CHANGE,NO_MEANINGFUL_CHANGE,RESEARCH_ONLY challenger preview; production signal boards remain current_v1.
2025,1,,C.Edwards-Helaire,NO,,RB,1.0765471368219728,10.184879373748457,25.04518736165033,2.293338753500458,,,,0.0,0.0,0.0,0.0,0.0,0.0,0.0,0.0,0.0,0.0,0.0,0.0,0.0,0.0,0.0,0.0,0.0,0.0,0.0,0.0,0.0,0.0,0.0,0.0,,,,,,,,,,,,,,MISSING,HIGH,MISSING,67,True,True,False,68.66,66.67,50.07,,,,35,55,65.7,62.39,GOOD_SIGNAL,1,1,0,5,projection strength: 68.7; usage foundation: 66.7,"Context V1: defense fit missing/low reliability for some players; game environment missing for some players; weather, route share, first-read share, and coverage are not sourced.",,NEEDS DATA,NEEDS DATA,NEEDS DATA,DATA_NEEDS_LIVE_CONTEXT,HISTORICAL TEST ONLY,NO-GO,GOOD_SIGNAL at 62.4. Main support: projection strength: 68.7; usage foundation: 66.7. Main caution: role and availability context: 35.0; missing signal count: 5.,GOOD_SIGNAL,projection strength: 68.7,usage foundation: 66.7,role and availability context: 35.0,missing signal count: 5,Medium,ROUTE_PROXY_UNVALIDATED|LOW_CURRENT_SAMPLE,Medium,ROUTE_PROXY_UNVALIDATED|LOW_CURRENT_SAMPLE,Medium,ROUTE_PROXY_UNVALIDATED|LOW_CURRENT_SAMPLE,Medium,ROUTE_PROXY_UNVALIDATED|LOW_CURRENT_SAMPLE,,,,,,,8,8,8,MISSING,MISSING,MISSING,Pre-target weekly player stats only.,,,,,No schedule game matched team/opponent.,,,,,,,,,,,,MISSING,MISSING,MISSING,LOW_RELIABILITY_DEFENSE_FIT: shrinkage applied to historical allowed stats.,"Context V1 uses pre-target weekly history, schedules.csv game lines where present, and shrinkage-adjusted defense allowed stats.",True,False,False,rushing,GOOD_SIGNAL at 62.4. Main support: projection strength: 68.7; usage foundation: 66.7. Main caution: role and availability context: 35.0; missing signal count: 5.,projection strength: 68.7; usage foundation: 66.7; data quality: 65.7,,,weather not sourced; live role/injury gates not ready; defense fit limited; game environment limited,data quality: 65.7,review context: Context V1: defense fit missing/low reliability for some players; game environment missing,Research-only driver summary. Limitations: weather not sourced; live role/injury gates not ready; defense fit limited; game environment limited,RESEARCH_ONLY,current_v1,projection_heavy,62.39,GOOD_SIGNAL,GOOD_SIGNAL,63.97,GOOD_SIGNAL,GOOD_SIGNAL,1.58,NO_TIER_CHANGE,NO_ACTION_CHANGE,NO_MEANINGFUL_CHANGE,RESEARCH_ONLY challenger preview; production signal boards remain current_v1.
2025,1,,Z.Evans,LA,,RB,0.8102051642365893,6.228127438844215,24.9051965858644,2.239329758743105,,,,0.0,0.0,0.0,0.0,0.0,0.0,0.0,0.0,0.0,0.0,0.0,0.0,0.0,0.0,0.0,0.0,0.0,0.0,0.0,0.0,0.0,0.0,0.0,0.0,,,,,,,,,,,,,,MISSING,HIGH,MISSING,67,True,True,False,67.91,66.67,50.07,,,,35,55,65.7,62.06,GOOD_SIGNAL,1,1,0,5,projection strength: 67.9; usage foundation: 66.7,"Context V1: defense fit missing/low reliability for some players; game environment missing for some players; weather, route share, first-read share, and coverage are not sourced.",,NEEDS DATA,NEEDS DATA,NEEDS DATA,DATA_NEEDS_LIVE_CONTEXT,HISTORICAL TEST ONLY,NO-GO,GOOD_SIGNAL at 62.1. Main support: projection strength: 67.9; usage foundation: 66.7. Main caution: role and availability context: 35.0; missing signal count: 5.,GOOD_SIGNAL,projection strength: 67.9,usage foundation: 66.7,role and availability context: 35.0,missing signal count: 5,Medium,ROUTE_PROXY_UNVALIDATED|LOW_CURRENT_SAMPLE|LOW_PLAYER_SAMPLE,Medium,ROUTE_PROXY_UNVALIDATED|LOW_CURRENT_SAMPLE|LOW_PLAYER_SAMPLE|LOW_YARDAGE_SAMPLE,Medium,ROUTE_PROXY_UNVALIDATED|LOW_CURRENT_SAMPLE|LOW_PLAYER_SAMPLE|LOW_RUSH_SAMPLE,Medium,ROUTE_PROXY_UNVALIDATED|LOW_CURRENT_SAMPLE|LOW_PLAYER_SAMPLE|LOW_RUSH_SAMPLE|LOW_CARRY_SAMPLE,,,,,,,8,8,8,MISSING,MISSING,MISSING,Pre-target weekly player stats only.,,,,,No schedule game matched team/opponent.,,,,,,,,,,,,MISSING,MISSING,MISSING,LOW_RELIABILITY_DEFENSE_FIT: shrinkage applied to historical allowed stats.,"Context V1 uses pre-target weekly history, schedules.csv game lines where present, and shrinkage-adjusted defense allowed stats.",True,False,False,rushing,GOOD_SIGNAL at 62.1. Main support: projection strength: 67.9; usage foundation: 66.7. Main caution: role and availability context: 35.0; missing signal count: 5.,projection strength: 67.9; usage foundation: 66.7; data quality: 65.7,,,weather not sourced; live role/injury gates not ready; defense fit limited; game environment limited,data quality: 65.7,review context: Context V1: defense fit missing/low reliability for some players; game environment missing,Research-only driver summary. Limitations: weather not sourced; live role/injury gates not ready; defense fit limited; game environment limited,RESEARCH_ONLY,current_v1,projection_heavy,62.06,GOOD_SIGNAL,GOOD_SIGNAL,63.53,GOOD_SIGNAL,GOOD_SIGNAL,1.47,NO_TIER_CHANGE,NO_ACTION_CHANGE,NO_MEANINGFUL_CHANGE,RESEARCH_ONLY challenger preview; production signal boards remain current_v1.
2025,1,,D.Ozigbo,DET,,RB,1.0053015383872288,8.882450238352678,24.8793237054211,3.202201922523946,,,,0.0,0.0,0.0,0.0,0.0,0.0,0.0,0.0,0.0,0.0,0.0,0.0,0.0,0.0,0.0,0.0,0.0,0.0,0.0,0.0,0.0,0.0,0.0,0.0,,,,,,,,,,,,,,MISSING,HIGH,MISSING,67,True,True,False,67.54,66.67,50.07,,,,35,55,65.7,61.9,GOOD_SIGNAL,1,1,0,5,projection strength: 67.5; usage foundation: 66.7,"Context V1: defense fit missing/low reliability for some players; game environment missing for some players; weather, route share, first-read share, and coverage are not sourced.",,NEEDS DATA,NEEDS DATA,NEEDS DATA,DATA_NEEDS_LIVE_CONTEXT,HISTORICAL TEST ONLY,NO-GO,GOOD_SIGNAL at 61.9. Main support: projection strength: 67.5; usage foundation: 66.7. Main caution: role and availability context: 35.0; missing signal count: 5.,GOOD_SIGNAL,projection strength: 67.5,usage foundation: 66.7,role and availability context: 35.0,missing signal count: 5,Medium,ROUTE_PROXY_UNVALIDATED|LOW_CURRENT_SAMPLE|LOW_PLAYER_SAMPLE,Medium,ROUTE_PROXY_UNVALIDATED|LOW_CURRENT_SAMPLE|LOW_PLAYER_SAMPLE|LOW_YARDAGE_SAMPLE,Medium,ROUTE_PROXY_UNVALIDATED|LOW_CURRENT_SAMPLE|LOW_PLAYER_SAMPLE|LOW_RUSH_SAMPLE,Medium,ROUTE_PROXY_UNVALIDATED|LOW_CURRENT_SAMPLE|LOW_PLAYER_SAMPLE|LOW_RUSH_SAMPLE|LOW_CARRY_SAMPLE,,,,,,,8,8,8,MISSING,MISSING,MISSING,Pre-target weekly player stats only.,,,,,No schedule game matched team/opponent.,,,,,,,,,,,,MISSING,MISSING,MISSING,LOW_RELIABILITY_DEFENSE_FIT: shrinkage applied to historical allowed stats.,"Context V1 uses pre-target weekly history, schedules.csv game lines where present, and shrinkage-adjusted defense allowed stats.",True,False,False,rushing,GOOD_SIGNAL at 61.9. Main support: projection strength: 67.5; usage foundation: 66.7. Main caution: role and availability context: 35.0; missing signal count: 5.,projection strength: 67.5; usage foundation: 66.7; data quality: 65.7,,,weather not sourced; live role/injury gates not ready; defense fit limited; game environment limited,data quality: 65.7,review context: Context V1: defense fit missing/low reliability for some players; game environment missing,Research-only driver summary. Limitations: weather not sourced; live role/injury gates not ready; defense fit limited; game environment limited,RESEARCH_ONLY,current_v1,projection_heavy,61.9,GOOD_SIGNAL,GOOD_SIGNAL,63.31,GOOD_SIGNAL,GOOD_SIGNAL,1.41,NO_TIER_CHANGE,NO_ACTION_CHANGE,NO_MEANINGFUL_CHANGE,RESEARCH_ONLY challenger preview; production signal boards remain current_v1.
2025,1,,C.Rodriguez,WAS,,RB,1.0681437106474192,12.097505102628212,24.769785342407552,2.876969431893104,,,,0.0,0.0,0.0,0.0,0.0,0.0,0.0,0.0,0.0,0.0,0.0,0.0,0.0,0.0,0.0,0.0,0.0,0.0,0.0,0.0,0.0,0.0,0.0,0.0,,,,,,,,,,,,,,MISSING,HIGH,MISSING,67,True,True,False,67.16,66.67,50.07,,,,35,55,65.7,61.73,GOOD_SIGNAL,1,1,0,5,projection strength: 67.2; usage foundation: 66.7,"Context V1: defense fit missing/low reliability for some players; game environment missing for some players; weather, route share, first-read share, and coverage are not sourced.",,NEEDS DATA,NEEDS DATA,NEEDS DATA,DATA_NEEDS_LIVE_CONTEXT,HISTORICAL TEST ONLY,NO-GO,GOOD_SIGNAL at 61.7. Main support: projection strength: 67.2; usage foundation: 66.7. Main caution: role and availability context: 35.0; missing signal count: 5.,GOOD_SIGNAL,projection strength: 67.2,usage foundation: 66.7,role and availability context: 35.0,missing signal count: 5,Medium,ROUTE_PROXY_UNVALIDATED|LOW_CURRENT_SAMPLE|LOW_PLAYER_SAMPLE,Medium,ROUTE_PROXY_UNVALIDATED|LOW_CURRENT_SAMPLE|LOW_PLAYER_SAMPLE|LOW_YARDAGE_SAMPLE,Medium,ROUTE_PROXY_UNVALIDATED|LOW_CURRENT_SAMPLE|LOW_PLAYER_SAMPLE,Medium,ROUTE_PROXY_UNVALIDATED|LOW_CURRENT_SAMPLE|LOW_PLAYER_SAMPLE,,,,,,,8,8,8,MISSING,MISSING,MISSING,Pre-target weekly player stats only.,,,,,No schedule game matched team/opponent.,,,,,,,,,,,,MISSING,MISSING,MISSING,LOW_RELIABILITY_DEFENSE_FIT: shrinkage applied to historical allowed stats.,"Context V1 uses pre-target weekly history, schedules.csv game lines where present, and shrinkage-adjusted defense allowed stats.",True,False,False,rushing,GOOD_SIGNAL at 61.7. Main support: projection strength: 67.2; usage foundation: 66.7. Main caution: role and availability context: 35.0; missing signal count: 5.,projection strength: 67.2; usage foundation: 66.7; data quality: 65.7,,,weather not sourced; live role/injury gates not ready; defense fit limited; game environment limited,data quality: 65.7,review context: Context V1: defense fit missing/low reliability for some players; game environment missing,Research-only driver summary. Limitations: weather not sourced; live role/injury gates not ready; defense fit limited; game environment limited,RESEARCH_ONLY,current_v1,projection_heavy,61.73,GOOD_SIGNAL,GOOD_SIGNAL,63.09,GOOD_SIGNAL,GOOD_SIGNAL,1.36,NO_TIER_CHANGE,NO_ACTION_CHANGE,NO_MEANINGFUL_CHANGE,RESEARCH_ONLY challenger preview; production signal boards remain current_v1.
2025,1,,T.Badie,DEN,,RB,0.988648924923892,,24.721280935856765,2.954265228418224,,,,0.0,0.0,0.0,0.0,0.0,0.0,0.0,0.0,0.0,0.0,0.0,0.0,0.0,0.0,0.0,0.0,0.0,0.0,0.0,0.0,0.0,0.0,0.0,0.0,,,,,,,,,,,,,,MISSING,HIGH,MISSING,67,True,True,False,66.42,66.67,50.07,,,,35,55,65.7,61.41,GOOD_SIGNAL,1,1,0,5,usage foundation: 66.7; projection strength: 66.4,"Context V1: defense fit missing/low reliability for some players; game environment missing for some players; weather, route share, first-read share, and coverage are not sourced.",,NEEDS DATA,NEEDS DATA,NEEDS DATA,DATA_NEEDS_LIVE_CONTEXT,HISTORICAL TEST ONLY,NO-GO,GOOD_SIGNAL at 61.4. Main support: usage foundation: 66.7; projection strength: 66.4. Main caution: role and availability context: 35.0; missing signal count: 5.,GOOD_SIGNAL,usage foundation: 66.7,projection strength: 66.4,role and availability context: 35.0,missing signal count: 5,Medium,ROUTE_PROXY_UNVALIDATED|LOW_CURRENT_SAMPLE|LOW_PLAYER_SAMPLE,,,Medium,ROUTE_PROXY_UNVALIDATED|LOW_CURRENT_SAMPLE|LOW_PLAYER_SAMPLE|LOW_RUSH_SAMPLE,Medium,ROUTE_PROXY_UNVALIDATED|LOW_CURRENT_SAMPLE|LOW_PLAYER_SAMPLE|LOW_RUSH_SAMPLE|LOW_CARRY_SAMPLE,,,,,,,8,8,8,MISSING,MISSING,MISSING,Pre-target weekly player stats only.,,,,,No schedule game matched team/opponent.,,,,,,,,,,,,MISSING,MISSING,MISSING,LOW_RELIABILITY_DEFENSE_FIT: shrinkage applied to historical allowed stats.,"Context V1 uses pre-target weekly history, schedules.csv game lines where present, and shrinkage-adjusted defense allowed stats.",True,False,False,rushing,GOOD_SIGNAL at 61.4. Main support: usage foundation: 66.7; projection strength: 66.4. Main caution: role and availability context: 35.0; missing signal count: 5.,usage foundation: 66.7; projection strength: 66.4; data quality: 65.7,,,weather not sourced; live role/injury gates not ready; defense fit limited; game environment limited,data quality: 65.7,review context: Context V1: defense fit missing/low reliability for some players; game environment missing,Research-only driver summary. Limitations: weather not sourced; live role/injury gates not ready; defense fit limited; game environment limited,RESEARCH_ONLY,current_v1,projection_heavy,61.41,GOOD_SIGNAL,GOOD_SIGNAL,62.65,GOOD_SIGNAL,GOOD_SIGNAL,1.24,NO_TIER_CHANGE,NO_ACTION_CHANGE,NO_MEANINGFUL_CHANGE,RESEARCH_ONLY challenger preview; production signal boards remain current_v1.
2025,1,,T.Jennings,NE,,RB,0.2614073388448888,,22.59004653028277,3.11069679606735,,,,0.0,0.0,0.0,0.0,0.0,0.0,0.0,0.0,0.0,0.0,0.0,0.0,0.0,0.0,0.0,0.0,0.0,0.0,0.0,0.0,0.0,0.0,0.0,0.0,,,,,,,,,,,,,,MISSING,HIGH,MISSING,67,True,True,False,65.98,66.67,50.07,,,,35,55,65.7,61.22,GOOD_SIGNAL,1,1,0,5,usage foundation: 66.7; projection strength: 66.0,"Context V1: defense fit missing/low reliability for some players; game environment missing for some players; weather, route share, first-read share, and coverage are not sourced.",,NEEDS DATA,NEEDS DATA,NEEDS DATA,DATA_NEEDS_LIVE_CONTEXT,HISTORICAL TEST ONLY,NO-GO,GOOD_SIGNAL at 61.2. Main support: usage foundation: 66.7; projection strength: 66.0. Main caution: role and availability context: 35.0; missing signal count: 5.,GOOD_SIGNAL,usage foundation: 66.7,projection strength: 66.0,role and availability context: 35.0,missing signal count: 5,Medium,ROUTE_PROXY_UNVALIDATED|LOW_CURRENT_SAMPLE|LOW_PLAYER_SAMPLE,,,Medium,ROUTE_PROXY_UNVALIDATED|LOW_CURRENT_SAMPLE|LOW_PLAYER_SAMPLE|LOW_RUSH_SAMPLE,Medium,ROUTE_PROXY_UNVALIDATED|LOW_CURRENT_SAMPLE|LOW_PLAYER_SAMPLE|LOW_RUSH_SAMPLE|LOW_CARRY_SAMPLE,,,,,,,8,8,8,MISSING,MISSING,MISSING,Pre-target weekly player stats only.,,,,,No schedule game matched team/opponent.,,,,,,,,,,,,MISSING,MISSING,MISSING,LOW_RELIABILITY_DEFENSE_FIT: shrinkage applied to historical allowed stats.,"Context V1 uses pre-target weekly history, schedules.csv game lines where present, and shrinkage-adjusted defense allowed stats.",True,False,False,rushing,GOOD_SIGNAL at 61.2. Main support: usage foundation: 66.7; projection strength: 66.0. Main caution: role and availability context: 35.0; missing signal count: 5.,usage foundation: 66.7; projection strength: 66.0; data quality: 65.7,,,weather not sourced; live role/injury gates not ready; defense fit limited; game environment limited,data quality: 65.7,review context: Context V1: defense fit missing/low reliability for some players; game environment missing,Research-only driver summary. Limitations: weather not sourced; live role/injury gates not ready; defense fit limited; game environment limited,RESEARCH_ONLY,current_v1,projection_heavy,61.22,GOOD_SIGNAL,GOOD_SIGNAL,62.39,GOOD_SIGNAL,GOOD_SIGNAL,1.17,NO_TIER_CHANGE,NO_ACTION_CHANGE,NO_MEANINGFUL_CHANGE,RESEARCH_ONLY challenger preview; production signal boards remain current_v1.
2025,1,,I.Abanikanda,NYJ,,RB,1.1566351660052765,9.71085498999499,24.41441304424689,2.764301870983532,,,,0.0,0.0,0.0,0.0,0.0,0.0,0.0,0.0,0.0,0.0,0.0,0.0,0.0,0.0,0.0,0.0,0.0,0.0,0.0,0.0,0.0,0.0,0.0,0.0,,,,,,,,,,,,,,MISSING,HIGH,MISSING,67,True,True,False,65.67,66.67,50.07,,,,35,55,65.7,61.08,GOOD_SIGNAL,1,1,0,5,usage foundation: 66.7; data quality: 65.7,"Context V1: defense fit missing/low reliability for some players; game environment missing for some players; weather, route share, first-read share, and coverage are not sourced.",,NEEDS DATA,NEEDS DATA,NEEDS DATA,DATA_NEEDS_LIVE_CONTEXT,HISTORICAL TEST ONLY,NO-GO,GOOD_SIGNAL at 61.1. Main support: usage foundation: 66.7; data quality: 65.7. Main caution: role and availability context: 35.0; missing signal count: 5.,GOOD_SIGNAL,usage foundation: 66.7,data quality: 65.7,role and availability context: 35.0,missing signal count: 5,Medium,ROUTE_PROXY_UNVALIDATED|LOW_CURRENT_SAMPLE,Medium,ROUTE_PROXY_UNVALIDATED|LOW_CURRENT_SAMPLE|LOW_YARDAGE_SAMPLE,Medium,ROUTE_PROXY_UNVALIDATED|LOW_CURRENT_SAMPLE,Medium,ROUTE_PROXY_UNVALIDATED|LOW_CURRENT_SAMPLE,,,,,,,8,8,8,MISSING,MISSING,MISSING,Pre-target weekly player stats only.,,,,,No schedule game matched team/opponent.,,,,,,,,,,,,MISSING,MISSING,MISSING,LOW_RELIABILITY_DEFENSE_FIT: shrinkage applied to historical allowed stats.,"Context V1 uses pre-target weekly history, schedules.csv game lines where present, and shrinkage-adjusted defense allowed stats.",True,False,False,rushing,GOOD_SIGNAL at 61.1. Main support: usage foundation: 66.7; data quality: 65.7. Main caution: role and availability context: 35.0; missing signal count: 5.,usage foundation: 66.7; data quality: 65.7; projection strength: 65.7,,,weather not sourced; live role/injury gates not ready; defense fit limited; game environment limited,projection strength: 65.7,review context: Context V1: defense fit missing/low reliability for some players; game environment missing,Research-only driver summary. Limitations: weather not sourced; live role/injury gates not ready; defense fit limited; game environment limited,RESEARCH_ONLY,current_v1,projection_heavy,61.08,GOOD_SIGNAL,GOOD_SIGNAL,62.21,GOOD_SIGNAL,GOOD_SIGNAL,1.13,NO_TIER_CHANGE,NO_ACTION_CHANGE,NO_MEANINGFUL_CHANGE,RESEARCH_ONLY challenger preview; production signal boards remain current_v1.
2025,1,,R.Johnson,CHI,,RB,1.1954956637884693,9.543487071643735,19.47158318330759,3.0970720170077373,,,,0.0,0.0,0.0,0.0,0.0,0.0,0.0,0.0,0.0,0.0,0.0,0.0,0.0,0.0,0.0,0.0,0.0,0.0,0.0,0.0,0.0,0.0,0.0,0.0,,,,,,,,,,,,,,MISSING,HIGH,MISSING,67,True,True,False,65.57,66.67,50.07,,,,35,55,65.7,61.04,GOOD_SIGNAL,1,1,0,5,usage foundation: 66.7; data quality: 65.7,"Context V1: defense fit missing/low reliability for some players; game environment missing for some players; weather, route share, first-read share, and coverage are not sourced.",,NEEDS DATA,NEEDS DATA,NEEDS DATA,DATA_NEEDS_LIVE_CONTEXT,HISTORICAL TEST ONLY,NO-GO,GOOD_SIGNAL at 61.0. Main support: usage foundation: 66.7; data quality: 65.7. Main caution: role and availability context: 35.0; missing signal count: 5.,GOOD_SIGNAL,usage foundation: 66.7,data quality: 65.7,role and availability context: 35.0,missing signal count: 5,Medium,ROUTE_PROXY_UNVALIDATED|LOW_CURRENT_SAMPLE,Medium,ROUTE_PROXY_UNVALIDATED|LOW_CURRENT_SAMPLE,Medium,ROUTE_PROXY_UNVALIDATED|LOW_CURRENT_SAMPLE,Medium,ROUTE_PROXY_UNVALIDATED|LOW_CURRENT_SAMPLE,,,,,,,8,8,8,MISSING,MISSING,MISSING,Pre-target weekly player stats only.,,,,,No schedule game matched team/opponent.,,,,,,,,,,,,MISSING,MISSING,MISSING,LOW_RELIABILITY_DEFENSE_FIT: shrinkage applied to historical allowed stats.,"Context V1 uses pre-target weekly history, schedules.csv game lines where present, and shrinkage-adjusted defense allowed stats.",True,False,False,rushing,GOOD_SIGNAL at 61.0. Main support: usage foundation: 66.7; data quality: 65.7. Main caution: role and availability context: 35.0; missing signal count: 5.,usage foundation: 66.7; data quality: 65.7; projection strength: 65.6,,,weather not sourced; live role/injury gates not ready; defense fit limited; game environment limited,projection strength: 65.6,review context: Context V1: defense fit missing/low reliability for some players; game environment missing,Research-only driver summary. Limitations: weather not sourced; live role/injury gates not ready; defense fit limited; game environment limited,RESEARCH_ONLY,current_v1,projection_heavy,61.04,GOOD_SIGNAL,GOOD_SIGNAL,62.15,GOOD_SIGNAL,GOOD_SIGNAL,1.11,NO_TIER_CHANGE,NO_ACTION_CHANGE,NO_MEANINGFUL_CHANGE,RESEARCH_ONLY challenger preview; production signal boards remain current_v1.
2025,1,,B.Allen,NYJ,,RB,1.012372564096109,9.143966667611435,24.366260082823874,2.70498729060565,,,,0.0,0.0,0.0,0.0,0.0,0.0,0.0,0.0,0.0,0.0,0.0,0.0,0.0,0.0,0.0,0.0,0.0,0.0,0.0,0.0,0.0,0.0,0.0,0.0,,,,,,,,,,,,,,MISSING,HIGH,MISSING,67,True,True,False,65.3,66.67,50.07,,,,35,55,65.7,60.92,GOOD_SIGNAL,1,1,0,5,usage foundation: 66.7; data quality: 65.7,"Context V1: defense fit missing/low reliability for some players; game environment missing for some players; weather, route share, first-read share, and coverage are not sourced.",,NEEDS DATA,NEEDS DATA,NEEDS DATA,DATA_NEEDS_LIVE_CONTEXT,HISTORICAL TEST ONLY,NO-GO,GOOD_SIGNAL at 60.9. Main support: usage foundation: 66.7; data quality: 65.7. Main caution: role and availability context: 35.0; missing signal count: 5.,GOOD_SIGNAL,usage foundation: 66.7,data quality: 65.7,role and availability context: 35.0,missing signal count: 5,Medium,ROUTE_PROXY_UNVALIDATED|LOW_CURRENT_SAMPLE,Medium,ROUTE_PROXY_UNVALIDATED|LOW_CURRENT_SAMPLE,Medium,ROUTE_PROXY_UNVALIDATED|LOW_CURRENT_SAMPLE,Medium,ROUTE_PROXY_UNVALIDATED|LOW_CURRENT_SAMPLE,,,,,,,8,8,8,MISSING,MISSING,MISSING,Pre-target weekly player stats only.,,,,,No schedule game matched team/opponent.,,,,,,,,,,,,MISSING,MISSING,MISSING,LOW_RELIABILITY_DEFENSE_FIT: shrinkage applied to historical allowed stats.,"Context V1 uses pre-target weekly history, schedules.csv game lines where present, and shrinkage-adjusted defense allowed stats.",True,False,False,rushing,GOOD_SIGNAL at 60.9. Main support: usage foundation: 66.7; data quality: 65.7. Main caution: role and availability context: 35.0; missing signal count: 5.,usage foundation: 66.7; data quality: 65.7; projection strength: 65.3,,,weather not sourced; live role/injury gates not ready; defense fit limited; game environment limited,projection strength: 65.3,review context: Context V1: defense fit missing/low reliability for some players; game environment missing,Research-only driver summary. Limitations: weather not sourced; live role/injury gates not ready; defense fit limited; game environment limited,RESEARCH_ONLY,current_v1,projection_heavy,60.92,GOOD_SIGNAL,GOOD_SIGNAL,61.99,GOOD_SIGNAL,GOOD_SIGNAL,1.07,NO_TIER_CHANGE,NO_ACTION_CHANGE,NO_MEANINGFUL_CHANGE,RESEARCH_ONLY challenger preview; production signal boards remain current_v1.
2025,1,,K.Miller,NO,,RB,0.9548752048218488,8.519303019516101,24.34244547733451,2.446318509181014,,,,0.0,0.0,0.0,0.0,0.0,0.0,0.0,0.0,0.0,0.0,0.0,0.0,0.0,0.0,0.0,0.0,0.0,0.0,0.0,0.0,0.0,0.0,0.0,0.0,,,,,,,,,,,,,,MISSING,HIGH,MISSING,67,True,True,False,64.93,66.67,50.07,,,,35,55,65.7,60.76,GOOD_SIGNAL,1,1,0,5,usage foundation: 66.7; data quality: 65.7,"Context V1: defense fit missing/low reliability for some players; game environment missing for some players; weather, route share, first-read share, and coverage are not sourced.",,NEEDS DATA,NEEDS DATA,NEEDS DATA,DATA_NEEDS_LIVE_CONTEXT,HISTORICAL TEST ONLY,NO-GO,GOOD_SIGNAL at 60.8. Main support: usage foundation: 66.7; data quality: 65.7. Main caution: role and availability context: 35.0; missing signal count: 5.,GOOD_SIGNAL,usage foundation: 66.7,data quality: 65.7,role and availability context: 35.0,missing signal count: 5,Medium,ROUTE_PROXY_UNVALIDATED|LOW_CURRENT_SAMPLE,Medium,ROUTE_PROXY_UNVALIDATED|LOW_CURRENT_SAMPLE,Medium,ROUTE_PROXY_UNVALIDATED|LOW_CURRENT_SAMPLE,Medium,ROUTE_PROXY_UNVALIDATED|LOW_CURRENT_SAMPLE,,,,,,,8,8,8,MISSING,MISSING,MISSING,Pre-target weekly player stats only.,,,,,No schedule game matched team/opponent.,,,,,,,,,,,,MISSING,MISSING,MISSING,LOW_RELIABILITY_DEFENSE_FIT: shrinkage applied to historical allowed stats.,"Context V1 uses pre-target weekly history, schedules.csv game lines where present, and shrinkage-adjusted defense allowed stats.",True,False,False,rushing,GOOD_SIGNAL at 60.8. Main support: usage foundation: 66.7; data quality: 65.7. Main caution: role and availability context: 35.0; missing signal count: 5.,usage foundation: 66.7; data quality: 65.7; projection strength: 64.9,,,weather not sourced; live role/injury gates not ready; defense fit limited; game environment limited,projection strength: 64.9,review context: Context V1: defense fit missing/low reliability for some players; game environment missing,Research-only driver summary. Limitations: weather not sourced; live role/injury gates not ready; defense fit limited; game environment limited,RESEARCH_ONLY,current_v1,projection_heavy,60.76,GOOD_SIGNAL,GOOD_SIGNAL,61.77,GOOD_SIGNAL,GOOD_SIGNAL,1.01,NO_TIER_CHANGE,NO_ACTION_CHANGE,NO_MEANINGFUL_CHANGE,RESEARCH_ONLY challenger preview; production signal boards remain current_v1.
2025,1,,B.Purdy,SF,DET,QB,,,19.398240046640435,1.3986295214092797,14.847993243551516,10.977394403845588,,0.0,0.0,0.0,0.0,0.0,0.0,0.0,0.0,0.0,0.0,0.0,0.0,0.0,0.0,0.0,0.0,0.0,0.0,0.0,0.0,0.0,0.0,0.0,0.0,,,,,,,,,,,,,,MISSING,HIGH,MISSING,67,False,True,True,64.86,66.67,50.07,,,,35,55,65.7,60.73,GOOD_SIGNAL,1,1,0,5,usage foundation: 66.7; data quality: 65.7,"Context V1: defense fit missing/low reliability for some players; game environment missing for some players; weather, route share, first-read share, and coverage are not sourced.",,NEEDS DATA,NEEDS DATA,NEEDS DATA,DATA_NEEDS_LIVE_CONTEXT,HISTORICAL TEST ONLY,NO-GO,GOOD_SIGNAL at 60.7. Main support: usage foundation: 66.7; data quality: 65.7. Main caution: role and availability context: 35.0; missing signal count: 5.,GOOD_SIGNAL,usage foundation: 66.7,data quality: 65.7,role and availability context: 35.0,missing signal count: 5,,,,,Medium,ROUTE_PROXY_UNVALIDATED|LOW_CURRENT_SAMPLE|LOW_PLAYER_SAMPLE,Medium,ROUTE_PROXY_UNVALIDATED|LOW_CURRENT_SAMPLE|LOW_PLAYER_SAMPLE,Medium,ROUTE_PROXY_UNVALIDATED|LOW_CURRENT_SAMPLE|LOW_PLAYER_SAMPLE,Medium,ROUTE_PROXY_UNVALIDATED|LOW_CURRENT_SAMPLE|LOW_PLAYER_SAMPLE,,,8,8,8,MISSING,MISSING,MISSING,Pre-target weekly player stats only.,,,,,No schedule game matched team/opponent.,,,,,,,,,,,,MISSING,MISSING,MISSING,LOW_RELIABILITY_DEFENSE_FIT: shrinkage applied to historical allowed stats.,"Context V1 uses pre-target weekly history, schedules.csv game lines where present, and shrinkage-adjusted defense allowed stats.",True,False,False,rushing,GOOD_SIGNAL at 60.7. Main support: usage foundation: 66.7; data quality: 65.7. Main caution: role and availability context: 35.0; missing signal count: 5.,usage foundation: 66.7; data quality: 65.7; projection strength: 64.9,,,weather not sourced; live role/injury gates not ready; defense fit limited; game environment limited,projection strength: 64.9,review context: Context V1: defense fit missing/low reliability for some players; game environment missing,Research-only driver summary. Limitations: weather not sourced; live role/injury gates not ready; defense fit limited; game environment limited,RESEARCH_ONLY,current_v1,projection_heavy,60.73,GOOD_SIGNAL,GOOD_SIGNAL,61.73,GOOD_SIGNAL,GOOD_SIGNAL,1.0,NO_TIER_CHANGE,NO_ACTION_CHANGE,NO_MEANINGFUL_CHANGE,RESEARCH_ONLY challenger preview; production signal boards remain current_v1.
2025,1,,B.Watson,DEN,,RB,0.8595959050311229,9.933353617898035,16.22501877995557,3.053954438692908,,,,0.0,0.0,0.0,0.0,0.0,0.0,0.0,0.0,0.0,0.0,0.0,0.0,0.0,0.0,0.0,0.0,0.0,0.0,0.0,0.0,0.0,0.0,0.0,0.0,,,,,,,,,,,,,,MISSING,HIGH,MISSING,67,True,True,False,64.75,66.67,50.07,,,,35,55,65.7,60.68,GOOD_SIGNAL,1,1,0,5,usage foundation: 66.7; data quality: 65.7,"Context V1: defense fit missing/low reliability for some players; game environment missing for some players; weather, route share, first-read share, and coverage are not sourced.",,NEEDS DATA,NEEDS DATA,NEEDS DATA,DATA_NEEDS_LIVE_CONTEXT,HISTORICAL TEST ONLY,NO-GO,GOOD_SIGNAL at 60.7. Main support: usage foundation: 66.7; data quality: 65.7. Main caution: role and availability context: 35.0; missing signal count: 5.,GOOD_SIGNAL,usage foundation: 66.7,data quality: 65.7,role and availability context: 35.0,missing signal count: 5,Medium,ROUTE_PROXY_UNVALIDATED|LOW_CURRENT_SAMPLE|LOW_PLAYER_SAMPLE,Medium,ROUTE_PROXY_UNVALIDATED|LOW_CURRENT_SAMPLE|LOW_PLAYER_SAMPLE|LOW_YARDAGE_SAMPLE,Medium,ROUTE_PROXY_UNVALIDATED|LOW_CURRENT_SAMPLE|LOW_PLAYER_SAMPLE|LOW_RUSH_SAMPLE,Medium,ROUTE_PROXY_UNVALIDATED|LOW_CURRENT_SAMPLE|LOW_PLAYER_SAMPLE|LOW_RUSH_SAMPLE|LOW_CARRY_SAMPLE,,,,,,,8,8,8,MISSING,MISSING,MISSING,Pre-target weekly player stats only.,,,,,No schedule game matched team/opponent.,,,,,,,,,,,,MISSING,MISSING,MISSING,LOW_RELIABILITY_DEFENSE_FIT: shrinkage applied to historical allowed stats.,"Context V1 uses pre-target weekly history, schedules.csv game lines where present, and shrinkage-adjusted defense allowed stats.",True,False,False,rushing,GOOD_SIGNAL at 60.7. Main support: usage foundation: 66.7; data quality: 65.7. Main caution: role and availability context: 35.0; missing signal count: 5.,usage foundation: 66.7; data quality: 65.7; projection strength: 64.8,,,weather not sourced; live role/injury gates not ready; defense fit limited; game environment limited,projection strength: 64.8,review context: Context V1: defense fit missing/low reliability for some players; game environment missing,Research-only driver summary. Limitations: weather not sourced; live role/injury gates not ready; defense fit limited; game environment limited,RESEARCH_ONLY,current_v1,projection_heavy,60.68,GOOD_SIGNAL,GOOD_SIGNAL,61.67,GOOD_SIGNAL,GOOD_SIGNAL,0.99,NO_TIER_CHANGE,NO_ACTION_CHANGE,NO_MEANINGFUL_CHANGE,RESEARCH_ONLY challenger preview; production signal boards remain current_v1.
2025,1,,D.Maye,NE,BUF,QB,,,24.190254360013547,1.9961709403016616,,,,0.0,0.0,0.0,0.0,0.0,0.0,0.0,0.0,0.0,0.0,0.0,0.0,0.0,0.0,0.0,0.0,0.0,0.0,0.0,0.0,0.0,0.0,0.0,0.0,,,,,,,,,,,,,,MISSING,HIGH,MISSING,67,False,True,False,64.55,66.67,50.07,,,,35,55,65.7,60.59,GOOD_SIGNAL,1,1,0,5,usage foundation: 66.7; data quality: 65.7,"Context V1: defense fit missing/low reliability for some players; game environment missing for some players; weather, route share, first-read share, and coverage are not sourced.",,NEEDS DATA,NEEDS DATA,NEEDS DATA,DATA_NEEDS_LIVE_CONTEXT,HISTORICAL TEST ONLY,NO-GO,GOOD_SIGNAL at 60.6. Main support: usage foundation: 66.7; data quality: 65.7. Main caution: role and availability context: 35.0; missing signal count: 5.,GOOD_SIGNAL,usage foundation: 66.7,data quality: 65.7,role and availability context: 35.0,missing signal count: 5,,,,,Medium,ROUTE_PROXY_UNVALIDATED|LOW_CURRENT_SAMPLE|LOW_PLAYER_SAMPLE,Medium,ROUTE_PROXY_UNVALIDATED|LOW_CURRENT_SAMPLE|LOW_PLAYER_SAMPLE,,,,,,,8,8,8,MISSING,MISSING,MISSING,Pre-target weekly player stats only.,,,,,No schedule game matched team/opponent.,,,,,,,,,,,,MISSING,MISSING,MISSING,LOW_RELIABILITY_DEFENSE_FIT: shrinkage applied to historical allowed stats.,"Context V1 uses pre-target weekly history, schedules.csv game lines where present, and shrinkage-adjusted defense allowed stats.",True,False,False,rushing,GOOD_SIGNAL at 60.6. Main support: usage foundation: 66.7; data quality: 65.7. Main caution: role and availability context: 35.0; missing signal count: 5.,usage foundation: 66.7; data quality: 65.7; projection strength: 64.5,,,weather not sourced; live role/injury gates not ready; defense fit limited; game environment limited,projection strength: 64.5,review context: Context V1: defense fit missing/low reliability for some players; game environment missing,Research-only driver summary. Limitations: weather not sourced; live role/injury gates not ready; defense fit limited; game environment limited,RESEARCH_ONLY,current_v1,projection_heavy,60.59,GOOD_SIGNAL,GOOD_SIGNAL,61.55,GOOD_SIGNAL,GOOD_SIGNAL,0.96,NO_TIER_CHANGE,NO_ACTION_CHANGE,NO_MEANINGFUL_CHANGE,RESEARCH_ONLY challenger preview; production signal boards remain current_v1.
2025,1,,J.Fields,PIT,BAL,QB,,,24.16200229737064,2.9127077909650083,10.869867110915155,,,0.0,0.0,0.0,0.0,0.0,0.0,0.0,0.0,0.0,0.0,0.0,0.0,0.0,0.0,0.0,0.0,0.0,0.0,0.0,0.0,0.0,0.0,0.0,0.0,,,,,,,,,,,,,,MISSING,HIGH,MISSING,67,False,True,True,64.18,66.67,50.07,,,,35,55,65.7,60.43,GOOD_SIGNAL,1,1,0,5,usage foundation: 66.7; data quality: 65.7,"Context V1: defense fit missing/low reliability for some players; game environment missing for some players; weather, route share, first-read share, and coverage are not sourced.",,NEEDS DATA,NEEDS DATA,NEEDS DATA,DATA_NEEDS_LIVE_CONTEXT,HISTORICAL TEST ONLY,NO-GO,GOOD_SIGNAL at 60.4. Main support: usage foundation: 66.7; data quality: 65.7. Main caution: role and availability context: 35.0; missing signal count: 5.,GOOD_SIGNAL,usage foundation: 66.7,data quality: 65.7,role and availability context: 35.0,missing signal count: 5,,,,,Medium,ROUTE_PROXY_UNVALIDATED|LOW_CURRENT_SAMPLE|LOW_PLAYER_SAMPLE,Medium,ROUTE_PROXY_UNVALIDATED|LOW_CURRENT_SAMPLE|LOW_PLAYER_SAMPLE,Medium,ROUTE_PROXY_UNVALIDATED|LOW_CURRENT_SAMPLE|LOW_PLAYER_SAMPLE,,,,,8,8,8,MISSING,MISSING,MISSING,Pre-target weekly player stats only.,,,,,No schedule game matched team/opponent.,,,,,,,,,,,,MISSING,MISSING,MISSING,LOW_RELIABILITY_DEFENSE_FIT: shrinkage applied to historical allowed stats.,"Context V1 uses pre-target weekly history, schedules.csv game lines where present, and shrinkage-adjusted defense allowed stats.",True,False,False,rushing,GOOD_SIGNAL at 60.4. Main support: usage foundation: 66.7; data quality: 65.7. Main caution: role and availability context: 35.0; missing signal count: 5.,usage foundation: 66.7; data quality: 65.7; projection strength: 64.2,,,weather not sourced; live role/injury gates not ready; defense fit limited; game environment limited,projection strength: 64.2,review context: Context V1: defense fit missing/low reliability for some players; game environment missing,Research-only driver summary. Limitations: weather not sourced; live role/injury gates not ready; defense fit limited; game environment limited,RESEARCH_ONLY,current_v1,projection_heavy,60.43,GOOD_SIGNAL,GOOD_SIGNAL,61.33,GOOD_SIGNAL,GOOD_SIGNAL,0.9,NO_TIER_CHANGE,NO_ACTION_CHANGE,NO_MEANINGFUL_CHANGE,RESEARCH_ONLY challenger preview; production signal boards remain current_v1.
2025,1,,K.Gainwell,PHI,,RB,0.8732186872185582,6.634067998563273,21.86022955063981,3.01990877111344,,,,0.0,0.0,0.0,0.0,0.0,0.0,0.0,0.0,0.0,0.0,0.0,0.0,0.0,0.0,0.0,0.0,0.0,0.0,0.0,0.0,0.0,0.0,0.0,0.0,,,,,,,,,,,,,,MISSING,HIGH,MISSING,67,True,True,False,63.93,66.67,50.07,,,,35,55,65.7,60.32,GOOD_SIGNAL,1,1,0,5,usage foundation: 66.7; data quality: 65.7,"Context V1: defense fit missing/low reliability for some players; game environment missing for some players; weather, route share, first-read share, and coverage are not sourced.",,NEEDS DATA,NEEDS DATA,NEEDS DATA,DATA_NEEDS_LIVE_CONTEXT,HISTORICAL TEST ONLY,NO-GO,GOOD_SIGNAL at 60.3. Main support: usage foundation: 66.7; data quality: 65.7. Main caution: role and availability context: 35.0; missing signal count: 5.,GOOD_SIGNAL,usage foundation: 66.7,data quality: 65.7,role and availability context: 35.0,missing signal count: 5,Medium,ROUTE_PROXY_UNVALIDATED|LOW_CURRENT_SAMPLE,Medium,ROUTE_PROXY_UNVALIDATED|LOW_CURRENT_SAMPLE,Medium,ROUTE_PROXY_UNVALIDATED|LOW_CURRENT_SAMPLE,Medium,ROUTE_PROXY_UNVALIDATED|LOW_CURRENT_SAMPLE,,,,,,,8,8,8,MISSING,MISSING,MISSING,Pre-target weekly player stats only.,,,,,No schedule game matched team/opponent.,,,,,,,,,,,,MISSING,MISSING,MISSING,LOW_RELIABILITY_DEFENSE_FIT: shrinkage applied to historical allowed stats.,"Context V1 uses pre-target weekly history, schedules.csv game lines where present, and shrinkage-adjusted defense allowed stats.",True,False,False,rushing,GOOD_SIGNAL at 60.3. Main support: usage foundation: 66.7; data quality: 65.7. Main caution: role and availability context: 35.0; missing signal count: 5.,usage foundation: 66.7; data quality: 65.7; projection strength: 63.9,,,weather not sourced; live role/injury gates not ready; defense fit limited; game environment limited,projection strength: 63.9,review context: Context V1: defense fit missing/low reliability for some players; game environment missing,Research-only driver summary. Limitations: weather not sourced; live role/injury gates not ready; defense fit limited; game environment limited,RESEARCH_ONLY,current_v1,projection_heavy,60.32,GOOD_SIGNAL,GOOD_SIGNAL,61.19,GOOD_SIGNAL,GOOD_SIGNAL,0.87,NO_TIER_CHANGE,NO_ACTION_CHANGE,NO_MEANINGFUL_CHANGE,RESEARCH_ONLY challenger preview; production signal boards remain current_v1.
2025,1,,T.Tagovailoa,MIA,SF,QB,,,7.31018625473594,1.1753983346591192,14.32380278730248,11.18951920621108,,0.0,0.0,0.0,0.0,0.0,0.0,0.0,0.0,0.0,0.0,0.0,0.0,0.0,0.0,0.0,0.0,0.0,0.0,0.0,0.0,0.0,0.0,0.0,0.0,,,,,,,,,,,,,,MISSING,HIGH,MISSING,67,False,True,True,63.64,66.67,50.07,,,,35,55,65.7,60.19,GOOD_SIGNAL,1,1,0,5,usage foundation: 66.7; data quality: 65.7,"Context V1: defense fit missing/low reliability for some players; game environment missing for some players; weather, route share, first-read share, and coverage are not sourced.",,NEEDS DATA,NEEDS DATA,NEEDS DATA,DATA_NEEDS_LIVE_CONTEXT,HISTORICAL TEST ONLY,NO-GO,GOOD_SIGNAL at 60.2. Main support: usage foundation: 66.7; data quality: 65.7. Main caution: role and availability context: 35.0; missing signal count: 5.,GOOD_SIGNAL,usage foundation: 66.7,data quality: 65.7,role and availability context: 35.0,missing signal count: 5,,,,,Medium,ROUTE_PROXY_UNVALIDATED|LOW_CURRENT_SAMPLE|LOW_PLAYER_SAMPLE,Medium,ROUTE_PROXY_UNVALIDATED|LOW_CURRENT_SAMPLE|LOW_PLAYER_SAMPLE,Medium,ROUTE_PROXY_UNVALIDATED|LOW_CURRENT_SAMPLE|LOW_PLAYER_SAMPLE,Medium,ROUTE_PROXY_UNVALIDATED|LOW_CURRENT_SAMPLE|LOW_PLAYER_SAMPLE,,,8,8,8,MISSING,MISSING,MISSING,Pre-target weekly player stats only.,,,,,No schedule game matched team/opponent.,,,,,,,,,,,,MISSING,MISSING,MISSING,LOW_RELIABILITY_DEFENSE_FIT: shrinkage applied to historical allowed stats.,"Context V1 uses pre-target weekly history, schedules.csv game lines where present, and shrinkage-adjusted defense allowed stats.",True,False,False,rushing,GOOD_SIGNAL at 60.2. Main support: usage foundation: 66.7; data quality: 65.7. Main caution: role and availability context: 35.0; missing signal count: 5.,usage foundation: 66.7; data quality: 65.7; projection strength: 63.6,,,weather not sourced; live role/injury gates not ready; defense fit limited; game environment limited,projection strength: 63.6,review context: Context V1: defense fit missing/low reliability for some players; game environment missing,Research-only driver summary. Limitations: weather not sourced; live role/injury gates not ready; defense fit limited; game environment limited,RESEARCH_ONLY,current_v1,projection_heavy,60.19,GOOD_SIGNAL,GOOD_SIGNAL,61.01,GOOD_SIGNAL,GOOD_SIGNAL,0.82,NO_TIER_CHANGE,NO_ACTION_CHANGE,NO_MEANINGFUL_CHANGE,RESEARCH_ONLY challenger preview; production signal boards remain current_v1.
2025,1,,Z.Knight,DET,,RB,0.9689403667807636,8.56117718238902,24.049883407994784,3.017610515461036,,,,0.0,0.0,0.0,0.0,0.0,0.0,0.0,0.0,0.0,0.0,0.0,0.0,0.0,0.0,0.0,0.0,0.0,0.0,0.0,0.0,0.0,0.0,0.0,0.0,,,,,,,,,,,,,,MISSING,HIGH,MISSING,67,True,True,False,63.52,66.67,50.07,,,,35,55,65.7,60.14,GOOD_SIGNAL,1,1,0,5,usage foundation: 66.7; data quality: 65.7,"Context V1: defense fit missing/low reliability for some players; game environment missing for some players; weather, route share, first-read share, and coverage are not sourced.",,NEEDS DATA,NEEDS DATA,NEEDS DATA,DATA_NEEDS_LIVE_CONTEXT,HISTORICAL TEST ONLY,NO-GO,GOOD_SIGNAL at 60.1. Main support: usage foundation: 66.7; data quality: 65.7. Main caution: role and availability context: 35.0; missing signal count: 5.,GOOD_SIGNAL,usage foundation: 66.7,data quality: 65.7,role and availability context: 35.0,missing signal count: 5,Medium,ROUTE_PROXY_UNVALIDATED|LOW_CURRENT_SAMPLE|LOW_PLAYER_SAMPLE,Medium,ROUTE_PROXY_UNVALIDATED|LOW_CURRENT_SAMPLE|LOW_PLAYER_SAMPLE|LOW_YARDAGE_SAMPLE,Medium,ROUTE_PROXY_UNVALIDATED|LOW_CURRENT_SAMPLE|LOW_PLAYER_SAMPLE|LOW_RUSH_SAMPLE,Medium,ROUTE_PROXY_UNVALIDATED|LOW_CURRENT_SAMPLE|LOW_PLAYER_SAMPLE|LOW_RUSH_SAMPLE|LOW_CARRY_SAMPLE,,,,,,,8,8,8,MISSING,MISSING,MISSING,Pre-target weekly player stats only.,,,,,No schedule game matched team/opponent.,,,,,,,,,,,,MISSING,MISSING,MISSING,LOW_RELIABILITY_DEFENSE_FIT: shrinkage applied to historical allowed stats.,"Context V1 uses pre-target weekly history, schedules.csv game lines where present, and shrinkage-adjusted defense allowed stats.",True,False,False,rushing,GOOD_SIGNAL at 60.1. Main support: usage foundation: 66.7; data quality: 65.7. Main caution: role and availability context: 35.0; missing signal count: 5.,usage foundation: 66.7; data quality: 65.7; projection strength: 63.5,,,weather not sourced; live role/injury gates not ready; defense fit limited; game environment limited,projection strength: 63.5,review context: Context V1: defense fit missing/low reliability for some players; game environment missing,Research-only driver summary. Limitations: weather not sourced; live role/injury gates not ready; defense fit limited; game environment limited,RESEARCH_ONLY,current_v1,projection_heavy,60.14,GOOD_SIGNAL,GOOD_SIGNAL,60.94,GOOD_SIGNAL,GOOD_SIGNAL,0.8,NO_TIER_CHANGE,NO_ACTION_CHANGE,NO_MEANINGFUL_CHANGE,RESEARCH_ONLY challenger preview; production signal boards remain current_v1.
2025,1,,T.Benson,ARI,,RB,1.0305334245186568,10.929187873812491,24.122427103419543,2.7944612196445635,,,,0.0,0.0,0.0,0.0,0.0,0.0,0.0,0.0,0.0,0.0,0.0,0.0,0.0,0.0,0.0,0.0,0.0,0.0,0.0,0.0,0.0,0.0,0.0,0.0,,,,,,,,,,,,,,MISSING,HIGH,MISSING,67,True,True,False,63.43,66.67,50.07,,,,35,55,65.7,60.1,GOOD_SIGNAL,1,1,0,5,usage foundation: 66.7; data quality: 65.7,"Context V1: defense fit missing/low reliability for some players; game environment missing for some players; weather, route share, first-read share, and coverage are not sourced.",,NEEDS DATA,NEEDS DATA,NEEDS DATA,DATA_NEEDS_LIVE_CONTEXT,HISTORICAL TEST ONLY,NO-GO,GOOD_SIGNAL at 60.1. Main support: usage foundation: 66.7; data quality: 65.7. Main caution: role and availability context: 35.0; missing signal count: 5.,GOOD_SIGNAL,usage foundation: 66.7,data quality: 65.7,role and availability context: 35.0,missing signal count: 5,Medium,ROUTE_PROXY_UNVALIDATED|LOW_CURRENT_SAMPLE|LOW_PLAYER_SAMPLE,Medium,ROUTE_PROXY_UNVALIDATED|LOW_CURRENT_SAMPLE|LOW_PLAYER_SAMPLE|LOW_YARDAGE_SAMPLE,Medium,ROUTE_PROXY_UNVALIDATED|LOW_CURRENT_SAMPLE|LOW_PLAYER_SAMPLE,Medium,ROUTE_PROXY_UNVALIDATED|LOW_CURRENT_SAMPLE|LOW_PLAYER_SAMPLE,,,,,,,8,8,8,MISSING,MISSING,MISSING,Pre-target weekly player stats only.,,,,,No schedule game matched team/opponent.,,,,,,,,,,,,MISSING,MISSING,MISSING,LOW_RELIABILITY_DEFENSE_FIT: shrinkage applied to historical allowed stats.,"Context V1 uses pre-target weekly history, schedules.csv game lines where present, and shrinkage-adjusted defense allowed stats.",True,False,False,rushing,GOOD_SIGNAL at 60.1. Main support: usage foundation: 66.7; data quality: 65.7. Main caution: role and availability context: 35.0; missing signal count: 5.,usage foundation: 66.7; data quality: 65.7; projection strength: 63.4,,,weather not sourced; live role/injury gates not ready; defense fit limited; game environment limited,projection strength: 63.4,review context: Context V1: defense fit missing/low reliability for some players; game environment missing,Research-only driver summary. Limitations: weather not sourced; live role/injury gates not ready; defense fit limited; game environment limited,RESEARCH_ONLY,current_v1,projection_heavy,60.1,GOOD_SIGNAL,GOOD_SIGNAL,60.89,GOOD_SIGNAL,GOOD_SIGNAL,0.79,NO_TIER_CHANGE,NO_ACTION_CHANGE,NO_MEANINGFUL_CHANGE,RESEARCH_ONLY challenger preview; production signal boards remain current_v1.
2025,1,,J.Williams,WAS,,RB,0.8218938225099323,7.130922147749489,17.140862693393238,2.998359561035329,,,,0.0,0.0,0.0,0.0,0.0,0.0,0.0,0.0,0.0,0.0,0.0,0.0,0.0,0.0,0.0,0.0,0.0,0.0,0.0,0.0,0.0,0.0,0.0,0.0,,,,,,,,,,,,,,MISSING,HIGH,MISSING,67,True,True,False,62.91,66.67,50.07,,,,35,55,65.7,59.87,GOOD_SIGNAL,1,1,0,5,usage foundation: 66.7; data quality: 65.7,"Context V1: defense fit missing/low reliability for some players; game environment missing for some players; weather, route share, first-read share, and coverage are not sourced.",,NEEDS DATA,NEEDS DATA,NEEDS DATA,DATA_NEEDS_LIVE_CONTEXT,HISTORICAL TEST ONLY,NO-GO,GOOD_SIGNAL at 59.9. Main support: usage foundation: 66.7; data quality: 65.7. Main caution: role and availability context: 35.0; missing signal count: 5.,GOOD_SIGNAL,usage foundation: 66.7,data quality: 65.7,role and availability context: 35.0,missing signal count: 5,Medium,ROUTE_PROXY_UNVALIDATED|LOW_CURRENT_SAMPLE|LOW_PLAYER_SAMPLE,Medium,ROUTE_PROXY_UNVALIDATED|LOW_CURRENT_SAMPLE|LOW_PLAYER_SAMPLE|LOW_YARDAGE_SAMPLE,Medium,ROUTE_PROXY_UNVALIDATED|LOW_CURRENT_SAMPLE|LOW_PLAYER_SAMPLE|LOW_RUSH_SAMPLE,Medium,ROUTE_PROXY_UNVALIDATED|LOW_CURRENT_SAMPLE|LOW_PLAYER_SAMPLE|LOW_RUSH_SAMPLE|LOW_CARRY_SAMPLE,,,,,,,8,8,8,MISSING,MISSING,MISSING,Pre-target weekly player stats only.,,,,,No schedule game matched team/opponent.,,,,,,,,,,,,MISSING,MISSING,MISSING,LOW_RELIABILITY_DEFENSE_FIT: shrinkage applied to historical allowed stats.,"Context V1 uses pre-target weekly history, schedules.csv game lines where present, and shrinkage-adjusted defense allowed stats.",True,False,False,rushing,GOOD_SIGNAL at 59.9. Main support: usage foundation: 66.7; data quality: 65.7. Main caution: role and availability context: 35.0; missing signal count: 5.,usage foundation: 66.7; data quality: 65.7; projection strength: 62.9,,,weather not sourced; live role/injury gates not ready; defense fit limited; game environment limited,projection strength: 62.9,review context: Context V1: defense fit missing/low reliability for some players; game environment missing,Research-only driver summary. Limitations: weather not sourced; live role/injury gates not ready; defense fit limited; game environment limited,RESEARCH_ONLY,current_v1,projection_heavy,59.87,GOOD_SIGNAL,GOOD_SIGNAL,60.59,GOOD_SIGNAL,GOOD_SIGNAL,0.72,NO_TIER_CHANGE,NO_ACTION_CHANGE,NO_MEANINGFUL_CHANGE,RESEARCH_ONLY challenger preview; production signal boards remain current_v1.
2025,1,,K.Herbert,CIN,,RB,1.5345406431260682,8.630321455491416,23.00205619579202,2.9864905179349592,,,,0.0,0.0,0.0,0.0,0.0,0.0,0.0,0.0,0.0,0.0,0.0,0.0,0.0,0.0,0.0,0.0,0.0,0.0,0.0,0.0,0.0,0.0,0.0,0.0,,,,,,,,,,,,,,MISSING,HIGH,MISSING,67,True,True,False,62.3,66.67,50.07,,,,35,55,65.7,59.61,GOOD_SIGNAL,1,1,0,5,usage foundation: 66.7; data quality: 65.7,"Context V1: defense fit missing/low reliability for some players; game environment missing for some players; weather, route share, first-read share, and coverage are not sourced.",,NEEDS DATA,NEEDS DATA,NEEDS DATA,DATA_NEEDS_LIVE_CONTEXT,HISTORICAL TEST ONLY,NO-GO,GOOD_SIGNAL at 59.6. Main support: usage foundation: 66.7; data quality: 65.7. Main caution: role and availability context: 35.0; missing signal count: 5.,GOOD_SIGNAL,usage foundation: 66.7,data quality: 65.7,role and availability context: 35.0,missing signal count: 5,Medium,ROUTE_PROXY_UNVALIDATED|LOW_CURRENT_SAMPLE,Medium,ROUTE_PROXY_UNVALIDATED|LOW_CURRENT_SAMPLE,Medium,ROUTE_PROXY_UNVALIDATED|LOW_CURRENT_SAMPLE,Medium,ROUTE_PROXY_UNVALIDATED|LOW_CURRENT_SAMPLE,,,,,,,8,8,8,MISSING,MISSING,MISSING,Pre-target weekly player stats only.,,,,,No schedule game matched team/opponent.,,,,,,,,,,,,MISSING,MISSING,MISSING,LOW_RELIABILITY_DEFENSE_FIT: shrinkage applied to historical allowed stats.,"Context V1 uses pre-target weekly history, schedules.csv game lines where present, and shrinkage-adjusted defense allowed stats.",True,False,False,rushing,GOOD_SIGNAL at 59.6. Main support: usage foundation: 66.7; data quality: 65.7. Main caution: role and availability context: 35.0; missing signal count: 5.,usage foundation: 66.7; data quality: 65.7; projection strength: 62.3,,,weather not sourced; live role/injury gates not ready; defense fit limited; game environment limited,projection strength: 62.3,review context: Context V1: defense fit missing/low reliability for some players; game environment missing,Research-only driver summary. Limitations: weather not sourced; live role/injury gates not ready; defense fit limited; game environment limited,RESEARCH_ONLY,current_v1,projection_heavy,59.61,GOOD_SIGNAL,GOOD_SIGNAL,60.23,GOOD_SIGNAL,GOOD_SIGNAL,0.62,NO_TIER_CHANGE,NO_ACTION_CHANGE,NO_MEANINGFUL_CHANGE,RESEARCH_ONLY challenger preview; production signal boards remain current_v1.
2025,1,,S.Rattler,NO,TB,QB,,,20.233930172587403,1.022869538583731,14.81676074619008,9.867107442191791,,0.0,0.0,0.0,0.0,0.0,0.0,0.0,0.0,0.0,0.0,0.0,0.0,0.0,0.0,0.0,0.0,0.0,0.0,0.0,0.0,0.0,0.0,0.0,0.0,,,,,,,,,,,,,,MISSING,HIGH,MISSING,67,False,True,True,62.16,66.67,50.07,,,,35,55,65.7,59.54,GOOD_SIGNAL,1,1,0,5,usage foundation: 66.7; data quality: 65.7,"Context V1: defense fit missing/low reliability for some players; game environment missing for some players; weather, route share, first-read share, and coverage are not sourced.",,NEEDS DATA,NEEDS DATA,NEEDS DATA,DATA_NEEDS_LIVE_CONTEXT,HISTORICAL TEST ONLY,NO-GO,GOOD_SIGNAL at 59.5. Main support: usage foundation: 66.7; data quality: 65.7. Main caution: role and availability context: 35.0; missing signal count: 5.,GOOD_SIGNAL,usage foundation: 66.7,data quality: 65.7,role and availability context: 35.0,missing signal count: 5,,,,,Medium,ROUTE_PROXY_UNVALIDATED|LOW_CURRENT_SAMPLE|LOW_PLAYER_SAMPLE|LOW_RUSH_SAMPLE,Medium,ROUTE_PROXY_UNVALIDATED|LOW_CURRENT_SAMPLE|LOW_PLAYER_SAMPLE|LOW_RUSH_SAMPLE|LOW_CARRY_SAMPLE,Medium,ROUTE_PROXY_UNVALIDATED|LOW_CURRENT_SAMPLE|LOW_PLAYER_SAMPLE,Medium,ROUTE_PROXY_UNVALIDATED|LOW_CURRENT_SAMPLE|LOW_PLAYER_SAMPLE,,,8,8,8,MISSING,MISSING,MISSING,Pre-target weekly player stats only.,,,,,No schedule game matched team/opponent.,,,,,,,,,,,,MISSING,MISSING,MISSING,LOW_RELIABILITY_DEFENSE_FIT: shrinkage applied to historical allowed stats.,"Context V1 uses pre-target weekly history, schedules.csv game lines where present, and shrinkage-adjusted defense allowed stats.",True,False,False,rushing,GOOD_SIGNAL at 59.5. Main support: usage foundation: 66.7; data quality: 65.7. Main caution: role and availability context: 35.0; missing signal count: 5.,usage foundation: 66.7; data quality: 65.7; projection strength: 62.2,,,weather not sourced; live role/injury gates not ready; defense fit limited; game environment limited,projection strength: 62.2,review context: Context V1: defense fit missing/low reliability for some players; game environment missing,Research-only driver summary. Limitations: weather not sourced; live role/injury gates not ready; defense fit limited; game environment limited,RESEARCH_ONLY,current_v1,projection_heavy,59.54,GOOD_SIGNAL,GOOD_SIGNAL,60.14,GOOD_SIGNAL,GOOD_SIGNAL,0.6,NO_TIER_CHANGE,NO_ACTION_CHANGE,NO_MEANINGFUL_CHANGE,RESEARCH_ONLY challenger preview; production signal boards remain current_v1.
2025,1,,J.Wright,MIA,,RB,0.8094715086420392,,23.93879393056455,2.961455373804364,,,,0.0,0.0,0.0,0.0,0.0,0.0,0.0,0.0,0.0,0.0,0.0,0.0,0.0,0.0,0.0,0.0,0.0,0.0,0.0,0.0,0.0,0.0,0.0,0.0,,,,,,,,,,,,,,MISSING,HIGH,MISSING,67,True,True,False,61.89,66.67,50.07,,,,35,55,65.7,59.43,GOOD_SIGNAL,1,1,0,5,usage foundation: 66.7; data quality: 65.7,"Context V1: defense fit missing/low reliability for some players; game environment missing for some players; weather, route share, first-read share, and coverage are not sourced.",,NEEDS DATA,NEEDS DATA,NEEDS DATA,DATA_NEEDS_LIVE_CONTEXT,HISTORICAL TEST ONLY,NO-GO,GOOD_SIGNAL at 59.4. Main support: usage foundation: 66.7; data quality: 65.7. Main caution: role and availability context: 35.0; missing signal count: 5.,GOOD_SIGNAL,usage foundation: 66.7,data quality: 65.7,role and availability context: 35.0,missing signal count: 5,Medium,ROUTE_PROXY_UNVALIDATED|LOW_CURRENT_SAMPLE|LOW_PLAYER_SAMPLE,,,Medium,ROUTE_PROXY_UNVALIDATED|LOW_CURRENT_SAMPLE|LOW_PLAYER_SAMPLE,Medium,ROUTE_PROXY_UNVALIDATED|LOW_CURRENT_SAMPLE|LOW_PLAYER_SAMPLE,,,,,,,8,8,8,MISSING,MISSING,MISSING,Pre-target weekly player stats only.,,,,,No schedule game matched team/opponent.,,,,,,,,,,,,MISSING,MISSING,MISSING,LOW_RELIABILITY_DEFENSE_FIT: shrinkage applied to historical allowed stats.,"Context V1 uses pre-target weekly history, schedules.csv game lines where present, and shrinkage-adjusted defense allowed stats.",True,False,False,rushing,GOOD_SIGNAL at 59.4. Main support: usage foundation: 66.7; data quality: 65.7. Main caution: role and availability context: 35.0; missing signal count: 5.,usage foundation: 66.7; data quality: 65.7; projection strength: 61.9,,,weather not sourced; live role/injury gates not ready; defense fit limited; game environment limited,projection strength: 61.9,review context: Context V1: defense fit missing/low reliability for some players; game environment missing,Research-only driver summary. Limitations: weather not sourced; live role/injury gates not ready; defense fit limited; game environment limited,RESEARCH_ONLY,current_v1,projection_heavy,59.43,GOOD_SIGNAL,GOOD_SIGNAL,59.99,GOOD_SIGNAL,GOOD_SIGNAL,0.56,NO_TIER_CHANGE,NO_ACTION_CHANGE,NO_MEANINGFUL_CHANGE,RESEARCH_ONLY challenger preview; production signal boards remain current_v1.
2025,1,,J.Kibodi,CLE,,RB,0.9142808915556312,13.33217419059791,23.96115195654426,2.1362139531614592,,,,0.0,0.0,0.0,0.0,0.0,0.0,0.0,0.0,0.0,0.0,0.0,0.0,0.0,0.0,0.0,0.0,0.0,0.0,0.0,0.0,0.0,0.0,0.0,0.0,,,,,,,,,,,,,,MISSING,HIGH,MISSING,67,True,True,False,61.57,66.67,50.07,,,,35,55,65.7,59.29,GOOD_SIGNAL,1,1,0,5,usage foundation: 66.7; data quality: 65.7,"Context V1: defense fit missing/low reliability for some players; game environment missing for some players; weather, route share, first-read share, and coverage are not sourced.",,NEEDS DATA,NEEDS DATA,NEEDS DATA,DATA_NEEDS_LIVE_CONTEXT,HISTORICAL TEST ONLY,NO-GO,GOOD_SIGNAL at 59.3. Main support: usage foundation: 66.7; data quality: 65.7. Main caution: role and availability context: 35.0; missing signal count: 5.,GOOD_SIGNAL,usage foundation: 66.7,data quality: 65.7,role and availability context: 35.0,missing signal count: 5,Medium,ROUTE_PROXY_UNVALIDATED|LOW_CURRENT_SAMPLE|LOW_PLAYER_SAMPLE,Medium,ROUTE_PROXY_UNVALIDATED|LOW_CURRENT_SAMPLE|LOW_PLAYER_SAMPLE|LOW_YARDAGE_SAMPLE,Medium,ROUTE_PROXY_UNVALIDATED|LOW_CURRENT_SAMPLE|LOW_PLAYER_SAMPLE|LOW_RUSH_SAMPLE,Medium,ROUTE_PROXY_UNVALIDATED|LOW_CURRENT_SAMPLE|LOW_PLAYER_SAMPLE|LOW_RUSH_SAMPLE|LOW_CARRY_SAMPLE,,,,,,,8,8,8,MISSING,MISSING,MISSING,Pre-target weekly player stats only.,,,,,No schedule game matched team/opponent.,,,,,,,,,,,,MISSING,MISSING,MISSING,LOW_RELIABILITY_DEFENSE_FIT: shrinkage applied to historical allowed stats.,"Context V1 uses pre-target weekly history, schedules.csv game lines where present, and shrinkage-adjusted defense allowed stats.",True,False,False,rushing,GOOD_SIGNAL at 59.3. Main support: usage foundation: 66.7; data quality: 65.7. Main caution: role and availability context: 35.0; missing signal count: 5.,usage foundation: 66.7; data quality: 65.7; projection strength: 61.6,,,weather not sourced; live role/injury gates not ready; defense fit limited; game environment limited,projection strength: 61.6,review context: Context V1: defense fit missing/low reliability for some players; game environment missing,Research-only driver summary. Limitations: weather not sourced; live role/injury gates not ready; defense fit limited; game environment limited,RESEARCH_ONLY,current_v1,projection_heavy,59.29,GOOD_SIGNAL,GOOD_SIGNAL,59.8,GOOD_SIGNAL,GOOD_SIGNAL,0.51,NO_TIER_CHANGE,NO_ACTION_CHANGE,NO_MEANINGFUL_CHANGE,RESEARCH_ONLY challenger preview; production signal boards remain current_v1.
2025,1,,A.Abdullah,LV,,RB,1.9972331636907392,13.49973221372938,23.28796857473809,2.1601901368644505,,,,0.0,0.0,0.0,0.0,0.0,0.0,0.0,0.0,0.0,0.0,0.0,0.0,0.0,0.0,0.0,0.0,0.0,0.0,0.0,0.0,0.0,0.0,0.0,0.0,,,,,,,,,,,,,,MISSING,HIGH,MISSING,67,True,True,False,61.56,66.67,50.07,,,,35,55,65.7,59.28,GOOD_SIGNAL,1,1,0,5,usage foundation: 66.7; data quality: 65.7,"Context V1: defense fit missing/low reliability for some players; game environment missing for some players; weather, route share, first-read share, and coverage are not sourced.",,NEEDS DATA,NEEDS DATA,NEEDS DATA,DATA_NEEDS_LIVE_CONTEXT,HISTORICAL TEST ONLY,NO-GO,GOOD_SIGNAL at 59.3. Main support: usage foundation: 66.7; data quality: 65.7. Main caution: role and availability context: 35.0; missing signal count: 5.,GOOD_SIGNAL,usage foundation: 66.7,data quality: 65.7,role and availability context: 35.0,missing signal count: 5,Medium,ROUTE_PROXY_UNVALIDATED|LOW_CURRENT_SAMPLE,Medium,ROUTE_PROXY_UNVALIDATED|LOW_CURRENT_SAMPLE,Medium,ROUTE_PROXY_UNVALIDATED|LOW_CURRENT_SAMPLE,Medium,ROUTE_PROXY_UNVALIDATED|LOW_CURRENT_SAMPLE,,,,,,,8,8,8,MISSING,MISSING,MISSING,Pre-target weekly player stats only.,,,,,No schedule game matched team/opponent.,,,,,,,,,,,,MISSING,MISSING,MISSING,LOW_RELIABILITY_DEFENSE_FIT: shrinkage applied to historical allowed stats.,"Context V1 uses pre-target weekly history, schedules.csv game lines where present, and shrinkage-adjusted defense allowed stats.",True,False,False,rushing,GOOD_SIGNAL at 59.3. Main support: usage foundation: 66.7; data quality: 65.7. Main caution: role and availability context: 35.0; missing signal count: 5.,usage foundation: 66.7; data quality: 65.7; projection strength: 61.6,,,weather not sourced; live role/injury gates not ready; defense fit limited; game environment limited,projection strength: 61.6,review context: Context V1: defense fit missing/low reliability for some players; game environment missing,Research-only driver summary. Limitations: weather not sourced; live role/injury gates not ready; defense fit limited; game environment limited,RESEARCH_ONLY,current_v1,projection_heavy,59.28,GOOD_SIGNAL,GOOD_SIGNAL,59.79,GOOD_SIGNAL,GOOD_SIGNAL,0.51,NO_TIER_CHANGE,NO_ACTION_CHANGE,NO_MEANINGFUL_CHANGE,RESEARCH_ONLY challenger preview; production signal boards remain current_v1.
2025,1,,D.Jackson,NYG,,RB,1.1419066908181223,8.683162595920242,23.95718514066882,2.892985080276197,,,,0.0,0.0,0.0,0.0,0.0,0.0,0.0,0.0,0.0,0.0,0.0,0.0,0.0,0.0,0.0,0.0,0.0,0.0,0.0,0.0,0.0,0.0,0.0,0.0,,,,,,,,,,,,,,MISSING,HIGH,MISSING,67,True,True,False,61.19,66.67,50.07,,,,35,55,65.7,59.12,GOOD_SIGNAL,1,1,0,5,usage foundation: 66.7; data quality: 65.7,"Context V1: defense fit missing/low reliability for some players; game environment missing for some players; weather, route share, first-read share, and coverage are not sourced.",,NEEDS DATA,NEEDS DATA,NEEDS DATA,DATA_NEEDS_LIVE_CONTEXT,HISTORICAL TEST ONLY,NO-GO,GOOD_SIGNAL at 59.1. Main support: usage foundation: 66.7; data quality: 65.7. Main caution: role and availability context: 35.0; missing signal count: 5.,GOOD_SIGNAL,usage foundation: 66.7,data quality: 65.7,role and availability context: 35.0,missing signal count: 5,Medium,ROUTE_PROXY_UNVALIDATED|LOW_CURRENT_SAMPLE|LOW_PLAYER_SAMPLE,Medium,ROUTE_PROXY_UNVALIDATED|LOW_CURRENT_SAMPLE|LOW_PLAYER_SAMPLE|LOW_YARDAGE_SAMPLE,Medium,ROUTE_PROXY_UNVALIDATED|LOW_CURRENT_SAMPLE|LOW_PLAYER_SAMPLE|LOW_RUSH_SAMPLE,Medium,ROUTE_PROXY_UNVALIDATED|LOW_CURRENT_SAMPLE|LOW_PLAYER_SAMPLE|LOW_RUSH_SAMPLE|LOW_CARRY_SAMPLE,,,,,,,8,8,8,MISSING,MISSING,MISSING,Pre-target weekly player stats only.,,,,,No schedule game matched team/opponent.,,,,,,,,,,,,MISSING,MISSING,MISSING,LOW_RELIABILITY_DEFENSE_FIT: shrinkage applied to historical allowed stats.,"Context V1 uses pre-target weekly history, schedules.csv game lines where present, and shrinkage-adjusted defense allowed stats.",True,False,False,rushing,GOOD_SIGNAL at 59.1. Main support: usage foundation: 66.7; data quality: 65.7. Main caution: role and availability context: 35.0; missing signal count: 5.,usage foundation: 66.7; data quality: 65.7; projection strength: 61.2,,,weather not sourced; live role/injury gates not ready; defense fit limited; game environment limited,projection strength: 61.2,review context: Context V1: defense fit missing/low reliability for some players; game environment missing,Research-only driver summary. Limitations: weather not sourced; live role/injury gates not ready; defense fit limited; game environment limited,RESEARCH_ONLY,current_v1,projection_heavy,59.12,GOOD_SIGNAL,GOOD_SIGNAL,59.57,GOOD_SIGNAL,GOOD_SIGNAL,0.45,NO_TIER_CHANGE,NO_ACTION_CHANGE,NO_MEANINGFUL_CHANGE,RESEARCH_ONLY challenger preview; production signal boards remain current_v1.
2025,1,,K.Vidal,LAC,,RB,0.8006725385354857,10.07320334347444,22.33033954050072,2.920849679786484,,,,0.0,0.0,0.0,0.0,0.0,0.0,0.0,0.0,0.0,0.0,0.0,0.0,0.0,0.0,0.0,0.0,0.0,0.0,0.0,0.0,0.0,0.0,0.0,0.0,,,,,,,,,,,,,,MISSING,HIGH,MISSING,67,True,True,False,60.25,66.67,50.07,,,,35,55,65.7,58.71,GOOD_SIGNAL,1,1,0,5,usage foundation: 66.7; data quality: 65.7,"Context V1: defense fit missing/low reliability for some players; game environment missing for some players; weather, route share, first-read share, and coverage are not sourced.",,NEEDS DATA,NEEDS DATA,NEEDS DATA,DATA_NEEDS_LIVE_CONTEXT,HISTORICAL TEST ONLY,NO-GO,GOOD_SIGNAL at 58.7. Main support: usage foundation: 66.7; data quality: 65.7. Main caution: role and availability context: 35.0; missing signal count: 5.,GOOD_SIGNAL,usage foundation: 66.7,data quality: 65.7,role and availability context: 35.0,missing signal count: 5,Medium,ROUTE_PROXY_UNVALIDATED|LOW_CURRENT_SAMPLE|LOW_PLAYER_SAMPLE,Medium,ROUTE_PROXY_UNVALIDATED|LOW_CURRENT_SAMPLE|LOW_PLAYER_SAMPLE|LOW_YARDAGE_SAMPLE,Medium,ROUTE_PROXY_UNVALIDATED|LOW_CURRENT_SAMPLE|LOW_PLAYER_SAMPLE,Medium,ROUTE_PROXY_UNVALIDATED|LOW_CURRENT_SAMPLE|LOW_PLAYER_SAMPLE,,,,,,,8,8,8,MISSING,MISSING,MISSING,Pre-target weekly player stats only.,,,,,No schedule game matched team/opponent.,,,,,,,,,,,,MISSING,MISSING,MISSING,LOW_RELIABILITY_DEFENSE_FIT: shrinkage applied to historical allowed stats.,"Context V1 uses pre-target weekly history, schedules.csv game lines where present, and shrinkage-adjusted defense allowed stats.",True,False,False,rushing,GOOD_SIGNAL at 58.7. Main support: usage foundation: 66.7; data quality: 65.7. Main caution: role and availability context: 35.0; missing signal count: 5.,usage foundation: 66.7; data quality: 65.7; projection strength: 60.2,,,weather not sourced; live role/injury gates not ready; defense fit limited; game environment limited,projection strength: 60.2,review context: Context V1: defense fit missing/low reliability for some players; game environment missing,Research-only driver summary. Limitations: weather not sourced; live role/injury gates not ready; defense fit limited; game environment limited,RESEARCH_ONLY,current_v1,projection_heavy,58.71,GOOD_SIGNAL,GOOD_SIGNAL,59.02,GOOD_SIGNAL,GOOD_SIGNAL,0.31,NO_TIER_CHANGE,NO_ACTION_CHANGE,NO_MEANINGFUL_CHANGE,RESEARCH_ONLY challenger preview; production signal boards remain current_v1.
2025,1,,M.Breida,NYG,,RB,0.967942398303516,7.90509946776309,23.747281537146144,2.5717700374178967,,,,0.0,0.0,0.0,0.0,0.0,0.0,0.0,0.0,0.0,0.0,0.0,0.0,0.0,0.0,0.0,0.0,0.0,0.0,0.0,0.0,0.0,0.0,0.0,0.0,,,,,,,,,,,,,,MISSING,HIGH,MISSING,67,True,True,False,59.7,66.67,50.07,,,,35,55,65.7,58.47,GOOD_SIGNAL,1,1,0,5,usage foundation: 66.7; data quality: 65.7,"Context V1: defense fit missing/low reliability for some players; game environment missing for some players; weather, route share, first-read share, and coverage are not sourced.",,NEEDS DATA,NEEDS DATA,NEEDS DATA,DATA_NEEDS_LIVE_CONTEXT,HISTORICAL TEST ONLY,NO-GO,GOOD_SIGNAL at 58.5. Main support: usage foundation: 66.7; data quality: 65.7. Main caution: role and availability context: 35.0; missing signal count: 5.,GOOD_SIGNAL,usage foundation: 66.7,data quality: 65.7,role and availability context: 35.0,missing signal count: 5,Medium,ROUTE_PROXY_UNVALIDATED|LOW_CURRENT_SAMPLE,Medium,ROUTE_PROXY_UNVALIDATED|LOW_CURRENT_SAMPLE,Medium,ROUTE_PROXY_UNVALIDATED|LOW_CURRENT_SAMPLE,Medium,ROUTE_PROXY_UNVALIDATED|LOW_CURRENT_SAMPLE,,,,,,,8,8,8,MISSING,MISSING,MISSING,Pre-target weekly player stats only.,,,,,No schedule game matched team/opponent.,,,,,,,,,,,,MISSING,MISSING,MISSING,LOW_RELIABILITY_DEFENSE_FIT: shrinkage applied to historical allowed stats.,"Context V1 uses pre-target weekly history, schedules.csv game lines where present, and shrinkage-adjusted defense allowed stats.",True,False,False,rushing,GOOD_SIGNAL at 58.5. Main support: usage foundation: 66.7; data quality: 65.7. Main caution: role and availability context: 35.0; missing signal count: 5.,usage foundation: 66.7; data quality: 65.7,,,weather not sourced; live role/injury gates not ready; defense fit limited; game environment limited,,review context: Context V1: defense fit missing/low reliability for some players; game environment missing,Research-only driver summary. Limitations: weather not sourced; live role/injury gates not ready; defense fit limited; game environment limited,RESEARCH_ONLY,current_v1,projection_heavy,58.47,GOOD_SIGNAL,GOOD_SIGNAL,58.7,GOOD_SIGNAL,GOOD_SIGNAL,0.23,NO_TIER_CHANGE,NO_ACTION_CHANGE,NO_MEANINGFUL_CHANGE,RESEARCH_ONLY challenger preview; production signal boards remain current_v1.
2025,1,,J.Robinson,GB,,RB,0.8799521187477743,5.690920051329021,23.49675132777984,2.860783665730158,,,,0.0,0.0,0.0,0.0,0.0,0.0,0.0,0.0,0.0,0.0,0.0,0.0,0.0,0.0,0.0,0.0,0.0,0.0,0.0,0.0,0.0,0.0,0.0,0.0,,,,,,,,,,,,,,MISSING,HIGH,MISSING,67,True,True,False,59.33,66.67,50.07,,,,35,55,65.7,58.31,GOOD_SIGNAL,1,1,0,5,usage foundation: 66.7; data quality: 65.7,"Context V1: defense fit missing/low reliability for some players; game environment missing for some players; weather, route share, first-read share, and coverage are not sourced.",,NEEDS DATA,NEEDS DATA,NEEDS DATA,DATA_NEEDS_LIVE_CONTEXT,HISTORICAL TEST ONLY,NO-GO,GOOD_SIGNAL at 58.3. Main support: usage foundation: 66.7; data quality: 65.7. Main caution: role and availability context: 35.0; missing signal count: 5.,GOOD_SIGNAL,usage foundation: 66.7,data quality: 65.7,role and availability context: 35.0,missing signal count: 5,Medium,ROUTE_PROXY_UNVALIDATED|LOW_CURRENT_SAMPLE|LOW_PLAYER_SAMPLE,Medium,ROUTE_PROXY_UNVALIDATED|LOW_CURRENT_SAMPLE|LOW_PLAYER_SAMPLE|LOW_YARDAGE_SAMPLE,Medium,ROUTE_PROXY_UNVALIDATED|LOW_CURRENT_SAMPLE|LOW_PLAYER_SAMPLE|LOW_RUSH_SAMPLE,Medium,ROUTE_PROXY_UNVALIDATED|LOW_CURRENT_SAMPLE|LOW_PLAYER_SAMPLE|LOW_RUSH_SAMPLE|LOW_CARRY_SAMPLE,,,,,,,8,8,8,MISSING,MISSING,MISSING,Pre-target weekly player stats only.,,,,,No schedule game matched team/opponent.,,,,,,,,,,,,MISSING,MISSING,MISSING,LOW_RELIABILITY_DEFENSE_FIT: shrinkage applied to historical allowed stats.,"Context V1 uses pre-target weekly history, schedules.csv game lines where present, and shrinkage-adjusted defense allowed stats.",True,False,False,rushing,GOOD_SIGNAL at 58.3. Main support: usage foundation: 66.7; data quality: 65.7. Main caution: role and availability context: 35.0; missing signal count: 5.,usage foundation: 66.7; data quality: 65.7,,,weather not sourced; live role/injury gates not ready; defense fit limited; game environment limited,,review context: Context V1: defense fit missing/low reliability for some players; game environment missing,Research-only driver summary. Limitations: weather not sourced; live role/injury gates not ready; defense fit limited; game environment limited,RESEARCH_ONLY,current_v1,projection_heavy,58.31,GOOD_SIGNAL,GOOD_SIGNAL,58.48,GOOD_SIGNAL,GOOD_SIGNAL,0.17,NO_TIER_CHANGE,NO_ACTION_CHANGE,NO_MEANINGFUL_CHANGE,RESEARCH_ONLY challenger preview; production signal boards remain current_v1.
2025,1,,S.Tucker,TB,,RB,0.8292415776651739,9.976469341255374,23.25204146210809,2.9013651885390126,,,,0.0,0.0,0.0,0.0,0.0,0.0,0.0,0.0,0.0,0.0,0.0,0.0,0.0,0.0,0.0,0.0,0.0,0.0,0.0,0.0,0.0,0.0,0.0,0.0,,,,,,,,,,,,,,MISSING,HIGH,MISSING,67,True,True,False,58.61,66.67,50.07,,,,35,55,65.7,57.99,WATCH,1,1,0,5,usage foundation: 66.7; data quality: 65.7,"Context V1: defense fit missing/low reliability for some players; game environment missing for some players; weather, route share, first-read share, and coverage are not sourced.",,NEEDS DATA,NEEDS DATA,NEEDS DATA,DATA_NEEDS_LIVE_CONTEXT,HISTORICAL TEST ONLY,NO-GO,WATCH at 58.0. Main support: usage foundation: 66.7; data quality: 65.7. Main caution: role and availability context: 35.0; missing signal count: 5.,WATCHLIST,usage foundation: 66.7,data quality: 65.7,role and availability context: 35.0,missing signal count: 5,Medium,ROUTE_PROXY_UNVALIDATED|LOW_CURRENT_SAMPLE,Medium,ROUTE_PROXY_UNVALIDATED|LOW_CURRENT_SAMPLE,Medium,ROUTE_PROXY_UNVALIDATED|LOW_CURRENT_SAMPLE,Medium,ROUTE_PROXY_UNVALIDATED|LOW_CURRENT_SAMPLE,,,,,,,8,8,8,MISSING,MISSING,MISSING,Pre-target weekly player stats only.,,,,,No schedule game matched team/opponent.,,,,,,,,,,,,MISSING,MISSING,MISSING,LOW_RELIABILITY_DEFENSE_FIT: shrinkage applied to historical allowed stats.,"Context V1 uses pre-target weekly history, schedules.csv game lines where present, and shrinkage-adjusted defense allowed stats.",True,False,False,rushing,WATCH at 58.0. Main support: usage foundation: 66.7; data quality: 65.7. Main caution: role and availability context: 35.0; missing signal count: 5.,,role and availability context: 35.0; missing signal count: 5; review context: Context V1: defense fit missing/low reliability for some players; game environment missing,,weather not sourced; live role/injury gates not ready; defense fit limited; game environment limited,,review context: Context V1: defense fit missing/low reliability for some players; game environment missing,Research-only driver summary. Limitations: weather not sourced; live role/injury gates not ready; defense fit limited; game environment limited,RESEARCH_ONLY,current_v1,projection_heavy,57.99,WATCH,WATCHLIST,58.06,GOOD_SIGNAL,GOOD_SIGNAL,0.07,TIER_UPGRADE,ACTION_CHANGED,TIER_UPGRADE|ACTION_CHANGED,RESEARCH_ONLY challenger preview; production signal boards remain current_v1.
2025,1,,T.Davis-Price,PHI,,RB,0.5488486596441412,,14.868617671389597,2.8979333526677347,,,,0.0,0.0,0.0,0.0,0.0,0.0,0.0,0.0,0.0,0.0,0.0,0.0,0.0,0.0,0.0,0.0,0.0,0.0,0.0,0.0,0.0,0.0,0.0,0.0,,,,,,,,,,,,,,MISSING,HIGH,MISSING,67,True,True,False,58.2,66.67,50.07,,,,35,55,65.7,57.81,WATCH,1,1,0,5,usage foundation: 66.7; data quality: 65.7,"Context V1: defense fit missing/low reliability for some players; game environment missing for some players; weather, route share, first-read share, and coverage are not sourced.",,NEEDS DATA,NEEDS DATA,NEEDS DATA,DATA_NEEDS_LIVE_CONTEXT,HISTORICAL TEST ONLY,NO-GO,WATCH at 57.8. Main support: usage foundation: 66.7; data quality: 65.7. Main caution: role and availability context: 35.0; missing signal count: 5.,WATCHLIST,usage foundation: 66.7,data quality: 65.7,role and availability context: 35.0,missing signal count: 5,Medium,ROUTE_PROXY_UNVALIDATED|LOW_CURRENT_SAMPLE|LOW_PLAYER_SAMPLE,,,Medium,ROUTE_PROXY_UNVALIDATED|LOW_CURRENT_SAMPLE|LOW_PLAYER_SAMPLE|LOW_RUSH_SAMPLE,Medium,ROUTE_PROXY_UNVALIDATED|LOW_CURRENT_SAMPLE|LOW_PLAYER_SAMPLE|LOW_RUSH_SAMPLE|LOW_CARRY_SAMPLE,,,,,,,8,8,8,MISSING,MISSING,MISSING,Pre-target weekly player stats only.,,,,,No schedule game matched team/opponent.,,,,,,,,,,,,MISSING,MISSING,MISSING,LOW_RELIABILITY_DEFENSE_FIT: shrinkage applied to historical allowed stats.,"Context V1 uses pre-target weekly history, schedules.csv game lines where present, and shrinkage-adjusted defense allowed stats.",True,False,False,rushing,WATCH at 57.8. Main support: usage foundation: 66.7; data quality: 65.7. Main caution: role and availability context: 35.0; missing signal count: 5.,,role and availability context: 35.0; missing signal count: 5; review context: Context V1: defense fit missing/low reliability for some players; game environment missing,,weather not sourced; live role/injury gates not ready; defense fit limited; game environment limited,,review context: Context V1: defense fit missing/low reliability for some players; game environment missing,Research-only driver summary. Limitations: weather not sourced; live role/injury gates not ready; defense fit limited; game environment limited,RESEARCH_ONLY,current_v1,projection_heavy,57.81,WATCH,WATCHLIST,57.81,WATCH,WATCHLIST,0.0,NO_TIER_CHANGE,NO_ACTION_CHANGE,NO_MEANINGFUL_CHANGE,RESEARCH_ONLY challenger preview; production signal boards remain current_v1.
2025,1,,P.Taylor,SF,,RB,0.7939365678372686,6.140242467959303,23.133571450042844,1.9928072117561808,,,,0.0,0.0,0.0,0.0,0.0,0.0,0.0,0.0,0.0,0.0,0.0,0.0,0.0,0.0,0.0,0.0,0.0,0.0,0.0,0.0,0.0,0.0,0.0,0.0,,,,,,,,,,,,,,MISSING,HIGH,MISSING,67,True,True,False,57.46,66.67,50.07,,,,35,55,65.7,57.49,WATCH,1,1,0,5,usage foundation: 66.7; data quality: 65.7,"Context V1: defense fit missing/low reliability for some players; game environment missing for some players; weather, route share, first-read share, and coverage are not sourced.",,NEEDS DATA,NEEDS DATA,NEEDS DATA,DATA_NEEDS_LIVE_CONTEXT,HISTORICAL TEST ONLY,NO-GO,WATCH at 57.5. Main support: usage foundation: 66.7; data quality: 65.7. Main caution: role and availability context: 35.0; missing signal count: 5.,WATCHLIST,usage foundation: 66.7,data quality: 65.7,role and availability context: 35.0,missing signal count: 5,Medium,ROUTE_PROXY_UNVALIDATED|LOW_CURRENT_SAMPLE,Medium,ROUTE_PROXY_UNVALIDATED|LOW_CURRENT_SAMPLE,Medium,ROUTE_PROXY_UNVALIDATED|LOW_CURRENT_SAMPLE,Medium,ROUTE_PROXY_UNVALIDATED|LOW_CURRENT_SAMPLE,,,,,,,8,8,8,MISSING,MISSING,MISSING,Pre-target weekly player stats only.,,,,,No schedule game matched team/opponent.,,,,,,,,,,,,MISSING,MISSING,MISSING,LOW_RELIABILITY_DEFENSE_FIT: shrinkage applied to historical allowed stats.,"Context V1 uses pre-target weekly history, schedules.csv game lines where present, and shrinkage-adjusted defense allowed stats.",True,False,False,rushing,WATCH at 57.5. Main support: usage foundation: 66.7; data quality: 65.7. Main caution: role and availability context: 35.0; missing signal count: 5.,,role and availability context: 35.0; missing signal count: 5; review context: Context V1: defense fit missing/low reliability for some players; game environment missing,,weather not sourced; live role/injury gates not ready; defense fit limited; game environment limited,,review context: Context V1: defense fit missing/low reliability for some players; game environment missing,Research-only driver summary. Limitations: weather not sourced; live role/injury gates not ready; defense fit limited; game environment limited,RESEARCH_ONLY,current_v1,projection_heavy,57.49,WATCH,WATCHLIST,57.38,WATCH,WATCHLIST,-0.11,NO_TIER_CHANGE,NO_ACTION_CHANGE,NO_MEANINGFUL_CHANGE,RESEARCH_ONLY challenger preview; production signal boards remain current_v1.
2025,1,,R.Ali,BAL,,RB,0.2147574535322947,,12.248393042508372,2.891235520038644,,,,0.0,0.0,0.0,0.0,0.0,0.0,0.0,0.0,0.0,0.0,0.0,0.0,0.0,0.0,0.0,0.0,0.0,0.0,0.0,0.0,0.0,0.0,0.0,0.0,,,,,,,,,,,,,,MISSING,HIGH,MISSING,67,True,True,False,57.38,66.67,50.07,,,,35,55,65.7,57.45,WATCH,1,1,0,5,usage foundation: 66.7; data quality: 65.7,"Context V1: defense fit missing/low reliability for some players; game environment missing for some players; weather, route share, first-read share, and coverage are not sourced.",,NEEDS DATA,NEEDS DATA,NEEDS DATA,DATA_NEEDS_LIVE_CONTEXT,HISTORICAL TEST ONLY,NO-GO,WATCH at 57.5. Main support: usage foundation: 66.7; data quality: 65.7. Main caution: role and availability context: 35.0; missing signal count: 5.,WATCHLIST,usage foundation: 66.7,data quality: 65.7,role and availability context: 35.0,missing signal count: 5,Medium,ROUTE_PROXY_UNVALIDATED|LOW_CURRENT_SAMPLE|LOW_PLAYER_SAMPLE,,,Medium,ROUTE_PROXY_UNVALIDATED|LOW_CURRENT_SAMPLE|LOW_PLAYER_SAMPLE|LOW_RUSH_SAMPLE,Medium,ROUTE_PROXY_UNVALIDATED|LOW_CURRENT_SAMPLE|LOW_PLAYER_SAMPLE|LOW_RUSH_SAMPLE|LOW_CARRY_SAMPLE,,,,,,,8,8,8,MISSING,MISSING,MISSING,Pre-target weekly player stats only.,,,,,No schedule game matched team/opponent.,,,,,,,,,,,,MISSING,MISSING,MISSING,LOW_RELIABILITY_DEFENSE_FIT: shrinkage applied to historical allowed stats.,"Context V1 uses pre-target weekly history, schedules.csv game lines where present, and shrinkage-adjusted defense allowed stats.",True,False,False,rushing,WATCH at 57.5. Main support: usage foundation: 66.7; data quality: 65.7. Main caution: role and availability context: 35.0; missing signal count: 5.,,role and availability context: 35.0; missing signal count: 5; review context: Context V1: defense fit missing/low reliability for some players; game environment missing,,weather not sourced; live role/injury gates not ready; defense fit limited; game environment limited,,review context: Context V1: defense fit missing/low reliability for some players; game environment missing,Research-only driver summary. Limitations: weather not sourced; live role/injury gates not ready; defense fit limited; game environment limited,RESEARCH_ONLY,current_v1,projection_heavy,57.45,WATCH,WATCHLIST,57.33,WATCH,WATCHLIST,-0.12,NO_TIER_CHANGE,NO_ACTION_CHANGE,NO_MEANINGFUL_CHANGE,RESEARCH_ONLY challenger preview; production signal boards remain current_v1.
2025,1,,B.Young,CAR,ATL,QB,,,17.66074956763342,1.8308151484556103,14.059887484278777,9.76397692493441,,0.0,0.0,0.0,0.0,0.0,0.0,0.0,0.0,0.0,0.0,0.0,0.0,0.0,0.0,0.0,0.0,0.0,0.0,0.0,0.0,0.0,0.0,0.0,0.0,,,,,,,,,,,,,,MISSING,HIGH,MISSING,67,False,True,True,56.76,66.67,50.07,,,,35,55,65.7,57.18,WATCH,1,1,0,5,usage foundation: 66.7; data quality: 65.7,"Context V1: defense fit missing/low reliability for some players; game environment missing for some players; weather, route share, first-read share, and coverage are not sourced.",,NEEDS DATA,NEEDS DATA,NEEDS DATA,DATA_NEEDS_LIVE_CONTEXT,HISTORICAL TEST ONLY,NO-GO,WATCH at 57.2. Main support: usage foundation: 66.7; data quality: 65.7. Main caution: role and availability context: 35.0; missing signal count: 5.,WATCHLIST,usage foundation: 66.7,data quality: 65.7,role and availability context: 35.0,missing signal count: 5,,,,,Medium,ROUTE_PROXY_UNVALIDATED|LOW_CURRENT_SAMPLE|LOW_PLAYER_SAMPLE,Medium,ROUTE_PROXY_UNVALIDATED|LOW_CURRENT_SAMPLE|LOW_PLAYER_SAMPLE,Medium,ROUTE_PROXY_UNVALIDATED|LOW_CURRENT_SAMPLE|LOW_PLAYER_SAMPLE,Medium,ROUTE_PROXY_UNVALIDATED|LOW_CURRENT_SAMPLE|LOW_PLAYER_SAMPLE,,,8,8,8,MISSING,MISSING,MISSING,Pre-target weekly player stats only.,,,,,No schedule game matched team/opponent.,,,,,,,,,,,,MISSING,MISSING,MISSING,LOW_RELIABILITY_DEFENSE_FIT: shrinkage applied to historical allowed stats.,"Context V1 uses pre-target weekly history, schedules.csv game lines where present, and shrinkage-adjusted defense allowed stats.",True,False,False,rushing,WATCH at 57.2. Main support: usage foundation: 66.7; data quality: 65.7. Main caution: role and availability context: 35.0; missing signal count: 5.,,role and availability context: 35.0; missing signal count: 5; review context: Context V1: defense fit missing/low reliability for some players; game environment missing,,weather not sourced; live role/injury gates not ready; defense fit limited; game environment limited,,review context: Context V1: defense fit missing/low reliability for some players; game environment missing,Research-only driver summary. Limitations: weather not sourced; live role/injury gates not ready; defense fit limited; game environment limited,RESEARCH_ONLY,current_v1,projection_heavy,57.18,WATCH,WATCHLIST,56.97,WATCH,WATCHLIST,-0.21,NO_TIER_CHANGE,NO_ACTION_CHANGE,NO_MEANINGFUL_CHANGE,RESEARCH_ONLY challenger preview; production signal boards remain current_v1.
2025,1,,J.Taylor,HOU,,RB,0.8019092268457043,,20.350932676095702,2.869153939551892,,,,0.0,0.0,0.0,0.0,0.0,0.0,0.0,0.0,0.0,0.0,0.0,0.0,0.0,0.0,0.0,0.0,0.0,0.0,0.0,0.0,0.0,0.0,0.0,0.0,,,,,,,,,,,,,,MISSING,HIGH,MISSING,67,True,True,False,56.56,66.67,50.07,,,,35,55,65.7,57.09,WATCH,1,1,0,5,usage foundation: 66.7; data quality: 65.7,"Context V1: defense fit missing/low reliability for some players; game environment missing for some players; weather, route share, first-read share, and coverage are not sourced.",,NEEDS DATA,NEEDS DATA,NEEDS DATA,DATA_NEEDS_LIVE_CONTEXT,HISTORICAL TEST ONLY,NO-GO,WATCH at 57.1. Main support: usage foundation: 66.7; data quality: 65.7. Main caution: role and availability context: 35.0; missing signal count: 5.,WATCHLIST,usage foundation: 66.7,data quality: 65.7,role and availability context: 35.0,missing signal count: 5,Medium,ROUTE_PROXY_UNVALIDATED|LOW_CURRENT_SAMPLE|LOW_PLAYER_SAMPLE,,,Medium,ROUTE_PROXY_UNVALIDATED|LOW_CURRENT_SAMPLE|LOW_PLAYER_SAMPLE|LOW_RUSH_SAMPLE,Medium,ROUTE_PROXY_UNVALIDATED|LOW_CURRENT_SAMPLE|LOW_PLAYER_SAMPLE|LOW_RUSH_SAMPLE|LOW_CARRY_SAMPLE,,,,,,,8,8,8,MISSING,MISSING,MISSING,Pre-target weekly player stats only.,,,,,No schedule game matched team/opponent.,,,,,,,,,,,,MISSING,MISSING,MISSING,LOW_RELIABILITY_DEFENSE_FIT: shrinkage applied to historical allowed stats.,"Context V1 uses pre-target weekly history, schedules.csv game lines where present, and shrinkage-adjusted defense allowed stats.",True,False,False,rushing,WATCH at 57.1. Main support: usage foundation: 66.7; data quality: 65.7. Main caution: role and availability context: 35.0; missing signal count: 5.,,role and availability context: 35.0; missing signal count: 5; review context: Context V1: defense fit missing/low reliability for some players; game environment missing,,weather not sourced; live role/injury gates not ready; defense fit limited; game environment limited,,review context: Context V1: defense fit missing/low reliability for some players; game environment missing,Research-only driver summary. Limitations: weather not sourced; live role/injury gates not ready; defense fit limited; game environment limited,RESEARCH_ONLY,current_v1,projection_heavy,57.09,WATCH,WATCHLIST,56.85,WATCH,WATCHLIST,-0.24,NO_TIER_CHANGE,NO_ACTION_CHANGE,NO_MEANINGFUL_CHANGE,RESEARCH_ONLY challenger preview; production signal boards remain current_v1.
2025,1,,N.Bawden,NYJ,,RB,0.983999219012452,8.461190620688685,22.84464172905252,2.6422590410684146,,,,0.0,0.0,0.0,0.0,0.0,0.0,0.0,0.0,0.0,0.0,0.0,0.0,0.0,0.0,0.0,0.0,0.0,0.0,0.0,0.0,0.0,0.0,0.0,0.0,,,,,,,,,,,,,,MISSING,HIGH,MISSING,67,True,True,False,56.34,66.67,50.07,,,,35,55,65.7,57.0,WATCH,1,1,0,5,usage foundation: 66.7; data quality: 65.7,"Context V1: defense fit missing/low reliability for some players; game environment missing for some players; weather, route share, first-read share, and coverage are not sourced.",,NEEDS DATA,NEEDS DATA,NEEDS DATA,DATA_NEEDS_LIVE_CONTEXT,HISTORICAL TEST ONLY,NO-GO,WATCH at 57.0. Main support: usage foundation: 66.7; data quality: 65.7. Main caution: role and availability context: 35.0; missing signal count: 5.,WATCHLIST,usage foundation: 66.7,data quality: 65.7,role and availability context: 35.0,missing signal count: 5,Medium,ROUTE_PROXY_UNVALIDATED|LOW_CURRENT_SAMPLE|LOW_PLAYER_SAMPLE,Medium,ROUTE_PROXY_UNVALIDATED|LOW_CURRENT_SAMPLE|LOW_PLAYER_SAMPLE|LOW_YARDAGE_SAMPLE,Medium,ROUTE_PROXY_UNVALIDATED|LOW_CURRENT_SAMPLE|LOW_PLAYER_SAMPLE|LOW_RUSH_SAMPLE,Medium,ROUTE_PROXY_UNVALIDATED|LOW_CURRENT_SAMPLE|LOW_PLAYER_SAMPLE|LOW_RUSH_SAMPLE|LOW_CARRY_SAMPLE,,,,,,,8,8,8,MISSING,MISSING,MISSING,Pre-target weekly player stats only.,,,,,No schedule game matched team/opponent.,,,,,,,,,,,,MISSING,MISSING,MISSING,LOW_RELIABILITY_DEFENSE_FIT: shrinkage applied to historical allowed stats.,"Context V1 uses pre-target weekly history, schedules.csv game lines where present, and shrinkage-adjusted defense allowed stats.",True,False,False,rushing,WATCH at 57.0. Main support: usage foundation: 66.7; data quality: 65.7. Main caution: role and availability context: 35.0; missing signal count: 5.,,role and availability context: 35.0; missing signal count: 5; review context: Context V1: defense fit missing/low reliability for some players; game environment missing,,weather not sourced; live role/injury gates not ready; defense fit limited; game environment limited,,review context: Context V1: defense fit missing/low reliability for some players; game environment missing,Research-only driver summary. Limitations: weather not sourced; live role/injury gates not ready; defense fit limited; game environment limited,RESEARCH_ONLY,current_v1,projection_heavy,57.0,WATCH,WATCHLIST,56.72,WATCH,WATCHLIST,-0.28,NO_TIER_CHANGE,NO_ACTION_CHANGE,NO_MEANINGFUL_CHANGE,RESEARCH_ONLY challenger preview; production signal boards remain current_v1.
2025,1,,T.Huntley,MIA,NYJ,QB,,,22.771963990476163,2.4922853296668506,,,,0.0,0.0,0.0,0.0,0.0,0.0,0.0,0.0,0.0,0.0,0.0,0.0,0.0,0.0,0.0,0.0,0.0,0.0,0.0,0.0,0.0,0.0,0.0,0.0,,,,,,,,,,,,,,MISSING,HIGH,MISSING,67,False,True,False,55.97,66.67,50.07,,,,35,55,65.7,56.84,WATCH,1,1,0,5,usage foundation: 66.7; data quality: 65.7,"Context V1: defense fit missing/low reliability for some players; game environment missing for some players; weather, route share, first-read share, and coverage are not sourced.",,NEEDS DATA,NEEDS DATA,NEEDS DATA,DATA_NEEDS_LIVE_CONTEXT,HISTORICAL TEST ONLY,NO-GO,WATCH at 56.8. Main support: usage foundation: 66.7; data quality: 65.7. Main caution: role and availability context: 35.0; missing signal count: 5.,WATCHLIST,usage foundation: 66.7,data quality: 65.7,role and availability context: 35.0,missing signal count: 5,,,,,Medium,ROUTE_PROXY_UNVALIDATED|LOW_CURRENT_SAMPLE|LOW_PLAYER_SAMPLE,Medium,ROUTE_PROXY_UNVALIDATED|LOW_CURRENT_SAMPLE|LOW_PLAYER_SAMPLE,,,,,,,8,8,8,MISSING,MISSING,MISSING,Pre-target weekly player stats only.,,,,,No schedule game matched team/opponent.,,,,,,,,,,,,MISSING,MISSING,MISSING,LOW_RELIABILITY_DEFENSE_FIT: shrinkage applied to historical allowed stats.,"Context V1 uses pre-target weekly history, schedules.csv game lines where present, and shrinkage-adjusted defense allowed stats.",True,False,False,rushing,WATCH at 56.8. Main support: usage foundation: 66.7; data quality: 65.7. Main caution: role and availability context: 35.0; missing signal count: 5.,,role and availability context: 35.0; missing signal count: 5; review context: Context V1: defense fit missing/low reliability for some players; game environment missing,,weather not sourced; live role/injury gates not ready; defense fit limited; game environment limited,,review context: Context V1: defense fit missing/low reliability for some players; game environment missing,Research-only driver summary. Limitations: weather not sourced; live role/injury gates not ready; defense fit limited; game environment limited,RESEARCH_ONLY,current_v1,projection_heavy,56.84,WATCH,WATCHLIST,56.5,WATCH,WATCHLIST,-0.34,NO_TIER_CHANGE,NO_ACTION_CHANGE,NO_MEANINGFUL_CHANGE,RESEARCH_ONLY challenger preview; production signal boards remain current_v1.
2025,1,,K.Drake,GB,,RB,0.9150208146823804,9.7100489888966,20.31880701058654,2.860783665730158,,,,0.0,0.0,0.0,0.0,0.0,0.0,0.0,0.0,0.0,0.0,0.0,0.0,0.0,0.0,0.0,0.0,0.0,0.0,0.0,0.0,0.0,0.0,0.0,0.0,,,,,,,,,,,,,,MISSING,HIGH,MISSING,67,True,True,False,55.53,66.67,50.07,,,,35,55,65.7,56.64,WATCH,1,1,0,5,usage foundation: 66.7; data quality: 65.7,"Context V1: defense fit missing/low reliability for some players; game environment missing for some players; weather, route share, first-read share, and coverage are not sourced.",,NEEDS DATA,NEEDS DATA,NEEDS DATA,DATA_NEEDS_LIVE_CONTEXT,HISTORICAL TEST ONLY,NO-GO,WATCH at 56.6. Main support: usage foundation: 66.7; data quality: 65.7. Main caution: role and availability context: 35.0; missing signal count: 5.,WATCHLIST,usage foundation: 66.7,data quality: 65.7,role and availability context: 35.0,missing signal count: 5,Medium,ROUTE_PROXY_UNVALIDATED|LOW_CURRENT_SAMPLE|LOW_PLAYER_SAMPLE,Medium,ROUTE_PROXY_UNVALIDATED|LOW_CURRENT_SAMPLE|LOW_PLAYER_SAMPLE|LOW_YARDAGE_SAMPLE,Medium,ROUTE_PROXY_UNVALIDATED|LOW_CURRENT_SAMPLE|LOW_PLAYER_SAMPLE|LOW_RUSH_SAMPLE,Medium,ROUTE_PROXY_UNVALIDATED|LOW_CURRENT_SAMPLE|LOW_PLAYER_SAMPLE|LOW_RUSH_SAMPLE|LOW_CARRY_SAMPLE,,,,,,,8,8,8,MISSING,MISSING,MISSING,Pre-target weekly player stats only.,,,,,No schedule game matched team/opponent.,,,,,,,,,,,,MISSING,MISSING,MISSING,LOW_RELIABILITY_DEFENSE_FIT: shrinkage applied to historical allowed stats.,"Context V1 uses pre-target weekly history, schedules.csv game lines where present, and shrinkage-adjusted defense allowed stats.",True,False,False,rushing,WATCH at 56.6. Main support: usage foundation: 66.7; data quality: 65.7. Main caution: role and availability context: 35.0; missing signal count: 5.,,role and availability context: 35.0; missing signal count: 5; review context: Context V1: defense fit missing/low reliability for some players; game environment missing,,weather not sourced; live role/injury gates not ready; defense fit limited; game environment limited,,review context: Context V1: defense fit missing/low reliability for some players; game environment missing,Research-only driver summary. Limitations: weather not sourced; live role/injury gates not ready; defense fit limited; game environment limited,RESEARCH_ONLY,current_v1,projection_heavy,56.64,WATCH,WATCHLIST,56.24,WATCH,WATCHLIST,-0.4,NO_TIER_CHANGE,NO_ACTION_CHANGE,NO_MEANINGFUL_CHANGE,RESEARCH_ONLY challenger preview; production signal boards remain current_v1.
2025,1,,T.Chandler,MIN,,RB,0.9935236176076754,8.474574207961798,20.3972738103567,2.860224115544069,,,,0.0,0.0,0.0,0.0,0.0,0.0,0.0,0.0,0.0,0.0,0.0,0.0,0.0,0.0,0.0,0.0,0.0,0.0,0.0,0.0,0.0,0.0,0.0,0.0,,,,,,,,,,,,,,MISSING,HIGH,MISSING,67,True,True,False,54.92,66.67,50.07,,,,35,55,65.7,56.38,WATCH,1,1,0,5,usage foundation: 66.7; data quality: 65.7,"Context V1: defense fit missing/low reliability for some players; game environment missing for some players; weather, route share, first-read share, and coverage are not sourced.",,NEEDS DATA,NEEDS DATA,NEEDS DATA,DATA_NEEDS_LIVE_CONTEXT,HISTORICAL TEST ONLY,NO-GO,WATCH at 56.4. Main support: usage foundation: 66.7; data quality: 65.7. Main caution: role and availability context: 35.0; missing signal count: 5.,WATCHLIST,usage foundation: 66.7,data quality: 65.7,role and availability context: 35.0,missing signal count: 5,Medium,ROUTE_PROXY_UNVALIDATED|LOW_CURRENT_SAMPLE,Medium,ROUTE_PROXY_UNVALIDATED|LOW_CURRENT_SAMPLE,Medium,ROUTE_PROXY_UNVALIDATED|LOW_CURRENT_SAMPLE,Medium,ROUTE_PROXY_UNVALIDATED|LOW_CURRENT_SAMPLE,,,,,,,8,8,8,MISSING,MISSING,MISSING,Pre-target weekly player stats only.,,,,,No schedule game matched team/opponent.,,,,,,,,,,,,MISSING,MISSING,MISSING,LOW_RELIABILITY_DEFENSE_FIT: shrinkage applied to historical allowed stats.,"Context V1 uses pre-target weekly history, schedules.csv game lines where present, and shrinkage-adjusted defense allowed stats.",True,False,False,rushing,WATCH at 56.4. Main support: usage foundation: 66.7; data quality: 65.7. Main caution: role and availability context: 35.0; missing signal count: 5.,,role and availability context: 35.0; missing signal count: 5; review context: Context V1: defense fit missing/low reliability for some players; game environment missing,,weather not sourced; live role/injury gates not ready; defense fit limited; game environment limited,,review context: Context V1: defense fit missing/low reliability for some players; game environment missing,Research-only driver summary. Limitations: weather not sourced; live role/injury gates not ready; defense fit limited; game environment limited,RESEARCH_ONLY,current_v1,projection_heavy,56.38,WATCH,WATCHLIST,55.89,WATCH,WATCHLIST,-0.49,NO_TIER_CHANGE,NO_ACTION_CHANGE,NO_MEANINGFUL_CHANGE,RESEARCH_ONLY challenger preview; production signal boards remain current_v1.
2025,1,,D.Carr,NO,NYG,QB,,,8.421699349008595,,13.353814395679498,10.037986131193662,,0.0,0.0,0.0,0.0,0.0,0.0,0.0,0.0,0.0,0.0,0.0,0.0,0.0,0.0,0.0,0.0,0.0,0.0,0.0,0.0,0.0,0.0,0.0,0.0,,,,,,,,,,,,,,MISSING,HIGH,MISSING,67,False,True,True,54.55,66.67,50.07,,,,35,55,65.7,56.21,WATCH,1,1,0,5,usage foundation: 66.7; data quality: 65.7,"Context V1: defense fit missing/low reliability for some players; game environment missing for some players; weather, route share, first-read share, and coverage are not sourced.",,NEEDS DATA,NEEDS DATA,NEEDS DATA,DATA_NEEDS_LIVE_CONTEXT,HISTORICAL TEST ONLY,NO-GO,WATCH at 56.2. Main support: usage foundation: 66.7; data quality: 65.7. Main caution: role and availability context: 35.0; missing signal count: 5.,WATCHLIST,usage foundation: 66.7,data quality: 65.7,role and availability context: 35.0,missing signal count: 5,,,,,Medium,ROUTE_PROXY_UNVALIDATED|LOW_CURRENT_SAMPLE|LOW_PLAYER_SAMPLE,,,Medium,ROUTE_PROXY_UNVALIDATED|LOW_CURRENT_SAMPLE|LOW_PLAYER_SAMPLE,Medium,ROUTE_PROXY_UNVALIDATED|LOW_CURRENT_SAMPLE|LOW_PLAYER_SAMPLE,,,8,8,8,MISSING,MISSING,MISSING,Pre-target weekly player stats only.,,,,,No schedule game matched team/opponent.,,,,,,,,,,,,MISSING,MISSING,MISSING,LOW_RELIABILITY_DEFENSE_FIT: shrinkage applied to historical allowed stats.,"Context V1 uses pre-target weekly history, schedules.csv game lines where present, and shrinkage-adjusted defense allowed stats.",True,False,False,rushing,WATCH at 56.2. Main support: usage foundation: 66.7; data quality: 65.7. Main caution: role and availability context: 35.0; missing signal count: 5.,,role and availability context: 35.0; missing signal count: 5; review context: Context V1: defense fit missing/low reliability for some players; game environment missing,,weather not sourced; live role/injury gates not ready; defense fit limited; game environment limited,,review context: Context V1: defense fit missing/low reliability for some players; game environment missing,Research-only driver summary. Limitations: weather not sourced; live role/injury gates not ready; defense fit limited; game environment limited,RESEARCH_ONLY,current_v1,projection_heavy,56.21,WATCH,WATCHLIST,55.67,WATCH,WATCHLIST,-0.54,NO_TIER_CHANGE,NO_ACTION_CHANGE,NO_MEANINGFUL_CHANGE,RESEARCH_ONLY challenger preview; production signal boards remain current_v1.
2025,1,,Ty.Johnson,BUF,,RB,0.98066066675096,13.581566084833335,21.363098249793584,2.8544668518790752,,,,0.0,0.0,0.0,0.0,0.0,0.0,0.0,0.0,0.0,0.0,0.0,0.0,0.0,0.0,0.0,0.0,0.0,0.0,0.0,0.0,0.0,0.0,0.0,0.0,,,,,,,,,,,,,,MISSING,HIGH,MISSING,67,True,True,False,54.51,66.67,50.07,,,,35,55,65.7,56.2,WATCH,1,1,0,5,usage foundation: 66.7; data quality: 65.7,"Context V1: defense fit missing/low reliability for some players; game environment missing for some players; weather, route share, first-read share, and coverage are not sourced.",,NEEDS DATA,NEEDS DATA,NEEDS DATA,DATA_NEEDS_LIVE_CONTEXT,HISTORICAL TEST ONLY,NO-GO,WATCH at 56.2. Main support: usage foundation: 66.7; data quality: 65.7. Main caution: role and availability context: 35.0; missing signal count: 5.,WATCHLIST,usage foundation: 66.7,data quality: 65.7,role and availability context: 35.0,missing signal count: 5,Medium,ROUTE_PROXY_UNVALIDATED|LOW_CURRENT_SAMPLE,Medium,ROUTE_PROXY_UNVALIDATED|LOW_CURRENT_SAMPLE,Medium,ROUTE_PROXY_UNVALIDATED|LOW_CURRENT_SAMPLE,Medium,ROUTE_PROXY_UNVALIDATED|LOW_CURRENT_SAMPLE,,,,,,,8,8,8,MISSING,MISSING,MISSING,Pre-target weekly player stats only.,,,,,No schedule game matched team/opponent.,,,,,,,,,,,,MISSING,MISSING,MISSING,LOW_RELIABILITY_DEFENSE_FIT: shrinkage applied to historical allowed stats.,"Context V1 uses pre-target weekly history, schedules.csv game lines where present, and shrinkage-adjusted defense allowed stats.",True,False,False,rushing,WATCH at 56.2. Main support: usage foundation: 66.7; data quality: 65.7. Main caution: role and availability context: 35.0; missing signal count: 5.,,role and availability context: 35.0; missing signal count: 5; review context: Context V1: defense fit missing/low reliability for some players; game environment missing,,weather not sourced; live role/injury gates not ready; defense fit limited; game environment limited,,review context: Context V1: defense fit missing/low reliability for some players; game environment missing,Research-only driver summary. Limitations: weather not sourced; live role/injury gates not ready; defense fit limited; game environment limited,RESEARCH_ONLY,current_v1,projection_heavy,56.2,WATCH,WATCHLIST,55.64,WATCH,WATCHLIST,-0.56,NO_TIER_CHANGE,NO_ACTION_CHANGE,NO_MEANINGFUL_CHANGE,RESEARCH_ONLY challenger preview; production signal boards remain current_v1.
2025,1,,C.Brooks,GB,,RB,0.995940329684784,7.623784544501433,21.908000985538973,2.0378440994897176,,,,0.0,0.0,0.0,0.0,0.0,0.0,0.0,0.0,0.0,0.0,0.0,0.0,0.0,0.0,0.0,0.0,0.0,0.0,0.0,0.0,0.0,0.0,0.0,0.0,,,,,,,,,,,,,,MISSING,HIGH,MISSING,67,True,True,False,54.48,66.67,50.07,,,,35,55,65.7,56.18,WATCH,1,1,0,5,usage foundation: 66.7; data quality: 65.7,"Context V1: defense fit missing/low reliability for some players; game environment missing for some players; weather, route share, first-read share, and coverage are not sourced.",,NEEDS DATA,NEEDS DATA,NEEDS DATA,DATA_NEEDS_LIVE_CONTEXT,HISTORICAL TEST ONLY,NO-GO,WATCH at 56.2. Main support: usage foundation: 66.7; data quality: 65.7. Main caution: role and availability context: 35.0; missing signal count: 5.,WATCHLIST,usage foundation: 66.7,data quality: 65.7,role and availability context: 35.0,missing signal count: 5,Medium,ROUTE_PROXY_UNVALIDATED|LOW_CURRENT_SAMPLE,Medium,ROUTE_PROXY_UNVALIDATED|LOW_CURRENT_SAMPLE,Medium,ROUTE_PROXY_UNVALIDATED|LOW_CURRENT_SAMPLE,Medium,ROUTE_PROXY_UNVALIDATED|LOW_CURRENT_SAMPLE,,,,,,,8,8,8,MISSING,MISSING,MISSING,Pre-target weekly player stats only.,,,,,No schedule game matched team/opponent.,,,,,,,,,,,,MISSING,MISSING,MISSING,LOW_RELIABILITY_DEFENSE_FIT: shrinkage applied to historical allowed stats.,"Context V1 uses pre-target weekly history, schedules.csv game lines where present, and shrinkage-adjusted defense allowed stats.",True,False,False,rushing,WATCH at 56.2. Main support: usage foundation: 66.7; data quality: 65.7. Main caution: role and availability context: 35.0; missing signal count: 5.,,role and availability context: 35.0; missing signal count: 5; review context: Context V1: defense fit missing/low reliability for some players; game environment missing,,weather not sourced; live role/injury gates not ready; defense fit limited; game environment limited,,review context: Context V1: defense fit missing/low reliability for some players; game environment missing,Research-only driver summary. Limitations: weather not sourced; live role/injury gates not ready; defense fit limited; game environment limited,RESEARCH_ONLY,current_v1,projection_heavy,56.18,WATCH,WATCHLIST,55.63,WATCH,WATCHLIST,-0.55,NO_TIER_CHANGE,NO_ACTION_CHANGE,NO_MEANINGFUL_CHANGE,RESEARCH_ONLY challenger preview; production signal boards remain current_v1.
2025,1,,D.Johnson,JAX,,RB,1.0350512890539445,10.185067265443088,17.099809544934644,2.832782325405085,,,,0.0,0.0,0.0,0.0,0.0,0.0,0.0,0.0,0.0,0.0,0.0,0.0,0.0,0.0,0.0,0.0,0.0,0.0,0.0,0.0,0.0,0.0,0.0,0.0,,,,,,,,,,,,,,MISSING,HIGH,MISSING,67,True,True,False,54.1,66.67,50.07,,,,35,55,65.7,56.02,WATCH,1,1,0,5,usage foundation: 66.7; data quality: 65.7,"Context V1: defense fit missing/low reliability for some players; game environment missing for some players; weather, route share, first-read share, and coverage are not sourced.",,NEEDS DATA,NEEDS DATA,NEEDS DATA,DATA_NEEDS_LIVE_CONTEXT,HISTORICAL TEST ONLY,NO-GO,WATCH at 56.0. Main support: usage foundation: 66.7; data quality: 65.7. Main caution: role and availability context: 35.0; missing signal count: 5.,WATCHLIST,usage foundation: 66.7,data quality: 65.7,role and availability context: 35.0,missing signal count: 5,Medium,ROUTE_PROXY_UNVALIDATED|LOW_CURRENT_SAMPLE,Medium,ROUTE_PROXY_UNVALIDATED|LOW_CURRENT_SAMPLE,Medium,ROUTE_PROXY_UNVALIDATED|LOW_CURRENT_SAMPLE,Medium,ROUTE_PROXY_UNVALIDATED|LOW_CURRENT_SAMPLE,,,,,,,8,8,8,MISSING,MISSING,MISSING,Pre-target weekly player stats only.,,,,,No schedule game matched team/opponent.,,,,,,,,,,,,MISSING,MISSING,MISSING,LOW_RELIABILITY_DEFENSE_FIT: shrinkage applied to historical allowed stats.,"Context V1 uses pre-target weekly history, schedules.csv game lines where present, and shrinkage-adjusted defense allowed stats.",True,False,False,rushing,WATCH at 56.0. Main support: usage foundation: 66.7; data quality: 65.7. Main caution: role and availability context: 35.0; missing signal count: 5.,,role and availability context: 35.0; missing signal count: 5; review context: Context V1: defense fit missing/low reliability for some players; game environment missing,,weather not sourced; live role/injury gates not ready; defense fit limited; game environment limited,,review context: Context V1: defense fit missing/low reliability for some players; game environment missing,Research-only driver summary. Limitations: weather not sourced; live role/injury gates not ready; defense fit limited; game environment limited,RESEARCH_ONLY,current_v1,projection_heavy,56.02,WATCH,WATCHLIST,55.4,WATCH,WATCHLIST,-0.62,NO_TIER_CHANGE,NO_ACTION_CHANGE,NO_MEANINGFUL_CHANGE,RESEARCH_ONLY challenger preview; production signal boards remain current_v1.
2025,1,,D.Prescott,DAL,ATL,QB,,,10.687002806169644,1.908860406534697,13.471733537332227,9.930531539571858,,0.0,0.0,0.0,0.0,0.0,0.0,0.0,0.0,0.0,0.0,0.0,0.0,0.0,0.0,0.0,0.0,0.0,0.0,0.0,0.0,0.0,0.0,0.0,0.0,,,,,,,,,,,,,,MISSING,HIGH,MISSING,67,False,True,True,54.05,66.67,50.07,,,,35,55,65.7,56.0,WATCH,1,1,0,5,usage foundation: 66.7; data quality: 65.7,"Context V1: defense fit missing/low reliability for some players; game environment missing for some players; weather, route share, first-read share, and coverage are not sourced.",,NEEDS DATA,NEEDS DATA,NEEDS DATA,DATA_NEEDS_LIVE_CONTEXT,HISTORICAL TEST ONLY,NO-GO,WATCH at 56.0. Main support: usage foundation: 66.7; data quality: 65.7. Main caution: role and availability context: 35.0; missing signal count: 5.,WATCHLIST,usage foundation: 66.7,data quality: 65.7,role and availability context: 35.0,missing signal count: 5,,,,,Medium,ROUTE_PROXY_UNVALIDATED|LOW_CURRENT_SAMPLE|LOW_PLAYER_SAMPLE,Medium,ROUTE_PROXY_UNVALIDATED|LOW_CURRENT_SAMPLE|LOW_PLAYER_SAMPLE,Medium,ROUTE_PROXY_UNVALIDATED|LOW_CURRENT_SAMPLE|LOW_PLAYER_SAMPLE,Medium,ROUTE_PROXY_UNVALIDATED|LOW_CURRENT_SAMPLE|LOW_PLAYER_SAMPLE,,,8,8,8,MISSING,MISSING,MISSING,Pre-target weekly player stats only.,,,,,No schedule game matched team/opponent.,,,,,,,,,,,,MISSING,MISSING,MISSING,LOW_RELIABILITY_DEFENSE_FIT: shrinkage applied to historical allowed stats.,"Context V1 uses pre-target weekly history, schedules.csv game lines where present, and shrinkage-adjusted defense allowed stats.",True,False,False,rushing,WATCH at 56.0. Main support: usage foundation: 66.7; data quality: 65.7. Main caution: role and availability context: 35.0; missing signal count: 5.,,role and availability context: 35.0; missing signal count: 5; review context: Context V1: defense fit missing/low reliability for some players; game environment missing,,weather not sourced; live role/injury gates not ready; defense fit limited; game environment limited,,review context: Context V1: defense fit missing/low reliability for some players; game environment missing,Research-only driver summary. Limitations: weather not sourced; live role/injury gates not ready; defense fit limited; game environment limited,RESEARCH_ONLY,current_v1,projection_heavy,56.0,WATCH,WATCHLIST,55.37,WATCH,WATCHLIST,-0.63,NO_TIER_CHANGE,NO_ACTION_CHANGE,NO_MEANINGFUL_CHANGE,RESEARCH_ONLY challenger preview; production signal boards remain current_v1.
2025,1,,K.McIntosh,SEA,,RB,0.8184941510665459,7.105449798751712,21.75682534578186,2.437214482303657,,,,0.0,0.0,0.0,0.0,0.0,0.0,0.0,0.0,0.0,0.0,0.0,0.0,0.0,0.0,0.0,0.0,0.0,0.0,0.0,0.0,0.0,0.0,0.0,0.0,,,,,,,,,,,,,,MISSING,HIGH,MISSING,67,True,True,False,53.36,66.67,50.07,,,,35,55,65.7,55.69,WATCH,1,1,0,5,usage foundation: 66.7; data quality: 65.7,"Context V1: defense fit missing/low reliability for some players; game environment missing for some players; weather, route share, first-read share, and coverage are not sourced.",,NEEDS DATA,NEEDS DATA,NEEDS DATA,DATA_NEEDS_LIVE_CONTEXT,HISTORICAL TEST ONLY,NO-GO,WATCH at 55.7. Main support: usage foundation: 66.7; data quality: 65.7. Main caution: role and availability context: 35.0; missing signal count: 5.,WATCHLIST,usage foundation: 66.7,data quality: 65.7,role and availability context: 35.0,missing signal count: 5,Medium,ROUTE_PROXY_UNVALIDATED|LOW_CURRENT_SAMPLE|LOW_PLAYER_SAMPLE,Medium,ROUTE_PROXY_UNVALIDATED|LOW_CURRENT_SAMPLE|LOW_PLAYER_SAMPLE|LOW_YARDAGE_SAMPLE,Medium,ROUTE_PROXY_UNVALIDATED|LOW_CURRENT_SAMPLE|LOW_PLAYER_SAMPLE,Medium,ROUTE_PROXY_UNVALIDATED|LOW_CURRENT_SAMPLE|LOW_PLAYER_SAMPLE,,,,,,,8,8,8,MISSING,MISSING,MISSING,Pre-target weekly player stats only.,,,,,No schedule game matched team/opponent.,,,,,,,,,,,,MISSING,MISSING,MISSING,LOW_RELIABILITY_DEFENSE_FIT: shrinkage applied to historical allowed stats.,"Context V1 uses pre-target weekly history, schedules.csv game lines where present, and shrinkage-adjusted defense allowed stats.",True,False,False,rushing,WATCH at 55.7. Main support: usage foundation: 66.7; data quality: 65.7. Main caution: role and availability context: 35.0; missing signal count: 5.,,role and availability context: 35.0; missing signal count: 5; review context: Context V1: defense fit missing/low reliability for some players; game environment missing,,weather not sourced; live role/injury gates not ready; defense fit limited; game environment limited,,review context: Context V1: defense fit missing/low reliability for some players; game environment missing,Research-only driver summary. Limitations: weather not sourced; live role/injury gates not ready; defense fit limited; game environment limited,RESEARCH_ONLY,current_v1,projection_heavy,55.69,WATCH,WATCHLIST,54.97,WATCH,WATCHLIST,-0.72,NO_TIER_CHANGE,NO_ACTION_CHANGE,NO_MEANINGFUL_CHANGE,RESEARCH_ONLY challenger preview; production signal boards remain current_v1.
2025,1,,M.Lloyd,GB,,RB,1.2734421549338215,6.807524870892865,21.17324061493524,2.799278079411242,,,,0.0,0.0,0.0,0.0,0.0,0.0,0.0,0.0,0.0,0.0,0.0,0.0,0.0,0.0,0.0,0.0,0.0,0.0,0.0,0.0,0.0,0.0,0.0,0.0,,,,,,,,,,,,,,MISSING,HIGH,MISSING,67,True,True,False,53.28,66.67,50.07,,,,35,55,65.7,55.66,WATCH,1,1,0,5,usage foundation: 66.7; data quality: 65.7,"Context V1: defense fit missing/low reliability for some players; game environment missing for some players; weather, route share, first-read share, and coverage are not sourced.",,NEEDS DATA,NEEDS DATA,NEEDS DATA,DATA_NEEDS_LIVE_CONTEXT,HISTORICAL TEST ONLY,NO-GO,WATCH at 55.7. Main support: usage foundation: 66.7; data quality: 65.7. Main caution: role and availability context: 35.0; missing signal count: 5.,WATCHLIST,usage foundation: 66.7,data quality: 65.7,role and availability context: 35.0,missing signal count: 5,Medium,ROUTE_PROXY_UNVALIDATED|LOW_CURRENT_SAMPLE|LOW_PLAYER_SAMPLE,Medium,ROUTE_PROXY_UNVALIDATED|LOW_CURRENT_SAMPLE|LOW_PLAYER_SAMPLE|LOW_YARDAGE_SAMPLE,Medium,ROUTE_PROXY_UNVALIDATED|LOW_CURRENT_SAMPLE|LOW_PLAYER_SAMPLE|LOW_RUSH_SAMPLE,Medium,ROUTE_PROXY_UNVALIDATED|LOW_CURRENT_SAMPLE|LOW_PLAYER_SAMPLE|LOW_RUSH_SAMPLE|LOW_CARRY_SAMPLE,,,,,,,8,8,8,MISSING,MISSING,MISSING,Pre-target weekly player stats only.,,,,,No schedule game matched team/opponent.,,,,,,,,,,,,MISSING,MISSING,MISSING,LOW_RELIABILITY_DEFENSE_FIT: shrinkage applied to historical allowed stats.,"Context V1 uses pre-target weekly history, schedules.csv game lines where present, and shrinkage-adjusted defense allowed stats.",True,False,False,rushing,WATCH at 55.7. Main support: usage foundation: 66.7; data quality: 65.7. Main caution: role and availability context: 35.0; missing signal count: 5.,,role and availability context: 35.0; missing signal count: 5; review context: Context V1: defense fit missing/low reliability for some players; game environment missing,,weather not sourced; live role/injury gates not ready; defense fit limited; game environment limited,,review context: Context V1: defense fit missing/low reliability for some players; game environment missing,Research-only driver summary. Limitations: weather not sourced; live role/injury gates not ready; defense fit limited; game environment limited,RESEARCH_ONLY,current_v1,projection_heavy,55.66,WATCH,WATCHLIST,54.92,WATCH,WATCHLIST,-0.74,NO_TIER_CHANGE,NO_ACTION_CHANGE,NO_MEANINGFUL_CHANGE,RESEARCH_ONLY challenger preview; production signal boards remain current_v1.
2025,1,,J.Corbin,NYG,,RB,0.97591240321105,7.698277466483466,21.299768602797684,2.250554994559596,,,,0.0,0.0,0.0,0.0,0.0,0.0,0.0,0.0,0.0,0.0,0.0,0.0,0.0,0.0,0.0,0.0,0.0,0.0,0.0,0.0,0.0,0.0,0.0,0.0,,,,,,,,,,,,,,MISSING,HIGH,MISSING,67,True,True,False,52.61,66.67,50.07,,,,35,55,65.7,55.37,WATCH,1,1,0,5,usage foundation: 66.7; data quality: 65.7,"Context V1: defense fit missing/low reliability for some players; game environment missing for some players; weather, route share, first-read share, and coverage are not sourced.",,NEEDS DATA,NEEDS DATA,NEEDS DATA,DATA_NEEDS_LIVE_CONTEXT,HISTORICAL TEST ONLY,NO-GO,WATCH at 55.4. Main support: usage foundation: 66.7; data quality: 65.7. Main caution: role and availability context: 35.0; missing signal count: 5.,WATCHLIST,usage foundation: 66.7,data quality: 65.7,role and availability context: 35.0,missing signal count: 5,Medium,ROUTE_PROXY_UNVALIDATED|LOW_CURRENT_SAMPLE|LOW_PLAYER_SAMPLE,Medium,ROUTE_PROXY_UNVALIDATED|LOW_CURRENT_SAMPLE|LOW_PLAYER_SAMPLE|LOW_YARDAGE_SAMPLE,Medium,ROUTE_PROXY_UNVALIDATED|LOW_CURRENT_SAMPLE|LOW_PLAYER_SAMPLE|LOW_RUSH_SAMPLE,Medium,ROUTE_PROXY_UNVALIDATED|LOW_CURRENT_SAMPLE|LOW_PLAYER_SAMPLE|LOW_RUSH_SAMPLE|LOW_CARRY_SAMPLE,,,,,,,8,8,8,MISSING,MISSING,MISSING,Pre-target weekly player stats only.,,,,,No schedule game matched team/opponent.,,,,,,,,,,,,MISSING,MISSING,MISSING,LOW_RELIABILITY_DEFENSE_FIT: shrinkage applied to historical allowed stats.,"Context V1 uses pre-target weekly history, schedules.csv game lines where present, and shrinkage-adjusted defense allowed stats.",True,False,False,rushing,WATCH at 55.4. Main support: usage foundation: 66.7; data quality: 65.7. Main caution: role and availability context: 35.0; missing signal count: 5.,,role and availability context: 35.0; missing signal count: 5; review context: Context V1: defense fit missing/low reliability for some players; game environment missing,,weather not sourced; live role/injury gates not ready; defense fit limited; game environment limited,,review context: Context V1: defense fit missing/low reliability for some players; game environment missing,Research-only driver summary. Limitations: weather not sourced; live role/injury gates not ready; defense fit limited; game environment limited,RESEARCH_ONLY,current_v1,projection_heavy,55.37,WATCH,WATCHLIST,54.53,WATCH,WATCHLIST,-0.84,NO_TIER_CHANGE,NO_ACTION_CHANGE,NO_MEANINGFUL_CHANGE,RESEARCH_ONLY challenger preview; production signal boards remain current_v1.
2025,1,,T.Goodson,IND,,RB,0.8677411603847778,5.623992597684315,18.170682033271607,2.7906962831976894,,,,0.0,0.0,0.0,0.0,0.0,0.0,0.0,0.0,0.0,0.0,0.0,0.0,0.0,0.0,0.0,0.0,0.0,0.0,0.0,0.0,0.0,0.0,0.0,0.0,,,,,,,,,,,,,,MISSING,HIGH,MISSING,67,True,True,False,52.05,66.67,50.07,,,,35,55,65.7,55.12,WATCH,1,1,0,5,usage foundation: 66.7; data quality: 65.7,"Context V1: defense fit missing/low reliability for some players; game environment missing for some players; weather, route share, first-read share, and coverage are not sourced.",,NEEDS DATA,NEEDS DATA,NEEDS DATA,DATA_NEEDS_LIVE_CONTEXT,HISTORICAL TEST ONLY,NO-GO,WATCH at 55.1. Main support: usage foundation: 66.7; data quality: 65.7. Main caution: role and availability context: 35.0; missing signal count: 5.,WATCHLIST,usage foundation: 66.7,data quality: 65.7,role and availability context: 35.0,missing signal count: 5,Medium,ROUTE_PROXY_UNVALIDATED|LOW_CURRENT_SAMPLE,Medium,ROUTE_PROXY_UNVALIDATED|LOW_CURRENT_SAMPLE,Medium,ROUTE_PROXY_UNVALIDATED|LOW_CURRENT_SAMPLE,Medium,ROUTE_PROXY_UNVALIDATED|LOW_CURRENT_SAMPLE,,,,,,,8,8,8,MISSING,MISSING,MISSING,Pre-target weekly player stats only.,,,,,No schedule game matched team/opponent.,,,,,,,,,,,,MISSING,MISSING,MISSING,LOW_RELIABILITY_DEFENSE_FIT: shrinkage applied to historical allowed stats.,"Context V1 uses pre-target weekly history, schedules.csv game lines where present, and shrinkage-adjusted defense allowed stats.",True,False,False,rushing,WATCH at 55.1. Main support: usage foundation: 66.7; data quality: 65.7. Main caution: role and availability context: 35.0; missing signal count: 5.,,role and availability context: 35.0; missing signal count: 5; review context: Context V1: defense fit missing/low reliability for some players; game environment missing,,weather not sourced; live role/injury gates not ready; defense fit limited; game environment limited,,review context: Context V1: defense fit missing/low reliability for some players; game environment missing,Research-only driver summary. Limitations: weather not sourced; live role/injury gates not ready; defense fit limited; game environment limited,RESEARCH_ONLY,current_v1,projection_heavy,55.12,WATCH,WATCHLIST,54.2,WATCH,WATCHLIST,-0.92,NO_TIER_CHANGE,NO_ACTION_CHANGE,NO_MEANINGFUL_CHANGE,RESEARCH_ONLY challenger preview; production signal boards remain current_v1.
2025,1,,D.Watson,CLE,CIN,QB,,,20.941822003259,1.577615040662009,,,,0.0,0.0,0.0,0.0,0.0,0.0,0.0,0.0,0.0,0.0,0.0,0.0,0.0,0.0,0.0,0.0,0.0,0.0,0.0,0.0,0.0,0.0,0.0,0.0,,,,,,,,,,,,,,MISSING,HIGH,MISSING,67,False,True,False,51.87,66.67,50.07,,,,35,55,65.7,55.04,WATCH,1,1,0,5,usage foundation: 66.7; data quality: 65.7,"Context V1: defense fit missing/low reliability for some players; game environment missing for some players; weather, route share, first-read share, and coverage are not sourced.",,NEEDS DATA,NEEDS DATA,NEEDS DATA,DATA_NEEDS_LIVE_CONTEXT,HISTORICAL TEST ONLY,NO-GO,WATCH at 55.0. Main support: usage foundation: 66.7; data quality: 65.7. Main caution: role and availability context: 35.0; missing signal count: 5.,WATCHLIST,usage foundation: 66.7,data quality: 65.7,role and availability context: 35.0,missing signal count: 5,,,,,Medium,ROUTE_PROXY_UNVALIDATED|LOW_CURRENT_SAMPLE|LOW_PLAYER_SAMPLE,Medium,ROUTE_PROXY_UNVALIDATED|LOW_CURRENT_SAMPLE|LOW_PLAYER_SAMPLE,,,,,,,8,8,8,MISSING,MISSING,MISSING,Pre-target weekly player stats only.,,,,,No schedule game matched team/opponent.,,,,,,,,,,,,MISSING,MISSING,MISSING,LOW_RELIABILITY_DEFENSE_FIT: shrinkage applied to historical allowed stats.,"Context V1 uses pre-target weekly history, schedules.csv game lines where present, and shrinkage-adjusted defense allowed stats.",True,False,False,rushing,WATCH at 55.0. Main support: usage foundation: 66.7; data quality: 65.7. Main caution: role and availability context: 35.0; missing signal count: 5.,,role and availability context: 35.0; missing signal count: 5; review context: Context V1: defense fit missing/low reliability for some players; game environment missing,,weather not sourced; live role/injury gates not ready; defense fit limited; game environment limited,,review context: Context V1: defense fit missing/low reliability for some players; game environment missing,Research-only driver summary. Limitations: weather not sourced; live role/injury gates not ready; defense fit limited; game environment limited,RESEARCH_ONLY,current_v1,projection_heavy,55.04,WATCH,WATCHLIST,54.09,WATCH,WATCHLIST,-0.95,NO_TIER_CHANGE,NO_ACTION_CHANGE,NO_MEANINGFUL_CHANGE,RESEARCH_ONLY challenger preview; production signal boards remain current_v1.
2025,1,,P.Mahomes,KC,PHI,QB,,,20.85702390901992,1.2926552505246818,11.80257072882438,8.822507129619352,,0.0,0.0,0.0,0.0,0.0,0.0,0.0,0.0,0.0,0.0,0.0,0.0,0.0,0.0,0.0,0.0,0.0,0.0,0.0,0.0,0.0,0.0,0.0,0.0,,,,,,,,,,,,,,MISSING,HIGH,MISSING,67,False,True,True,51.49,66.67,50.07,,,,35,55,65.7,54.88,WATCH,1,1,0,5,usage foundation: 66.7; data quality: 65.7,"Context V1: defense fit missing/low reliability for some players; game environment missing for some players; weather, route share, first-read share, and coverage are not sourced.",,NEEDS DATA,NEEDS DATA,NEEDS DATA,DATA_NEEDS_LIVE_CONTEXT,HISTORICAL TEST ONLY,NO-GO,WATCH at 54.9. Main support: usage foundation: 66.7; data quality: 65.7. Main caution: role and availability context: 35.0; missing signal count: 5.,WATCHLIST,usage foundation: 66.7,data quality: 65.7,role and availability context: 35.0,missing signal count: 5,,,,,Medium,ROUTE_PROXY_UNVALIDATED|LOW_CURRENT_SAMPLE|LOW_PLAYER_SAMPLE,Medium,ROUTE_PROXY_UNVALIDATED|LOW_CURRENT_SAMPLE|LOW_PLAYER_SAMPLE,Medium,ROUTE_PROXY_UNVALIDATED|LOW_CURRENT_SAMPLE|LOW_PLAYER_SAMPLE,Medium,ROUTE_PROXY_UNVALIDATED|LOW_CURRENT_SAMPLE|LOW_PLAYER_SAMPLE,,,8,8,8,MISSING,MISSING,MISSING,Pre-target weekly player stats only.,,,,,No schedule game matched team/opponent.,,,,,,,,,,,,MISSING,MISSING,MISSING,LOW_RELIABILITY_DEFENSE_FIT: shrinkage applied to historical allowed stats.,"Context V1 uses pre-target weekly history, schedules.csv game lines where present, and shrinkage-adjusted defense allowed stats.",True,False,False,rushing,WATCH at 54.9. Main support: usage foundation: 66.7; data quality: 65.7. Main caution: role and availability context: 35.0; missing signal count: 5.,,role and availability context: 35.0; missing signal count: 5; review context: Context V1: defense fit missing/low reliability for some players; game environment missing,,weather not sourced; live role/injury gates not ready; defense fit limited; game environment limited,,review context: Context V1: defense fit missing/low reliability for some players; game environment missing,Research-only driver summary. Limitations: weather not sourced; live role/injury gates not ready; defense fit limited; game environment limited,RESEARCH_ONLY,current_v1,projection_heavy,54.88,WATCH,WATCHLIST,53.87,WATCH,WATCHLIST,-1.01,NO_TIER_CHANGE,NO_ACTION_CHANGE,NO_MEANINGFUL_CHANGE,RESEARCH_ONLY challenger preview; production signal boards remain current_v1.
2025,1,,A.Dalton,CAR,WAS,QB,,,8.208588031559815,1.3191717567643322,13.390293066698677,9.796489570291108,,0.0,0.0,0.0,0.0,0.0,0.0,0.0,0.0,0.0,0.0,0.0,0.0,0.0,0.0,0.0,0.0,0.0,0.0,0.0,0.0,0.0,0.0,0.0,0.0,,,,,,,,,,,,,,MISSING,HIGH,MISSING,67,False,True,True,51.35,66.67,50.07,,,,35,55,65.7,54.82,WATCH,1,1,0,5,usage foundation: 66.7; data quality: 65.7,"Context V1: defense fit missing/low reliability for some players; game environment missing for some players; weather, route share, first-read share, and coverage are not sourced.",,NEEDS DATA,NEEDS DATA,NEEDS DATA,DATA_NEEDS_LIVE_CONTEXT,HISTORICAL TEST ONLY,NO-GO,WATCH at 54.8. Main support: usage foundation: 66.7; data quality: 65.7. Main caution: role and availability context: 35.0; missing signal count: 5.,WATCHLIST,usage foundation: 66.7,data quality: 65.7,role and availability context: 35.0,missing signal count: 5,,,,,Medium,ROUTE_PROXY_UNVALIDATED|LOW_CURRENT_SAMPLE|LOW_PLAYER_SAMPLE|LOW_RUSH_SAMPLE,Medium,ROUTE_PROXY_UNVALIDATED|LOW_CURRENT_SAMPLE|LOW_PLAYER_SAMPLE|LOW_RUSH_SAMPLE|LOW_CARRY_SAMPLE,Medium,ROUTE_PROXY_UNVALIDATED|LOW_CURRENT_SAMPLE|LOW_PLAYER_SAMPLE,Medium,ROUTE_PROXY_UNVALIDATED|LOW_CURRENT_SAMPLE|LOW_PLAYER_SAMPLE,,,8,8,8,MISSING,MISSING,MISSING,Pre-target weekly player stats only.,,,,,No schedule game matched team/opponent.,,,,,,,,,,,,MISSING,MISSING,MISSING,LOW_RELIABILITY_DEFENSE_FIT: shrinkage applied to historical allowed stats.,"Context V1 uses pre-target weekly history, schedules.csv game lines where present, and shrinkage-adjusted defense allowed stats.",True,False,False,rushing,WATCH at 54.8. Main support: usage foundation: 66.7; data quality: 65.7. Main caution: role and availability context: 35.0; missing signal count: 5.,,role and availability context: 35.0; missing signal count: 5; review context: Context V1: defense fit missing/low reliability for some players; game environment missing,,weather not sourced; live role/injury gates not ready; defense fit limited; game environment limited,,review context: Context V1: defense fit missing/low reliability for some players; game environment missing,Research-only driver summary. Limitations: weather not sourced; live role/injury gates not ready; defense fit limited; game environment limited,RESEARCH_ONLY,current_v1,projection_heavy,54.82,WATCH,WATCHLIST,53.79,WATCH,WATCHLIST,-1.03,NO_TIER_CHANGE,NO_ACTION_CHANGE,NO_MEANINGFUL_CHANGE,RESEARCH_ONLY challenger preview; production signal boards remain current_v1.
2025,1,,D.Evans,CHI,,RB,0.8997353982850406,7.736624751299367,13.248609129898648,2.754990596632456,,,,0.0,0.0,0.0,0.0,0.0,0.0,0.0,0.0,0.0,0.0,0.0,0.0,0.0,0.0,0.0,0.0,0.0,0.0,0.0,0.0,0.0,0.0,0.0,0.0,,,,,,,,,,,,,,MISSING,HIGH,MISSING,67,True,True,False,51.23,66.67,50.07,,,,35,55,65.7,54.76,WATCH,1,1,0,5,usage foundation: 66.7; data quality: 65.7,"Context V1: defense fit missing/low reliability for some players; game environment missing for some players; weather, route share, first-read share, and coverage are not sourced.",,NEEDS DATA,NEEDS DATA,NEEDS DATA,DATA_NEEDS_LIVE_CONTEXT,HISTORICAL TEST ONLY,NO-GO,WATCH at 54.8. Main support: usage foundation: 66.7; data quality: 65.7. Main caution: role and availability context: 35.0; missing signal count: 5.,WATCHLIST,usage foundation: 66.7,data quality: 65.7,role and availability context: 35.0,missing signal count: 5,Medium,ROUTE_PROXY_UNVALIDATED|LOW_CURRENT_SAMPLE,Medium,ROUTE_PROXY_UNVALIDATED|LOW_CURRENT_SAMPLE|LOW_YARDAGE_SAMPLE,Medium,ROUTE_PROXY_UNVALIDATED|LOW_CURRENT_SAMPLE,Medium,ROUTE_PROXY_UNVALIDATED|LOW_CURRENT_SAMPLE,,,,,,,8,8,8,MISSING,MISSING,MISSING,Pre-target weekly player stats only.,,,,,No schedule game matched team/opponent.,,,,,,,,,,,,MISSING,MISSING,MISSING,LOW_RELIABILITY_DEFENSE_FIT: shrinkage applied to historical allowed stats.,"Context V1 uses pre-target weekly history, schedules.csv game lines where present, and shrinkage-adjusted defense allowed stats.",True,False,False,rushing,WATCH at 54.8. Main support: usage foundation: 66.7; data quality: 65.7. Main caution: role and availability context: 35.0; missing signal count: 5.,,role and availability context: 35.0; missing signal count: 5; review context: Context V1: defense fit missing/low reliability for some players; game environment missing,,weather not sourced; live role/injury gates not ready; defense fit limited; game environment limited,,review context: Context V1: defense fit missing/low reliability for some players; game environment missing,Research-only driver summary. Limitations: weather not sourced; live role/injury gates not ready; defense fit limited; game environment limited,RESEARCH_ONLY,current_v1,projection_heavy,54.76,WATCH,WATCHLIST,53.71,WATCH,WATCHLIST,-1.05,NO_TIER_CHANGE,NO_ACTION_CHANGE,NO_MEANINGFUL_CHANGE,RESEARCH_ONLY challenger preview; production signal boards remain current_v1.
2025,1,,J.Driskel,CLE,CIN,QB,,,20.79851998333781,1.6496247589436526,,,,0.0,0.0,0.0,0.0,0.0,0.0,0.0,0.0,0.0,0.0,0.0,0.0,0.0,0.0,0.0,0.0,0.0,0.0,0.0,0.0,0.0,0.0,0.0,0.0,,,,,,,,,,,,,,MISSING,HIGH,MISSING,67,False,True,False,51.12,66.67,50.07,,,,35,55,65.7,54.71,WATCH,1,1,0,5,usage foundation: 66.7; data quality: 65.7,"Context V1: defense fit missing/low reliability for some players; game environment missing for some players; weather, route share, first-read share, and coverage are not sourced.",,NEEDS DATA,NEEDS DATA,NEEDS DATA,DATA_NEEDS_LIVE_CONTEXT,HISTORICAL TEST ONLY,NO-GO,WATCH at 54.7. Main support: usage foundation: 66.7; data quality: 65.7. Main caution: role and availability context: 35.0; missing signal count: 5.,WATCHLIST,usage foundation: 66.7,data quality: 65.7,role and availability context: 35.0,missing signal count: 5,,,,,Medium,ROUTE_PROXY_UNVALIDATED|LOW_CURRENT_SAMPLE|LOW_PLAYER_SAMPLE|LOW_RUSH_SAMPLE,Medium,ROUTE_PROXY_UNVALIDATED|LOW_CURRENT_SAMPLE|LOW_PLAYER_SAMPLE|LOW_RUSH_SAMPLE|LOW_CARRY_SAMPLE,,,,,,,8,8,8,MISSING,MISSING,MISSING,Pre-target weekly player stats only.,,,,,No schedule game matched team/opponent.,,,,,,,,,,,,MISSING,MISSING,MISSING,LOW_RELIABILITY_DEFENSE_FIT: shrinkage applied to historical allowed stats.,"Context V1 uses pre-target weekly history, schedules.csv game lines where present, and shrinkage-adjusted defense allowed stats.",True,False,False,rushing,WATCH at 54.7. Main support: usage foundation: 66.7; data quality: 65.7. Main caution: role and availability context: 35.0; missing signal count: 5.,,role and availability context: 35.0; missing signal count: 5; review context: Context V1: defense fit missing/low reliability for some players; game environment missing,,weather not sourced; live role/injury gates not ready; defense fit limited; game environment limited,,review context: Context V1: defense fit missing/low reliability for some players; game environment missing,Research-only driver summary. Limitations: weather not sourced; live role/injury gates not ready; defense fit limited; game environment limited,RESEARCH_ONLY,current_v1,projection_heavy,54.71,WATCH,WATCHLIST,53.65,WATCH,WATCHLIST,-1.06,NO_TIER_CHANGE,NO_ACTION_CHANGE,NO_MEANINGFUL_CHANGE,RESEARCH_ONLY challenger preview; production signal boards remain current_v1.
2025,1,,J.Kelley,TEN,,RB,0.8218754914741292,5.744090278667617,12.94746018660622,2.7442041867026084,,,,0.0,0.0,0.0,0.0,0.0,0.0,0.0,0.0,0.0,0.0,0.0,0.0,0.0,0.0,0.0,0.0,0.0,0.0,0.0,0.0,0.0,0.0,0.0,0.0,,,,,,,,,,,,,,MISSING,HIGH,MISSING,67,True,True,False,50.82,66.67,50.07,,,,35,55,65.7,54.58,WATCH,1,1,0,5,usage foundation: 66.7; data quality: 65.7,"Context V1: defense fit missing/low reliability for some players; game environment missing for some players; weather, route share, first-read share, and coverage are not sourced.",,NEEDS DATA,NEEDS DATA,NEEDS DATA,DATA_NEEDS_LIVE_CONTEXT,HISTORICAL TEST ONLY,NO-GO,WATCH at 54.6. Main support: usage foundation: 66.7; data quality: 65.7. Main caution: role and availability context: 35.0; missing signal count: 5.,WATCHLIST,usage foundation: 66.7,data quality: 65.7,role and availability context: 35.0,missing signal count: 5,Medium,ROUTE_PROXY_UNVALIDATED|LOW_CURRENT_SAMPLE,Medium,ROUTE_PROXY_UNVALIDATED|LOW_CURRENT_SAMPLE|LOW_YARDAGE_SAMPLE,Medium,ROUTE_PROXY_UNVALIDATED|LOW_CURRENT_SAMPLE,Medium,ROUTE_PROXY_UNVALIDATED|LOW_CURRENT_SAMPLE,,,,,,,8,8,8,MISSING,MISSING,MISSING,Pre-target weekly player stats only.,,,,,No schedule game matched team/opponent.,,,,,,,,,,,,MISSING,MISSING,MISSING,LOW_RELIABILITY_DEFENSE_FIT: shrinkage applied to historical allowed stats.,"Context V1 uses pre-target weekly history, schedules.csv game lines where present, and shrinkage-adjusted defense allowed stats.",True,False,False,rushing,WATCH at 54.6. Main support: usage foundation: 66.7; data quality: 65.7. Main caution: role and availability context: 35.0; missing signal count: 5.,,role and availability context: 35.0; missing signal count: 5; review context: Context V1: defense fit missing/low reliability for some players; game environment missing,,weather not sourced; live role/injury gates not ready; defense fit limited; game environment limited,,review context: Context V1: defense fit missing/low reliability for some players; game environment missing,Research-only driver summary. Limitations: weather not sourced; live role/injury gates not ready; defense fit limited; game environment limited,RESEARCH_ONLY,current_v1,projection_heavy,54.58,WATCH,WATCHLIST,53.47,WATCH,WATCHLIST,-1.11,NO_TIER_CHANGE,NO_ACTION_CHANGE,NO_MEANINGFUL_CHANGE,RESEARCH_ONLY challenger preview; production signal boards remain current_v1.
2025,1,,M.Willis,GB,CHI,QB,,,20.73703190364688,1.5833160891143112,,,,0.0,0.0,0.0,0.0,0.0,0.0,0.0,0.0,0.0,0.0,0.0,0.0,0.0,0.0,0.0,0.0,0.0,0.0,0.0,0.0,0.0,0.0,0.0,0.0,,,,,,,,,,,,,,MISSING,HIGH,MISSING,67,False,True,False,50.75,66.67,50.07,,,,35,55,65.7,54.55,WATCH,1,1,0,5,usage foundation: 66.7; data quality: 65.7,"Context V1: defense fit missing/low reliability for some players; game environment missing for some players; weather, route share, first-read share, and coverage are not sourced.",,NEEDS DATA,NEEDS DATA,NEEDS DATA,DATA_NEEDS_LIVE_CONTEXT,HISTORICAL TEST ONLY,NO-GO,WATCH at 54.5. Main support: usage foundation: 66.7; data quality: 65.7. Main caution: role and availability context: 35.0; missing signal count: 5.,WATCHLIST,usage foundation: 66.7,data quality: 65.7,role and availability context: 35.0,missing signal count: 5,,,,,Medium,ROUTE_PROXY_UNVALIDATED|LOW_CURRENT_SAMPLE|LOW_PLAYER_SAMPLE,Medium,ROUTE_PROXY_UNVALIDATED|LOW_CURRENT_SAMPLE|LOW_PLAYER_SAMPLE,,,,,,,8,8,8,MISSING,MISSING,MISSING,Pre-target weekly player stats only.,,,,,No schedule game matched team/opponent.,,,,,,,,,,,,MISSING,MISSING,MISSING,LOW_RELIABILITY_DEFENSE_FIT: shrinkage applied to historical allowed stats.,"Context V1 uses pre-target weekly history, schedules.csv game lines where present, and shrinkage-adjusted defense allowed stats.",True,False,False,rushing,WATCH at 54.5. Main support: usage foundation: 66.7; data quality: 65.7. Main caution: role and availability context: 35.0; missing signal count: 5.,,role and availability context: 35.0; missing signal count: 5; review context: Context V1: defense fit missing/low reliability for some players; game environment missing,,weather not sourced; live role/injury gates not ready; defense fit limited; game environment limited,,review context: Context V1: defense fit missing/low reliability for some players; game environment missing,Research-only driver summary. Limitations: weather not sourced; live role/injury gates not ready; defense fit limited; game environment limited,RESEARCH_ONLY,current_v1,projection_heavy,54.55,WATCH,WATCHLIST,53.43,WATCH,WATCHLIST,-1.12,NO_TIER_CHANGE,NO_ACTION_CHANGE,NO_MEANINGFUL_CHANGE,RESEARCH_ONLY challenger preview; production signal boards remain current_v1.
2025,1,,C.Reynolds,DET,,RB,0.9498627579417952,12.079504488375058,20.5453317991764,2.384086499442367,,,,0.0,0.0,0.0,0.0,0.0,0.0,0.0,0.0,0.0,0.0,0.0,0.0,0.0,0.0,0.0,0.0,0.0,0.0,0.0,0.0,0.0,0.0,0.0,0.0,,,,,,,,,,,,,,MISSING,HIGH,MISSING,67,True,True,False,50.37,66.67,50.07,,,,35,55,65.7,54.39,WATCH,1,1,0,5,usage foundation: 66.7; data quality: 65.7,"Context V1: defense fit missing/low reliability for some players; game environment missing for some players; weather, route share, first-read share, and coverage are not sourced.",,NEEDS DATA,NEEDS DATA,NEEDS DATA,DATA_NEEDS_LIVE_CONTEXT,HISTORICAL TEST ONLY,NO-GO,WATCH at 54.4. Main support: usage foundation: 66.7; data quality: 65.7. Main caution: role and availability context: 35.0; missing signal count: 5.,WATCHLIST,usage foundation: 66.7,data quality: 65.7,role and availability context: 35.0,missing signal count: 5,Medium,ROUTE_PROXY_UNVALIDATED|LOW_CURRENT_SAMPLE,Medium,ROUTE_PROXY_UNVALIDATED|LOW_CURRENT_SAMPLE|LOW_YARDAGE_SAMPLE,Medium,ROUTE_PROXY_UNVALIDATED|LOW_CURRENT_SAMPLE,Medium,ROUTE_PROXY_UNVALIDATED|LOW_CURRENT_SAMPLE,,,,,,,8,8,8,MISSING,MISSING,MISSING,Pre-target weekly player stats only.,,,,,No schedule game matched team/opponent.,,,,,,,,,,,,MISSING,MISSING,MISSING,LOW_RELIABILITY_DEFENSE_FIT: shrinkage applied to historical allowed stats.,"Context V1 uses pre-target weekly history, schedules.csv game lines where present, and shrinkage-adjusted defense allowed stats.",True,False,False,rushing,WATCH at 54.4. Main support: usage foundation: 66.7; data quality: 65.7. Main caution: role and availability context: 35.0; missing signal count: 5.,,role and availability context: 35.0; missing signal count: 5; review context: Context V1: defense fit missing/low reliability for some players; game environment missing,,weather not sourced; live role/injury gates not ready; defense fit limited; game environment limited,,review context: Context V1: defense fit missing/low reliability for some players; game environment missing,Research-only driver summary. Limitations: weather not sourced; live role/injury gates not ready; defense fit limited; game environment limited,RESEARCH_ONLY,current_v1,projection_heavy,54.39,WATCH,WATCHLIST,53.21,WATCH,WATCHLIST,-1.18,NO_TIER_CHANGE,NO_ACTION_CHANGE,NO_MEANINGFUL_CHANGE,RESEARCH_ONLY challenger preview; production signal boards remain current_v1.
2025,1,,R.Rivers,LA,,RB,1.1239317277040344,9.34884742742484,20.507736146620584,1.625672189332735,,,,0.0,0.0,0.0,0.0,0.0,0.0,0.0,0.0,0.0,0.0,0.0,0.0,0.0,0.0,0.0,0.0,0.0,0.0,0.0,0.0,0.0,0.0,0.0,0.0,,,,,,,,,,,,,,MISSING,HIGH,MISSING,67,True,True,False,50.0,66.67,50.07,,,,35,55,65.7,54.22,WATCH,1,1,0,5,usage foundation: 66.7; data quality: 65.7,"Context V1: defense fit missing/low reliability for some players; game environment missing for some players; weather, route share, first-read share, and coverage are not sourced.",,NEEDS DATA,NEEDS DATA,NEEDS DATA,DATA_NEEDS_LIVE_CONTEXT,HISTORICAL TEST ONLY,NO-GO,WATCH at 54.2. Main support: usage foundation: 66.7; data quality: 65.7. Main caution: role and availability context: 35.0; missing signal count: 5.,WATCHLIST,usage foundation: 66.7,data quality: 65.7,role and availability context: 35.0,missing signal count: 5,Medium,ROUTE_PROXY_UNVALIDATED|LOW_CURRENT_SAMPLE,Medium,ROUTE_PROXY_UNVALIDATED|LOW_CURRENT_SAMPLE,Medium,ROUTE_PROXY_UNVALIDATED|LOW_CURRENT_SAMPLE,Medium,ROUTE_PROXY_UNVALIDATED|LOW_CURRENT_SAMPLE,,,,,,,8,8,8,MISSING,MISSING,MISSING,Pre-target weekly player stats only.,,,,,No schedule game matched team/opponent.,,,,,,,,,,,,MISSING,MISSING,MISSING,LOW_RELIABILITY_DEFENSE_FIT: shrinkage applied to historical allowed stats.,"Context V1 uses pre-target weekly history, schedules.csv game lines where present, and shrinkage-adjusted defense allowed stats.",True,False,False,rushing,WATCH at 54.2. Main support: usage foundation: 66.7; data quality: 65.7. Main caution: role and availability context: 35.0; missing signal count: 5.,,role and availability context: 35.0; missing signal count: 5; review context: Context V1: defense fit missing/low reliability for some players; game environment missing,,weather not sourced; live role/injury gates not ready; defense fit limited; game environment limited,,review context: Context V1: defense fit missing/low reliability for some players; game environment missing,Research-only driver summary. Limitations: weather not sourced; live role/injury gates not ready; defense fit limited; game environment limited,RESEARCH_ONLY,current_v1,projection_heavy,54.22,WATCH,WATCHLIST,52.99,WATCH,WATCHLIST,-1.23,NO_TIER_CHANGE,NO_ACTION_CHANGE,NO_MEANINGFUL_CHANGE,RESEARCH_ONLY challenger preview; production signal boards remain current_v1.
2025,1,,M.Barkley,JAX,CAR,QB,,,10.561800724144382,2.677019261307561,,,,0.0,0.0,0.0,0.0,0.0,0.0,0.0,0.0,0.0,0.0,0.0,0.0,0.0,0.0,0.0,0.0,0.0,0.0,0.0,0.0,0.0,0.0,0.0,0.0,,,,,,,,,,,,,,MISSING,HIGH,MISSING,67,False,True,False,49.18,66.67,50.07,,,,35,55,65.7,53.87,WATCH,1,1,0,5,usage foundation: 66.7; data quality: 65.7,"Context V1: defense fit missing/low reliability for some players; game environment missing for some players; weather, route share, first-read share, and coverage are not sourced.",,NEEDS DATA,NEEDS DATA,NEEDS DATA,DATA_NEEDS_LIVE_CONTEXT,HISTORICAL TEST ONLY,NO-GO,WATCH at 53.9. Main support: usage foundation: 66.7; data quality: 65.7. Main caution: role and availability context: 35.0; missing signal count: 5.,WATCHLIST,usage foundation: 66.7,data quality: 65.7,role and availability context: 35.0,missing signal count: 5,,,,,Medium,ROUTE_PROXY_UNVALIDATED|LOW_CURRENT_SAMPLE|LOW_PLAYER_SAMPLE|LOW_RUSH_SAMPLE,Medium,ROUTE_PROXY_UNVALIDATED|LOW_CURRENT_SAMPLE|LOW_PLAYER_SAMPLE|LOW_RUSH_SAMPLE|LOW_CARRY_SAMPLE,,,,,,,8,8,8,MISSING,MISSING,MISSING,Pre-target weekly player stats only.,,,,,No schedule game matched team/opponent.,,,,,,,,,,,,MISSING,MISSING,MISSING,LOW_RELIABILITY_DEFENSE_FIT: shrinkage applied to historical allowed stats.,"Context V1 uses pre-target weekly history, schedules.csv game lines where present, and shrinkage-adjusted defense allowed stats.",True,False,False,rushing,WATCH at 53.9. Main support: usage foundation: 66.7; data quality: 65.7. Main caution: role and availability context: 35.0; missing signal count: 5.,,role and availability context: 35.0; missing signal count: 5; review context: Context V1: defense fit missing/low reliability for some players; game environment missing,,weather not sourced; live role/injury gates not ready; defense fit limited; game environment limited,,review context: Context V1: defense fit missing/low reliability for some players; game environment missing,Research-only driver summary. Limitations: weather not sourced; live role/injury gates not ready; defense fit limited; game environment limited,RESEARCH_ONLY,current_v1,projection_heavy,53.87,WATCH,WATCHLIST,52.51,WATCH,WATCHLIST,-1.36,NO_TIER_CHANGE,NO_ACTION_CHANGE,NO_MEANINGFUL_CHANGE,RESEARCH_ONLY challenger preview; production signal boards remain current_v1.
2025,1,,I.Davis,NYJ,,RB,1.0140220229136765,9.58334232570261,20.32256114916081,1.6514352567731705,,,,0.0,0.0,0.0,0.0,0.0,0.0,0.0,0.0,0.0,0.0,0.0,0.0,0.0,0.0,0.0,0.0,0.0,0.0,0.0,0.0,0.0,0.0,0.0,0.0,,,,,,,,,,,,,,MISSING,HIGH,MISSING,67,True,True,False,48.88,66.67,50.07,,,,35,55,65.7,53.73,WATCH,1,1,0,5,usage foundation: 66.7; data quality: 65.7,"Context V1: defense fit missing/low reliability for some players; game environment missing for some players; weather, route share, first-read share, and coverage are not sourced.",,NEEDS DATA,NEEDS DATA,NEEDS DATA,DATA_NEEDS_LIVE_CONTEXT,HISTORICAL TEST ONLY,NO-GO,WATCH at 53.7. Main support: usage foundation: 66.7; data quality: 65.7. Main caution: role and availability context: 35.0; missing signal count: 5.,WATCHLIST,usage foundation: 66.7,data quality: 65.7,role and availability context: 35.0,missing signal count: 5,Medium,ROUTE_PROXY_UNVALIDATED|LOW_CURRENT_SAMPLE,Medium,ROUTE_PROXY_UNVALIDATED|LOW_CURRENT_SAMPLE|LOW_YARDAGE_SAMPLE,Medium,ROUTE_PROXY_UNVALIDATED|LOW_CURRENT_SAMPLE,Medium,ROUTE_PROXY_UNVALIDATED|LOW_CURRENT_SAMPLE,,,,,,,8,8,8,MISSING,MISSING,MISSING,Pre-target weekly player stats only.,,,,,No schedule game matched team/opponent.,,,,,,,,,,,,MISSING,MISSING,MISSING,LOW_RELIABILITY_DEFENSE_FIT: shrinkage applied to historical allowed stats.,"Context V1 uses pre-target weekly history, schedules.csv game lines where present, and shrinkage-adjusted defense allowed stats.",True,False,False,rushing,WATCH at 53.7. Main support: usage foundation: 66.7; data quality: 65.7. Main caution: role and availability context: 35.0; missing signal count: 5.,,role and availability context: 35.0; missing signal count: 5; review context: Context V1: defense fit missing/low reliability for some players; game environment missing,,weather not sourced; live role/injury gates not ready; defense fit limited; game environment limited,,review context: Context V1: defense fit missing/low reliability for some players; game environment missing,Research-only driver summary. Limitations: weather not sourced; live role/injury gates not ready; defense fit limited; game environment limited,RESEARCH_ONLY,current_v1,projection_heavy,53.73,WATCH,WATCHLIST,52.33,WATCH,WATCHLIST,-1.4,NO_TIER_CHANGE,NO_ACTION_CHANGE,NO_MEANINGFUL_CHANGE,RESEARCH_ONLY challenger preview; production signal boards remain current_v1.
2025,1,,J.Herbert,LAC,HOU,QB,,,17.63694376383878,2.0005258965644,13.377044847890245,9.711824392409389,,0.0,0.0,0.0,0.0,0.0,0.0,0.0,0.0,0.0,0.0,0.0,0.0,0.0,0.0,0.0,0.0,0.0,0.0,0.0,0.0,0.0,0.0,0.0,0.0,,,,,,,,,,,,,,MISSING,HIGH,MISSING,67,False,True,True,48.65,66.67,50.07,,,,35,55,65.7,53.63,WATCH,1,1,0,5,usage foundation: 66.7; data quality: 65.7,"Context V1: defense fit missing/low reliability for some players; game environment missing for some players; weather, route share, first-read share, and coverage are not sourced.",,NEEDS DATA,NEEDS DATA,NEEDS DATA,DATA_NEEDS_LIVE_CONTEXT,HISTORICAL TEST ONLY,NO-GO,WATCH at 53.6. Main support: usage foundation: 66.7; data quality: 65.7. Main caution: role and availability context: 35.0; missing signal count: 5.,WATCHLIST,usage foundation: 66.7,data quality: 65.7,role and availability context: 35.0,missing signal count: 5,,,,,Medium,ROUTE_PROXY_UNVALIDATED|LOW_CURRENT_SAMPLE|LOW_PLAYER_SAMPLE,Medium,ROUTE_PROXY_UNVALIDATED|LOW_CURRENT_SAMPLE|LOW_PLAYER_SAMPLE,Medium,ROUTE_PROXY_UNVALIDATED|LOW_CURRENT_SAMPLE|LOW_PLAYER_SAMPLE,Medium,ROUTE_PROXY_UNVALIDATED|LOW_CURRENT_SAMPLE|LOW_PLAYER_SAMPLE,,,8,8,8,MISSING,MISSING,MISSING,Pre-target weekly player stats only.,,,,,No schedule game matched team/opponent.,,,,,,,,,,,,MISSING,MISSING,MISSING,LOW_RELIABILITY_DEFENSE_FIT: shrinkage applied to historical allowed stats.,"Context V1 uses pre-target weekly history, schedules.csv game lines where present, and shrinkage-adjusted defense allowed stats.",True,False,False,rushing,WATCH at 53.6. Main support: usage foundation: 66.7; data quality: 65.7. Main caution: role and availability context: 35.0; missing signal count: 5.,,role and availability context: 35.0; missing signal count: 5; review context: Context V1: defense fit missing/low reliability for some players; game environment missing,,weather not sourced; live role/injury gates not ready; defense fit limited; game environment limited,,review context: Context V1: defense fit missing/low reliability for some players; game environment missing,Research-only driver summary. Limitations: weather not sourced; live role/injury gates not ready; defense fit limited; game environment limited,RESEARCH_ONLY,current_v1,projection_heavy,53.63,WATCH,WATCHLIST,52.2,WATCH,WATCHLIST,-1.43,NO_TIER_CHANGE,NO_ACTION_CHANGE,NO_MEANINGFUL_CHANGE,RESEARCH_ONLY challenger preview; production signal boards remain current_v1.
2025,1,,J.McNichols,WAS,,RB,1.0016162894073417,5.35440716707407,20.2653382512929,2.364176347330408,,,,0.0,0.0,0.0,0.0,0.0,0.0,0.0,0.0,0.0,0.0,0.0,0.0,0.0,0.0,0.0,0.0,0.0,0.0,0.0,0.0,0.0,0.0,0.0,0.0,,,,,,,,,,,,,,MISSING,HIGH,MISSING,67,True,True,False,48.13,66.67,50.07,,,,35,55,65.7,53.41,WATCH,1,1,0,5,usage foundation: 66.7; data quality: 65.7,"Context V1: defense fit missing/low reliability for some players; game environment missing for some players; weather, route share, first-read share, and coverage are not sourced.",,NEEDS DATA,NEEDS DATA,NEEDS DATA,DATA_NEEDS_LIVE_CONTEXT,HISTORICAL TEST ONLY,NO-GO,WATCH at 53.4. Main support: usage foundation: 66.7; data quality: 65.7. Main caution: role and availability context: 35.0; missing signal count: 5.,WATCHLIST,usage foundation: 66.7,data quality: 65.7,role and availability context: 35.0,missing signal count: 5,Medium,ROUTE_PROXY_UNVALIDATED|LOW_CURRENT_SAMPLE,Medium,ROUTE_PROXY_UNVALIDATED|LOW_CURRENT_SAMPLE|LOW_YARDAGE_SAMPLE,Medium,ROUTE_PROXY_UNVALIDATED|LOW_CURRENT_SAMPLE,Medium,ROUTE_PROXY_UNVALIDATED|LOW_CURRENT_SAMPLE,,,,,,,8,8,8,MISSING,MISSING,MISSING,Pre-target weekly player stats only.,,,,,No schedule game matched team/opponent.,,,,,,,,,,,,MISSING,MISSING,MISSING,LOW_RELIABILITY_DEFENSE_FIT: shrinkage applied to historical allowed stats.,"Context V1 uses pre-target weekly history, schedules.csv game lines where present, and shrinkage-adjusted defense allowed stats.",True,False,False,rushing,WATCH at 53.4. Main support: usage foundation: 66.7; data quality: 65.7. Main caution: role and availability context: 35.0; missing signal count: 5.,,role and availability context: 35.0; missing signal count: 5; review context: Context V1: defense fit missing/low reliability for some players; game environment missing,,weather not sourced; live role/injury gates not ready; defense fit limited; game environment limited,,review context: Context V1: defense fit missing/low reliability for some players; game environment missing,Research-only driver summary. Limitations: weather not sourced; live role/injury gates not ready; defense fit limited; game environment limited,RESEARCH_ONLY,current_v1,projection_heavy,53.41,WATCH,WATCHLIST,51.89,WATCH,WATCHLIST,-1.52,NO_TIER_CHANGE,NO_ACTION_CHANGE,NO_MEANINGFUL_CHANGE,RESEARCH_ONLY challenger preview; production signal boards remain current_v1.
2025,1,,C.Steele,KC,,RB,0.8719249015845163,5.140477831294714,19.70631908407884,1.614768258306044,,,,0.0,0.0,0.0,0.0,0.0,0.0,0.0,0.0,0.0,0.0,0.0,0.0,0.0,0.0,0.0,0.0,0.0,0.0,0.0,0.0,0.0,0.0,0.0,0.0,,,,,,,,,,,,,,MISSING,HIGH,MISSING,67,True,True,False,47.01,66.67,50.07,,,,35,55,65.7,52.92,WATCH,1,1,0,5,usage foundation: 66.7; data quality: 65.7,"Context V1: defense fit missing/low reliability for some players; game environment missing for some players; weather, route share, first-read share, and coverage are not sourced.",,NEEDS DATA,NEEDS DATA,NEEDS DATA,DATA_NEEDS_LIVE_CONTEXT,HISTORICAL TEST ONLY,NO-GO,WATCH at 52.9. Main support: usage foundation: 66.7; data quality: 65.7. Main caution: role and availability context: 35.0; missing signal count: 5.,WATCHLIST,usage foundation: 66.7,data quality: 65.7,role and availability context: 35.0,missing signal count: 5,Medium,ROUTE_PROXY_UNVALIDATED|LOW_CURRENT_SAMPLE,Medium,ROUTE_PROXY_UNVALIDATED|LOW_CURRENT_SAMPLE|LOW_YARDAGE_SAMPLE,Medium,ROUTE_PROXY_UNVALIDATED|LOW_CURRENT_SAMPLE,Medium,ROUTE_PROXY_UNVALIDATED|LOW_CURRENT_SAMPLE,,,,,,,8,8,8,MISSING,MISSING,MISSING,Pre-target weekly player stats only.,,,,,No schedule game matched team/opponent.,,,,,,,,,,,,MISSING,MISSING,MISSING,LOW_RELIABILITY_DEFENSE_FIT: shrinkage applied to historical allowed stats.,"Context V1 uses pre-target weekly history, schedules.csv game lines where present, and shrinkage-adjusted defense allowed stats.",True,False,False,rushing,WATCH at 52.9. Main support: usage foundation: 66.7; data quality: 65.7. Main caution: role and availability context: 35.0; missing signal count: 5.,,role and availability context: 35.0; missing signal count: 5; review context: Context V1: defense fit missing/low reliability for some players; game environment missing,,weather not sourced; live role/injury gates not ready; defense fit limited; game environment limited,,review context: Context V1: defense fit missing/low reliability for some players; game environment missing,Research-only driver summary. Limitations: weather not sourced; live role/injury gates not ready; defense fit limited; game environment limited,RESEARCH_ONLY,current_v1,projection_heavy,52.92,WATCH,WATCHLIST,51.23,WATCH,WATCHLIST,-1.69,NO_TIER_CHANGE,NO_ACTION_CHANGE,NO_MEANINGFUL_CHANGE,RESEARCH_ONLY challenger preview; production signal boards remain current_v1.
2025,1,,L.Woodside,ATL,NO,QB,,,14.14274962071434,2.5836543936298355,,,,0.0,0.0,0.0,0.0,0.0,0.0,0.0,0.0,0.0,0.0,0.0,0.0,0.0,0.0,0.0,0.0,0.0,0.0,0.0,0.0,0.0,0.0,0.0,0.0,,,,,,,,,,,,,,MISSING,HIGH,MISSING,67,False,True,False,46.72,66.67,50.07,,,,35,55,65.7,52.79,WATCH,1,1,0,5,usage foundation: 66.7; data quality: 65.7,"Context V1: defense fit missing/low reliability for some players; game environment missing for some players; weather, route share, first-read share, and coverage are not sourced.",,NEEDS DATA,NEEDS DATA,NEEDS DATA,DATA_NEEDS_LIVE_CONTEXT,HISTORICAL TEST ONLY,NO-GO,WATCH at 52.8. Main support: usage foundation: 66.7; data quality: 65.7. Main caution: role and availability context: 35.0; missing signal count: 5.,WATCHLIST,usage foundation: 66.7,data quality: 65.7,role and availability context: 35.0,missing signal count: 5,,,,,Medium,ROUTE_PROXY_UNVALIDATED|LOW_CURRENT_SAMPLE|LOW_PLAYER_SAMPLE|LOW_RUSH_SAMPLE,Medium,ROUTE_PROXY_UNVALIDATED|LOW_CURRENT_SAMPLE|LOW_PLAYER_SAMPLE|LOW_RUSH_SAMPLE|LOW_CARRY_SAMPLE,,,,,,,8,8,8,MISSING,MISSING,MISSING,Pre-target weekly player stats only.,,,,,No schedule game matched team/opponent.,,,,,,,,,,,,MISSING,MISSING,MISSING,LOW_RELIABILITY_DEFENSE_FIT: shrinkage applied to historical allowed stats.,"Context V1 uses pre-target weekly history, schedules.csv game lines where present, and shrinkage-adjusted defense allowed stats.",True,False,False,rushing,WATCH at 52.8. Main support: usage foundation: 66.7; data quality: 65.7. Main caution: role and availability context: 35.0; missing signal count: 5.,,role and availability context: 35.0; missing signal count: 5; review context: Context V1: defense fit missing/low reliability for some players; game environment missing,,weather not sourced; live role/injury gates not ready; defense fit limited; game environment limited,,review context: Context V1: defense fit missing/low reliability for some players; game environment missing,Research-only driver summary. Limitations: weather not sourced; live role/injury gates not ready; defense fit limited; game environment limited,RESEARCH_ONLY,current_v1,projection_heavy,52.79,WATCH,WATCHLIST,51.06,WATCH,WATCHLIST,-1.73,NO_TIER_CHANGE,NO_ACTION_CHANGE,NO_MEANINGFUL_CHANGE,RESEARCH_ONLY challenger preview; production signal boards remain current_v1.
2025,1,,E.Stick,LAC,KC,QB,,,19.54939314441484,2.111505825693696,13.37458375034336,9.6807924338992,,0.0,0.0,0.0,0.0,0.0,0.0,0.0,0.0,0.0,0.0,0.0,0.0,0.0,0.0,0.0,0.0,0.0,0.0,0.0,0.0,0.0,0.0,0.0,0.0,,,,,,,,,,,,,,MISSING,HIGH,MISSING,67,False,True,True,46.64,66.67,50.07,,,,35,55,65.7,52.75,WATCH,1,1,0,5,usage foundation: 66.7; data quality: 65.7,"Context V1: defense fit missing/low reliability for some players; game environment missing for some players; weather, route share, first-read share, and coverage are not sourced.",,NEEDS DATA,NEEDS DATA,NEEDS DATA,DATA_NEEDS_LIVE_CONTEXT,HISTORICAL TEST ONLY,NO-GO,WATCH at 52.8. Main support: usage foundation: 66.7; data quality: 65.7. Main caution: role and availability context: 35.0; missing signal count: 5.,WATCHLIST,usage foundation: 66.7,data quality: 65.7,role and availability context: 35.0,missing signal count: 5,,,,,Medium,ROUTE_PROXY_UNVALIDATED|LOW_CURRENT_SAMPLE|LOW_PLAYER_SAMPLE,Medium,ROUTE_PROXY_UNVALIDATED|LOW_CURRENT_SAMPLE|LOW_PLAYER_SAMPLE,Medium,ROUTE_PROXY_UNVALIDATED|LOW_CURRENT_SAMPLE|LOW_PLAYER_SAMPLE,Medium,ROUTE_PROXY_UNVALIDATED|LOW_CURRENT_SAMPLE|LOW_PLAYER_SAMPLE,,,8,8,8,MISSING,MISSING,MISSING,Pre-target weekly player stats only.,,,,,No schedule game matched team/opponent.,,,,,,,,,,,,MISSING,MISSING,MISSING,LOW_RELIABILITY_DEFENSE_FIT: shrinkage applied to historical allowed stats.,"Context V1 uses pre-target weekly history, schedules.csv game lines where present, and shrinkage-adjusted defense allowed stats.",True,False,False,rushing,WATCH at 52.8. Main support: usage foundation: 66.7; data quality: 65.7. Main caution: role and availability context: 35.0; missing signal count: 5.,,role and availability context: 35.0; missing signal count: 5; review context: Context V1: defense fit missing/low reliability for some players; game environment missing,,weather not sourced; live role/injury gates not ready; defense fit limited; game environment limited,,review context: Context V1: defense fit missing/low reliability for some players; game environment missing,Research-only driver summary. Limitations: weather not sourced; live role/injury gates not ready; defense fit limited; game environment limited,RESEARCH_ONLY,current_v1,projection_heavy,52.75,WATCH,WATCHLIST,51.01,WATCH,WATCHLIST,-1.74,NO_TIER_CHANGE,NO_ACTION_CHANGE,NO_MEANINGFUL_CHANGE,RESEARCH_ONLY challenger preview; production signal boards remain current_v1.
2025,1,,W.Levis,TEN,HOU,QB,,,14.753468655641289,2.510050460715593,,,,0.0,0.0,0.0,0.0,0.0,0.0,0.0,0.0,0.0,0.0,0.0,0.0,0.0,0.0,0.0,0.0,0.0,0.0,0.0,0.0,0.0,0.0,0.0,0.0,,,,,,,,,,,,,,MISSING,HIGH,MISSING,67,False,True,False,45.9,66.67,50.07,,,,35,55,65.7,52.43,WATCH,1,1,0,5,usage foundation: 66.7; data quality: 65.7,"Context V1: defense fit missing/low reliability for some players; game environment missing for some players; weather, route share, first-read share, and coverage are not sourced.",,NEEDS DATA,NEEDS DATA,NEEDS DATA,DATA_NEEDS_LIVE_CONTEXT,HISTORICAL TEST ONLY,NO-GO,WATCH at 52.4. Main support: usage foundation: 66.7; data quality: 65.7. Main caution: role and availability context: 35.0; missing signal count: 5.,WATCHLIST,usage foundation: 66.7,data quality: 65.7,role and availability context: 35.0,missing signal count: 5,,,,,Medium,ROUTE_PROXY_UNVALIDATED|LOW_CURRENT_SAMPLE|LOW_PLAYER_SAMPLE,Medium,ROUTE_PROXY_UNVALIDATED|LOW_CURRENT_SAMPLE|LOW_PLAYER_SAMPLE,,,,,,,8,8,8,MISSING,MISSING,MISSING,Pre-target weekly player stats only.,,,,,No schedule game matched team/opponent.,,,,,,,,,,,,MISSING,MISSING,MISSING,LOW_RELIABILITY_DEFENSE_FIT: shrinkage applied to historical allowed stats.,"Context V1 uses pre-target weekly history, schedules.csv game lines where present, and shrinkage-adjusted defense allowed stats.",True,False,False,rushing,WATCH at 52.4. Main support: usage foundation: 66.7; data quality: 65.7. Main caution: role and availability context: 35.0; missing signal count: 5.,,role and availability context: 35.0; missing signal count: 5; review context: Context V1: defense fit missing/low reliability for some players; game environment missing,,weather not sourced; live role/injury gates not ready; defense fit limited; game environment limited,,review context: Context V1: defense fit missing/low reliability for some players; game environment missing,Research-only driver summary. Limitations: weather not sourced; live role/injury gates not ready; defense fit limited; game environment limited,RESEARCH_ONLY,current_v1,projection_heavy,52.43,WATCH,WATCHLIST,50.58,WATCH,WATCHLIST,-1.85,NO_TIER_CHANGE,NO_ACTION_CHANGE,NO_MEANINGFUL_CHANGE,RESEARCH_ONLY challenger preview; production signal boards remain current_v1.
2025,1,,B.Corum,LA,,RB,1.1854296202930232,11.159836430289248,19.43856633262508,1.707880001808353,,,,0.0,0.0,0.0,0.0,0.0,0.0,0.0,0.0,0.0,0.0,0.0,0.0,0.0,0.0,0.0,0.0,0.0,0.0,0.0,0.0,0.0,0.0,0.0,0.0,,,,,,,,,,,,,,MISSING,HIGH,MISSING,67,True,True,False,45.52,66.67,50.07,,,,35,55,65.7,52.26,WATCH,1,1,0,5,usage foundation: 66.7; data quality: 65.7,"Context V1: defense fit missing/low reliability for some players; game environment missing for some players; weather, route share, first-read share, and coverage are not sourced.",,NEEDS DATA,NEEDS DATA,NEEDS DATA,DATA_NEEDS_LIVE_CONTEXT,HISTORICAL TEST ONLY,NO-GO,WATCH at 52.3. Main support: usage foundation: 66.7; data quality: 65.7. Main caution: role and availability context: 35.0; missing signal count: 5.,WATCHLIST,usage foundation: 66.7,data quality: 65.7,role and availability context: 35.0,missing signal count: 5,Medium,ROUTE_PROXY_UNVALIDATED|LOW_CURRENT_SAMPLE|LOW_PLAYER_SAMPLE,Medium,ROUTE_PROXY_UNVALIDATED|LOW_CURRENT_SAMPLE|LOW_PLAYER_SAMPLE|LOW_YARDAGE_SAMPLE,Medium,ROUTE_PROXY_UNVALIDATED|LOW_CURRENT_SAMPLE|LOW_PLAYER_SAMPLE,Medium,ROUTE_PROXY_UNVALIDATED|LOW_CURRENT_SAMPLE|LOW_PLAYER_SAMPLE,,,,,,,8,8,8,MISSING,MISSING,MISSING,Pre-target weekly player stats only.,,,,,No schedule game matched team/opponent.,,,,,,,,,,,,MISSING,MISSING,MISSING,LOW_RELIABILITY_DEFENSE_FIT: shrinkage applied to historical allowed stats.,"Context V1 uses pre-target weekly history, schedules.csv game lines where present, and shrinkage-adjusted defense allowed stats.",True,False,False,rushing,WATCH at 52.3. Main support: usage foundation: 66.7; data quality: 65.7. Main caution: role and availability context: 35.0; missing signal count: 5.,,role and availability context: 35.0; missing signal count: 5; review context: Context V1: defense fit missing/low reliability for some players; game environment missing,,weather not sourced; live role/injury gates not ready; defense fit limited; game environment limited,,review context: Context V1: defense fit missing/low reliability for some players; game environment missing,Research-only driver summary. Limitations: weather not sourced; live role/injury gates not ready; defense fit limited; game environment limited,RESEARCH_ONLY,current_v1,projection_heavy,52.26,WATCH,WATCHLIST,50.36,WATCH,WATCHLIST,-1.9,NO_TIER_CHANGE,NO_ACTION_CHANGE,NO_MEANINGFUL_CHANGE,RESEARCH_ONLY challenger preview; production signal boards remain current_v1.
2025,1,,J.Brooks,CAR,,RB,0.984655374168218,8.800545177462102,13.120870086188392,2.4659513622920675,,,,0.0,0.0,0.0,0.0,0.0,0.0,0.0,0.0,0.0,0.0,0.0,0.0,0.0,0.0,0.0,0.0,0.0,0.0,0.0,0.0,0.0,0.0,0.0,0.0,,,,,,,,,,,,,,MISSING,HIGH,MISSING,67,True,True,False,45.08,66.67,50.07,,,,35,55,65.7,52.07,WATCH,1,1,0,5,usage foundation: 66.7; data quality: 65.7,"Context V1: defense fit missing/low reliability for some players; game environment missing for some players; weather, route share, first-read share, and coverage are not sourced.",,NEEDS DATA,NEEDS DATA,NEEDS DATA,DATA_NEEDS_LIVE_CONTEXT,HISTORICAL TEST ONLY,NO-GO,WATCH at 52.1. Main support: usage foundation: 66.7; data quality: 65.7. Main caution: role and availability context: 35.0; missing signal count: 5.,WATCHLIST,usage foundation: 66.7,data quality: 65.7,role and availability context: 35.0,missing signal count: 5,Medium,ROUTE_PROXY_UNVALIDATED|LOW_CURRENT_SAMPLE|LOW_PLAYER_SAMPLE,Medium,ROUTE_PROXY_UNVALIDATED|LOW_CURRENT_SAMPLE|LOW_PLAYER_SAMPLE|LOW_YARDAGE_SAMPLE,Medium,ROUTE_PROXY_UNVALIDATED|LOW_CURRENT_SAMPLE|LOW_PLAYER_SAMPLE|LOW_RUSH_SAMPLE,Medium,ROUTE_PROXY_UNVALIDATED|LOW_CURRENT_SAMPLE|LOW_PLAYER_SAMPLE|LOW_RUSH_SAMPLE|LOW_CARRY_SAMPLE,,,,,,,8,8,8,MISSING,MISSING,MISSING,Pre-target weekly player stats only.,,,,,No schedule game matched team/opponent.,,,,,,,,,,,,MISSING,MISSING,MISSING,LOW_RELIABILITY_DEFENSE_FIT: shrinkage applied to historical allowed stats.,"Context V1 uses pre-target weekly history, schedules.csv game lines where present, and shrinkage-adjusted defense allowed stats.",True,False,False,rushing,WATCH at 52.1. Main support: usage foundation: 66.7; data quality: 65.7. Main caution: role and availability context: 35.0; missing signal count: 5.,,role and availability context: 35.0; missing signal count: 5; review context: Context V1: defense fit missing/low reliability for some players; game environment missing,,weather not sourced; live role/injury gates not ready; defense fit limited; game environment limited,,review context: Context V1: defense fit missing/low reliability for some players; game environment missing,Research-only driver summary. Limitations: weather not sourced; live role/injury gates not ready; defense fit limited; game environment limited,RESEARCH_ONLY,current_v1,projection_heavy,52.07,WATCH,WATCHLIST,50.1,WATCH,WATCHLIST,-1.97,NO_TIER_CHANGE,NO_ACTION_CHANGE,NO_MEANINGFUL_CHANGE,RESEARCH_ONLY challenger preview; production signal boards remain current_v1.
2025,1,,Ja.Williams,NO,,RB,1.0314510177608365,7.689786500573949,19.38944586391824,1.845125141333048,,,,0.0,0.0,0.0,0.0,0.0,0.0,0.0,0.0,0.0,0.0,0.0,0.0,0.0,0.0,0.0,0.0,0.0,0.0,0.0,0.0,0.0,0.0,0.0,0.0,,,,,,,,,,,,,,MISSING,HIGH,MISSING,67,True,True,False,44.78,66.67,50.07,,,,35,55,65.7,51.94,WATCH,1,0,0,5,usage foundation: 66.7; data quality: 65.7,"Context V1: defense fit missing/low reliability for some players; game environment missing for some players; weather, route share, first-read share, and coverage are not sourced.",,NEEDS DATA,NEEDS DATA,NEEDS DATA,DATA_NEEDS_LIVE_CONTEXT,HISTORICAL TEST ONLY,NO-GO,WATCH at 51.9. Main support: usage foundation: 66.7; data quality: 65.7. Main caution: role and availability context: 35.0; projection strength: 44.8.,WATCHLIST,usage foundation: 66.7,data quality: 65.7,role and availability context: 35.0,projection strength: 44.8,Medium,ROUTE_PROXY_UNVALIDATED|LOW_CURRENT_SAMPLE,Medium,ROUTE_PROXY_UNVALIDATED|LOW_CURRENT_SAMPLE,Medium,ROUTE_PROXY_UNVALIDATED|LOW_CURRENT_SAMPLE,Medium,ROUTE_PROXY_UNVALIDATED|LOW_CURRENT_SAMPLE,,,,,,,8,8,8,MISSING,MISSING,MISSING,Pre-target weekly player stats only.,,,,,No schedule game matched team/opponent.,,,,,,,,,,,,MISSING,MISSING,MISSING,LOW_RELIABILITY_DEFENSE_FIT: shrinkage applied to historical allowed stats.,"Context V1 uses pre-target weekly history, schedules.csv game lines where present, and shrinkage-adjusted defense allowed stats.",True,False,False,rushing,WATCH at 51.9. Main support: usage foundation: 66.7; data quality: 65.7. Main caution: role and availability context: 35.0; projection strength: 44.8.,,role and availability context: 35.0; projection strength: 44.8; missing signal count: 5,,weather not sourced; live role/injury gates not ready; defense fit limited; game environment limited,,missing signal count: 5,Research-only driver summary. Limitations: weather not sourced; live role/injury gates not ready; defense fit limited; game environment limited,RESEARCH_ONLY,current_v1,projection_heavy,51.94,WATCH,WATCHLIST,49.92,WATCH,WATCHLIST,-2.02,NO_TIER_CHANGE,NO_ACTION_CHANGE,NO_MEANINGFUL_CHANGE,RESEARCH_ONLY challenger preview; production signal boards remain current_v1.
2025,1,,T.Lawrence,JAX,HOU,QB,,,14.46463937207496,2.4563117986761585,11.502379875232268,8.109948345872096,,0.0,0.0,0.0,0.0,0.0,0.0,0.0,0.0,0.0,0.0,0.0,0.0,0.0,0.0,0.0,0.0,0.0,0.0,0.0,0.0,0.0,0.0,0.0,0.0,,,,,,,,,,,,,,MISSING,HIGH,MISSING,67,False,True,True,44.67,66.67,50.07,,,,35,55,65.7,51.89,WATCH,1,0,0,5,usage foundation: 66.7; data quality: 65.7,"Context V1: defense fit missing/low reliability for some players; game environment missing for some players; weather, route share, first-read share, and coverage are not sourced.",,NEEDS DATA,NEEDS DATA,NEEDS DATA,DATA_NEEDS_LIVE_CONTEXT,HISTORICAL TEST ONLY,NO-GO,WATCH at 51.9. Main support: usage foundation: 66.7; data quality: 65.7. Main caution: role and availability context: 35.0; projection strength: 44.7.,WATCHLIST,usage foundation: 66.7,data quality: 65.7,role and availability context: 35.0,projection strength: 44.7,,,,,Medium,ROUTE_PROXY_UNVALIDATED|LOW_CURRENT_SAMPLE|LOW_PLAYER_SAMPLE,Medium,ROUTE_PROXY_UNVALIDATED|LOW_CURRENT_SAMPLE|LOW_PLAYER_SAMPLE,Medium,ROUTE_PROXY_UNVALIDATED|LOW_CURRENT_SAMPLE|LOW_PLAYER_SAMPLE,Medium,ROUTE_PROXY_UNVALIDATED|LOW_CURRENT_SAMPLE|LOW_PLAYER_SAMPLE,,,8,8,8,MISSING,MISSING,MISSING,Pre-target weekly player stats only.,,,,,No schedule game matched team/opponent.,,,,,,,,,,,,MISSING,MISSING,MISSING,LOW_RELIABILITY_DEFENSE_FIT: shrinkage applied to historical allowed stats.,"Context V1 uses pre-target weekly history, schedules.csv game lines where present, and shrinkage-adjusted defense allowed stats.",True,False,False,rushing,WATCH at 51.9. Main support: usage foundation: 66.7; data quality: 65.7. Main caution: role and availability context: 35.0; projection strength: 44.7.,,role and availability context: 35.0; projection strength: 44.7; missing signal count: 5,,weather not sourced; live role/injury gates not ready; defense fit limited; game environment limited,,missing signal count: 5,Research-only driver summary. Limitations: weather not sourced; live role/injury gates not ready; defense fit limited; game environment limited,RESEARCH_ONLY,current_v1,projection_heavy,51.89,WATCH,WATCHLIST,49.86,WATCH,WATCHLIST,-2.03,NO_TIER_CHANGE,NO_ACTION_CHANGE,NO_MEANINGFUL_CHANGE,RESEARCH_ONLY challenger preview; production signal boards remain current_v1.
2025,1,,M.Mariota,WAS,DET,QB,,,19.278212719147568,2.1136685278870666,,,,0.0,0.0,0.0,0.0,0.0,0.0,0.0,0.0,0.0,0.0,0.0,0.0,0.0,0.0,0.0,0.0,0.0,0.0,0.0,0.0,0.0,0.0,0.0,0.0,,,,,,,,,,,,,,MISSING,HIGH,MISSING,67,False,True,False,44.4,66.67,50.07,,,,35,55,65.7,51.77,WATCH,1,0,0,5,usage foundation: 66.7; data quality: 65.7,"Context V1: defense fit missing/low reliability for some players; game environment missing for some players; weather, route share, first-read share, and coverage are not sourced.",,NEEDS DATA,NEEDS DATA,NEEDS DATA,DATA_NEEDS_LIVE_CONTEXT,HISTORICAL TEST ONLY,NO-GO,WATCH at 51.8. Main support: usage foundation: 66.7; data quality: 65.7. Main caution: role and availability context: 35.0; projection strength: 44.4.,WATCHLIST,usage foundation: 66.7,data quality: 65.7,role and availability context: 35.0,projection strength: 44.4,,,,,Medium,ROUTE_PROXY_UNVALIDATED|LOW_CURRENT_SAMPLE|LOW_PLAYER_SAMPLE,Medium,ROUTE_PROXY_UNVALIDATED|LOW_CURRENT_SAMPLE|LOW_PLAYER_SAMPLE,,,,,,,8,8,8,MISSING,MISSING,MISSING,Pre-target weekly player stats only.,,,,,No schedule game matched team/opponent.,,,,,,,,,,,,MISSING,MISSING,MISSING,LOW_RELIABILITY_DEFENSE_FIT: shrinkage applied to historical allowed stats.,"Context V1 uses pre-target weekly history, schedules.csv game lines where present, and shrinkage-adjusted defense allowed stats.",True,False,False,rushing,WATCH at 51.8. Main support: usage foundation: 66.7; data quality: 65.7. Main caution: role and availability context: 35.0; projection strength: 44.4.,,role and availability context: 35.0; projection strength: 44.4; missing signal count: 5,,weather not sourced; live role/injury gates not ready; defense fit limited; game environment limited,,missing signal count: 5,Research-only driver summary. Limitations: weather not sourced; live role/injury gates not ready; defense fit limited; game environment limited,RESEARCH_ONLY,current_v1,projection_heavy,51.77,WATCH,WATCHLIST,49.7,WATCH,WATCHLIST,-2.07,NO_TIER_CHANGE,NO_ACTION_CHANGE,NO_MEANINGFUL_CHANGE,RESEARCH_ONLY challenger preview; production signal boards remain current_v1.
2025,1,,J.Dobbs,SF,ARI,QB,,,18.844115162751294,1.6139889107197627,13.172313262770883,9.707441520195587,,0.0,0.0,0.0,0.0,0.0,0.0,0.0,0.0,0.0,0.0,0.0,0.0,0.0,0.0,0.0,0.0,0.0,0.0,0.0,0.0,0.0,0.0,0.0,0.0,,,,,,,,,,,,,,MISSING,HIGH,MISSING,67,False,True,True,44.03,66.67,50.07,,,,35,55,65.7,51.61,WATCH,1,0,0,5,usage foundation: 66.7; data quality: 65.7,"Context V1: defense fit missing/low reliability for some players; game environment missing for some players; weather, route share, first-read share, and coverage are not sourced.",,NEEDS DATA,NEEDS DATA,NEEDS DATA,DATA_NEEDS_LIVE_CONTEXT,HISTORICAL TEST ONLY,NO-GO,WATCH at 51.6. Main support: usage foundation: 66.7; data quality: 65.7. Main caution: role and availability context: 35.0; projection strength: 44.0.,WATCHLIST,usage foundation: 66.7,data quality: 65.7,role and availability context: 35.0,projection strength: 44.0,,,,,Medium,ROUTE_PROXY_UNVALIDATED|LOW_CURRENT_SAMPLE|LOW_PLAYER_SAMPLE,Medium,ROUTE_PROXY_UNVALIDATED|LOW_CURRENT_SAMPLE|LOW_PLAYER_SAMPLE,Medium,ROUTE_PROXY_UNVALIDATED|LOW_CURRENT_SAMPLE|LOW_PLAYER_SAMPLE,Medium,ROUTE_PROXY_UNVALIDATED|LOW_CURRENT_SAMPLE|LOW_PLAYER_SAMPLE,,,8,8,8,MISSING,MISSING,MISSING,Pre-target weekly player stats only.,,,,,No schedule game matched team/opponent.,,,,,,,,,,,,MISSING,MISSING,MISSING,LOW_RELIABILITY_DEFENSE_FIT: shrinkage applied to historical allowed stats.,"Context V1 uses pre-target weekly history, schedules.csv game lines where present, and shrinkage-adjusted defense allowed stats.",True,False,False,rushing,WATCH at 51.6. Main support: usage foundation: 66.7; data quality: 65.7. Main caution: role and availability context: 35.0; projection strength: 44.0.,,role and availability context: 35.0; projection strength: 44.0; missing signal count: 5,,weather not sourced; live role/injury gates not ready; defense fit limited; game environment limited,,missing signal count: 5,Research-only driver summary. Limitations: weather not sourced; live role/injury gates not ready; defense fit limited; game environment limited,RESEARCH_ONLY,current_v1,projection_heavy,51.61,WATCH,WATCHLIST,49.48,WATCH,WATCHLIST,-2.13,NO_TIER_CHANGE,NO_ACTION_CHANGE,NO_MEANINGFUL_CHANGE,RESEARCH_ONLY challenger preview; production signal boards remain current_v1.
2025,1,,B.Gabbert,KC,LAC,QB,,,18.22957610213629,1.0982977041260438,,,,0.0,0.0,0.0,0.0,0.0,0.0,0.0,0.0,0.0,0.0,0.0,0.0,0.0,0.0,0.0,0.0,0.0,0.0,0.0,0.0,0.0,0.0,0.0,0.0,,,,,,,,,,,,,,MISSING,HIGH,MISSING,67,False,True,False,43.28,66.67,50.07,,,,35,55,65.7,51.28,WATCH,1,0,0,5,usage foundation: 66.7; data quality: 65.7,"Context V1: defense fit missing/low reliability for some players; game environment missing for some players; weather, route share, first-read share, and coverage are not sourced.",,NEEDS DATA,NEEDS DATA,NEEDS DATA,DATA_NEEDS_LIVE_CONTEXT,HISTORICAL TEST ONLY,NO-GO,WATCH at 51.3. Main support: usage foundation: 66.7; data quality: 65.7. Main caution: role and availability context: 35.0; projection strength: 43.3.,WATCHLIST,usage foundation: 66.7,data quality: 65.7,role and availability context: 35.0,projection strength: 43.3,,,,,Medium,ROUTE_PROXY_UNVALIDATED|LOW_CURRENT_SAMPLE|LOW_PLAYER_SAMPLE|LOW_RUSH_SAMPLE,Medium,ROUTE_PROXY_UNVALIDATED|LOW_CURRENT_SAMPLE|LOW_PLAYER_SAMPLE|LOW_RUSH_SAMPLE|LOW_CARRY_SAMPLE,,,,,,,8,8,8,MISSING,MISSING,MISSING,Pre-target weekly player stats only.,,,,,No schedule game matched team/opponent.,,,,,,,,,,,,MISSING,MISSING,MISSING,LOW_RELIABILITY_DEFENSE_FIT: shrinkage applied to historical allowed stats.,"Context V1 uses pre-target weekly history, schedules.csv game lines where present, and shrinkage-adjusted defense allowed stats.",True,False,False,rushing,WATCH at 51.3. Main support: usage foundation: 66.7; data quality: 65.7. Main caution: role and availability context: 35.0; projection strength: 43.3.,,role and availability context: 35.0; projection strength: 43.3; missing signal count: 5,,weather not sourced; live role/injury gates not ready; defense fit limited; game environment limited,,missing signal count: 5,Research-only driver summary. Limitations: weather not sourced; live role/injury gates not ready; defense fit limited; game environment limited,RESEARCH_ONLY,current_v1,projection_heavy,51.28,WATCH,WATCHLIST,49.04,WATCH,WATCHLIST,-2.24,NO_TIER_CHANGE,NO_ACTION_CHANGE,NO_MEANINGFUL_CHANGE,RESEARCH_ONLY challenger preview; production signal boards remain current_v1.
2025,1,,T.DeVito,NYG,BAL,QB,,,18.191712032323977,1.4939423567812238,,,,0.0,0.0,0.0,0.0,0.0,0.0,0.0,0.0,0.0,0.0,0.0,0.0,0.0,0.0,0.0,0.0,0.0,0.0,0.0,0.0,0.0,0.0,0.0,0.0,,,,,,,,,,,,,,MISSING,HIGH,MISSING,67,False,True,False,42.91,66.67,50.07,,,,35,55,65.7,51.12,WATCH,1,0,0,5,usage foundation: 66.7; data quality: 65.7,"Context V1: defense fit missing/low reliability for some players; game environment missing for some players; weather, route share, first-read share, and coverage are not sourced.",,NEEDS DATA,NEEDS DATA,NEEDS DATA,DATA_NEEDS_LIVE_CONTEXT,HISTORICAL TEST ONLY,NO-GO,WATCH at 51.1. Main support: usage foundation: 66.7; data quality: 65.7. Main caution: role and availability context: 35.0; projection strength: 42.9.,WATCHLIST,usage foundation: 66.7,data quality: 65.7,role and availability context: 35.0,projection strength: 42.9,,,,,Medium,ROUTE_PROXY_UNVALIDATED|LOW_CURRENT_SAMPLE|LOW_PLAYER_SAMPLE,Medium,ROUTE_PROXY_UNVALIDATED|LOW_CURRENT_SAMPLE|LOW_PLAYER_SAMPLE,,,,,,,8,8,8,MISSING,MISSING,MISSING,Pre-target weekly player stats only.,,,,,No schedule game matched team/opponent.,,,,,,,,,,,,MISSING,MISSING,MISSING,LOW_RELIABILITY_DEFENSE_FIT: shrinkage applied to historical allowed stats.,"Context V1 uses pre-target weekly history, schedules.csv game lines where present, and shrinkage-adjusted defense allowed stats.",True,False,False,rushing,WATCH at 51.1. Main support: usage foundation: 66.7; data quality: 65.7. Main caution: role and availability context: 35.0; projection strength: 42.9.,,role and availability context: 35.0; projection strength: 42.9; missing signal count: 5,,weather not sourced; live role/injury gates not ready; defense fit limited; game environment limited,,missing signal count: 5,Research-only driver summary. Limitations: weather not sourced; live role/injury gates not ready; defense fit limited; game environment limited,RESEARCH_ONLY,current_v1,projection_heavy,51.12,WATCH,WATCHLIST,48.82,WATCH,WATCHLIST,-2.3,NO_TIER_CHANGE,NO_ACTION_CHANGE,NO_MEANINGFUL_CHANGE,RESEARCH_ONLY challenger preview; production signal boards remain current_v1.
2025,1,,C.Beathard,JAX,CAR,QB,,,13.32348714856607,2.346745762545533,,,,0.0,0.0,0.0,0.0,0.0,0.0,0.0,0.0,0.0,0.0,0.0,0.0,0.0,0.0,0.0,0.0,0.0,0.0,0.0,0.0,0.0,0.0,0.0,0.0,,,,,,,,,,,,,,MISSING,HIGH,MISSING,67,False,True,False,42.62,66.67,50.07,,,,35,55,65.7,51.0,WATCH,1,0,0,5,usage foundation: 66.7; data quality: 65.7,"Context V1: defense fit missing/low reliability for some players; game environment missing for some players; weather, route share, first-read share, and coverage are not sourced.",,NEEDS DATA,NEEDS DATA,NEEDS DATA,DATA_NEEDS_LIVE_CONTEXT,HISTORICAL TEST ONLY,NO-GO,WATCH at 51.0. Main support: usage foundation: 66.7; data quality: 65.7. Main caution: role and availability context: 35.0; projection strength: 42.6.,WATCHLIST,usage foundation: 66.7,data quality: 65.7,role and availability context: 35.0,projection strength: 42.6,,,,,Medium,ROUTE_PROXY_UNVALIDATED|LOW_CURRENT_SAMPLE|LOW_PLAYER_SAMPLE|LOW_RUSH_SAMPLE,Medium,ROUTE_PROXY_UNVALIDATED|LOW_CURRENT_SAMPLE|LOW_PLAYER_SAMPLE|LOW_RUSH_SAMPLE|LOW_CARRY_SAMPLE,,,,,,,8,8,8,MISSING,MISSING,MISSING,Pre-target weekly player stats only.,,,,,No schedule game matched team/opponent.,,,,,,,,,,,,MISSING,MISSING,MISSING,LOW_RELIABILITY_DEFENSE_FIT: shrinkage applied to historical allowed stats.,"Context V1 uses pre-target weekly history, schedules.csv game lines where present, and shrinkage-adjusted defense allowed stats.",True,False,False,rushing,WATCH at 51.0. Main support: usage foundation: 66.7; data quality: 65.7. Main caution: role and availability context: 35.0; projection strength: 42.6.,,role and availability context: 35.0; projection strength: 42.6; missing signal count: 5,,weather not sourced; live role/injury gates not ready; defense fit limited; game environment limited,,missing signal count: 5,Research-only driver summary. Limitations: weather not sourced; live role/injury gates not ready; defense fit limited; game environment limited,RESEARCH_ONLY,current_v1,projection_heavy,51.0,WATCH,WATCHLIST,48.65,WATCH,WATCHLIST,-2.35,NO_TIER_CHANGE,NO_ACTION_CHANGE,NO_MEANINGFUL_CHANGE,RESEARCH_ONLY challenger preview; production signal boards remain current_v1.
2025,1,,D.Thompson-Robinson,CLE,BAL,QB,,,18.171315995355897,1.2432026238511675,,,,0.0,0.0,0.0,0.0,0.0,0.0,0.0,0.0,0.0,0.0,0.0,0.0,0.0,0.0,0.0,0.0,0.0,0.0,0.0,0.0,0.0,0.0,0.0,0.0,,,,,,,,,,,,,,MISSING,HIGH,MISSING,67,False,True,False,42.54,66.67,50.07,,,,35,55,65.7,50.96,WATCH,1,0,0,5,usage foundation: 66.7; data quality: 65.7,"Context V1: defense fit missing/low reliability for some players; game environment missing for some players; weather, route share, first-read share, and coverage are not sourced.",,NEEDS DATA,NEEDS DATA,NEEDS DATA,DATA_NEEDS_LIVE_CONTEXT,HISTORICAL TEST ONLY,NO-GO,WATCH at 51.0. Main support: usage foundation: 66.7; data quality: 65.7. Main caution: role and availability context: 35.0; projection strength: 42.5.,WATCHLIST,usage foundation: 66.7,data quality: 65.7,role and availability context: 35.0,projection strength: 42.5,,,,,Medium,ROUTE_PROXY_UNVALIDATED|LOW_CURRENT_SAMPLE|LOW_PLAYER_SAMPLE,Medium,ROUTE_PROXY_UNVALIDATED|LOW_CURRENT_SAMPLE|LOW_PLAYER_SAMPLE,,,,,,,8,8,8,MISSING,MISSING,MISSING,Pre-target weekly player stats only.,,,,,No schedule game matched team/opponent.,,,,,,,,,,,,MISSING,MISSING,MISSING,LOW_RELIABILITY_DEFENSE_FIT: shrinkage applied to historical allowed stats.,"Context V1 uses pre-target weekly history, schedules.csv game lines where present, and shrinkage-adjusted defense allowed stats.",True,False,False,rushing,WATCH at 51.0. Main support: usage foundation: 66.7; data quality: 65.7. Main caution: role and availability context: 35.0; projection strength: 42.5.,,role and availability context: 35.0; projection strength: 42.5; missing signal count: 5,,weather not sourced; live role/injury gates not ready; defense fit limited; game environment limited,,missing signal count: 5,Research-only driver summary. Limitations: weather not sourced; live role/injury gates not ready; defense fit limited; game environment limited,RESEARCH_ONLY,current_v1,projection_heavy,50.96,WATCH,WATCHLIST,48.6,WATCH,WATCHLIST,-2.36,NO_TIER_CHANGE,NO_ACTION_CHANGE,NO_MEANINGFUL_CHANGE,RESEARCH_ONLY challenger preview; production signal boards remain current_v1.
2025,1,,J.Mims,NO,,RB,1.463728481983816,11.110751977264671,14.118664299039237,1.3380503228314882,,,,0.0,0.0,0.0,0.0,0.0,0.0,0.0,0.0,0.0,0.0,0.0,0.0,0.0,0.0,0.0,0.0,0.0,0.0,0.0,0.0,0.0,0.0,0.0,0.0,,,,,,,,,,,,,,MISSING,HIGH,MISSING,67,True,True,False,42.5,66.67,50.07,,,,35,55,65.7,50.94,WATCH,1,0,0,5,usage foundation: 66.7; data quality: 65.7,"Context V1: defense fit missing/low reliability for some players; game environment missing for some players; weather, route share, first-read share, and coverage are not sourced.",,NEEDS DATA,NEEDS DATA,NEEDS DATA,DATA_NEEDS_LIVE_CONTEXT,HISTORICAL TEST ONLY,NO-GO,WATCH at 50.9. Main support: usage foundation: 66.7; data quality: 65.7. Main caution: role and availability context: 35.0; projection strength: 42.5.,WATCHLIST,usage foundation: 66.7,data quality: 65.7,role and availability context: 35.0,projection strength: 42.5,Medium,ROUTE_PROXY_UNVALIDATED|LOW_CURRENT_SAMPLE,Medium,ROUTE_PROXY_UNVALIDATED|LOW_CURRENT_SAMPLE,Medium,ROUTE_PROXY_UNVALIDATED|LOW_CURRENT_SAMPLE,Medium,ROUTE_PROXY_UNVALIDATED|LOW_CURRENT_SAMPLE,,,,,,,8,8,8,MISSING,MISSING,MISSING,Pre-target weekly player stats only.,,,,,No schedule game matched team/opponent.,,,,,,,,,,,,MISSING,MISSING,MISSING,LOW_RELIABILITY_DEFENSE_FIT: shrinkage applied to historical allowed stats.,"Context V1 uses pre-target weekly history, schedules.csv game lines where present, and shrinkage-adjusted defense allowed stats.",True,False,False,rushing,WATCH at 50.9. Main support: usage foundation: 66.7; data quality: 65.7. Main caution: role and availability context: 35.0; projection strength: 42.5.,,role and availability context: 35.0; projection strength: 42.5; missing signal count: 5,,weather not sourced; live role/injury gates not ready; defense fit limited; game environment limited,,missing signal count: 5,Research-only driver summary. Limitations: weather not sourced; live role/injury gates not ready; defense fit limited; game environment limited,RESEARCH_ONLY,current_v1,projection_heavy,50.94,WATCH,WATCHLIST,48.58,WATCH,WATCHLIST,-2.36,NO_TIER_CHANGE,NO_ACTION_CHANGE,NO_MEANINGFUL_CHANGE,RESEARCH_ONLY challenger preview; production signal boards remain current_v1.
2025,1,,T.Lance,DAL,WAS,QB,,,11.911602130037588,2.3371665865787463,,,,0.0,0.0,0.0,0.0,0.0,0.0,0.0,0.0,0.0,0.0,0.0,0.0,0.0,0.0,0.0,0.0,0.0,0.0,0.0,0.0,0.0,0.0,0.0,0.0,,,,,,,,,,,,,,MISSING,HIGH,MISSING,67,False,True,False,42.21,66.67,50.07,,,,35,55,65.7,50.82,WATCH,1,0,0,5,usage foundation: 66.7; data quality: 65.7,"Context V1: defense fit missing/low reliability for some players; game environment missing for some players; weather, route share, first-read share, and coverage are not sourced.",,NEEDS DATA,NEEDS DATA,NEEDS DATA,DATA_NEEDS_LIVE_CONTEXT,HISTORICAL TEST ONLY,NO-GO,WATCH at 50.8. Main support: usage foundation: 66.7; data quality: 65.7. Main caution: role and availability context: 35.0; projection strength: 42.2.,WATCHLIST,usage foundation: 66.7,data quality: 65.7,role and availability context: 35.0,projection strength: 42.2,,,,,Medium,ROUTE_PROXY_UNVALIDATED|LOW_CURRENT_SAMPLE|LOW_PLAYER_SAMPLE|LOW_RUSH_SAMPLE,Medium,ROUTE_PROXY_UNVALIDATED|LOW_CURRENT_SAMPLE|LOW_PLAYER_SAMPLE|LOW_RUSH_SAMPLE|LOW_CARRY_SAMPLE,,,,,,,8,8,8,MISSING,MISSING,MISSING,Pre-target weekly player stats only.,,,,,No schedule game matched team/opponent.,,,,,,,,,,,,MISSING,MISSING,MISSING,LOW_RELIABILITY_DEFENSE_FIT: shrinkage applied to historical allowed stats.,"Context V1 uses pre-target weekly history, schedules.csv game lines where present, and shrinkage-adjusted defense allowed stats.",True,False,False,rushing,WATCH at 50.8. Main support: usage foundation: 66.7; data quality: 65.7. Main caution: role and availability context: 35.0; projection strength: 42.2.,,role and availability context: 35.0; projection strength: 42.2; missing signal count: 5,,weather not sourced; live role/injury gates not ready; defense fit limited; game environment limited,,missing signal count: 5,Research-only driver summary. Limitations: weather not sourced; live role/injury gates not ready; defense fit limited; game environment limited,RESEARCH_ONLY,current_v1,projection_heavy,50.82,WATCH,WATCHLIST,48.41,WATCH,WATCHLIST,-2.41,NO_TIER_CHANGE,NO_ACTION_CHANGE,NO_MEANINGFUL_CHANGE,RESEARCH_ONLY challenger preview; production signal boards remain current_v1.
2025,1,,M.Jones,JAX,IND,QB,,,11.12203935717326,2.3134594370138104,10.600842473317686,,,0.0,0.0,0.0,0.0,0.0,0.0,0.0,0.0,0.0,0.0,0.0,0.0,0.0,0.0,0.0,0.0,0.0,0.0,0.0,0.0,0.0,0.0,0.0,0.0,,,,,,,,,,,,,,MISSING,HIGH,MISSING,67,False,True,True,41.8,66.67,50.07,,,,35,55,65.7,50.64,WATCH,1,0,0,5,usage foundation: 66.7; data quality: 65.7,"Context V1: defense fit missing/low reliability for some players; game environment missing for some players; weather, route share, first-read share, and coverage are not sourced.",,NEEDS DATA,NEEDS DATA,NEEDS DATA,DATA_NEEDS_LIVE_CONTEXT,HISTORICAL TEST ONLY,NO-GO,WATCH at 50.6. Main support: usage foundation: 66.7; data quality: 65.7. Main caution: role and availability context: 35.0; projection strength: 41.8.,WATCHLIST,usage foundation: 66.7,data quality: 65.7,role and availability context: 35.0,projection strength: 41.8,,,,,Medium,ROUTE_PROXY_UNVALIDATED|LOW_CURRENT_SAMPLE|LOW_PLAYER_SAMPLE,Medium,ROUTE_PROXY_UNVALIDATED|LOW_CURRENT_SAMPLE|LOW_PLAYER_SAMPLE,Medium,ROUTE_PROXY_UNVALIDATED|LOW_CURRENT_SAMPLE|LOW_PLAYER_SAMPLE,,,,,8,8,8,MISSING,MISSING,MISSING,Pre-target weekly player stats only.,,,,,No schedule game matched team/opponent.,,,,,,,,,,,,MISSING,MISSING,MISSING,LOW_RELIABILITY_DEFENSE_FIT: shrinkage applied to historical allowed stats.,"Context V1 uses pre-target weekly history, schedules.csv game lines where present, and shrinkage-adjusted defense allowed stats.",True,False,False,rushing,WATCH at 50.6. Main support: usage foundation: 66.7; data quality: 65.7. Main caution: role and availability context: 35.0; projection strength: 41.8.,,role and availability context: 35.0; projection strength: 41.8; missing signal count: 5,,weather not sourced; live role/injury gates not ready; defense fit limited; game environment limited,,missing signal count: 5,Research-only driver summary. Limitations: weather not sourced; live role/injury gates not ready; defense fit limited; game environment limited,RESEARCH_ONLY,current_v1,projection_heavy,50.64,WATCH,WATCHLIST,48.17,WATCH,WATCHLIST,-2.47,NO_TIER_CHANGE,NO_ACTION_CHANGE,NO_MEANINGFUL_CHANGE,RESEARCH_ONLY challenger preview; production signal boards remain current_v1.
2025,1,,J.Chestnut,TEN,,RB,0.6895749483353861,,14.998604535456929,2.2818061961471496,,,,0.0,0.0,0.0,0.0,0.0,0.0,0.0,0.0,0.0,0.0,0.0,0.0,0.0,0.0,0.0,0.0,0.0,0.0,0.0,0.0,0.0,0.0,0.0,0.0,,,,,,,,,,,,,,MISSING,HIGH,MISSING,67,True,True,False,40.57,66.67,50.07,,,,35,55,65.7,50.1,WATCH,1,0,0,5,usage foundation: 66.7; data quality: 65.7,"Context V1: defense fit missing/low reliability for some players; game environment missing for some players; weather, route share, first-read share, and coverage are not sourced.",,NEEDS DATA,NEEDS DATA,NEEDS DATA,DATA_NEEDS_LIVE_CONTEXT,HISTORICAL TEST ONLY,NO-GO,WATCH at 50.1. Main support: usage foundation: 66.7; data quality: 65.7. Main caution: role and availability context: 35.0; projection strength: 40.6.,WATCHLIST,usage foundation: 66.7,data quality: 65.7,role and availability context: 35.0,projection strength: 40.6,Medium,ROUTE_PROXY_UNVALIDATED|LOW_CURRENT_SAMPLE|LOW_PLAYER_SAMPLE,,,Medium,ROUTE_PROXY_UNVALIDATED|LOW_CURRENT_SAMPLE|LOW_PLAYER_SAMPLE,Medium,ROUTE_PROXY_UNVALIDATED|LOW_CURRENT_SAMPLE|LOW_PLAYER_SAMPLE,,,,,,,8,8,8,MISSING,MISSING,MISSING,Pre-target weekly player stats only.,,,,,No schedule game matched team/opponent.,,,,,,,,,,,,MISSING,MISSING,MISSING,LOW_RELIABILITY_DEFENSE_FIT: shrinkage applied to historical allowed stats.,"Context V1 uses pre-target weekly history, schedules.csv game lines where present, and shrinkage-adjusted defense allowed stats.",True,False,False,rushing,WATCH at 50.1. Main support: usage foundation: 66.7; data quality: 65.7. Main caution: role and availability context: 35.0; projection strength: 40.6.,,role and availability context: 35.0; projection strength: 40.6; missing signal count: 5,,weather not sourced; live role/injury gates not ready; defense fit limited; game environment limited,,missing signal count: 5,Research-only driver summary. Limitations: weather not sourced; live role/injury gates not ready; defense fit limited; game environment limited,RESEARCH_ONLY,current_v1,projection_heavy,50.1,WATCH,WATCHLIST,47.44,WATCH,WATCHLIST,-2.66,NO_TIER_CHANGE,NO_ACTION_CHANGE,NO_MEANINGFUL_CHANGE,RESEARCH_ONLY challenger preview; production signal boards remain current_v1.
2025,1,,J.Hall,MIN,GB,QB,,,12.442643217502248,1.9311156946090464,13.27065579571555,9.659469700350533,,0.0,0.0,0.0,0.0,0.0,0.0,0.0,0.0,0.0,0.0,0.0,0.0,0.0,0.0,0.0,0.0,0.0,0.0,0.0,0.0,0.0,0.0,0.0,0.0,,,,,,,,,,,,,,MISSING,HIGH,MISSING,67,False,True,True,40.54,66.67,50.07,,,,35,55,65.7,50.09,WATCH,1,0,0,5,usage foundation: 66.7; data quality: 65.7,"Context V1: defense fit missing/low reliability for some players; game environment missing for some players; weather, route share, first-read share, and coverage are not sourced.",,NEEDS DATA,NEEDS DATA,NEEDS DATA,DATA_NEEDS_LIVE_CONTEXT,HISTORICAL TEST ONLY,NO-GO,WATCH at 50.1. Main support: usage foundation: 66.7; data quality: 65.7. Main caution: role and availability context: 35.0; projection strength: 40.5.,WATCHLIST,usage foundation: 66.7,data quality: 65.7,role and availability context: 35.0,projection strength: 40.5,,,,,Medium,ROUTE_PROXY_UNVALIDATED|LOW_CURRENT_SAMPLE|LOW_PLAYER_SAMPLE|LOW_RUSH_SAMPLE,Medium,ROUTE_PROXY_UNVALIDATED|LOW_CURRENT_SAMPLE|LOW_PLAYER_SAMPLE|LOW_RUSH_SAMPLE|LOW_CARRY_SAMPLE,Medium,ROUTE_PROXY_UNVALIDATED|LOW_CURRENT_SAMPLE|LOW_PLAYER_SAMPLE|LOW_QB_ATTEMPT_SAMPLE,Medium,ROUTE_PROXY_UNVALIDATED|LOW_CURRENT_SAMPLE|LOW_PLAYER_SAMPLE|LOW_QB_ATTEMPT_SAMPLE|LOW_COMPLETION_SAMPLE,,,8,8,8,MISSING,MISSING,MISSING,Pre-target weekly player stats only.,,,,,No schedule game matched team/opponent.,,,,,,,,,,,,MISSING,MISSING,MISSING,LOW_RELIABILITY_DEFENSE_FIT: shrinkage applied to historical allowed stats.,"Context V1 uses pre-target weekly history, schedules.csv game lines where present, and shrinkage-adjusted defense allowed stats.",True,False,False,rushing,WATCH at 50.1. Main support: usage foundation: 66.7; data quality: 65.7. Main caution: role and availability context: 35.0; projection strength: 40.5.,,role and availability context: 35.0; projection strength: 40.5; missing signal count: 5,,weather not sourced; live role/injury gates not ready; defense fit limited; game environment limited,,missing signal count: 5,Research-only driver summary. Limitations: weather not sourced; live role/injury gates not ready; defense fit limited; game environment limited,RESEARCH_ONLY,current_v1,projection_heavy,50.09,WATCH,WATCHLIST,47.43,WATCH,WATCHLIST,-2.66,NO_TIER_CHANGE,NO_ACTION_CHANGE,NO_MEANINGFUL_CHANGE,RESEARCH_ONLY challenger preview; production signal boards remain current_v1.
2025,1,,D.Lock,NYG,PHI,QB,,,17.32501295712891,1.034646561733187,,,,0.0,0.0,0.0,0.0,0.0,0.0,0.0,0.0,0.0,0.0,0.0,0.0,0.0,0.0,0.0,0.0,0.0,0.0,0.0,0.0,0.0,0.0,0.0,0.0,,,,,,,,,,,,,,MISSING,HIGH,MISSING,67,False,True,False,40.3,66.67,50.07,,,,35,55,65.7,49.98,WATCH,1,0,0,5,usage foundation: 66.7; data quality: 65.7,"Context V1: defense fit missing/low reliability for some players; game environment missing for some players; weather, route share, first-read share, and coverage are not sourced.",,NEEDS DATA,NEEDS DATA,NEEDS DATA,DATA_NEEDS_LIVE_CONTEXT,HISTORICAL TEST ONLY,NO-GO,WATCH at 50.0. Main support: usage foundation: 66.7; data quality: 65.7. Main caution: role and availability context: 35.0; projection strength: 40.3.,WATCHLIST,usage foundation: 66.7,data quality: 65.7,role and availability context: 35.0,projection strength: 40.3,,,,,Medium,ROUTE_PROXY_UNVALIDATED|LOW_CURRENT_SAMPLE|LOW_PLAYER_SAMPLE,Medium,ROUTE_PROXY_UNVALIDATED|LOW_CURRENT_SAMPLE|LOW_PLAYER_SAMPLE,,,,,,,8,8,8,MISSING,MISSING,MISSING,Pre-target weekly player stats only.,,,,,No schedule game matched team/opponent.,,,,,,,,,,,,MISSING,MISSING,MISSING,LOW_RELIABILITY_DEFENSE_FIT: shrinkage applied to historical allowed stats.,"Context V1 uses pre-target weekly history, schedules.csv game lines where present, and shrinkage-adjusted defense allowed stats.",True,False,False,rushing,WATCH at 50.0. Main support: usage foundation: 66.7; data quality: 65.7. Main caution: role and availability context: 35.0; projection strength: 40.3.,,role and availability context: 35.0; projection strength: 40.3; missing signal count: 5,,weather not sourced; live role/injury gates not ready; defense fit limited; game environment limited,,missing signal count: 5,Research-only driver summary. Limitations: weather not sourced; live role/injury gates not ready; defense fit limited; game environment limited,RESEARCH_ONLY,current_v1,projection_heavy,49.98,WATCH,WATCHLIST,47.29,WATCH,WATCHLIST,-2.69,NO_TIER_CHANGE,NO_ACTION_CHANGE,NO_MEANINGFUL_CHANGE,RESEARCH_ONLY challenger preview; production signal boards remain current_v1.
2025,1,,J.Jefferson,DET,,RB,1.0665922798586351,11.448431014003807,17.096507109281248,2.241228361893683,,,,0.0,0.0,0.0,0.0,0.0,0.0,0.0,0.0,0.0,0.0,0.0,0.0,0.0,0.0,0.0,0.0,0.0,0.0,0.0,0.0,0.0,0.0,0.0,0.0,,,,,,,,,,,,,,MISSING,HIGH,MISSING,67,True,True,False,39.18,66.67,50.07,,,,35,55,65.7,49.49,WATCH,1,0,0,5,usage foundation: 66.7; data quality: 65.7,"Context V1: defense fit missing/low reliability for some players; game environment missing for some players; weather, route share, first-read share, and coverage are not sourced.",,NEEDS DATA,NEEDS DATA,NEEDS DATA,DATA_NEEDS_LIVE_CONTEXT,HISTORICAL TEST ONLY,NO-GO,WATCH at 49.5. Main support: usage foundation: 66.7; data quality: 65.7. Main caution: role and availability context: 35.0; projection strength: 39.2.,WATCHLIST,usage foundation: 66.7,data quality: 65.7,role and availability context: 35.0,projection strength: 39.2,Medium,ROUTE_PROXY_UNVALIDATED|LOW_CURRENT_SAMPLE|LOW_PLAYER_SAMPLE,Medium,ROUTE_PROXY_UNVALIDATED|LOW_CURRENT_SAMPLE|LOW_PLAYER_SAMPLE|LOW_YARDAGE_SAMPLE,Medium,ROUTE_PROXY_UNVALIDATED|LOW_CURRENT_SAMPLE|LOW_PLAYER_SAMPLE|LOW_RUSH_SAMPLE,Medium,ROUTE_PROXY_UNVALIDATED|LOW_CURRENT_SAMPLE|LOW_PLAYER_SAMPLE|LOW_RUSH_SAMPLE|LOW_CARRY_SAMPLE,,,,,,,8,8,8,MISSING,MISSING,MISSING,Pre-target weekly player stats only.,,,,,No schedule game matched team/opponent.,,,,,,,,,,,,MISSING,MISSING,MISSING,LOW_RELIABILITY_DEFENSE_FIT: shrinkage applied to historical allowed stats.,"Context V1 uses pre-target weekly history, schedules.csv game lines where present, and shrinkage-adjusted defense allowed stats.",True,False,False,rushing,WATCH at 49.5. Main support: usage foundation: 66.7; data quality: 65.7. Main caution: role and availability context: 35.0; projection strength: 39.2.,,role and availability context: 35.0; projection strength: 39.2; missing signal count: 5,,weather not sourced; live role/injury gates not ready; defense fit limited; game environment limited,,missing signal count: 5,Research-only driver summary. Limitations: weather not sourced; live role/injury gates not ready; defense fit limited; game environment limited,RESEARCH_ONLY,current_v1,projection_heavy,49.49,WATCH,WATCHLIST,46.63,WATCH,WATCHLIST,-2.86,NO_TIER_CHANGE,NO_ACTION_CHANGE,NO_MEANINGFUL_CHANGE,RESEARCH_ONLY challenger preview; production signal boards remain current_v1.
2025,1,,Z.Wilson,NYJ,MIA,QB,,,17.071856038372726,1.528373192102583,,,,0.0,0.0,0.0,0.0,0.0,0.0,0.0,0.0,0.0,0.0,0.0,0.0,0.0,0.0,0.0,0.0,0.0,0.0,0.0,0.0,0.0,0.0,0.0,0.0,,,,,,,,,,,,,,MISSING,HIGH,MISSING,67,False,True,False,38.81,66.67,50.07,,,,35,55,65.7,49.33,WATCH,1,0,0,5,usage foundation: 66.7; data quality: 65.7,"Context V1: defense fit missing/low reliability for some players; game environment missing for some players; weather, route share, first-read share, and coverage are not sourced.",,NEEDS DATA,NEEDS DATA,NEEDS DATA,DATA_NEEDS_LIVE_CONTEXT,HISTORICAL TEST ONLY,NO-GO,WATCH at 49.3. Main support: usage foundation: 66.7; data quality: 65.7. Main caution: role and availability context: 35.0; projection strength: 38.8.,WATCHLIST,usage foundation: 66.7,data quality: 65.7,role and availability context: 35.0,projection strength: 38.8,,,,,Medium,ROUTE_PROXY_UNVALIDATED|LOW_CURRENT_SAMPLE|LOW_PLAYER_SAMPLE,Medium,ROUTE_PROXY_UNVALIDATED|LOW_CURRENT_SAMPLE|LOW_PLAYER_SAMPLE,,,,,,,8,8,8,MISSING,MISSING,MISSING,Pre-target weekly player stats only.,,,,,No schedule game matched team/opponent.,,,,,,,,,,,,MISSING,MISSING,MISSING,LOW_RELIABILITY_DEFENSE_FIT: shrinkage applied to historical allowed stats.,"Context V1 uses pre-target weekly history, schedules.csv game lines where present, and shrinkage-adjusted defense allowed stats.",True,False,False,rushing,WATCH at 49.3. Main support: usage foundation: 66.7; data quality: 65.7. Main caution: role and availability context: 35.0; projection strength: 38.8.,,role and availability context: 35.0; projection strength: 38.8; missing signal count: 5,,weather not sourced; live role/injury gates not ready; defense fit limited; game environment limited,,missing signal count: 5,Research-only driver summary. Limitations: weather not sourced; live role/injury gates not ready; defense fit limited; game environment limited,RESEARCH_ONLY,current_v1,projection_heavy,49.33,WATCH,WATCHLIST,46.41,WATCH,WATCHLIST,-2.92,NO_TIER_CHANGE,NO_ACTION_CHANGE,NO_MEANINGFUL_CHANGE,RESEARCH_ONLY challenger preview; production signal boards remain current_v1.
2025,1,,H.Haskins,LAC,,RB,0.9867283317146636,14.047020808649442,13.025425043817464,2.0904793840005667,,,,0.0,0.0,0.0,0.0,0.0,0.0,0.0,0.0,0.0,0.0,0.0,0.0,0.0,0.0,0.0,0.0,0.0,0.0,0.0,0.0,0.0,0.0,0.0,0.0,,,,,,,,,,,,,,MISSING,HIGH,MISSING,67,True,True,False,38.69,66.67,50.07,,,,35,55,65.7,49.28,WATCH,1,0,0,5,usage foundation: 66.7; data quality: 65.7,"Context V1: defense fit missing/low reliability for some players; game environment missing for some players; weather, route share, first-read share, and coverage are not sourced.",,NEEDS DATA,NEEDS DATA,NEEDS DATA,DATA_NEEDS_LIVE_CONTEXT,HISTORICAL TEST ONLY,NO-GO,WATCH at 49.3. Main support: usage foundation: 66.7; data quality: 65.7. Main caution: role and availability context: 35.0; projection strength: 38.7.,WATCHLIST,usage foundation: 66.7,data quality: 65.7,role and availability context: 35.0,projection strength: 38.7,Medium,ROUTE_PROXY_UNVALIDATED|LOW_CURRENT_SAMPLE|LOW_PLAYER_SAMPLE,Medium,ROUTE_PROXY_UNVALIDATED|LOW_CURRENT_SAMPLE|LOW_PLAYER_SAMPLE|LOW_YARDAGE_SAMPLE,Medium,ROUTE_PROXY_UNVALIDATED|LOW_CURRENT_SAMPLE|LOW_PLAYER_SAMPLE,Medium,ROUTE_PROXY_UNVALIDATED|LOW_CURRENT_SAMPLE|LOW_PLAYER_SAMPLE,,,,,,,8,8,8,MISSING,MISSING,MISSING,Pre-target weekly player stats only.,,,,,No schedule game matched team/opponent.,,,,,,,,,,,,MISSING,MISSING,MISSING,LOW_RELIABILITY_DEFENSE_FIT: shrinkage applied to historical allowed stats.,"Context V1 uses pre-target weekly history, schedules.csv game lines where present, and shrinkage-adjusted defense allowed stats.",True,False,False,rushing,WATCH at 49.3. Main support: usage foundation: 66.7; data quality: 65.7. Main caution: role and availability context: 35.0; projection strength: 38.7.,,role and availability context: 35.0; projection strength: 38.7; missing signal count: 5,,weather not sourced; live role/injury gates not ready; defense fit limited; game environment limited,,missing signal count: 5,Research-only driver summary. Limitations: weather not sourced; live role/injury gates not ready; defense fit limited; game environment limited,RESEARCH_ONLY,current_v1,projection_heavy,49.28,WATCH,WATCHLIST,46.34,WATCH,WATCHLIST,-2.94,NO_TIER_CHANGE,NO_ACTION_CHANGE,NO_MEANINGFUL_CHANGE,RESEARCH_ONLY challenger preview; production signal boards remain current_v1.
2025,1,,W.Shipley,PHI,,RB,0.7892275899821595,7.711961197827609,16.844833055887484,2.2401730860150204,,,,0.0,0.0,0.0,0.0,0.0,0.0,0.0,0.0,0.0,0.0,0.0,0.0,0.0,0.0,0.0,0.0,0.0,0.0,0.0,0.0,0.0,0.0,0.0,0.0,,,,,,,,,,,,,,MISSING,HIGH,MISSING,67,True,True,False,38.52,66.67,50.07,,,,35,55,65.7,49.2,WATCH,1,0,0,5,usage foundation: 66.7; data quality: 65.7,"Context V1: defense fit missing/low reliability for some players; game environment missing for some players; weather, route share, first-read share, and coverage are not sourced.",,NEEDS DATA,NEEDS DATA,NEEDS DATA,DATA_NEEDS_LIVE_CONTEXT,HISTORICAL TEST ONLY,NO-GO,WATCH at 49.2. Main support: usage foundation: 66.7; data quality: 65.7. Main caution: role and availability context: 35.0; projection strength: 38.5.,WATCHLIST,usage foundation: 66.7,data quality: 65.7,role and availability context: 35.0,projection strength: 38.5,Medium,ROUTE_PROXY_UNVALIDATED|LOW_CURRENT_SAMPLE|LOW_PLAYER_SAMPLE,Medium,ROUTE_PROXY_UNVALIDATED|LOW_CURRENT_SAMPLE|LOW_PLAYER_SAMPLE|LOW_YARDAGE_SAMPLE,Medium,ROUTE_PROXY_UNVALIDATED|LOW_CURRENT_SAMPLE|LOW_PLAYER_SAMPLE,Medium,ROUTE_PROXY_UNVALIDATED|LOW_CURRENT_SAMPLE|LOW_PLAYER_SAMPLE,,,,,,,8,8,8,MISSING,MISSING,MISSING,Pre-target weekly player stats only.,,,,,No schedule game matched team/opponent.,,,,,,,,,,,,MISSING,MISSING,MISSING,LOW_RELIABILITY_DEFENSE_FIT: shrinkage applied to historical allowed stats.,"Context V1 uses pre-target weekly history, schedules.csv game lines where present, and shrinkage-adjusted defense allowed stats.",True,False,False,rushing,WATCH at 49.2. Main support: usage foundation: 66.7; data quality: 65.7. Main caution: role and availability context: 35.0; projection strength: 38.5.,,role and availability context: 35.0; projection strength: 38.5; missing signal count: 5,,weather not sourced; live role/injury gates not ready; defense fit limited; game environment limited,,missing signal count: 5,Research-only driver summary. Limitations: weather not sourced; live role/injury gates not ready; defense fit limited; game environment limited,RESEARCH_ONLY,current_v1,projection_heavy,49.2,WATCH,WATCHLIST,46.24,WATCH,WATCHLIST,-2.96,NO_TIER_CHANGE,NO_ACTION_CHANGE,NO_MEANINGFUL_CHANGE,RESEARCH_ONLY challenger preview; production signal boards remain current_v1.
2025,1,,C.Patterson,PIT,,RB,0.9845031687557972,7.797151842430453,16.87972063896478,1.9911814568550208,,,,0.0,0.0,0.0,0.0,0.0,0.0,0.0,0.0,0.0,0.0,0.0,0.0,0.0,0.0,0.0,0.0,0.0,0.0,0.0,0.0,0.0,0.0,0.0,0.0,,,,,,,,,,,,,,MISSING,HIGH,MISSING,67,True,True,False,38.43,66.67,50.07,,,,35,55,65.7,49.16,WATCH,1,0,0,5,usage foundation: 66.7; data quality: 65.7,"Context V1: defense fit missing/low reliability for some players; game environment missing for some players; weather, route share, first-read share, and coverage are not sourced.",,NEEDS DATA,NEEDS DATA,NEEDS DATA,DATA_NEEDS_LIVE_CONTEXT,HISTORICAL TEST ONLY,NO-GO,WATCH at 49.2. Main support: usage foundation: 66.7; data quality: 65.7. Main caution: role and availability context: 35.0; projection strength: 38.4.,WATCHLIST,usage foundation: 66.7,data quality: 65.7,role and availability context: 35.0,projection strength: 38.4,Medium,ROUTE_PROXY_UNVALIDATED|LOW_CURRENT_SAMPLE,Medium,ROUTE_PROXY_UNVALIDATED|LOW_CURRENT_SAMPLE,Medium,ROUTE_PROXY_UNVALIDATED|LOW_CURRENT_SAMPLE,Medium,ROUTE_PROXY_UNVALIDATED|LOW_CURRENT_SAMPLE,,,,,,,8,8,8,MISSING,MISSING,MISSING,Pre-target weekly player stats only.,,,,,No schedule game matched team/opponent.,,,,,,,,,,,,MISSING,MISSING,MISSING,LOW_RELIABILITY_DEFENSE_FIT: shrinkage applied to historical allowed stats.,"Context V1 uses pre-target weekly history, schedules.csv game lines where present, and shrinkage-adjusted defense allowed stats.",True,False,False,rushing,WATCH at 49.2. Main support: usage foundation: 66.7; data quality: 65.7. Main caution: role and availability context: 35.0; projection strength: 38.4.,,role and availability context: 35.0; projection strength: 38.4; missing signal count: 5,,weather not sourced; live role/injury gates not ready; defense fit limited; game environment limited,,missing signal count: 5,Research-only driver summary. Limitations: weather not sourced; live role/injury gates not ready; defense fit limited; game environment limited,RESEARCH_ONLY,current_v1,projection_heavy,49.16,WATCH,WATCHLIST,46.19,WATCH,WATCHLIST,-2.97,NO_TIER_CHANGE,NO_ACTION_CHANGE,NO_MEANINGFUL_CHANGE,RESEARCH_ONLY challenger preview; production signal boards remain current_v1.
2025,1,,M.Rudolph,TEN,HOU,QB,,,13.25721792853566,2.2059003261512,,,,0.0,0.0,0.0,0.0,0.0,0.0,0.0,0.0,0.0,0.0,0.0,0.0,0.0,0.0,0.0,0.0,0.0,0.0,0.0,0.0,0.0,0.0,0.0,0.0,,,,,,,,,,,,,,MISSING,HIGH,MISSING,67,False,True,False,37.7,66.67,50.07,,,,35,55,65.7,48.84,WATCH,1,0,0,5,usage foundation: 66.7; data quality: 65.7,"Context V1: defense fit missing/low reliability for some players; game environment missing for some players; weather, route share, first-read share, and coverage are not sourced.",,NEEDS DATA,NEEDS DATA,NEEDS DATA,DATA_NEEDS_LIVE_CONTEXT,HISTORICAL TEST ONLY,NO-GO,WATCH at 48.8. Main support: usage foundation: 66.7; data quality: 65.7. Main caution: role and availability context: 35.0; projection strength: 37.7.,WATCHLIST,usage foundation: 66.7,data quality: 65.7,role and availability context: 35.0,projection strength: 37.7,,,,,Medium,ROUTE_PROXY_UNVALIDATED|LOW_CURRENT_SAMPLE|LOW_PLAYER_SAMPLE,Medium,ROUTE_PROXY_UNVALIDATED|LOW_CURRENT_SAMPLE|LOW_PLAYER_SAMPLE,,,,,,,8,8,8,MISSING,MISSING,MISSING,Pre-target weekly player stats only.,,,,,No schedule game matched team/opponent.,,,,,,,,,,,,MISSING,MISSING,MISSING,LOW_RELIABILITY_DEFENSE_FIT: shrinkage applied to historical allowed stats.,"Context V1 uses pre-target weekly history, schedules.csv game lines where present, and shrinkage-adjusted defense allowed stats.",True,False,False,rushing,WATCH at 48.8. Main support: usage foundation: 66.7; data quality: 65.7. Main caution: role and availability context: 35.0; projection strength: 37.7.,,role and availability context: 35.0; projection strength: 37.7; missing signal count: 5,,weather not sourced; live role/injury gates not ready; defense fit limited; game environment limited,,missing signal count: 5,Research-only driver summary. Limitations: weather not sourced; live role/injury gates not ready; defense fit limited; game environment limited,RESEARCH_ONLY,current_v1,projection_heavy,48.84,WATCH,WATCHLIST,45.76,WATCH,WATCHLIST,-3.08,NO_TIER_CHANGE,NO_ACTION_CHANGE,NO_MEANINGFUL_CHANGE,RESEARCH_ONLY challenger preview; production signal boards remain current_v1.
2025,1,,P.Strong,CLE,,RB,1.2331325067358068,10.946882322211708,16.6729147774845,1.3889894539780552,,,,0.0,0.0,0.0,0.0,0.0,0.0,0.0,0.0,0.0,0.0,0.0,0.0,0.0,0.0,0.0,0.0,0.0,0.0,0.0,0.0,0.0,0.0,0.0,0.0,,,,,,,,,,,,,,MISSING,HIGH,MISSING,67,True,True,False,37.69,66.67,50.07,,,,35,55,65.7,48.84,WATCH,1,0,0,5,usage foundation: 66.7; data quality: 65.7,"Context V1: defense fit missing/low reliability for some players; game environment missing for some players; weather, route share, first-read share, and coverage are not sourced.",,NEEDS DATA,NEEDS DATA,NEEDS DATA,DATA_NEEDS_LIVE_CONTEXT,HISTORICAL TEST ONLY,NO-GO,WATCH at 48.8. Main support: usage foundation: 66.7; data quality: 65.7. Main caution: role and availability context: 35.0; projection strength: 37.7.,WATCHLIST,usage foundation: 66.7,data quality: 65.7,role and availability context: 35.0,projection strength: 37.7,Medium,ROUTE_PROXY_UNVALIDATED|LOW_CURRENT_SAMPLE,Medium,ROUTE_PROXY_UNVALIDATED|LOW_CURRENT_SAMPLE,Medium,ROUTE_PROXY_UNVALIDATED|LOW_CURRENT_SAMPLE,Medium,ROUTE_PROXY_UNVALIDATED|LOW_CURRENT_SAMPLE,,,,,,,8,8,8,MISSING,MISSING,MISSING,Pre-target weekly player stats only.,,,,,No schedule game matched team/opponent.,,,,,,,,,,,,MISSING,MISSING,MISSING,LOW_RELIABILITY_DEFENSE_FIT: shrinkage applied to historical allowed stats.,"Context V1 uses pre-target weekly history, schedules.csv game lines where present, and shrinkage-adjusted defense allowed stats.",True,False,False,rushing,WATCH at 48.8. Main support: usage foundation: 66.7; data quality: 65.7. Main caution: role and availability context: 35.0; projection strength: 37.7.,,role and availability context: 35.0; projection strength: 37.7; missing signal count: 5,,weather not sourced; live role/injury gates not ready; defense fit limited; game environment limited,,missing signal count: 5,Research-only driver summary. Limitations: weather not sourced; live role/injury gates not ready; defense fit limited; game environment limited,RESEARCH_ONLY,current_v1,projection_heavy,48.84,WATCH,WATCHLIST,45.75,WATCH,WATCHLIST,-3.09,NO_TIER_CHANGE,NO_ACTION_CHANGE,NO_MEANINGFUL_CHANGE,RESEARCH_ONLY challenger preview; production signal boards remain current_v1.
2025,1,,M.Gaskin,MIN,,RB,1.1900988785516635,13.690124624926204,3.802243569175823,1.5319981082489225,,,,0.0,0.0,0.0,0.0,0.0,0.0,0.0,0.0,0.0,0.0,0.0,0.0,0.0,0.0,0.0,0.0,0.0,0.0,0.0,0.0,0.0,0.0,0.0,0.0,,,,,,,,,,,,,,MISSING,HIGH,MISSING,67,True,True,False,37.54,66.67,50.07,,,,35,55,65.7,48.77,WATCH,1,0,0,5,usage foundation: 66.7; data quality: 65.7,"Context V1: defense fit missing/low reliability for some players; game environment missing for some players; weather, route share, first-read share, and coverage are not sourced.",,NEEDS DATA,NEEDS DATA,NEEDS DATA,DATA_NEEDS_LIVE_CONTEXT,HISTORICAL TEST ONLY,NO-GO,WATCH at 48.8. Main support: usage foundation: 66.7; data quality: 65.7. Main caution: role and availability context: 35.0; projection strength: 37.5.,WATCHLIST,usage foundation: 66.7,data quality: 65.7,role and availability context: 35.0,projection strength: 37.5,Medium,ROUTE_PROXY_UNVALIDATED|LOW_CURRENT_SAMPLE|LOW_PLAYER_SAMPLE,Medium,ROUTE_PROXY_UNVALIDATED|LOW_CURRENT_SAMPLE|LOW_PLAYER_SAMPLE|LOW_YARDAGE_SAMPLE,Medium,ROUTE_PROXY_UNVALIDATED|LOW_CURRENT_SAMPLE|LOW_PLAYER_SAMPLE|LOW_RUSH_SAMPLE,Medium,ROUTE_PROXY_UNVALIDATED|LOW_CURRENT_SAMPLE|LOW_PLAYER_SAMPLE|LOW_RUSH_SAMPLE|LOW_CARRY_SAMPLE,,,,,,,8,8,8,MISSING,MISSING,MISSING,Pre-target weekly player stats only.,,,,,No schedule game matched team/opponent.,,,,,,,,,,,,MISSING,MISSING,MISSING,LOW_RELIABILITY_DEFENSE_FIT: shrinkage applied to historical allowed stats.,"Context V1 uses pre-target weekly history, schedules.csv game lines where present, and shrinkage-adjusted defense allowed stats.",True,False,False,rushing,WATCH at 48.8. Main support: usage foundation: 66.7; data quality: 65.7. Main caution: role and availability context: 35.0; projection strength: 37.5.,,role and availability context: 35.0; projection strength: 37.5; missing signal count: 5,,weather not sourced; live role/injury gates not ready; defense fit limited; game environment limited,,missing signal count: 5,Research-only driver summary. Limitations: weather not sourced; live role/injury gates not ready; defense fit limited; game environment limited,RESEARCH_ONLY,current_v1,projection_heavy,48.77,WATCH,WATCHLIST,45.66,WATCH,WATCHLIST,-3.11,NO_TIER_CHANGE,NO_ACTION_CHANGE,NO_MEANINGFUL_CHANGE,RESEARCH_ONLY challenger preview; production signal boards remain current_v1.
2025,1,,R.Tannehill,TEN,JAX,QB,,,13.931058046430133,2.170674349219996,,,,0.0,0.0,0.0,0.0,0.0,0.0,0.0,0.0,0.0,0.0,0.0,0.0,0.0,0.0,0.0,0.0,0.0,0.0,0.0,0.0,0.0,0.0,0.0,0.0,,,,,,,,,,,,,,MISSING,HIGH,MISSING,67,False,True,False,37.3,66.67,50.07,,,,35,55,65.7,48.67,WATCH,1,0,0,5,usage foundation: 66.7; data quality: 65.7,"Context V1: defense fit missing/low reliability for some players; game environment missing for some players; weather, route share, first-read share, and coverage are not sourced.",,NEEDS DATA,NEEDS DATA,NEEDS DATA,DATA_NEEDS_LIVE_CONTEXT,HISTORICAL TEST ONLY,NO-GO,WATCH at 48.7. Main support: usage foundation: 66.7; data quality: 65.7. Main caution: role and availability context: 35.0; projection strength: 37.3.,WATCHLIST,usage foundation: 66.7,data quality: 65.7,role and availability context: 35.0,projection strength: 37.3,,,,,Medium,ROUTE_PROXY_UNVALIDATED|LOW_CURRENT_SAMPLE|LOW_PLAYER_SAMPLE|LOW_RUSH_SAMPLE,Medium,ROUTE_PROXY_UNVALIDATED|LOW_CURRENT_SAMPLE|LOW_PLAYER_SAMPLE|LOW_RUSH_SAMPLE|LOW_CARRY_SAMPLE,,,,,,,8,8,8,MISSING,MISSING,MISSING,Pre-target weekly player stats only.,,,,,No schedule game matched team/opponent.,,,,,,,,,,,,MISSING,MISSING,MISSING,LOW_RELIABILITY_DEFENSE_FIT: shrinkage applied to historical allowed stats.,"Context V1 uses pre-target weekly history, schedules.csv game lines where present, and shrinkage-adjusted defense allowed stats.",True,False,False,rushing,WATCH at 48.7. Main support: usage foundation: 66.7; data quality: 65.7. Main caution: role and availability context: 35.0; projection strength: 37.3.,,role and availability context: 35.0; projection strength: 37.3; missing signal count: 5,,weather not sourced; live role/injury gates not ready; defense fit limited; game environment limited,,missing signal count: 5,Research-only driver summary. Limitations: weather not sourced; live role/injury gates not ready; defense fit limited; game environment limited,RESEARCH_ONLY,current_v1,projection_heavy,48.67,WATCH,WATCHLIST,45.52,WATCH,WATCHLIST,-3.15,NO_TIER_CHANGE,NO_ACTION_CHANGE,NO_MEANINGFUL_CHANGE,RESEARCH_ONLY challenger preview; production signal boards remain current_v1.
2025,1,,J.Wilson,MIA,,RB,1.0099475227316348,7.936973393094118,16.473298508811226,2.159357193674805,,,,0.0,0.0,0.0,0.0,0.0,0.0,0.0,0.0,0.0,0.0,0.0,0.0,0.0,0.0,0.0,0.0,0.0,0.0,0.0,0.0,0.0,0.0,0.0,0.0,,,,,,,,,,,,,,MISSING,HIGH,MISSING,67,True,True,False,36.94,66.67,50.07,,,,35,55,65.7,48.51,WATCH,1,0,0,5,usage foundation: 66.7; data quality: 65.7,"Context V1: defense fit missing/low reliability for some players; game environment missing for some players; weather, route share, first-read share, and coverage are not sourced.",,NEEDS DATA,NEEDS DATA,NEEDS DATA,DATA_NEEDS_LIVE_CONTEXT,HISTORICAL TEST ONLY,NO-GO,WATCH at 48.5. Main support: usage foundation: 66.7; data quality: 65.7. Main caution: role and availability context: 35.0; projection strength: 36.9.,WATCHLIST,usage foundation: 66.7,data quality: 65.7,role and availability context: 35.0,projection strength: 36.9,Medium,ROUTE_PROXY_UNVALIDATED|LOW_CURRENT_SAMPLE,Medium,ROUTE_PROXY_UNVALIDATED|LOW_CURRENT_SAMPLE,Medium,ROUTE_PROXY_UNVALIDATED|LOW_CURRENT_SAMPLE,Medium,ROUTE_PROXY_UNVALIDATED|LOW_CURRENT_SAMPLE,,,,,,,8,8,8,MISSING,MISSING,MISSING,Pre-target weekly player stats only.,,,,,No schedule game matched team/opponent.,,,,,,,,,,,,MISSING,MISSING,MISSING,LOW_RELIABILITY_DEFENSE_FIT: shrinkage applied to historical allowed stats.,"Context V1 uses pre-target weekly history, schedules.csv game lines where present, and shrinkage-adjusted defense allowed stats.",True,False,False,rushing,WATCH at 48.5. Main support: usage foundation: 66.7; data quality: 65.7. Main caution: role and availability context: 35.0; projection strength: 36.9.,,role and availability context: 35.0; projection strength: 36.9; missing signal count: 5,,weather not sourced; live role/injury gates not ready; defense fit limited; game environment limited,,missing signal count: 5,Research-only driver summary. Limitations: weather not sourced; live role/injury gates not ready; defense fit limited; game environment limited,RESEARCH_ONLY,current_v1,projection_heavy,48.51,WATCH,WATCHLIST,45.31,WATCH,WATCHLIST,-3.2,NO_TIER_CHANGE,NO_ACTION_CHANGE,NO_MEANINGFUL_CHANGE,RESEARCH_ONLY challenger preview; production signal boards remain current_v1.
2025,1,,C.Stroud,HOU,KC,QB,,,16.362330570537495,2.1448493175932333,12.761374119982774,9.164585799462245,,0.0,0.0,0.0,0.0,0.0,0.0,0.0,0.0,0.0,0.0,0.0,0.0,0.0,0.0,0.0,0.0,0.0,0.0,0.0,0.0,0.0,0.0,0.0,0.0,,,,,,,,,,,,,,MISSING,HIGH,MISSING,67,False,True,True,36.57,66.67,50.07,,,,35,55,65.7,48.35,WATCH,1,0,0,5,usage foundation: 66.7; data quality: 65.7,"Context V1: defense fit missing/low reliability for some players; game environment missing for some players; weather, route share, first-read share, and coverage are not sourced.",,NEEDS DATA,NEEDS DATA,NEEDS DATA,DATA_NEEDS_LIVE_CONTEXT,HISTORICAL TEST ONLY,NO-GO,WATCH at 48.4. Main support: usage foundation: 66.7; data quality: 65.7. Main caution: role and availability context: 35.0; projection strength: 36.6.,WATCHLIST,usage foundation: 66.7,data quality: 65.7,role and availability context: 35.0,projection strength: 36.6,,,,,Medium,ROUTE_PROXY_UNVALIDATED|LOW_CURRENT_SAMPLE|LOW_PLAYER_SAMPLE,Medium,ROUTE_PROXY_UNVALIDATED|LOW_CURRENT_SAMPLE|LOW_PLAYER_SAMPLE,Medium,ROUTE_PROXY_UNVALIDATED|LOW_CURRENT_SAMPLE|LOW_PLAYER_SAMPLE,Medium,ROUTE_PROXY_UNVALIDATED|LOW_CURRENT_SAMPLE|LOW_PLAYER_SAMPLE,,,8,8,8,MISSING,MISSING,MISSING,Pre-target weekly player stats only.,,,,,No schedule game matched team/opponent.,,,,,,,,,,,,MISSING,MISSING,MISSING,LOW_RELIABILITY_DEFENSE_FIT: shrinkage applied to historical allowed stats.,"Context V1 uses pre-target weekly history, schedules.csv game lines where present, and shrinkage-adjusted defense allowed stats.",True,False,False,rushing,WATCH at 48.4. Main support: usage foundation: 66.7; data quality: 65.7. Main caution: role and availability context: 35.0; projection strength: 36.6.,,role and availability context: 35.0; projection strength: 36.6; missing signal count: 5,,weather not sourced; live role/injury gates not ready; defense fit limited; game environment limited,,missing signal count: 5,Research-only driver summary. Limitations: weather not sourced; live role/injury gates not ready; defense fit limited; game environment limited,RESEARCH_ONLY,current_v1,projection_heavy,48.35,WATCH,WATCHLIST,45.09,WATCH,WATCHLIST,-3.26,NO_TIER_CHANGE,NO_ACTION_CHANGE,NO_MEANINGFUL_CHANGE,RESEARCH_ONLY challenger preview; production signal boards remain current_v1.
2025,1,,B.Rypien,LA,GB,QB,,,15.01278957691241,1.0641468302467862,,,,0.0,0.0,0.0,0.0,0.0,0.0,0.0,0.0,0.0,0.0,0.0,0.0,0.0,0.0,0.0,0.0,0.0,0.0,0.0,0.0,0.0,0.0,0.0,0.0,,,,,,,,,,,,,,MISSING,HIGH,MISSING,67,False,True,False,35.45,66.67,50.07,,,,35,55,65.7,47.86,WATCH,1,0,0,5,usage foundation: 66.7; data quality: 65.7,"Context V1: defense fit missing/low reliability for some players; game environment missing for some players; weather, route share, first-read share, and coverage are not sourced.",,NEEDS DATA,NEEDS DATA,NEEDS DATA,DATA_NEEDS_LIVE_CONTEXT,HISTORICAL TEST ONLY,NO-GO,WATCH at 47.9. Main support: usage foundation: 66.7; data quality: 65.7. Main caution: role and availability context: 35.0; projection strength: 35.5.,WATCHLIST,usage foundation: 66.7,data quality: 65.7,role and availability context: 35.0,projection strength: 35.5,,,,,Medium,ROUTE_PROXY_UNVALIDATED|LOW_CURRENT_SAMPLE|LOW_PLAYER_SAMPLE|LOW_RUSH_SAMPLE,Medium,ROUTE_PROXY_UNVALIDATED|LOW_CURRENT_SAMPLE|LOW_PLAYER_SAMPLE|LOW_RUSH_SAMPLE|LOW_CARRY_SAMPLE,,,,,,,8,8,8,MISSING,MISSING,MISSING,Pre-target weekly player stats only.,,,,,No schedule game matched team/opponent.,,,,,,,,,,,,MISSING,MISSING,MISSING,LOW_RELIABILITY_DEFENSE_FIT: shrinkage applied to historical allowed stats.,"Context V1 uses pre-target weekly history, schedules.csv game lines where present, and shrinkage-adjusted defense allowed stats.",True,False,False,rushing,WATCH at 47.9. Main support: usage foundation: 66.7; data quality: 65.7. Main caution: role and availability context: 35.0; projection strength: 35.5.,,role and availability context: 35.0; projection strength: 35.5; missing signal count: 5,,weather not sourced; live role/injury gates not ready; defense fit limited; game environment limited,,missing signal count: 5,Research-only driver summary. Limitations: weather not sourced; live role/injury gates not ready; defense fit limited; game environment limited,RESEARCH_ONLY,current_v1,projection_heavy,47.86,WATCH,WATCHLIST,44.43,WATCH,WATCHLIST,-3.43,NO_TIER_CHANGE,NO_ACTION_CHANGE,NO_MEANINGFUL_CHANGE,RESEARCH_ONLY challenger preview; production signal boards remain current_v1.
2025,1,,J.Love,GB,PHI,QB,,,9.339218474291508,1.1015534279375825,12.973667516081331,9.278482773455758,,0.0,0.0,0.0,0.0,0.0,0.0,0.0,0.0,0.0,0.0,0.0,0.0,0.0,0.0,0.0,0.0,0.0,0.0,0.0,0.0,0.0,0.0,0.0,0.0,,,,,,,,,,,,,,MISSING,HIGH,MISSING,67,False,True,True,35.14,66.67,50.07,,,,35,55,65.7,47.72,WATCH,1,0,0,5,usage foundation: 66.7; data quality: 65.7,"Context V1: defense fit missing/low reliability for some players; game environment missing for some players; weather, route share, first-read share, and coverage are not sourced.",,NEEDS DATA,NEEDS DATA,NEEDS DATA,DATA_NEEDS_LIVE_CONTEXT,HISTORICAL TEST ONLY,NO-GO,WATCH at 47.7. Main support: usage foundation: 66.7; data quality: 65.7. Main caution: role and availability context: 35.0; projection strength: 35.1.,WATCHLIST,usage foundation: 66.7,data quality: 65.7,role and availability context: 35.0,projection strength: 35.1,,,,,Medium,ROUTE_PROXY_UNVALIDATED|LOW_CURRENT_SAMPLE|LOW_PLAYER_SAMPLE,Medium,ROUTE_PROXY_UNVALIDATED|LOW_CURRENT_SAMPLE|LOW_PLAYER_SAMPLE,Medium,ROUTE_PROXY_UNVALIDATED|LOW_CURRENT_SAMPLE|LOW_PLAYER_SAMPLE,Medium,ROUTE_PROXY_UNVALIDATED|LOW_CURRENT_SAMPLE|LOW_PLAYER_SAMPLE,,,8,8,8,MISSING,MISSING,MISSING,Pre-target weekly player stats only.,,,,,No schedule game matched team/opponent.,,,,,,,,,,,,MISSING,MISSING,MISSING,LOW_RELIABILITY_DEFENSE_FIT: shrinkage applied to historical allowed stats.,"Context V1 uses pre-target weekly history, schedules.csv game lines where present, and shrinkage-adjusted defense allowed stats.",True,False,False,rushing,WATCH at 47.7. Main support: usage foundation: 66.7; data quality: 65.7. Main caution: role and availability context: 35.0; projection strength: 35.1.,,role and availability context: 35.0; projection strength: 35.1; missing signal count: 5,,weather not sourced; live role/injury gates not ready; defense fit limited; game environment limited,,missing signal count: 5,Research-only driver summary. Limitations: weather not sourced; live role/injury gates not ready; defense fit limited; game environment limited,RESEARCH_ONLY,current_v1,projection_heavy,47.72,WATCH,WATCHLIST,44.25,WATCH,WATCHLIST,-3.47,NO_TIER_CHANGE,NO_ACTION_CHANGE,NO_MEANINGFUL_CHANGE,RESEARCH_ONLY challenger preview; production signal boards remain current_v1.
2025,1,,S.Vaki,DET,,RB,1.0665922798586351,13.363990130814663,7.43398890810408,1.3003127195844009,,,,0.0,0.0,0.0,0.0,0.0,0.0,0.0,0.0,0.0,0.0,0.0,0.0,0.0,0.0,0.0,0.0,0.0,0.0,0.0,0.0,0.0,0.0,0.0,0.0,,,,,,,,,,,,,,MISSING,HIGH,MISSING,67,True,True,False,34.59,66.67,50.07,,,,35,55,65.7,47.48,WATCH,1,0,0,5,usage foundation: 66.7; data quality: 65.7,"Context V1: defense fit missing/low reliability for some players; game environment missing for some players; weather, route share, first-read share, and coverage are not sourced.",,NEEDS DATA,NEEDS DATA,NEEDS DATA,DATA_NEEDS_LIVE_CONTEXT,HISTORICAL TEST ONLY,NO-GO,WATCH at 47.5. Main support: usage foundation: 66.7; data quality: 65.7. Main caution: projection strength: 34.6; role and availability context: 35.0.,WATCHLIST,usage foundation: 66.7,data quality: 65.7,projection strength: 34.6,role and availability context: 35.0,Medium,ROUTE_PROXY_UNVALIDATED|LOW_CURRENT_SAMPLE|LOW_PLAYER_SAMPLE,Medium,ROUTE_PROXY_UNVALIDATED|LOW_CURRENT_SAMPLE|LOW_PLAYER_SAMPLE|LOW_YARDAGE_SAMPLE,Medium,ROUTE_PROXY_UNVALIDATED|LOW_CURRENT_SAMPLE|LOW_PLAYER_SAMPLE|LOW_RUSH_SAMPLE,Medium,ROUTE_PROXY_UNVALIDATED|LOW_CURRENT_SAMPLE|LOW_PLAYER_SAMPLE|LOW_RUSH_SAMPLE|LOW_CARRY_SAMPLE,,,,,,,8,8,8,MISSING,MISSING,MISSING,Pre-target weekly player stats only.,,,,,No schedule game matched team/opponent.,,,,,,,,,,,,MISSING,MISSING,MISSING,LOW_RELIABILITY_DEFENSE_FIT: shrinkage applied to historical allowed stats.,"Context V1 uses pre-target weekly history, schedules.csv game lines where present, and shrinkage-adjusted defense allowed stats.",True,False,False,rushing,WATCH at 47.5. Main support: usage foundation: 66.7; data quality: 65.7. Main caution: projection strength: 34.6; role and availability context: 35.0.,,projection strength: 34.6; role and availability context: 35.0; missing signal count: 5,,weather not sourced; live role/injury gates not ready; defense fit limited; game environment limited,,missing signal count: 5,Research-only driver summary. Limitations: weather not sourced; live role/injury gates not ready; defense fit limited; game environment limited,RESEARCH_ONLY,current_v1,projection_heavy,47.48,WATCH,WATCHLIST,43.93,WATCH,WATCHLIST,-3.55,NO_TIER_CHANGE,NO_ACTION_CHANGE,NO_MEANINGFUL_CHANGE,RESEARCH_ONLY challenger preview; production signal boards remain current_v1.
2025,1,,M.Boone,CAR,,RB,0.6582554438932624,,14.788460833498208,2.0941031712211866,,,,0.0,0.0,0.0,0.0,0.0,0.0,0.0,0.0,0.0,0.0,0.0,0.0,0.0,0.0,0.0,0.0,0.0,0.0,0.0,0.0,0.0,0.0,0.0,0.0,,,,,,,,,,,,,,MISSING,HIGH,MISSING,67,True,True,False,34.43,66.67,50.07,,,,35,55,65.7,47.41,WATCH,1,0,0,5,usage foundation: 66.7; data quality: 65.7,"Context V1: defense fit missing/low reliability for some players; game environment missing for some players; weather, route share, first-read share, and coverage are not sourced.",,NEEDS DATA,NEEDS DATA,NEEDS DATA,DATA_NEEDS_LIVE_CONTEXT,HISTORICAL TEST ONLY,NO-GO,WATCH at 47.4. Main support: usage foundation: 66.7; data quality: 65.7. Main caution: projection strength: 34.4; role and availability context: 35.0.,WATCHLIST,usage foundation: 66.7,data quality: 65.7,projection strength: 34.4,role and availability context: 35.0,Medium,ROUTE_PROXY_UNVALIDATED|LOW_CURRENT_SAMPLE,,,Medium,ROUTE_PROXY_UNVALIDATED|LOW_CURRENT_SAMPLE|LOW_RUSH_SAMPLE,Medium,ROUTE_PROXY_UNVALIDATED|LOW_CURRENT_SAMPLE|LOW_RUSH_SAMPLE|LOW_CARRY_SAMPLE,,,,,,,8,8,8,MISSING,MISSING,MISSING,Pre-target weekly player stats only.,,,,,No schedule game matched team/opponent.,,,,,,,,,,,,MISSING,MISSING,MISSING,LOW_RELIABILITY_DEFENSE_FIT: shrinkage applied to historical allowed stats.,"Context V1 uses pre-target weekly history, schedules.csv game lines where present, and shrinkage-adjusted defense allowed stats.",True,False,False,rushing,WATCH at 47.4. Main support: usage foundation: 66.7; data quality: 65.7. Main caution: projection strength: 34.4; role and availability context: 35.0.,,projection strength: 34.4; role and availability context: 35.0; missing signal count: 5,,weather not sourced; live role/injury gates not ready; defense fit limited; game environment limited,,missing signal count: 5,Research-only driver summary. Limitations: weather not sourced; live role/injury gates not ready; defense fit limited; game environment limited,RESEARCH_ONLY,current_v1,projection_heavy,47.41,WATCH,WATCHLIST,43.83,WATCH,WATCHLIST,-3.58,NO_TIER_CHANGE,NO_ACTION_CHANGE,NO_MEANINGFUL_CHANGE,RESEARCH_ONLY challenger preview; production signal boards remain current_v1.
2025,1,,D.Ogunbowale,HOU,,RB,1.008681049982984,10.7626962714066,13.169481011060968,2.058076986235672,,,,0.0,0.0,0.0,0.0,0.0,0.0,0.0,0.0,0.0,0.0,0.0,0.0,0.0,0.0,0.0,0.0,0.0,0.0,0.0,0.0,0.0,0.0,0.0,0.0,,,,,,,,,,,,,,MISSING,HIGH,MISSING,67,True,True,False,33.2,66.67,50.07,,,,35,55,65.7,46.87,WATCH,1,0,0,5,usage foundation: 66.7; data quality: 65.7,"Context V1: defense fit missing/low reliability for some players; game environment missing for some players; weather, route share, first-read share, and coverage are not sourced.",,NEEDS DATA,NEEDS DATA,NEEDS DATA,DATA_NEEDS_LIVE_CONTEXT,HISTORICAL TEST ONLY,NO-GO,WATCH at 46.9. Main support: usage foundation: 66.7; data quality: 65.7. Main caution: projection strength: 33.2; role and availability context: 35.0.,WATCHLIST,usage foundation: 66.7,data quality: 65.7,projection strength: 33.2,role and availability context: 35.0,Medium,ROUTE_PROXY_UNVALIDATED|LOW_CURRENT_SAMPLE,Medium,ROUTE_PROXY_UNVALIDATED|LOW_CURRENT_SAMPLE,Medium,ROUTE_PROXY_UNVALIDATED|LOW_CURRENT_SAMPLE,Medium,ROUTE_PROXY_UNVALIDATED|LOW_CURRENT_SAMPLE,,,,,,,8,8,8,MISSING,MISSING,MISSING,Pre-target weekly player stats only.,,,,,No schedule game matched team/opponent.,,,,,,,,,,,,MISSING,MISSING,MISSING,LOW_RELIABILITY_DEFENSE_FIT: shrinkage applied to historical allowed stats.,"Context V1 uses pre-target weekly history, schedules.csv game lines where present, and shrinkage-adjusted defense allowed stats.",True,False,False,rushing,WATCH at 46.9. Main support: usage foundation: 66.7; data quality: 65.7. Main caution: projection strength: 33.2; role and availability context: 35.0.,,projection strength: 33.2; role and availability context: 35.0; missing signal count: 5,,weather not sourced; live role/injury gates not ready; defense fit limited; game environment limited,,missing signal count: 5,Research-only driver summary. Limitations: weather not sourced; live role/injury gates not ready; defense fit limited; game environment limited,RESEARCH_ONLY,current_v1,projection_heavy,46.87,WATCH,WATCHLIST,43.11,WATCH,WATCHLIST,-3.76,NO_TIER_CHANGE,NO_ACTION_CHANGE,NO_MEANINGFUL_CHANGE,RESEARCH_ONLY challenger preview; production signal boards remain current_v1.
2025,1,,T.Siemian,NYJ,NE,QB,,,13.699084573303372,1.4378639600415617,,,,0.0,0.0,0.0,0.0,0.0,0.0,0.0,0.0,0.0,0.0,0.0,0.0,0.0,0.0,0.0,0.0,0.0,0.0,0.0,0.0,0.0,0.0,0.0,0.0,,,,,,,,,,,,,,MISSING,HIGH,MISSING,67,False,True,False,32.09,66.67,50.07,,,,35,55,65.7,46.39,WATCH,1,0,0,5,usage foundation: 66.7; data quality: 65.7,"Context V1: defense fit missing/low reliability for some players; game environment missing for some players; weather, route share, first-read share, and coverage are not sourced.",,NEEDS DATA,NEEDS DATA,NEEDS DATA,DATA_NEEDS_LIVE_CONTEXT,HISTORICAL TEST ONLY,NO-GO,WATCH at 46.4. Main support: usage foundation: 66.7; data quality: 65.7. Main caution: projection strength: 32.1; role and availability context: 35.0.,WATCHLIST,usage foundation: 66.7,data quality: 65.7,projection strength: 32.1,role and availability context: 35.0,,,,,Medium,ROUTE_PROXY_UNVALIDATED|LOW_CURRENT_SAMPLE|LOW_PLAYER_SAMPLE|LOW_RUSH_SAMPLE,Medium,ROUTE_PROXY_UNVALIDATED|LOW_CURRENT_SAMPLE|LOW_PLAYER_SAMPLE|LOW_RUSH_SAMPLE|LOW_CARRY_SAMPLE,,,,,,,8,8,8,MISSING,MISSING,MISSING,Pre-target weekly player stats only.,,,,,No schedule game matched team/opponent.,,,,,,,,,,,,MISSING,MISSING,MISSING,LOW_RELIABILITY_DEFENSE_FIT: shrinkage applied to historical allowed stats.,"Context V1 uses pre-target weekly history, schedules.csv game lines where present, and shrinkage-adjusted defense allowed stats.",True,False,False,rushing,WATCH at 46.4. Main support: usage foundation: 66.7; data quality: 65.7. Main caution: projection strength: 32.1; role and availability context: 35.0.,,projection strength: 32.1; role and availability context: 35.0; missing signal count: 5,,weather not sourced; live role/injury gates not ready; defense fit limited; game environment limited,,missing signal count: 5,Research-only driver summary. Limitations: weather not sourced; live role/injury gates not ready; defense fit limited; game environment limited,RESEARCH_ONLY,current_v1,projection_heavy,46.39,WATCH,WATCHLIST,42.46,WATCH,WATCHLIST,-3.93,NO_TIER_CHANGE,NO_ACTION_CHANGE,NO_MEANINGFUL_CHANGE,RESEARCH_ONLY challenger preview; production signal boards remain current_v1.
2025,1,,H.Luepke,DAL,,RB,0.8090775578755778,8.092749362680726,9.19345898028048,2.0160150385889133,,,,0.0,0.0,0.0,0.0,0.0,0.0,0.0,0.0,0.0,0.0,0.0,0.0,0.0,0.0,0.0,0.0,0.0,0.0,0.0,0.0,0.0,0.0,0.0,0.0,,,,,,,,,,,,,,MISSING,HIGH,MISSING,67,True,True,False,31.97,66.67,50.07,,,,35,55,65.7,46.34,WATCH,1,0,0,5,usage foundation: 66.7; data quality: 65.7,"Context V1: defense fit missing/low reliability for some players; game environment missing for some players; weather, route share, first-read share, and coverage are not sourced.",,NEEDS DATA,NEEDS DATA,NEEDS DATA,DATA_NEEDS_LIVE_CONTEXT,HISTORICAL TEST ONLY,NO-GO,WATCH at 46.3. Main support: usage foundation: 66.7; data quality: 65.7. Main caution: projection strength: 32.0; role and availability context: 35.0.,WATCHLIST,usage foundation: 66.7,data quality: 65.7,projection strength: 32.0,role and availability context: 35.0,Medium,ROUTE_PROXY_UNVALIDATED|LOW_CURRENT_SAMPLE,Medium,ROUTE_PROXY_UNVALIDATED|LOW_CURRENT_SAMPLE,Medium,ROUTE_PROXY_UNVALIDATED|LOW_CURRENT_SAMPLE|LOW_RUSH_SAMPLE,Medium,ROUTE_PROXY_UNVALIDATED|LOW_CURRENT_SAMPLE|LOW_RUSH_SAMPLE|LOW_CARRY_SAMPLE,,,,,,,8,8,8,MISSING,MISSING,MISSING,Pre-target weekly player stats only.,,,,,No schedule game matched team/opponent.,,,,,,,,,,,,MISSING,MISSING,MISSING,LOW_RELIABILITY_DEFENSE_FIT: shrinkage applied to historical allowed stats.,"Context V1 uses pre-target weekly history, schedules.csv game lines where present, and shrinkage-adjusted defense allowed stats.",True,False,False,rushing,WATCH at 46.3. Main support: usage foundation: 66.7; data quality: 65.7. Main caution: projection strength: 32.0; role and availability context: 35.0.,,projection strength: 32.0; role and availability context: 35.0; missing signal count: 5,,weather not sourced; live role/injury gates not ready; defense fit limited; game environment limited,,missing signal count: 5,Research-only driver summary. Limitations: weather not sourced; live role/injury gates not ready; defense fit limited; game environment limited,RESEARCH_ONLY,current_v1,projection_heavy,46.34,WATCH,WATCHLIST,42.39,WATCH,WATCHLIST,-3.95,NO_TIER_CHANGE,NO_ACTION_CHANGE,NO_MEANINGFUL_CHANGE,RESEARCH_ONLY challenger preview; production signal boards remain current_v1.
2025,1,,S.Perine,KC,,RB,0.8296394550123695,9.661986806160536,13.649020723219246,,,,,0.0,0.0,0.0,0.0,0.0,0.0,0.0,0.0,0.0,0.0,0.0,0.0,0.0,0.0,0.0,0.0,0.0,0.0,0.0,0.0,0.0,0.0,0.0,0.0,,,,,,,,,,,,,,MISSING,HIGH,MISSING,67,True,True,False,31.72,66.67,50.07,,,,35,55,65.7,46.23,WATCH,1,0,0,5,usage foundation: 66.7; data quality: 65.7,"Context V1: defense fit missing/low reliability for some players; game environment missing for some players; weather, route share, first-read share, and coverage are not sourced.",,NEEDS DATA,NEEDS DATA,NEEDS DATA,DATA_NEEDS_LIVE_CONTEXT,HISTORICAL TEST ONLY,NO-GO,WATCH at 46.2. Main support: usage foundation: 66.7; data quality: 65.7. Main caution: projection strength: 31.7; role and availability context: 35.0.,WATCHLIST,usage foundation: 66.7,data quality: 65.7,projection strength: 31.7,role and availability context: 35.0,Medium,ROUTE_PROXY_UNVALIDATED|LOW_CURRENT_SAMPLE,Medium,ROUTE_PROXY_UNVALIDATED|LOW_CURRENT_SAMPLE,Medium,ROUTE_PROXY_UNVALIDATED|LOW_CURRENT_SAMPLE,,,,,,,,,8,8,8,MISSING,MISSING,MISSING,Pre-target weekly player stats only.,,,,,No schedule game matched team/opponent.,,,,,,,,,,,,MISSING,MISSING,MISSING,LOW_RELIABILITY_DEFENSE_FIT: shrinkage applied to historical allowed stats.,"Context V1 uses pre-target weekly history, schedules.csv game lines where present, and shrinkage-adjusted defense allowed stats.",True,False,False,rushing,WATCH at 46.2. Main support: usage foundation: 66.7; data quality: 65.7. Main caution: projection strength: 31.7; role and availability context: 35.0.,,projection strength: 31.7; role and availability context: 35.0; missing signal count: 5,,weather not sourced; live role/injury gates not ready; defense fit limited; game environment limited,,missing signal count: 5,Research-only driver summary. Limitations: weather not sourced; live role/injury gates not ready; defense fit limited; game environment limited,RESEARCH_ONLY,current_v1,projection_heavy,46.23,WATCH,WATCHLIST,42.24,WATCH,WATCHLIST,-3.99,NO_TIER_CHANGE,NO_ACTION_CHANGE,NO_MEANINGFUL_CHANGE,RESEARCH_ONLY challenger preview; production signal boards remain current_v1.
2025,1,,N.Peterman,CHI,LV,QB,,,8.981171036131135,2.015798072201765,,,,0.0,0.0,0.0,0.0,0.0,0.0,0.0,0.0,0.0,0.0,0.0,0.0,0.0,0.0,0.0,0.0,0.0,0.0,0.0,0.0,0.0,0.0,0.0,0.0,,,,,,,,,,,,,,MISSING,HIGH,MISSING,67,False,True,False,31.56,66.67,50.07,,,,35,55,65.7,46.16,WATCH,1,0,0,5,usage foundation: 66.7; data quality: 65.7,"Context V1: defense fit missing/low reliability for some players; game environment missing for some players; weather, route share, first-read share, and coverage are not sourced.",,NEEDS DATA,NEEDS DATA,NEEDS DATA,DATA_NEEDS_LIVE_CONTEXT,HISTORICAL TEST ONLY,NO-GO,WATCH at 46.2. Main support: usage foundation: 66.7; data quality: 65.7. Main caution: projection strength: 31.6; role and availability context: 35.0.,WATCHLIST,usage foundation: 66.7,data quality: 65.7,projection strength: 31.6,role and availability context: 35.0,,,,,Medium,ROUTE_PROXY_UNVALIDATED|LOW_CURRENT_SAMPLE|LOW_PLAYER_SAMPLE|LOW_RUSH_SAMPLE,Medium,ROUTE_PROXY_UNVALIDATED|LOW_CURRENT_SAMPLE|LOW_PLAYER_SAMPLE|LOW_RUSH_SAMPLE|LOW_CARRY_SAMPLE,,,,,,,8,8,8,MISSING,MISSING,MISSING,Pre-target weekly player stats only.,,,,,No schedule game matched team/opponent.,,,,,,,,,,,,MISSING,MISSING,MISSING,LOW_RELIABILITY_DEFENSE_FIT: shrinkage applied to historical allowed stats.,"Context V1 uses pre-target weekly history, schedules.csv game lines where present, and shrinkage-adjusted defense allowed stats.",True,False,False,rushing,WATCH at 46.2. Main support: usage foundation: 66.7; data quality: 65.7. Main caution: projection strength: 31.6; role and availability context: 35.0.,,projection strength: 31.6; role and availability context: 35.0; missing signal count: 5,,weather not sourced; live role/injury gates not ready; defense fit limited; game environment limited,,missing signal count: 5,Research-only driver summary. Limitations: weather not sourced; live role/injury gates not ready; defense fit limited; game environment limited,RESEARCH_ONLY,current_v1,projection_heavy,46.16,WATCH,WATCHLIST,42.14,WATCH,WATCHLIST,-4.02,NO_TIER_CHANGE,NO_ACTION_CHANGE,NO_MEANINGFUL_CHANGE,RESEARCH_ONLY challenger preview; production signal boards remain current_v1.
2025,1,,J.Garoppolo,LA,SEA,QB,,,7.974800472711141,,12.178981488484546,8.930342185918917,,0.0,0.0,0.0,0.0,0.0,0.0,0.0,0.0,0.0,0.0,0.0,0.0,0.0,0.0,0.0,0.0,0.0,0.0,0.0,0.0,0.0,0.0,0.0,0.0,,,,,,,,,,,,,,MISSING,HIGH,MISSING,67,False,True,True,29.73,66.67,50.07,,,,35,55,65.7,45.36,WATCH,1,0,0,5,usage foundation: 66.7; data quality: 65.7,"Context V1: defense fit missing/low reliability for some players; game environment missing for some players; weather, route share, first-read share, and coverage are not sourced.",,NEEDS DATA,NEEDS DATA,NEEDS DATA,DATA_NEEDS_LIVE_CONTEXT,HISTORICAL TEST ONLY,NO-GO,WATCH at 45.4. Main support: usage foundation: 66.7; data quality: 65.7. Main caution: projection strength: 29.7; role and availability context: 35.0.,WATCHLIST,usage foundation: 66.7,data quality: 65.7,projection strength: 29.7,role and availability context: 35.0,,,,,Medium,ROUTE_PROXY_UNVALIDATED|LOW_CURRENT_SAMPLE|LOW_PLAYER_SAMPLE,,,Medium,ROUTE_PROXY_UNVALIDATED|LOW_CURRENT_SAMPLE|LOW_PLAYER_SAMPLE,Medium,ROUTE_PROXY_UNVALIDATED|LOW_CURRENT_SAMPLE|LOW_PLAYER_SAMPLE,,,8,8,8,MISSING,MISSING,MISSING,Pre-target weekly player stats only.,,,,,No schedule game matched team/opponent.,,,,,,,,,,,,MISSING,MISSING,MISSING,LOW_RELIABILITY_DEFENSE_FIT: shrinkage applied to historical allowed stats.,"Context V1 uses pre-target weekly history, schedules.csv game lines where present, and shrinkage-adjusted defense allowed stats.",True,False,False,rushing,WATCH at 45.4. Main support: usage foundation: 66.7; data quality: 65.7. Main caution: projection strength: 29.7; role and availability context: 35.0.,,projection strength: 29.7; role and availability context: 35.0; missing signal count: 5,,weather not sourced; live role/injury gates not ready; defense fit limited; game environment limited,,missing signal count: 5,Research-only driver summary. Limitations: weather not sourced; live role/injury gates not ready; defense fit limited; game environment limited,RESEARCH_ONLY,current_v1,projection_heavy,45.36,WATCH,WATCHLIST,41.07,WATCH,WATCHLIST,-4.29,NO_TIER_CHANGE,NO_ACTION_CHANGE,NO_MEANINGFUL_CHANGE,RESEARCH_ONLY challenger preview; production signal boards remain current_v1.
2025,1,,C.Rush,DAL,PHI,QB,,,4.792613401165459,1.9560250751705008,,,,0.0,0.0,0.0,0.0,0.0,0.0,0.0,0.0,0.0,0.0,0.0,0.0,0.0,0.0,0.0,0.0,0.0,0.0,0.0,0.0,0.0,0.0,0.0,0.0,,,,,,,,,,,,,,MISSING,HIGH,MISSING,67,False,True,False,29.51,66.67,50.07,,,,35,55,65.7,45.26,WATCH,1,0,0,5,usage foundation: 66.7; data quality: 65.7,"Context V1: defense fit missing/low reliability for some players; game environment missing for some players; weather, route share, first-read share, and coverage are not sourced.",,NEEDS DATA,NEEDS DATA,NEEDS DATA,DATA_NEEDS_LIVE_CONTEXT,HISTORICAL TEST ONLY,NO-GO,WATCH at 45.3. Main support: usage foundation: 66.7; data quality: 65.7. Main caution: projection strength: 29.5; role and availability context: 35.0.,WATCHLIST,usage foundation: 66.7,data quality: 65.7,projection strength: 29.5,role and availability context: 35.0,,,,,Medium,ROUTE_PROXY_UNVALIDATED|LOW_CURRENT_SAMPLE|LOW_PLAYER_SAMPLE,Medium,ROUTE_PROXY_UNVALIDATED|LOW_CURRENT_SAMPLE|LOW_PLAYER_SAMPLE,,,,,,,8,8,8,MISSING,MISSING,MISSING,Pre-target weekly player stats only.,,,,,No schedule game matched team/opponent.,,,,,,,,,,,,MISSING,MISSING,MISSING,LOW_RELIABILITY_DEFENSE_FIT: shrinkage applied to historical allowed stats.,"Context V1 uses pre-target weekly history, schedules.csv game lines where present, and shrinkage-adjusted defense allowed stats.",True,False,False,rushing,WATCH at 45.3. Main support: usage foundation: 66.7; data quality: 65.7. Main caution: projection strength: 29.5; role and availability context: 35.0.,,projection strength: 29.5; role and availability context: 35.0; missing signal count: 5,,weather not sourced; live role/injury gates not ready; defense fit limited; game environment limited,,missing signal count: 5,Research-only driver summary. Limitations: weather not sourced; live role/injury gates not ready; defense fit limited; game environment limited,RESEARCH_ONLY,current_v1,projection_heavy,45.26,WATCH,WATCHLIST,40.94,WATCH,WATCHLIST,-4.32,NO_TIER_CHANGE,NO_ACTION_CHANGE,NO_MEANINGFUL_CHANGE,RESEARCH_ONLY challenger preview; production signal boards remain current_v1.
2025,1,,D.Dallas,ARI,,RB,1.1404103269315276,6.80158586781735,11.465183717545557,1.221582329242359,,,,0.0,0.0,0.0,0.0,0.0,0.0,0.0,0.0,0.0,0.0,0.0,0.0,0.0,0.0,0.0,0.0,0.0,0.0,0.0,0.0,0.0,0.0,0.0,0.0,,,,,,,,,,,,,,MISSING,HIGH,MISSING,67,True,True,False,29.38,66.67,50.07,,,,35,55,65.7,45.2,WATCH,1,0,0,5,usage foundation: 66.7; data quality: 65.7,"Context V1: defense fit missing/low reliability for some players; game environment missing for some players; weather, route share, first-read share, and coverage are not sourced.",,NEEDS DATA,NEEDS DATA,NEEDS DATA,DATA_NEEDS_LIVE_CONTEXT,HISTORICAL TEST ONLY,NO-GO,WATCH at 45.2. Main support: usage foundation: 66.7; data quality: 65.7. Main caution: projection strength: 29.4; role and availability context: 35.0.,WATCHLIST,usage foundation: 66.7,data quality: 65.7,projection strength: 29.4,role and availability context: 35.0,Medium,ROUTE_PROXY_UNVALIDATED|LOW_CURRENT_SAMPLE,Medium,ROUTE_PROXY_UNVALIDATED|LOW_CURRENT_SAMPLE|LOW_YARDAGE_SAMPLE,Medium,ROUTE_PROXY_UNVALIDATED|LOW_CURRENT_SAMPLE|LOW_RUSH_SAMPLE,Medium,ROUTE_PROXY_UNVALIDATED|LOW_CURRENT_SAMPLE|LOW_RUSH_SAMPLE|LOW_CARRY_SAMPLE,,,,,,,8,8,8,MISSING,MISSING,MISSING,Pre-target weekly player stats only.,,,,,No schedule game matched team/opponent.,,,,,,,,,,,,MISSING,MISSING,MISSING,LOW_RELIABILITY_DEFENSE_FIT: shrinkage applied to historical allowed stats.,"Context V1 uses pre-target weekly history, schedules.csv game lines where present, and shrinkage-adjusted defense allowed stats.",True,False,False,rushing,WATCH at 45.2. Main support: usage foundation: 66.7; data quality: 65.7. Main caution: projection strength: 29.4; role and availability context: 35.0.,,projection strength: 29.4; role and availability context: 35.0; missing signal count: 5,,weather not sourced; live role/injury gates not ready; defense fit limited; game environment limited,,missing signal count: 5,Research-only driver summary. Limitations: weather not sourced; live role/injury gates not ready; defense fit limited; game environment limited,RESEARCH_ONLY,current_v1,projection_heavy,45.2,WATCH,WATCHLIST,40.86,WATCH,WATCHLIST,-4.34,NO_TIER_CHANGE,NO_ACTION_CHANGE,NO_MEANINGFUL_CHANGE,RESEARCH_ONLY challenger preview; production signal boards remain current_v1.
2025,1,,P.Walker,CLE,DEN,QB,,,13.017990952825905,1.2350776020053815,,,,0.0,0.0,0.0,0.0,0.0,0.0,0.0,0.0,0.0,0.0,0.0,0.0,0.0,0.0,0.0,0.0,0.0,0.0,0.0,0.0,0.0,0.0,0.0,0.0,,,,,,,,,,,,,,MISSING,HIGH,MISSING,67,False,True,False,28.73,66.67,50.07,,,,35,55,65.7,44.92,WATCH,1,0,0,5,usage foundation: 66.7; data quality: 65.7,"Context V1: defense fit missing/low reliability for some players; game environment missing for some players; weather, route share, first-read share, and coverage are not sourced.",,NEEDS DATA,NEEDS DATA,NEEDS DATA,DATA_NEEDS_LIVE_CONTEXT,HISTORICAL TEST ONLY,NO-GO,WATCH at 44.9. Main support: usage foundation: 66.7; data quality: 65.7. Main caution: projection strength: 28.7; role and availability context: 35.0.,WATCHLIST,usage foundation: 66.7,data quality: 65.7,projection strength: 28.7,role and availability context: 35.0,,,,,Medium,ROUTE_PROXY_UNVALIDATED|LOW_CURRENT_SAMPLE|LOW_PLAYER_SAMPLE|LOW_RUSH_SAMPLE,Medium,ROUTE_PROXY_UNVALIDATED|LOW_CURRENT_SAMPLE|LOW_PLAYER_SAMPLE|LOW_RUSH_SAMPLE|LOW_CARRY_SAMPLE,,,,,,,8,8,8,MISSING,MISSING,MISSING,Pre-target weekly player stats only.,,,,,No schedule game matched team/opponent.,,,,,,,,,,,,MISSING,MISSING,MISSING,LOW_RELIABILITY_DEFENSE_FIT: shrinkage applied to historical allowed stats.,"Context V1 uses pre-target weekly history, schedules.csv game lines where present, and shrinkage-adjusted defense allowed stats.",True,False,False,rushing,WATCH at 44.9. Main support: usage foundation: 66.7; data quality: 65.7. Main caution: projection strength: 28.7; role and availability context: 35.0.,,projection strength: 28.7; role and availability context: 35.0; missing signal count: 5,,weather not sourced; live role/injury gates not ready; defense fit limited; game environment limited,,missing signal count: 5,Research-only driver summary. Limitations: weather not sourced; live role/injury gates not ready; defense fit limited; game environment limited,RESEARCH_ONLY,current_v1,projection_heavy,44.92,WATCH,WATCHLIST,40.48,WATCH,WATCHLIST,-4.44,NO_TIER_CHANGE,NO_ACTION_CHANGE,NO_MEANINGFUL_CHANGE,RESEARCH_ONLY challenger preview; production signal boards remain current_v1.
2025,1,,R.Blackshear,CAR,,RB,0.6847540420322142,5.288637050429644,12.887296454764304,1.5837626567145302,,,,0.0,0.0,0.0,0.0,0.0,0.0,0.0,0.0,0.0,0.0,0.0,0.0,0.0,0.0,0.0,0.0,0.0,0.0,0.0,0.0,0.0,0.0,0.0,0.0,,,,,,,,,,,,,,MISSING,HIGH,MISSING,67,True,True,False,27.99,66.67,50.07,,,,35,55,65.7,44.59,WATCH,1,0,0,5,usage foundation: 66.7; data quality: 65.7,"Context V1: defense fit missing/low reliability for some players; game environment missing for some players; weather, route share, first-read share, and coverage are not sourced.",,NEEDS DATA,NEEDS DATA,NEEDS DATA,DATA_NEEDS_LIVE_CONTEXT,HISTORICAL TEST ONLY,NO-GO,WATCH at 44.6. Main support: usage foundation: 66.7; data quality: 65.7. Main caution: projection strength: 28.0; role and availability context: 35.0.,WATCHLIST,usage foundation: 66.7,data quality: 65.7,projection strength: 28.0,role and availability context: 35.0,Medium,ROUTE_PROXY_UNVALIDATED|LOW_CURRENT_SAMPLE|LOW_PLAYER_SAMPLE,Medium,ROUTE_PROXY_UNVALIDATED|LOW_CURRENT_SAMPLE|LOW_PLAYER_SAMPLE|LOW_YARDAGE_SAMPLE,Medium,ROUTE_PROXY_UNVALIDATED|LOW_CURRENT_SAMPLE|LOW_PLAYER_SAMPLE,Medium,ROUTE_PROXY_UNVALIDATED|LOW_CURRENT_SAMPLE|LOW_PLAYER_SAMPLE,,,,,,,8,8,8,MISSING,MISSING,MISSING,Pre-target weekly player stats only.,,,,,No schedule game matched team/opponent.,,,,,,,,,,,,MISSING,MISSING,MISSING,LOW_RELIABILITY_DEFENSE_FIT: shrinkage applied to historical allowed stats.,"Context V1 uses pre-target weekly history, schedules.csv game lines where present, and shrinkage-adjusted defense allowed stats.",True,False,False,rushing,WATCH at 44.6. Main support: usage foundation: 66.7; data quality: 65.7. Main caution: projection strength: 28.0; role and availability context: 35.0.,,projection strength: 28.0; role and availability context: 35.0; missing signal count: 5,,weather not sourced; live role/injury gates not ready; defense fit limited; game environment limited,,missing signal count: 5,Research-only driver summary. Limitations: weather not sourced; live role/injury gates not ready; defense fit limited; game environment limited,RESEARCH_ONLY,current_v1,projection_heavy,44.59,WATCH,WATCHLIST,40.04,WATCH,WATCHLIST,-4.55,NO_TIER_CHANGE,NO_ACTION_CHANGE,NO_MEANINGFUL_CHANGE,RESEARCH_ONLY challenger preview; production signal boards remain current_v1.
2025,1,,T.Homer,CHI,,RB,1.1202713831122648,6.5635567040162295,9.741434638102126,1.5427772974799692,,,,0.0,0.0,0.0,0.0,0.0,0.0,0.0,0.0,0.0,0.0,0.0,0.0,0.0,0.0,0.0,0.0,0.0,0.0,0.0,0.0,0.0,0.0,0.0,0.0,,,,,,,,,,,,,,MISSING,HIGH,MISSING,67,True,True,False,27.97,66.67,50.07,,,,35,55,65.7,44.59,WATCH,1,0,0,5,usage foundation: 66.7; data quality: 65.7,"Context V1: defense fit missing/low reliability for some players; game environment missing for some players; weather, route share, first-read share, and coverage are not sourced.",,NEEDS DATA,NEEDS DATA,NEEDS DATA,DATA_NEEDS_LIVE_CONTEXT,HISTORICAL TEST ONLY,NO-GO,WATCH at 44.6. Main support: usage foundation: 66.7; data quality: 65.7. Main caution: projection strength: 28.0; role and availability context: 35.0.,WATCHLIST,usage foundation: 66.7,data quality: 65.7,projection strength: 28.0,role and availability context: 35.0,Medium,ROUTE_PROXY_UNVALIDATED|LOW_CURRENT_SAMPLE|LOW_PLAYER_SAMPLE,Medium,ROUTE_PROXY_UNVALIDATED|LOW_CURRENT_SAMPLE|LOW_PLAYER_SAMPLE|LOW_YARDAGE_SAMPLE,Medium,ROUTE_PROXY_UNVALIDATED|LOW_CURRENT_SAMPLE|LOW_PLAYER_SAMPLE|LOW_RUSH_SAMPLE,Medium,ROUTE_PROXY_UNVALIDATED|LOW_CURRENT_SAMPLE|LOW_PLAYER_SAMPLE|LOW_RUSH_SAMPLE|LOW_CARRY_SAMPLE,,,,,,,8,8,8,MISSING,MISSING,MISSING,Pre-target weekly player stats only.,,,,,No schedule game matched team/opponent.,,,,,,,,,,,,MISSING,MISSING,MISSING,LOW_RELIABILITY_DEFENSE_FIT: shrinkage applied to historical allowed stats.,"Context V1 uses pre-target weekly history, schedules.csv game lines where present, and shrinkage-adjusted defense allowed stats.",True,False,False,rushing,WATCH at 44.6. Main support: usage foundation: 66.7; data quality: 65.7. Main caution: projection strength: 28.0; role and availability context: 35.0.,,projection strength: 28.0; role and availability context: 35.0; missing signal count: 5,,weather not sourced; live role/injury gates not ready; defense fit limited; game environment limited,,missing signal count: 5,Research-only driver summary. Limitations: weather not sourced; live role/injury gates not ready; defense fit limited; game environment limited,RESEARCH_ONLY,current_v1,projection_heavy,44.59,WATCH,WATCHLIST,40.03,WATCH,WATCHLIST,-4.56,NO_TIER_CHANGE,NO_ACTION_CHANGE,NO_MEANINGFUL_CHANGE,RESEARCH_ONLY challenger preview; production signal boards remain current_v1.
2025,1,,V.Jones,CAR,,RB,0.8890065889957848,7.668450235812672,12.726009956058732,1.6870420832685928,,,,0.0,0.0,0.0,0.0,0.0,0.0,0.0,0.0,0.0,0.0,0.0,0.0,0.0,0.0,0.0,0.0,0.0,0.0,0.0,0.0,0.0,0.0,0.0,0.0,,,,,,,,,,,,,,MISSING,HIGH,MISSING,67,True,True,False,27.61,66.67,50.07,,,,35,55,65.7,44.43,WATCH,1,0,0,5,usage foundation: 66.7; data quality: 65.7,"Context V1: defense fit missing/low reliability for some players; game environment missing for some players; weather, route share, first-read share, and coverage are not sourced.",,NEEDS DATA,NEEDS DATA,NEEDS DATA,DATA_NEEDS_LIVE_CONTEXT,HISTORICAL TEST ONLY,NO-GO,WATCH at 44.4. Main support: usage foundation: 66.7; data quality: 65.7. Main caution: projection strength: 27.6; role and availability context: 35.0.,WATCHLIST,usage foundation: 66.7,data quality: 65.7,projection strength: 27.6,role and availability context: 35.0,Medium,ROUTE_PROXY_UNVALIDATED|LOW_CURRENT_SAMPLE|LOW_PLAYER_SAMPLE,Medium,ROUTE_PROXY_UNVALIDATED|LOW_CURRENT_SAMPLE|LOW_PLAYER_SAMPLE|LOW_YARDAGE_SAMPLE,Medium,ROUTE_PROXY_UNVALIDATED|LOW_CURRENT_SAMPLE|LOW_PLAYER_SAMPLE|LOW_RUSH_SAMPLE,Medium,ROUTE_PROXY_UNVALIDATED|LOW_CURRENT_SAMPLE|LOW_PLAYER_SAMPLE|LOW_RUSH_SAMPLE|LOW_CARRY_SAMPLE,,,,,,,8,8,8,MISSING,MISSING,MISSING,Pre-target weekly player stats only.,,,,,No schedule game matched team/opponent.,,,,,,,,,,,,MISSING,MISSING,MISSING,LOW_RELIABILITY_DEFENSE_FIT: shrinkage applied to historical allowed stats.,"Context V1 uses pre-target weekly history, schedules.csv game lines where present, and shrinkage-adjusted defense allowed stats.",True,False,False,rushing,WATCH at 44.4. Main support: usage foundation: 66.7; data quality: 65.7. Main caution: projection strength: 27.6; role and availability context: 35.0.,,projection strength: 27.6; role and availability context: 35.0; missing signal count: 5,,weather not sourced; live role/injury gates not ready; defense fit limited; game environment limited,,missing signal count: 5,Research-only driver summary. Limitations: weather not sourced; live role/injury gates not ready; defense fit limited; game environment limited,RESEARCH_ONLY,current_v1,projection_heavy,44.43,WATCH,WATCHLIST,39.82,REVIEW,PRIORITY_REVIEW,-4.61,TIER_DOWNGRADE,ACTION_CHANGED,TIER_DOWNGRADE|ACTION_CHANGED,RESEARCH_ONLY challenger preview; production signal boards remain current_v1.
2025,1,,K.Cousins,ATL,LV,QB,,,3.708418386580248,1.9015397599201205,11.077121747974113,8.274204114767143,,0.0,0.0,0.0,0.0,0.0,0.0,0.0,0.0,0.0,0.0,0.0,0.0,0.0,0.0,0.0,0.0,0.0,0.0,0.0,0.0,0.0,0.0,0.0,0.0,,,,,,,,,,,,,,MISSING,HIGH,MISSING,67,False,True,True,27.46,66.67,50.07,,,,35,55,65.7,44.36,WATCH,1,0,0,5,usage foundation: 66.7; data quality: 65.7,"Context V1: defense fit missing/low reliability for some players; game environment missing for some players; weather, route share, first-read share, and coverage are not sourced.",,NEEDS DATA,NEEDS DATA,NEEDS DATA,DATA_NEEDS_LIVE_CONTEXT,HISTORICAL TEST ONLY,NO-GO,WATCH at 44.4. Main support: usage foundation: 66.7; data quality: 65.7. Main caution: projection strength: 27.5; role and availability context: 35.0.,WATCHLIST,usage foundation: 66.7,data quality: 65.7,projection strength: 27.5,role and availability context: 35.0,,,,,Medium,ROUTE_PROXY_UNVALIDATED|LOW_CURRENT_SAMPLE|LOW_PLAYER_SAMPLE,Medium,ROUTE_PROXY_UNVALIDATED|LOW_CURRENT_SAMPLE|LOW_PLAYER_SAMPLE,Medium,ROUTE_PROXY_UNVALIDATED|LOW_CURRENT_SAMPLE|LOW_PLAYER_SAMPLE,Medium,ROUTE_PROXY_UNVALIDATED|LOW_CURRENT_SAMPLE|LOW_PLAYER_SAMPLE,,,8,8,8,MISSING,MISSING,MISSING,Pre-target weekly player stats only.,,,,,No schedule game matched team/opponent.,,,,,,,,,,,,MISSING,MISSING,MISSING,LOW_RELIABILITY_DEFENSE_FIT: shrinkage applied to historical allowed stats.,"Context V1 uses pre-target weekly history, schedules.csv game lines where present, and shrinkage-adjusted defense allowed stats.",True,False,False,rushing,WATCH at 44.4. Main support: usage foundation: 66.7; data quality: 65.7. Main caution: projection strength: 27.5; role and availability context: 35.0.,,projection strength: 27.5; role and availability context: 35.0; missing signal count: 5,,weather not sourced; live role/injury gates not ready; defense fit limited; game environment limited,,missing signal count: 5,Research-only driver summary. Limitations: weather not sourced; live role/injury gates not ready; defense fit limited; game environment limited,RESEARCH_ONLY,current_v1,projection_heavy,44.36,WATCH,WATCHLIST,39.73,REVIEW,PRIORITY_REVIEW,-4.63,TIER_DOWNGRADE,ACTION_CHANGED,TIER_DOWNGRADE|ACTION_CHANGED,RESEARCH_ONLY challenger preview; production signal boards remain current_v1.
2025,1,,S.Howell,SEA,GB,QB,,,7.767521869280041,1.242952562077087,11.929416746769109,,,0.0,0.0,0.0,0.0,0.0,0.0,0.0,0.0,0.0,0.0,0.0,0.0,0.0,0.0,0.0,0.0,0.0,0.0,0.0,0.0,0.0,0.0,0.0,0.0,,,,,,,,,,,,,,MISSING,HIGH,MISSING,67,False,True,True,27.03,66.67,50.07,,,,35,55,65.7,44.18,WATCH,1,0,0,5,usage foundation: 66.7; data quality: 65.7,"Context V1: defense fit missing/low reliability for some players; game environment missing for some players; weather, route share, first-read share, and coverage are not sourced.",,NEEDS DATA,NEEDS DATA,NEEDS DATA,DATA_NEEDS_LIVE_CONTEXT,HISTORICAL TEST ONLY,NO-GO,WATCH at 44.2. Main support: usage foundation: 66.7; data quality: 65.7. Main caution: projection strength: 27.0; role and availability context: 35.0.,WATCHLIST,usage foundation: 66.7,data quality: 65.7,projection strength: 27.0,role and availability context: 35.0,,,,,Medium,ROUTE_PROXY_UNVALIDATED|LOW_CURRENT_SAMPLE|LOW_PLAYER_SAMPLE,Medium,ROUTE_PROXY_UNVALIDATED|LOW_CURRENT_SAMPLE|LOW_PLAYER_SAMPLE,Medium,ROUTE_PROXY_UNVALIDATED|LOW_CURRENT_SAMPLE|LOW_PLAYER_SAMPLE,,,,,8,8,8,MISSING,MISSING,MISSING,Pre-target weekly player stats only.,,,,,No schedule game matched team/opponent.,,,,,,,,,,,,MISSING,MISSING,MISSING,LOW_RELIABILITY_DEFENSE_FIT: shrinkage applied to historical allowed stats.,"Context V1 uses pre-target weekly history, schedules.csv game lines where present, and shrinkage-adjusted defense allowed stats.",True,False,False,rushing,WATCH at 44.2. Main support: usage foundation: 66.7; data quality: 65.7. Main caution: projection strength: 27.0; role and availability context: 35.0.,,projection strength: 27.0; role and availability context: 35.0; missing signal count: 5,,weather not sourced; live role/injury gates not ready; defense fit limited; game environment limited,,missing signal count: 5,Research-only driver summary. Limitations: weather not sourced; live role/injury gates not ready; defense fit limited; game environment limited,RESEARCH_ONLY,current_v1,projection_heavy,44.18,WATCH,WATCHLIST,39.48,REVIEW,PRIORITY_REVIEW,-4.7,TIER_DOWNGRADE,ACTION_CHANGED,TIER_DOWNGRADE|ACTION_CHANGED,RESEARCH_ONLY challenger preview; production signal boards remain current_v1.
2025,1,,J.Ward,PIT,,RB,0.7683881235017976,5.906675700065159,12.589182458702355,1.4879315253257377,,,,0.0,0.0,0.0,0.0,0.0,0.0,0.0,0.0,0.0,0.0,0.0,0.0,0.0,0.0,0.0,0.0,0.0,0.0,0.0,0.0,0.0,0.0,0.0,0.0,,,,,,,,,,,,,,MISSING,HIGH,MISSING,67,True,True,False,26.87,66.67,50.07,,,,35,55,65.7,44.1,WATCH,1,0,0,5,usage foundation: 66.7; data quality: 65.7,"Context V1: defense fit missing/low reliability for some players; game environment missing for some players; weather, route share, first-read share, and coverage are not sourced.",,NEEDS DATA,NEEDS DATA,NEEDS DATA,DATA_NEEDS_LIVE_CONTEXT,HISTORICAL TEST ONLY,NO-GO,WATCH at 44.1. Main support: usage foundation: 66.7; data quality: 65.7. Main caution: projection strength: 26.9; role and availability context: 35.0.,WATCHLIST,usage foundation: 66.7,data quality: 65.7,projection strength: 26.9,role and availability context: 35.0,Medium,ROUTE_PROXY_UNVALIDATED|LOW_CURRENT_SAMPLE|LOW_PLAYER_SAMPLE,Medium,ROUTE_PROXY_UNVALIDATED|LOW_CURRENT_SAMPLE|LOW_PLAYER_SAMPLE|LOW_YARDAGE_SAMPLE,Medium,ROUTE_PROXY_UNVALIDATED|LOW_CURRENT_SAMPLE|LOW_PLAYER_SAMPLE|LOW_RUSH_SAMPLE,Medium,ROUTE_PROXY_UNVALIDATED|LOW_CURRENT_SAMPLE|LOW_PLAYER_SAMPLE|LOW_RUSH_SAMPLE|LOW_CARRY_SAMPLE,,,,,,,8,8,8,MISSING,MISSING,MISSING,Pre-target weekly player stats only.,,,,,No schedule game matched team/opponent.,,,,,,,,,,,,MISSING,MISSING,MISSING,LOW_RELIABILITY_DEFENSE_FIT: shrinkage applied to historical allowed stats.,"Context V1 uses pre-target weekly history, schedules.csv game lines where present, and shrinkage-adjusted defense allowed stats.",True,False,False,rushing,WATCH at 44.1. Main support: usage foundation: 66.7; data quality: 65.7. Main caution: projection strength: 26.9; role and availability context: 35.0.,,projection strength: 26.9; role and availability context: 35.0; missing signal count: 5,,weather not sourced; live role/injury gates not ready; defense fit limited; game environment limited,,missing signal count: 5,Research-only driver summary. Limitations: weather not sourced; live role/injury gates not ready; defense fit limited; game environment limited,RESEARCH_ONLY,current_v1,projection_heavy,44.1,WATCH,WATCHLIST,39.39,REVIEW,PRIORITY_REVIEW,-4.71,TIER_DOWNGRADE,ACTION_CHANGED,TIER_DOWNGRADE|ACTION_CHANGED,RESEARCH_ONLY challenger preview; production signal boards remain current_v1.
2025,1,,C.Keenum,HOU,CLE,QB,,,10.100559406369287,1.8683853797183605,11.428180697926086,8.285709752365083,,0.0,0.0,0.0,0.0,0.0,0.0,0.0,0.0,0.0,0.0,0.0,0.0,0.0,0.0,0.0,0.0,0.0,0.0,0.0,0.0,0.0,0.0,0.0,0.0,,,,,,,,,,,,,,MISSING,HIGH,MISSING,67,False,True,True,26.64,66.67,50.07,,,,35,55,65.7,44.0,WATCH,1,0,0,5,usage foundation: 66.7; data quality: 65.7,"Context V1: defense fit missing/low reliability for some players; game environment missing for some players; weather, route share, first-read share, and coverage are not sourced.",,NEEDS DATA,NEEDS DATA,NEEDS DATA,DATA_NEEDS_LIVE_CONTEXT,HISTORICAL TEST ONLY,NO-GO,WATCH at 44.0. Main support: usage foundation: 66.7; data quality: 65.7. Main caution: projection strength: 26.6; role and availability context: 35.0.,WATCHLIST,usage foundation: 66.7,data quality: 65.7,projection strength: 26.6,role and availability context: 35.0,,,,,Medium,ROUTE_PROXY_UNVALIDATED|LOW_CURRENT_SAMPLE|LOW_PLAYER_SAMPLE|LOW_RUSH_SAMPLE,Medium,ROUTE_PROXY_UNVALIDATED|LOW_CURRENT_SAMPLE|LOW_PLAYER_SAMPLE|LOW_RUSH_SAMPLE|LOW_CARRY_SAMPLE,Medium,ROUTE_PROXY_UNVALIDATED|LOW_CURRENT_SAMPLE|LOW_PLAYER_SAMPLE,Medium,ROUTE_PROXY_UNVALIDATED|LOW_CURRENT_SAMPLE|LOW_PLAYER_SAMPLE|LOW_COMPLETION_SAMPLE,,,8,8,8,MISSING,MISSING,MISSING,Pre-target weekly player stats only.,,,,,No schedule game matched team/opponent.,,,,,,,,,,,,MISSING,MISSING,MISSING,LOW_RELIABILITY_DEFENSE_FIT: shrinkage applied to historical allowed stats.,"Context V1 uses pre-target weekly history, schedules.csv game lines where present, and shrinkage-adjusted defense allowed stats.",True,False,False,rushing,WATCH at 44.0. Main support: usage foundation: 66.7; data quality: 65.7. Main caution: projection strength: 26.6; role and availability context: 35.0.,,projection strength: 26.6; role and availability context: 35.0; missing signal count: 5,,weather not sourced; live role/injury gates not ready; defense fit limited; game environment limited,,missing signal count: 5,Research-only driver summary. Limitations: weather not sourced; live role/injury gates not ready; defense fit limited; game environment limited,RESEARCH_ONLY,current_v1,projection_heavy,44.0,WATCH,WATCHLIST,39.25,REVIEW,PRIORITY_REVIEW,-4.75,TIER_DOWNGRADE,ACTION_CHANGED,TIER_DOWNGRADE|ACTION_CHANGED,RESEARCH_ONLY challenger preview; production signal boards remain current_v1.
2025,1,,C.Schrader,LA,,RB,1.0797183929234473,8.265093952956995,8.065165103276732,,,,,0.0,0.0,0.0,0.0,0.0,0.0,0.0,0.0,0.0,0.0,0.0,0.0,0.0,0.0,0.0,0.0,0.0,0.0,0.0,0.0,0.0,0.0,0.0,0.0,,,,,,,,,,,,,,MISSING,HIGH,MISSING,67,True,True,False,26.09,66.67,50.07,,,,35,55,65.7,43.76,WATCH,1,0,0,5,usage foundation: 66.7; data quality: 65.7,"Context V1: defense fit missing/low reliability for some players; game environment missing for some players; weather, route share, first-read share, and coverage are not sourced.",,NEEDS DATA,NEEDS DATA,NEEDS DATA,DATA_NEEDS_LIVE_CONTEXT,HISTORICAL TEST ONLY,NO-GO,WATCH at 43.8. Main support: usage foundation: 66.7; data quality: 65.7. Main caution: projection strength: 26.1; role and availability context: 35.0.,WATCHLIST,usage foundation: 66.7,data quality: 65.7,projection strength: 26.1,role and availability context: 35.0,Medium,ROUTE_PROXY_UNVALIDATED|LOW_CURRENT_SAMPLE|LOW_PLAYER_SAMPLE,Medium,ROUTE_PROXY_UNVALIDATED|LOW_CURRENT_SAMPLE|LOW_PLAYER_SAMPLE|LOW_YARDAGE_SAMPLE,Medium,ROUTE_PROXY_UNVALIDATED|LOW_CURRENT_SAMPLE|LOW_PLAYER_SAMPLE|LOW_RUSH_SAMPLE,,,,,,,,,8,8,8,MISSING,MISSING,MISSING,Pre-target weekly player stats only.,,,,,No schedule game matched team/opponent.,,,,,,,,,,,,MISSING,MISSING,MISSING,LOW_RELIABILITY_DEFENSE_FIT: shrinkage applied to historical allowed stats.,"Context V1 uses pre-target weekly history, schedules.csv game lines where present, and shrinkage-adjusted defense allowed stats.",True,False,False,rushing,WATCH at 43.8. Main support: usage foundation: 66.7; data quality: 65.7. Main caution: projection strength: 26.1; role and availability context: 35.0.,,projection strength: 26.1; role and availability context: 35.0; missing signal count: 5,,weather not sourced; live role/injury gates not ready; defense fit limited; game environment limited,,missing signal count: 5,Research-only driver summary. Limitations: weather not sourced; live role/injury gates not ready; defense fit limited; game environment limited,RESEARCH_ONLY,current_v1,projection_heavy,43.76,WATCH,WATCHLIST,38.93,REVIEW,PRIORITY_REVIEW,-4.83,TIER_DOWNGRADE,ACTION_CHANGED,TIER_DOWNGRADE|ACTION_CHANGED,RESEARCH_ONLY challenger preview; production signal boards remain current_v1.
2025,1,,G.Brightwell,CLE,,RB,1.0673871240044377,9.784919353961408,9.013166343774513,,,,,0.0,0.0,0.0,0.0,0.0,0.0,0.0,0.0,0.0,0.0,0.0,0.0,0.0,0.0,0.0,0.0,0.0,0.0,0.0,0.0,0.0,0.0,0.0,0.0,,,,,,,,,,,,,,MISSING,HIGH,MISSING,67,True,True,False,25.47,66.67,50.07,,,,35,55,65.7,43.49,WATCH,1,0,0,5,usage foundation: 66.7; data quality: 65.7,"Context V1: defense fit missing/low reliability for some players; game environment missing for some players; weather, route share, first-read share, and coverage are not sourced.",,NEEDS DATA,NEEDS DATA,NEEDS DATA,DATA_NEEDS_LIVE_CONTEXT,HISTORICAL TEST ONLY,NO-GO,WATCH at 43.5. Main support: usage foundation: 66.7; data quality: 65.7. Main caution: projection strength: 25.5; role and availability context: 35.0.,WATCHLIST,usage foundation: 66.7,data quality: 65.7,projection strength: 25.5,role and availability context: 35.0,Medium,ROUTE_PROXY_UNVALIDATED|LOW_CURRENT_SAMPLE|LOW_PLAYER_SAMPLE,Medium,ROUTE_PROXY_UNVALIDATED|LOW_CURRENT_SAMPLE|LOW_PLAYER_SAMPLE|LOW_YARDAGE_SAMPLE,Medium,ROUTE_PROXY_UNVALIDATED|LOW_CURRENT_SAMPLE|LOW_PLAYER_SAMPLE|LOW_RUSH_SAMPLE,,,,,,,,,8,8,8,MISSING,MISSING,MISSING,Pre-target weekly player stats only.,,,,,No schedule game matched team/opponent.,,,,,,,,,,,,MISSING,MISSING,MISSING,LOW_RELIABILITY_DEFENSE_FIT: shrinkage applied to historical allowed stats.,"Context V1 uses pre-target weekly history, schedules.csv game lines where present, and shrinkage-adjusted defense allowed stats.",True,False,False,rushing,WATCH at 43.5. Main support: usage foundation: 66.7; data quality: 65.7. Main caution: projection strength: 25.5; role and availability context: 35.0.,,projection strength: 25.5; role and availability context: 35.0; missing signal count: 5,,weather not sourced; live role/injury gates not ready; defense fit limited; game environment limited,,missing signal count: 5,Research-only driver summary. Limitations: weather not sourced; live role/injury gates not ready; defense fit limited; game environment limited,RESEARCH_ONLY,current_v1,projection_heavy,43.49,WATCH,WATCHLIST,38.56,REVIEW,PRIORITY_REVIEW,-4.93,TIER_DOWNGRADE,ACTION_CHANGED,TIER_DOWNGRADE|ACTION_CHANGED,RESEARCH_ONLY challenger preview; production signal boards remain current_v1.
2025,1,,J.Stidham,DEN,KC,QB,,,6.303711181793814,1.823218498205367,,,,0.0,0.0,0.0,0.0,0.0,0.0,0.0,0.0,0.0,0.0,0.0,0.0,0.0,0.0,0.0,0.0,0.0,0.0,0.0,0.0,0.0,0.0,0.0,0.0,,,,,,,,,,,,,,MISSING,HIGH,MISSING,67,False,True,False,25.41,66.67,50.07,,,,35,55,65.7,43.47,WATCH,1,0,0,5,usage foundation: 66.7; data quality: 65.7,"Context V1: defense fit missing/low reliability for some players; game environment missing for some players; weather, route share, first-read share, and coverage are not sourced.",,NEEDS DATA,NEEDS DATA,NEEDS DATA,DATA_NEEDS_LIVE_CONTEXT,HISTORICAL TEST ONLY,NO-GO,WATCH at 43.5. Main support: usage foundation: 66.7; data quality: 65.7. Main caution: projection strength: 25.4; role and availability context: 35.0.,WATCHLIST,usage foundation: 66.7,data quality: 65.7,projection strength: 25.4,role and availability context: 35.0,,,,,Medium,ROUTE_PROXY_UNVALIDATED|LOW_CURRENT_SAMPLE|LOW_PLAYER_SAMPLE|LOW_RUSH_SAMPLE,Medium,ROUTE_PROXY_UNVALIDATED|LOW_CURRENT_SAMPLE|LOW_PLAYER_SAMPLE|LOW_RUSH_SAMPLE|LOW_CARRY_SAMPLE,,,,,,,8,8,8,MISSING,MISSING,MISSING,Pre-target weekly player stats only.,,,,,No schedule game matched team/opponent.,,,,,,,,,,,,MISSING,MISSING,MISSING,LOW_RELIABILITY_DEFENSE_FIT: shrinkage applied to historical allowed stats.,"Context V1 uses pre-target weekly history, schedules.csv game lines where present, and shrinkage-adjusted defense allowed stats.",True,False,False,rushing,WATCH at 43.5. Main support: usage foundation: 66.7; data quality: 65.7. Main caution: projection strength: 25.4; role and availability context: 35.0.,,projection strength: 25.4; role and availability context: 35.0; missing signal count: 5,,weather not sourced; live role/injury gates not ready; defense fit limited; game environment limited,,missing signal count: 5,Research-only driver summary. Limitations: weather not sourced; live role/injury gates not ready; defense fit limited; game environment limited,RESEARCH_ONLY,current_v1,projection_heavy,43.47,WATCH,WATCHLIST,38.53,REVIEW,PRIORITY_REVIEW,-4.94,TIER_DOWNGRADE,ACTION_CHANGED,TIER_DOWNGRADE|ACTION_CHANGED,RESEARCH_ONLY challenger preview; production signal boards remain current_v1.
2025,1,,J.Hasty,NE,,RB,0.8279333324144181,6.273988514346153,11.966820141028144,1.5686649302754083,,,,0.0,0.0,0.0,0.0,0.0,0.0,0.0,0.0,0.0,0.0,0.0,0.0,0.0,0.0,0.0,0.0,0.0,0.0,0.0,0.0,0.0,0.0,0.0,0.0,,,,,,,,,,,,,,MISSING,HIGH,MISSING,67,True,True,False,25.37,66.67,50.07,,,,35,55,65.7,43.45,WATCH,1,0,0,5,usage foundation: 66.7; data quality: 65.7,"Context V1: defense fit missing/low reliability for some players; game environment missing for some players; weather, route share, first-read share, and coverage are not sourced.",,NEEDS DATA,NEEDS DATA,NEEDS DATA,DATA_NEEDS_LIVE_CONTEXT,HISTORICAL TEST ONLY,NO-GO,WATCH at 43.5. Main support: usage foundation: 66.7; data quality: 65.7. Main caution: projection strength: 25.4; role and availability context: 35.0.,WATCHLIST,usage foundation: 66.7,data quality: 65.7,projection strength: 25.4,role and availability context: 35.0,Medium,ROUTE_PROXY_UNVALIDATED|LOW_CURRENT_SAMPLE,Medium,ROUTE_PROXY_UNVALIDATED|LOW_CURRENT_SAMPLE,Medium,ROUTE_PROXY_UNVALIDATED|LOW_CURRENT_SAMPLE,Medium,ROUTE_PROXY_UNVALIDATED|LOW_CURRENT_SAMPLE,,,,,,,8,8,8,MISSING,MISSING,MISSING,Pre-target weekly player stats only.,,,,,No schedule game matched team/opponent.,,,,,,,,,,,,MISSING,MISSING,MISSING,LOW_RELIABILITY_DEFENSE_FIT: shrinkage applied to historical allowed stats.,"Context V1 uses pre-target weekly history, schedules.csv game lines where present, and shrinkage-adjusted defense allowed stats.",True,False,False,rushing,WATCH at 43.5. Main support: usage foundation: 66.7; data quality: 65.7. Main caution: projection strength: 25.4; role and availability context: 35.0.,,projection strength: 25.4; role and availability context: 35.0; missing signal count: 5,,weather not sourced; live role/injury gates not ready; defense fit limited; game environment limited,,missing signal count: 5,Research-only driver summary. Limitations: weather not sourced; live role/injury gates not ready; defense fit limited; game environment limited,RESEARCH_ONLY,current_v1,projection_heavy,43.45,WATCH,WATCHLIST,38.5,REVIEW,PRIORITY_REVIEW,-4.95,TIER_DOWNGRADE,ACTION_CHANGED,TIER_DOWNGRADE|ACTION_CHANGED,RESEARCH_ONLY challenger preview; production signal boards remain current_v1.
2025,1,,A.Shampklin,PIT,,RB,0.7683881235017976,5.906675700065159,11.642992921564256,1.7680937225018047,,,,0.0,0.0,0.0,0.0,0.0,0.0,0.0,0.0,0.0,0.0,0.0,0.0,0.0,0.0,0.0,0.0,0.0,0.0,0.0,0.0,0.0,0.0,0.0,0.0,,,,,,,,,,,,,,MISSING,HIGH,MISSING,67,True,True,False,25.0,66.67,50.07,,,,35,55,65.7,43.29,WATCH,1,0,0,5,usage foundation: 66.7; data quality: 65.7,"Context V1: defense fit missing/low reliability for some players; game environment missing for some players; weather, route share, first-read share, and coverage are not sourced.",,NEEDS DATA,NEEDS DATA,NEEDS DATA,DATA_NEEDS_LIVE_CONTEXT,HISTORICAL TEST ONLY,NO-GO,WATCH at 43.3. Main support: usage foundation: 66.7; data quality: 65.7. Main caution: projection strength: 25.0; role and availability context: 35.0.,WATCHLIST,usage foundation: 66.7,data quality: 65.7,projection strength: 25.0,role and availability context: 35.0,Medium,ROUTE_PROXY_UNVALIDATED|LOW_CURRENT_SAMPLE|LOW_PLAYER_SAMPLE,Medium,ROUTE_PROXY_UNVALIDATED|LOW_CURRENT_SAMPLE|LOW_PLAYER_SAMPLE|LOW_YARDAGE_SAMPLE,Medium,ROUTE_PROXY_UNVALIDATED|LOW_CURRENT_SAMPLE|LOW_PLAYER_SAMPLE|LOW_RUSH_SAMPLE,Medium,ROUTE_PROXY_UNVALIDATED|LOW_CURRENT_SAMPLE|LOW_PLAYER_SAMPLE|LOW_RUSH_SAMPLE|LOW_CARRY_SAMPLE,,,,,,,8,8,8,MISSING,MISSING,MISSING,Pre-target weekly player stats only.,,,,,No schedule game matched team/opponent.,,,,,,,,,,,,MISSING,MISSING,MISSING,LOW_RELIABILITY_DEFENSE_FIT: shrinkage applied to historical allowed stats.,"Context V1 uses pre-target weekly history, schedules.csv game lines where present, and shrinkage-adjusted defense allowed stats.",True,False,False,rushing,WATCH at 43.3. Main support: usage foundation: 66.7; data quality: 65.7. Main caution: projection strength: 25.0; role and availability context: 35.0.,,projection strength: 25.0; role and availability context: 35.0; missing signal count: 5,,weather not sourced; live role/injury gates not ready; defense fit limited; game environment limited,,missing signal count: 5,Research-only driver summary. Limitations: weather not sourced; live role/injury gates not ready; defense fit limited; game environment limited,RESEARCH_ONLY,current_v1,projection_heavy,43.29,WATCH,WATCHLIST,38.29,REVIEW,PRIORITY_REVIEW,-5.0,TIER_DOWNGRADE,ACTION_CHANGED,BIG_DOWNGRADE|TIER_DOWNGRADE|ACTION_CHANGED,RESEARCH_ONLY challenger preview; production signal boards remain current_v1.
2025,1,,T.McKee,PHI,NYG,QB,,,4.215764034082412,1.7545112325312144,,,,0.0,0.0,0.0,0.0,0.0,0.0,0.0,0.0,0.0,0.0,0.0,0.0,0.0,0.0,0.0,0.0,0.0,0.0,0.0,0.0,0.0,0.0,0.0,0.0,,,,,,,,,,,,,,MISSING,HIGH,MISSING,67,False,True,False,24.59,66.67,50.07,,,,35,55,65.7,43.11,WATCH,1,0,0,5,usage foundation: 66.7; data quality: 65.7,"Context V1: defense fit missing/low reliability for some players; game environment missing for some players; weather, route share, first-read share, and coverage are not sourced.",,NEEDS DATA,NEEDS DATA,NEEDS DATA,DATA_NEEDS_LIVE_CONTEXT,HISTORICAL TEST ONLY,NO-GO,WATCH at 43.1. Main support: usage foundation: 66.7; data quality: 65.7. Main caution: projection strength: 24.6; role and availability context: 35.0.,WATCHLIST,usage foundation: 66.7,data quality: 65.7,projection strength: 24.6,role and availability context: 35.0,,,,,Medium,ROUTE_PROXY_UNVALIDATED|LOW_CURRENT_SAMPLE|LOW_PLAYER_SAMPLE|LOW_RUSH_SAMPLE,Medium,ROUTE_PROXY_UNVALIDATED|LOW_CURRENT_SAMPLE|LOW_PLAYER_SAMPLE|LOW_RUSH_SAMPLE|LOW_CARRY_SAMPLE,,,,,,,8,8,8,MISSING,MISSING,MISSING,Pre-target weekly player stats only.,,,,,No schedule game matched team/opponent.,,,,,,,,,,,,MISSING,MISSING,MISSING,LOW_RELIABILITY_DEFENSE_FIT: shrinkage applied to historical allowed stats.,"Context V1 uses pre-target weekly history, schedules.csv game lines where present, and shrinkage-adjusted defense allowed stats.",True,False,False,rushing,WATCH at 43.1. Main support: usage foundation: 66.7; data quality: 65.7. Main caution: projection strength: 24.6; role and availability context: 35.0.,,projection strength: 24.6; role and availability context: 35.0; missing signal count: 5,,weather not sourced; live role/injury gates not ready; defense fit limited; game environment limited,,missing signal count: 5,Research-only driver summary. Limitations: weather not sourced; live role/injury gates not ready; defense fit limited; game environment limited,RESEARCH_ONLY,current_v1,projection_heavy,43.11,WATCH,WATCHLIST,38.04,REVIEW,PRIORITY_REVIEW,-5.07,TIER_DOWNGRADE,ACTION_CHANGED,BIG_DOWNGRADE|TIER_DOWNGRADE|ACTION_CHANGED,RESEARCH_ONLY challenger preview; production signal boards remain current_v1.
2025,1,,E.Gray,NYG,,RB,1.056601911103337,9.451922244034224,8.44380544521943,1.0566776849138255,,,,0.0,0.0,0.0,0.0,0.0,0.0,0.0,0.0,0.0,0.0,0.0,0.0,0.0,0.0,0.0,0.0,0.0,0.0,0.0,0.0,0.0,0.0,0.0,0.0,,,,,,,,,,,,,,MISSING,HIGH,MISSING,67,True,True,False,24.53,66.67,50.07,,,,35,55,65.7,43.08,WATCH,1,0,0,5,usage foundation: 66.7; data quality: 65.7,"Context V1: defense fit missing/low reliability for some players; game environment missing for some players; weather, route share, first-read share, and coverage are not sourced.",,NEEDS DATA,NEEDS DATA,NEEDS DATA,DATA_NEEDS_LIVE_CONTEXT,HISTORICAL TEST ONLY,NO-GO,WATCH at 43.1. Main support: usage foundation: 66.7; data quality: 65.7. Main caution: projection strength: 24.5; role and availability context: 35.0.,WATCHLIST,usage foundation: 66.7,data quality: 65.7,projection strength: 24.5,role and availability context: 35.0,Medium,ROUTE_PROXY_UNVALIDATED|LOW_CURRENT_SAMPLE,Medium,ROUTE_PROXY_UNVALIDATED|LOW_CURRENT_SAMPLE,Medium,ROUTE_PROXY_UNVALIDATED|LOW_CURRENT_SAMPLE,Medium,ROUTE_PROXY_UNVALIDATED|LOW_CURRENT_SAMPLE,,,,,,,8,8,8,MISSING,MISSING,MISSING,Pre-target weekly player stats only.,,,,,No schedule game matched team/opponent.,,,,,,,,,,,,MISSING,MISSING,MISSING,LOW_RELIABILITY_DEFENSE_FIT: shrinkage applied to historical allowed stats.,"Context V1 uses pre-target weekly history, schedules.csv game lines where present, and shrinkage-adjusted defense allowed stats.",True,False,False,rushing,WATCH at 43.1. Main support: usage foundation: 66.7; data quality: 65.7. Main caution: projection strength: 24.5; role and availability context: 35.0.,,projection strength: 24.5; role and availability context: 35.0; missing signal count: 5,,weather not sourced; live role/injury gates not ready; defense fit limited; game environment limited,,missing signal count: 5,Research-only driver summary. Limitations: weather not sourced; live role/injury gates not ready; defense fit limited; game environment limited,RESEARCH_ONLY,current_v1,projection_heavy,43.08,WATCH,WATCHLIST,38.01,REVIEW,PRIORITY_REVIEW,-5.07,TIER_DOWNGRADE,ACTION_CHANGED,BIG_DOWNGRADE|TIER_DOWNGRADE|ACTION_CHANGED,RESEARCH_ONLY challenger preview; production signal boards remain current_v1.
2025,1,,T.Taylor,NYJ,BUF,QB,,,11.551243676962333,1.1222806561140275,,,,0.0,0.0,0.0,0.0,0.0,0.0,0.0,0.0,0.0,0.0,0.0,0.0,0.0,0.0,0.0,0.0,0.0,0.0,0.0,0.0,0.0,0.0,0.0,0.0,,,,,,,,,,,,,,MISSING,HIGH,MISSING,67,False,True,False,24.25,66.67,50.07,,,,35,55,65.7,42.96,WATCH,1,0,0,5,usage foundation: 66.7; data quality: 65.7,"Context V1: defense fit missing/low reliability for some players; game environment missing for some players; weather, route share, first-read share, and coverage are not sourced.",,NEEDS DATA,NEEDS DATA,NEEDS DATA,DATA_NEEDS_LIVE_CONTEXT,HISTORICAL TEST ONLY,NO-GO,WATCH at 43.0. Main support: usage foundation: 66.7; data quality: 65.7. Main caution: projection strength: 24.2; role and availability context: 35.0.,WATCHLIST,usage foundation: 66.7,data quality: 65.7,projection strength: 24.2,role and availability context: 35.0,,,,,Medium,ROUTE_PROXY_UNVALIDATED|LOW_CURRENT_SAMPLE|LOW_PLAYER_SAMPLE,Medium,ROUTE_PROXY_UNVALIDATED|LOW_CURRENT_SAMPLE|LOW_PLAYER_SAMPLE,,,,,,,8,8,8,MISSING,MISSING,MISSING,Pre-target weekly player stats only.,,,,,No schedule game matched team/opponent.,,,,,,,,,,,,MISSING,MISSING,MISSING,LOW_RELIABILITY_DEFENSE_FIT: shrinkage applied to historical allowed stats.,"Context V1 uses pre-target weekly history, schedules.csv game lines where present, and shrinkage-adjusted defense allowed stats.",True,False,False,rushing,WATCH at 43.0. Main support: usage foundation: 66.7; data quality: 65.7. Main caution: projection strength: 24.2; role and availability context: 35.0.,,projection strength: 24.2; role and availability context: 35.0; missing signal count: 5,,weather not sourced; live role/injury gates not ready; defense fit limited; game environment limited,,missing signal count: 5,Research-only driver summary. Limitations: weather not sourced; live role/injury gates not ready; defense fit limited; game environment limited,RESEARCH_ONLY,current_v1,projection_heavy,42.96,WATCH,WATCHLIST,37.84,REVIEW,PRIORITY_REVIEW,-5.12,TIER_DOWNGRADE,ACTION_CHANGED,BIG_DOWNGRADE|TIER_DOWNGRADE|ACTION_CHANGED,RESEARCH_ONLY challenger preview; production signal boards remain current_v1.
2025,1,,M.Trubisky,BUF,DEN,QB,,,5.014100278626506,1.7463896729161716,,,,0.0,0.0,0.0,0.0,0.0,0.0,0.0,0.0,0.0,0.0,0.0,0.0,0.0,0.0,0.0,0.0,0.0,0.0,0.0,0.0,0.0,0.0,0.0,0.0,,,,,,,,,,,,,,MISSING,HIGH,MISSING,67,False,True,False,24.18,66.67,50.07,,,,35,55,65.7,42.93,WATCH,1,0,0,5,usage foundation: 66.7; data quality: 65.7,"Context V1: defense fit missing/low reliability for some players; game environment missing for some players; weather, route share, first-read share, and coverage are not sourced.",,NEEDS DATA,NEEDS DATA,NEEDS DATA,DATA_NEEDS_LIVE_CONTEXT,HISTORICAL TEST ONLY,NO-GO,WATCH at 42.9. Main support: usage foundation: 66.7; data quality: 65.7. Main caution: projection strength: 24.2; role and availability context: 35.0.,WATCHLIST,usage foundation: 66.7,data quality: 65.7,projection strength: 24.2,role and availability context: 35.0,,,,,Medium,ROUTE_PROXY_UNVALIDATED|LOW_CURRENT_SAMPLE|LOW_PLAYER_SAMPLE,Medium,ROUTE_PROXY_UNVALIDATED|LOW_CURRENT_SAMPLE|LOW_PLAYER_SAMPLE,,,,,,,8,8,8,MISSING,MISSING,MISSING,Pre-target weekly player stats only.,,,,,No schedule game matched team/opponent.,,,,,,,,,,,,MISSING,MISSING,MISSING,LOW_RELIABILITY_DEFENSE_FIT: shrinkage applied to historical allowed stats.,"Context V1 uses pre-target weekly history, schedules.csv game lines where present, and shrinkage-adjusted defense allowed stats.",True,False,False,rushing,WATCH at 42.9. Main support: usage foundation: 66.7; data quality: 65.7. Main caution: projection strength: 24.2; role and availability context: 35.0.,,projection strength: 24.2; role and availability context: 35.0; missing signal count: 5,,weather not sourced; live role/injury gates not ready; defense fit limited; game environment limited,,missing signal count: 5,Research-only driver summary. Limitations: weather not sourced; live role/injury gates not ready; defense fit limited; game environment limited,RESEARCH_ONLY,current_v1,projection_heavy,42.93,WATCH,WATCHLIST,37.8,REVIEW,PRIORITY_REVIEW,-5.13,TIER_DOWNGRADE,ACTION_CHANGED,BIG_DOWNGRADE|TIER_DOWNGRADE|ACTION_CHANGED,RESEARCH_ONLY challenger preview; production signal boards remain current_v1.
2025,1,,K.Ingram,KC,,RB,0.8101755471723389,6.087319031029587,11.465418828003267,,,,,0.0,0.0,0.0,0.0,0.0,0.0,0.0,0.0,0.0,0.0,0.0,0.0,0.0,0.0,0.0,0.0,0.0,0.0,0.0,0.0,0.0,0.0,0.0,0.0,,,,,,,,,,,,,,MISSING,HIGH,MISSING,67,True,True,False,23.88,66.67,50.07,,,,35,55,65.7,42.8,WATCH,1,0,0,5,usage foundation: 66.7; data quality: 65.7,"Context V1: defense fit missing/low reliability for some players; game environment missing for some players; weather, route share, first-read share, and coverage are not sourced.",,NEEDS DATA,NEEDS DATA,NEEDS DATA,DATA_NEEDS_LIVE_CONTEXT,HISTORICAL TEST ONLY,NO-GO,WATCH at 42.8. Main support: usage foundation: 66.7; data quality: 65.7. Main caution: projection strength: 23.9; role and availability context: 35.0.,WATCHLIST,usage foundation: 66.7,data quality: 65.7,projection strength: 23.9,role and availability context: 35.0,Medium,ROUTE_PROXY_UNVALIDATED|LOW_CURRENT_SAMPLE|LOW_PLAYER_SAMPLE,Medium,ROUTE_PROXY_UNVALIDATED|LOW_CURRENT_SAMPLE|LOW_PLAYER_SAMPLE|LOW_YARDAGE_SAMPLE,Medium,ROUTE_PROXY_UNVALIDATED|LOW_CURRENT_SAMPLE|LOW_PLAYER_SAMPLE,,,,,,,,,8,8,8,MISSING,MISSING,MISSING,Pre-target weekly player stats only.,,,,,No schedule game matched team/opponent.,,,,,,,,,,,,MISSING,MISSING,MISSING,LOW_RELIABILITY_DEFENSE_FIT: shrinkage applied to historical allowed stats.,"Context V1 uses pre-target weekly history, schedules.csv game lines where present, and shrinkage-adjusted defense allowed stats.",True,False,False,rushing,WATCH at 42.8. Main support: usage foundation: 66.7; data quality: 65.7. Main caution: projection strength: 23.9; role and availability context: 35.0.,,projection strength: 23.9; role and availability context: 35.0; missing signal count: 5,,weather not sourced; live role/injury gates not ready; defense fit limited; game environment limited,,missing signal count: 5,Research-only driver summary. Limitations: weather not sourced; live role/injury gates not ready; defense fit limited; game environment limited,RESEARCH_ONLY,current_v1,projection_heavy,42.8,WATCH,WATCHLIST,37.63,REVIEW,PRIORITY_REVIEW,-5.17,TIER_DOWNGRADE,ACTION_CHANGED,BIG_DOWNGRADE|TIER_DOWNGRADE|ACTION_CHANGED,RESEARCH_ONLY challenger preview; production signal boards remain current_v1.
2025,1,,M.Penix,ATL,CAR,QB,,,5.04978096615405,1.729238008616698,,,,0.0,0.0,0.0,0.0,0.0,0.0,0.0,0.0,0.0,0.0,0.0,0.0,0.0,0.0,0.0,0.0,0.0,0.0,0.0,0.0,0.0,0.0,0.0,0.0,,,,,,,,,,,,,,MISSING,HIGH,MISSING,67,False,True,False,23.77,66.67,50.07,,,,35,55,65.7,42.75,WATCH,1,0,0,5,usage foundation: 66.7; data quality: 65.7,"Context V1: defense fit missing/low reliability for some players; game environment missing for some players; weather, route share, first-read share, and coverage are not sourced.",,NEEDS DATA,NEEDS DATA,NEEDS DATA,DATA_NEEDS_LIVE_CONTEXT,HISTORICAL TEST ONLY,NO-GO,WATCH at 42.8. Main support: usage foundation: 66.7; data quality: 65.7. Main caution: projection strength: 23.8; role and availability context: 35.0.,WATCHLIST,usage foundation: 66.7,data quality: 65.7,projection strength: 23.8,role and availability context: 35.0,,,,,Medium,ROUTE_PROXY_UNVALIDATED|LOW_CURRENT_SAMPLE|LOW_PLAYER_SAMPLE|LOW_RUSH_SAMPLE,Medium,ROUTE_PROXY_UNVALIDATED|LOW_CURRENT_SAMPLE|LOW_PLAYER_SAMPLE|LOW_RUSH_SAMPLE|LOW_CARRY_SAMPLE,,,,,,,8,8,8,MISSING,MISSING,MISSING,Pre-target weekly player stats only.,,,,,No schedule game matched team/opponent.,,,,,,,,,,,,MISSING,MISSING,MISSING,LOW_RELIABILITY_DEFENSE_FIT: shrinkage applied to historical allowed stats.,"Context V1 uses pre-target weekly history, schedules.csv game lines where present, and shrinkage-adjusted defense allowed stats.",True,False,False,rushing,WATCH at 42.8. Main support: usage foundation: 66.7; data quality: 65.7. Main caution: projection strength: 23.8; role and availability context: 35.0.,,projection strength: 23.8; role and availability context: 35.0; missing signal count: 5,,weather not sourced; live role/injury gates not ready; defense fit limited; game environment limited,,missing signal count: 5,Research-only driver summary. Limitations: weather not sourced; live role/injury gates not ready; defense fit limited; game environment limited,RESEARCH_ONLY,current_v1,projection_heavy,42.75,WATCH,WATCHLIST,37.56,REVIEW,PRIORITY_REVIEW,-5.19,TIER_DOWNGRADE,ACTION_CHANGED,BIG_DOWNGRADE|TIER_DOWNGRADE|ACTION_CHANGED,RESEARCH_ONLY challenger preview; production signal boards remain current_v1.
2025,1,,K.Vaughn,SF,,RB,0.909902061688486,6.531092218080343,11.179192870598076,1.4166892368296995,,,,0.0,0.0,0.0,0.0,0.0,0.0,0.0,0.0,0.0,0.0,0.0,0.0,0.0,0.0,0.0,0.0,0.0,0.0,0.0,0.0,0.0,0.0,0.0,0.0,,,,,,,,,,,,,,MISSING,HIGH,MISSING,67,True,True,False,23.13,66.67,50.07,,,,35,55,65.7,42.47,WATCH,1,0,0,5,usage foundation: 66.7; data quality: 65.7,"Context V1: defense fit missing/low reliability for some players; game environment missing for some players; weather, route share, first-read share, and coverage are not sourced.",,NEEDS DATA,NEEDS DATA,NEEDS DATA,DATA_NEEDS_LIVE_CONTEXT,HISTORICAL TEST ONLY,NO-GO,WATCH at 42.5. Main support: usage foundation: 66.7; data quality: 65.7. Main caution: projection strength: 23.1; role and availability context: 35.0.,WATCHLIST,usage foundation: 66.7,data quality: 65.7,projection strength: 23.1,role and availability context: 35.0,Medium,ROUTE_PROXY_UNVALIDATED|LOW_CURRENT_SAMPLE|LOW_PLAYER_SAMPLE,Medium,ROUTE_PROXY_UNVALIDATED|LOW_CURRENT_SAMPLE|LOW_PLAYER_SAMPLE|LOW_YARDAGE_SAMPLE,Medium,ROUTE_PROXY_UNVALIDATED|LOW_CURRENT_SAMPLE|LOW_PLAYER_SAMPLE,Medium,ROUTE_PROXY_UNVALIDATED|LOW_CURRENT_SAMPLE|LOW_PLAYER_SAMPLE,,,,,,,8,8,8,MISSING,MISSING,MISSING,Pre-target weekly player stats only.,,,,,No schedule game matched team/opponent.,,,,,,,,,,,,MISSING,MISSING,MISSING,LOW_RELIABILITY_DEFENSE_FIT: shrinkage applied to historical allowed stats.,"Context V1 uses pre-target weekly history, schedules.csv game lines where present, and shrinkage-adjusted defense allowed stats.",True,False,False,rushing,WATCH at 42.5. Main support: usage foundation: 66.7; data quality: 65.7. Main caution: projection strength: 23.1; role and availability context: 35.0.,,projection strength: 23.1; role and availability context: 35.0; missing signal count: 5,,weather not sourced; live role/injury gates not ready; defense fit limited; game environment limited,,missing signal count: 5,Research-only driver summary. Limitations: weather not sourced; live role/injury gates not ready; defense fit limited; game environment limited,RESEARCH_ONLY,current_v1,projection_heavy,42.47,WATCH,WATCHLIST,37.19,REVIEW,PRIORITY_REVIEW,-5.28,TIER_DOWNGRADE,ACTION_CHANGED,BIG_DOWNGRADE|TIER_DOWNGRADE|ACTION_CHANGED,RESEARCH_ONLY challenger preview; production signal boards remain current_v1.
2025,1,,J.Brissett,NE,LAC,QB,,,10.809952413366377,1.2239610686672118,,,,0.0,0.0,0.0,0.0,0.0,0.0,0.0,0.0,0.0,0.0,0.0,0.0,0.0,0.0,0.0,0.0,0.0,0.0,0.0,0.0,0.0,0.0,0.0,0.0,,,,,,,,,,,,,,MISSING,HIGH,MISSING,67,False,True,False,22.39,66.67,50.07,,,,35,55,65.7,42.14,WATCH,1,0,0,5,usage foundation: 66.7; data quality: 65.7,"Context V1: defense fit missing/low reliability for some players; game environment missing for some players; weather, route share, first-read share, and coverage are not sourced.",,NEEDS DATA,NEEDS DATA,NEEDS DATA,DATA_NEEDS_LIVE_CONTEXT,HISTORICAL TEST ONLY,NO-GO,WATCH at 42.1. Main support: usage foundation: 66.7; data quality: 65.7. Main caution: projection strength: 22.4; role and availability context: 35.0.,WATCHLIST,usage foundation: 66.7,data quality: 65.7,projection strength: 22.4,role and availability context: 35.0,,,,,Medium,ROUTE_PROXY_UNVALIDATED|LOW_CURRENT_SAMPLE|LOW_PLAYER_SAMPLE|LOW_RUSH_SAMPLE,Medium,ROUTE_PROXY_UNVALIDATED|LOW_CURRENT_SAMPLE|LOW_PLAYER_SAMPLE|LOW_RUSH_SAMPLE|LOW_CARRY_SAMPLE,,,,,,,8,8,8,MISSING,MISSING,MISSING,Pre-target weekly player stats only.,,,,,No schedule game matched team/opponent.,,,,,,,,,,,,MISSING,MISSING,MISSING,LOW_RELIABILITY_DEFENSE_FIT: shrinkage applied to historical allowed stats.,"Context V1 uses pre-target weekly history, schedules.csv game lines where present, and shrinkage-adjusted defense allowed stats.",True,False,False,rushing,WATCH at 42.1. Main support: usage foundation: 66.7; data quality: 65.7. Main caution: projection strength: 22.4; role and availability context: 35.0.,,projection strength: 22.4; role and availability context: 35.0; missing signal count: 5,,weather not sourced; live role/injury gates not ready; defense fit limited; game environment limited,,missing signal count: 5,Research-only driver summary. Limitations: weather not sourced; live role/injury gates not ready; defense fit limited; game environment limited,RESEARCH_ONLY,current_v1,projection_heavy,42.14,WATCH,WATCHLIST,36.75,REVIEW,PRIORITY_REVIEW,-5.39,TIER_DOWNGRADE,ACTION_CHANGED,BIG_DOWNGRADE|TIER_DOWNGRADE|ACTION_CHANGED,RESEARCH_ONLY challenger preview; production signal boards remain current_v1.
2025,1,,K.Pickett,PHI,KC,QB,,,5.47326307929968,1.6663902398696064,,,,0.0,0.0,0.0,0.0,0.0,0.0,0.0,0.0,0.0,0.0,0.0,0.0,0.0,0.0,0.0,0.0,0.0,0.0,0.0,0.0,0.0,0.0,0.0,0.0,,,,,,,,,,,,,,MISSING,HIGH,MISSING,67,False,True,False,22.13,66.67,50.07,,,,35,55,65.7,42.03,WATCH,1,0,0,5,usage foundation: 66.7; data quality: 65.7,"Context V1: defense fit missing/low reliability for some players; game environment missing for some players; weather, route share, first-read share, and coverage are not sourced.",,NEEDS DATA,NEEDS DATA,NEEDS DATA,DATA_NEEDS_LIVE_CONTEXT,HISTORICAL TEST ONLY,NO-GO,WATCH at 42.0. Main support: usage foundation: 66.7; data quality: 65.7. Main caution: projection strength: 22.1; role and availability context: 35.0.,WATCHLIST,usage foundation: 66.7,data quality: 65.7,projection strength: 22.1,role and availability context: 35.0,,,,,Medium,ROUTE_PROXY_UNVALIDATED|LOW_CURRENT_SAMPLE|LOW_PLAYER_SAMPLE,Medium,ROUTE_PROXY_UNVALIDATED|LOW_CURRENT_SAMPLE|LOW_PLAYER_SAMPLE,,,,,,,8,8,8,MISSING,MISSING,MISSING,Pre-target weekly player stats only.,,,,,No schedule game matched team/opponent.,,,,,,,,,,,,MISSING,MISSING,MISSING,LOW_RELIABILITY_DEFENSE_FIT: shrinkage applied to historical allowed stats.,"Context V1 uses pre-target weekly history, schedules.csv game lines where present, and shrinkage-adjusted defense allowed stats.",True,False,False,rushing,WATCH at 42.0. Main support: usage foundation: 66.7; data quality: 65.7. Main caution: projection strength: 22.1; role and availability context: 35.0.,,projection strength: 22.1; role and availability context: 35.0; missing signal count: 5,,weather not sourced; live role/injury gates not ready; defense fit limited; game environment limited,,missing signal count: 5,Research-only driver summary. Limitations: weather not sourced; live role/injury gates not ready; defense fit limited; game environment limited,RESEARCH_ONLY,current_v1,projection_heavy,42.03,WATCH,WATCHLIST,36.6,REVIEW,PRIORITY_REVIEW,-5.43,TIER_DOWNGRADE,ACTION_CHANGED,BIG_DOWNGRADE|TIER_DOWNGRADE|ACTION_CHANGED,RESEARCH_ONLY challenger preview; production signal boards remain current_v1.
2025,1,,D.Ridder,LV,LAC,QB,,,10.603026198737346,1.1547590984311962,,,,0.0,0.0,0.0,0.0,0.0,0.0,0.0,0.0,0.0,0.0,0.0,0.0,0.0,0.0,0.0,0.0,0.0,0.0,0.0,0.0,0.0,0.0,0.0,0.0,,,,,,,,,,,,,,MISSING,HIGH,MISSING,67,False,True,False,21.64,66.67,50.07,,,,35,55,65.7,41.82,WATCH,1,0,0,5,usage foundation: 66.7; data quality: 65.7,"Context V1: defense fit missing/low reliability for some players; game environment missing for some players; weather, route share, first-read share, and coverage are not sourced.",,NEEDS DATA,NEEDS DATA,NEEDS DATA,DATA_NEEDS_LIVE_CONTEXT,HISTORICAL TEST ONLY,NO-GO,WATCH at 41.8. Main support: usage foundation: 66.7; data quality: 65.7. Main caution: projection strength: 21.6; role and availability context: 35.0.,WATCHLIST,usage foundation: 66.7,data quality: 65.7,projection strength: 21.6,role and availability context: 35.0,,,,,Medium,ROUTE_PROXY_UNVALIDATED|LOW_CURRENT_SAMPLE|LOW_PLAYER_SAMPLE,Medium,ROUTE_PROXY_UNVALIDATED|LOW_CURRENT_SAMPLE|LOW_PLAYER_SAMPLE,,,,,,,8,8,8,MISSING,MISSING,MISSING,Pre-target weekly player stats only.,,,,,No schedule game matched team/opponent.,,,,,,,,,,,,MISSING,MISSING,MISSING,LOW_RELIABILITY_DEFENSE_FIT: shrinkage applied to historical allowed stats.,"Context V1 uses pre-target weekly history, schedules.csv game lines where present, and shrinkage-adjusted defense allowed stats.",True,False,False,rushing,WATCH at 41.8. Main support: usage foundation: 66.7; data quality: 65.7. Main caution: projection strength: 21.6; role and availability context: 35.0.,,projection strength: 21.6; role and availability context: 35.0; missing signal count: 5,,weather not sourced; live role/injury gates not ready; defense fit limited; game environment limited,,missing signal count: 5,Research-only driver summary. Limitations: weather not sourced; live role/injury gates not ready; defense fit limited; game environment limited,RESEARCH_ONLY,current_v1,projection_heavy,41.82,WATCH,WATCHLIST,36.31,REVIEW,PRIORITY_REVIEW,-5.51,TIER_DOWNGRADE,ACTION_CHANGED,BIG_DOWNGRADE|TIER_DOWNGRADE|ACTION_CHANGED,RESEARCH_ONLY challenger preview; production signal boards remain current_v1.
2025,1,,G.Holani,SEA,,RB,0.97562950510511,,9.974619799465607,1.6129555482024898,,,,0.0,0.0,0.0,0.0,0.0,0.0,0.0,0.0,0.0,0.0,0.0,0.0,0.0,0.0,0.0,0.0,0.0,0.0,0.0,0.0,0.0,0.0,0.0,0.0,,,,,,,,,,,,,,MISSING,HIGH,MISSING,67,True,True,False,20.52,66.67,50.07,,,,35,55,65.7,41.33,WATCH,1,0,0,5,usage foundation: 66.7; data quality: 65.7,"Context V1: defense fit missing/low reliability for some players; game environment missing for some players; weather, route share, first-read share, and coverage are not sourced.",,NEEDS DATA,NEEDS DATA,NEEDS DATA,DATA_NEEDS_LIVE_CONTEXT,HISTORICAL TEST ONLY,NO-GO,WATCH at 41.3. Main support: usage foundation: 66.7; data quality: 65.7. Main caution: projection strength: 20.5; role and availability context: 35.0.,WATCHLIST,usage foundation: 66.7,data quality: 65.7,projection strength: 20.5,role and availability context: 35.0,Medium,ROUTE_PROXY_UNVALIDATED|LOW_CURRENT_SAMPLE|LOW_PLAYER_SAMPLE,,,Medium,ROUTE_PROXY_UNVALIDATED|LOW_CURRENT_SAMPLE|LOW_PLAYER_SAMPLE|LOW_RUSH_SAMPLE,Medium,ROUTE_PROXY_UNVALIDATED|LOW_CURRENT_SAMPLE|LOW_PLAYER_SAMPLE|LOW_RUSH_SAMPLE|LOW_CARRY_SAMPLE,,,,,,,8,8,8,MISSING,MISSING,MISSING,Pre-target weekly player stats only.,,,,,No schedule game matched team/opponent.,,,,,,,,,,,,MISSING,MISSING,MISSING,LOW_RELIABILITY_DEFENSE_FIT: shrinkage applied to historical allowed stats.,"Context V1 uses pre-target weekly history, schedules.csv game lines where present, and shrinkage-adjusted defense allowed stats.",True,False,False,rushing,WATCH at 41.3. Main support: usage foundation: 66.7; data quality: 65.7. Main caution: projection strength: 20.5; role and availability context: 35.0.,,projection strength: 20.5; role and availability context: 35.0; missing signal count: 5,,weather not sourced; live role/injury gates not ready; defense fit limited; game environment limited,,missing signal count: 5,Research-only driver summary. Limitations: weather not sourced; live role/injury gates not ready; defense fit limited; game environment limited,RESEARCH_ONLY,current_v1,projection_heavy,41.33,WATCH,WATCHLIST,35.65,REVIEW,PRIORITY_REVIEW,-5.68,TIER_DOWNGRADE,ACTION_CHANGED,BIG_DOWNGRADE|TIER_DOWNGRADE|ACTION_CHANGED,RESEARCH_ONLY challenger preview; production signal boards remain current_v1.
2025,1,,S.Clifford,GB,MIN,QB,,,9.644682259053926,1.4302093881630913,,,,0.0,0.0,0.0,0.0,0.0,0.0,0.0,0.0,0.0,0.0,0.0,0.0,0.0,0.0,0.0,0.0,0.0,0.0,0.0,0.0,0.0,0.0,0.0,0.0,,,,,,,,,,,,,,MISSING,HIGH,MISSING,67,False,True,False,19.78,66.67,50.07,,,,35,55,65.7,41.0,WATCH,1,0,0,5,usage foundation: 66.7; data quality: 65.7,"Context V1: defense fit missing/low reliability for some players; game environment missing for some players; weather, route share, first-read share, and coverage are not sourced.",,NEEDS DATA,NEEDS DATA,NEEDS DATA,DATA_NEEDS_LIVE_CONTEXT,HISTORICAL TEST ONLY,NO-GO,WATCH at 41.0. Main support: usage foundation: 66.7; data quality: 65.7. Main caution: projection strength: 19.8; role and availability context: 35.0.,WATCHLIST,usage foundation: 66.7,data quality: 65.7,projection strength: 19.8,role and availability context: 35.0,,,,,Medium,ROUTE_PROXY_UNVALIDATED|LOW_CURRENT_SAMPLE|LOW_PLAYER_SAMPLE|LOW_RUSH_SAMPLE,Medium,ROUTE_PROXY_UNVALIDATED|LOW_CURRENT_SAMPLE|LOW_PLAYER_SAMPLE|LOW_RUSH_SAMPLE|LOW_CARRY_SAMPLE,,,,,,,8,8,8,MISSING,MISSING,MISSING,Pre-target weekly player stats only.,,,,,No schedule game matched team/opponent.,,,,,,,,,,,,MISSING,MISSING,MISSING,LOW_RELIABILITY_DEFENSE_FIT: shrinkage applied to historical allowed stats.,"Context V1 uses pre-target weekly history, schedules.csv game lines where present, and shrinkage-adjusted defense allowed stats.",True,False,False,rushing,WATCH at 41.0. Main support: usage foundation: 66.7; data quality: 65.7. Main caution: projection strength: 19.8; role and availability context: 35.0.,,projection strength: 19.8; role and availability context: 35.0; missing signal count: 5,,weather not sourced; live role/injury gates not ready; defense fit limited; game environment limited,,missing signal count: 5,Research-only driver summary. Limitations: weather not sourced; live role/injury gates not ready; defense fit limited; game environment limited,RESEARCH_ONLY,current_v1,projection_heavy,41.0,WATCH,WATCHLIST,35.21,REVIEW,PRIORITY_REVIEW,-5.79,TIER_DOWNGRADE,ACTION_CHANGED,BIG_DOWNGRADE|TIER_DOWNGRADE|ACTION_CHANGED,RESEARCH_ONLY challenger preview; production signal boards remain current_v1.
2025,1,,B.Hoyer,LV,CHI,QB,,,9.389058101060666,1.3591663635499314,,,,0.0,0.0,0.0,0.0,0.0,0.0,0.0,0.0,0.0,0.0,0.0,0.0,0.0,0.0,0.0,0.0,0.0,0.0,0.0,0.0,0.0,0.0,0.0,0.0,,,,,,,,,,,,,,MISSING,HIGH,MISSING,67,False,True,False,19.4,66.67,50.07,,,,35,55,65.7,40.84,WATCH,1,0,0,5,usage foundation: 66.7; data quality: 65.7,"Context V1: defense fit missing/low reliability for some players; game environment missing for some players; weather, route share, first-read share, and coverage are not sourced.",,NEEDS DATA,NEEDS DATA,NEEDS DATA,DATA_NEEDS_LIVE_CONTEXT,HISTORICAL TEST ONLY,NO-GO,WATCH at 40.8. Main support: usage foundation: 66.7; data quality: 65.7. Main caution: projection strength: 19.4; role and availability context: 35.0.,WATCHLIST,usage foundation: 66.7,data quality: 65.7,projection strength: 19.4,role and availability context: 35.0,,,,,Medium,ROUTE_PROXY_UNVALIDATED|LOW_CURRENT_SAMPLE|LOW_PLAYER_SAMPLE|LOW_RUSH_SAMPLE,Medium,ROUTE_PROXY_UNVALIDATED|LOW_CURRENT_SAMPLE|LOW_PLAYER_SAMPLE|LOW_RUSH_SAMPLE|LOW_CARRY_SAMPLE,,,,,,,8,8,8,MISSING,MISSING,MISSING,Pre-target weekly player stats only.,,,,,No schedule game matched team/opponent.,,,,,,,,,,,,MISSING,MISSING,MISSING,LOW_RELIABILITY_DEFENSE_FIT: shrinkage applied to historical allowed stats.,"Context V1 uses pre-target weekly history, schedules.csv game lines where present, and shrinkage-adjusted defense allowed stats.",True,False,False,rushing,WATCH at 40.8. Main support: usage foundation: 66.7; data quality: 65.7. Main caution: projection strength: 19.4; role and availability context: 35.0.,,projection strength: 19.4; role and availability context: 35.0; missing signal count: 5,,weather not sourced; live role/injury gates not ready; defense fit limited; game environment limited,,missing signal count: 5,Research-only driver summary. Limitations: weather not sourced; live role/injury gates not ready; defense fit limited; game environment limited,RESEARCH_ONLY,current_v1,projection_heavy,40.84,WATCH,WATCHLIST,34.99,REVIEW,PRIORITY_REVIEW,-5.85,TIER_DOWNGRADE,ACTION_CHANGED,BIG_DOWNGRADE|TIER_DOWNGRADE|ACTION_CHANGED,RESEARCH_ONLY challenger preview; production signal boards remain current_v1.
2025,1,,T.Williams,CIN,,RB,0.9392462080074868,6.837050747135228,9.31338581022101,1.27127673733842,,,,0.0,0.0,0.0,0.0,0.0,0.0,0.0,0.0,0.0,0.0,0.0,0.0,0.0,0.0,0.0,0.0,0.0,0.0,0.0,0.0,0.0,0.0,0.0,0.0,,,,,,,,,,,,,,MISSING,HIGH,MISSING,67,True,True,False,18.28,66.67,50.07,,,,35,55,65.7,40.35,WATCH,1,0,0,5,usage foundation: 66.7; data quality: 65.7,"Context V1: defense fit missing/low reliability for some players; game environment missing for some players; weather, route share, first-read share, and coverage are not sourced.",,NEEDS DATA,NEEDS DATA,NEEDS DATA,DATA_NEEDS_LIVE_CONTEXT,HISTORICAL TEST ONLY,NO-GO,WATCH at 40.4. Main support: usage foundation: 66.7; data quality: 65.7. Main caution: projection strength: 18.3; role and availability context: 35.0.,WATCHLIST,usage foundation: 66.7,data quality: 65.7,projection strength: 18.3,role and availability context: 35.0,Medium,ROUTE_PROXY_UNVALIDATED|LOW_CURRENT_SAMPLE|LOW_PLAYER_SAMPLE,Medium,ROUTE_PROXY_UNVALIDATED|LOW_CURRENT_SAMPLE|LOW_PLAYER_SAMPLE|LOW_YARDAGE_SAMPLE,Medium,ROUTE_PROXY_UNVALIDATED|LOW_CURRENT_SAMPLE|LOW_PLAYER_SAMPLE|LOW_RUSH_SAMPLE,Medium,ROUTE_PROXY_UNVALIDATED|LOW_CURRENT_SAMPLE|LOW_PLAYER_SAMPLE|LOW_RUSH_SAMPLE|LOW_CARRY_SAMPLE,,,,,,,8,8,8,MISSING,MISSING,MISSING,Pre-target weekly player stats only.,,,,,No schedule game matched team/opponent.,,,,,,,,,,,,MISSING,MISSING,MISSING,LOW_RELIABILITY_DEFENSE_FIT: shrinkage applied to historical allowed stats.,"Context V1 uses pre-target weekly history, schedules.csv game lines where present, and shrinkage-adjusted defense allowed stats.",True,False,False,rushing,WATCH at 40.4. Main support: usage foundation: 66.7; data quality: 65.7. Main caution: projection strength: 18.3; role and availability context: 35.0.,,projection strength: 18.3; role and availability context: 35.0; missing signal count: 5,,weather not sourced; live role/injury gates not ready; defense fit limited; game environment limited,,missing signal count: 5,Research-only driver summary. Limitations: weather not sourced; live role/injury gates not ready; defense fit limited; game environment limited,RESEARCH_ONLY,current_v1,projection_heavy,40.35,WATCH,WATCHLIST,34.33,REVIEW,PRIORITY_REVIEW,-6.02,TIER_DOWNGRADE,ACTION_CHANGED,BIG_DOWNGRADE|TIER_DOWNGRADE|ACTION_CHANGED,RESEARCH_ONLY challenger preview; production signal boards remain current_v1.
2025,1,,T.Bagent,CHI,MIN,QB,,,4.863165216764747,1.567190970034593,,,,0.0,0.0,0.0,0.0,0.0,0.0,0.0,0.0,0.0,0.0,0.0,0.0,0.0,0.0,0.0,0.0,0.0,0.0,0.0,0.0,0.0,0.0,0.0,0.0,,,,,,,,,,,,,,MISSING,HIGH,MISSING,67,False,True,False,17.62,66.67,50.07,,,,35,55,65.7,40.06,WATCH,1,0,0,5,usage foundation: 66.7; data quality: 65.7,"Context V1: defense fit missing/low reliability for some players; game environment missing for some players; weather, route share, first-read share, and coverage are not sourced.",,NEEDS DATA,NEEDS DATA,NEEDS DATA,DATA_NEEDS_LIVE_CONTEXT,HISTORICAL TEST ONLY,NO-GO,WATCH at 40.1. Main support: usage foundation: 66.7; data quality: 65.7. Main caution: projection strength: 17.6; role and availability context: 35.0.,WATCHLIST,usage foundation: 66.7,data quality: 65.7,projection strength: 17.6,role and availability context: 35.0,,,,,Medium,ROUTE_PROXY_UNVALIDATED|LOW_CURRENT_SAMPLE|LOW_PLAYER_SAMPLE,Medium,ROUTE_PROXY_UNVALIDATED|LOW_CURRENT_SAMPLE|LOW_PLAYER_SAMPLE,,,,,,,8,8,8,MISSING,MISSING,MISSING,Pre-target weekly player stats only.,,,,,No schedule game matched team/opponent.,,,,,,,,,,,,MISSING,MISSING,MISSING,LOW_RELIABILITY_DEFENSE_FIT: shrinkage applied to historical allowed stats.,"Context V1 uses pre-target weekly history, schedules.csv game lines where present, and shrinkage-adjusted defense allowed stats.",True,False,False,rushing,WATCH at 40.1. Main support: usage foundation: 66.7; data quality: 65.7. Main caution: projection strength: 17.6; role and availability context: 35.0.,,projection strength: 17.6; role and availability context: 35.0; missing signal count: 5,,weather not sourced; live role/injury gates not ready; defense fit limited; game environment limited,,missing signal count: 5,Research-only driver summary. Limitations: weather not sourced; live role/injury gates not ready; defense fit limited; game environment limited,RESEARCH_ONLY,current_v1,projection_heavy,40.06,WATCH,WATCHLIST,33.94,REVIEW,PRIORITY_REVIEW,-6.12,TIER_DOWNGRADE,ACTION_CHANGED,BIG_DOWNGRADE|TIER_DOWNGRADE|ACTION_CHANGED,RESEARCH_ONLY challenger preview; production signal boards remain current_v1.
2025,1,,T.Heinicke,LAC,NE,QB,,,12.510824768571208,,,,,0.0,0.0,0.0,0.0,0.0,0.0,0.0,0.0,0.0,0.0,0.0,0.0,0.0,0.0,0.0,0.0,0.0,0.0,0.0,0.0,0.0,0.0,0.0,0.0,,,,,,,,,,,,,,MISSING,HIGH,MISSING,67,False,True,False,26.49,33.33,50.07,,,,35,55,65.7,35.6,REVIEW,0,0,0,5,data quality: 65.7,"Context V1: defense fit missing/low reliability for some players; game environment missing for some players; weather, route share, first-read share, and coverage are not sourced.",,NEEDS DATA,NEEDS DATA,NEEDS DATA,DATA_NEEDS_LIVE_CONTEXT,HISTORICAL TEST ONLY,NO-GO,REVIEW at 35.6. Main support: data quality: 65.7. Main caution: projection strength: 26.5; usage foundation: 33.3.,PRIORITY_REVIEW,data quality: 65.7,,projection strength: 26.5,usage foundation: 33.3,,,,,Medium,ROUTE_PROXY_UNVALIDATED|LOW_CURRENT_SAMPLE|LOW_PLAYER_SAMPLE|LOW_RUSH_SAMPLE,,,,,,,,,8,8,8,MISSING,MISSING,MISSING,Pre-target weekly player stats only.,,,,,No schedule game matched team/opponent.,,,,,,,,,,,,MISSING,MISSING,MISSING,LOW_RELIABILITY_DEFENSE_FIT: shrinkage applied to historical allowed stats.,"Context V1 uses pre-target weekly history, schedules.csv game lines where present, and shrinkage-adjusted defense allowed stats.",True,False,False,rushing,REVIEW at 35.6. Main support: data quality: 65.7. Main caution: projection strength: 26.5; usage foundation: 33.3.,,projection strength: 26.5; usage foundation: 33.3; role and availability context: 35.0,,weather not sourced; live role/injury gates not ready; defense fit limited; game environment limited,,role and availability context: 35.0,Research-only driver summary. Limitations: weather not sourced; live role/injury gates not ready; defense fit limited; game environment limited,RESEARCH_ONLY,current_v1,projection_heavy,35.6,REVIEW,PRIORITY_REVIEW,33.28,REVIEW,PRIORITY_REVIEW,-2.32,NO_TIER_CHANGE,NO_ACTION_CHANGE,NO_MEANINGFUL_CHANGE,RESEARCH_ONLY challenger preview; production signal boards remain current_v1.
2025,1,,K.Trask,TB,CAR,QB,,,3.079098802344635,1.5154005147127556,,,,0.0,0.0,0.0,0.0,0.0,0.0,0.0,0.0,0.0,0.0,0.0,0.0,0.0,0.0,0.0,0.0,0.0,0.0,0.0,0.0,0.0,0.0,0.0,0.0,,,,,,,,,,,,,,MISSING,HIGH,MISSING,67,False,True,False,15.98,66.67,50.07,,,,35,55,65.7,39.34,REVIEW,1,0,0,5,usage foundation: 66.7; data quality: 65.7,"Context V1: defense fit missing/low reliability for some players; game environment missing for some players; weather, route share, first-read share, and coverage are not sourced.",,NEEDS DATA,NEEDS DATA,NEEDS DATA,DATA_NEEDS_LIVE_CONTEXT,HISTORICAL TEST ONLY,NO-GO,REVIEW at 39.3. Main support: usage foundation: 66.7; data quality: 65.7. Main caution: projection strength: 16.0; role and availability context: 35.0.,PRIORITY_REVIEW,usage foundation: 66.7,data quality: 65.7,projection strength: 16.0,role and availability context: 35.0,,,,,Medium,ROUTE_PROXY_UNVALIDATED|LOW_CURRENT_SAMPLE|LOW_PLAYER_SAMPLE|LOW_RUSH_SAMPLE,Medium,ROUTE_PROXY_UNVALIDATED|LOW_CURRENT_SAMPLE|LOW_PLAYER_SAMPLE|LOW_RUSH_SAMPLE|LOW_CARRY_SAMPLE,,,,,,,8,8,8,MISSING,MISSING,MISSING,Pre-target weekly player stats only.,,,,,No schedule game matched team/opponent.,,,,,,,,,,,,MISSING,MISSING,MISSING,LOW_RELIABILITY_DEFENSE_FIT: shrinkage applied to historical allowed stats.,"Context V1 uses pre-target weekly history, schedules.csv game lines where present, and shrinkage-adjusted defense allowed stats.",True,False,False,rushing,REVIEW at 39.3. Main support: usage foundation: 66.7; data quality: 65.7. Main caution: projection strength: 16.0; role and availability context: 35.0.,,projection strength: 16.0; role and availability context: 35.0; missing signal count: 5,,weather not sourced; live role/injury gates not ready; defense fit limited; game environment limited,,missing signal count: 5,Research-only driver summary. Limitations: weather not sourced; live role/injury gates not ready; defense fit limited; game environment limited,RESEARCH_ONLY,current_v1,projection_heavy,39.34,REVIEW,PRIORITY_REVIEW,32.98,REVIEW,PRIORITY_REVIEW,-6.36,NO_TIER_CHANGE,NO_ACTION_CHANGE,BIG_DOWNGRADE,RESEARCH_ONLY challenger preview; production signal boards remain current_v1.
2025,1,,B.Brooks,HOU,,RB,0.7213439526751569,5.5450424939387215,6.542048538013387,1.4892657333156702,,,,0.0,0.0,0.0,0.0,0.0,0.0,0.0,0.0,0.0,0.0,0.0,0.0,0.0,0.0,0.0,0.0,0.0,0.0,0.0,0.0,0.0,0.0,0.0,0.0,,,,,,,,,,,,,,MISSING,HIGH,MISSING,67,True,True,False,15.16,66.67,50.07,,,,35,55,65.7,38.98,REVIEW,1,0,0,5,usage foundation: 66.7; data quality: 65.7,"Context V1: defense fit missing/low reliability for some players; game environment missing for some players; weather, route share, first-read share, and coverage are not sourced.",,NEEDS DATA,NEEDS DATA,NEEDS DATA,DATA_NEEDS_LIVE_CONTEXT,HISTORICAL TEST ONLY,NO-GO,REVIEW at 39.0. Main support: usage foundation: 66.7; data quality: 65.7. Main caution: projection strength: 15.2; role and availability context: 35.0.,PRIORITY_REVIEW,usage foundation: 66.7,data quality: 65.7,projection strength: 15.2,role and availability context: 35.0,Medium,ROUTE_PROXY_UNVALIDATED|LOW_CURRENT_SAMPLE|LOW_PLAYER_SAMPLE,Medium,ROUTE_PROXY_UNVALIDATED|LOW_CURRENT_SAMPLE|LOW_PLAYER_SAMPLE|LOW_YARDAGE_SAMPLE,Medium,ROUTE_PROXY_UNVALIDATED|LOW_CURRENT_SAMPLE|LOW_PLAYER_SAMPLE|LOW_RUSH_SAMPLE,Medium,ROUTE_PROXY_UNVALIDATED|LOW_CURRENT_SAMPLE|LOW_PLAYER_SAMPLE|LOW_RUSH_SAMPLE|LOW_CARRY_SAMPLE,,,,,,,8,8,8,MISSING,MISSING,MISSING,Pre-target weekly player stats only.,,,,,No schedule game matched team/opponent.,,,,,,,,,,,,MISSING,MISSING,MISSING,LOW_RELIABILITY_DEFENSE_FIT: shrinkage applied to historical allowed stats.,"Context V1 uses pre-target weekly history, schedules.csv game lines where present, and shrinkage-adjusted defense allowed stats.",True,False,False,rushing,REVIEW at 39.0. Main support: usage foundation: 66.7; data quality: 65.7. Main caution: projection strength: 15.2; role and availability context: 35.0.,,projection strength: 15.2; role and availability context: 35.0; missing signal count: 5,,weather not sourced; live role/injury gates not ready; defense fit limited; game environment limited,,missing signal count: 5,Research-only driver summary. Limitations: weather not sourced; live role/injury gates not ready; defense fit limited; game environment limited,RESEARCH_ONLY,current_v1,projection_heavy,38.98,REVIEW,PRIORITY_REVIEW,32.5,REVIEW,PRIORITY_REVIEW,-6.48,NO_TIER_CHANGE,NO_ACTION_CHANGE,BIG_DOWNGRADE,RESEARCH_ONLY challenger preview; production signal boards remain current_v1.
2025,1,,G.Minshew,LV,DEN,QB,,,8.378531117861073,1.0572518923289262,,,,0.0,0.0,0.0,0.0,0.0,0.0,0.0,0.0,0.0,0.0,0.0,0.0,0.0,0.0,0.0,0.0,0.0,0.0,0.0,0.0,0.0,0.0,0.0,0.0,,,,,,,,,,,,,,MISSING,HIGH,MISSING,67,False,True,False,14.93,66.67,50.07,,,,35,55,65.7,38.88,REVIEW,1,0,0,5,usage foundation: 66.7; data quality: 65.7,"Context V1: defense fit missing/low reliability for some players; game environment missing for some players; weather, route share, first-read share, and coverage are not sourced.",,NEEDS DATA,NEEDS DATA,NEEDS DATA,DATA_NEEDS_LIVE_CONTEXT,HISTORICAL TEST ONLY,NO-GO,REVIEW at 38.9. Main support: usage foundation: 66.7; data quality: 65.7. Main caution: projection strength: 14.9; role and availability context: 35.0.,PRIORITY_REVIEW,usage foundation: 66.7,data quality: 65.7,projection strength: 14.9,role and availability context: 35.0,,,,,Medium,ROUTE_PROXY_UNVALIDATED|LOW_CURRENT_SAMPLE|LOW_PLAYER_SAMPLE,Medium,ROUTE_PROXY_UNVALIDATED|LOW_CURRENT_SAMPLE|LOW_PLAYER_SAMPLE,,,,,,,8,8,8,MISSING,MISSING,MISSING,Pre-target weekly player stats only.,,,,,No schedule game matched team/opponent.,,,,,,,,,,,,MISSING,MISSING,MISSING,LOW_RELIABILITY_DEFENSE_FIT: shrinkage applied to historical allowed stats.,"Context V1 uses pre-target weekly history, schedules.csv game lines where present, and shrinkage-adjusted defense allowed stats.",True,False,False,rushing,REVIEW at 38.9. Main support: usage foundation: 66.7; data quality: 65.7. Main caution: projection strength: 14.9; role and availability context: 35.0.,,projection strength: 14.9; role and availability context: 35.0; missing signal count: 5,,weather not sourced; live role/injury gates not ready; defense fit limited; game environment limited,,missing signal count: 5,Research-only driver summary. Limitations: weather not sourced; live role/injury gates not ready; defense fit limited; game environment limited,RESEARCH_ONLY,current_v1,projection_heavy,38.88,REVIEW,PRIORITY_REVIEW,32.36,REVIEW,PRIORITY_REVIEW,-6.52,NO_TIER_CHANGE,NO_ACTION_CHANGE,BIG_DOWNGRADE,RESEARCH_ONLY challenger preview; production signal boards remain current_v1.
2025,1,,K.Nwangwu,NYJ,,RB,0.7997509040528914,6.147764504149452,8.03154781452421,,,,,0.0,0.0,0.0,0.0,0.0,0.0,0.0,0.0,0.0,0.0,0.0,0.0,0.0,0.0,0.0,0.0,0.0,0.0,0.0,0.0,0.0,0.0,0.0,0.0,,,,,,,,,,,,,,MISSING,HIGH,MISSING,67,True,True,False,13.81,66.67,50.07,,,,35,55,65.7,38.39,REVIEW,1,0,0,5,usage foundation: 66.7; data quality: 65.7,"Context V1: defense fit missing/low reliability for some players; game environment missing for some players; weather, route share, first-read share, and coverage are not sourced.",,NEEDS DATA,NEEDS DATA,NEEDS DATA,DATA_NEEDS_LIVE_CONTEXT,HISTORICAL TEST ONLY,NO-GO,REVIEW at 38.4. Main support: usage foundation: 66.7; data quality: 65.7. Main caution: projection strength: 13.8; role and availability context: 35.0.,PRIORITY_REVIEW,usage foundation: 66.7,data quality: 65.7,projection strength: 13.8,role and availability context: 35.0,Medium,ROUTE_PROXY_UNVALIDATED|LOW_CURRENT_SAMPLE|LOW_PLAYER_SAMPLE,Medium,ROUTE_PROXY_UNVALIDATED|LOW_CURRENT_SAMPLE|LOW_PLAYER_SAMPLE|LOW_YARDAGE_SAMPLE,Medium,ROUTE_PROXY_UNVALIDATED|LOW_CURRENT_SAMPLE|LOW_PLAYER_SAMPLE|LOW_RUSH_SAMPLE,,,,,,,,,8,8,8,MISSING,MISSING,MISSING,Pre-target weekly player stats only.,,,,,No schedule game matched team/opponent.,,,,,,,,,,,,MISSING,MISSING,MISSING,LOW_RELIABILITY_DEFENSE_FIT: shrinkage applied to historical allowed stats.,"Context V1 uses pre-target weekly history, schedules.csv game lines where present, and shrinkage-adjusted defense allowed stats.",True,False,False,rushing,REVIEW at 38.4. Main support: usage foundation: 66.7; data quality: 65.7. Main caution: projection strength: 13.8; role and availability context: 35.0.,,projection strength: 13.8; role and availability context: 35.0; missing signal count: 5,,weather not sourced; live role/injury gates not ready; defense fit limited; game environment limited,,missing signal count: 5,Research-only driver summary. Limitations: weather not sourced; live role/injury gates not ready; defense fit limited; game environment limited,RESEARCH_ONLY,current_v1,projection_heavy,38.39,REVIEW,PRIORITY_REVIEW,31.7,REVIEW,PRIORITY_REVIEW,-6.69,NO_TIER_CHANGE,NO_ACTION_CHANGE,BIG_DOWNGRADE,RESEARCH_ONLY challenger preview; production signal boards remain current_v1.
2025,1,,M.Stafford,LA,PHI,QB,,,5.851595822764876,,11.351358856964843,8.267631974349044,,0.0,0.0,0.0,0.0,0.0,0.0,0.0,0.0,0.0,0.0,0.0,0.0,0.0,0.0,0.0,0.0,0.0,0.0,0.0,0.0,0.0,0.0,0.0,0.0,,,,,,,,,,,,,,MISSING,HIGH,MISSING,67,False,True,True,13.51,66.67,50.07,,,,35,55,65.7,38.26,REVIEW,1,0,0,5,usage foundation: 66.7; data quality: 65.7,"Context V1: defense fit missing/low reliability for some players; game environment missing for some players; weather, route share, first-read share, and coverage are not sourced.",,NEEDS DATA,NEEDS DATA,NEEDS DATA,DATA_NEEDS_LIVE_CONTEXT,HISTORICAL TEST ONLY,NO-GO,REVIEW at 38.3. Main support: usage foundation: 66.7; data quality: 65.7. Main caution: projection strength: 13.5; role and availability context: 35.0.,PRIORITY_REVIEW,usage foundation: 66.7,data quality: 65.7,projection strength: 13.5,role and availability context: 35.0,,,,,Medium,ROUTE_PROXY_UNVALIDATED|LOW_CURRENT_SAMPLE|LOW_PLAYER_SAMPLE,,,Medium,ROUTE_PROXY_UNVALIDATED|LOW_CURRENT_SAMPLE|LOW_PLAYER_SAMPLE,Medium,ROUTE_PROXY_UNVALIDATED|LOW_CURRENT_SAMPLE|LOW_PLAYER_SAMPLE,,,8,8,8,MISSING,MISSING,MISSING,Pre-target weekly player stats only.,,,,,No schedule game matched team/opponent.,,,,,,,,,,,,MISSING,MISSING,MISSING,LOW_RELIABILITY_DEFENSE_FIT: shrinkage applied to historical allowed stats.,"Context V1 uses pre-target weekly history, schedules.csv game lines where present, and shrinkage-adjusted defense allowed stats.",True,False,False,rushing,REVIEW at 38.3. Main support: usage foundation: 66.7; data quality: 65.7. Main caution: projection strength: 13.5; role and availability context: 35.0.,,projection strength: 13.5; role and availability context: 35.0; missing signal count: 5,,weather not sourced; live role/injury gates not ready; defense fit limited; game environment limited,,missing signal count: 5,Research-only driver summary. Limitations: weather not sourced; live role/injury gates not ready; defense fit limited; game environment limited,RESEARCH_ONLY,current_v1,projection_heavy,38.26,REVIEW,PRIORITY_REVIEW,31.53,REVIEW,PRIORITY_REVIEW,-6.73,NO_TIER_CHANGE,NO_ACTION_CHANGE,BIG_DOWNGRADE,RESEARCH_ONLY challenger preview; production signal boards remain current_v1.
2025,1,,C.Collier,LV,,RB,0.8385861120776503,,7.930833510987915,1.1514455124441023,,,,0.0,0.0,0.0,0.0,0.0,0.0,0.0,0.0,0.0,0.0,0.0,0.0,0.0,0.0,0.0,0.0,0.0,0.0,0.0,0.0,0.0,0.0,0.0,0.0,,,,,,,,,,,,,,MISSING,HIGH,MISSING,67,True,True,False,12.69,66.67,50.07,,,,35,55,65.7,37.9,REVIEW,1,0,0,5,usage foundation: 66.7; data quality: 65.7,"Context V1: defense fit missing/low reliability for some players; game environment missing for some players; weather, route share, first-read share, and coverage are not sourced.",,NEEDS DATA,NEEDS DATA,NEEDS DATA,DATA_NEEDS_LIVE_CONTEXT,HISTORICAL TEST ONLY,NO-GO,REVIEW at 37.9. Main support: usage foundation: 66.7; data quality: 65.7. Main caution: projection strength: 12.7; role and availability context: 35.0.,PRIORITY_REVIEW,usage foundation: 66.7,data quality: 65.7,projection strength: 12.7,role and availability context: 35.0,Medium,ROUTE_PROXY_UNVALIDATED|LOW_CURRENT_SAMPLE|LOW_PLAYER_SAMPLE,,,Medium,ROUTE_PROXY_UNVALIDATED|LOW_CURRENT_SAMPLE|LOW_PLAYER_SAMPLE|LOW_RUSH_SAMPLE,Medium,ROUTE_PROXY_UNVALIDATED|LOW_CURRENT_SAMPLE|LOW_PLAYER_SAMPLE|LOW_RUSH_SAMPLE|LOW_CARRY_SAMPLE,,,,,,,8,8,8,MISSING,MISSING,MISSING,Pre-target weekly player stats only.,,,,,No schedule game matched team/opponent.,,,,,,,,,,,,MISSING,MISSING,MISSING,LOW_RELIABILITY_DEFENSE_FIT: shrinkage applied to historical allowed stats.,"Context V1 uses pre-target weekly history, schedules.csv game lines where present, and shrinkage-adjusted defense allowed stats.",True,False,False,rushing,REVIEW at 37.9. Main support: usage foundation: 66.7; data quality: 65.7. Main caution: projection strength: 12.7; role and availability context: 35.0.,,projection strength: 12.7; role and availability context: 35.0; missing signal count: 5,,weather not sourced; live role/injury gates not ready; defense fit limited; game environment limited,,missing signal count: 5,Research-only driver summary. Limitations: weather not sourced; live role/injury gates not ready; defense fit limited; game environment limited,RESEARCH_ONLY,current_v1,projection_heavy,37.9,REVIEW,PRIORITY_REVIEW,31.04,REVIEW,PRIORITY_REVIEW,-6.86,NO_TIER_CHANGE,NO_ACTION_CHANGE,BIG_DOWNGRADE,RESEARCH_ONLY challenger preview; production signal boards remain current_v1.
2025,1,,C.Wentz,KC,DEN,QB,,,7.552227560917458,1.032489536235038,,,,0.0,0.0,0.0,0.0,0.0,0.0,0.0,0.0,0.0,0.0,0.0,0.0,0.0,0.0,0.0,0.0,0.0,0.0,0.0,0.0,0.0,0.0,0.0,0.0,,,,,,,,,,,,,,MISSING,HIGH,MISSING,67,False,True,False,11.94,66.67,50.07,,,,35,55,65.7,37.57,REVIEW,1,0,0,5,usage foundation: 66.7; data quality: 65.7,"Context V1: defense fit missing/low reliability for some players; game environment missing for some players; weather, route share, first-read share, and coverage are not sourced.",,NEEDS DATA,NEEDS DATA,NEEDS DATA,DATA_NEEDS_LIVE_CONTEXT,HISTORICAL TEST ONLY,NO-GO,REVIEW at 37.6. Main support: usage foundation: 66.7; data quality: 65.7. Main caution: projection strength: 11.9; role and availability context: 35.0.,PRIORITY_REVIEW,usage foundation: 66.7,data quality: 65.7,projection strength: 11.9,role and availability context: 35.0,,,,,Medium,ROUTE_PROXY_UNVALIDATED|LOW_CURRENT_SAMPLE|LOW_PLAYER_SAMPLE,Medium,ROUTE_PROXY_UNVALIDATED|LOW_CURRENT_SAMPLE|LOW_PLAYER_SAMPLE,,,,,,,8,8,8,MISSING,MISSING,MISSING,Pre-target weekly player stats only.,,,,,No schedule game matched team/opponent.,,,,,,,,,,,,MISSING,MISSING,MISSING,LOW_RELIABILITY_DEFENSE_FIT: shrinkage applied to historical allowed stats.,"Context V1 uses pre-target weekly history, schedules.csv game lines where present, and shrinkage-adjusted defense allowed stats.",True,False,False,rushing,REVIEW at 37.6. Main support: usage foundation: 66.7; data quality: 65.7. Main caution: projection strength: 11.9; role and availability context: 35.0.,,projection strength: 11.9; role and availability context: 35.0; missing signal count: 5,,weather not sourced; live role/injury gates not ready; defense fit limited; game environment limited,,missing signal count: 5,Research-only driver summary. Limitations: weather not sourced; live role/injury gates not ready; defense fit limited; game environment limited,RESEARCH_ONLY,current_v1,projection_heavy,37.57,REVIEW,PRIORITY_REVIEW,30.6,REVIEW,PRIORITY_REVIEW,-6.97,NO_TIER_CHANGE,NO_ACTION_CHANGE,BIG_DOWNGRADE,RESEARCH_ONLY challenger preview; production signal boards remain current_v1.
2025,1,,A.Beck,HOU,,RB,0.4108325335727472,,6.845153786608376,1.299869312851876,,,,0.0,0.0,0.0,0.0,0.0,0.0,0.0,0.0,0.0,0.0,0.0,0.0,0.0,0.0,0.0,0.0,0.0,0.0,0.0,0.0,0.0,0.0,0.0,0.0,,,,,,,,,,,,,,MISSING,HIGH,MISSING,67,True,True,False,10.45,66.67,50.07,,,,35,55,65.7,36.92,REVIEW,1,0,0,5,usage foundation: 66.7; data quality: 65.7,"Context V1: defense fit missing/low reliability for some players; game environment missing for some players; weather, route share, first-read share, and coverage are not sourced.",,NEEDS DATA,NEEDS DATA,NEEDS DATA,DATA_NEEDS_LIVE_CONTEXT,HISTORICAL TEST ONLY,NO-GO,REVIEW at 36.9. Main support: usage foundation: 66.7; data quality: 65.7. Main caution: projection strength: 10.4; role and availability context: 35.0.,PRIORITY_REVIEW,usage foundation: 66.7,data quality: 65.7,projection strength: 10.4,role and availability context: 35.0,Medium,ROUTE_PROXY_UNVALIDATED|LOW_CURRENT_SAMPLE,,,Medium,ROUTE_PROXY_UNVALIDATED|LOW_CURRENT_SAMPLE|LOW_RUSH_SAMPLE,Medium,ROUTE_PROXY_UNVALIDATED|LOW_CURRENT_SAMPLE|LOW_RUSH_SAMPLE|LOW_CARRY_SAMPLE,,,,,,,8,8,8,MISSING,MISSING,MISSING,Pre-target weekly player stats only.,,,,,No schedule game matched team/opponent.,,,,,,,,,,,,MISSING,MISSING,MISSING,LOW_RELIABILITY_DEFENSE_FIT: shrinkage applied to historical allowed stats.,"Context V1 uses pre-target weekly history, schedules.csv game lines where present, and shrinkage-adjusted defense allowed stats.",True,False,False,rushing,REVIEW at 36.9. Main support: usage foundation: 66.7; data quality: 65.7. Main caution: projection strength: 10.4; role and availability context: 35.0.,,projection strength: 10.4; role and availability context: 35.0; missing signal count: 5,,weather not sourced; live role/injury gates not ready; defense fit limited; game environment limited,,missing signal count: 5,Research-only driver summary. Limitations: weather not sourced; live role/injury gates not ready; defense fit limited; game environment limited,RESEARCH_ONLY,current_v1,projection_heavy,36.92,REVIEW,PRIORITY_REVIEW,29.73,REVIEW,PRIORITY_REVIEW,-7.19,NO_TIER_CHANGE,NO_ACTION_CHANGE,BIG_DOWNGRADE,RESEARCH_ONLY challenger preview; production signal boards remain current_v1.
2025,1,,D.Laube,LV,,RB,0.8154322943284383,6.268308906191598,3.131738797645112,,,,,0.0,0.0,0.0,0.0,0.0,0.0,0.0,0.0,0.0,0.0,0.0,0.0,0.0,0.0,0.0,0.0,0.0,0.0,0.0,0.0,0.0,0.0,0.0,0.0,,,,,,,,,,,,,,MISSING,HIGH,MISSING,67,True,True,False,9.77,66.67,50.07,,,,35,55,65.7,36.62,REVIEW,1,0,0,5,usage foundation: 66.7; data quality: 65.7,"Context V1: defense fit missing/low reliability for some players; game environment missing for some players; weather, route share, first-read share, and coverage are not sourced.",,NEEDS DATA,NEEDS DATA,NEEDS DATA,DATA_NEEDS_LIVE_CONTEXT,HISTORICAL TEST ONLY,NO-GO,REVIEW at 36.6. Main support: usage foundation: 66.7; data quality: 65.7. Main caution: projection strength: 9.8; role and availability context: 35.0.,PRIORITY_REVIEW,usage foundation: 66.7,data quality: 65.7,projection strength: 9.8,role and availability context: 35.0,Medium,ROUTE_PROXY_UNVALIDATED|LOW_CURRENT_SAMPLE|LOW_PLAYER_SAMPLE,Medium,ROUTE_PROXY_UNVALIDATED|LOW_CURRENT_SAMPLE|LOW_PLAYER_SAMPLE|LOW_YARDAGE_SAMPLE,Medium,ROUTE_PROXY_UNVALIDATED|LOW_CURRENT_SAMPLE|LOW_PLAYER_SAMPLE|LOW_RUSH_SAMPLE,,,,,,,,,8,8,8,MISSING,MISSING,MISSING,Pre-target weekly player stats only.,,,,,No schedule game matched team/opponent.,,,,,,,,,,,,MISSING,MISSING,MISSING,LOW_RELIABILITY_DEFENSE_FIT: shrinkage applied to historical allowed stats.,"Context V1 uses pre-target weekly history, schedules.csv game lines where present, and shrinkage-adjusted defense allowed stats.",True,False,False,rushing,REVIEW at 36.6. Main support: usage foundation: 66.7; data quality: 65.7. Main caution: projection strength: 9.8; role and availability context: 35.0.,,projection strength: 9.8; role and availability context: 35.0; missing signal count: 5,,weather not sourced; live role/injury gates not ready; defense fit limited; game environment limited,,missing signal count: 5,Research-only driver summary. Limitations: weather not sourced; live role/injury gates not ready; defense fit limited; game environment limited,RESEARCH_ONLY,current_v1,projection_heavy,36.62,REVIEW,PRIORITY_REVIEW,29.33,REVIEW,PRIORITY_REVIEW,-7.29,NO_TIER_CHANGE,NO_ACTION_CHANGE,BIG_DOWNGRADE,RESEARCH_ONLY challenger preview; production signal boards remain current_v1.
2025,1,,A.Prentice,NO,,RB,0.3245152490634904,,9.366303347416514,,,,,0.0,0.0,0.0,0.0,0.0,0.0,0.0,0.0,0.0,0.0,0.0,0.0,0.0,0.0,0.0,0.0,0.0,0.0,0.0,0.0,0.0,0.0,0.0,0.0,,,,,,,,,,,,,,MISSING,HIGH,MISSING,67,True,True,False,19.03,33.33,50.07,,,,35,55,65.7,32.34,REVIEW,0,0,0,5,data quality: 65.7,"Context V1: defense fit missing/low reliability for some players; game environment missing for some players; weather, route share, first-read share, and coverage are not sourced.",,NEEDS DATA,NEEDS DATA,NEEDS DATA,DATA_NEEDS_LIVE_CONTEXT,HISTORICAL TEST ONLY,NO-GO,REVIEW at 32.3. Main support: data quality: 65.7. Main caution: projection strength: 19.0; usage foundation: 33.3.,PRIORITY_REVIEW,data quality: 65.7,,projection strength: 19.0,usage foundation: 33.3,Medium,ROUTE_PROXY_UNVALIDATED|LOW_CURRENT_SAMPLE|LOW_PLAYER_SAMPLE,,,Medium,ROUTE_PROXY_UNVALIDATED|LOW_CURRENT_SAMPLE|LOW_PLAYER_SAMPLE|LOW_RUSH_SAMPLE,,,,,,,,,8,8,8,MISSING,MISSING,MISSING,Pre-target weekly player stats only.,,,,,No schedule game matched team/opponent.,,,,,,,,,,,,MISSING,MISSING,MISSING,LOW_RELIABILITY_DEFENSE_FIT: shrinkage applied to historical allowed stats.,"Context V1 uses pre-target weekly history, schedules.csv game lines where present, and shrinkage-adjusted defense allowed stats.",True,False,False,rushing,REVIEW at 32.3. Main support: data quality: 65.7. Main caution: projection strength: 19.0; usage foundation: 33.3.,,projection strength: 19.0; usage foundation: 33.3; role and availability context: 35.0,,weather not sourced; live role/injury gates not ready; defense fit limited; game environment limited,,role and availability context: 35.0,Research-only driver summary. Limitations: weather not sourced; live role/injury gates not ready; defense fit limited; game environment limited,RESEARCH_ONLY,current_v1,projection_heavy,32.34,REVIEW,PRIORITY_REVIEW,28.89,REVIEW,PRIORITY_REVIEW,-3.45,NO_TIER_CHANGE,NO_ACTION_CHANGE,NO_MEANINGFUL_CHANGE,RESEARCH_ONLY challenger preview; production signal boards remain current_v1.
2025,1,,A.O'Connell,LV,LAC,QB,,,6.137610492853247,1.1396686974867978,,,,0.0,0.0,0.0,0.0,0.0,0.0,0.0,0.0,0.0,0.0,0.0,0.0,0.0,0.0,0.0,0.0,0.0,0.0,0.0,0.0,0.0,0.0,0.0,0.0,,,,,,,,,,,,,,MISSING,HIGH,MISSING,67,False,True,False,8.58,66.67,50.07,,,,35,55,65.7,36.1,REVIEW,1,0,0,5,usage foundation: 66.7; data quality: 65.7,"Context V1: defense fit missing/low reliability for some players; game environment missing for some players; weather, route share, first-read share, and coverage are not sourced.",,NEEDS DATA,NEEDS DATA,NEEDS DATA,DATA_NEEDS_LIVE_CONTEXT,HISTORICAL TEST ONLY,NO-GO,REVIEW at 36.1. Main support: usage foundation: 66.7; data quality: 65.7. Main caution: projection strength: 8.6; role and availability context: 35.0.,PRIORITY_REVIEW,usage foundation: 66.7,data quality: 65.7,projection strength: 8.6,role and availability context: 35.0,,,,,Medium,ROUTE_PROXY_UNVALIDATED|LOW_CURRENT_SAMPLE|LOW_PLAYER_SAMPLE,Medium,ROUTE_PROXY_UNVALIDATED|LOW_CURRENT_SAMPLE|LOW_PLAYER_SAMPLE,,,,,,,8,8,8,MISSING,MISSING,MISSING,Pre-target weekly player stats only.,,,,,No schedule game matched team/opponent.,,,,,,,,,,,,MISSING,MISSING,MISSING,LOW_RELIABILITY_DEFENSE_FIT: shrinkage applied to historical allowed stats.,"Context V1 uses pre-target weekly history, schedules.csv game lines where present, and shrinkage-adjusted defense allowed stats.",True,False,False,rushing,REVIEW at 36.1. Main support: usage foundation: 66.7; data quality: 65.7. Main caution: projection strength: 8.6; role and availability context: 35.0.,,projection strength: 8.6; role and availability context: 35.0; missing signal count: 5,,weather not sourced; live role/injury gates not ready; defense fit limited; game environment limited,,missing signal count: 5,Research-only driver summary. Limitations: weather not sourced; live role/injury gates not ready; defense fit limited; game environment limited,RESEARCH_ONLY,current_v1,projection_heavy,36.1,REVIEW,PRIORITY_REVIEW,28.63,REVIEW,PRIORITY_REVIEW,-7.47,NO_TIER_CHANGE,NO_ACTION_CHANGE,BIG_DOWNGRADE,RESEARCH_ONLY challenger preview; production signal boards remain current_v1.
2025,1,,J.Browning,CIN,CLE,QB,,,4.620977031741929,1.2335926316819688,,,,0.0,0.0,0.0,0.0,0.0,0.0,0.0,0.0,0.0,0.0,0.0,0.0,0.0,0.0,0.0,0.0,0.0,0.0,0.0,0.0,0.0,0.0,0.0,0.0,,,,,,,,,,,,,,MISSING,HIGH,MISSING,67,False,True,False,6.97,66.67,50.07,,,,35,55,65.7,35.4,REVIEW,1,0,0,5,usage foundation: 66.7; data quality: 65.7,"Context V1: defense fit missing/low reliability for some players; game environment missing for some players; weather, route share, first-read share, and coverage are not sourced.",,NEEDS DATA,NEEDS DATA,NEEDS DATA,DATA_NEEDS_LIVE_CONTEXT,HISTORICAL TEST ONLY,NO-GO,REVIEW at 35.4. Main support: usage foundation: 66.7; data quality: 65.7. Main caution: projection strength: 7.0; role and availability context: 35.0.,PRIORITY_REVIEW,usage foundation: 66.7,data quality: 65.7,projection strength: 7.0,role and availability context: 35.0,,,,,Medium,ROUTE_PROXY_UNVALIDATED|LOW_CURRENT_SAMPLE|LOW_PLAYER_SAMPLE,Medium,ROUTE_PROXY_UNVALIDATED|LOW_CURRENT_SAMPLE|LOW_PLAYER_SAMPLE,,,,,,,8,8,8,MISSING,MISSING,MISSING,Pre-target weekly player stats only.,,,,,No schedule game matched team/opponent.,,,,,,,,,,,,MISSING,MISSING,MISSING,LOW_RELIABILITY_DEFENSE_FIT: shrinkage applied to historical allowed stats.,"Context V1 uses pre-target weekly history, schedules.csv game lines where present, and shrinkage-adjusted defense allowed stats.",True,False,False,rushing,REVIEW at 35.4. Main support: usage foundation: 66.7; data quality: 65.7. Main caution: projection strength: 7.0; role and availability context: 35.0.,,projection strength: 7.0; role and availability context: 35.0; missing signal count: 5,,weather not sourced; live role/injury gates not ready; defense fit limited; game environment limited,,missing signal count: 5,Research-only driver summary. Limitations: weather not sourced; live role/injury gates not ready; defense fit limited; game environment limited,RESEARCH_ONLY,current_v1,projection_heavy,35.4,REVIEW,PRIORITY_REVIEW,27.68,REVIEW,PRIORITY_REVIEW,-7.72,NO_TIER_CHANGE,NO_ACTION_CHANGE,BIG_DOWNGRADE,RESEARCH_ONLY challenger preview; production signal boards remain current_v1.
2025,1,,J.Winston,CLE,KC,QB,,,8.80995457955574,,,,,0.0,0.0,0.0,0.0,0.0,0.0,0.0,0.0,0.0,0.0,0.0,0.0,0.0,0.0,0.0,0.0,0.0,0.0,0.0,0.0,0.0,0.0,0.0,0.0,,,,,,,,,,,,,,MISSING,HIGH,MISSING,67,False,True,False,16.42,33.33,50.07,,,,35,55,65.7,31.2,REVIEW,0,0,0,5,data quality: 65.7,"Context V1: defense fit missing/low reliability for some players; game environment missing for some players; weather, route share, first-read share, and coverage are not sourced.",,NEEDS DATA,NEEDS DATA,NEEDS DATA,DATA_NEEDS_LIVE_CONTEXT,HISTORICAL TEST ONLY,NO-GO,REVIEW at 31.2. Main support: data quality: 65.7. Main caution: projection strength: 16.4; usage foundation: 33.3.,PRIORITY_REVIEW,data quality: 65.7,,projection strength: 16.4,usage foundation: 33.3,,,,,Medium,ROUTE_PROXY_UNVALIDATED|LOW_CURRENT_SAMPLE|LOW_PLAYER_SAMPLE,,,,,,,,,8,8,8,MISSING,MISSING,MISSING,Pre-target weekly player stats only.,,,,,No schedule game matched team/opponent.,,,,,,,,,,,,MISSING,MISSING,MISSING,LOW_RELIABILITY_DEFENSE_FIT: shrinkage applied to historical allowed stats.,"Context V1 uses pre-target weekly history, schedules.csv game lines where present, and shrinkage-adjusted defense allowed stats.",True,False,False,rushing,REVIEW at 31.2. Main support: data quality: 65.7. Main caution: projection strength: 16.4; usage foundation: 33.3.,,projection strength: 16.4; usage foundation: 33.3; role and availability context: 35.0,,weather not sourced; live role/injury gates not ready; defense fit limited; game environment limited,,role and availability context: 35.0,Research-only driver summary. Limitations: weather not sourced; live role/injury gates not ready; defense fit limited; game environment limited,RESEARCH_ONLY,current_v1,projection_heavy,31.2,REVIEW,PRIORITY_REVIEW,27.35,REVIEW,PRIORITY_REVIEW,-3.85,NO_TIER_CHANGE,NO_ACTION_CHANGE,NO_MEANINGFUL_CHANGE,RESEARCH_ONLY challenger preview; production signal boards remain current_v1.
2025,1,,A.Rodgers,NYJ,MIA,QB,,,8.792000714625633,,,,,0.0,0.0,0.0,0.0,0.0,0.0,0.0,0.0,0.0,0.0,0.0,0.0,0.0,0.0,0.0,0.0,0.0,0.0,0.0,0.0,0.0,0.0,0.0,0.0,,,,,,,,,,,,,,MISSING,HIGH,MISSING,67,False,True,False,16.04,33.33,50.07,,,,35,55,65.7,31.03,REVIEW,0,0,0,5,data quality: 65.7,"Context V1: defense fit missing/low reliability for some players; game environment missing for some players; weather, route share, first-read share, and coverage are not sourced.",,NEEDS DATA,NEEDS DATA,NEEDS DATA,DATA_NEEDS_LIVE_CONTEXT,HISTORICAL TEST ONLY,NO-GO,REVIEW at 31.0. Main support: data quality: 65.7. Main caution: projection strength: 16.0; usage foundation: 33.3.,PRIORITY_REVIEW,data quality: 65.7,,projection strength: 16.0,usage foundation: 33.3,,,,,Medium,ROUTE_PROXY_UNVALIDATED|LOW_CURRENT_SAMPLE|LOW_PLAYER_SAMPLE,,,,,,,,,8,8,8,MISSING,MISSING,MISSING,Pre-target weekly player stats only.,,,,,No schedule game matched team/opponent.,,,,,,,,,,,,MISSING,MISSING,MISSING,LOW_RELIABILITY_DEFENSE_FIT: shrinkage applied to historical allowed stats.,"Context V1 uses pre-target weekly history, schedules.csv game lines where present, and shrinkage-adjusted defense allowed stats.",True,False,False,rushing,REVIEW at 31.0. Main support: data quality: 65.7. Main caution: projection strength: 16.0; usage foundation: 33.3.,,projection strength: 16.0; usage foundation: 33.3; role and availability context: 35.0,,weather not sourced; live role/injury gates not ready; defense fit limited; game environment limited,,role and availability context: 35.0,Research-only driver summary. Limitations: weather not sourced; live role/injury gates not ready; defense fit limited; game environment limited,RESEARCH_ONLY,current_v1,projection_heavy,31.03,REVIEW,PRIORITY_REVIEW,27.13,REVIEW,PRIORITY_REVIEW,-3.9,NO_TIER_CHANGE,NO_ACTION_CHANGE,NO_MEANINGFUL_CHANGE,RESEARCH_ONLY challenger preview; production signal boards remain current_v1.
2025,1,,H.Hooker,DET,JAX,QB,,,3.9204547290312384,1.1429482949157173,,,,0.0,0.0,0.0,0.0,0.0,0.0,0.0,0.0,0.0,0.0,0.0,0.0,0.0,0.0,0.0,0.0,0.0,0.0,0.0,0.0,0.0,0.0,0.0,0.0,,,,,,,,,,,,,,MISSING,HIGH,MISSING,67,False,True,False,4.51,66.67,50.07,,,,35,55,65.7,34.32,REVIEW,1,0,0,5,usage foundation: 66.7; data quality: 65.7,"Context V1: defense fit missing/low reliability for some players; game environment missing for some players; weather, route share, first-read share, and coverage are not sourced.",,NEEDS DATA,NEEDS DATA,NEEDS DATA,DATA_NEEDS_LIVE_CONTEXT,HISTORICAL TEST ONLY,NO-GO,REVIEW at 34.3. Main support: usage foundation: 66.7; data quality: 65.7. Main caution: projection strength: 4.5; role and availability context: 35.0.,PRIORITY_REVIEW,usage foundation: 66.7,data quality: 65.7,projection strength: 4.5,role and availability context: 35.0,,,,,Medium,ROUTE_PROXY_UNVALIDATED|LOW_CURRENT_SAMPLE|LOW_PLAYER_SAMPLE|LOW_RUSH_SAMPLE,Medium,ROUTE_PROXY_UNVALIDATED|LOW_CURRENT_SAMPLE|LOW_PLAYER_SAMPLE|LOW_RUSH_SAMPLE|LOW_CARRY_SAMPLE,,,,,,,8,8,8,MISSING,MISSING,MISSING,Pre-target weekly player stats only.,,,,,No schedule game matched team/opponent.,,,,,,,,,,,,MISSING,MISSING,MISSING,LOW_RELIABILITY_DEFENSE_FIT: shrinkage applied to historical allowed stats.,"Context V1 uses pre-target weekly history, schedules.csv game lines where present, and shrinkage-adjusted defense allowed stats.",True,False,False,rushing,REVIEW at 34.3. Main support: usage foundation: 66.7; data quality: 65.7. Main caution: projection strength: 4.5; role and availability context: 35.0.,,projection strength: 4.5; role and availability context: 35.0; missing signal count: 5,,weather not sourced; live role/injury gates not ready; defense fit limited; game environment limited,,missing signal count: 5,Research-only driver summary. Limitations: weather not sourced; live role/injury gates not ready; defense fit limited; game environment limited,RESEARCH_ONLY,current_v1,projection_heavy,34.32,REVIEW,PRIORITY_REVIEW,26.23,REVIEW,PRIORITY_REVIEW,-8.09,NO_TIER_CHANGE,NO_ACTION_CHANGE,BIG_DOWNGRADE,RESEARCH_ONLY challenger preview; production signal boards remain current_v1.
2025,1,,C.Oladokun,KC,DEN,QB,,,7.964931070034651,,,,,0.0,0.0,0.0,0.0,0.0,0.0,0.0,0.0,0.0,0.0,0.0,0.0,0.0,0.0,0.0,0.0,0.0,0.0,0.0,0.0,0.0,0.0,0.0,0.0,,,,,,,,,,,,,,MISSING,HIGH,MISSING,67,False,True,False,13.06,33.33,50.07,,,,35,55,65.7,29.73,REVIEW,0,0,0,5,data quality: 65.7,"Context V1: defense fit missing/low reliability for some players; game environment missing for some players; weather, route share, first-read share, and coverage are not sourced.",,NEEDS DATA,NEEDS DATA,NEEDS DATA,DATA_NEEDS_LIVE_CONTEXT,HISTORICAL TEST ONLY,NO-GO,REVIEW at 29.7. Main support: data quality: 65.7. Main caution: projection strength: 13.1; usage foundation: 33.3.,PRIORITY_REVIEW,data quality: 65.7,,projection strength: 13.1,usage foundation: 33.3,,,,,Medium,ROUTE_PROXY_UNVALIDATED|LOW_CURRENT_SAMPLE|LOW_PLAYER_SAMPLE|LOW_RUSH_SAMPLE,,,,,,,,,8,8,8,MISSING,MISSING,MISSING,Pre-target weekly player stats only.,,,,,No schedule game matched team/opponent.,,,,,,,,,,,,MISSING,MISSING,MISSING,LOW_RELIABILITY_DEFENSE_FIT: shrinkage applied to historical allowed stats.,"Context V1 uses pre-target weekly history, schedules.csv game lines where present, and shrinkage-adjusted defense allowed stats.",True,False,False,rushing,REVIEW at 29.7. Main support: data quality: 65.7. Main caution: projection strength: 13.1; usage foundation: 33.3.,,projection strength: 13.1; usage foundation: 33.3; role and availability context: 35.0,,weather not sourced; live role/injury gates not ready; defense fit limited; game environment limited,,role and availability context: 35.0,Research-only driver summary. Limitations: weather not sourced; live role/injury gates not ready; defense fit limited; game environment limited,RESEARCH_ONLY,current_v1,projection_heavy,29.73,REVIEW,PRIORITY_REVIEW,25.38,REVIEW,PRIORITY_REVIEW,-4.35,NO_TIER_CHANGE,NO_ACTION_CHANGE,NO_MEANINGFUL_CHANGE,RESEARCH_ONLY challenger preview; production signal boards remain current_v1.
2025,1,,J.Johnson,BAL,HOU,QB,,,,1.3750284118997014,,,,0.0,0.0,0.0,0.0,0.0,0.0,0.0,0.0,0.0,0.0,0.0,0.0,0.0,0.0,0.0,0.0,0.0,0.0,0.0,0.0,0.0,0.0,0.0,0.0,,,,,,,,,,,,,,MISSING,HIGH,MISSING,67,False,True,False,11.89,33.33,50.07,,,,35,55,65.7,29.22,REVIEW,0,0,0,5,data quality: 65.7,"Context V1: defense fit missing/low reliability for some players; game environment missing for some players; weather, route share, first-read share, and coverage are not sourced.",,NEEDS DATA,NEEDS DATA,NEEDS DATA,DATA_NEEDS_LIVE_CONTEXT,HISTORICAL TEST ONLY,NO-GO,REVIEW at 29.2. Main support: data quality: 65.7. Main caution: projection strength: 11.9; usage foundation: 33.3.,PRIORITY_REVIEW,data quality: 65.7,,projection strength: 11.9,usage foundation: 33.3,,,,,,,Medium,ROUTE_PROXY_UNVALIDATED|LOW_CURRENT_SAMPLE|LOW_PLAYER_SAMPLE|LOW_RUSH_SAMPLE|LOW_CARRY_SAMPLE,,,,,,,8,8,8,MISSING,MISSING,MISSING,Pre-target weekly player stats only.,,,,,No schedule game matched team/opponent.,,,,,,,,,,,,MISSING,MISSING,MISSING,LOW_RELIABILITY_DEFENSE_FIT: shrinkage applied to historical allowed stats.,"Context V1 uses pre-target weekly history, schedules.csv game lines where present, and shrinkage-adjusted defense allowed stats.",True,False,False,rushing,REVIEW at 29.2. Main support: data quality: 65.7. Main caution: projection strength: 11.9; usage foundation: 33.3.,,projection strength: 11.9; usage foundation: 33.3; role and availability context: 35.0,,weather not sourced; live role/injury gates not ready; defense fit limited; game environment limited,,role and availability context: 35.0,Research-only driver summary. Limitations: weather not sourced; live role/injury gates not ready; defense fit limited; game environment limited,RESEARCH_ONLY,current_v1,projection_heavy,29.22,REVIEW,PRIORITY_REVIEW,24.69,REVIEW,PRIORITY_REVIEW,-4.53,NO_TIER_CHANGE,NO_ACTION_CHANGE,NO_MEANINGFUL_CHANGE,RESEARCH_ONLY challenger preview; production signal boards remain current_v1.
2025,1,,B.Zappe,CLE,BAL,QB,,,7.222755498201778,,,,,0.0,0.0,0.0,0.0,0.0,0.0,0.0,0.0,0.0,0.0,0.0,0.0,0.0,0.0,0.0,0.0,0.0,0.0,0.0,0.0,0.0,0.0,0.0,0.0,,,,,,,,,,,,,,MISSING,HIGH,MISSING,67,False,True,False,10.82,33.33,50.07,,,,35,55,65.7,28.75,REVIEW,0,0,0,5,data quality: 65.7,"Context V1: defense fit missing/low reliability for some players; game environment missing for some players; weather, route share, first-read share, and coverage are not sourced.",,NEEDS DATA,NEEDS DATA,NEEDS DATA,DATA_NEEDS_LIVE_CONTEXT,HISTORICAL TEST ONLY,NO-GO,REVIEW at 28.8. Main support: data quality: 65.7. Main caution: projection strength: 10.8; usage foundation: 33.3.,PRIORITY_REVIEW,data quality: 65.7,,projection strength: 10.8,usage foundation: 33.3,,,,,Medium,ROUTE_PROXY_UNVALIDATED|LOW_CURRENT_SAMPLE|LOW_PLAYER_SAMPLE|LOW_RUSH_SAMPLE,,,,,,,,,8,8,8,MISSING,MISSING,MISSING,Pre-target weekly player stats only.,,,,,No schedule game matched team/opponent.,,,,,,,,,,,,MISSING,MISSING,MISSING,LOW_RELIABILITY_DEFENSE_FIT: shrinkage applied to historical allowed stats.,"Context V1 uses pre-target weekly history, schedules.csv game lines where present, and shrinkage-adjusted defense allowed stats.",True,False,False,rushing,REVIEW at 28.8. Main support: data quality: 65.7. Main caution: projection strength: 10.8; usage foundation: 33.3.,,projection strength: 10.8; usage foundation: 33.3; role and availability context: 35.0,,weather not sourced; live role/injury gates not ready; defense fit limited; game environment limited,,role and availability context: 35.0,Research-only driver summary. Limitations: weather not sourced; live role/injury gates not ready; defense fit limited; game environment limited,RESEARCH_ONLY,current_v1,projection_heavy,28.75,REVIEW,PRIORITY_REVIEW,24.06,REVIEW,PRIORITY_REVIEW,-4.69,NO_TIER_CHANGE,NO_ACTION_CHANGE,NO_MEANINGFUL_CHANGE,RESEARCH_ONLY challenger preview; production signal boards remain current_v1.
2025,1,,J.Haener,NO,WAS,QB,,,5.543391591353126,,,,,0.0,0.0,0.0,0.0,0.0,0.0,0.0,0.0,0.0,0.0,0.0,0.0,0.0,0.0,0.0,0.0,0.0,0.0,0.0,0.0,0.0,0.0,0.0,0.0,,,,,,,,,,,,,,MISSING,HIGH,MISSING,67,False,True,False,7.84,33.33,50.07,,,,35,55,65.7,27.44,REVIEW,0,0,0,5,data quality: 65.7,"Context V1: defense fit missing/low reliability for some players; game environment missing for some players; weather, route share, first-read share, and coverage are not sourced.",,NEEDS DATA,NEEDS DATA,NEEDS DATA,DATA_NEEDS_LIVE_CONTEXT,HISTORICAL TEST ONLY,NO-GO,REVIEW at 27.4. Main support: data quality: 65.7. Main caution: projection strength: 7.8; usage foundation: 33.3.,PRIORITY_REVIEW,data quality: 65.7,,projection strength: 7.8,usage foundation: 33.3,,,,,Medium,ROUTE_PROXY_UNVALIDATED|LOW_CURRENT_SAMPLE|LOW_PLAYER_SAMPLE|LOW_RUSH_SAMPLE,,,,,,,,,8,8,8,MISSING,MISSING,MISSING,Pre-target weekly player stats only.,,,,,No schedule game matched team/opponent.,,,,,,,,,,,,MISSING,MISSING,MISSING,LOW_RELIABILITY_DEFENSE_FIT: shrinkage applied to historical allowed stats.,"Context V1 uses pre-target weekly history, schedules.csv game lines where present, and shrinkage-adjusted defense allowed stats.",True,False,False,rushing,REVIEW at 27.4. Main support: data quality: 65.7. Main caution: projection strength: 7.8; usage foundation: 33.3.,,projection strength: 7.8; usage foundation: 33.3; role and availability context: 35.0,,weather not sourced; live role/injury gates not ready; defense fit limited; game environment limited,,role and availability context: 35.0,Research-only driver summary. Limitations: weather not sourced; live role/injury gates not ready; defense fit limited; game environment limited,RESEARCH_ONLY,current_v1,projection_heavy,27.44,REVIEW,PRIORITY_REVIEW,22.31,REVIEW,PRIORITY_REVIEW,-5.13,NO_TIER_CHANGE,NO_ACTION_CHANGE,BIG_DOWNGRADE,RESEARCH_ONLY challenger preview; production signal boards remain current_v1.
2025,1,,T.Boyle,NYG,BAL,QB,,,5.528416054860145,,,,,0.0,0.0,0.0,0.0,0.0,0.0,0.0,0.0,0.0,0.0,0.0,0.0,0.0,0.0,0.0,0.0,0.0,0.0,0.0,0.0,0.0,0.0,0.0,0.0,,,,,,,,,,,,,,MISSING,HIGH,MISSING,67,False,True,False,7.46,33.33,50.07,,,,35,55,65.7,27.28,REVIEW,0,0,0,5,data quality: 65.7,"Context V1: defense fit missing/low reliability for some players; game environment missing for some players; weather, route share, first-read share, and coverage are not sourced.",,NEEDS DATA,NEEDS DATA,NEEDS DATA,DATA_NEEDS_LIVE_CONTEXT,HISTORICAL TEST ONLY,NO-GO,REVIEW at 27.3. Main support: data quality: 65.7. Main caution: projection strength: 7.5; usage foundation: 33.3.,PRIORITY_REVIEW,data quality: 65.7,,projection strength: 7.5,usage foundation: 33.3,,,,,Medium,ROUTE_PROXY_UNVALIDATED|LOW_CURRENT_SAMPLE|LOW_PLAYER_SAMPLE|LOW_RUSH_SAMPLE,,,,,,,,,8,8,8,MISSING,MISSING,MISSING,Pre-target weekly player stats only.,,,,,No schedule game matched team/opponent.,,,,,,,,,,,,MISSING,MISSING,MISSING,LOW_RELIABILITY_DEFENSE_FIT: shrinkage applied to historical allowed stats.,"Context V1 uses pre-target weekly history, schedules.csv game lines where present, and shrinkage-adjusted defense allowed stats.",True,False,False,rushing,REVIEW at 27.3. Main support: data quality: 65.7. Main caution: projection strength: 7.5; usage foundation: 33.3.,,projection strength: 7.5; usage foundation: 33.3; role and availability context: 35.0,,weather not sourced; live role/injury gates not ready; defense fit limited; game environment limited,,role and availability context: 35.0,Research-only driver summary. Limitations: weather not sourced; live role/injury gates not ready; defense fit limited; game environment limited,RESEARCH_ONLY,current_v1,projection_heavy,27.28,REVIEW,PRIORITY_REVIEW,22.08,REVIEW,PRIORITY_REVIEW,-5.2,NO_TIER_CHANGE,NO_ACTION_CHANGE,BIG_DOWNGRADE,RESEARCH_ONLY challenger preview; production signal boards remain current_v1.
2025,1,,S.Thompson,MIA,SEA,QB,,,5.297075150298799,,,,,0.0,0.0,0.0,0.0,0.0,0.0,0.0,0.0,0.0,0.0,0.0,0.0,0.0,0.0,0.0,0.0,0.0,0.0,0.0,0.0,0.0,0.0,0.0,0.0,,,,,,,,,,,,,,MISSING,HIGH,MISSING,67,False,True,False,6.72,33.33,50.07,,,,35,55,65.7,26.95,REVIEW,0,0,0,5,data quality: 65.7,"Context V1: defense fit missing/low reliability for some players; game environment missing for some players; weather, route share, first-read share, and coverage are not sourced.",,NEEDS DATA,NEEDS DATA,NEEDS DATA,DATA_NEEDS_LIVE_CONTEXT,HISTORICAL TEST ONLY,NO-GO,REVIEW at 26.9. Main support: data quality: 65.7. Main caution: projection strength: 6.7; usage foundation: 33.3.,PRIORITY_REVIEW,data quality: 65.7,,projection strength: 6.7,usage foundation: 33.3,,,,,Medium,ROUTE_PROXY_UNVALIDATED|LOW_CURRENT_SAMPLE|LOW_PLAYER_SAMPLE|LOW_RUSH_SAMPLE,,,,,,,,,8,8,8,MISSING,MISSING,MISSING,Pre-target weekly player stats only.,,,,,No schedule game matched team/opponent.,,,,,,,,,,,,MISSING,MISSING,MISSING,LOW_RELIABILITY_DEFENSE_FIT: shrinkage applied to historical allowed stats.,"Context V1 uses pre-target weekly history, schedules.csv game lines where present, and shrinkage-adjusted defense allowed stats.",True,False,False,rushing,REVIEW at 26.9. Main support: data quality: 65.7. Main caution: projection strength: 6.7; usage foundation: 33.3.,,projection strength: 6.7; usage foundation: 33.3; role and availability context: 35.0,,weather not sourced; live role/injury gates not ready; defense fit limited; game environment limited,,role and availability context: 35.0,Research-only driver summary. Limitations: weather not sourced; live role/injury gates not ready; defense fit limited; game environment limited,RESEARCH_ONLY,current_v1,projection_heavy,26.95,REVIEW,PRIORITY_REVIEW,21.65,REVIEW,PRIORITY_REVIEW,-5.3,NO_TIER_CHANGE,NO_ACTION_CHANGE,BIG_DOWNGRADE,RESEARCH_ONLY challenger preview; production signal boards remain current_v1.
2025,1,,D.Mills,HOU,TEN,QB,,,5.20532129392086,,,,,0.0,0.0,0.0,0.0,0.0,0.0,0.0,0.0,0.0,0.0,0.0,0.0,0.0,0.0,0.0,0.0,0.0,0.0,0.0,0.0,0.0,0.0,0.0,0.0,,,,,,,,,,,,,,MISSING,HIGH,MISSING,67,False,True,False,6.34,33.33,50.07,,,,35,55,65.7,26.79,REVIEW,0,0,0,5,data quality: 65.7,"Context V1: defense fit missing/low reliability for some players; game environment missing for some players; weather, route share, first-read share, and coverage are not sourced.",,NEEDS DATA,NEEDS DATA,NEEDS DATA,DATA_NEEDS_LIVE_CONTEXT,HISTORICAL TEST ONLY,NO-GO,REVIEW at 26.8. Main support: data quality: 65.7. Main caution: projection strength: 6.3; usage foundation: 33.3.,PRIORITY_REVIEW,data quality: 65.7,,projection strength: 6.3,usage foundation: 33.3,,,,,Medium,ROUTE_PROXY_UNVALIDATED|LOW_CURRENT_SAMPLE|LOW_PLAYER_SAMPLE|LOW_RUSH_SAMPLE,,,,,,,,,8,8,8,MISSING,MISSING,MISSING,Pre-target weekly player stats only.,,,,,No schedule game matched team/opponent.,,,,,,,,,,,,MISSING,MISSING,MISSING,LOW_RELIABILITY_DEFENSE_FIT: shrinkage applied to historical allowed stats.,"Context V1 uses pre-target weekly history, schedules.csv game lines where present, and shrinkage-adjusted defense allowed stats.",True,False,False,rushing,REVIEW at 26.8. Main support: data quality: 65.7. Main caution: projection strength: 6.3; usage foundation: 33.3.,,projection strength: 6.3; usage foundation: 33.3; role and availability context: 35.0,,weather not sourced; live role/injury gates not ready; defense fit limited; game environment limited,,role and availability context: 35.0,Research-only driver summary. Limitations: weather not sourced; live role/injury gates not ready; defense fit limited; game environment limited,RESEARCH_ONLY,current_v1,projection_heavy,26.79,REVIEW,PRIORITY_REVIEW,21.43,REVIEW,PRIORITY_REVIEW,-5.36,NO_TIER_CHANGE,NO_ACTION_CHANGE,BIG_DOWNGRADE,RESEARCH_ONLY challenger preview; production signal boards remain current_v1.
2025,1,,K.Allen,PIT,DAL,QB,,,4.1907388831435854,,,,,0.0,0.0,0.0,0.0,0.0,0.0,0.0,0.0,0.0,0.0,0.0,0.0,0.0,0.0,0.0,0.0,0.0,0.0,0.0,0.0,0.0,0.0,0.0,0.0,,,,,,,,,,,,,,MISSING,HIGH,MISSING,67,False,True,False,3.73,33.33,50.07,,,,35,55,65.7,25.65,REVIEW,0,0,0,5,data quality: 65.7,"Context V1: defense fit missing/low reliability for some players; game environment missing for some players; weather, route share, first-read share, and coverage are not sourced.",,NEEDS DATA,NEEDS DATA,NEEDS DATA,DATA_NEEDS_LIVE_CONTEXT,HISTORICAL TEST ONLY,NO-GO,REVIEW at 25.6. Main support: data quality: 65.7. Main caution: projection strength: 3.7; usage foundation: 33.3.,PRIORITY_REVIEW,data quality: 65.7,,projection strength: 3.7,usage foundation: 33.3,,,,,Medium,ROUTE_PROXY_UNVALIDATED|LOW_CURRENT_SAMPLE|LOW_PLAYER_SAMPLE|LOW_RUSH_SAMPLE,,,,,,,,,8,8,8,MISSING,MISSING,MISSING,Pre-target weekly player stats only.,,,,,No schedule game matched team/opponent.,,,,,,,,,,,,MISSING,MISSING,MISSING,LOW_RELIABILITY_DEFENSE_FIT: shrinkage applied to historical allowed stats.,"Context V1 uses pre-target weekly history, schedules.csv game lines where present, and shrinkage-adjusted defense allowed stats.",True,False,False,rushing,REVIEW at 25.6. Main support: data quality: 65.7. Main caution: projection strength: 3.7; usage foundation: 33.3.,,projection strength: 3.7; usage foundation: 33.3; role and availability context: 35.0,,weather not sourced; live role/injury gates not ready; defense fit limited; game environment limited,,role and availability context: 35.0,Research-only driver summary. Limitations: weather not sourced; live role/injury gates not ready; defense fit limited; game environment limited,RESEARCH_ONLY,current_v1,projection_heavy,25.65,REVIEW,PRIORITY_REVIEW,19.89,REVIEW,PRIORITY_REVIEW,-5.76,NO_TIER_CHANGE,NO_ACTION_CHANGE,BIG_DOWNGRADE,RESEARCH_ONLY challenger preview; production signal boards remain current_v1.
2025,1,,B.Allen,SF,CHI,QB,,,4.006041361786329,,,,,0.0,0.0,0.0,0.0,0.0,0.0,0.0,0.0,0.0,0.0,0.0,0.0,0.0,0.0,0.0,0.0,0.0,0.0,0.0,0.0,0.0,0.0,0.0,0.0,,,,,,,,,,,,,,MISSING,HIGH,MISSING,67,False,True,False,3.36,33.33,50.07,,,,35,55,65.7,25.48,REVIEW,0,0,0,5,data quality: 65.7,"Context V1: defense fit missing/low reliability for some players; game environment missing for some players; weather, route share, first-read share, and coverage are not sourced.",,NEEDS DATA,NEEDS DATA,NEEDS DATA,DATA_NEEDS_LIVE_CONTEXT,HISTORICAL TEST ONLY,NO-GO,REVIEW at 25.5. Main support: data quality: 65.7. Main caution: projection strength: 3.4; usage foundation: 33.3.,PRIORITY_REVIEW,data quality: 65.7,,projection strength: 3.4,usage foundation: 33.3,,,,,Medium,ROUTE_PROXY_UNVALIDATED|LOW_CURRENT_SAMPLE|LOW_PLAYER_SAMPLE|LOW_RUSH_SAMPLE,,,,,,,,,8,8,8,MISSING,MISSING,MISSING,Pre-target weekly player stats only.,,,,,No schedule game matched team/opponent.,,,,,,,,,,,,MISSING,MISSING,MISSING,LOW_RELIABILITY_DEFENSE_FIT: shrinkage applied to historical allowed stats.,"Context V1 uses pre-target weekly history, schedules.csv game lines where present, and shrinkage-adjusted defense allowed stats.",True,False,False,rushing,REVIEW at 25.5. Main support: data quality: 65.7. Main caution: projection strength: 3.4; usage foundation: 33.3.,,projection strength: 3.4; usage foundation: 33.3; role and availability context: 35.0,,weather not sourced; live role/injury gates not ready; defense fit limited; game environment limited,,role and availability context: 35.0,Research-only driver summary. Limitations: weather not sourced; live role/injury gates not ready; defense fit limited; game environment limited,RESEARCH_ONLY,current_v1,projection_heavy,25.48,REVIEW,PRIORITY_REVIEW,19.67,REVIEW,PRIORITY_REVIEW,-5.81,NO_TIER_CHANGE,NO_ACTION_CHANGE,BIG_DOWNGRADE,RESEARCH_ONLY challenger preview; production signal boards remain current_v1.
2025,1,,M.White,BUF,NE,QB,,,3.595205581191488,,,,,0.0,0.0,0.0,0.0,0.0,0.0,0.0,0.0,0.0,0.0,0.0,0.0,0.0,0.0,0.0,0.0,0.0,0.0,0.0,0.0,0.0,0.0,0.0,0.0,,,,,,,,,,,,,,MISSING,HIGH,MISSING,67,False,True,False,1.87,33.33,50.07,,,,35,55,65.7,24.83,REVIEW,0,0,0,5,data quality: 65.7,"Context V1: defense fit missing/low reliability for some players; game environment missing for some players; weather, route share, first-read share, and coverage are not sourced.",,NEEDS DATA,NEEDS DATA,NEEDS DATA,DATA_NEEDS_LIVE_CONTEXT,HISTORICAL TEST ONLY,NO-GO,REVIEW at 24.8. Main support: data quality: 65.7. Main caution: projection strength: 1.9; usage foundation: 33.3.,PRIORITY_REVIEW,data quality: 65.7,,projection strength: 1.9,usage foundation: 33.3,,,,,Medium,ROUTE_PROXY_UNVALIDATED|LOW_CURRENT_SAMPLE|LOW_PLAYER_SAMPLE|LOW_RUSH_SAMPLE,,,,,,,,,8,8,8,MISSING,MISSING,MISSING,Pre-target weekly player stats only.,,,,,No schedule game matched team/opponent.,,,,,,,,,,,,MISSING,MISSING,MISSING,LOW_RELIABILITY_DEFENSE_FIT: shrinkage applied to historical allowed stats.,"Context V1 uses pre-target weekly history, schedules.csv game lines where present, and shrinkage-adjusted defense allowed stats.",True,False,False,rushing,REVIEW at 24.8. Main support: data quality: 65.7. Main caution: projection strength: 1.9; usage foundation: 33.3.,,projection strength: 1.9; usage foundation: 33.3; role and availability context: 35.0,,weather not sourced; live role/injury gates not ready; defense fit limited; game environment limited,,role and availability context: 35.0,Research-only driver summary. Limitations: weather not sourced; live role/injury gates not ready; defense fit limited; game environment limited,RESEARCH_ONLY,current_v1,projection_heavy,24.83,REVIEW,PRIORITY_REVIEW,18.8,REVIEW,PRIORITY_REVIEW,-6.03,NO_TIER_CHANGE,NO_ACTION_CHANGE,BIG_DOWNGRADE,RESEARCH_ONLY challenger preview; production signal boards remain current_v1.
2025,1,,T.Bridgewater,DET,WAS,QB,,,3.520600241381461,,,,,0.0,0.0,0.0,0.0,0.0,0.0,0.0,0.0,0.0,0.0,0.0,0.0,0.0,0.0,0.0,0.0,0.0,0.0,0.0,0.0,0.0,0.0,0.0,0.0,,,,,,,,,,,,,,MISSING,HIGH,MISSING,67,False,True,False,1.49,33.33,50.07,,,,35,55,65.7,24.67,REVIEW,0,0,0,5,data quality: 65.7,"Context V1: defense fit missing/low reliability for some players; game environment missing for some players; weather, route share, first-read share, and coverage are not sourced.",,NEEDS DATA,NEEDS DATA,NEEDS DATA,DATA_NEEDS_LIVE_CONTEXT,HISTORICAL TEST ONLY,NO-GO,REVIEW at 24.7. Main support: data quality: 65.7. Main caution: projection strength: 1.5; usage foundation: 33.3.,PRIORITY_REVIEW,data quality: 65.7,,projection strength: 1.5,usage foundation: 33.3,,,,,Medium,ROUTE_PROXY_UNVALIDATED|LOW_CURRENT_SAMPLE|LOW_PLAYER_SAMPLE|LOW_RUSH_SAMPLE,,,,,,,,,8,8,8,MISSING,MISSING,MISSING,Pre-target weekly player stats only.,,,,,No schedule game matched team/opponent.,,,,,,,,,,,,MISSING,MISSING,MISSING,LOW_RELIABILITY_DEFENSE_FIT: shrinkage applied to historical allowed stats.,"Context V1 uses pre-target weekly history, schedules.csv game lines where present, and shrinkage-adjusted defense allowed stats.",True,False,False,rushing,REVIEW at 24.7. Main support: data quality: 65.7. Main caution: projection strength: 1.5; usage foundation: 33.3.,,projection strength: 1.5; usage foundation: 33.3; role and availability context: 35.0,,weather not sourced; live role/injury gates not ready; defense fit limited; game environment limited,,role and availability context: 35.0,Research-only driver summary. Limitations: weather not sourced; live role/injury gates not ready; defense fit limited; game environment limited,RESEARCH_ONLY,current_v1,projection_heavy,24.67,REVIEW,PRIORITY_REVIEW,18.57,REVIEW,PRIORITY_REVIEW,-6.1,NO_TIER_CHANGE,NO_ACTION_CHANGE,BIG_DOWNGRADE,RESEARCH_ONLY challenger preview; production signal boards remain current_v1.
2025,1,,C.Tune,ARI,SF,QB,,,3.4266636161861563,,,,,0.0,0.0,0.0,0.0,0.0,0.0,0.0,0.0,0.0,0.0,0.0,0.0,0.0,0.0,0.0,0.0,0.0,0.0,0.0,0.0,0.0,0.0,0.0,0.0,,,,,,,,,,,,,,MISSING,HIGH,MISSING,67,False,True,False,1.12,33.33,50.07,,,,35,55,65.7,24.5,REVIEW,0,0,0,5,data quality: 65.7,"Context V1: defense fit missing/low reliability for some players; game environment missing for some players; weather, route share, first-read share, and coverage are not sourced.",,NEEDS DATA,NEEDS DATA,NEEDS DATA,DATA_NEEDS_LIVE_CONTEXT,HISTORICAL TEST ONLY,NO-GO,REVIEW at 24.5. Main support: data quality: 65.7. Main caution: projection strength: 1.1; usage foundation: 33.3.,PRIORITY_REVIEW,data quality: 65.7,,projection strength: 1.1,usage foundation: 33.3,,,,,Medium,ROUTE_PROXY_UNVALIDATED|LOW_CURRENT_SAMPLE|LOW_PLAYER_SAMPLE|LOW_RUSH_SAMPLE,,,,,,,,,8,8,8,MISSING,MISSING,MISSING,Pre-target weekly player stats only.,,,,,No schedule game matched team/opponent.,,,,,,,,,,,,MISSING,MISSING,MISSING,LOW_RELIABILITY_DEFENSE_FIT: shrinkage applied to historical allowed stats.,"Context V1 uses pre-target weekly history, schedules.csv game lines where present, and shrinkage-adjusted defense allowed stats.",True,False,False,rushing,REVIEW at 24.5. Main support: data quality: 65.7. Main caution: projection strength: 1.1; usage foundation: 33.3.,,projection strength: 1.1; usage foundation: 33.3; role and availability context: 35.0,,weather not sourced; live role/injury gates not ready; defense fit limited; game environment limited,,role and availability context: 35.0,Research-only driver summary. Limitations: weather not sourced; live role/injury gates not ready; defense fit limited; game environment limited,RESEARCH_ONLY,current_v1,projection_heavy,24.5,REVIEW,PRIORITY_REVIEW,18.35,REVIEW,PRIORITY_REVIEW,-6.15,NO_TIER_CHANGE,NO_ACTION_CHANGE,BIG_DOWNGRADE,RESEARCH_ONLY challenger preview; production signal boards remain current_v1.
