player_id,player_name,team,opponent,position,spread_line,total_line,team_implied_total,favorite_status,spread_bucket,game_total_bucket,pass_volume_environment,rush_volume_environment,opp_receiving_fit_score,opp_rushing_fit_score,opp_passing_fit_score,defense_fit_reliability,defense_fit_sample_games,recent_form_reliability,game_environment_reliability,context_data_quality,context_notes
,S.Barkley,PHI,,RB,,,,,,,,,,,,MISSING,,HIGH,MISSING,67,"Context V1 uses pre-target weekly history, schedules.csv game lines where present, and shrinkage-adjusted defense allowed stats."
,J.Chase,CIN,,WR,,,,,,,,,,,,MISSING,,HIGH,MISSING,67,"Context V1 uses pre-target weekly history, schedules.csv game lines where present, and shrinkage-adjusted defense allowed stats."
,J.Taylor,IND,,RB,,,,,,,,,,,,MISSING,,HIGH,MISSING,67,"Context V1 uses pre-target weekly history, schedules.csv game lines where present, and shrinkage-adjusted defense allowed stats."
,K.Murray,ARI,SF,QB,,,,,,,,,,,,MISSING,,HIGH,MISSING,67,"Context V1 uses pre-target weekly history, schedules.csv game lines where present, and shrinkage-adjusted defense allowed stats."
,P.Nacua,LA,,WR,,,,,,,,,,,,MISSING,,HIGH,MISSING,67,"Context V1 uses pre-target weekly history, schedules.csv game lines where present, and shrinkage-adjusted defense allowed stats."
,T.Higgins,CIN,,WR,,,,,,,,,,,,MISSING,,HIGH,MISSING,67,"Context V1 uses pre-target weekly history, schedules.csv game lines where present, and shrinkage-adjusted defense allowed stats."
,B.Thomas,JAX,,WR,,,,,,,,,,,,MISSING,,HIGH,MISSING,67,"Context V1 uses pre-target weekly history, schedules.csv game lines where present, and shrinkage-adjusted defense allowed stats."
,D.Henry,BAL,,RB,,,,,,,,,,,,MISSING,,HIGH,MISSING,67,"Context V1 uses pre-target weekly history, schedules.csv game lines where present, and shrinkage-adjusted defense allowed stats."
,J.Jefferson,MIN,,WR,,,,,,,,,,,,MISSING,,HIGH,MISSING,67,"Context V1 uses pre-target weekly history, schedules.csv game lines where present, and shrinkage-adjusted defense allowed stats."
,J.Jeudy,CLE,,WR,,,,,,,,,,,,MISSING,,HIGH,MISSING,67,"Context V1 uses pre-target weekly history, schedules.csv game lines where present, and shrinkage-adjusted defense allowed stats."
,B.Robinson,ATL,,RB,,,,,,,,,,,,MISSING,,HIGH,MISSING,67,"Context V1 uses pre-target weekly history, schedules.csv game lines where present, and shrinkage-adjusted defense allowed stats."
,L.McConkey,LAC,,WR,,,,,,,,,,,,MISSING,,HIGH,MISSING,67,"Context V1 uses pre-target weekly history, schedules.csv game lines where present, and shrinkage-adjusted defense allowed stats."
,A.St. Brown,DET,,WR,,,,,,,,,,,,MISSING,,HIGH,MISSING,67,"Context V1 uses pre-target weekly history, schedules.csv game lines where present, and shrinkage-adjusted defense allowed stats."
,D.Moore,CHI,,WR,,,,,,,,,,,,MISSING,,HIGH,MISSING,67,"Context V1 uses pre-target weekly history, schedules.csv game lines where present, and shrinkage-adjusted defense allowed stats."
,K.Williams,LA,,RB,,,,,,,,,,,,MISSING,,HIGH,MISSING,67,"Context V1 uses pre-target weekly history, schedules.csv game lines where present, and shrinkage-adjusted defense allowed stats."
,T.Shavers,BUF,,WR,,,,,,,,,,,,MISSING,,HIGH,MISSING,67,"Context V1 uses pre-target weekly history, schedules.csv game lines where present, and shrinkage-adjusted defense allowed stats."
,D.Adams,NYJ,,WR,,,,,,,,,,,,MISSING,,HIGH,MISSING,67,"Context V1 uses pre-target weekly history, schedules.csv game lines where present, and shrinkage-adjusted defense allowed stats."
,T.McLaurin,WAS,,WR,,,,,,,,,,,,MISSING,,HIGH,MISSING,67,"Context V1 uses pre-target weekly history, schedules.csv game lines where present, and shrinkage-adjusted defense allowed stats."
,Ja.Williams,DET,,WR,,,,,,,,,,,,MISSING,,HIGH,MISSING,67,"Context V1 uses pre-target weekly history, schedules.csv game lines where present, and shrinkage-adjusted defense allowed stats."
,J.Mixon,HOU,,RB,,,,,,,,,,,,MISSING,,HIGH,MISSING,67,"Context V1 uses pre-target weekly history, schedules.csv game lines where present, and shrinkage-adjusted defense allowed stats."
00-0034855,B.Mayfield,TB,WAS,QB,,,,,,,,,,62.26,62.5,HIGH,37.0,HIGH,MISSING,79,"Context V1 uses pre-target weekly history, schedules.csv game lines where present, and shrinkage-adjusted defense allowed stats."
,D.Bell,CLE,,WR,,,,,,,,,,,,MISSING,,HIGH,MISSING,67,"Context V1 uses pre-target weekly history, schedules.csv game lines where present, and shrinkage-adjusted defense allowed stats."
,J.Jennings,SF,,WR,,,,,,,,,,,,MISSING,,HIGH,MISSING,67,"Context V1 uses pre-target weekly history, schedules.csv game lines where present, and shrinkage-adjusted defense allowed stats."
,J.Jacobs,GB,,RB,,,,,,,,,,,,MISSING,,HIGH,MISSING,67,"Context V1 uses pre-target weekly history, schedules.csv game lines where present, and shrinkage-adjusted defense allowed stats."
,M.Evans,TB,,WR,,,,,,,,,,,,MISSING,,HIGH,MISSING,67,"Context V1 uses pre-target weekly history, schedules.csv game lines where present, and shrinkage-adjusted defense allowed stats."
,T.Pollard,TEN,,RB,,,,,,,,,,,,MISSING,,HIGH,MISSING,67,"Context V1 uses pre-target weekly history, schedules.csv game lines where present, and shrinkage-adjusted defense allowed stats."
,N.Collins,HOU,,WR,,,,,,,,,,,,MISSING,,HIGH,MISSING,67,"Context V1 uses pre-target weekly history, schedules.csv game lines where present, and shrinkage-adjusted defense allowed stats."
,M.Nabers,NYG,,WR,,,,,,,,,,,,MISSING,,HIGH,MISSING,67,"Context V1 uses pre-target weekly history, schedules.csv game lines where present, and shrinkage-adjusted defense allowed stats."
,J.Gibbs,DET,,RB,,,,,,,,,,,,MISSING,,HIGH,MISSING,67,"Context V1 uses pre-target weekly history, schedules.csv game lines where present, and shrinkage-adjusted defense allowed stats."
,J.Smith-Njigba,SEA,,WR,,,,,,,,,,,,MISSING,,HIGH,MISSING,67,"Context V1 uses pre-target weekly history, schedules.csv game lines where present, and shrinkage-adjusted defense allowed stats."
,R.Dowdle,DAL,,RB,,,,,,,,,,,,MISSING,,HIGH,MISSING,67,"Context V1 uses pre-target weekly history, schedules.csv game lines where present, and shrinkage-adjusted defense allowed stats."
,B.Aiyuk,SF,,WR,,,,,,,,,,,,MISSING,,HIGH,MISSING,67,"Context V1 uses pre-target weekly history, schedules.csv game lines where present, and shrinkage-adjusted defense allowed stats."
,J.Meyers,LV,,WR,,,,,,,,,,,,MISSING,,HIGH,MISSING,67,"Context V1 uses pre-target weekly history, schedules.csv game lines where present, and shrinkage-adjusted defense allowed stats."
,J.Addison,MIN,,WR,,,,,,,,,,,,MISSING,,HIGH,MISSING,67,"Context V1 uses pre-target weekly history, schedules.csv game lines where present, and shrinkage-adjusted defense allowed stats."
,S.Diggs,HOU,,WR,,,,,,,,,,,,MISSING,,HIGH,MISSING,67,"Context V1 uses pre-target weekly history, schedules.csv game lines where present, and shrinkage-adjusted defense allowed stats."
,C.Williams,CHI,GB,QB,,,,,,,,,,,,MISSING,,HIGH,MISSING,67,"Context V1 uses pre-target weekly history, schedules.csv game lines where present, and shrinkage-adjusted defense allowed stats."
,W.Robinson,NYG,,WR,,,,,,,,,,,,MISSING,,HIGH,MISSING,67,"Context V1 uses pre-target weekly history, schedules.csv game lines where present, and shrinkage-adjusted defense allowed stats."
,B.Irving,TB,,RB,,,,,,,,,,,,MISSING,,HIGH,MISSING,67,"Context V1 uses pre-target weekly history, schedules.csv game lines where present, and shrinkage-adjusted defense allowed stats."
,A.Gould,IND,,WR,,,,,,,,,,,,MISSING,,HIGH,MISSING,67,"Context V1 uses pre-target weekly history, schedules.csv game lines where present, and shrinkage-adjusted defense allowed stats."
,C.Godwin,TB,,WR,,,,,,,,,,,,MISSING,,HIGH,MISSING,67,"Context V1 uses pre-target weekly history, schedules.csv game lines where present, and shrinkage-adjusted defense allowed stats."
,C.Hubbard,CAR,,RB,,,,,,,,,,,,MISSING,,HIGH,MISSING,67,"Context V1 uses pre-target weekly history, schedules.csv game lines where present, and shrinkage-adjusted defense allowed stats."
,B.Mayfield,TB,WAS,QB,,,,,,,,,,,,MISSING,,HIGH,MISSING,67,"Context V1 uses pre-target weekly history, schedules.csv game lines where present, and shrinkage-adjusted defense allowed stats."
,R.Pearsall,SF,,WR,,,,,,,,,,,,MISSING,,HIGH,MISSING,67,"Context V1 uses pre-target weekly history, schedules.csv game lines where present, and shrinkage-adjusted defense allowed stats."
,D.Brown,WAS,,WR,,,,,,,,,,,,MISSING,,HIGH,MISSING,67,"Context V1 uses pre-target weekly history, schedules.csv game lines where present, and shrinkage-adjusted defense allowed stats."
,D.Swift,CHI,,RB,,,,,,,,,,,,MISSING,,HIGH,MISSING,67,"Context V1 uses pre-target weekly history, schedules.csv game lines where present, and shrinkage-adjusted defense allowed stats."
,K.Allen,CHI,,WR,,,,,,,,,,,,MISSING,,HIGH,MISSING,67,"Context V1 uses pre-target weekly history, schedules.csv game lines where present, and shrinkage-adjusted defense allowed stats."
,J.Conner,ARI,,RB,,,,,,,,,,,,MISSING,,HIGH,MISSING,67,"Context V1 uses pre-target weekly history, schedules.csv game lines where present, and shrinkage-adjusted defense allowed stats."
,J.Cowing,SF,,WR,,,,,,,,,,,,MISSING,,HIGH,MISSING,67,"Context V1 uses pre-target weekly history, schedules.csv game lines where present, and shrinkage-adjusted defense allowed stats."
,T.McBride,ARI,,TE,,,,,,,,,,,,MISSING,,HIGH,MISSING,67,"Context V1 uses pre-target weekly history, schedules.csv game lines where present, and shrinkage-adjusted defense allowed stats."
,B.Johnson,PIT,,WR,,,,,,,,,,,,MISSING,,HIGH,MISSING,67,"Context V1 uses pre-target weekly history, schedules.csv game lines where present, and shrinkage-adjusted defense allowed stats."
,A.Pierce,IND,,WR,,,,,,,,,,,,MISSING,,HIGH,MISSING,67,"Context V1 uses pre-target weekly history, schedules.csv game lines where present, and shrinkage-adjusted defense allowed stats."
,R.Shaheed,NO,,WR,,,,,,,,,,,,MISSING,,HIGH,MISSING,67,"Context V1 uses pre-target weekly history, schedules.csv game lines where present, and shrinkage-adjusted defense allowed stats."
,A.Thielen,CAR,,WR,,,,,,,,,,,,MISSING,,HIGH,MISSING,67,"Context V1 uses pre-target weekly history, schedules.csv game lines where present, and shrinkage-adjusted defense allowed stats."
,J.Cook,BUF,,RB,,,,,,,,,,,,MISSING,,HIGH,MISSING,67,"Context V1 uses pre-target weekly history, schedules.csv game lines where present, and shrinkage-adjusted defense allowed stats."
,A.Kamara,NO,,RB,,,,,,,,,,,,MISSING,,HIGH,MISSING,67,"Context V1 uses pre-target weekly history, schedules.csv game lines where present, and shrinkage-adjusted defense allowed stats."
,G.Wilson,NYJ,,WR,,,,,,,,,,,,MISSING,,HIGH,MISSING,67,"Context V1 uses pre-target weekly history, schedules.csv game lines where present, and shrinkage-adjusted defense allowed stats."
,T.Hill,MIA,,WR,,,,,,,,,,,,MISSING,,HIGH,MISSING,67,"Context V1 uses pre-target weekly history, schedules.csv game lines where present, and shrinkage-adjusted defense allowed stats."
,J.Nailor,MIN,,WR,,,,,,,,,,,,MISSING,,HIGH,MISSING,67,"Context V1 uses pre-target weekly history, schedules.csv game lines where present, and shrinkage-adjusted defense allowed stats."
,A.Jones,MIN,,RB,,,,,,,,,,,,MISSING,,HIGH,MISSING,67,"Context V1 uses pre-target weekly history, schedules.csv game lines where present, and shrinkage-adjusted defense allowed stats."
,T.Etienne,JAX,,RB,,,,,,,,,,,,MISSING,,HIGH,MISSING,67,"Context V1 uses pre-target weekly history, schedules.csv game lines where present, and shrinkage-adjusted defense allowed stats."
,D.London,ATL,,WR,,,,,,,,,,,,MISSING,,HIGH,MISSING,67,"Context V1 uses pre-target weekly history, schedules.csv game lines where present, and shrinkage-adjusted defense allowed stats."
,C.Lamb,DAL,,WR,,,,,,,,,,,,MISSING,,HIGH,MISSING,67,"Context V1 uses pre-target weekly history, schedules.csv game lines where present, and shrinkage-adjusted defense allowed stats."
,T.Martin,TEN,,WR,,,,,,,,,,,,MISSING,,HIGH,MISSING,67,"Context V1 uses pre-target weekly history, schedules.csv game lines where present, and shrinkage-adjusted defense allowed stats."
,J.Downs,IND,,WR,,,,,,,,,,,,MISSING,,HIGH,MISSING,67,"Context V1 uses pre-target weekly history, schedules.csv game lines where present, and shrinkage-adjusted defense allowed stats."
00-0033106,J.Goff,DET,WAS,QB,,,,,,,,,,62.26,62.5,HIGH,37.0,HIGH,MISSING,79,"Context V1 uses pre-target weekly history, schedules.csv game lines where present, and shrinkage-adjusted defense allowed stats."
,J.Palmer,LAC,,WR,,,,,,,,,,,,MISSING,,HIGH,MISSING,67,"Context V1 uses pre-target weekly history, schedules.csv game lines where present, and shrinkage-adjusted defense allowed stats."
,D.Samuel,SF,,WR,,,,,,,,,,,,MISSING,,HIGH,MISSING,67,"Context V1 uses pre-target weekly history, schedules.csv game lines where present, and shrinkage-adjusted defense allowed stats."
,M.Washington,MIA,,WR,,,,,,,,,,,,MISSING,,HIGH,MISSING,67,"Context V1 uses pre-target weekly history, schedules.csv game lines where present, and shrinkage-adjusted defense allowed stats."
,J.Dobbins,LAC,,RB,,,,,,,,,,,,MISSING,,HIGH,MISSING,67,"Context V1 uses pre-target weekly history, schedules.csv game lines where present, and shrinkage-adjusted defense allowed stats."
,R.Rice,KC,,WR,,,,,,,,,,,,MISSING,,HIGH,MISSING,67,"Context V1 uses pre-target weekly history, schedules.csv game lines where present, and shrinkage-adjusted defense allowed stats."
,K.Walker,SEA,,RB,,,,,,,,,,,,MISSING,,HIGH,MISSING,67,"Context V1 uses pre-target weekly history, schedules.csv game lines where present, and shrinkage-adjusted defense allowed stats."
,J.Goff,DET,WAS,QB,,,,,,,,,,,,MISSING,,HIGH,MISSING,67,"Context V1 uses pre-target weekly history, schedules.csv game lines where present, and shrinkage-adjusted defense allowed stats."
,N.Brown,WAS,,WR,,,,,,,,,,,,MISSING,,HIGH,MISSING,67,"Context V1 uses pre-target weekly history, schedules.csv game lines where present, and shrinkage-adjusted defense allowed stats."
,M.Pittman,IND,,WR,,,,,,,,,,,,MISSING,,HIGH,MISSING,67,"Context V1 uses pre-target weekly history, schedules.csv game lines where present, and shrinkage-adjusted defense allowed stats."
,G.Pickens,PIT,,WR,,,,,,,,,,,,MISSING,,HIGH,MISSING,67,"Context V1 uses pre-target weekly history, schedules.csv game lines where present, and shrinkage-adjusted defense allowed stats."
,D.Njoku,CLE,,TE,,,,,,,,,,,,MISSING,,HIGH,MISSING,67,"Context V1 uses pre-target weekly history, schedules.csv game lines where present, and shrinkage-adjusted defense allowed stats."
,T.Allgeier,ATL,,RB,,,,,,,,,,,,MISSING,,HIGH,MISSING,67,"Context V1 uses pre-target weekly history, schedules.csv game lines where present, and shrinkage-adjusted defense allowed stats."
,M.Harrison,ARI,,WR,,,,,,,,,,,,MISSING,,HIGH,MISSING,67,"Context V1 uses pre-target weekly history, schedules.csv game lines where present, and shrinkage-adjusted defense allowed stats."
,J.Smith,MIA,,TE,,,,,,,,,,,,MISSING,,HIGH,MISSING,67,"Context V1 uses pre-target weekly history, schedules.csv game lines where present, and shrinkage-adjusted defense allowed stats."
,K.Pryor,CIN,,WR,,,,,,,,,,,,MISSING,,HIGH,MISSING,67,"Context V1 uses pre-target weekly history, schedules.csv game lines where present, and shrinkage-adjusted defense allowed stats."
,C.McCaffrey,SF,,RB,,,,,,,,,,,,MISSING,,HIGH,MISSING,67,"Context V1 uses pre-target weekly history, schedules.csv game lines where present, and shrinkage-adjusted defense allowed stats."
,J.Daniels,WAS,PHI,QB,,,,,,,,,,,,MISSING,,HIGH,MISSING,67,"Context V1 uses pre-target weekly history, schedules.csv game lines where present, and shrinkage-adjusted defense allowed stats."
,K.Shakir,BUF,,WR,,,,,,,,,,,,MISSING,,HIGH,MISSING,67,"Context V1 uses pre-target weekly history, schedules.csv game lines where present, and shrinkage-adjusted defense allowed stats."
,R.White,TB,,RB,,,,,,,,,,,,MISSING,,HIGH,MISSING,67,"Context V1 uses pre-target weekly history, schedules.csv game lines where present, and shrinkage-adjusted defense allowed stats."
,M.Valdes-Scantling,NO,,WR,,,,,,,,,,,,MISSING,,HIGH,MISSING,67,"Context V1 uses pre-target weekly history, schedules.csv game lines where present, and shrinkage-adjusted defense allowed stats."
,N.Harris,PIT,,RB,,,,,,,,,,,,MISSING,,HIGH,MISSING,67,"Context V1 uses pre-target weekly history, schedules.csv game lines where present, and shrinkage-adjusted defense allowed stats."
,C.White,SEA,,WR,,,,,,,,,,,,MISSING,,HIGH,MISSING,67,"Context V1 uses pre-target weekly history, schedules.csv game lines where present, and shrinkage-adjusted defense allowed stats."
,C.Tillman,CLE,,WR,,,,,,,,,,,,MISSING,,HIGH,MISSING,67,"Context V1 uses pre-target weekly history, schedules.csv game lines where present, and shrinkage-adjusted defense allowed stats."
,J.Coker,CAR,,WR,,,,,,,,,,,,MISSING,,HIGH,MISSING,67,"Context V1 uses pre-target weekly history, schedules.csv game lines where present, and shrinkage-adjusted defense allowed stats."
,G.Kittle,SF,,TE,,,,,,,,,,,,MISSING,,HIGH,MISSING,67,"Context V1 uses pre-target weekly history, schedules.csv game lines where present, and shrinkage-adjusted defense allowed stats."
,B.Bowers,LV,,TE,,,,,,,,,,,,MISSING,,HIGH,MISSING,67,"Context V1 uses pre-target weekly history, schedules.csv game lines where present, and shrinkage-adjusted defense allowed stats."
,T.Bigsby,JAX,,RB,,,,,,,,,,,,MISSING,,HIGH,MISSING,67,"Context V1 uses pre-target weekly history, schedules.csv game lines where present, and shrinkage-adjusted defense allowed stats."
,C.Olave,NO,,WR,,,,,,,,,,,,MISSING,,HIGH,MISSING,67,"Context V1 uses pre-target weekly history, schedules.csv game lines where present, and shrinkage-adjusted defense allowed stats."
,C.Brown,CIN,,RB,,,,,,,,,,,,MISSING,,HIGH,MISSING,67,"Context V1 uses pre-target weekly history, schedules.csv game lines where present, and shrinkage-adjusted defense allowed stats."
,D.Montgomery,DET,,RB,,,,,,,,,,,,MISSING,,HIGH,MISSING,67,"Context V1 uses pre-target weekly history, schedules.csv game lines where present, and shrinkage-adjusted defense allowed stats."
,M.Gesicki,CIN,,TE,,,,,,,,,,,,MISSING,,HIGH,MISSING,67,"Context V1 uses pre-target weekly history, schedules.csv game lines where present, and shrinkage-adjusted defense allowed stats."
,C.Sutton,DEN,,WR,,,,,,,,,,,,MISSING,,HIGH,MISSING,67,"Context V1 uses pre-target weekly history, schedules.csv game lines where present, and shrinkage-adjusted defense allowed stats."
,Q.Johnston,LAC,,WR,,,,,,,,,,,,MISSING,,HIGH,MISSING,67,"Context V1 uses pre-target weekly history, schedules.csv game lines where present, and shrinkage-adjusted defense allowed stats."
,B.Hall,NYJ,,RB,,,,,,,,,,,,MISSING,,HIGH,MISSING,67,"Context V1 uses pre-target weekly history, schedules.csv game lines where present, and shrinkage-adjusted defense allowed stats."
,E.Engram,JAX,,TE,,,,,,,,,,,,MISSING,,HIGH,MISSING,67,"Context V1 uses pre-target weekly history, schedules.csv game lines where present, and shrinkage-adjusted defense allowed stats."
,J.Waddle,MIA,,WR,,,,,,,,,,,,MISSING,,HIGH,MISSING,67,"Context V1 uses pre-target weekly history, schedules.csv game lines where present, and shrinkage-adjusted defense allowed stats."
,P.Freiermuth,PIT,,TE,,,,,,,,,,,,MISSING,,HIGH,MISSING,67,"Context V1 uses pre-target weekly history, schedules.csv game lines where present, and shrinkage-adjusted defense allowed stats."
,D.Metcalf,SEA,,WR,,,,,,,,,,,,MISSING,,HIGH,MISSING,67,"Context V1 uses pre-target weekly history, schedules.csv game lines where present, and shrinkage-adjusted defense allowed stats."
00-0035228,K.Murray,ARI,SF,QB,,,,,,,,,,63.52,25.0,HIGH,37.0,HIGH,MISSING,79,"Context V1 uses pre-target weekly history, schedules.csv game lines where present, and shrinkage-adjusted defense allowed stats."
,X.Worthy,KC,,WR,,,,,,,,,,,,MISSING,,HIGH,MISSING,67,"Context V1 uses pre-target weekly history, schedules.csv game lines where present, and shrinkage-adjusted defense allowed stats."
,D.Achane,MIA,,RB,,,,,,,,,,,,MISSING,,HIGH,MISSING,67,"Context V1 uses pre-target weekly history, schedules.csv game lines where present, and shrinkage-adjusted defense allowed stats."
,J.Burton,CIN,,WR,,,,,,,,,,,,MISSING,,HIGH,MISSING,67,"Context V1 uses pre-target weekly history, schedules.csv game lines where present, and shrinkage-adjusted defense allowed stats."
,C.Jones,CIN,,WR,,,,,,,,,,,,MISSING,,HIGH,MISSING,67,"Context V1 uses pre-target weekly history, schedules.csv game lines where present, and shrinkage-adjusted defense allowed stats."
,L.Bowden,NO,,WR,,,,,,,,,,,,MISSING,,HIGH,MISSING,67,"Context V1 uses pre-target weekly history, schedules.csv game lines where present, and shrinkage-adjusted defense allowed stats."
,R.Stevenson,NE,,RB,,,,,,,,,,,,MISSING,,HIGH,MISSING,67,"Context V1 uses pre-target weekly history, schedules.csv game lines where present, and shrinkage-adjusted defense allowed stats."
,G.Dortch,ARI,,WR,,,,,,,,,,,,MISSING,,HIGH,MISSING,67,"Context V1 uses pre-target weekly history, schedules.csv game lines where present, and shrinkage-adjusted defense allowed stats."
,A.Perry,NO,,WR,,,,,,,,,,,,MISSING,,HIGH,MISSING,67,"Context V1 uses pre-target weekly history, schedules.csv game lines where present, and shrinkage-adjusted defense allowed stats."
,T.Sherfield,MIN,,WR,,,,,,,,,,,,MISSING,,HIGH,MISSING,67,"Context V1 uses pre-target weekly history, schedules.csv game lines where present, and shrinkage-adjusted defense allowed stats."
,M.Mims,DEN,,WR,,,,,,,,,,,,MISSING,,HIGH,MISSING,67,"Context V1 uses pre-target weekly history, schedules.csv game lines where present, and shrinkage-adjusted defense allowed stats."
,B.Robinson,WAS,,RB,,,,,,,,,,,,MISSING,,HIGH,MISSING,67,"Context V1 uses pre-target weekly history, schedules.csv game lines where present, and shrinkage-adjusted defense allowed stats."
,Z.Ertz,WAS,,TE,,,,,,,,,,,,MISSING,,HIGH,MISSING,67,"Context V1 uses pre-target weekly history, schedules.csv game lines where present, and shrinkage-adjusted defense allowed stats."
,T.Hill,NO,,TE,,,,,,,,,,,,MISSING,,HIGH,MISSING,67,"Context V1 uses pre-target weekly history, schedules.csv game lines where present, and shrinkage-adjusted defense allowed stats."
,D.Eskridge,MIA,,WR,,,,,,,,,,,,MISSING,,HIGH,MISSING,67,"Context V1 uses pre-target weekly history, schedules.csv game lines where present, and shrinkage-adjusted defense allowed stats."
,A.Iosivas,CIN,,WR,,,,,,,,,,,,MISSING,,HIGH,MISSING,67,"Context V1 uses pre-target weekly history, schedules.csv game lines where present, and shrinkage-adjusted defense allowed stats."
,J.Mason,SF,,RB,,,,,,,,,,,,MISSING,,HIGH,MISSING,67,"Context V1 uses pre-target weekly history, schedules.csv game lines where present, and shrinkage-adjusted defense allowed stats."
,C.Kupp,LA,,WR,,,,,,,,,,,,MISSING,,HIGH,MISSING,67,"Context V1 uses pre-target weekly history, schedules.csv game lines where present, and shrinkage-adjusted defense allowed stats."
,M.Gordon,BAL,,RB,,,,,,,,,,,,MISSING,,HIGH,MISSING,67,"Context V1 uses pre-target weekly history, schedules.csv game lines where present, and shrinkage-adjusted defense allowed stats."
00-0039918,C.Williams,CHI,GB,QB,,,,,,,,,,71.7,37.5,HIGH,37.0,HIGH,MISSING,79,"Context V1 uses pre-target weekly history, schedules.csv game lines where present, and shrinkage-adjusted defense allowed stats."
,C.Ridley,TEN,,WR,,,,,,,,,,,,MISSING,,HIGH,MISSING,67,"Context V1 uses pre-target weekly history, schedules.csv game lines where present, and shrinkage-adjusted defense allowed stats."
,K.Hunt,KC,,RB,,,,,,,,,,,,MISSING,,HIGH,MISSING,67,"Context V1 uses pre-target weekly history, schedules.csv game lines where present, and shrinkage-adjusted defense allowed stats."
,R.Moore,ARI,,WR,,,,,,,,,,,,MISSING,,HIGH,MISSING,67,"Context V1 uses pre-target weekly history, schedules.csv game lines where present, and shrinkage-adjusted defense allowed stats."
,C.Watson,GB,,WR,,,,,,,,,,,,MISSING,,HIGH,MISSING,67,"Context V1 uses pre-target weekly history, schedules.csv game lines where present, and shrinkage-adjusted defense allowed stats."
,S.LaPorta,DET,,TE,,,,,,,,,,,,MISSING,,HIGH,MISSING,67,"Context V1 uses pre-target weekly history, schedules.csv game lines where present, and shrinkage-adjusted defense allowed stats."
,K.Boutte,NE,,WR,,,,,,,,,,,,MISSING,,HIGH,MISSING,67,"Context V1 uses pre-target weekly history, schedules.csv game lines where present, and shrinkage-adjusted defense allowed stats."
,L.Jackson,BAL,BUF,QB,,,,,,,,,,,,MISSING,,HIGH,MISSING,67,"Context V1 uses pre-target weekly history, schedules.csv game lines where present, and shrinkage-adjusted defense allowed stats."
,T.Tracy,NYG,,RB,,,,,,,,,,,,MISSING,,HIGH,MISSING,67,"Context V1 uses pre-target weekly history, schedules.csv game lines where present, and shrinkage-adjusted defense allowed stats."
,P.Washington,JAX,,WR,,,,,,,,,,,,MISSING,,HIGH,MISSING,67,"Context V1 uses pre-target weekly history, schedules.csv game lines where present, and shrinkage-adjusted defense allowed stats."
,T.Atwell,LA,,WR,,,,,,,,,,,,MISSING,,HIGH,MISSING,67,"Context V1 uses pre-target weekly history, schedules.csv game lines where present, and shrinkage-adjusted defense allowed stats."
,J.McClellan,ATL,,RB,,,,,,,,,,,,MISSING,,HIGH,MISSING,67,"Context V1 uses pre-target weekly history, schedules.csv game lines where present, and shrinkage-adjusted defense allowed stats."
,J.McMillan,TB,,WR,,,,,,,,,,,,MISSING,,HIGH,MISSING,67,"Context V1 uses pre-target weekly history, schedules.csv game lines where present, and shrinkage-adjusted defense allowed stats."
,N.Chubb,CLE,,RB,,,,,,,,,,,,MISSING,,HIGH,MISSING,67,"Context V1 uses pre-target weekly history, schedules.csv game lines where present, and shrinkage-adjusted defense allowed stats."
,O.Zaccheaus,WAS,,WR,,,,,,,,,,,,MISSING,,HIGH,MISSING,67,"Context V1 uses pre-target weekly history, schedules.csv game lines where present, and shrinkage-adjusted defense allowed stats."
,C.Moore,TEN,,WR,,,,,,,,,,,,MISSING,,HIGH,MISSING,67,"Context V1 uses pre-target weekly history, schedules.csv game lines where present, and shrinkage-adjusted defense allowed stats."
,K.Lassiter,CIN,,WR,,,,,,,,,,,,MISSING,,HIGH,MISSING,67,"Context V1 uses pre-target weekly history, schedules.csv game lines where present, and shrinkage-adjusted defense allowed stats."
,J.Reed,GB,,WR,,,,,,,,,,,,MISSING,,HIGH,MISSING,67,"Context V1 uses pre-target weekly history, schedules.csv game lines where present, and shrinkage-adjusted defense allowed stats."
,S.McCormick,LV,,RB,,,,,,,,,,,,MISSING,,HIGH,MISSING,67,"Context V1 uses pre-target weekly history, schedules.csv game lines where present, and shrinkage-adjusted defense allowed stats."
,K.Doss,LAC,,WR,,,,,,,,,,,,MISSING,,HIGH,MISSING,67,"Context V1 uses pre-target weekly history, schedules.csv game lines where present, and shrinkage-adjusted defense allowed stats."
,J.Metchie,HOU,,WR,,,,,,,,,,,,MISSING,,HIGH,MISSING,67,"Context V1 uses pre-target weekly history, schedules.csv game lines where present, and shrinkage-adjusted defense allowed stats."
,C.Kirk,JAX,,WR,,,,,,,,,,,,MISSING,,HIGH,MISSING,67,"Context V1 uses pre-target weekly history, schedules.csv game lines where present, and shrinkage-adjusted defense allowed stats."
,J.Williams,DEN,,RB,,,,,,,,,,,,MISSING,,HIGH,MISSING,67,"Context V1 uses pre-target weekly history, schedules.csv game lines where present, and shrinkage-adjusted defense allowed stats."
,N.Westbrook-Ikhine,TEN,,WR,,,,,,,,,,,,MISSING,,HIGH,MISSING,67,"Context V1 uses pre-target weekly history, schedules.csv game lines where present, and shrinkage-adjusted defense allowed stats."
,B.Tremayne,WAS,,WR,,,,,,,,,,,,MISSING,,HIGH,MISSING,67,"Context V1 uses pre-target weekly history, schedules.csv game lines where present, and shrinkage-adjusted defense allowed stats."
,J.Whittington,LA,,WR,,,,,,,,,,,,MISSING,,HIGH,MISSING,67,"Context V1 uses pre-target weekly history, schedules.csv game lines where present, and shrinkage-adjusted defense allowed stats."
,T.Jackson,MIN,,WR,,,,,,,,,,,,MISSING,,HIGH,MISSING,67,"Context V1 uses pre-target weekly history, schedules.csv game lines where present, and shrinkage-adjusted defense allowed stats."
00-0036442,J.Burrow,CIN,PIT,QB,,,,,,,,,,62.89,71.88,HIGH,36.0,HIGH,MISSING,79,"Context V1 uses pre-target weekly history, schedules.csv game lines where present, and shrinkage-adjusted defense allowed stats."
,A.Brown,PHI,,WR,,,,,,,,,,,,MISSING,,HIGH,MISSING,67,"Context V1 uses pre-target weekly history, schedules.csv game lines where present, and shrinkage-adjusted defense allowed stats."
,I.Pacheco,KC,,RB,,,,,,,,,,,,MISSING,,HIGH,MISSING,67,"Context V1 uses pre-target weekly history, schedules.csv game lines where present, and shrinkage-adjusted defense allowed stats."
,E.Moore,CLE,,WR,,,,,,,,,,,,MISSING,,HIGH,MISSING,67,"Context V1 uses pre-target weekly history, schedules.csv game lines where present, and shrinkage-adjusted defense allowed stats."
,M.Strachan,CAR,,WR,,,,,,,,,,,,MISSING,,HIGH,MISSING,67,"Context V1 uses pre-target weekly history, schedules.csv game lines where present, and shrinkage-adjusted defense allowed stats."
,C.Okonkwo,TEN,,TE,,,,,,,,,,,,MISSING,,HIGH,MISSING,67,"Context V1 uses pre-target weekly history, schedules.csv game lines where present, and shrinkage-adjusted defense allowed stats."
,C.Austin,PIT,,WR,,,,,,,,,,,,MISSING,,HIGH,MISSING,67,"Context V1 uses pre-target weekly history, schedules.csv game lines where present, and shrinkage-adjusted defense allowed stats."
,Mi.Wilson,ARI,,WR,,,,,,,,,,,,MISSING,,HIGH,MISSING,67,"Context V1 uses pre-target weekly history, schedules.csv game lines where present, and shrinkage-adjusted defense allowed stats."
,R.Doubs,GB,,WR,,,,,,,,,,,,MISSING,,HIGH,MISSING,67,"Context V1 uses pre-target weekly history, schedules.csv game lines where present, and shrinkage-adjusted defense allowed stats."
,T.Taylor,SF,,WR,,,,,,,,,,,,MISSING,,HIGH,MISSING,67,"Context V1 uses pre-target weekly history, schedules.csv game lines where present, and shrinkage-adjusted defense allowed stats."
,Z.Moss,CIN,,RB,,,,,,,,,,,,MISSING,,HIGH,MISSING,67,"Context V1 uses pre-target weekly history, schedules.csv game lines where present, and shrinkage-adjusted defense allowed stats."
,A.Bachman,LV,,WR,,,,,,,,,,,,MISSING,,HIGH,MISSING,67,"Context V1 uses pre-target weekly history, schedules.csv game lines where present, and shrinkage-adjusted defense allowed stats."
,R.Cracraft,MIA,,WR,,,,,,,,,,,,MISSING,,HIGH,MISSING,67,"Context V1 uses pre-target weekly history, schedules.csv game lines where present, and shrinkage-adjusted defense allowed stats."
,T.Jones,ARI,,RB,,,,,,,,,,,,MISSING,,HIGH,MISSING,67,"Context V1 uses pre-target weekly history, schedules.csv game lines where present, and shrinkage-adjusted defense allowed stats."
,B.Nix,DEN,BUF,QB,,,,,,,,,,,,MISSING,,HIGH,MISSING,67,"Context V1 uses pre-target weekly history, schedules.csv game lines where present, and shrinkage-adjusted defense allowed stats."
,B.Skowronek,PIT,,WR,,,,,,,,,,,,MISSING,,HIGH,MISSING,67,"Context V1 uses pre-target weekly history, schedules.csv game lines where present, and shrinkage-adjusted defense allowed stats."
,D.Douglas,NE,,WR,,,,,,,,,,,,MISSING,,HIGH,MISSING,67,"Context V1 uses pre-target weekly history, schedules.csv game lines where present, and shrinkage-adjusted defense allowed stats."
,T.Dell,HOU,,WR,,,,,,,,,,,,MISSING,,HIGH,MISSING,67,"Context V1 uses pre-target weekly history, schedules.csv game lines where present, and shrinkage-adjusted defense allowed stats."
,J.Hurts,PHI,KC,QB,,,,,,,,,,,,MISSING,,HIGH,MISSING,67,"Context V1 uses pre-target weekly history, schedules.csv game lines where present, and shrinkage-adjusted defense allowed stats."
,A.Lazard,NYJ,,WR,,,,,,,,,,,,MISSING,,HIGH,MISSING,67,"Context V1 uses pre-target weekly history, schedules.csv game lines where present, and shrinkage-adjusted defense allowed stats."
,Z.Jones,ARI,,WR,,,,,,,,,,,,MISSING,,HIGH,MISSING,67,"Context V1 uses pre-target weekly history, schedules.csv game lines where present, and shrinkage-adjusted defense allowed stats."
,A.Trammell,JAX,,WR,,,,,,,,,,,,MISSING,,HIGH,MISSING,67,"Context V1 uses pre-target weekly history, schedules.csv game lines where present, and shrinkage-adjusted defense allowed stats."
,A.Richardson,IND,TEN,QB,,,,,,,,,,,,MISSING,,HIGH,MISSING,67,"Context V1 uses pre-target weekly history, schedules.csv game lines where present, and shrinkage-adjusted defense allowed stats."
,D.Robinson,LA,,WR,,,,,,,,,,,,MISSING,,HIGH,MISSING,67,"Context V1 uses pre-target weekly history, schedules.csv game lines where present, and shrinkage-adjusted defense allowed stats."
,T.Hockenson,MIN,,TE,,,,,,,,,,,,MISSING,,HIGH,MISSING,67,"Context V1 uses pre-target weekly history, schedules.csv game lines where present, and shrinkage-adjusted defense allowed stats."
,J.Ford,CLE,,RB,,,,,,,,,,,,MISSING,,HIGH,MISSING,67,"Context V1 uses pre-target weekly history, schedules.csv game lines where present, and shrinkage-adjusted defense allowed stats."
,T.Higbee,LA,,TE,,,,,,,,,,,,MISSING,,HIGH,MISSING,67,"Context V1 uses pre-target weekly history, schedules.csv game lines where present, and shrinkage-adjusted defense allowed stats."
,C.Edmonds,TB,,RB,,,,,,,,,,,,MISSING,,HIGH,MISSING,67,"Context V1 uses pre-target weekly history, schedules.csv game lines where present, and shrinkage-adjusted defense allowed stats."
,D.Montgomery,IND,,WR,,,,,,,,,,,,MISSING,,HIGH,MISSING,67,"Context V1 uses pre-target weekly history, schedules.csv game lines where present, and shrinkage-adjusted defense allowed stats."
,T.Tucker,LV,,WR,,,,,,,,,,,,MISSING,,HIGH,MISSING,67,"Context V1 uses pre-target weekly history, schedules.csv game lines where present, and shrinkage-adjusted defense allowed stats."
,K.Raymond,DET,,WR,,,,,,,,,,,,MISSING,,HIGH,MISSING,67,"Context V1 uses pre-target weekly history, schedules.csv game lines where present, and shrinkage-adjusted defense allowed stats."
,R.Odunze,CHI,,WR,,,,,,,,,,,,MISSING,,HIGH,MISSING,67,"Context V1 uses pre-target weekly history, schedules.csv game lines where present, and shrinkage-adjusted defense allowed stats."
,E.Elliott,DAL,,RB,,,,,,,,,,,,MISSING,,HIGH,MISSING,67,"Context V1 uses pre-target weekly history, schedules.csv game lines where present, and shrinkage-adjusted defense allowed stats."
,J.Proche,CLE,,WR,,,,,,,,,,,,MISSING,,HIGH,MISSING,67,"Context V1 uses pre-target weekly history, schedules.csv game lines where present, and shrinkage-adjusted defense allowed stats."
,M.Carter,ARI,,RB,,,,,,,,,,,,MISSING,,HIGH,MISSING,67,"Context V1 uses pre-target weekly history, schedules.csv game lines where present, and shrinkage-adjusted defense allowed stats."
,X.Legette,CAR,,WR,,,,,,,,,,,,MISSING,,HIGH,MISSING,67,"Context V1 uses pre-target weekly history, schedules.csv game lines where present, and shrinkage-adjusted defense allowed stats."
,D.Smith,PHI,,WR,,,,,,,,,,,,MISSING,,HIGH,MISSING,67,"Context V1 uses pre-target weekly history, schedules.csv game lines where present, and shrinkage-adjusted defense allowed stats."
,C.Wilson,NO,,WR,,,,,,,,,,,,MISSING,,HIGH,MISSING,67,"Context V1 uses pre-target weekly history, schedules.csv game lines where present, and shrinkage-adjusted defense allowed stats."
,T.Spears,TEN,,RB,,,,,,,,,,,,MISSING,,HIGH,MISSING,67,"Context V1 uses pre-target weekly history, schedules.csv game lines where present, and shrinkage-adjusted defense allowed stats."
,A.Dillon,GB,,RB,,,,,,,,,,,,MISSING,,HIGH,MISSING,67,"Context V1 uses pre-target weekly history, schedules.csv game lines where present, and shrinkage-adjusted defense allowed stats."
,D.Davis,LAC,,WR,,,,,,,,,,,,MISSING,,HIGH,MISSING,67,"Context V1 uses pre-target weekly history, schedules.csv game lines where present, and shrinkage-adjusted defense allowed stats."
,M.Williams,PIT,,WR,,,,,,,,,,,,MISSING,,HIGH,MISSING,67,"Context V1 uses pre-target weekly history, schedules.csv game lines where present, and shrinkage-adjusted defense allowed stats."
,J.Burrow,CIN,PIT,QB,,,,,,,,,,,,MISSING,,HIGH,MISSING,67,"Context V1 uses pre-target weekly history, schedules.csv game lines where present, and shrinkage-adjusted defense allowed stats."
,K.Wilkerson,LV,,WR,,,,,,,,,,,,MISSING,,HIGH,MISSING,67,"Context V1 uses pre-target weekly history, schedules.csv game lines where present, and shrinkage-adjusted defense allowed stats."
,L.Fournette,BUF,,RB,,,,,,,,,,,,MISSING,,HIGH,MISSING,67,"Context V1 uses pre-target weekly history, schedules.csv game lines where present, and shrinkage-adjusted defense allowed stats."
,J.Agnew,JAX,,WR,,,,,,,,,,,,MISSING,,HIGH,MISSING,67,"Context V1 uses pre-target weekly history, schedules.csv game lines where present, and shrinkage-adjusted defense allowed stats."
,W.Snead,SF,,WR,,,,,,,,,,,,MISSING,,HIGH,MISSING,67,"Context V1 uses pre-target weekly history, schedules.csv game lines where present, and shrinkage-adjusted defense allowed stats."
,B.Means,NO,,WR,,,,,,,,,,,,MISSING,,HIGH,MISSING,67,"Context V1 uses pre-target weekly history, schedules.csv game lines where present, and shrinkage-adjusted defense allowed stats."
,H.Renfrow,LV,,WR,,,,,,,,,,,,MISSING,,HIGH,MISSING,67,"Context V1 uses pre-target weekly history, schedules.csv game lines where present, and shrinkage-adjusted defense allowed stats."
,J.Funk,IND,,RB,,,,,,,,,,,,MISSING,,HIGH,MISSING,67,"Context V1 uses pre-target weekly history, schedules.csv game lines where present, and shrinkage-adjusted defense allowed stats."
,G.Edwards,LAC,,RB,,,,,,,,,,,,MISSING,,HIGH,MISSING,67,"Context V1 uses pre-target weekly history, schedules.csv game lines where present, and shrinkage-adjusted defense allowed stats."
,J.Johnson,NO,,TE,,,,,,,,,,,,MISSING,,HIGH,MISSING,67,"Context V1 uses pre-target weekly history, schedules.csv game lines where present, and shrinkage-adjusted defense allowed stats."
,M.Thomas,NO,,WR,,,,,,,,,,,,MISSING,,HIGH,MISSING,67,"Context V1 uses pre-target weekly history, schedules.csv game lines where present, and shrinkage-adjusted defense allowed stats."
,D.Mooney,ATL,,WR,,,,,,,,,,,,MISSING,,HIGH,MISSING,67,"Context V1 uses pre-target weekly history, schedules.csv game lines where present, and shrinkage-adjusted defense allowed stats."
,S.Zylstra,DET,,TE,,,,,,,,,,,,MISSING,,HIGH,MISSING,67,"Context V1 uses pre-target weekly history, schedules.csv game lines where present, and shrinkage-adjusted defense allowed stats."
,I.Hodgins,NYG,,WR,,,,,,,,,,,,MISSING,,HIGH,MISSING,67,"Context V1 uses pre-target weekly history, schedules.csv game lines where present, and shrinkage-adjusted defense allowed stats."
,L.Perine,KC,,RB,,,,,,,,,,,,MISSING,,HIGH,MISSING,67,"Context V1 uses pre-target weekly history, schedules.csv game lines where present, and shrinkage-adjusted defense allowed stats."
,Z.Charbonnet,SEA,,RB,,,,,,,,,,,,MISSING,,HIGH,MISSING,67,"Context V1 uses pre-target weekly history, schedules.csv game lines where present, and shrinkage-adjusted defense allowed stats."
,T.Lockett,SEA,,WR,,,,,,,,,,,,MISSING,,HIGH,MISSING,67,"Context V1 uses pre-target weekly history, schedules.csv game lines where present, and shrinkage-adjusted defense allowed stats."
00-0034796,L.Jackson,BAL,BUF,QB,1.5,50.5,24.5,UNDERDOG,CLOSE,HIGH,POSITIVE,NEUTRAL,,67.3,31.25,HIGH,39.0,HIGH,MEDIUM,91,"Context V1 uses pre-target weekly history, schedules.csv game lines where present, and shrinkage-adjusted defense allowed stats."
,J.Warren,PIT,,RB,,,,,,,,,,,,MISSING,,HIGH,MISSING,67,"Context V1 uses pre-target weekly history, schedules.csv game lines where present, and shrinkage-adjusted defense allowed stats."
,N.Fant,SEA,,TE,,,,,,,,,,,,MISSING,,HIGH,MISSING,67,"Context V1 uses pre-target weekly history, schedules.csv game lines where present, and shrinkage-adjusted defense allowed stats."
,E.Hull,IND,,RB,,,,,,,,,,,,MISSING,,HIGH,MISSING,67,"Context V1 uses pre-target weekly history, schedules.csv game lines where present, and shrinkage-adjusted defense allowed stats."
,A.Mattison,LV,,RB,,,,,,,,,,,,MISSING,,HIGH,MISSING,67,"Context V1 uses pre-target weekly history, schedules.csv game lines where present, and shrinkage-adjusted defense allowed stats."
,K.Kirkwood,NO,,WR,,,,,,,,,,,,MISSING,,HIGH,MISSING,67,"Context V1 uses pre-target weekly history, schedules.csv game lines where present, and shrinkage-adjusted defense allowed stats."
,L.Murray,BUF,,RB,,,,,,,,,,,,MISSING,,HIGH,MISSING,67,"Context V1 uses pre-target weekly history, schedules.csv game lines where present, and shrinkage-adjusted defense allowed stats."
,K.Coleman,BUF,,WR,,,,,,,,,,,,MISSING,,HIGH,MISSING,67,"Context V1 uses pre-target weekly history, schedules.csv game lines where present, and shrinkage-adjusted defense allowed stats."
,J.Akins,CLE,,TE,,,,,,,,,,,,MISSING,,HIGH,MISSING,67,"Context V1 uses pre-target weekly history, schedules.csv game lines where present, and shrinkage-adjusted defense allowed stats."
,Z.Flowers,BAL,,WR,,,,,,,,,,,,MISSING,,HIGH,MISSING,67,"Context V1 uses pre-target weekly history, schedules.csv game lines where present, and shrinkage-adjusted defense allowed stats."
,T.Johnson,LA,,WR,,,,,,,,,,,,MISSING,,HIGH,MISSING,67,"Context V1 uses pre-target weekly history, schedules.csv game lines where present, and shrinkage-adjusted defense allowed stats."
,J.McLaughlin,DEN,,RB,,,,,,,,,,,,MISSING,,HIGH,MISSING,67,"Context V1 uses pre-target weekly history, schedules.csv game lines where present, and shrinkage-adjusted defense allowed stats."
,M.Jones,DET,,WR,,,,,,,,,,,,MISSING,,HIGH,MISSING,67,"Context V1 uses pre-target weekly history, schedules.csv game lines where present, and shrinkage-adjusted defense allowed stats."
,B.Oliver,TEN,,WR,,,,,,,,,,,,MISSING,,HIGH,MISSING,67,"Context V1 uses pre-target weekly history, schedules.csv game lines where present, and shrinkage-adjusted defense allowed stats."
,D.Singletary,NYG,,RB,,,,,,,,,,,,MISSING,,HIGH,MISSING,67,"Context V1 uses pre-target weekly history, schedules.csv game lines where present, and shrinkage-adjusted defense allowed stats."
,R.Bateman,BAL,,WR,,,,,,,,,,,,MISSING,,HIGH,MISSING,67,"Context V1 uses pre-target weekly history, schedules.csv game lines where present, and shrinkage-adjusted defense allowed stats."
,D.Henderson,LA,,RB,,,,,,,,,,,,MISSING,,HIGH,MISSING,67,"Context V1 uses pre-target weekly history, schedules.csv game lines where present, and shrinkage-adjusted defense allowed stats."
,T.Conklin,NYJ,,TE,,,,,,,,,,,,MISSING,,HIGH,MISSING,67,"Context V1 uses pre-target weekly history, schedules.csv game lines where present, and shrinkage-adjusted defense allowed stats."
,D.Harris,BUF,,RB,,,,,,,,,,,,MISSING,,HIGH,MISSING,67,"Context V1 uses pre-target weekly history, schedules.csv game lines where present, and shrinkage-adjusted defense allowed stats."
,A.Ekeler,WAS,,RB,,,,,,,,,,,,MISSING,,HIGH,MISSING,67,"Context V1 uses pre-target weekly history, schedules.csv game lines where present, and shrinkage-adjusted defense allowed stats."
,K.Philips,TEN,,WR,,,,,,,,,,,,MISSING,,HIGH,MISSING,67,"Context V1 uses pre-target weekly history, schedules.csv game lines where present, and shrinkage-adjusted defense allowed stats."
,B.Cooks,DAL,,WR,,,,,,,,,,,,MISSING,,HIGH,MISSING,67,"Context V1 uses pre-target weekly history, schedules.csv game lines where present, and shrinkage-adjusted defense allowed stats."
,E.All,CIN,,TE,,,,,,,,,,,,MISSING,,HIGH,MISSING,67,"Context V1 uses pre-target weekly history, schedules.csv game lines where present, and shrinkage-adjusted defense allowed stats."
,C.Samuel,BUF,,WR,,,,,,,,,,,,MISSING,,HIGH,MISSING,67,"Context V1 uses pre-target weekly history, schedules.csv game lines where present, and shrinkage-adjusted defense allowed stats."
,D.Gore,WAS,,RB,,,,,,,,,,,,MISSING,,HIGH,MISSING,67,"Context V1 uses pre-target weekly history, schedules.csv game lines where present, and shrinkage-adjusted defense allowed stats."
,D.Wicks,GB,,WR,,,,,,,,,,,,MISSING,,HIGH,MISSING,67,"Context V1 uses pre-target weekly history, schedules.csv game lines where present, and shrinkage-adjusted defense allowed stats."
,R.Jarrett,TB,,WR,,,,,,,,,,,,MISSING,,HIGH,MISSING,67,"Context V1 uses pre-target weekly history, schedules.csv game lines where present, and shrinkage-adjusted defense allowed stats."
,T.Scott,CHI,,WR,,,,,,,,,,,,MISSING,,HIGH,MISSING,67,"Context V1 uses pre-target weekly history, schedules.csv game lines where present, and shrinkage-adjusted defense allowed stats."
00-0034869,S.Darnold,MIN,LA,QB,,,,,,,,,,73.58,75.0,HIGH,37.0,HIGH,MISSING,79,"Context V1 uses pre-target weekly history, schedules.csv game lines where present, and shrinkage-adjusted defense allowed stats."
,R.Freeman,LA,,RB,,,,,,,,,,,,MISSING,,HIGH,MISSING,67,"Context V1 uses pre-target weekly history, schedules.csv game lines where present, and shrinkage-adjusted defense allowed stats."
,R.Mostert,MIA,,RB,,,,,,,,,,,,MISSING,,HIGH,MISSING,67,"Context V1 uses pre-target weekly history, schedules.csv game lines where present, and shrinkage-adjusted defense allowed stats."
,D.Culp,TB,,TE,,,,,,,,,,,,MISSING,,HIGH,MISSING,67,"Context V1 uses pre-target weekly history, schedules.csv game lines where present, and shrinkage-adjusted defense allowed stats."
,G.Smith,SEA,LA,QB,,,,,,,,,,,,MISSING,,HIGH,MISSING,67,"Context V1 uses pre-target weekly history, schedules.csv game lines where present, and shrinkage-adjusted defense allowed stats."
,B.Powell,MIN,,WR,,,,,,,,,,,,MISSING,,HIGH,MISSING,67,"Context V1 uses pre-target weekly history, schedules.csv game lines where present, and shrinkage-adjusted defense allowed stats."
,B.Bolden,LV,,RB,,,,,,,,,,,,MISSING,,HIGH,MISSING,67,"Context V1 uses pre-target weekly history, schedules.csv game lines where present, and shrinkage-adjusted defense allowed stats."
,A.Estime,DEN,,RB,,,,,,,,,,,,MISSING,,HIGH,MISSING,67,"Context V1 uses pre-target weekly history, schedules.csv game lines where present, and shrinkage-adjusted defense allowed stats."
,J.Brownlee,NYJ,,WR,,,,,,,,,,,,MISSING,,HIGH,MISSING,67,"Context V1 uses pre-target weekly history, schedules.csv game lines where present, and shrinkage-adjusted defense allowed stats."
,R.McCloud,ATL,,WR,,,,,,,,,,,,MISSING,,HIGH,MISSING,67,"Context V1 uses pre-target weekly history, schedules.csv game lines where present, and shrinkage-adjusted defense allowed stats."
,T.Wallace,BAL,,WR,,,,,,,,,,,,MISSING,,HIGH,MISSING,67,"Context V1 uses pre-target weekly history, schedules.csv game lines where present, and shrinkage-adjusted defense allowed stats."
00-0039910,J.Daniels,WAS,PHI,QB,,,,,,,,,,69.81,50.0,HIGH,39.0,HIGH,MISSING,79,"Context V1 uses pre-target weekly history, schedules.csv game lines where present, and shrinkage-adjusted defense allowed stats."
,I.Williams,CIN,,WR,,,,,,,,,,,,MISSING,,HIGH,MISSING,67,"Context V1 uses pre-target weekly history, schedules.csv game lines where present, and shrinkage-adjusted defense allowed stats."
,R.Davis,BUF,,RB,,,,,,,,,,,,MISSING,,HIGH,MISSING,67,"Context V1 uses pre-target weekly history, schedules.csv game lines where present, and shrinkage-adjusted defense allowed stats."
,E.St. Brown,CHI,,WR,,,,,,,,,,,,MISSING,,HIGH,MISSING,67,"Context V1 uses pre-target weekly history, schedules.csv game lines where present, and shrinkage-adjusted defense allowed stats."
,L.Shenault,SEA,,WR,,,,,,,,,,,,MISSING,,HIGH,MISSING,67,"Context V1 uses pre-target weekly history, schedules.csv game lines where present, and shrinkage-adjusted defense allowed stats."
,E.Mitchell,SF,,RB,,,,,,,,,,,,MISSING,,HIGH,MISSING,67,"Context V1 uses pre-target weekly history, schedules.csv game lines where present, and shrinkage-adjusted defense allowed stats."
,D.Duvernay,JAX,,WR,,,,,,,,,,,,MISSING,,HIGH,MISSING,67,"Context V1 uses pre-target weekly history, schedules.csv game lines where present, and shrinkage-adjusted defense allowed stats."
,C.Conley,SF,,WR,,,,,,,,,,,,MISSING,,HIGH,MISSING,67,"Context V1 uses pre-target weekly history, schedules.csv game lines where present, and shrinkage-adjusted defense allowed stats."
,R.Penny,PHI,,RB,,,,,,,,,,,,MISSING,,HIGH,MISSING,67,"Context V1 uses pre-target weekly history, schedules.csv game lines where present, and shrinkage-adjusted defense allowed stats."
,K.Bourne,NE,,WR,,,,,,,,,,,,MISSING,,HIGH,MISSING,67,"Context V1 uses pre-target weekly history, schedules.csv game lines where present, and shrinkage-adjusted defense allowed stats."
,K.Hodge,ATL,,WR,,,,,,,,,,,,MISSING,,HIGH,MISSING,67,"Context V1 uses pre-target weekly history, schedules.csv game lines where present, and shrinkage-adjusted defense allowed stats."
,J.Guyton,LAC,,WR,,,,,,,,,,,,MISSING,,HIGH,MISSING,67,"Context V1 uses pre-target weekly history, schedules.csv game lines where present, and shrinkage-adjusted defense allowed stats."
,A.Gibson,NE,,RB,,,,,,,,,,,,MISSING,,HIGH,MISSING,67,"Context V1 uses pre-target weekly history, schedules.csv game lines where present, and shrinkage-adjusted defense allowed stats."
,R.Cobb,NYJ,,WR,,,,,,,,,,,,MISSING,,HIGH,MISSING,67,"Context V1 uses pre-target weekly history, schedules.csv game lines where present, and shrinkage-adjusted defense allowed stats."
,C.Akers,MIN,,RB,,,,,,,,,,,,MISSING,,HIGH,MISSING,67,"Context V1 uses pre-target weekly history, schedules.csv game lines where present, and shrinkage-adjusted defense allowed stats."
,J.Tolbert,DAL,,WR,,,,,,,,,,,,MISSING,,HIGH,MISSING,67,"Context V1 uses pre-target weekly history, schedules.csv game lines where present, and shrinkage-adjusted defense allowed stats."
,M.Kinsey,TEN,,WR,,,,,,,,,,,,MISSING,,HIGH,MISSING,67,"Context V1 uses pre-target weekly history, schedules.csv game lines where present, and shrinkage-adjusted defense allowed stats."
,M.Goodwin,CLE,,WR,,,,,,,,,,,,MISSING,,HIGH,MISSING,67,"Context V1 uses pre-target weekly history, schedules.csv game lines where present, and shrinkage-adjusted defense allowed stats."
,T.Boyd,TEN,,WR,,,,,,,,,,,,MISSING,,HIGH,MISSING,67,"Context V1 uses pre-target weekly history, schedules.csv game lines where present, and shrinkage-adjusted defense allowed stats."
,D.Peoples-Jones,DET,,WR,,,,,,,,,,,,MISSING,,HIGH,MISSING,67,"Context V1 uses pre-target weekly history, schedules.csv game lines where present, and shrinkage-adjusted defense allowed stats."
,V.Jefferson,PIT,,WR,,,,,,,,,,,,MISSING,,HIGH,MISSING,67,"Context V1 uses pre-target weekly history, schedules.csv game lines where present, and shrinkage-adjusted defense allowed stats."
,D.Parker,NE,,WR,,,,,,,,,,,,MISSING,,HIGH,MISSING,67,"Context V1 uses pre-target weekly history, schedules.csv game lines where present, and shrinkage-adjusted defense allowed stats."
,J.Milton,NE,BUF,QB,,,,,,,,,,,,MISSING,,HIGH,MISSING,67,"Context V1 uses pre-target weekly history, schedules.csv game lines where present, and shrinkage-adjusted defense allowed stats."
,D.Pettis,NO,,WR,,,,,,,,,,,,MISSING,,HIGH,MISSING,67,"Context V1 uses pre-target weekly history, schedules.csv game lines where present, and shrinkage-adjusted defense allowed stats."
,D.Thompkins,CAR,,WR,,,,,,,,,,,,MISSING,,HIGH,MISSING,67,"Context V1 uses pre-target weekly history, schedules.csv game lines where present, and shrinkage-adjusted defense allowed stats."
,S.Smartt,LAC,,TE,,,,,,,,,,,,MISSING,,HIGH,MISSING,67,"Context V1 uses pre-target weekly history, schedules.csv game lines where present, and shrinkage-adjusted defense allowed stats."
,T.Kelce,KC,,TE,,,,,,,,,,,,MISSING,,HIGH,MISSING,67,"Context V1 uses pre-target weekly history, schedules.csv game lines where present, and shrinkage-adjusted defense allowed stats."
,K.Austin,NO,,WR,,,,,,,,,,,,MISSING,,HIGH,MISSING,67,"Context V1 uses pre-target weekly history, schedules.csv game lines where present, and shrinkage-adjusted defense allowed stats."
,J.Crowder,WAS,,WR,,,,,,,,,,,,MISSING,,HIGH,MISSING,67,"Context V1 uses pre-target weekly history, schedules.csv game lines where present, and shrinkage-adjusted defense allowed stats."
,D.Sample,CIN,,TE,,,,,,,,,,,,MISSING,,HIGH,MISSING,67,"Context V1 uses pre-target weekly history, schedules.csv game lines where present, and shrinkage-adjusted defense allowed stats."
,D.Foreman,CLE,,RB,,,,,,,,,,,,MISSING,,HIGH,MISSING,67,"Context V1 uses pre-target weekly history, schedules.csv game lines where present, and shrinkage-adjusted defense allowed stats."
,S.Darnold,MIN,LA,QB,,,,,,,,,,,,MISSING,,HIGH,MISSING,67,"Context V1 uses pre-target weekly history, schedules.csv game lines where present, and shrinkage-adjusted defense allowed stats."
00-0030565,G.Smith,SEA,LA,QB,,,,,,,,,,73.58,75.0,HIGH,37.0,HIGH,MISSING,79,"Context V1 uses pre-target weekly history, schedules.csv game lines where present, and shrinkage-adjusted defense allowed stats."
,J.Bobo,SEA,,WR,,,,,,,,,,,,MISSING,,HIGH,MISSING,67,"Context V1 uses pre-target weekly history, schedules.csv game lines where present, and shrinkage-adjusted defense allowed stats."
,D.Pierce,HOU,,RB,,,,,,,,,,,,MISSING,,HIGH,MISSING,67,"Context V1 uses pre-target weekly history, schedules.csv game lines where present, and shrinkage-adjusted defense allowed stats."
,J.Reagor,LAC,,WR,,,,,,,,,,,,MISSING,,HIGH,MISSING,67,"Context V1 uses pre-target weekly history, schedules.csv game lines where present, and shrinkage-adjusted defense allowed stats."
,E.Demercado,ARI,,RB,,,,,,,,,,,,MISSING,,HIGH,MISSING,67,"Context V1 uses pre-target weekly history, schedules.csv game lines where present, and shrinkage-adjusted defense allowed stats."
,D.Turner,LV,,WR,,,,,,,,,,,,MISSING,,HIGH,MISSING,67,"Context V1 uses pre-target weekly history, schedules.csv game lines where present, and shrinkage-adjusted defense allowed stats."
,F.Moreau,NO,,TE,,,,,,,,,,,,MISSING,,HIGH,MISSING,67,"Context V1 uses pre-target weekly history, schedules.csv game lines where present, and shrinkage-adjusted defense allowed stats."
,D.Jones,NYG,CAR,QB,,,,,,,,,,,,MISSING,,HIGH,MISSING,67,"Context V1 uses pre-target weekly history, schedules.csv game lines where present, and shrinkage-adjusted defense allowed stats."
,D.Cook,DAL,,RB,,,,,,,,,,,,MISSING,,HIGH,MISSING,67,"Context V1 uses pre-target weekly history, schedules.csv game lines where present, and shrinkage-adjusted defense allowed stats."
,M.Gallup,DAL,,WR,,,,,,,,,,,,MISSING,,HIGH,MISSING,67,"Context V1 uses pre-target weekly history, schedules.csv game lines where present, and shrinkage-adjusted defense allowed stats."
,J.Hill,BAL,,RB,,,,,,,,,,,,MISSING,,HIGH,MISSING,67,"Context V1 uses pre-target weekly history, schedules.csv game lines where present, and shrinkage-adjusted defense allowed stats."
,T.Patrick,DET,,WR,,,,,,,,,,,,MISSING,,HIGH,MISSING,67,"Context V1 uses pre-target weekly history, schedules.csv game lines where present, and shrinkage-adjusted defense allowed stats."
,J.Allen,BUF,KC,QB,,,,,,,,,,,,MISSING,,HIGH,MISSING,67,"Context V1 uses pre-target weekly history, schedules.csv game lines where present, and shrinkage-adjusted defense allowed stats."
,D.Vele,DEN,,WR,,,,,,,,,,,,MISSING,,HIGH,MISSING,67,"Context V1 uses pre-target weekly history, schedules.csv game lines where present, and shrinkage-adjusted defense allowed stats."
,X.Smith,LA,,WR,,,,,,,,,,,,MISSING,,HIGH,MISSING,67,"Context V1 uses pre-target weekly history, schedules.csv game lines where present, and shrinkage-adjusted defense allowed stats."
,M.Hollins,BUF,,WR,,,,,,,,,,,,MISSING,,HIGH,MISSING,67,"Context V1 uses pre-target weekly history, schedules.csv game lines where present, and shrinkage-adjusted defense allowed stats."
,T.Hudson,CIN,,TE,,,,,,,,,,,,MISSING,,HIGH,MISSING,67,"Context V1 uses pre-target weekly history, schedules.csv game lines where present, and shrinkage-adjusted defense allowed stats."
,K.Harris,NE,,RB,,,,,,,,,,,,MISSING,,HIGH,MISSING,67,"Context V1 uses pre-target weekly history, schedules.csv game lines where present, and shrinkage-adjusted defense allowed stats."
00-0037834,B.Purdy,SF,DET,QB,,,,,,,,,,76.1,100.0,HIGH,38.0,HIGH,MISSING,79,"Context V1 uses pre-target weekly history, schedules.csv game lines where present, and shrinkage-adjusted defense allowed stats."
,M.Taylor,NYJ,,WR,,,,,,,,,,,,MISSING,,HIGH,MISSING,67,"Context V1 uses pre-target weekly history, schedules.csv game lines where present, and shrinkage-adjusted defense allowed stats."
,Em.Wilson,GB,,RB,,,,,,,,,,,,MISSING,,HIGH,MISSING,67,"Context V1 uses pre-target weekly history, schedules.csv game lines where present, and shrinkage-adjusted defense allowed stats."
,C.Claypool,MIA,,WR,,,,,,,,,,,,MISSING,,HIGH,MISSING,67,"Context V1 uses pre-target weekly history, schedules.csv game lines where present, and shrinkage-adjusted defense allowed stats."
,R.Woods,HOU,,WR,,,,,,,,,,,,MISSING,,HIGH,MISSING,67,"Context V1 uses pre-target weekly history, schedules.csv game lines where present, and shrinkage-adjusted defense allowed stats."
,R.Wilson,PIT,BAL,QB,,,,,,,,,,,,MISSING,,HIGH,MISSING,67,"Context V1 uses pre-target weekly history, schedules.csv game lines where present, and shrinkage-adjusted defense allowed stats."
,S.Morgan,CIN,,WR,,,,,,,,,,,,MISSING,,HIGH,MISSING,67,"Context V1 uses pre-target weekly history, schedules.csv game lines where present, and shrinkage-adjusted defense allowed stats."
,M.Tipton,NO,,WR,,,,,,,,,,,,MISSING,,HIGH,MISSING,67,"Context V1 uses pre-target weekly history, schedules.csv game lines where present, and shrinkage-adjusted defense allowed stats."
,Z.White,LV,,RB,,,,,,,,,,,,MISSING,,HIGH,MISSING,67,"Context V1 uses pre-target weekly history, schedules.csv game lines where present, and shrinkage-adjusted defense allowed stats."
,T.Johnson,NYG,,TE,,,,,,,,,,,,MISSING,,HIGH,MISSING,67,"Context V1 uses pre-target weekly history, schedules.csv game lines where present, and shrinkage-adjusted defense allowed stats."
,N.Remigio,KC,,WR,,,,,,,,,,,,MISSING,,HIGH,MISSING,67,"Context V1 uses pre-target weekly history, schedules.csv game lines where present, and shrinkage-adjusted defense allowed stats."
,K.Mitchell,BAL,,RB,,,,,,,,,,,,MISSING,,HIGH,MISSING,67,"Context V1 uses pre-target weekly history, schedules.csv game lines where present, and shrinkage-adjusted defense allowed stats."
,D.Goedert,PHI,,TE,,,,,,,,,,,,MISSING,,HIGH,MISSING,67,"Context V1 uses pre-target weekly history, schedules.csv game lines where present, and shrinkage-adjusted defense allowed stats."
,B.Pringle,WAS,,WR,,,,,,,,,,,,MISSING,,HIGH,MISSING,67,"Context V1 uses pre-target weekly history, schedules.csv game lines where present, and shrinkage-adjusted defense allowed stats."
,B.Strange,JAX,,TE,,,,,,,,,,,,MISSING,,HIGH,MISSING,67,"Context V1 uses pre-target weekly history, schedules.csv game lines where present, and shrinkage-adjusted defense allowed stats."
,S.Fehoko,LAC,,WR,,,,,,,,,,,,MISSING,,HIGH,MISSING,67,"Context V1 uses pre-target weekly history, schedules.csv game lines where present, and shrinkage-adjusted defense allowed stats."
,B.Scott,PHI,,RB,,,,,,,,,,,,MISSING,,HIGH,MISSING,67,"Context V1 uses pre-target weekly history, schedules.csv game lines where present, and shrinkage-adjusted defense allowed stats."
,D.Chisena,CAR,,WR,,,,,,,,,,,,MISSING,,HIGH,MISSING,67,"Context V1 uses pre-target weekly history, schedules.csv game lines where present, and shrinkage-adjusted defense allowed stats."
00-0039732,B.Nix,DEN,BUF,QB,,,,,,,,,,67.3,31.25,HIGH,39.0,HIGH,MISSING,79,"Context V1 uses pre-target weekly history, schedules.csv game lines where present, and shrinkage-adjusted defense allowed stats."
,I.McKenzie,IND,,WR,,,,,,,,,,,,MISSING,,HIGH,MISSING,67,"Context V1 uses pre-target weekly history, schedules.csv game lines where present, and shrinkage-adjusted defense allowed stats."
,M.Boykin,PIT,,WR,,,,,,,,,,,,MISSING,,HIGH,MISSING,67,"Context V1 uses pre-target weekly history, schedules.csv game lines where present, and shrinkage-adjusted defense allowed stats."
,C.Grandy,CIN,,TE,,,,,,,,,,,,MISSING,,HIGH,MISSING,67,"Context V1 uses pre-target weekly history, schedules.csv game lines where present, and shrinkage-adjusted defense allowed stats."
,T.Sermon,IND,,RB,,,,,,,,,,,,MISSING,,HIGH,MISSING,67,"Context V1 uses pre-target weekly history, schedules.csv game lines where present, and shrinkage-adjusted defense allowed stats."
,T.Jones,JAX,,WR,,,,,,,,,,,,MISSING,,HIGH,MISSING,67,"Context V1 uses pre-target weekly history, schedules.csv game lines where present, and shrinkage-adjusted defense allowed stats."
,E.Dotson,LAC,,RB,,,,,,,,,,,,MISSING,,HIGH,MISSING,67,"Context V1 uses pre-target weekly history, schedules.csv game lines where present, and shrinkage-adjusted defense allowed stats."
,X.Hutchinson,HOU,,WR,,,,,,,,,,,,MISSING,,HIGH,MISSING,67,"Context V1 uses pre-target weekly history, schedules.csv game lines where present, and shrinkage-adjusted defense allowed stats."
,L.Thomas,WAS,,TE,,,,,,,,,,,,MISSING,,HIGH,MISSING,67,"Context V1 uses pre-target weekly history, schedules.csv game lines where present, and shrinkage-adjusted defense allowed stats."
,K.Turpin,DAL,,WR,,,,,,,,,,,,MISSING,,HIGH,MISSING,67,"Context V1 uses pre-target weekly history, schedules.csv game lines where present, and shrinkage-adjusted defense allowed stats."
,S.Shepard,TB,,WR,,,,,,,,,,,,MISSING,,HIGH,MISSING,67,"Context V1 uses pre-target weekly history, schedules.csv game lines where present, and shrinkage-adjusted defense allowed stats."
,S.Ahmed,MIA,,RB,,,,,,,,,,,,MISSING,,HIGH,MISSING,67,"Context V1 uses pre-target weekly history, schedules.csv game lines where present, and shrinkage-adjusted defense allowed stats."
,D.Williams,ARI,,RB,,,,,,,,,,,,MISSING,,HIGH,MISSING,67,"Context V1 uses pre-target weekly history, schedules.csv game lines where present, and shrinkage-adjusted defense allowed stats."
,S.Jackson,CIN,,WR,,,,,,,,,,,,MISSING,,HIGH,MISSING,67,"Context V1 uses pre-target weekly history, schedules.csv game lines where present, and shrinkage-adjusted defense allowed stats."
,M.Sanders,CAR,,RB,,,,,,,,,,,,MISSING,,HIGH,MISSING,67,"Context V1 uses pre-target weekly history, schedules.csv game lines where present, and shrinkage-adjusted defense allowed stats."
,D.Waller,NYG,,TE,,,,,,,,,,,,MISSING,,HIGH,MISSING,67,"Context V1 uses pre-target weekly history, schedules.csv game lines where present, and shrinkage-adjusted defense allowed stats."
,J.Flacco,IND,JAX,QB,,,,,,,,,,,,MISSING,,HIGH,MISSING,67,"Context V1 uses pre-target weekly history, schedules.csv game lines where present, and shrinkage-adjusted defense allowed stats."
,J.McKinnon,KC,,RB,,,,,,,,,,,,MISSING,,HIGH,MISSING,67,"Context V1 uses pre-target weekly history, schedules.csv game lines where present, and shrinkage-adjusted defense allowed stats."
,W.Dissly,LAC,,TE,,,,,,,,,,,,MISSING,,HIGH,MISSING,67,"Context V1 uses pre-target weekly history, schedules.csv game lines where present, and shrinkage-adjusted defense allowed stats."
,S.Miller,PIT,,WR,,,,,,,,,,,,MISSING,,HIGH,MISSING,67,"Context V1 uses pre-target weekly history, schedules.csv game lines where present, and shrinkage-adjusted defense allowed stats."
,C.Evans,CIN,,RB,,,,,,,,,,,,MISSING,,HIGH,MISSING,67,"Context V1 uses pre-target weekly history, schedules.csv game lines where present, and shrinkage-adjusted defense allowed stats."
,T.Kraft,GB,,TE,,,,,,,,,,,,MISSING,,HIGH,MISSING,67,"Context V1 uses pre-target weekly history, schedules.csv game lines where present, and shrinkage-adjusted defense allowed stats."
,M.Heath,GB,,WR,,,,,,,,,,,,MISSING,,HIGH,MISSING,67,"Context V1 uses pre-target weekly history, schedules.csv game lines where present, and shrinkage-adjusted defense allowed stats."
,E.Cooks,JAX,,WR,,,,,,,,,,,,MISSING,,HIGH,MISSING,67,"Context V1 uses pre-target weekly history, schedules.csv game lines where present, and shrinkage-adjusted defense allowed stats."
,I.Guerendo,SF,,RB,,,,,,,,,,,,MISSING,,HIGH,MISSING,67,"Context V1 uses pre-target weekly history, schedules.csv game lines where present, and shrinkage-adjusted defense allowed stats."
,D.Slayton,NYG,,WR,,,,,,,,,,,,MISSING,,HIGH,MISSING,67,"Context V1 uses pre-target weekly history, schedules.csv game lines where present, and shrinkage-adjusted defense allowed stats."
,D.Vaughn,DAL,,RB,,,,,,,,,,,,MISSING,,HIGH,MISSING,67,"Context V1 uses pre-target weekly history, schedules.csv game lines where present, and shrinkage-adjusted defense allowed stats."
,J.Smith-Schuster,KC,,WR,,,,,,,,,,,,MISSING,,HIGH,MISSING,67,"Context V1 uses pre-target weekly history, schedules.csv game lines where present, and shrinkage-adjusted defense allowed stats."
,L.Humphrey,DEN,,WR,,,,,,,,,,,,MISSING,,HIGH,MISSING,67,"Context V1 uses pre-target weekly history, schedules.csv game lines where present, and shrinkage-adjusted defense allowed stats."
,Ju.Watson,KC,,WR,,,,,,,,,,,,MISSING,,HIGH,MISSING,67,"Context V1 uses pre-target weekly history, schedules.csv game lines where present, and shrinkage-adjusted defense allowed stats."
,I.Spiller,LAC,,RB,,,,,,,,,,,,MISSING,,HIGH,MISSING,67,"Context V1 uses pre-target weekly history, schedules.csv game lines where present, and shrinkage-adjusted defense allowed stats."
,J.Reynolds,JAX,,WR,,,,,,,,,,,,MISSING,,HIGH,MISSING,67,"Context V1 uses pre-target weekly history, schedules.csv game lines where present, and shrinkage-adjusted defense allowed stats."
,C.Edwards-Helaire,NO,,RB,,,,,,,,,,,,MISSING,,HIGH,MISSING,67,"Context V1 uses pre-target weekly history, schedules.csv game lines where present, and shrinkage-adjusted defense allowed stats."
,R.Flournoy,DAL,,WR,,,,,,,,,,,,MISSING,,HIGH,MISSING,67,"Context V1 uses pre-target weekly history, schedules.csv game lines where present, and shrinkage-adjusted defense allowed stats."
,G.Davis,JAX,,WR,,,,,,,,,,,,MISSING,,HIGH,MISSING,67,"Context V1 uses pre-target weekly history, schedules.csv game lines where present, and shrinkage-adjusted defense allowed stats."
00-0026158,J.Flacco,IND,JAX,QB,,,,,,,,,,72.96,93.75,HIGH,34.0,HIGH,MISSING,79,"Context V1 uses pre-target weekly history, schedules.csv game lines where present, and shrinkage-adjusted defense allowed stats."
,Z.Evans,LA,,RB,,,,,,,,,,,,MISSING,,HIGH,MISSING,67,"Context V1 uses pre-target weekly history, schedules.csv game lines where present, and shrinkage-adjusted defense allowed stats."
,D.Moore,CAR,,WR,,,,,,,,,,,,MISSING,,HIGH,MISSING,67,"Context V1 uses pre-target weekly history, schedules.csv game lines where present, and shrinkage-adjusted defense allowed stats."
,D.Ozigbo,DET,,RB,,,,,,,,,,,,MISSING,,HIGH,MISSING,67,"Context V1 uses pre-target weekly history, schedules.csv game lines where present, and shrinkage-adjusted defense allowed stats."
,A.Miller,BAL,,WR,,,,,,,,,,,,MISSING,,HIGH,MISSING,67,"Context V1 uses pre-target weekly history, schedules.csv game lines where present, and shrinkage-adjusted defense allowed stats."
,A.Green,DET,,WR,,,,,,,,,,,,MISSING,,HIGH,MISSING,67,"Context V1 uses pre-target weekly history, schedules.csv game lines where present, and shrinkage-adjusted defense allowed stats."
,C.Rodriguez,WAS,,RB,,,,,,,,,,,,MISSING,,HIGH,MISSING,67,"Context V1 uses pre-target weekly history, schedules.csv game lines where present, and shrinkage-adjusted defense allowed stats."
00-0029263,R.Wilson,PIT,BAL,QB,,,,,,,,,,56.6,56.25,HIGH,38.0,HIGH,MISSING,79,"Context V1 uses pre-target weekly history, schedules.csv game lines where present, and shrinkage-adjusted defense allowed stats."
,C.Thompson,TB,,WR,,,,,,,,,,,,MISSING,,HIGH,MISSING,67,"Context V1 uses pre-target weekly history, schedules.csv game lines where present, and shrinkage-adjusted defense allowed stats."
,T.Marshall,LV,,WR,,,,,,,,,,,,MISSING,,HIGH,MISSING,67,"Context V1 uses pre-target weekly history, schedules.csv game lines where present, and shrinkage-adjusted defense allowed stats."
,K.Davis,CLE,,WR,,,,,,,,,,,,MISSING,,HIGH,MISSING,67,"Context V1 uses pre-target weekly history, schedules.csv game lines where present, and shrinkage-adjusted defense allowed stats."
,J.Ferguson,DAL,,TE,,,,,,,,,,,,MISSING,,HIGH,MISSING,67,"Context V1 uses pre-target weekly history, schedules.csv game lines where present, and shrinkage-adjusted defense allowed stats."
,A.Hooper,NE,,TE,,,,,,,,,,,,MISSING,,HIGH,MISSING,67,"Context V1 uses pre-target weekly history, schedules.csv game lines where present, and shrinkage-adjusted defense allowed stats."
,A.Cooper,BUF,,WR,,,,,,,,,,,,MISSING,,HIGH,MISSING,67,"Context V1 uses pre-target weekly history, schedules.csv game lines where present, and shrinkage-adjusted defense allowed stats."
,T.Badie,DEN,,RB,,,,,,,,,,,,MISSING,,HIGH,MISSING,67,"Context V1 uses pre-target weekly history, schedules.csv game lines where present, and shrinkage-adjusted defense allowed stats."
,G.DuBose,MIA,,WR,,,,,,,,,,,,MISSING,,HIGH,MISSING,67,"Context V1 uses pre-target weekly history, schedules.csv game lines where present, and shrinkage-adjusted defense allowed stats."
,J.Darden,SEA,,WR,,,,,,,,,,,,MISSING,,HIGH,MISSING,67,"Context V1 uses pre-target weekly history, schedules.csv game lines where present, and shrinkage-adjusted defense allowed stats."
00-0034857,J.Allen,BUF,KC,QB,,,,,,,,,,79.87,15.62,HIGH,41.0,HIGH,MISSING,79,"Context V1 uses pre-target weekly history, schedules.csv game lines where present, and shrinkage-adjusted defense allowed stats."
,T.Jennings,NE,,RB,,,,,,,,,,,,MISSING,,HIGH,MISSING,67,"Context V1 uses pre-target weekly history, schedules.csv game lines where present, and shrinkage-adjusted defense allowed stats."
,S.Toure,GB,,WR,,,,,,,,,,,,MISSING,,HIGH,MISSING,67,"Context V1 uses pre-target weekly history, schedules.csv game lines where present, and shrinkage-adjusted defense allowed stats."
,R.Miller,TB,,WR,,,,,,,,,,,,MISSING,,HIGH,MISSING,67,"Context V1 uses pre-target weekly history, schedules.csv game lines where present, and shrinkage-adjusted defense allowed stats."
,N.Muse,MIN,,TE,,,,,,,,,,,,MISSING,,HIGH,MISSING,67,"Context V1 uses pre-target weekly history, schedules.csv game lines where present, and shrinkage-adjusted defense allowed stats."
,I.Abanikanda,NYJ,,RB,,,,,,,,,,,,MISSING,,HIGH,MISSING,67,"Context V1 uses pre-target weekly history, schedules.csv game lines where present, and shrinkage-adjusted defense allowed stats."
,J.Brooks,DAL,,WR,,,,,,,,,,,,MISSING,,HIGH,MISSING,67,"Context V1 uses pre-target weekly history, schedules.csv game lines where present, and shrinkage-adjusted defense allowed stats."
,R.Johnson,CHI,,RB,,,,,,,,,,,,MISSING,,HIGH,MISSING,67,"Context V1 uses pre-target weekly history, schedules.csv game lines where present, and shrinkage-adjusted defense allowed stats."
,L.McCaffrey,WAS,,WR,,,,,,,,,,,,MISSING,,HIGH,MISSING,67,"Context V1 uses pre-target weekly history, schedules.csv game lines where present, and shrinkage-adjusted defense allowed stats."
,B.Allen,NYJ,,RB,,,,,,,,,,,,MISSING,,HIGH,MISSING,67,"Context V1 uses pre-target weekly history, schedules.csv game lines where present, and shrinkage-adjusted defense allowed stats."
,T.McAllister,LV,,WR,,,,,,,,,,,,MISSING,,HIGH,MISSING,67,"Context V1 uses pre-target weekly history, schedules.csv game lines where present, and shrinkage-adjusted defense allowed stats."
,H.Henry,NE,,TE,,,,,,,,,,,,MISSING,,HIGH,MISSING,67,"Context V1 uses pre-target weekly history, schedules.csv game lines where present, and shrinkage-adjusted defense allowed stats."
,K.Miller,NO,,RB,,,,,,,,,,,,MISSING,,HIGH,MISSING,67,"Context V1 uses pre-target weekly history, schedules.csv game lines where present, and shrinkage-adjusted defense allowed stats."
,Q.Watkins,PHI,,WR,,,,,,,,,,,,MISSING,,HIGH,MISSING,67,"Context V1 uses pre-target weekly history, schedules.csv game lines where present, and shrinkage-adjusted defense allowed stats."
,B.Purdy,SF,DET,QB,,,,,,,,,,,,MISSING,,HIGH,MISSING,67,"Context V1 uses pre-target weekly history, schedules.csv game lines where present, and shrinkage-adjusted defense allowed stats."
,A.Smith,PHI,,WR,,,,,,,,,,,,MISSING,,HIGH,MISSING,67,"Context V1 uses pre-target weekly history, schedules.csv game lines where present, and shrinkage-adjusted defense allowed stats."
,B.Watson,DEN,,RB,,,,,,,,,,,,MISSING,,HIGH,MISSING,67,"Context V1 uses pre-target weekly history, schedules.csv game lines where present, and shrinkage-adjusted defense allowed stats."
,M.Hardman,KC,,WR,,,,,,,,,,,,MISSING,,HIGH,MISSING,67,"Context V1 uses pre-target weekly history, schedules.csv game lines where present, and shrinkage-adjusted defense allowed stats."
,D.Maye,NE,BUF,QB,,,,,,,,,,,,MISSING,,HIGH,MISSING,67,"Context V1 uses pre-target weekly history, schedules.csv game lines where present, and shrinkage-adjusted defense allowed stats."
,J.Whyle,TEN,,TE,,,,,,,,,,,,MISSING,,HIGH,MISSING,67,"Context V1 uses pre-target weekly history, schedules.csv game lines where present, and shrinkage-adjusted defense allowed stats."
,C.Blair,ATL,,WR,,,,,,,,,,,,MISSING,,HIGH,MISSING,67,"Context V1 uses pre-target weekly history, schedules.csv game lines where present, and shrinkage-adjusted defense allowed stats."
,J.Fields,PIT,BAL,QB,,,,,,,,,,,,MISSING,,HIGH,MISSING,67,"Context V1 uses pre-target weekly history, schedules.csv game lines where present, and shrinkage-adjusted defense allowed stats."
,A.Baccellia,ARI,,WR,,,,,,,,,,,,MISSING,,HIGH,MISSING,67,"Context V1 uses pre-target weekly history, schedules.csv game lines where present, and shrinkage-adjusted defense allowed stats."
,C.Otton,TB,,TE,,,,,,,,,,,,MISSING,,HIGH,MISSING,67,"Context V1 uses pre-target weekly history, schedules.csv game lines where present, and shrinkage-adjusted defense allowed stats."
,K.Gainwell,PHI,,RB,,,,,,,,,,,,MISSING,,HIGH,MISSING,67,"Context V1 uses pre-target weekly history, schedules.csv game lines where present, and shrinkage-adjusted defense allowed stats."
,T.Tagovailoa,MIA,SF,QB,,,,,,,,,,,,MISSING,,HIGH,MISSING,67,"Context V1 uses pre-target weekly history, schedules.csv game lines where present, and shrinkage-adjusted defense allowed stats."
,D.Schultz,HOU,,TE,,,,,,,,,,,,MISSING,,HIGH,MISSING,67,"Context V1 uses pre-target weekly history, schedules.csv game lines where present, and shrinkage-adjusted defense allowed stats."
,Z.Knight,DET,,RB,,,,,,,,,,,,MISSING,,HIGH,MISSING,67,"Context V1 uses pre-target weekly history, schedules.csv game lines where present, and shrinkage-adjusted defense allowed stats."
,T.Benson,ARI,,RB,,,,,,,,,,,,MISSING,,HIGH,MISSING,67,"Context V1 uses pre-target weekly history, schedules.csv game lines where present, and shrinkage-adjusted defense allowed stats."
,J.Jackson,NO,,WR,,,,,,,,,,,,MISSING,,HIGH,MISSING,67,"Context V1 uses pre-target weekly history, schedules.csv game lines where present, and shrinkage-adjusted defense allowed stats."
,T.Franklin,DEN,,WR,,,,,,,,,,,,MISSING,,HIGH,MISSING,67,"Context V1 uses pre-target weekly history, schedules.csv game lines where present, and shrinkage-adjusted defense allowed stats."
,J.Williams,WAS,,RB,,,,,,,,,,,,MISSING,,HIGH,MISSING,67,"Context V1 uses pre-target weekly history, schedules.csv game lines where present, and shrinkage-adjusted defense allowed stats."
,A.Barner,SEA,,TE,,,,,,,,,,,,MISSING,,HIGH,MISSING,67,"Context V1 uses pre-target weekly history, schedules.csv game lines where present, and shrinkage-adjusted defense allowed stats."
,M.Alexander,DET,,WR,,,,,,,,,,,,MISSING,,HIGH,MISSING,67,"Context V1 uses pre-target weekly history, schedules.csv game lines where present, and shrinkage-adjusted defense allowed stats."
,H.Bryant,LV,,TE,,,,,,,,,,,,MISSING,,HIGH,MISSING,67,"Context V1 uses pre-target weekly history, schedules.csv game lines where present, and shrinkage-adjusted defense allowed stats."
,K.Herbert,CIN,,RB,,,,,,,,,,,,MISSING,,HIGH,MISSING,67,"Context V1 uses pre-target weekly history, schedules.csv game lines where present, and shrinkage-adjusted defense allowed stats."
,S.Rattler,NO,TB,QB,,,,,,,,,,,,MISSING,,HIGH,MISSING,67,"Context V1 uses pre-target weekly history, schedules.csv game lines where present, and shrinkage-adjusted defense allowed stats."
,D.Hopkins,KC,,WR,,,,,,,,,,,,MISSING,,HIGH,MISSING,67,"Context V1 uses pre-target weekly history, schedules.csv game lines where present, and shrinkage-adjusted defense allowed stats."
,X.Gipson,NYJ,,WR,,,,,,,,,,,,MISSING,,HIGH,MISSING,67,"Context V1 uses pre-target weekly history, schedules.csv game lines where present, and shrinkage-adjusted defense allowed stats."
,A.Mitchell,IND,,WR,,,,,,,,,,,,MISSING,,HIGH,MISSING,67,"Context V1 uses pre-target weekly history, schedules.csv game lines where present, and shrinkage-adjusted defense allowed stats."
,J.Wright,MIA,,RB,,,,,,,,,,,,MISSING,,HIGH,MISSING,67,"Context V1 uses pre-target weekly history, schedules.csv game lines where present, and shrinkage-adjusted defense allowed stats."
,O.Beckham,MIA,,WR,,,,,,,,,,,,MISSING,,HIGH,MISSING,67,"Context V1 uses pre-target weekly history, schedules.csv game lines where present, and shrinkage-adjusted defense allowed stats."
,J.Kibodi,CLE,,RB,,,,,,,,,,,,MISSING,,HIGH,MISSING,67,"Context V1 uses pre-target weekly history, schedules.csv game lines where present, and shrinkage-adjusted defense allowed stats."
,A.Abdullah,LV,,RB,,,,,,,,,,,,MISSING,,HIGH,MISSING,67,"Context V1 uses pre-target weekly history, schedules.csv game lines where present, and shrinkage-adjusted defense allowed stats."
,T.Palmer,TB,,WR,,,,,,,,,,,,MISSING,,HIGH,MISSING,67,"Context V1 uses pre-target weekly history, schedules.csv game lines where present, and shrinkage-adjusted defense allowed stats."
,M.Woods,CLE,,WR,,,,,,,,,,,,MISSING,,HIGH,MISSING,67,"Context V1 uses pre-target weekly history, schedules.csv game lines where present, and shrinkage-adjusted defense allowed stats."
,M.Andrews,BAL,,TE,,,,,,,,,,,,MISSING,,HIGH,MISSING,67,"Context V1 uses pre-target weekly history, schedules.csv game lines where present, and shrinkage-adjusted defense allowed stats."
,B.Covey,PHI,,WR,,,,,,,,,,,,MISSING,,HIGH,MISSING,67,"Context V1 uses pre-target weekly history, schedules.csv game lines where present, and shrinkage-adjusted defense allowed stats."
,D.Jackson,NYG,,RB,,,,,,,,,,,,MISSING,,HIGH,MISSING,67,"Context V1 uses pre-target weekly history, schedules.csv game lines where present, and shrinkage-adjusted defense allowed stats."
,A.Erickson,NE,,WR,,,,,,,,,,,,MISSING,,HIGH,MISSING,67,"Context V1 uses pre-target weekly history, schedules.csv game lines where present, and shrinkage-adjusted defense allowed stats."
,D.Johnson,HOU,,WR,,,,,,,,,,,,MISSING,,HIGH,MISSING,67,"Context V1 uses pre-target weekly history, schedules.csv game lines where present, and shrinkage-adjusted defense allowed stats."
,E.Saubert,SF,,TE,,,,,,,,,,,,MISSING,,HIGH,MISSING,67,"Context V1 uses pre-target weekly history, schedules.csv game lines where present, and shrinkage-adjusted defense allowed stats."
,K.Jackson,TEN,,WR,,,,,,,,,,,,MISSING,,HIGH,MISSING,67,"Context V1 uses pre-target weekly history, schedules.csv game lines where present, and shrinkage-adjusted defense allowed stats."
,B.Sinnott,WAS,,TE,,,,,,,,,,,,MISSING,,HIGH,MISSING,67,"Context V1 uses pre-target weekly history, schedules.csv game lines where present, and shrinkage-adjusted defense allowed stats."
,J.Jones,PHI,,WR,,,,,,,,,,,,MISSING,,HIGH,MISSING,67,"Context V1 uses pre-target weekly history, schedules.csv game lines where present, and shrinkage-adjusted defense allowed stats."
,K.Vidal,LAC,,RB,,,,,,,,,,,,MISSING,,HIGH,MISSING,67,"Context V1 uses pre-target weekly history, schedules.csv game lines where present, and shrinkage-adjusted defense allowed stats."
,M.Breida,NYG,,RB,,,,,,,,,,,,MISSING,,HIGH,MISSING,67,"Context V1 uses pre-target weekly history, schedules.csv game lines where present, and shrinkage-adjusted defense allowed stats."
,M.Brown,KC,,WR,,,,,,,,,,,,MISSING,,HIGH,MISSING,67,"Context V1 uses pre-target weekly history, schedules.csv game lines where present, and shrinkage-adjusted defense allowed stats."
,J.Robinson,GB,,RB,,,,,,,,,,,,MISSING,,HIGH,MISSING,67,"Context V1 uses pre-target weekly history, schedules.csv game lines where present, and shrinkage-adjusted defense allowed stats."
,C.Dowell,TEN,,WR,,,,,,,,,,,,MISSING,,HIGH,MISSING,67,"Context V1 uses pre-target weekly history, schedules.csv game lines where present, and shrinkage-adjusted defense allowed stats."
,P.Dorsett,DEN,,WR,,,,,,,,,,,,MISSING,,HIGH,MISSING,67,"Context V1 uses pre-target weekly history, schedules.csv game lines where present, and shrinkage-adjusted defense allowed stats."
,C.Fotheringham,LV,,TE,,,,,,,,,,,,MISSING,,HIGH,MISSING,67,"Context V1 uses pre-target weekly history, schedules.csv game lines where present, and shrinkage-adjusted defense allowed stats."
,D.Carter,CHI,,WR,,,,,,,,,,,,MISSING,,HIGH,MISSING,67,"Context V1 uses pre-target weekly history, schedules.csv game lines where present, and shrinkage-adjusted defense allowed stats."
,M.Corley,NYJ,,WR,,,,,,,,,,,,MISSING,,HIGH,MISSING,67,"Context V1 uses pre-target weekly history, schedules.csv game lines where present, and shrinkage-adjusted defense allowed stats."
,A.Dulin,IND,,WR,,,,,,,,,,,,MISSING,,HIGH,MISSING,67,"Context V1 uses pre-target weekly history, schedules.csv game lines where present, and shrinkage-adjusted defense allowed stats."
,S.Tucker,TB,,RB,,,,,,,,,,,,MISSING,,HIGH,MISSING,67,"Context V1 uses pre-target weekly history, schedules.csv game lines where present, and shrinkage-adjusted defense allowed stats."
,J.Oliver,MIN,,TE,,,,,,,,,,,,MISSING,,HIGH,MISSING,67,"Context V1 uses pre-target weekly history, schedules.csv game lines where present, and shrinkage-adjusted defense allowed stats."
,A.Rodgers,IND,,WR,,,,,,,,,,,,MISSING,,HIGH,MISSING,67,"Context V1 uses pre-target weekly history, schedules.csv game lines where present, and shrinkage-adjusted defense allowed stats."
,T.Reiman,ARI,,TE,,,,,,,,,,,,MISSING,,HIGH,MISSING,67,"Context V1 uses pre-target weekly history, schedules.csv game lines where present, and shrinkage-adjusted defense allowed stats."
,J.Winfree,IND,,WR,,,,,,,,,,,,MISSING,,HIGH,MISSING,67,"Context V1 uses pre-target weekly history, schedules.csv game lines where present, and shrinkage-adjusted defense allowed stats."
,T.Davis-Price,PHI,,RB,,,,,,,,,,,,MISSING,,HIGH,MISSING,67,"Context V1 uses pre-target weekly history, schedules.csv game lines where present, and shrinkage-adjusted defense allowed stats."
,K.Pitts,ATL,,TE,,,,,,,,,,,,MISSING,,HIGH,MISSING,67,"Context V1 uses pre-target weekly history, schedules.csv game lines where present, and shrinkage-adjusted defense allowed stats."
,G.Swaim,CLE,,TE,,,,,,,,,,,,MISSING,,HIGH,MISSING,67,"Context V1 uses pre-target weekly history, schedules.csv game lines where present, and shrinkage-adjusted defense allowed stats."
,P.Taylor,SF,,RB,,,,,,,,,,,,MISSING,,HIGH,MISSING,67,"Context V1 uses pre-target weekly history, schedules.csv game lines where present, and shrinkage-adjusted defense allowed stats."
,R.Ali,BAL,,RB,,,,,,,,,,,,MISSING,,HIGH,MISSING,67,"Context V1 uses pre-target weekly history, schedules.csv game lines where present, and shrinkage-adjusted defense allowed stats."
,J.Dotson,PHI,,WR,,,,,,,,,,,,MISSING,,HIGH,MISSING,67,"Context V1 uses pre-target weekly history, schedules.csv game lines where present, and shrinkage-adjusted defense allowed stats."
,I.Smith,HOU,,TE,,,,,,,,,,,,MISSING,,HIGH,MISSING,67,"Context V1 uses pre-target weekly history, schedules.csv game lines where present, and shrinkage-adjusted defense allowed stats."
,T.Fisk,LAC,,TE,,,,,,,,,,,,MISSING,,HIGH,MISSING,67,"Context V1 uses pre-target weekly history, schedules.csv game lines where present, and shrinkage-adjusted defense allowed stats."
,B.Hopkins,LA,,TE,,,,,,,,,,,,MISSING,,HIGH,MISSING,67,"Context V1 uses pre-target weekly history, schedules.csv game lines where present, and shrinkage-adjusted defense allowed stats."
,B.Young,CAR,ATL,QB,,,,,,,,,,,,MISSING,,HIGH,MISSING,67,"Context V1 uses pre-target weekly history, schedules.csv game lines where present, and shrinkage-adjusted defense allowed stats."
,T.Burks,TEN,,WR,,,,,,,,,,,,MISSING,,HIGH,MISSING,67,"Context V1 uses pre-target weekly history, schedules.csv game lines where present, and shrinkage-adjusted defense allowed stats."
,A.Robinson,DET,,WR,,,,,,,,,,,,MISSING,,HIGH,MISSING,67,"Context V1 uses pre-target weekly history, schedules.csv game lines where present, and shrinkage-adjusted defense allowed stats."
,B.Ford-Wheaton,NYG,,WR,,,,,,,,,,,,MISSING,,HIGH,MISSING,67,"Context V1 uses pre-target weekly history, schedules.csv game lines where present, and shrinkage-adjusted defense allowed stats."
,J.Taylor,HOU,,RB,,,,,,,,,,,,MISSING,,HIGH,MISSING,67,"Context V1 uses pre-target weekly history, schedules.csv game lines where present, and shrinkage-adjusted defense allowed stats."
,Cas.Washington,ATL,,WR,,,,,,,,,,,,MISSING,,HIGH,MISSING,67,"Context V1 uses pre-target weekly history, schedules.csv game lines where present, and shrinkage-adjusted defense allowed stats."
,N.Bawden,NYJ,,RB,,,,,,,,,,,,MISSING,,HIGH,MISSING,67,"Context V1 uses pre-target weekly history, schedules.csv game lines where present, and shrinkage-adjusted defense allowed stats."
,C.Kmet,CHI,,TE,,,,,,,,,,,,MISSING,,HIGH,MISSING,67,"Context V1 uses pre-target weekly history, schedules.csv game lines where present, and shrinkage-adjusted defense allowed stats."
,Z.Pascal,ARI,,WR,,,,,,,,,,,,MISSING,,HIGH,MISSING,67,"Context V1 uses pre-target weekly history, schedules.csv game lines where present, and shrinkage-adjusted defense allowed stats."
,D.Walker,BAL,,WR,,,,,,,,,,,,MISSING,,HIGH,MISSING,67,"Context V1 uses pre-target weekly history, schedules.csv game lines where present, and shrinkage-adjusted defense allowed stats."
,T.Huntley,MIA,NYJ,QB,,,,,,,,,,,,MISSING,,HIGH,MISSING,67,"Context V1 uses pre-target weekly history, schedules.csv game lines where present, and shrinkage-adjusted defense allowed stats."
,D.Byrd,ATL,,WR,,,,,,,,,,,,MISSING,,HIGH,MISSING,67,"Context V1 uses pre-target weekly history, schedules.csv game lines where present, and shrinkage-adjusted defense allowed stats."
,E.Higgins,ARI,,TE,,,,,,,,,,,,MISSING,,HIGH,MISSING,67,"Context V1 uses pre-target weekly history, schedules.csv game lines where present, and shrinkage-adjusted defense allowed stats."
,K.Drake,GB,,RB,,,,,,,,,,,,MISSING,,HIGH,MISSING,67,"Context V1 uses pre-target weekly history, schedules.csv game lines where present, and shrinkage-adjusted defense allowed stats."
,M.Bandy,DEN,,WR,,,,,,,,,,,,MISSING,,HIGH,MISSING,67,"Context V1 uses pre-target weekly history, schedules.csv game lines where present, and shrinkage-adjusted defense allowed stats."
,J.Shenker,LV,,TE,,,,,,,,,,,,MISSING,,HIGH,MISSING,67,"Context V1 uses pre-target weekly history, schedules.csv game lines where present, and shrinkage-adjusted defense allowed stats."
,M.Wilcox,CIN,,TE,,,,,,,,,,,,MISSING,,HIGH,MISSING,67,"Context V1 uses pre-target weekly history, schedules.csv game lines where present, and shrinkage-adjusted defense allowed stats."
,T.Chandler,MIN,,RB,,,,,,,,,,,,MISSING,,HIGH,MISSING,67,"Context V1 uses pre-target weekly history, schedules.csv game lines where present, and shrinkage-adjusted defense allowed stats."
,I.Likely,BAL,,TE,,,,,,,,,,,,MISSING,,HIGH,MISSING,67,"Context V1 uses pre-target weekly history, schedules.csv game lines where present, and shrinkage-adjusted defense allowed stats."
,D.Carr,NO,NYG,QB,,,,,,,,,,,,MISSING,,HIGH,MISSING,67,"Context V1 uses pre-target weekly history, schedules.csv game lines where present, and shrinkage-adjusted defense allowed stats."
,P.Durham,TB,,TE,,,,,,,,,,,,MISSING,,HIGH,MISSING,67,"Context V1 uses pre-target weekly history, schedules.csv game lines where present, and shrinkage-adjusted defense allowed stats."
,Ty.Johnson,BUF,,RB,,,,,,,,,,,,MISSING,,HIGH,MISSING,67,"Context V1 uses pre-target weekly history, schedules.csv game lines where present, and shrinkage-adjusted defense allowed stats."
,C.Brooks,GB,,RB,,,,,,,,,,,,MISSING,,HIGH,MISSING,67,"Context V1 uses pre-target weekly history, schedules.csv game lines where present, and shrinkage-adjusted defense allowed stats."
,D.Chark,LAC,,WR,,,,,,,,,,,,MISSING,,HIGH,MISSING,67,"Context V1 uses pre-target weekly history, schedules.csv game lines where present, and shrinkage-adjusted defense allowed stats."
,J.Graham,NO,,TE,,,,,,,,,,,,MISSING,,HIGH,MISSING,67,"Context V1 uses pre-target weekly history, schedules.csv game lines where present, and shrinkage-adjusted defense allowed stats."
,D.Johnson,JAX,,RB,,,,,,,,,,,,MISSING,,HIGH,MISSING,67,"Context V1 uses pre-target weekly history, schedules.csv game lines where present, and shrinkage-adjusted defense allowed stats."
,D.Prescott,DAL,ATL,QB,,,,,,,,,,,,MISSING,,HIGH,MISSING,67,"Context V1 uses pre-target weekly history, schedules.csv game lines where present, and shrinkage-adjusted defense allowed stats."
,R.Bell,SF,,WR,,,,,,,,,,,,MISSING,,HIGH,MISSING,67,"Context V1 uses pre-target weekly history, schedules.csv game lines where present, and shrinkage-adjusted defense allowed stats."
,R.James,KC,,WR,,,,,,,,,,,,MISSING,,HIGH,MISSING,67,"Context V1 uses pre-target weekly history, schedules.csv game lines where present, and shrinkage-adjusted defense allowed stats."
,K.McIntosh,SEA,,RB,,,,,,,,,,,,MISSING,,HIGH,MISSING,67,"Context V1 uses pre-target weekly history, schedules.csv game lines where present, and shrinkage-adjusted defense allowed stats."
,M.Lloyd,GB,,RB,,,,,,,,,,,,MISSING,,HIGH,MISSING,67,"Context V1 uses pre-target weekly history, schedules.csv game lines where present, and shrinkage-adjusted defense allowed stats."
,J.Mundt,MIN,,TE,,,,,,,,,,,,MISSING,,HIGH,MISSING,67,"Context V1 uses pre-target weekly history, schedules.csv game lines where present, and shrinkage-adjusted defense allowed stats."
,N.Agholor,BAL,,WR,,,,,,,,,,,,MISSING,,HIGH,MISSING,67,"Context V1 uses pre-target weekly history, schedules.csv game lines where present, and shrinkage-adjusted defense allowed stats."
,N.Adkins,DEN,,TE,,,,,,,,,,,,MISSING,,HIGH,MISSING,67,"Context V1 uses pre-target weekly history, schedules.csv game lines where present, and shrinkage-adjusted defense allowed stats."
,N.Vannett,TEN,,TE,,,,,,,,,,,,MISSING,,HIGH,MISSING,67,"Context V1 uses pre-target weekly history, schedules.csv game lines where present, and shrinkage-adjusted defense allowed stats."
,T.Montgomery,NE,,WR,,,,,,,,,,,,MISSING,,HIGH,MISSING,67,"Context V1 uses pre-target weekly history, schedules.csv game lines where present, and shrinkage-adjusted defense allowed stats."
,L.Treadwell,BAL,,WR,,,,,,,,,,,,MISSING,,HIGH,MISSING,67,"Context V1 uses pre-target weekly history, schedules.csv game lines where present, and shrinkage-adjusted defense allowed stats."
,P.Campbell,PHI,,WR,,,,,,,,,,,,MISSING,,HIGH,MISSING,67,"Context V1 uses pre-target weekly history, schedules.csv game lines where present, and shrinkage-adjusted defense allowed stats."
,J.Corbin,NYG,,RB,,,,,,,,,,,,MISSING,,HIGH,MISSING,67,"Context V1 uses pre-target weekly history, schedules.csv game lines where present, and shrinkage-adjusted defense allowed stats."
,M.Cunningham,NE,,WR,,,,,,,,,,,,MISSING,,HIGH,MISSING,67,"Context V1 uses pre-target weekly history, schedules.csv game lines where present, and shrinkage-adjusted defense allowed stats."
,M.Slater,NE,,WR,,,,,,,,,,,,MISSING,,HIGH,MISSING,67,"Context V1 uses pre-target weekly history, schedules.csv game lines where present, and shrinkage-adjusted defense allowed stats."
,C.Turner,WAS,,TE,,,,,,,,,,,,MISSING,,HIGH,MISSING,67,"Context V1 uses pre-target weekly history, schedules.csv game lines where present, and shrinkage-adjusted defense allowed stats."
,D.Parham,LAC,,TE,,,,,,,,,,,,MISSING,,HIGH,MISSING,67,"Context V1 uses pre-target weekly history, schedules.csv game lines where present, and shrinkage-adjusted defense allowed stats."
,J.Mitchell,DET,,TE,,,,,,,,,,,,MISSING,,HIGH,MISSING,67,"Context V1 uses pre-target weekly history, schedules.csv game lines where present, and shrinkage-adjusted defense allowed stats."
,T.Goodson,IND,,RB,,,,,,,,,,,,MISSING,,HIGH,MISSING,67,"Context V1 uses pre-target weekly history, schedules.csv game lines where present, and shrinkage-adjusted defense allowed stats."
,D.Holker,NO,,TE,,,,,,,,,,,,MISSING,,HIGH,MISSING,67,"Context V1 uses pre-target weekly history, schedules.csv game lines where present, and shrinkage-adjusted defense allowed stats."
,D.Watson,CLE,CIN,QB,,,,,,,,,,,,MISSING,,HIGH,MISSING,67,"Context V1 uses pre-target weekly history, schedules.csv game lines where present, and shrinkage-adjusted defense allowed stats."
,J.Virgil,BUF,,WR,,,,,,,,,,,,MISSING,,HIGH,MISSING,67,"Context V1 uses pre-target weekly history, schedules.csv game lines where present, and shrinkage-adjusted defense allowed stats."
,I.Smith-Marsette,NYG,,WR,,,,,,,,,,,,MISSING,,HIGH,MISSING,67,"Context V1 uses pre-target weekly history, schedules.csv game lines where present, and shrinkage-adjusted defense allowed stats."
,P.Mahomes,KC,PHI,QB,,,,,,,,,,,,MISSING,,HIGH,MISSING,67,"Context V1 uses pre-target weekly history, schedules.csv game lines where present, and shrinkage-adjusted defense allowed stats."
,A.Dalton,CAR,WAS,QB,,,,,,,,,,,,MISSING,,HIGH,MISSING,67,"Context V1 uses pre-target weekly history, schedules.csv game lines where present, and shrinkage-adjusted defense allowed stats."
,M.Washington,KC,,WR,,,,,,,,,,,,MISSING,,HIGH,MISSING,67,"Context V1 uses pre-target weekly history, schedules.csv game lines where present, and shrinkage-adjusted defense allowed stats."
,T.Tremble,CAR,,TE,,,,,,,,,,,,MISSING,,HIGH,MISSING,67,"Context V1 uses pre-target weekly history, schedules.csv game lines where present, and shrinkage-adjusted defense allowed stats."
,D.Evans,CHI,,RB,,,,,,,,,,,,MISSING,,HIGH,MISSING,67,"Context V1 uses pre-target weekly history, schedules.csv game lines where present, and shrinkage-adjusted defense allowed stats."
,J.Driskel,CLE,CIN,QB,,,,,,,,,,,,MISSING,,HIGH,MISSING,67,"Context V1 uses pre-target weekly history, schedules.csv game lines where present, and shrinkage-adjusted defense allowed stats."
,H.Long,LA,,TE,,,,,,,,,,,,MISSING,,HIGH,MISSING,67,"Context V1 uses pre-target weekly history, schedules.csv game lines where present, and shrinkage-adjusted defense allowed stats."
,T.Conner,MIA,,TE,,,,,,,,,,,,MISSING,,HIGH,MISSING,67,"Context V1 uses pre-target weekly history, schedules.csv game lines where present, and shrinkage-adjusted defense allowed stats."
,J.Kelley,TEN,,RB,,,,,,,,,,,,MISSING,,HIGH,MISSING,67,"Context V1 uses pre-target weekly history, schedules.csv game lines where present, and shrinkage-adjusted defense allowed stats."
,D.Knox,BUF,,TE,,,,,,,,,,,,MISSING,,HIGH,MISSING,67,"Context V1 uses pre-target weekly history, schedules.csv game lines where present, and shrinkage-adjusted defense allowed stats."
,S.Sims,BAL,,WR,,,,,,,,,,,,MISSING,,HIGH,MISSING,67,"Context V1 uses pre-target weekly history, schedules.csv game lines where present, and shrinkage-adjusted defense allowed stats."
,M.Willis,GB,CHI,QB,,,,,,,,,,,,MISSING,,HIGH,MISSING,67,"Context V1 uses pre-target weekly history, schedules.csv game lines where present, and shrinkage-adjusted defense allowed stats."
,T.Thornton,NE,,WR,,,,,,,,,,,,MISSING,,HIGH,MISSING,67,"Context V1 uses pre-target weekly history, schedules.csv game lines where present, and shrinkage-adjusted defense allowed stats."
,L.Krull,DEN,,TE,,,,,,,,,,,,MISSING,,HIGH,MISSING,67,"Context V1 uses pre-target weekly history, schedules.csv game lines where present, and shrinkage-adjusted defense allowed stats."
,C.Reynolds,DET,,RB,,,,,,,,,,,,MISSING,,HIGH,MISSING,67,"Context V1 uses pre-target weekly history, schedules.csv game lines where present, and shrinkage-adjusted defense allowed stats."
,A.Isabella,BUF,,WR,,,,,,,,,,,,MISSING,,HIGH,MISSING,67,"Context V1 uses pre-target weekly history, schedules.csv game lines where present, and shrinkage-adjusted defense allowed stats."
,M.Mayer,LV,,TE,,,,,,,,,,,,MISSING,,HIGH,MISSING,67,"Context V1 uses pre-target weekly history, schedules.csv game lines where present, and shrinkage-adjusted defense allowed stats."
,R.Rivers,LA,,RB,,,,,,,,,,,,MISSING,,HIGH,MISSING,67,"Context V1 uses pre-target weekly history, schedules.csv game lines where present, and shrinkage-adjusted defense allowed stats."
,D.Bellinger,NYG,,TE,,,,,,,,,,,,MISSING,,HIGH,MISSING,67,"Context V1 uses pre-target weekly history, schedules.csv game lines where present, and shrinkage-adjusted defense allowed stats."
,T.Irwin,CIN,,WR,,,,,,,,,,,,MISSING,,HIGH,MISSING,67,"Context V1 uses pre-target weekly history, schedules.csv game lines where present, and shrinkage-adjusted defense allowed stats."
00-0038598,J.Hall,MIN,GB,QB,,,,,,,,,,71.7,37.5,HIGH,37.0,MEDIUM,MISSING,79,"Context V1 uses pre-target weekly history, schedules.csv game lines where present, and shrinkage-adjusted defense allowed stats."
,C.Parkinson,LA,,TE,,,,,,,,,,,,MISSING,,HIGH,MISSING,67,"Context V1 uses pre-target weekly history, schedules.csv game lines where present, and shrinkage-adjusted defense allowed stats."
,A.Trautman,DEN,,TE,,,,,,,,,,,,MISSING,,HIGH,MISSING,67,"Context V1 uses pre-target weekly history, schedules.csv game lines where present, and shrinkage-adjusted defense allowed stats."
,C.Johnson,CHI,,WR,,,,,,,,,,,,MISSING,,HIGH,MISSING,67,"Context V1 uses pre-target weekly history, schedules.csv game lines where present, and shrinkage-adjusted defense allowed stats."
,M.Barkley,JAX,CAR,QB,,,,,,,,,,,,MISSING,,HIGH,MISSING,67,"Context V1 uses pre-target weekly history, schedules.csv game lines where present, and shrinkage-adjusted defense allowed stats."
,D.Wells,TB,,TE,,,,,,,,,,,,MISSING,,HIGH,MISSING,67,"Context V1 uses pre-target weekly history, schedules.csv game lines where present, and shrinkage-adjusted defense allowed stats."
,J.Mingo,DAL,,WR,,,,,,,,,,,,MISSING,,HIGH,MISSING,67,"Context V1 uses pre-target weekly history, schedules.csv game lines where present, and shrinkage-adjusted defense allowed stats."
,I.Davis,NYJ,,RB,,,,,,,,,,,,MISSING,,HIGH,MISSING,67,"Context V1 uses pre-target weekly history, schedules.csv game lines where present, and shrinkage-adjusted defense allowed stats."
,J.Deguara,JAX,,TE,,,,,,,,,,,,MISSING,,HIGH,MISSING,67,"Context V1 uses pre-target weekly history, schedules.csv game lines where present, and shrinkage-adjusted defense allowed stats."
,D.Harty,BAL,,WR,,,,,,,,,,,,MISSING,,HIGH,MISSING,67,"Context V1 uses pre-target weekly history, schedules.csv game lines where present, and shrinkage-adjusted defense allowed stats."
00-0036355,J.Herbert,LAC,HOU,QB,,,,,,,,,,72.33,46.88,HIGH,38.0,HIGH,MISSING,79,"Context V1 uses pre-target weekly history, schedules.csv game lines where present, and shrinkage-adjusted defense allowed stats."
,J.Herbert,LAC,HOU,QB,,,,,,,,,,,,MISSING,,HIGH,MISSING,67,"Context V1 uses pre-target weekly history, schedules.csv game lines where present, and shrinkage-adjusted defense allowed stats."
,K.Granson,IND,,TE,,,,,,,,,,,,MISSING,,HIGH,MISSING,67,"Context V1 uses pre-target weekly history, schedules.csv game lines where present, and shrinkage-adjusted defense allowed stats."
,J.McNichols,WAS,,RB,,,,,,,,,,,,MISSING,,HIGH,MISSING,67,"Context V1 uses pre-target weekly history, schedules.csv game lines where present, and shrinkage-adjusted defense allowed stats."
,R.Chosen,MIA,,WR,,,,,,,,,,,,MISSING,,HIGH,MISSING,67,"Context V1 uses pre-target weekly history, schedules.csv game lines where present, and shrinkage-adjusted defense allowed stats."
,B.Wright,DET,,TE,,,,,,,,,,,,MISSING,,HIGH,MISSING,67,"Context V1 uses pre-target weekly history, schedules.csv game lines where present, and shrinkage-adjusted defense allowed stats."
,D.Washington,PIT,,TE,,,,,,,,,,,,MISSING,,HIGH,MISSING,67,"Context V1 uses pre-target weekly history, schedules.csv game lines where present, and shrinkage-adjusted defense allowed stats."
,N.Gray,KC,,TE,,,,,,,,,,,,MISSING,,HIGH,MISSING,67,"Context V1 uses pre-target weekly history, schedules.csv game lines where present, and shrinkage-adjusted defense allowed stats."
,M.Lewis,CHI,,TE,,,,,,,,,,,,MISSING,,HIGH,MISSING,67,"Context V1 uses pre-target weekly history, schedules.csv game lines where present, and shrinkage-adjusted defense allowed stats."
,A.Ogletree,IND,,TE,,,,,,,,,,,,MISSING,,HIGH,MISSING,67,"Context V1 uses pre-target weekly history, schedules.csv game lines where present, and shrinkage-adjusted defense allowed stats."
,C.Steele,KC,,RB,,,,,,,,,,,,MISSING,,HIGH,MISSING,67,"Context V1 uses pre-target weekly history, schedules.csv game lines where present, and shrinkage-adjusted defense allowed stats."
,P.Hendershot,KC,,TE,,,,,,,,,,,,MISSING,,HIGH,MISSING,67,"Context V1 uses pre-target weekly history, schedules.csv game lines where present, and shrinkage-adjusted defense allowed stats."
,J.Ruckert,NYJ,,TE,,,,,,,,,,,,MISSING,,HIGH,MISSING,67,"Context V1 uses pre-target weekly history, schedules.csv game lines where present, and shrinkage-adjusted defense allowed stats."
,C.Stover,HOU,,TE,,,,,,,,,,,,MISSING,,HIGH,MISSING,67,"Context V1 uses pre-target weekly history, schedules.csv game lines where present, and shrinkage-adjusted defense allowed stats."
,L.Woodside,ATL,NO,QB,,,,,,,,,,,,MISSING,,HIGH,MISSING,67,"Context V1 uses pre-target weekly history, schedules.csv game lines where present, and shrinkage-adjusted defense allowed stats."
,E.Stick,LAC,KC,QB,,,,,,,,,,,,MISSING,,HIGH,MISSING,67,"Context V1 uses pre-target weekly history, schedules.csv game lines where present, and shrinkage-adjusted defense allowed stats."
,K.Osborn,WAS,,WR,,,,,,,,,,,,MISSING,,HIGH,MISSING,67,"Context V1 uses pre-target weekly history, schedules.csv game lines where present, and shrinkage-adjusted defense allowed stats."
,J.Hyatt,NYG,,WR,,,,,,,,,,,,MISSING,,HIGH,MISSING,67,"Context V1 uses pre-target weekly history, schedules.csv game lines where present, and shrinkage-adjusted defense allowed stats."
,G.Olszewski,NYG,,WR,,,,,,,,,,,,MISSING,,HIGH,MISSING,67,"Context V1 uses pre-target weekly history, schedules.csv game lines where present, and shrinkage-adjusted defense allowed stats."
,W.Levis,TEN,HOU,QB,,,,,,,,,,,,MISSING,,HIGH,MISSING,67,"Context V1 uses pre-target weekly history, schedules.csv game lines where present, and shrinkage-adjusted defense allowed stats."
,T.Quitoriano,HOU,,TE,,,,,,,,,,,,MISSING,,HIGH,MISSING,67,"Context V1 uses pre-target weekly history, schedules.csv game lines where present, and shrinkage-adjusted defense allowed stats."
,L.Farrell,JAX,,TE,,,,,,,,,,,,MISSING,,HIGH,MISSING,67,"Context V1 uses pre-target weekly history, schedules.csv game lines where present, and shrinkage-adjusted defense allowed stats."
,Co.Heyward,PIT,,TE,,,,,,,,,,,,MISSING,,HIGH,MISSING,67,"Context V1 uses pre-target weekly history, schedules.csv game lines where present, and shrinkage-adjusted defense allowed stats."
,B.Corum,LA,,RB,,,,,,,,,,,,MISSING,,HIGH,MISSING,67,"Context V1 uses pre-target weekly history, schedules.csv game lines where present, and shrinkage-adjusted defense allowed stats."
00-0036212,T.Tagovailoa,MIA,SF,QB,,,,,,,,,,63.52,25.0,HIGH,37.0,HIGH,MISSING,79,"Context V1 uses pre-target weekly history, schedules.csv game lines where present, and shrinkage-adjusted defense allowed stats."
,J.Brooks,CAR,,RB,,,,,,,,,,,,MISSING,,HIGH,MISSING,67,"Context V1 uses pre-target weekly history, schedules.csv game lines where present, and shrinkage-adjusted defense allowed stats."
,R.Tonyan,CHI,,TE,,,,,,,,,,,,MISSING,,HIGH,MISSING,67,"Context V1 uses pre-target weekly history, schedules.csv game lines where present, and shrinkage-adjusted defense allowed stats."
,Ja.Williams,NO,,RB,,,,,,,,,,,,MISSING,,HIGH,MISSING,67,"Context V1 uses pre-target weekly history, schedules.csv game lines where present, and shrinkage-adjusted defense allowed stats."
,T.Lawrence,JAX,HOU,QB,,,,,,,,,,,,MISSING,,HIGH,MISSING,67,"Context V1 uses pre-target weekly history, schedules.csv game lines where present, and shrinkage-adjusted defense allowed stats."
,D.Allen,PHI,,WR,,,,,,,,,,,,MISSING,,HIGH,MISSING,67,"Context V1 uses pre-target weekly history, schedules.csv game lines where present, and shrinkage-adjusted defense allowed stats."
,D.Kincaid,BUF,,TE,,,,,,,,,,,,MISSING,,HIGH,MISSING,67,"Context V1 uses pre-target weekly history, schedules.csv game lines where present, and shrinkage-adjusted defense allowed stats."
,M.Mariota,WAS,DET,QB,,,,,,,,,,,,MISSING,,HIGH,MISSING,67,"Context V1 uses pre-target weekly history, schedules.csv game lines where present, and shrinkage-adjusted defense allowed stats."
,G.Calcaterra,PHI,,TE,,,,,,,,,,,,MISSING,,HIGH,MISSING,67,"Context V1 uses pre-target weekly history, schedules.csv game lines where present, and shrinkage-adjusted defense allowed stats."
,M.Alie-Cox,IND,,TE,,,,,,,,,,,,MISSING,,HIGH,MISSING,67,"Context V1 uses pre-target weekly history, schedules.csv game lines where present, and shrinkage-adjusted defense allowed stats."
,J.Dobbs,SF,ARI,QB,,,,,,,,,,,,MISSING,,HIGH,MISSING,67,"Context V1 uses pre-target weekly history, schedules.csv game lines where present, and shrinkage-adjusted defense allowed stats."
,T.Wesco,TEN,,TE,,,,,,,,,,,,MISSING,,HIGH,MISSING,67,"Context V1 uses pre-target weekly history, schedules.csv game lines where present, and shrinkage-adjusted defense allowed stats."
00-0038391,S.Clifford,GB,MIN,QB,,,,,,,,,,47.8,90.62,HIGH,35.0,LOW,MISSING,79,"Context V1 uses pre-target weekly history, schedules.csv game lines where present, and shrinkage-adjusted defense allowed stats."
,J.Wiley,KC,,TE,,,,,,,,,,,,MISSING,,HIGH,MISSING,67,"Context V1 uses pre-target weekly history, schedules.csv game lines where present, and shrinkage-adjusted defense allowed stats."
,B.Gabbert,KC,LAC,QB,,,,,,,,,,,,MISSING,,HIGH,MISSING,67,"Context V1 uses pre-target weekly history, schedules.csv game lines where present, and shrinkage-adjusted defense allowed stats."
,H.Hurst,LAC,,TE,,,,,,,,,,,,MISSING,,HIGH,MISSING,67,"Context V1 uses pre-target weekly history, schedules.csv game lines where present, and shrinkage-adjusted defense allowed stats."
,J.Sanders,CAR,,TE,,,,,,,,,,,,MISSING,,HIGH,MISSING,67,"Context V1 uses pre-target weekly history, schedules.csv game lines where present, and shrinkage-adjusted defense allowed stats."
,L.Schoonmaker,DAL,,TE,,,,,,,,,,,,MISSING,,HIGH,MISSING,67,"Context V1 uses pre-target weekly history, schedules.csv game lines where present, and shrinkage-adjusted defense allowed stats."
00-0031280,D.Carr,NO,NYG,QB,,,,,,,,,,66.04,53.12,HIGH,34.0,HIGH,MISSING,79,"Context V1 uses pre-target weekly history, schedules.csv game lines where present, and shrinkage-adjusted defense allowed stats."
,T.DeVito,NYG,BAL,QB,,,,,,,,,,,,MISSING,,HIGH,MISSING,67,"Context V1 uses pre-target weekly history, schedules.csv game lines where present, and shrinkage-adjusted defense allowed stats."
,C.Manhertz,NYG,,TE,,,,,,,,,,,,MISSING,,HIGH,MISSING,67,"Context V1 uses pre-target weekly history, schedules.csv game lines where present, and shrinkage-adjusted defense allowed stats."
,J.Horsted,LV,,TE,,,,,,,,,,,,MISSING,,HIGH,MISSING,67,"Context V1 uses pre-target weekly history, schedules.csv game lines where present, and shrinkage-adjusted defense allowed stats."
,C.Beathard,JAX,CAR,QB,,,,,,,,,,,,MISSING,,HIGH,MISSING,67,"Context V1 uses pre-target weekly history, schedules.csv game lines where present, and shrinkage-adjusted defense allowed stats."
,D.Thompson-Robinson,CLE,BAL,QB,,,,,,,,,,,,MISSING,,HIGH,MISSING,67,"Context V1 uses pre-target weekly history, schedules.csv game lines where present, and shrinkage-adjusted defense allowed stats."
,J.Mims,NO,,RB,,,,,,,,,,,,MISSING,,HIGH,MISSING,67,"Context V1 uses pre-target weekly history, schedules.csv game lines where present, and shrinkage-adjusted defense allowed stats."
,T.Lance,DAL,WAS,QB,,,,,,,,,,,,MISSING,,HIGH,MISSING,67,"Context V1 uses pre-target weekly history, schedules.csv game lines where present, and shrinkage-adjusted defense allowed stats."
,B.Whiteheart,CLE,,TE,,,,,,,,,,,,MISSING,,HIGH,MISSING,67,"Context V1 uses pre-target weekly history, schedules.csv game lines where present, and shrinkage-adjusted defense allowed stats."
,M.Jones,JAX,IND,QB,,,,,,,,,,,,MISSING,,HIGH,MISSING,67,"Context V1 uses pre-target weekly history, schedules.csv game lines where present, and shrinkage-adjusted defense allowed stats."
,M.Pruitt,PIT,,TE,,,,,,,,,,,,MISSING,,HIGH,MISSING,67,"Context V1 uses pre-target weekly history, schedules.csv game lines where present, and shrinkage-adjusted defense allowed stats."
,J.Bates,WAS,,TE,,,,,,,,,,,,MISSING,,HIGH,MISSING,67,"Context V1 uses pre-target weekly history, schedules.csv game lines where present, and shrinkage-adjusted defense allowed stats."
,J.FitzPatrick,GB,,TE,,,,,,,,,,,,MISSING,,HIGH,MISSING,67,"Context V1 uses pre-target weekly history, schedules.csv game lines where present, and shrinkage-adjusted defense allowed stats."
,B.Sims,GB,,TE,,,,,,,,,,,,MISSING,,HIGH,MISSING,67,"Context V1 uses pre-target weekly history, schedules.csv game lines where present, and shrinkage-adjusted defense allowed stats."
,C.Kolar,BAL,,TE,,,,,,,,,,,,MISSING,,HIGH,MISSING,67,"Context V1 uses pre-target weekly history, schedules.csv game lines where present, and shrinkage-adjusted defense allowed stats."
,J.Chestnut,TEN,,RB,,,,,,,,,,,,MISSING,,HIGH,MISSING,67,"Context V1 uses pre-target weekly history, schedules.csv game lines where present, and shrinkage-adjusted defense allowed stats."
,J.Hall,MIN,GB,QB,,,,,,,,,,,,MISSING,,HIGH,MISSING,67,"Context V1 uses pre-target weekly history, schedules.csv game lines where present, and shrinkage-adjusted defense allowed stats."
,D.Lock,NYG,PHI,QB,,,,,,,,,,,,MISSING,,HIGH,MISSING,67,"Context V1 uses pre-target weekly history, schedules.csv game lines where present, and shrinkage-adjusted defense allowed stats."
00-0033077,D.Prescott,DAL,ATL,QB,,,,,,,,,,77.36,28.12,HIGH,34.0,HIGH,MISSING,79,"Context V1 uses pre-target weekly history, schedules.csv game lines where present, and shrinkage-adjusted defense allowed stats."
,P.Brown,SEA,,TE,,,,,,,,,,,,MISSING,,HIGH,MISSING,67,"Context V1 uses pre-target weekly history, schedules.csv game lines where present, and shrinkage-adjusted defense allowed stats."
,J.Thrash,CLE,,WR,,,,,,,,,,,,MISSING,,HIGH,MISSING,67,"Context V1 uses pre-target weekly history, schedules.csv game lines where present, and shrinkage-adjusted defense allowed stats."
00-0039163,C.Stroud,HOU,KC,QB,,,,,,,,,,79.87,15.62,HIGH,41.0,HIGH,MISSING,79,"Context V1 uses pre-target weekly history, schedules.csv game lines where present, and shrinkage-adjusted defense allowed stats."
,J.Jefferson,DET,,RB,,,,,,,,,,,,MISSING,,HIGH,MISSING,67,"Context V1 uses pre-target weekly history, schedules.csv game lines where present, and shrinkage-adjusted defense allowed stats."
,Z.Wilson,NYJ,MIA,QB,,,,,,,,,,,,MISSING,,HIGH,MISSING,67,"Context V1 uses pre-target weekly history, schedules.csv game lines where present, and shrinkage-adjusted defense allowed stats."
,B.Jordan,HOU,,TE,,,,,,,,,,,,MISSING,,HIGH,MISSING,67,"Context V1 uses pre-target weekly history, schedules.csv game lines where present, and shrinkage-adjusted defense allowed stats."
,H.Haskins,LAC,,RB,,,,,,,,,,,,MISSING,,HIGH,MISSING,67,"Context V1 uses pre-target weekly history, schedules.csv game lines where present, and shrinkage-adjusted defense allowed stats."
,K.Yeboah,NYJ,,TE,,,,,,,,,,,,MISSING,,HIGH,MISSING,67,"Context V1 uses pre-target weekly history, schedules.csv game lines where present, and shrinkage-adjusted defense allowed stats."
,W.Shipley,PHI,,RB,,,,,,,,,,,,MISSING,,HIGH,MISSING,67,"Context V1 uses pre-target weekly history, schedules.csv game lines where present, and shrinkage-adjusted defense allowed stats."
,C.Patterson,PIT,,RB,,,,,,,,,,,,MISSING,,HIGH,MISSING,67,"Context V1 uses pre-target weekly history, schedules.csv game lines where present, and shrinkage-adjusted defense allowed stats."
,L.Cager,NYG,,TE,,,,,,,,,,,,MISSING,,HIGH,MISSING,67,"Context V1 uses pre-target weekly history, schedules.csv game lines where present, and shrinkage-adjusted defense allowed stats."
,R.Keyton,LV,,WR,,,,,,,,,,,,MISSING,,HIGH,MISSING,67,"Context V1 uses pre-target weekly history, schedules.csv game lines where present, and shrinkage-adjusted defense allowed stats."
,R.Williams,PIT,,TE,,,,,,,,,,,,MISSING,,HIGH,MISSING,67,"Context V1 uses pre-target weekly history, schedules.csv game lines where present, and shrinkage-adjusted defense allowed stats."
00-0036264,J.Love,GB,PHI,QB,,,,,,,,,,69.81,50.0,HIGH,39.0,HIGH,MISSING,79,"Context V1 uses pre-target weekly history, schedules.csv game lines where present, and shrinkage-adjusted defense allowed stats."
,M.Rudolph,TEN,HOU,QB,,,,,,,,,,,,MISSING,,HIGH,MISSING,67,"Context V1 uses pre-target weekly history, schedules.csv game lines where present, and shrinkage-adjusted defense allowed stats."
,P.Strong,CLE,,RB,,,,,,,,,,,,MISSING,,HIGH,MISSING,67,"Context V1 uses pre-target weekly history, schedules.csv game lines where present, and shrinkage-adjusted defense allowed stats."
,I.Thomas,CAR,,TE,,,,,,,,,,,,MISSING,,HIGH,MISSING,67,"Context V1 uses pre-target weekly history, schedules.csv game lines where present, and shrinkage-adjusted defense allowed stats."
,M.Gaskin,MIN,,RB,,,,,,,,,,,,MISSING,,HIGH,MISSING,67,"Context V1 uses pre-target weekly history, schedules.csv game lines where present, and shrinkage-adjusted defense allowed stats."
,J.Jackson,TEN,,WR,,,,,,,,,,,,MISSING,,HIGH,MISSING,67,"Context V1 uses pre-target weekly history, schedules.csv game lines where present, and shrinkage-adjusted defense allowed stats."
,L.Musgrave,GB,,TE,,,,,,,,,,,,MISSING,,HIGH,MISSING,67,"Context V1 uses pre-target weekly history, schedules.csv game lines where present, and shrinkage-adjusted defense allowed stats."
,R.Tannehill,TEN,JAX,QB,,,,,,,,,,,,MISSING,,HIGH,MISSING,67,"Context V1 uses pre-target weekly history, schedules.csv game lines where present, and shrinkage-adjusted defense allowed stats."
,J.Ross,PHI,,WR,,,,,,,,,,,,MISSING,,HIGH,MISSING,67,"Context V1 uses pre-target weekly history, schedules.csv game lines where present, and shrinkage-adjusted defense allowed stats."
,J.Wilson,MIA,,RB,,,,,,,,,,,,MISSING,,HIGH,MISSING,67,"Context V1 uses pre-target weekly history, schedules.csv game lines where present, and shrinkage-adjusted defense allowed stats."
,T.Kroft,MIA,,TE,,,,,,,,,,,,MISSING,,HIGH,MISSING,67,"Context V1 uses pre-target weekly history, schedules.csv game lines where present, and shrinkage-adjusted defense allowed stats."
,C.Stroud,HOU,KC,QB,,,,,,,,,,,,MISSING,,HIGH,MISSING,67,"Context V1 uses pre-target weekly history, schedules.csv game lines where present, and shrinkage-adjusted defense allowed stats."
,R.Dwelley,ATL,,TE,,,,,,,,,,,,MISSING,,HIGH,MISSING,67,"Context V1 uses pre-target weekly history, schedules.csv game lines where present, and shrinkage-adjusted defense allowed stats."
,D.Young,SEA,,WR,,,,,,,,,,,,MISSING,,HIGH,MISSING,67,"Context V1 uses pre-target weekly history, schedules.csv game lines where present, and shrinkage-adjusted defense allowed stats."
,S.McKeon,DAL,,TE,,,,,,,,,,,,MISSING,,HIGH,MISSING,67,"Context V1 uses pre-target weekly history, schedules.csv game lines where present, and shrinkage-adjusted defense allowed stats."
,D.Daniels,DET,,TE,,,,,,,,,,,,MISSING,,HIGH,MISSING,67,"Context V1 uses pre-target weekly history, schedules.csv game lines where present, and shrinkage-adjusted defense allowed stats."
,B.Rypien,LA,GB,QB,,,,,,,,,,,,MISSING,,HIGH,MISSING,67,"Context V1 uses pre-target weekly history, schedules.csv game lines where present, and shrinkage-adjusted defense allowed stats."
,J.Tonges,SF,,TE,,,,,,,,,,,,MISSING,,HIGH,MISSING,67,"Context V1 uses pre-target weekly history, schedules.csv game lines where present, and shrinkage-adjusted defense allowed stats."
,I.Charles,NYJ,,WR,,,,,,,,,,,,MISSING,,HIGH,MISSING,67,"Context V1 uses pre-target weekly history, schedules.csv game lines where present, and shrinkage-adjusted defense allowed stats."
,J.Love,GB,PHI,QB,,,,,,,,,,,,MISSING,,HIGH,MISSING,67,"Context V1 uses pre-target weekly history, schedules.csv game lines where present, and shrinkage-adjusted defense allowed stats."
00-0035282,E.Stick,LAC,KC,QB,-3.0,47.5,25.25,FAVORITE,CLOSE,HIGH,POSITIVE,POSITIVE,,79.87,15.62,HIGH,41.0,HIGH,MEDIUM,91,"Context V1 uses pre-target weekly history, schedules.csv game lines where present, and shrinkage-adjusted defense allowed stats."
,G.Ricci,CAR,,TE,,,,,,,,,,,,MISSING,,HIGH,MISSING,67,"Context V1 uses pre-target weekly history, schedules.csv game lines where present, and shrinkage-adjusted defense allowed stats."
,A.Firkser,KC,,TE,,,,,,,,,,,,MISSING,,HIGH,MISSING,67,"Context V1 uses pre-target weekly history, schedules.csv game lines where present, and shrinkage-adjusted defense allowed stats."
,S.Vaki,DET,,RB,,,,,,,,,,,,MISSING,,HIGH,MISSING,67,"Context V1 uses pre-target weekly history, schedules.csv game lines where present, and shrinkage-adjusted defense allowed stats."
,M.Boone,CAR,,RB,,,,,,,,,,,,MISSING,,HIGH,MISSING,67,"Context V1 uses pre-target weekly history, schedules.csv game lines where present, and shrinkage-adjusted defense allowed stats."
,G.Everett,CHI,,TE,,,,,,,,,,,,MISSING,,HIGH,MISSING,67,"Context V1 uses pre-target weekly history, schedules.csv game lines where present, and shrinkage-adjusted defense allowed stats."
,J.Bell,NE,,TE,,,,,,,,,,,,MISSING,,HIGH,MISSING,67,"Context V1 uses pre-target weekly history, schedules.csv game lines where present, and shrinkage-adjusted defense allowed stats."
,K.Rader,TEN,,TE,,,,,,,,,,,,MISSING,,HIGH,MISSING,67,"Context V1 uses pre-target weekly history, schedules.csv game lines where present, and shrinkage-adjusted defense allowed stats."
,T.McKitty,LAC,,TE,,,,,,,,,,,,MISSING,,HIGH,MISSING,67,"Context V1 uses pre-target weekly history, schedules.csv game lines where present, and shrinkage-adjusted defense allowed stats."
,S.Anderson,LAC,,TE,,,,,,,,,,,,MISSING,,HIGH,MISSING,67,"Context V1 uses pre-target weekly history, schedules.csv game lines where present, and shrinkage-adjusted defense allowed stats."
,J.Hill,MIA,,TE,,,,,,,,,,,,MISSING,,HIGH,MISSING,67,"Context V1 uses pre-target weekly history, schedules.csv game lines where present, and shrinkage-adjusted defense allowed stats."
,D.Ogunbowale,HOU,,RB,,,,,,,,,,,,MISSING,,HIGH,MISSING,67,"Context V1 uses pre-target weekly history, schedules.csv game lines where present, and shrinkage-adjusted defense allowed stats."
,C.Woerner,ATL,,TE,,,,,,,,,,,,MISSING,,HIGH,MISSING,67,"Context V1 uses pre-target weekly history, schedules.csv game lines where present, and shrinkage-adjusted defense allowed stats."
,B.Spann-Ford,DAL,,TE,,,,,,,,,,,,MISSING,,HIGH,MISSING,67,"Context V1 uses pre-target weekly history, schedules.csv game lines where present, and shrinkage-adjusted defense allowed stats."
,E.Tomlinson,LAC,,TE,,,,,,,,,,,,MISSING,,HIGH,MISSING,67,"Context V1 uses pre-target weekly history, schedules.csv game lines where present, and shrinkage-adjusted defense allowed stats."
,T.Siemian,NYJ,NE,QB,,,,,,,,,,,,MISSING,,HIGH,MISSING,67,"Context V1 uses pre-target weekly history, schedules.csv game lines where present, and shrinkage-adjusted defense allowed stats."
,H.Luepke,DAL,,RB,,,,,,,,,,,,MISSING,,HIGH,MISSING,67,"Context V1 uses pre-target weekly history, schedules.csv game lines where present, and shrinkage-adjusted defense allowed stats."
,D.Smythe,MIA,,TE,,,,,,,,,,,,MISSING,,HIGH,MISSING,67,"Context V1 uses pre-target weekly history, schedules.csv game lines where present, and shrinkage-adjusted defense allowed stats."
,S.Perine,KC,,RB,,,,,,,,,,,,MISSING,,HIGH,MISSING,67,"Context V1 uses pre-target weekly history, schedules.csv game lines where present, and shrinkage-adjusted defense allowed stats."
,C.Yankoff,WAS,,TE,,,,,,,,,,,,MISSING,,HIGH,MISSING,67,"Context V1 uses pre-target weekly history, schedules.csv game lines where present, and shrinkage-adjusted defense allowed stats."
,N.Peterman,CHI,LV,QB,,,,,,,,,,,,MISSING,,HIGH,MISSING,67,"Context V1 uses pre-target weekly history, schedules.csv game lines where present, and shrinkage-adjusted defense allowed stats."
,J.Shorter,LV,,TE,,,,,,,,,,,,MISSING,,HIGH,MISSING,67,"Context V1 uses pre-target weekly history, schedules.csv game lines where present, and shrinkage-adjusted defense allowed stats."
,J.Baker,NE,,WR,,,,,,,,,,,,MISSING,,HIGH,MISSING,67,"Context V1 uses pre-target weekly history, schedules.csv game lines where present, and shrinkage-adjusted defense allowed stats."
,J.Garoppolo,LA,SEA,QB,,,,,,,,,,,,MISSING,,HIGH,MISSING,67,"Context V1 uses pre-target weekly history, schedules.csv game lines where present, and shrinkage-adjusted defense allowed stats."
,C.Rush,DAL,PHI,QB,,,,,,,,,,,,MISSING,,HIGH,MISSING,67,"Context V1 uses pre-target weekly history, schedules.csv game lines where present, and shrinkage-adjusted defense allowed stats."
,D.Dallas,ARI,,RB,,,,,,,,,,,,MISSING,,HIGH,MISSING,67,"Context V1 uses pre-target weekly history, schedules.csv game lines where present, and shrinkage-adjusted defense allowed stats."
,K.Kieft,TB,,TE,,,,,,,,,,,,MISSING,,HIGH,MISSING,67,"Context V1 uses pre-target weekly history, schedules.csv game lines where present, and shrinkage-adjusted defense allowed stats."
,G.Dulcich,NYG,,TE,,,,,,,,,,,,MISSING,,HIGH,MISSING,67,"Context V1 uses pre-target weekly history, schedules.csv game lines where present, and shrinkage-adjusted defense allowed stats."
,P.Walker,CLE,DEN,QB,,,,,,,,,,,,MISSING,,HIGH,MISSING,67,"Context V1 uses pre-target weekly history, schedules.csv game lines where present, and shrinkage-adjusted defense allowed stats."
,B.Bell,KC,,TE,,,,,,,,,,,,MISSING,,HIGH,MISSING,67,"Context V1 uses pre-target weekly history, schedules.csv game lines where present, and shrinkage-adjusted defense allowed stats."
,P.Fant,DAL,,TE,,,,,,,,,,,,MISSING,,HIGH,MISSING,67,"Context V1 uses pre-target weekly history, schedules.csv game lines where present, and shrinkage-adjusted defense allowed stats."
,R.Blackshear,CAR,,RB,,,,,,,,,,,,MISSING,,HIGH,MISSING,67,"Context V1 uses pre-target weekly history, schedules.csv game lines where present, and shrinkage-adjusted defense allowed stats."
,T.Homer,CHI,,RB,,,,,,,,,,,,MISSING,,HIGH,MISSING,67,"Context V1 uses pre-target weekly history, schedules.csv game lines where present, and shrinkage-adjusted defense allowed stats."
,W.Mallory,IND,,TE,,,,,,,,,,,,MISSING,,HIGH,MISSING,67,"Context V1 uses pre-target weekly history, schedules.csv game lines where present, and shrinkage-adjusted defense allowed stats."
,V.Jones,CAR,,RB,,,,,,,,,,,,MISSING,,HIGH,MISSING,67,"Context V1 uses pre-target weekly history, schedules.csv game lines where present, and shrinkage-adjusted defense allowed stats."
,K.Cousins,ATL,LV,QB,,,,,,,,,,,,MISSING,,HIGH,MISSING,67,"Context V1 uses pre-target weekly history, schedules.csv game lines where present, and shrinkage-adjusted defense allowed stats."
,S.Howell,SEA,GB,QB,,,,,,,,,,,,MISSING,,HIGH,MISSING,67,"Context V1 uses pre-target weekly history, schedules.csv game lines where present, and shrinkage-adjusted defense allowed stats."
,J.Ward,PIT,,RB,,,,,,,,,,,,MISSING,,HIGH,MISSING,67,"Context V1 uses pre-target weekly history, schedules.csv game lines where present, and shrinkage-adjusted defense allowed stats."
,J.Polk,NE,,WR,,,,,,,,,,,,MISSING,,HIGH,MISSING,67,"Context V1 uses pre-target weekly history, schedules.csv game lines where present, and shrinkage-adjusted defense allowed stats."
,C.Keenum,HOU,CLE,QB,,,,,,,,,,,,MISSING,,HIGH,MISSING,67,"Context V1 uses pre-target weekly history, schedules.csv game lines where present, and shrinkage-adjusted defense allowed stats."
,H.Pearson,GB,,TE,,,,,,,,,,,,MISSING,,HIGH,MISSING,67,"Context V1 uses pre-target weekly history, schedules.csv game lines where present, and shrinkage-adjusted defense allowed stats."
00-0031345,J.Garoppolo,LA,SEA,QB,,,,,,,,,,71.07,65.62,HIGH,34.0,HIGH,MISSING,79,"Context V1 uses pre-target weekly history, schedules.csv game lines where present, and shrinkage-adjusted defense allowed stats."
,K.Toney,CLE,,WR,,,,,,,,,,,,MISSING,,HIGH,MISSING,67,"Context V1 uses pre-target weekly history, schedules.csv game lines where present, and shrinkage-adjusted defense allowed stats."
00-0039376,S.Rattler,NO,TB,QB,,,,,,,,,,59.75,96.88,HIGH,37.0,HIGH,MISSING,79,"Context V1 uses pre-target weekly history, schedules.csv game lines where present, and shrinkage-adjusted defense allowed stats."
,C.Schrader,LA,,RB,,,,,,,,,,,,MISSING,,HIGH,MISSING,67,"Context V1 uses pre-target weekly history, schedules.csv game lines where present, and shrinkage-adjusted defense allowed stats."
,G.Brightwell,CLE,,RB,,,,,,,,,,,,MISSING,,HIGH,MISSING,67,"Context V1 uses pre-target weekly history, schedules.csv game lines where present, and shrinkage-adjusted defense allowed stats."
,J.Stidham,DEN,KC,QB,,,,,,,,,,,,MISSING,,HIGH,MISSING,67,"Context V1 uses pre-target weekly history, schedules.csv game lines where present, and shrinkage-adjusted defense allowed stats."
,C.Uzomah,PHI,,TE,,,,,,,,,,,,MISSING,,HIGH,MISSING,67,"Context V1 uses pre-target weekly history, schedules.csv game lines where present, and shrinkage-adjusted defense allowed stats."
,J.Hasty,NE,,RB,,,,,,,,,,,,MISSING,,HIGH,MISSING,67,"Context V1 uses pre-target weekly history, schedules.csv game lines where present, and shrinkage-adjusted defense allowed stats."
,A.Shampklin,PIT,,RB,,,,,,,,,,,,MISSING,,HIGH,MISSING,67,"Context V1 uses pre-target weekly history, schedules.csv game lines where present, and shrinkage-adjusted defense allowed stats."
,Q.Morris,BUF,,TE,,,,,,,,,,,,MISSING,,HIGH,MISSING,67,"Context V1 uses pre-target weekly history, schedules.csv game lines where present, and shrinkage-adjusted defense allowed stats."
,P.Hesse,ATL,,TE,,,,,,,,,,,,MISSING,,HIGH,MISSING,67,"Context V1 uses pre-target weekly history, schedules.csv game lines where present, and shrinkage-adjusted defense allowed stats."
,D.Allen,LA,,TE,,,,,,,,,,,,MISSING,,HIGH,MISSING,67,"Context V1 uses pre-target weekly history, schedules.csv game lines where present, and shrinkage-adjusted defense allowed stats."
,T.McKee,PHI,NYG,QB,,,,,,,,,,,,MISSING,,HIGH,MISSING,67,"Context V1 uses pre-target weekly history, schedules.csv game lines where present, and shrinkage-adjusted defense allowed stats."
,J.Ross,KC,,WR,,,,,,,,,,,,MISSING,,HIGH,MISSING,67,"Context V1 uses pre-target weekly history, schedules.csv game lines where present, and shrinkage-adjusted defense allowed stats."
,E.Gray,NYG,,RB,,,,,,,,,,,,MISSING,,HIGH,MISSING,67,"Context V1 uses pre-target weekly history, schedules.csv game lines where present, and shrinkage-adjusted defense allowed stats."
,F.Franks,CAR,,TE,,,,,,,,,,,,MISSING,,HIGH,MISSING,67,"Context V1 uses pre-target weekly history, schedules.csv game lines where present, and shrinkage-adjusted defense allowed stats."
,T.Taylor,NYJ,BUF,QB,,,,,,,,,,,,MISSING,,HIGH,MISSING,67,"Context V1 uses pre-target weekly history, schedules.csv game lines where present, and shrinkage-adjusted defense allowed stats."
,M.Trubisky,BUF,DEN,QB,,,,,,,,,,,,MISSING,,HIGH,MISSING,67,"Context V1 uses pre-target weekly history, schedules.csv game lines where present, and shrinkage-adjusted defense allowed stats."
,A.Armah,WAS,,RB,,,,,,,,,,,,MISSING,,HIGH,MISSING,67,"Context V1 uses pre-target weekly history, schedules.csv game lines where present, and shrinkage-adjusted defense allowed stats."
,K.Ingram,KC,,RB,,,,,,,,,,,,MISSING,,HIGH,MISSING,67,"Context V1 uses pre-target weekly history, schedules.csv game lines where present, and shrinkage-adjusted defense allowed stats."
,M.Penix,ATL,CAR,QB,,,,,,,,,,,,MISSING,,HIGH,MISSING,67,"Context V1 uses pre-target weekly history, schedules.csv game lines where present, and shrinkage-adjusted defense allowed stats."
,D.Martin-Robinson,TEN,,TE,,,,,,,,,,,,MISSING,,HIGH,MISSING,67,"Context V1 uses pre-target weekly history, schedules.csv game lines where present, and shrinkage-adjusted defense allowed stats."
,K.Vaughn,SF,,RB,,,,,,,,,,,,MISSING,,HIGH,MISSING,67,"Context V1 uses pre-target weekly history, schedules.csv game lines where present, and shrinkage-adjusted defense allowed stats."
,J.Stoll,PHI,,TE,,,,,,,,,,,,MISSING,,HIGH,MISSING,67,"Context V1 uses pre-target weekly history, schedules.csv game lines where present, and shrinkage-adjusted defense allowed stats."
,J.Brissett,NE,LAC,QB,,,,,,,,,,,,MISSING,,HIGH,MISSING,67,"Context V1 uses pre-target weekly history, schedules.csv game lines where present, and shrinkage-adjusted defense allowed stats."
,X.Weaver,ARI,,WR,,,,,,,,,,,,MISSING,,HIGH,MISSING,67,"Context V1 uses pre-target weekly history, schedules.csv game lines where present, and shrinkage-adjusted defense allowed stats."
,K.Pickett,PHI,KC,QB,,,,,,,,,,,,MISSING,,HIGH,MISSING,67,"Context V1 uses pre-target weekly history, schedules.csv game lines where present, and shrinkage-adjusted defense allowed stats."
,J.Wayne,HOU,,WR,,,,,,,,,,,,MISSING,,HIGH,MISSING,67,"Context V1 uses pre-target weekly history, schedules.csv game lines where present, and shrinkage-adjusted defense allowed stats."
,J.Wilson,PHI,,WR,,,,,,,,,,,,MISSING,,HIGH,MISSING,67,"Context V1 uses pre-target weekly history, schedules.csv game lines where present, and shrinkage-adjusted defense allowed stats."
,D.Ridder,LV,LAC,QB,,,,,,,,,,,,MISSING,,HIGH,MISSING,67,"Context V1 uses pre-target weekly history, schedules.csv game lines where present, and shrinkage-adjusted defense allowed stats."
,E.Ezukanma,MIA,,WR,,,,,,,,,,,,MISSING,,HIGH,MISSING,67,"Context V1 uses pre-target weekly history, schedules.csv game lines where present, and shrinkage-adjusted defense allowed stats."
,Z.Davidson,BUF,,TE,,,,,,,,,,,,MISSING,,HIGH,MISSING,67,"Context V1 uses pre-target weekly history, schedules.csv game lines where present, and shrinkage-adjusted defense allowed stats."
00-0033949,J.Dobbs,SF,ARI,QB,,,,,,,,,,66.67,34.38,HIGH,34.0,HIGH,MISSING,79,"Context V1 uses pre-target weekly history, schedules.csv game lines where present, and shrinkage-adjusted defense allowed stats."
00-0039150,B.Young,CAR,ATL,QB,,,,,,,,,,77.36,28.12,HIGH,34.0,HIGH,MISSING,79,"Context V1 uses pre-target weekly history, schedules.csv game lines where present, and shrinkage-adjusted defense allowed stats."
,G.Holani,SEA,,RB,,,,,,,,,,,,MISSING,,HIGH,MISSING,67,"Context V1 uses pre-target weekly history, schedules.csv game lines where present, and shrinkage-adjusted defense allowed stats."
,S.Clifford,GB,MIN,QB,,,,,,,,,,,,MISSING,,HIGH,MISSING,67,"Context V1 uses pre-target weekly history, schedules.csv game lines where present, and shrinkage-adjusted defense allowed stats."
,B.Hoyer,LV,CHI,QB,,,,,,,,,,,,MISSING,,HIGH,MISSING,67,"Context V1 uses pre-target weekly history, schedules.csv game lines where present, and shrinkage-adjusted defense allowed stats."
,A.Okwuegbunam,PHI,,TE,,,,,,,,,,,,MISSING,,HIGH,MISSING,67,"Context V1 uses pre-target weekly history, schedules.csv game lines where present, and shrinkage-adjusted defense allowed stats."
,T.Williams,CIN,,RB,,,,,,,,,,,,MISSING,,HIGH,MISSING,67,"Context V1 uses pre-target weekly history, schedules.csv game lines where present, and shrinkage-adjusted defense allowed stats."
,T.Bagent,CHI,MIN,QB,,,,,,,,,,,,MISSING,,HIGH,MISSING,67,"Context V1 uses pre-target weekly history, schedules.csv game lines where present, and shrinkage-adjusted defense allowed stats."
,T.Kennedy,DET,,WR,,,,,,,,,,,,MISSING,,HIGH,MISSING,67,"Context V1 uses pre-target weekly history, schedules.csv game lines where present, and shrinkage-adjusted defense allowed stats."
,A.McFarland,PIT,,RB,,,,,,,,,,,,MISSING,,HIGH,MISSING,67,"Context V1 uses pre-target weekly history, schedules.csv game lines where present, and shrinkage-adjusted defense allowed stats."
,K.Trask,TB,CAR,QB,,,,,,,,,,,,MISSING,,HIGH,MISSING,67,"Context V1 uses pre-target weekly history, schedules.csv game lines where present, and shrinkage-adjusted defense allowed stats."
,B.Berrios,MIA,,WR,,,,,,,,,,,,MISSING,,HIGH,MISSING,67,"Context V1 uses pre-target weekly history, schedules.csv game lines where present, and shrinkage-adjusted defense allowed stats."
,A.McCarron,CIN,CLE,QB,,,,,,,,,,,,MISSING,,HIGH,MISSING,67,"Context V1 uses pre-target weekly history, schedules.csv game lines where present, and shrinkage-adjusted defense allowed stats."
,B.Brooks,HOU,,RB,,,,,,,,,,,,MISSING,,HIGH,MISSING,67,"Context V1 uses pre-target weekly history, schedules.csv game lines where present, and shrinkage-adjusted defense allowed stats."
,G.Minshew,LV,DEN,QB,,,,,,,,,,,,MISSING,,HIGH,MISSING,67,"Context V1 uses pre-target weekly history, schedules.csv game lines where present, and shrinkage-adjusted defense allowed stats."
,K.Nwangwu,NYJ,,RB,,,,,,,,,,,,MISSING,,HIGH,MISSING,67,"Context V1 uses pre-target weekly history, schedules.csv game lines where present, and shrinkage-adjusted defense allowed stats."
,M.Stafford,LA,PHI,QB,,,,,,,,,,,,MISSING,,HIGH,MISSING,67,"Context V1 uses pre-target weekly history, schedules.csv game lines where present, and shrinkage-adjusted defense allowed stats."
,E.Jenkins,PHI,,TE,,,,,,,,,,,,MISSING,,HIGH,MISSING,67,"Context V1 uses pre-target weekly history, schedules.csv game lines where present, and shrinkage-adjusted defense allowed stats."
,J.Fortson,KC,,TE,,,,,,,,,,,,MISSING,,HIGH,MISSING,67,"Context V1 uses pre-target weekly history, schedules.csv game lines where present, and shrinkage-adjusted defense allowed stats."
,C.Collier,LV,,RB,,,,,,,,,,,,MISSING,,HIGH,MISSING,67,"Context V1 uses pre-target weekly history, schedules.csv game lines where present, and shrinkage-adjusted defense allowed stats."
,K.Johnson,TB,,WR,,,,,,,,,,,,MISSING,,HIGH,MISSING,67,"Context V1 uses pre-target weekly history, schedules.csv game lines where present, and shrinkage-adjusted defense allowed stats."
,C.Wentz,KC,DEN,QB,,,,,,,,,,,,MISSING,,HIGH,MISSING,67,"Context V1 uses pre-target weekly history, schedules.csv game lines where present, and shrinkage-adjusted defense allowed stats."
,S.Moore,KC,,WR,,,,,,,,,,,,MISSING,,HIGH,MISSING,67,"Context V1 uses pre-target weekly history, schedules.csv game lines where present, and shrinkage-adjusted defense allowed stats."
,A.Beck,HOU,,RB,,,,,,,,,,,,MISSING,,HIGH,MISSING,67,"Context V1 uses pre-target weekly history, schedules.csv game lines where present, and shrinkage-adjusted defense allowed stats."
,D.Laube,LV,,RB,,,,,,,,,,,,MISSING,,HIGH,MISSING,67,"Context V1 uses pre-target weekly history, schedules.csv game lines where present, and shrinkage-adjusted defense allowed stats."
,A.O'Connell,LV,LAC,QB,,,,,,,,,,,,MISSING,,HIGH,MISSING,67,"Context V1 uses pre-target weekly history, schedules.csv game lines where present, and shrinkage-adjusted defense allowed stats."
,J.Johnson,NYG,,RB,,,,,,,,,,,,MISSING,,HIGH,MISSING,67,"Context V1 uses pre-target weekly history, schedules.csv game lines where present, and shrinkage-adjusted defense allowed stats."
,T.Heinicke,LAC,NE,QB,,,,,,,,,,,,MISSING,,HIGH,MISSING,67,"Context V1 uses pre-target weekly history, schedules.csv game lines where present, and shrinkage-adjusted defense allowed stats."
,M.Ibrahim,DET,,RB,,,,,,,,,,,,MISSING,,HIGH,MISSING,67,"Context V1 uses pre-target weekly history, schedules.csv game lines where present, and shrinkage-adjusted defense allowed stats."
,J.Browning,CIN,CLE,QB,,,,,,,,,,,,MISSING,,HIGH,MISSING,67,"Context V1 uses pre-target weekly history, schedules.csv game lines where present, and shrinkage-adjusted defense allowed stats."
,K.Robinson,JAX,,RB,,,,,,,,,,,,MISSING,,HIGH,MISSING,67,"Context V1 uses pre-target weekly history, schedules.csv game lines where present, and shrinkage-adjusted defense allowed stats."
,G.Igwebuike,PIT,,RB,,,,,,,,,,,,MISSING,,HIGH,MISSING,67,"Context V1 uses pre-target weekly history, schedules.csv game lines where present, and shrinkage-adjusted defense allowed stats."
,S.Sullivan,CAR,,TE,,,,,,,,,,,,MISSING,,HIGH,MISSING,67,"Context V1 uses pre-target weekly history, schedules.csv game lines where present, and shrinkage-adjusted defense allowed stats."
,T.Hairston,HOU,,RB,,,,,,,,,,,,MISSING,,HIGH,MISSING,67,"Context V1 uses pre-target weekly history, schedules.csv game lines where present, and shrinkage-adjusted defense allowed stats."
,D.Miller,NYG,,RB,,,,,,,,,,,,MISSING,,HIGH,MISSING,67,"Context V1 uses pre-target weekly history, schedules.csv game lines where present, and shrinkage-adjusted defense allowed stats."
,D.Williams,TB,,RB,,,,,,,,,,,,MISSING,,HIGH,MISSING,67,"Context V1 uses pre-target weekly history, schedules.csv game lines where present, and shrinkage-adjusted defense allowed stats."
,M.Davis,DAL,,RB,,,,,,,,,,,,MISSING,,HIGH,MISSING,67,"Context V1 uses pre-target weekly history, schedules.csv game lines where present, and shrinkage-adjusted defense allowed stats."
,H.Hooker,DET,JAX,QB,,,,,,,,,,,,MISSING,,HIGH,MISSING,67,"Context V1 uses pre-target weekly history, schedules.csv game lines where present, and shrinkage-adjusted defense allowed stats."
,D.Washington,DEN,,RB,,,,,,,,,,,,MISSING,,HIGH,MISSING,67,"Context V1 uses pre-target weekly history, schedules.csv game lines where present, and shrinkage-adjusted defense allowed stats."
,B.Bates,CLE,,TE,,,,,,,,,,,,MISSING,,HIGH,MISSING,67,"Context V1 uses pre-target weekly history, schedules.csv game lines where present, and shrinkage-adjusted defense allowed stats."
,B.Willis,SF,,TE,,,,,,,,,,,,MISSING,,HIGH,MISSING,67,"Context V1 uses pre-target weekly history, schedules.csv game lines where present, and shrinkage-adjusted defense allowed stats."
,A.Prentice,NO,,RB,,,,,,,,,,,,MISSING,,HIGH,MISSING,67,"Context V1 uses pre-target weekly history, schedules.csv game lines where present, and shrinkage-adjusted defense allowed stats."
,J.Winston,CLE,KC,QB,,,,,,,,,,,,MISSING,,HIGH,MISSING,67,"Context V1 uses pre-target weekly history, schedules.csv game lines where present, and shrinkage-adjusted defense allowed stats."
,A.Rodgers,NYJ,MIA,QB,,,,,,,,,,,,MISSING,,HIGH,MISSING,67,"Context V1 uses pre-target weekly history, schedules.csv game lines where present, and shrinkage-adjusted defense allowed stats."
,C.Oladokun,KC,DEN,QB,,,,,,,,,,,,MISSING,,HIGH,MISSING,67,"Context V1 uses pre-target weekly history, schedules.csv game lines where present, and shrinkage-adjusted defense allowed stats."
,K.Juszczyk,SF,,FB,,,,,,,,,,,,MISSING,,HIGH,MISSING,67,"Context V1 uses pre-target weekly history, schedules.csv game lines where present, and shrinkage-adjusted defense allowed stats."
,J.Johnson,BAL,HOU,QB,,,,,,,,,,,,MISSING,,HIGH,MISSING,67,"Context V1 uses pre-target weekly history, schedules.csv game lines where present, and shrinkage-adjusted defense allowed stats."
,B.Zappe,CLE,BAL,QB,,,,,,,,,,,,MISSING,,HIGH,MISSING,67,"Context V1 uses pre-target weekly history, schedules.csv game lines where present, and shrinkage-adjusted defense allowed stats."
,B.VanSumeren,PHI,,RB,,,,,,,,,,,,MISSING,,HIGH,MISSING,67,"Context V1 uses pre-target weekly history, schedules.csv game lines where present, and shrinkage-adjusted defense allowed stats."
,J.Haener,NO,WAS,QB,,,,,,,,,,,,MISSING,,HIGH,MISSING,67,"Context V1 uses pre-target weekly history, schedules.csv game lines where present, and shrinkage-adjusted defense allowed stats."
,C.Ham,MIN,,FB,,,,,,,,,,,,MISSING,,HIGH,MISSING,67,"Context V1 uses pre-target weekly history, schedules.csv game lines where present, and shrinkage-adjusted defense allowed stats."
,T.Boyle,NYG,BAL,QB,,,,,,,,,,,,MISSING,,HIGH,MISSING,67,"Context V1 uses pre-target weekly history, schedules.csv game lines where present, and shrinkage-adjusted defense allowed stats."
,S.Thompson,MIA,SEA,QB,,,,,,,,,,,,MISSING,,HIGH,MISSING,67,"Context V1 uses pre-target weekly history, schedules.csv game lines where present, and shrinkage-adjusted defense allowed stats."
,D.Mills,HOU,TEN,QB,,,,,,,,,,,,MISSING,,HIGH,MISSING,67,"Context V1 uses pre-target weekly history, schedules.csv game lines where present, and shrinkage-adjusted defense allowed stats."
,A.Ingold,MIA,,FB,,,,,,,,,,,,MISSING,,HIGH,MISSING,67,"Context V1 uses pre-target weekly history, schedules.csv game lines where present, and shrinkage-adjusted defense allowed stats."
,K.Allen,PIT,DAL,QB,,,,,,,,,,,,MISSING,,HIGH,MISSING,67,"Context V1 uses pre-target weekly history, schedules.csv game lines where present, and shrinkage-adjusted defense allowed stats."
,A.Williams,ATL,,RB,,,,,,,,,,,,MISSING,,HIGH,MISSING,67,"Context V1 uses pre-target weekly history, schedules.csv game lines where present, and shrinkage-adjusted defense allowed stats."
,B.Allen,SF,CHI,QB,,,,,,,,,,,,MISSING,,HIGH,MISSING,67,"Context V1 uses pre-target weekly history, schedules.csv game lines where present, and shrinkage-adjusted defense allowed stats."
,M.Burton,DEN,,FB,,,,,,,,,,,,MISSING,,HIGH,MISSING,67,"Context V1 uses pre-target weekly history, schedules.csv game lines where present, and shrinkage-adjusted defense allowed stats."
,J.Kelly,BAL,,RB,,,,,,,,,,,,MISSING,,HIGH,MISSING,67,"Context V1 uses pre-target weekly history, schedules.csv game lines where present, and shrinkage-adjusted defense allowed stats."
,M.White,BUF,NE,QB,,,,,,,,,,,,MISSING,,HIGH,MISSING,67,"Context V1 uses pre-target weekly history, schedules.csv game lines where present, and shrinkage-adjusted defense allowed stats."
,J.Cabinda,DET,,FB,,,,,,,,,,,,MISSING,,HIGH,MISSING,67,"Context V1 uses pre-target weekly history, schedules.csv game lines where present, and shrinkage-adjusted defense allowed stats."
,J.Matthews,CAR,,TE,,,,,,,,,,,,MISSING,,HIGH,MISSING,67,"Context V1 uses pre-target weekly history, schedules.csv game lines where present, and shrinkage-adjusted defense allowed stats."
,T.Bridgewater,DET,WAS,QB,,,,,,,,,,,,MISSING,,HIGH,MISSING,67,"Context V1 uses pre-target weekly history, schedules.csv game lines where present, and shrinkage-adjusted defense allowed stats."
,K.Smith,ATL,,FB,,,,,,,,,,,,MISSING,,HIGH,MISSING,67,"Context V1 uses pre-target weekly history, schedules.csv game lines where present, and shrinkage-adjusted defense allowed stats."
,B.Cupp,KC,,TE,,,,,,,,,,,,MISSING,,HIGH,MISSING,67,"Context V1 uses pre-target weekly history, schedules.csv game lines where present, and shrinkage-adjusted defense allowed stats."
,C.Tune,ARI,SF,QB,,,,,,,,,,,,MISSING,,HIGH,MISSING,67,"Context V1 uses pre-target weekly history, schedules.csv game lines where present, and shrinkage-adjusted defense allowed stats."
,P.Ricard,BAL,,FB,,,,,,,,,,,,MISSING,,HIGH,MISSING,67,"Context V1 uses pre-target weekly history, schedules.csv game lines where present, and shrinkage-adjusted defense allowed stats."
,R.Gilliam,BUF,,FB,,,,,,,,,,,,MISSING,,HIGH,MISSING,67,"Context V1 uses pre-target weekly history, schedules.csv game lines where present, and shrinkage-adjusted defense allowed stats."
,K.Blasingame,PHI,,FB,,,,,,,,,,,,MISSING,,HIGH,MISSING,67,"Context V1 uses pre-target weekly history, schedules.csv game lines where present, and shrinkage-adjusted defense allowed stats."
