player_id,player_name,team,opponent,position,market_family,receptions_projection,receiving_yards_projection,rushing_yards_projection,carries_projection,pass_attempts_projection,completions_projection,passing_yards_projection,overall_signal_score,signal_tier,recommended_user_action,projection_score,usage_foundation_score,recent_form_score,opponent_fit_score,game_script_score,role_availability_score,volatility_score,data_quality_score,signal_explanation,top_positive_driver_1,top_negative_driver_1
,S.Barkley,PHI,,RB,receiving,1.387257441506324,12.275837977529564,96.84987306664549,11.597620949372056,,,,76.1,STRONG_SIGNAL,STRONG_SIGNAL,100.0,66.67,50.07,,,35,55,65.7,STRONG_SIGNAL at 76.1. Main support: projection strength: 100.0; usage foundation: 66.7. Main caution: role and availability context: 35.0; missing signal count: 5.,projection strength: 100.0,role and availability context: 35.0
,S.Barkley,PHI,,RB,rushing,1.387257441506324,12.275837977529564,96.84987306664549,11.597620949372056,,,,76.1,STRONG_SIGNAL,STRONG_SIGNAL,100.0,66.67,50.07,,,35,55,65.7,STRONG_SIGNAL at 76.1. Main support: projection strength: 100.0; usage foundation: 66.7. Main caution: role and availability context: 35.0; missing signal count: 5.,projection strength: 100.0,role and availability context: 35.0
,J.Chase,CIN,,WR,receiving,5.27720654112724,63.527630601869646,,,,,,76.1,STRONG_SIGNAL,STRONG_SIGNAL,100.0,66.67,50.07,,,35,55,65.7,STRONG_SIGNAL at 76.1. Main support: projection strength: 100.0; usage foundation: 66.7. Main caution: role and availability context: 35.0; missing signal count: 5.,projection strength: 100.0,role and availability context: 35.0
,J.Taylor,IND,,RB,receiving,0.872258025015257,7.774105051191873,85.87558910562794,14.714235572200463,,,,76.1,STRONG_SIGNAL,STRONG_SIGNAL,100.0,66.67,50.07,,,35,55,65.7,STRONG_SIGNAL at 76.1. Main support: projection strength: 100.0; usage foundation: 66.7. Main caution: role and availability context: 35.0; missing signal count: 5.,projection strength: 100.0,role and availability context: 35.0
,J.Taylor,IND,,RB,rushing,0.872258025015257,7.774105051191873,85.87558910562794,14.714235572200463,,,,76.1,STRONG_SIGNAL,STRONG_SIGNAL,100.0,66.67,50.07,,,35,55,65.7,STRONG_SIGNAL at 76.1. Main support: projection strength: 100.0; usage foundation: 66.7. Main caution: role and availability context: 35.0; missing signal count: 5.,projection strength: 100.0,role and availability context: 35.0
,K.Murray,ARI,SF,QB,rushing,,,24.74752719502078,2.28815918004479,32.49919987521579,21.465659706411053,,76.1,STRONG_SIGNAL,STRONG_SIGNAL,100.0,66.67,50.07,,,35,55,65.7,STRONG_SIGNAL at 76.1. Main support: projection strength: 100.0; usage foundation: 66.7. Main caution: role and availability context: 35.0; missing signal count: 5.,projection strength: 100.0,role and availability context: 35.0
,K.Murray,ARI,SF,QB,passing,,,24.74752719502078,2.28815918004479,32.49919987521579,21.465659706411053,,76.1,STRONG_SIGNAL,STRONG_SIGNAL,100.0,66.67,50.07,,,35,55,65.7,STRONG_SIGNAL at 76.1. Main support: projection strength: 100.0; usage foundation: 66.7. Main caution: role and availability context: 35.0; missing signal count: 5.,projection strength: 100.0,role and availability context: 35.0
,P.Nacua,LA,,WR,receiving,5.176884536794578,61.22063283909125,,,,,,76.03,STRONG_SIGNAL,STRONG_SIGNAL,99.84,66.67,50.07,,,35,55,65.7,STRONG_SIGNAL at 76.0. Main support: projection strength: 99.8; usage foundation: 66.7. Main caution: role and availability context: 35.0; missing signal count: 5.,projection strength: 99.8,role and availability context: 35.0
,T.Higgins,CIN,,WR,receiving,4.678326076218257,55.07792274523823,,,,,,75.96,STRONG_SIGNAL,STRONG_SIGNAL,99.69,66.67,50.07,,,35,55,65.7,STRONG_SIGNAL at 76.0. Main support: projection strength: 99.7; usage foundation: 66.7. Main caution: role and availability context: 35.0; missing signal count: 5.,projection strength: 99.7,role and availability context: 35.0
,B.Thomas,JAX,,WR,receiving,4.643276467211669,59.96806986613655,,,,,,75.95,STRONG_SIGNAL,STRONG_SIGNAL,99.67,66.67,50.07,,,35,55,65.7,STRONG_SIGNAL at 76.0. Main support: projection strength: 99.7; usage foundation: 66.7. Main caution: role and availability context: 35.0; missing signal count: 5.,projection strength: 99.7,role and availability context: 35.0
,D.Henry,BAL,,RB,receiving,0.853633146159767,8.963435255923926,89.29835670086044,14.70748572420501,,,,75.94,STRONG_SIGNAL,STRONG_SIGNAL,99.63,66.67,50.07,,,35,55,65.7,STRONG_SIGNAL at 75.9. Main support: projection strength: 99.6; usage foundation: 66.7. Main caution: role and availability context: 35.0; missing signal count: 5.,projection strength: 99.6,role and availability context: 35.0
,D.Henry,BAL,,RB,rushing,0.853633146159767,8.963435255923926,89.29835670086044,14.70748572420501,,,,75.94,STRONG_SIGNAL,STRONG_SIGNAL,99.63,66.67,50.07,,,35,55,65.7,STRONG_SIGNAL at 75.9. Main support: projection strength: 99.6; usage foundation: 66.7. Main caution: role and availability context: 35.0; missing signal count: 5.,projection strength: 99.6,role and availability context: 35.0
,J.Jefferson,MIN,,WR,receiving,4.606112699507349,59.82575835858695,,,,,,75.88,STRONG_SIGNAL,STRONG_SIGNAL,99.51,66.67,50.07,,,35,55,65.7,STRONG_SIGNAL at 75.9. Main support: projection strength: 99.5; usage foundation: 66.7. Main caution: role and availability context: 35.0; missing signal count: 5.,projection strength: 99.5,role and availability context: 35.0
,J.Jeudy,CLE,,WR,receiving,4.637735465224698,57.01349086518891,,,,,,75.83,STRONG_SIGNAL,STRONG_SIGNAL,99.38,66.67,50.07,,,35,55,65.7,STRONG_SIGNAL at 75.8. Main support: projection strength: 99.4; usage foundation: 66.7. Main caution: role and availability context: 35.0; missing signal count: 5.,projection strength: 99.4,role and availability context: 35.0
,B.Robinson,ATL,,RB,receiving,1.316227646115384,11.357287765002628,72.12970822132897,14.253459230476937,,,,75.74,STRONG_SIGNAL,STRONG_SIGNAL,99.18,66.67,50.07,,,35,55,65.7,STRONG_SIGNAL at 75.7. Main support: projection strength: 99.2; usage foundation: 66.7. Main caution: role and availability context: 35.0; missing signal count: 5.,projection strength: 99.2,role and availability context: 35.0
,B.Robinson,ATL,,RB,rushing,1.316227646115384,11.357287765002628,72.12970822132897,14.253459230476937,,,,75.74,STRONG_SIGNAL,STRONG_SIGNAL,99.18,66.67,50.07,,,35,55,65.7,STRONG_SIGNAL at 75.7. Main support: projection strength: 99.2; usage foundation: 66.7. Main caution: role and availability context: 35.0; missing signal count: 5.,projection strength: 99.2,role and availability context: 35.0
,L.McConkey,LAC,,WR,receiving,4.264222073634005,55.21476608866266,,,,,,75.74,STRONG_SIGNAL,STRONG_SIGNAL,99.18,66.67,50.07,,,35,55,65.7,STRONG_SIGNAL at 75.7. Main support: projection strength: 99.2; usage foundation: 66.7. Main caution: role and availability context: 35.0; missing signal count: 5.,projection strength: 99.2,role and availability context: 35.0
,A.St. Brown,DET,,WR,receiving,4.437743951508125,53.322559832526856,,,,,,75.69,STRONG_SIGNAL,STRONG_SIGNAL,99.06,66.67,50.07,,,35,55,65.7,STRONG_SIGNAL at 75.7. Main support: projection strength: 99.1; usage foundation: 66.7. Main caution: role and availability context: 35.0; missing signal count: 5.,projection strength: 99.1,role and availability context: 35.0
,D.Moore,CHI,,WR,receiving,4.365922746194562,49.38647295358126,,,,,,75.62,STRONG_SIGNAL,STRONG_SIGNAL,98.91,66.67,50.07,,,35,55,65.7,STRONG_SIGNAL at 75.6. Main support: projection strength: 98.9; usage foundation: 66.7. Main caution: role and availability context: 35.0; missing signal count: 5.,projection strength: 98.9,role and availability context: 35.0
,K.Williams,LA,,RB,receiving,1.4826477710892152,10.635705427079422,76.13318386342063,5.335681533737034,,,,75.61,STRONG_SIGNAL,STRONG_SIGNAL,98.88,66.67,50.07,,,35,55,65.7,STRONG_SIGNAL at 75.6. Main support: projection strength: 98.9; usage foundation: 66.7. Main caution: role and availability context: 35.0; missing signal count: 5.,projection strength: 98.9,role and availability context: 35.0
,K.Williams,LA,,RB,rushing,1.4826477710892152,10.635705427079422,76.13318386342063,5.335681533737034,,,,75.61,STRONG_SIGNAL,STRONG_SIGNAL,98.88,66.67,50.07,,,35,55,65.7,STRONG_SIGNAL at 75.6. Main support: projection strength: 98.9; usage foundation: 66.7. Main caution: role and availability context: 35.0; missing signal count: 5.,projection strength: 98.9,role and availability context: 35.0
,T.Shavers,BUF,,WR,receiving,2.2643188594511177,54.22423265330352,,,,,,75.6,STRONG_SIGNAL,STRONG_SIGNAL,98.85,66.67,50.07,,,35,55,65.7,STRONG_SIGNAL at 75.6. Main support: projection strength: 98.8; usage foundation: 66.7. Main caution: role and availability context: 35.0; missing signal count: 5.,projection strength: 98.8,role and availability context: 35.0
,D.Adams,NYJ,,WR,receiving,4.255672653092286,53.007491833515786,,,,,,75.48,STRONG_SIGNAL,STRONG_SIGNAL,98.59,66.67,50.07,,,35,55,65.7,STRONG_SIGNAL at 75.5. Main support: projection strength: 98.6; usage foundation: 66.7. Main caution: role and availability context: 35.0; missing signal count: 5.,projection strength: 98.6,role and availability context: 35.0
,T.McLaurin,WAS,,WR,receiving,4.224984020211031,51.75990911384698,,,,,,75.42,STRONG_SIGNAL,STRONG_SIGNAL,98.44,66.67,50.07,,,35,55,65.7,STRONG_SIGNAL at 75.4. Main support: projection strength: 98.4; usage foundation: 66.7. Main caution: role and availability context: 35.0; missing signal count: 5.,projection strength: 98.4,role and availability context: 35.0
,Ja.Williams,DET,,WR,receiving,3.2876504129669515,52.54520537492522,,,,,,75.38,STRONG_SIGNAL,STRONG_SIGNAL,98.36,66.67,50.07,,,35,55,65.7,STRONG_SIGNAL at 75.4. Main support: projection strength: 98.4; usage foundation: 66.7. Main caution: role and availability context: 35.0; missing signal count: 5.,projection strength: 98.4,role and availability context: 35.0
,J.Mixon,HOU,,RB,receiving,1.129173157633951,10.668431682509429,67.86122304953706,9.958632501037004,,,,75.38,STRONG_SIGNAL,STRONG_SIGNAL,98.36,66.67,50.07,,,35,55,65.7,STRONG_SIGNAL at 75.4. Main support: projection strength: 98.4; usage foundation: 66.7. Main caution: role and availability context: 35.0; missing signal count: 5.,projection strength: 98.4,role and availability context: 35.0
,J.Mixon,HOU,,RB,rushing,1.129173157633951,10.668431682509429,67.86122304953706,9.958632501037004,,,,75.38,STRONG_SIGNAL,STRONG_SIGNAL,98.36,66.67,50.07,,,35,55,65.7,STRONG_SIGNAL at 75.4. Main support: projection strength: 98.4; usage foundation: 66.7. Main caution: role and availability context: 35.0; missing signal count: 5.,projection strength: 98.4,role and availability context: 35.0
00-0034855,B.Mayfield,TB,WAS,QB,passing,,,,,,,216.945150159937,75.36,STRONG_SIGNAL,STRONG_SIGNAL,96.3,33.33,99.34,68.52,,35,55,79.0,STRONG_SIGNAL at 75.4. Main support: recent form: 99.3; projection strength: 96.3. Main caution: usage foundation: 33.3; role and availability context: 35.0.,recent form: 99.3,usage foundation: 33.3
,D.Bell,CLE,,WR,receiving,4.151085424530824,43.60161913549275,,,,,,75.35,STRONG_SIGNAL,STRONG_SIGNAL,98.28,66.67,50.07,,,35,55,65.7,STRONG_SIGNAL at 75.3. Main support: projection strength: 98.3; usage foundation: 66.7. Main caution: role and availability context: 35.0; missing signal count: 5.,projection strength: 98.3,role and availability context: 35.0
,J.Jennings,SF,,WR,receiving,4.117754558138258,52.41403014396274,,,,,,75.31,STRONG_SIGNAL,STRONG_SIGNAL,98.2,66.67,50.07,,,35,55,65.7,STRONG_SIGNAL at 75.3. Main support: projection strength: 98.2; usage foundation: 66.7. Main caution: role and availability context: 35.0; missing signal count: 5.,projection strength: 98.2,role and availability context: 35.0
,J.Jacobs,GB,,RB,receiving,1.200644169911691,12.449262244113166,69.692593594386,7.395037398519733,,,,75.28,STRONG_SIGNAL,STRONG_SIGNAL,98.13,66.67,50.07,,,35,55,65.7,STRONG_SIGNAL at 75.3. Main support: projection strength: 98.1; usage foundation: 66.7. Main caution: role and availability context: 35.0; missing signal count: 5.,projection strength: 98.1,role and availability context: 35.0
,J.Jacobs,GB,,RB,rushing,1.200644169911691,12.449262244113166,69.692593594386,7.395037398519733,,,,75.28,STRONG_SIGNAL,STRONG_SIGNAL,98.13,66.67,50.07,,,35,55,65.7,STRONG_SIGNAL at 75.3. Main support: projection strength: 98.1; usage foundation: 66.7. Main caution: role and availability context: 35.0; missing signal count: 5.,projection strength: 98.1,role and availability context: 35.0
,M.Evans,TB,,WR,receiving,4.114159134071059,51.191984280767855,,,,,,75.21,STRONG_SIGNAL,STRONG_SIGNAL,97.97,66.67,50.07,,,35,55,65.7,STRONG_SIGNAL at 75.2. Main support: projection strength: 98.0; usage foundation: 66.7. Main caution: role and availability context: 35.0; missing signal count: 5.,projection strength: 98.0,role and availability context: 35.0
,T.Pollard,TEN,,RB,receiving,1.0045870587744048,7.493128150666385,59.43814206292419,9.934639469149408,,,,75.2,STRONG_SIGNAL,STRONG_SIGNAL,97.95,66.67,50.07,,,35,55,65.7,STRONG_SIGNAL at 75.2. Main support: projection strength: 98.0; usage foundation: 66.7. Main caution: role and availability context: 35.0; missing signal count: 5.,projection strength: 98.0,role and availability context: 35.0
,T.Pollard,TEN,,RB,rushing,1.0045870587744048,7.493128150666385,59.43814206292419,9.934639469149408,,,,75.2,STRONG_SIGNAL,STRONG_SIGNAL,97.95,66.67,50.07,,,35,55,65.7,STRONG_SIGNAL at 75.2. Main support: projection strength: 98.0; usage foundation: 66.7. Main caution: role and availability context: 35.0; missing signal count: 5.,projection strength: 98.0,role and availability context: 35.0
,N.Collins,HOU,,WR,receiving,3.4655037579844,51.36961446257547,,,,,,75.17,STRONG_SIGNAL,STRONG_SIGNAL,97.87,66.67,50.07,,,35,55,65.7,STRONG_SIGNAL at 75.2. Main support: projection strength: 97.9; usage foundation: 66.7. Main caution: role and availability context: 35.0; missing signal count: 5.,projection strength: 97.9,role and availability context: 35.0
,M.Nabers,NYG,,WR,receiving,4.059343309199105,47.31450216331351,,,,,,75.14,STRONG_SIGNAL,STRONG_SIGNAL,97.81,66.67,50.07,,,35,55,65.7,STRONG_SIGNAL at 75.1. Main support: projection strength: 97.8; usage foundation: 66.7. Main caution: role and availability context: 35.0; missing signal count: 5.,projection strength: 97.8,role and availability context: 35.0
,J.Gibbs,DET,,RB,receiving,2.1787404158944845,18.903761407201777,69.53462764660152,6.177847928971912,,,,75.12,STRONG_SIGNAL,STRONG_SIGNAL,97.76,66.67,50.07,,,35,55,65.7,STRONG_SIGNAL at 75.1. Main support: projection strength: 97.8; usage foundation: 66.7. Main caution: role and availability context: 35.0; missing signal count: 5.,projection strength: 97.8,role and availability context: 35.0
,J.Gibbs,DET,,RB,rushing,2.1787404158944845,18.903761407201777,69.53462764660152,6.177847928971912,,,,75.12,STRONG_SIGNAL,STRONG_SIGNAL,97.76,66.67,50.07,,,35,55,65.7,STRONG_SIGNAL at 75.1. Main support: projection strength: 97.8; usage foundation: 66.7. Main caution: role and availability context: 35.0; missing signal count: 5.,projection strength: 97.8,role and availability context: 35.0
,J.Smith-Njigba,SEA,,WR,receiving,4.03912270111702,47.33157115224156,,,,,,75.08,STRONG_SIGNAL,STRONG_SIGNAL,97.66,66.67,50.07,,,35,55,65.7,STRONG_SIGNAL at 75.1. Main support: projection strength: 97.7; usage foundation: 66.7. Main caution: role and availability context: 35.0; missing signal count: 5.,projection strength: 97.7,role and availability context: 35.0
,R.Dowdle,DAL,,RB,receiving,1.0851278547673535,8.790320539036735,53.396619306822274,9.510990683979092,,,,75.02,STRONG_SIGNAL,STRONG_SIGNAL,97.54,66.67,50.07,,,35,55,65.7,STRONG_SIGNAL at 75.0. Main support: projection strength: 97.5; usage foundation: 66.7. Main caution: role and availability context: 35.0; missing signal count: 5.,projection strength: 97.5,role and availability context: 35.0
,R.Dowdle,DAL,,RB,rushing,1.0851278547673535,8.790320539036735,53.396619306822274,9.510990683979092,,,,75.02,STRONG_SIGNAL,STRONG_SIGNAL,97.54,66.67,50.07,,,35,55,65.7,STRONG_SIGNAL at 75.0. Main support: projection strength: 97.5; usage foundation: 66.7. Main caution: role and availability context: 35.0; missing signal count: 5.,projection strength: 97.5,role and availability context: 35.0
,B.Aiyuk,SF,,WR,receiving,3.3601222934759205,50.60863510469353,,,,,,75.02,STRONG_SIGNAL,STRONG_SIGNAL,97.54,66.67,50.07,,,35,55,65.7,STRONG_SIGNAL at 75.0. Main support: projection strength: 97.5; usage foundation: 66.7. Main caution: role and availability context: 35.0; missing signal count: 5.,projection strength: 97.5,role and availability context: 35.0
,J.Meyers,LV,,WR,receiving,3.900924662551004,47.24775860148862,,,,,,75.01,STRONG_SIGNAL,STRONG_SIGNAL,97.5,66.67,50.07,,,35,55,65.7,STRONG_SIGNAL at 75.0. Main support: projection strength: 97.5; usage foundation: 66.7. Main caution: role and availability context: 35.0; missing signal count: 5.,projection strength: 97.5,role and availability context: 35.0
,J.Addison,MIN,,WR,receiving,3.74291343637547,49.84667597487271,,,,,,74.95,STRONG_SIGNAL,STRONG_SIGNAL,97.38,66.67,50.07,,,35,55,65.7,STRONG_SIGNAL at 75.0. Main support: projection strength: 97.4; usage foundation: 66.7. Main caution: role and availability context: 35.0; missing signal count: 5.,projection strength: 97.4,role and availability context: 35.0
,S.Diggs,HOU,,WR,receiving,3.88928212618192,44.18150987212473,,,,,,74.94,STRONG_SIGNAL,STRONG_SIGNAL,97.34,66.67,50.07,,,35,55,65.7,STRONG_SIGNAL at 74.9. Main support: projection strength: 97.3; usage foundation: 66.7. Main caution: role and availability context: 35.0; missing signal count: 5.,projection strength: 97.3,role and availability context: 35.0
,C.Williams,CHI,GB,QB,rushing,,,25.75424542269534,2.867948587606745,30.41695015325381,18.4865441378234,,74.92,STRONG_SIGNAL,STRONG_SIGNAL,97.3,66.67,50.07,,,35,55,65.7,STRONG_SIGNAL at 74.9. Main support: projection strength: 97.3; usage foundation: 66.7. Main caution: role and availability context: 35.0; missing signal count: 5.,projection strength: 97.3,role and availability context: 35.0
,C.Williams,CHI,GB,QB,passing,,,25.75424542269534,2.867948587606745,30.41695015325381,18.4865441378234,,74.92,STRONG_SIGNAL,STRONG_SIGNAL,97.3,66.67,50.07,,,35,55,65.7,STRONG_SIGNAL at 74.9. Main support: projection strength: 97.3; usage foundation: 66.7. Main caution: role and availability context: 35.0; missing signal count: 5.,projection strength: 97.3,role and availability context: 35.0
,W.Robinson,NYG,,WR,receiving,3.860322728810054,32.1056895907056,,,,,,74.87,STRONG_SIGNAL,STRONG_SIGNAL,97.19,66.67,50.07,,,35,55,65.7,STRONG_SIGNAL at 74.9. Main support: projection strength: 97.2; usage foundation: 66.7. Main caution: role and availability context: 35.0; missing signal count: 5.,projection strength: 97.2,role and availability context: 35.0
,B.Irving,TB,,RB,receiving,1.539463684615087,13.04197461549636,57.32188876290047,8.649815168553095,,,,74.84,STRONG_SIGNAL,STRONG_SIGNAL,97.13,66.67,50.07,,,35,55,65.7,STRONG_SIGNAL at 74.8. Main support: projection strength: 97.1; usage foundation: 66.7. Main caution: role and availability context: 35.0; missing signal count: 5.,projection strength: 97.1,role and availability context: 35.0
,B.Irving,TB,,RB,rushing,1.539463684615087,13.04197461549636,57.32188876290047,8.649815168553095,,,,74.84,STRONG_SIGNAL,STRONG_SIGNAL,97.13,66.67,50.07,,,35,55,65.7,STRONG_SIGNAL at 74.8. Main support: projection strength: 97.1; usage foundation: 66.7. Main caution: role and availability context: 35.0; missing signal count: 5.,projection strength: 97.1,role and availability context: 35.0
,A.Gould,IND,,WR,receiving,2.3382367065158456,49.282563794125295,,,,,,74.81,STRONG_SIGNAL,STRONG_SIGNAL,97.05,66.67,50.07,,,35,55,65.7,STRONG_SIGNAL at 74.8. Main support: projection strength: 97.0; usage foundation: 66.7. Main caution: role and availability context: 35.0; missing signal count: 5.,projection strength: 97.0,role and availability context: 35.0
,C.Godwin,TB,,WR,receiving,3.855401322202437,46.46567505604498,,,,,,74.8,STRONG_SIGNAL,STRONG_SIGNAL,97.03,66.67,50.07,,,35,55,65.7,STRONG_SIGNAL at 74.8. Main support: projection strength: 97.0; usage foundation: 66.7. Main caution: role and availability context: 35.0; missing signal count: 5.,projection strength: 97.0,role and availability context: 35.0
,C.Hubbard,CAR,,RB,receiving,1.4786788225054175,9.34905577315836,67.60016897539725,8.479818811072214,,,,74.79,STRONG_SIGNAL,STRONG_SIGNAL,97.01,66.67,50.07,,,35,55,65.7,STRONG_SIGNAL at 74.8. Main support: projection strength: 97.0; usage foundation: 66.7. Main caution: role and availability context: 35.0; missing signal count: 5.,projection strength: 97.0,role and availability context: 35.0
,C.Hubbard,CAR,,RB,rushing,1.4786788225054175,9.34905577315836,67.60016897539725,8.479818811072214,,,,74.79,STRONG_SIGNAL,STRONG_SIGNAL,97.01,66.67,50.07,,,35,55,65.7,STRONG_SIGNAL at 74.8. Main support: projection strength: 97.0; usage foundation: 66.7. Main caution: role and availability context: 35.0; missing signal count: 5.,projection strength: 97.0,role and availability context: 35.0
,B.Mayfield,TB,WAS,QB,rushing,,,19.460001286116217,2.742167396805231,28.574253190116945,21.056661495149434,,74.77,STRONG_SIGNAL,STRONG_SIGNAL,96.97,66.67,50.07,,,35,55,65.7,STRONG_SIGNAL at 74.8. Main support: projection strength: 97.0; usage foundation: 66.7. Main caution: role and availability context: 35.0; missing signal count: 5.,projection strength: 97.0,role and availability context: 35.0
,B.Mayfield,TB,WAS,QB,passing,,,19.460001286116217,2.742167396805231,28.574253190116945,21.056661495149434,,74.77,STRONG_SIGNAL,STRONG_SIGNAL,96.97,66.67,50.07,,,35,55,65.7,STRONG_SIGNAL at 74.8. Main support: projection strength: 97.0; usage foundation: 66.7. Main caution: role and availability context: 35.0; missing signal count: 5.,projection strength: 97.0,role and availability context: 35.0
,R.Pearsall,SF,,WR,receiving,3.752253231055675,48.28976342293925,,,,,,74.74,STRONG_SIGNAL,STRONG_SIGNAL,96.89,66.67,50.07,,,35,55,65.7,STRONG_SIGNAL at 74.7. Main support: projection strength: 96.9; usage foundation: 66.7. Main caution: role and availability context: 35.0; missing signal count: 5.,projection strength: 96.9,role and availability context: 35.0
,D.Brown,WAS,,WR,receiving,3.841183666562065,47.97751977738512,,,,,,74.73,STRONG_SIGNAL,STRONG_SIGNAL,96.88,66.67,50.07,,,35,55,65.7,STRONG_SIGNAL at 74.7. Main support: projection strength: 96.9; usage foundation: 66.7. Main caution: role and availability context: 35.0; missing signal count: 5.,projection strength: 96.9,role and availability context: 35.0
,D.Swift,CHI,,RB,receiving,1.3875615820534035,13.452248254810913,53.80470394801723,8.525546005271234,,,,74.66,STRONG_SIGNAL,STRONG_SIGNAL,96.72,66.67,50.07,,,35,55,65.7,STRONG_SIGNAL at 74.7. Main support: projection strength: 96.7; usage foundation: 66.7. Main caution: role and availability context: 35.0; missing signal count: 5.,projection strength: 96.7,role and availability context: 35.0
,D.Swift,CHI,,RB,rushing,1.3875615820534035,13.452248254810913,53.80470394801723,8.525546005271234,,,,74.66,STRONG_SIGNAL,STRONG_SIGNAL,96.72,66.67,50.07,,,35,55,65.7,STRONG_SIGNAL at 74.7. Main support: projection strength: 96.7; usage foundation: 66.7. Main caution: role and availability context: 35.0; missing signal count: 5.,projection strength: 96.7,role and availability context: 35.0
,K.Allen,CHI,,WR,receiving,3.812343086402927,43.80548476224246,,,,,,74.66,STRONG_SIGNAL,STRONG_SIGNAL,96.72,66.67,50.07,,,35,55,65.7,STRONG_SIGNAL at 74.7. Main support: projection strength: 96.7; usage foundation: 66.7. Main caution: role and availability context: 35.0; missing signal count: 5.,projection strength: 96.7,role and availability context: 35.0
,J.Conner,ARI,,RB,receiving,1.912928202970164,15.322258095428412,61.15107007352755,6.2613690922643,,,,74.63,STRONG_SIGNAL,STRONG_SIGNAL,96.64,66.67,50.07,,,35,55,65.7,STRONG_SIGNAL at 74.6. Main support: projection strength: 96.6; usage foundation: 66.7. Main caution: role and availability context: 35.0; missing signal count: 5.,projection strength: 96.6,role and availability context: 35.0
,J.Conner,ARI,,RB,rushing,1.912928202970164,15.322258095428412,61.15107007352755,6.2613690922643,,,,74.63,STRONG_SIGNAL,STRONG_SIGNAL,96.64,66.67,50.07,,,35,55,65.7,STRONG_SIGNAL at 74.6. Main support: projection strength: 96.6; usage foundation: 66.7. Main caution: role and availability context: 35.0; missing signal count: 5.,projection strength: 96.6,role and availability context: 35.0
,J.Cowing,SF,,WR,receiving,2.5173977820906464,47.7152835748244,,,,,,74.59,STRONG_SIGNAL,STRONG_SIGNAL,96.56,66.67,50.07,,,35,55,65.7,STRONG_SIGNAL at 74.6. Main support: projection strength: 96.6; usage foundation: 66.7. Main caution: role and availability context: 35.0; missing signal count: 5.,projection strength: 96.6,role and availability context: 35.0
,T.McBride,ARI,,TE,receiving,3.778743347250189,38.95393692574317,,,,,,74.59,STRONG_SIGNAL,STRONG_SIGNAL,96.56,66.67,50.07,,,35,55,65.7,STRONG_SIGNAL at 74.6. Main support: projection strength: 96.6; usage foundation: 66.7. Main caution: role and availability context: 35.0; missing signal count: 5.,projection strength: 96.6,role and availability context: 35.0
,B.Johnson,PIT,,WR,receiving,3.761026139323402,43.08181099156558,,,,,,74.53,STRONG_SIGNAL,STRONG_SIGNAL,96.41,66.67,50.07,,,35,55,65.7,STRONG_SIGNAL at 74.5. Main support: projection strength: 96.4; usage foundation: 66.7. Main caution: role and availability context: 35.0; missing signal count: 5.,projection strength: 96.4,role and availability context: 35.0
,A.Pierce,IND,,WR,receiving,2.377318139866354,47.38884569464508,,,,,,74.52,STRONG_SIGNAL,STRONG_SIGNAL,96.39,66.67,50.07,,,35,55,65.7,STRONG_SIGNAL at 74.5. Main support: projection strength: 96.4; usage foundation: 66.7. Main caution: role and availability context: 35.0; missing signal count: 5.,projection strength: 96.4,role and availability context: 35.0
,R.Shaheed,NO,,WR,receiving,2.952252357578107,47.319085422039215,,,,,,74.38,STRONG_SIGNAL,STRONG_SIGNAL,96.07,66.67,50.07,,,35,55,65.7,STRONG_SIGNAL at 74.4. Main support: projection strength: 96.1; usage foundation: 66.7. Main caution: role and availability context: 35.0; missing signal count: 5.,projection strength: 96.1,role and availability context: 35.0
,A.Thielen,CAR,,WR,receiving,3.5662253687004903,45.48731110037458,,,,,,74.32,STRONG_SIGNAL,STRONG_SIGNAL,95.94,66.67,50.07,,,35,55,65.7,STRONG_SIGNAL at 74.3. Main support: projection strength: 95.9; usage foundation: 66.7. Main caution: role and availability context: 35.0; missing signal count: 5.,projection strength: 95.9,role and availability context: 35.0
,J.Cook,BUF,,RB,receiving,1.090350240105766,10.5096278995268,58.52578684087519,8.302932565854961,,,,74.31,STRONG_SIGNAL,STRONG_SIGNAL,95.9,66.67,50.07,,,35,55,65.7,STRONG_SIGNAL at 74.3. Main support: projection strength: 95.9; usage foundation: 66.7. Main caution: role and availability context: 35.0; missing signal count: 5.,projection strength: 95.9,role and availability context: 35.0
,J.Cook,BUF,,RB,rushing,1.090350240105766,10.5096278995268,58.52578684087519,8.302932565854961,,,,74.31,STRONG_SIGNAL,STRONG_SIGNAL,95.9,66.67,50.07,,,35,55,65.7,STRONG_SIGNAL at 74.3. Main support: projection strength: 95.9; usage foundation: 66.7. Main caution: role and availability context: 35.0; missing signal count: 5.,projection strength: 95.9,role and availability context: 35.0
,A.Kamara,NO,,RB,receiving,2.1029973319023987,15.753794345745618,59.08275557423134,4.621316690248819,,,,74.31,STRONG_SIGNAL,STRONG_SIGNAL,95.9,66.67,50.07,,,35,55,65.7,STRONG_SIGNAL at 74.3. Main support: projection strength: 95.9; usage foundation: 66.7. Main caution: role and availability context: 35.0; missing signal count: 5.,projection strength: 95.9,role and availability context: 35.0
,A.Kamara,NO,,RB,rushing,2.1029973319023987,15.753794345745618,59.08275557423134,4.621316690248819,,,,74.31,STRONG_SIGNAL,STRONG_SIGNAL,95.9,66.67,50.07,,,35,55,65.7,STRONG_SIGNAL at 74.3. Main support: projection strength: 95.9; usage foundation: 66.7. Main caution: role and availability context: 35.0; missing signal count: 5.,projection strength: 95.9,role and availability context: 35.0
,G.Wilson,NYJ,,WR,receiving,3.553069186930048,42.326784989875335,,,,,,74.25,STRONG_SIGNAL,STRONG_SIGNAL,95.78,66.67,50.07,,,35,55,65.7,STRONG_SIGNAL at 74.2. Main support: projection strength: 95.8; usage foundation: 66.7. Main caution: role and availability context: 35.0; missing signal count: 5.,projection strength: 95.8,role and availability context: 35.0
,T.Hill,MIA,,WR,receiving,3.519355758205087,45.45626092092608,,,,,,74.18,STRONG_SIGNAL,STRONG_SIGNAL,95.62,66.67,50.07,,,35,55,65.7,STRONG_SIGNAL at 74.2. Main support: projection strength: 95.6; usage foundation: 66.7. Main caution: role and availability context: 35.0; missing signal count: 5.,projection strength: 95.6,role and availability context: 35.0
,J.Nailor,MIN,,WR,receiving,3.308182463715205,46.866552460765085,,,,,,74.16,STRONG_SIGNAL,STRONG_SIGNAL,95.57,66.67,50.07,,,35,55,65.7,STRONG_SIGNAL at 74.2. Main support: projection strength: 95.6; usage foundation: 66.7. Main caution: role and availability context: 35.0; missing signal count: 5.,projection strength: 95.6,role and availability context: 35.0
,A.Jones,MIN,,RB,receiving,2.18841929327646,16.452714369441125,58.72586283312911,8.171539962267742,,,,74.14,STRONG_SIGNAL,STRONG_SIGNAL,95.52,66.67,50.07,,,35,55,65.7,STRONG_SIGNAL at 74.1. Main support: projection strength: 95.5; usage foundation: 66.7. Main caution: role and availability context: 35.0; missing signal count: 5.,projection strength: 95.5,role and availability context: 35.0
,A.Jones,MIN,,RB,rushing,2.18841929327646,16.452714369441125,58.72586283312911,8.171539962267742,,,,74.14,STRONG_SIGNAL,STRONG_SIGNAL,95.52,66.67,50.07,,,35,55,65.7,STRONG_SIGNAL at 74.1. Main support: projection strength: 95.5; usage foundation: 66.7. Main caution: role and availability context: 35.0; missing signal count: 5.,projection strength: 95.5,role and availability context: 35.0
,T.Etienne,JAX,,RB,receiving,1.4584993922648424,12.090194817629264,36.55097517210964,8.221121594455049,,,,74.13,STRONG_SIGNAL,STRONG_SIGNAL,95.49,66.67,50.07,,,35,55,65.7,STRONG_SIGNAL at 74.1. Main support: projection strength: 95.5; usage foundation: 66.7. Main caution: role and availability context: 35.0; missing signal count: 5.,projection strength: 95.5,role and availability context: 35.0
,T.Etienne,JAX,,RB,rushing,1.4584993922648424,12.090194817629264,36.55097517210964,8.221121594455049,,,,74.13,STRONG_SIGNAL,STRONG_SIGNAL,95.49,66.67,50.07,,,35,55,65.7,STRONG_SIGNAL at 74.1. Main support: projection strength: 95.5; usage foundation: 66.7. Main caution: role and availability context: 35.0; missing signal count: 5.,projection strength: 95.5,role and availability context: 35.0
,D.London,ATL,,WR,receiving,3.492419682297806,45.88706542240399,,,,,,74.12,STRONG_SIGNAL,STRONG_SIGNAL,95.47,66.67,50.07,,,35,55,65.7,STRONG_SIGNAL at 74.1. Main support: projection strength: 95.5; usage foundation: 66.7. Main caution: role and availability context: 35.0; missing signal count: 5.,projection strength: 95.5,role and availability context: 35.0
,C.Lamb,DAL,,WR,receiving,3.4733452258178694,43.90329430991658,,,,,,74.05,STRONG_SIGNAL,STRONG_SIGNAL,95.31,66.67,50.07,,,35,55,65.7,STRONG_SIGNAL at 74.0. Main support: projection strength: 95.3; usage foundation: 66.7. Main caution: role and availability context: 35.0; missing signal count: 5.,projection strength: 95.3,role and availability context: 35.0
,T.Martin,TEN,,WR,receiving,1.9275507779476864,46.15955981562937,,,,,,74.02,STRONG_SIGNAL,STRONG_SIGNAL,95.25,66.67,50.07,,,35,55,65.7,STRONG_SIGNAL at 74.0. Main support: projection strength: 95.2; usage foundation: 66.7. Main caution: role and availability context: 35.0; missing signal count: 5.,projection strength: 95.2,role and availability context: 35.0
,J.Downs,IND,,WR,receiving,3.466259569545391,41.86146550558082,,,,,,73.98,STRONG_SIGNAL,STRONG_SIGNAL,95.16,66.67,50.07,,,35,55,65.7,STRONG_SIGNAL at 74.0. Main support: projection strength: 95.2; usage foundation: 66.7. Main caution: role and availability context: 35.0; missing signal count: 5.,projection strength: 95.2,role and availability context: 35.0
00-0033106,J.Goff,DET,WAS,QB,passing,,,,,,,213.5060769787177,73.96,STRONG_SIGNAL,STRONG_SIGNAL,92.59,33.33,99.61,68.52,,35,55,79.0,STRONG_SIGNAL at 74.0. Main support: recent form: 99.6; projection strength: 92.6. Main caution: usage foundation: 33.3; role and availability context: 35.0.,recent form: 99.6,usage foundation: 33.3
,J.Palmer,LAC,,WR,receiving,3.141318840700431,46.047763200665386,,,,,,73.95,STRONG_SIGNAL,STRONG_SIGNAL,95.08,66.67,50.07,,,35,55,65.7,STRONG_SIGNAL at 74.0. Main support: projection strength: 95.1; usage foundation: 66.7. Main caution: role and availability context: 35.0; missing signal count: 5.,projection strength: 95.1,role and availability context: 35.0
,D.Samuel,SF,,WR,receiving,3.399385632038709,45.97203579818561,9.277164458509096,,,,,73.88,STRONG_SIGNAL,STRONG_SIGNAL,94.92,66.67,50.07,,,35,55,65.7,STRONG_SIGNAL at 73.9. Main support: projection strength: 94.9; usage foundation: 66.7. Main caution: role and availability context: 35.0; missing signal count: 5.,projection strength: 94.9,role and availability context: 35.0
,D.Samuel,SF,,WR,rushing,3.399385632038709,45.97203579818561,9.277164458509096,,,,,73.88,STRONG_SIGNAL,STRONG_SIGNAL,94.92,66.67,50.07,,,35,55,65.7,STRONG_SIGNAL at 73.9. Main support: projection strength: 94.9; usage foundation: 66.7. Main caution: role and availability context: 35.0; missing signal count: 5.,projection strength: 94.9,role and availability context: 35.0
,M.Washington,MIA,,WR,receiving,3.431272105929496,31.19841262305488,,,,,,73.84,STRONG_SIGNAL,STRONG_SIGNAL,94.84,66.67,50.07,,,35,55,65.7,STRONG_SIGNAL at 73.8. Main support: projection strength: 94.8; usage foundation: 66.7. Main caution: role and availability context: 35.0; missing signal count: 5.,projection strength: 94.8,role and availability context: 35.0
,J.Dobbins,LAC,,RB,receiving,1.265633958046925,8.548935638948368,57.97332584470196,6.190958558024488,,,,73.82,STRONG_SIGNAL,STRONG_SIGNAL,94.78,66.67,50.07,,,35,55,65.7,STRONG_SIGNAL at 73.8. Main support: projection strength: 94.8; usage foundation: 66.7. Main caution: role and availability context: 35.0; missing signal count: 5.,projection strength: 94.8,role and availability context: 35.0
,J.Dobbins,LAC,,RB,rushing,1.265633958046925,8.548935638948368,57.97332584470196,6.190958558024488,,,,73.82,STRONG_SIGNAL,STRONG_SIGNAL,94.78,66.67,50.07,,,35,55,65.7,STRONG_SIGNAL at 73.8. Main support: projection strength: 94.8; usage foundation: 66.7. Main caution: role and availability context: 35.0; missing signal count: 5.,projection strength: 94.8,role and availability context: 35.0
,R.Rice,KC,,WR,receiving,3.427968641994633,42.95732585653651,,,,,,73.78,STRONG_SIGNAL,STRONG_SIGNAL,94.69,66.67,50.07,,,35,55,65.7,STRONG_SIGNAL at 73.8. Main support: projection strength: 94.7; usage foundation: 66.7. Main caution: role and availability context: 35.0; missing signal count: 5.,projection strength: 94.7,role and availability context: 35.0
,K.Walker,SEA,,RB,receiving,1.904325566630939,13.150569773449025,50.82096830114881,7.669896167484988,,,,73.77,STRONG_SIGNAL,STRONG_SIGNAL,94.67,66.67,50.07,,,35,55,65.7,STRONG_SIGNAL at 73.8. Main support: projection strength: 94.7; usage foundation: 66.7. Main caution: role and availability context: 35.0; missing signal count: 5.,projection strength: 94.7,role and availability context: 35.0
,K.Walker,SEA,,RB,rushing,1.904325566630939,13.150569773449025,50.82096830114881,7.669896167484988,,,,73.77,STRONG_SIGNAL,STRONG_SIGNAL,94.67,66.67,50.07,,,35,55,65.7,STRONG_SIGNAL at 73.8. Main support: projection strength: 94.7; usage foundation: 66.7. Main caution: role and availability context: 35.0; missing signal count: 5.,projection strength: 94.7,role and availability context: 35.0
,J.Goff,DET,WAS,QB,rushing,,,6.152201237173452,1.280902092096401,30.137947366577308,19.938766084842687,,73.73,STRONG_SIGNAL,STRONG_SIGNAL,94.59,66.67,50.07,,,35,55,65.7,STRONG_SIGNAL at 73.7. Main support: projection strength: 94.6; usage foundation: 66.7. Main caution: role and availability context: 35.0; missing signal count: 5.,projection strength: 94.6,role and availability context: 35.0
,J.Goff,DET,WAS,QB,passing,,,6.152201237173452,1.280902092096401,30.137947366577308,19.938766084842687,,73.73,STRONG_SIGNAL,STRONG_SIGNAL,94.59,66.67,50.07,,,35,55,65.7,STRONG_SIGNAL at 73.7. Main support: projection strength: 94.6; usage foundation: 66.7. Main caution: role and availability context: 35.0; missing signal count: 5.,projection strength: 94.6,role and availability context: 35.0
,N.Brown,WAS,,WR,receiving,3.3428135910826504,45.75197486820886,,,,,,73.73,STRONG_SIGNAL,STRONG_SIGNAL,94.59,66.67,50.07,,,35,55,65.7,STRONG_SIGNAL at 73.7. Main support: projection strength: 94.6; usage foundation: 66.7. Main caution: role and availability context: 35.0; missing signal count: 5.,projection strength: 94.6,role and availability context: 35.0
,M.Pittman,IND,,WR,receiving,3.4253158294048,42.09122186429147,,,,,,73.71,STRONG_SIGNAL,STRONG_SIGNAL,94.53,66.67,50.07,,,35,55,65.7,STRONG_SIGNAL at 73.7. Main support: projection strength: 94.5; usage foundation: 66.7. Main caution: role and availability context: 35.0; missing signal count: 5.,projection strength: 94.5,role and availability context: 35.0
,G.Pickens,PIT,,WR,receiving,3.018765346798302,45.73042584716385,,,,,,73.66,STRONG_SIGNAL,STRONG_SIGNAL,94.43,66.67,50.07,,,35,55,65.7,STRONG_SIGNAL at 73.7. Main support: projection strength: 94.4; usage foundation: 66.7. Main caution: role and availability context: 35.0; missing signal count: 5.,projection strength: 94.4,role and availability context: 35.0
,D.Njoku,CLE,,TE,receiving,3.4148842467279708,28.1401944062052,,,,,,73.64,STRONG_SIGNAL,STRONG_SIGNAL,94.38,66.67,50.07,,,35,55,65.7,STRONG_SIGNAL at 73.6. Main support: projection strength: 94.4; usage foundation: 66.7. Main caution: role and availability context: 35.0; missing signal count: 5.,projection strength: 94.4,role and availability context: 35.0
,T.Allgeier,ATL,,RB,receiving,0.9173403819610167,8.063907114192855,33.55969787386731,7.616988634553649,,,,73.59,STRONG_SIGNAL,STRONG_SIGNAL,94.26,66.67,50.07,,,35,55,65.7,STRONG_SIGNAL at 73.6. Main support: projection strength: 94.3; usage foundation: 66.7. Main caution: role and availability context: 35.0; missing signal count: 5.,projection strength: 94.3,role and availability context: 35.0
,T.Allgeier,ATL,,RB,rushing,0.9173403819610167,8.063907114192855,33.55969787386731,7.616988634553649,,,,73.59,STRONG_SIGNAL,STRONG_SIGNAL,94.26,66.67,50.07,,,35,55,65.7,STRONG_SIGNAL at 73.6. Main support: projection strength: 94.3; usage foundation: 66.7. Main caution: role and availability context: 35.0; missing signal count: 5.,projection strength: 94.3,role and availability context: 35.0
,M.Harrison,ARI,,WR,receiving,3.220800663240928,45.59371398756997,,,,,,73.59,STRONG_SIGNAL,STRONG_SIGNAL,94.26,66.67,50.07,,,35,55,65.7,STRONG_SIGNAL at 73.6. Main support: projection strength: 94.3; usage foundation: 66.7. Main caution: role and availability context: 35.0; missing signal count: 5.,projection strength: 94.3,role and availability context: 35.0
,J.Smith,MIA,,TE,receiving,3.414744348506168,31.704378365560423,,,,,,73.57,STRONG_SIGNAL,STRONG_SIGNAL,94.22,66.67,50.07,,,35,55,65.7,STRONG_SIGNAL at 73.6. Main support: projection strength: 94.2; usage foundation: 66.7. Main caution: role and availability context: 35.0; missing signal count: 5.,projection strength: 94.2,role and availability context: 35.0
,K.Pryor,CIN,,WR,receiving,3.411976024919269,31.877125680603683,,,,,,73.5,STRONG_SIGNAL,STRONG_SIGNAL,94.06,66.67,50.07,,,35,55,65.7,STRONG_SIGNAL at 73.5. Main support: projection strength: 94.1; usage foundation: 66.7. Main caution: role and availability context: 35.0; missing signal count: 5.,projection strength: 94.1,role and availability context: 35.0
,C.McCaffrey,SF,,RB,receiving,2.3505685095671005,20.12635841979014,55.17417458833264,3.989686528942656,,,,73.49,STRONG_SIGNAL,STRONG_SIGNAL,94.03,66.67,50.07,,,35,55,65.7,STRONG_SIGNAL at 73.5. Main support: projection strength: 94.0; usage foundation: 66.7. Main caution: role and availability context: 35.0; missing signal count: 5.,projection strength: 94.0,role and availability context: 35.0
,C.McCaffrey,SF,,RB,rushing,2.3505685095671005,20.12635841979014,55.17417458833264,3.989686528942656,,,,73.49,STRONG_SIGNAL,STRONG_SIGNAL,94.03,66.67,50.07,,,35,55,65.7,STRONG_SIGNAL at 73.5. Main support: projection strength: 94.0; usage foundation: 66.7. Main caution: role and availability context: 35.0; missing signal count: 5.,projection strength: 94.0,role and availability context: 35.0
,J.Daniels,WAS,PHI,QB,rushing,,,41.152863175239375,3.8635894667120447,27.73747045986438,20.0856527002261,,73.45,STRONG_SIGNAL,STRONG_SIGNAL,93.94,66.67,50.07,,,35,55,65.7,STRONG_SIGNAL at 73.5. Main support: projection strength: 93.9; usage foundation: 66.7. Main caution: role and availability context: 35.0; missing signal count: 5.,projection strength: 93.9,role and availability context: 35.0
,J.Daniels,WAS,PHI,QB,passing,,,41.152863175239375,3.8635894667120447,27.73747045986438,20.0856527002261,,73.45,STRONG_SIGNAL,STRONG_SIGNAL,93.94,66.67,50.07,,,35,55,65.7,STRONG_SIGNAL at 73.5. Main support: projection strength: 93.9; usage foundation: 66.7. Main caution: role and availability context: 35.0; missing signal count: 5.,projection strength: 93.9,role and availability context: 35.0
,K.Shakir,BUF,,WR,receiving,3.4100959604671752,40.64381736873165,,,,,,73.43,STRONG_SIGNAL,STRONG_SIGNAL,93.91,66.67,50.07,,,35,55,65.7,STRONG_SIGNAL at 73.4. Main support: projection strength: 93.9; usage foundation: 66.7. Main caution: role and availability context: 35.0; missing signal count: 5.,projection strength: 93.9,role and availability context: 35.0
,R.White,TB,,RB,receiving,1.4766151719322405,13.378458609632592,41.02029368471884,7.396247139956839,,,,73.41,STRONG_SIGNAL,STRONG_SIGNAL,93.85,66.67,50.07,,,35,55,65.7,STRONG_SIGNAL at 73.4. Main support: projection strength: 93.8; usage foundation: 66.7. Main caution: role and availability context: 35.0; missing signal count: 5.,projection strength: 93.8,role and availability context: 35.0
,R.White,TB,,RB,rushing,1.4766151719322405,13.378458609632592,41.02029368471884,7.396247139956839,,,,73.41,STRONG_SIGNAL,STRONG_SIGNAL,93.85,66.67,50.07,,,35,55,65.7,STRONG_SIGNAL at 73.4. Main support: projection strength: 93.8; usage foundation: 66.7. Main caution: role and availability context: 35.0; missing signal count: 5.,projection strength: 93.8,role and availability context: 35.0
,M.Valdes-Scantling,NO,,WR,receiving,2.338426272667646,45.06766268763818,,,,,,73.37,STRONG_SIGNAL,STRONG_SIGNAL,93.77,66.67,50.07,,,35,55,65.7,STRONG_SIGNAL at 73.4. Main support: projection strength: 93.8; usage foundation: 66.7. Main caution: role and availability context: 35.0; missing signal count: 5.,projection strength: 93.8,role and availability context: 35.0
,N.Harris,PIT,,RB,receiving,1.4219194965470645,13.061280900703254,54.5928160053647,6.209308017185189,,,,73.33,STRONG_SIGNAL,STRONG_SIGNAL,93.66,66.67,50.07,,,35,55,65.7,STRONG_SIGNAL at 73.3. Main support: projection strength: 93.7; usage foundation: 66.7. Main caution: role and availability context: 35.0; missing signal count: 5.,projection strength: 93.7,role and availability context: 35.0
,N.Harris,PIT,,RB,rushing,1.4219194965470645,13.061280900703254,54.5928160053647,6.209308017185189,,,,73.33,STRONG_SIGNAL,STRONG_SIGNAL,93.66,66.67,50.07,,,35,55,65.7,STRONG_SIGNAL at 73.3. Main support: projection strength: 93.7; usage foundation: 66.7. Main caution: role and availability context: 35.0; missing signal count: 5.,projection strength: 93.7,role and availability context: 35.0
,C.White,SEA,,WR,receiving,2.17759151980328,44.35595902389655,,,,,,73.3,STRONG_SIGNAL,STRONG_SIGNAL,93.61,66.67,50.07,,,35,55,65.7,STRONG_SIGNAL at 73.3. Main support: projection strength: 93.6; usage foundation: 66.7. Main caution: role and availability context: 35.0; missing signal count: 5.,projection strength: 93.6,role and availability context: 35.0
,C.Tillman,CLE,,WR,receiving,3.382789611435334,41.71041584367048,,,,,,73.3,STRONG_SIGNAL,STRONG_SIGNAL,93.59,66.67,50.07,,,35,55,65.7,STRONG_SIGNAL at 73.3. Main support: projection strength: 93.6; usage foundation: 66.7. Main caution: role and availability context: 35.0; missing signal count: 5.,projection strength: 93.6,role and availability context: 35.0
,J.Coker,CAR,,WR,receiving,3.028713143756761,44.22468153137731,,,,,,73.23,STRONG_SIGNAL,STRONG_SIGNAL,93.44,66.67,50.07,,,35,55,65.7,STRONG_SIGNAL at 73.2. Main support: projection strength: 93.4; usage foundation: 66.7. Main caution: role and availability context: 35.0; missing signal count: 5.,projection strength: 93.4,role and availability context: 35.0
,G.Kittle,SF,,TE,receiving,3.3133612255934835,44.190033697508085,,,,,,73.16,STRONG_SIGNAL,STRONG_SIGNAL,93.28,66.67,50.07,,,35,55,65.7,STRONG_SIGNAL at 73.2. Main support: projection strength: 93.3; usage foundation: 66.7. Main caution: role and availability context: 35.0; missing signal count: 5.,projection strength: 93.3,role and availability context: 35.0
,B.Bowers,LV,,TE,receiving,3.3203915630074885,31.68791626704805,,,,,,73.09,STRONG_SIGNAL,STRONG_SIGNAL,93.12,66.67,50.07,,,35,55,65.7,STRONG_SIGNAL at 73.1. Main support: projection strength: 93.1; usage foundation: 66.7. Main caution: role and availability context: 35.0; missing signal count: 5.,projection strength: 93.1,role and availability context: 35.0
,T.Bigsby,JAX,,RB,receiving,0.842344691026393,7.516741748322797,36.03686705116501,7.309434882654873,,,,73.05,STRONG_SIGNAL,STRONG_SIGNAL,93.03,66.67,50.07,,,35,55,65.7,STRONG_SIGNAL at 73.0. Main support: projection strength: 93.0; usage foundation: 66.7. Main caution: role and availability context: 35.0; missing signal count: 5.,projection strength: 93.0,role and availability context: 35.0
,T.Bigsby,JAX,,RB,rushing,0.842344691026393,7.516741748322797,36.03686705116501,7.309434882654873,,,,73.05,STRONG_SIGNAL,STRONG_SIGNAL,93.03,66.67,50.07,,,35,55,65.7,STRONG_SIGNAL at 73.0. Main support: projection strength: 93.0; usage foundation: 66.7. Main caution: role and availability context: 35.0; missing signal count: 5.,projection strength: 93.0,role and availability context: 35.0
,C.Olave,NO,,WR,receiving,3.316477078094759,43.19820355763473,,,,,,73.02,STRONG_SIGNAL,STRONG_SIGNAL,92.97,66.67,50.07,,,35,55,65.7,STRONG_SIGNAL at 73.0. Main support: projection strength: 93.0; usage foundation: 66.7. Main caution: role and availability context: 35.0; missing signal count: 5.,projection strength: 93.0,role and availability context: 35.0
,C.Brown,CIN,,RB,receiving,2.169603292611404,15.207186136068923,50.632249537169855,7.113046577439101,,,,72.87,STRONG_SIGNAL,STRONG_SIGNAL,92.62,66.67,50.07,,,35,55,65.7,STRONG_SIGNAL at 72.9. Main support: projection strength: 92.6; usage foundation: 66.7. Main caution: role and availability context: 35.0; missing signal count: 5.,projection strength: 92.6,role and availability context: 35.0
,C.Brown,CIN,,RB,rushing,2.169603292611404,15.207186136068923,50.632249537169855,7.113046577439101,,,,72.87,STRONG_SIGNAL,STRONG_SIGNAL,92.62,66.67,50.07,,,35,55,65.7,STRONG_SIGNAL at 72.9. Main support: projection strength: 92.6; usage foundation: 66.7. Main caution: role and availability context: 35.0; missing signal count: 5.,projection strength: 92.6,role and availability context: 35.0
,D.Montgomery,DET,,RB,receiving,1.471750443563897,13.608639630004124,51.86371578743624,5.825244157887851,,,,72.84,STRONG_SIGNAL,STRONG_SIGNAL,92.54,66.67,50.07,,,35,55,65.7,STRONG_SIGNAL at 72.8. Main support: projection strength: 92.5; usage foundation: 66.7. Main caution: role and availability context: 35.0; missing signal count: 5.,projection strength: 92.5,role and availability context: 35.0
,D.Montgomery,DET,,RB,rushing,1.471750443563897,13.608639630004124,51.86371578743624,5.825244157887851,,,,72.84,STRONG_SIGNAL,STRONG_SIGNAL,92.54,66.67,50.07,,,35,55,65.7,STRONG_SIGNAL at 72.8. Main support: projection strength: 92.5; usage foundation: 66.7. Main caution: role and availability context: 35.0; missing signal count: 5.,projection strength: 92.5,role and availability context: 35.0
,M.Gesicki,CIN,,TE,receiving,3.3062189478710167,30.37411122708835,,,,,,72.82,STRONG_SIGNAL,STRONG_SIGNAL,92.5,66.67,50.07,,,35,55,65.7,STRONG_SIGNAL at 72.8. Main support: projection strength: 92.5; usage foundation: 66.7. Main caution: role and availability context: 35.0; missing signal count: 5.,projection strength: 92.5,role and availability context: 35.0
,C.Sutton,DEN,,WR,receiving,3.194167412969313,43.33394465922593,,,,,,72.8,STRONG_SIGNAL,STRONG_SIGNAL,92.46,66.67,50.07,,,35,55,65.7,STRONG_SIGNAL at 72.8. Main support: projection strength: 92.5; usage foundation: 66.7. Main caution: role and availability context: 35.0; missing signal count: 5.,projection strength: 92.5,role and availability context: 35.0
,Q.Johnston,LAC,,WR,receiving,3.249909987980736,42.628604153998914,,,,,,72.68,STRONG_SIGNAL,STRONG_SIGNAL,92.19,66.67,50.07,,,35,55,65.7,STRONG_SIGNAL at 72.7. Main support: projection strength: 92.2; usage foundation: 66.7. Main caution: role and availability context: 35.0; missing signal count: 5.,projection strength: 92.2,role and availability context: 35.0
,B.Hall,NYJ,,RB,receiving,1.4902066912199456,12.8638533274415,51.06383727929647,4.8567707399024265,,,,72.67,STRONG_SIGNAL,STRONG_SIGNAL,92.16,66.67,50.07,,,35,55,65.7,STRONG_SIGNAL at 72.7. Main support: projection strength: 92.2; usage foundation: 66.7. Main caution: role and availability context: 35.0; missing signal count: 5.,projection strength: 92.2,role and availability context: 35.0
,B.Hall,NYJ,,RB,rushing,1.4902066912199456,12.8638533274415,51.06383727929647,4.8567707399024265,,,,72.67,STRONG_SIGNAL,STRONG_SIGNAL,92.16,66.67,50.07,,,35,55,65.7,STRONG_SIGNAL at 72.7. Main support: projection strength: 92.2; usage foundation: 66.7. Main caution: role and availability context: 35.0; missing signal count: 5.,projection strength: 92.2,role and availability context: 35.0
,E.Engram,JAX,,TE,receiving,3.244670129629186,25.69258305162339,,,,,,72.61,STRONG_SIGNAL,STRONG_SIGNAL,92.03,66.67,50.07,,,35,55,65.7,STRONG_SIGNAL at 72.6. Main support: projection strength: 92.0; usage foundation: 66.7. Main caution: role and availability context: 35.0; missing signal count: 5.,projection strength: 92.0,role and availability context: 35.0
,J.Waddle,MIA,,WR,receiving,3.211604235651245,42.82293406771647,,,,,,72.51,STRONG_SIGNAL,STRONG_SIGNAL,91.8,66.67,50.07,,,35,55,65.7,STRONG_SIGNAL at 72.5. Main support: projection strength: 91.8; usage foundation: 66.7. Main caution: role and availability context: 35.0; missing signal count: 5.,projection strength: 91.8,role and availability context: 35.0
,P.Freiermuth,PIT,,TE,receiving,3.2156308397203017,29.209659842483305,,,,,,72.48,STRONG_SIGNAL,STRONG_SIGNAL,91.72,66.67,50.07,,,35,55,65.7,STRONG_SIGNAL at 72.5. Main support: projection strength: 91.7; usage foundation: 66.7. Main caution: role and availability context: 35.0; missing signal count: 5.,projection strength: 91.7,role and availability context: 35.0
,D.Metcalf,SEA,,WR,receiving,2.87613918855559,42.7259113160366,,,,,,72.44,STRONG_SIGNAL,STRONG_SIGNAL,91.64,66.67,50.07,,,35,55,65.7,STRONG_SIGNAL at 72.4. Main support: projection strength: 91.6; usage foundation: 66.7. Main caution: role and availability context: 35.0; missing signal count: 5.,projection strength: 91.6,role and availability context: 35.0
00-0035228,K.Murray,ARI,SF,QB,passing,,,,,,,229.2497092309337,72.34,STRONG_SIGNAL,STRONG_SIGNAL,100.0,33.33,99.74,27.78,,35,55,79.0,STRONG_SIGNAL at 72.3. Main support: projection strength: 100.0; recent form: 99.7. Main caution: opponent defense fit: 27.8; usage foundation: 33.3.,projection strength: 100.0,opponent defense fit: 27.8
,X.Worthy,KC,,WR,receiving,3.195083257776038,40.04342211907966,,,,,,72.34,STRONG_SIGNAL,STRONG_SIGNAL,91.41,66.67,50.07,,,35,55,65.7,STRONG_SIGNAL at 72.3. Main support: projection strength: 91.4; usage foundation: 66.7. Main caution: role and availability context: 35.0; missing signal count: 5.,projection strength: 91.4,role and availability context: 35.0
,D.Achane,MIA,,RB,receiving,1.979524341104844,14.654113784862496,50.45564908795905,5.363042030867725,,,,72.18,STRONG_SIGNAL,STRONG_SIGNAL,91.04,66.67,50.07,,,35,55,65.7,STRONG_SIGNAL at 72.2. Main support: projection strength: 91.0; usage foundation: 66.7. Main caution: role and availability context: 35.0; missing signal count: 5.,projection strength: 91.0,role and availability context: 35.0
,D.Achane,MIA,,RB,rushing,1.979524341104844,14.654113784862496,50.45564908795905,5.363042030867725,,,,72.18,STRONG_SIGNAL,STRONG_SIGNAL,91.04,66.67,50.07,,,35,55,65.7,STRONG_SIGNAL at 72.2. Main support: projection strength: 91.0; usage foundation: 66.7. Main caution: role and availability context: 35.0; missing signal count: 5.,projection strength: 91.0,role and availability context: 35.0
,J.Burton,CIN,,WR,receiving,1.7683165442699045,41.96224809482204,,,,,,72.15,STRONG_SIGNAL,STRONG_SIGNAL,90.98,66.67,50.07,,,35,55,65.7,STRONG_SIGNAL at 72.2. Main support: projection strength: 91.0; usage foundation: 66.7. Main caution: role and availability context: 35.0; missing signal count: 5.,projection strength: 91.0,role and availability context: 35.0
,C.Jones,CIN,,WR,receiving,3.124232669294332,23.85614326233568,,,,,,72.14,STRONG_SIGNAL,STRONG_SIGNAL,90.94,66.67,50.07,,,35,55,65.7,STRONG_SIGNAL at 72.1. Main support: projection strength: 90.9; usage foundation: 66.7. Main caution: role and availability context: 35.0; missing signal count: 5.,projection strength: 90.9,role and availability context: 35.0
,L.Bowden,NO,,WR,receiving,3.12306410937659,37.44411788800711,,,,,,72.07,STRONG_SIGNAL,STRONG_SIGNAL,90.78,66.67,50.07,,,35,55,65.7,STRONG_SIGNAL at 72.1. Main support: projection strength: 90.8; usage foundation: 66.7. Main caution: role and availability context: 35.0; missing signal count: 5.,projection strength: 90.8,role and availability context: 35.0
,R.Stevenson,NE,,RB,receiving,0.9800236315370178,6.961816163475759,50.14759228082217,5.576982004484775,,,,72.02,STRONG_SIGNAL,STRONG_SIGNAL,90.67,66.67,50.07,,,35,55,65.7,STRONG_SIGNAL at 72.0. Main support: projection strength: 90.7; usage foundation: 66.7. Main caution: role and availability context: 35.0; missing signal count: 5.,projection strength: 90.7,role and availability context: 35.0
,R.Stevenson,NE,,RB,rushing,0.9800236315370178,6.961816163475759,50.14759228082217,5.576982004484775,,,,72.02,STRONG_SIGNAL,STRONG_SIGNAL,90.67,66.67,50.07,,,35,55,65.7,STRONG_SIGNAL at 72.0. Main support: projection strength: 90.7; usage foundation: 66.7. Main caution: role and availability context: 35.0; missing signal count: 5.,projection strength: 90.7,role and availability context: 35.0
,G.Dortch,ARI,,WR,receiving,3.115682614642303,30.09825623186337,,,,,,72.0,STRONG_SIGNAL,STRONG_SIGNAL,90.62,66.67,50.07,,,35,55,65.7,STRONG_SIGNAL at 72.0. Main support: projection strength: 90.6; usage foundation: 66.7. Main caution: role and availability context: 35.0; missing signal count: 5.,projection strength: 90.6,role and availability context: 35.0
,A.Perry,NO,,WR,receiving,2.832083447294264,41.54218787978671,,,,,,71.94,GOOD_SIGNAL,GOOD_SIGNAL,90.49,66.67,50.07,,,35,55,65.7,GOOD_SIGNAL at 71.9. Main support: projection strength: 90.5; usage foundation: 66.7. Main caution: role and availability context: 35.0; missing signal count: 5.,projection strength: 90.5,role and availability context: 35.0
,T.Sherfield,MIN,,WR,receiving,3.115223729518777,28.871336324186004,,,,,,71.93,GOOD_SIGNAL,GOOD_SIGNAL,90.47,66.67,50.07,,,35,55,65.7,GOOD_SIGNAL at 71.9. Main support: projection strength: 90.5; usage foundation: 66.7. Main caution: role and availability context: 35.0; missing signal count: 5.,projection strength: 90.5,role and availability context: 35.0
,M.Mims,DEN,,WR,receiving,3.072913109154491,40.97735449132519,,,,,,71.87,GOOD_SIGNAL,GOOD_SIGNAL,90.33,66.67,50.07,,,35,55,65.7,GOOD_SIGNAL at 71.9. Main support: projection strength: 90.3; usage foundation: 66.7. Main caution: role and availability context: 35.0; missing signal count: 5.,projection strength: 90.3,role and availability context: 35.0
,B.Robinson,WAS,,RB,receiving,1.2677429806138538,11.691607845253642,49.87698647573922,5.796725935410487,,,,71.86,GOOD_SIGNAL,GOOD_SIGNAL,90.3,66.67,50.07,,,35,55,65.7,GOOD_SIGNAL at 71.9. Main support: projection strength: 90.3; usage foundation: 66.7. Main caution: role and availability context: 35.0; missing signal count: 5.,projection strength: 90.3,role and availability context: 35.0
,B.Robinson,WAS,,RB,rushing,1.2677429806138538,11.691607845253642,49.87698647573922,5.796725935410487,,,,71.86,GOOD_SIGNAL,GOOD_SIGNAL,90.3,66.67,50.07,,,35,55,65.7,GOOD_SIGNAL at 71.9. Main support: projection strength: 90.3; usage foundation: 66.7. Main caution: role and availability context: 35.0; missing signal count: 5.,projection strength: 90.3,role and availability context: 35.0
,Z.Ertz,WAS,,TE,receiving,3.1059663323690176,27.376930569132742,,,,,,71.86,GOOD_SIGNAL,GOOD_SIGNAL,90.31,66.67,50.07,,,35,55,65.7,GOOD_SIGNAL at 71.9. Main support: projection strength: 90.3; usage foundation: 66.7. Main caution: role and availability context: 35.0; missing signal count: 5.,projection strength: 90.3,role and availability context: 35.0
,T.Hill,NO,,TE,receiving,3.102138090164462,25.18938003248534,,,,,,71.79,GOOD_SIGNAL,GOOD_SIGNAL,90.16,66.67,50.07,,,35,55,65.7,GOOD_SIGNAL at 71.8. Main support: projection strength: 90.2; usage foundation: 66.7. Main caution: role and availability context: 35.0; missing signal count: 5.,projection strength: 90.2,role and availability context: 35.0
,D.Eskridge,MIA,,WR,receiving,2.8324911923162324,40.84392074642162,,,,,,71.79,GOOD_SIGNAL,GOOD_SIGNAL,90.16,66.67,50.07,,,35,55,65.7,GOOD_SIGNAL at 71.8. Main support: projection strength: 90.2; usage foundation: 66.7. Main caution: role and availability context: 35.0; missing signal count: 5.,projection strength: 90.2,role and availability context: 35.0
,A.Iosivas,CIN,,WR,receiving,3.096429404292562,40.76796474031539,,,,,,71.72,GOOD_SIGNAL,GOOD_SIGNAL,90.0,66.67,50.07,,,35,55,65.7,GOOD_SIGNAL at 71.7. Main support: projection strength: 90.0; usage foundation: 66.7. Main caution: role and availability context: 35.0; missing signal count: 5.,projection strength: 90.0,role and availability context: 35.0
,J.Mason,SF,,RB,receiving,0.9994238171726384,9.50326988330166,49.71939025124168,3.246477663058616,,,,71.69,GOOD_SIGNAL,GOOD_SIGNAL,89.93,66.67,50.07,,,35,55,65.7,GOOD_SIGNAL at 71.7. Main support: projection strength: 89.9; usage foundation: 66.7. Main caution: role and availability context: 35.0; missing signal count: 5.,projection strength: 89.9,role and availability context: 35.0
,J.Mason,SF,,RB,rushing,0.9994238171726384,9.50326988330166,49.71939025124168,3.246477663058616,,,,71.69,GOOD_SIGNAL,GOOD_SIGNAL,89.93,66.67,50.07,,,35,55,65.7,GOOD_SIGNAL at 71.7. Main support: projection strength: 89.9; usage foundation: 66.7. Main caution: role and availability context: 35.0; missing signal count: 5.,projection strength: 89.9,role and availability context: 35.0
,C.Kupp,LA,,WR,receiving,3.089967923568571,37.14899135032646,,,,,,71.65,GOOD_SIGNAL,GOOD_SIGNAL,89.84,66.67,50.07,,,35,55,65.7,GOOD_SIGNAL at 71.7. Main support: projection strength: 89.8; usage foundation: 66.7. Main caution: role and availability context: 35.0; missing signal count: 5.,projection strength: 89.8,role and availability context: 35.0
,M.Gordon,BAL,,RB,receiving,0.793016200383899,7.428251541541909,26.894027658541173,5.714763129344935,,,,71.61,GOOD_SIGNAL,GOOD_SIGNAL,89.75,66.67,50.07,,,35,55,65.7,GOOD_SIGNAL at 71.6. Main support: projection strength: 89.8; usage foundation: 66.7. Main caution: role and availability context: 35.0; missing signal count: 5.,projection strength: 89.8,role and availability context: 35.0
,M.Gordon,BAL,,RB,rushing,0.793016200383899,7.428251541541909,26.894027658541173,5.714763129344935,,,,71.61,GOOD_SIGNAL,GOOD_SIGNAL,89.75,66.67,50.07,,,35,55,65.7,GOOD_SIGNAL at 71.6. Main support: projection strength: 89.8; usage foundation: 66.7. Main caution: role and availability context: 35.0; missing signal count: 5.,projection strength: 89.8,role and availability context: 35.0
00-0039918,C.Williams,CHI,GB,QB,passing,,,,,,,212.1500357093226,71.6,GOOD_SIGNAL,GOOD_SIGNAL,88.89,33.33,99.02,61.11,,35,55,79.0,GOOD_SIGNAL at 71.6. Main support: recent form: 99.0; projection strength: 88.9. Main caution: usage foundation: 33.3; role and availability context: 35.0.,recent form: 99.0,usage foundation: 33.3
,C.Ridley,TEN,,WR,receiving,2.7044289294614297,40.45618696303106,,,,,,71.58,GOOD_SIGNAL,GOOD_SIGNAL,89.67,66.67,50.07,,,35,55,65.7,GOOD_SIGNAL at 71.6. Main support: projection strength: 89.7; usage foundation: 66.7. Main caution: role and availability context: 35.0; missing signal count: 5.,projection strength: 89.7,role and availability context: 35.0
,K.Hunt,KC,,RB,receiving,0.8495145606631439,7.103712012822405,46.97285066191176,3.42854527125294,,,,71.53,GOOD_SIGNAL,GOOD_SIGNAL,89.55,66.67,50.07,,,35,55,65.7,GOOD_SIGNAL at 71.5. Main support: projection strength: 89.5; usage foundation: 66.7. Main caution: role and availability context: 35.0; missing signal count: 5.,projection strength: 89.5,role and availability context: 35.0
,K.Hunt,KC,,RB,rushing,0.8495145606631439,7.103712012822405,46.97285066191176,3.42854527125294,,,,71.53,GOOD_SIGNAL,GOOD_SIGNAL,89.55,66.67,50.07,,,35,55,65.7,GOOD_SIGNAL at 71.5. Main support: projection strength: 89.5; usage foundation: 66.7. Main caution: role and availability context: 35.0; missing signal count: 5.,projection strength: 89.5,role and availability context: 35.0
,R.Moore,ARI,,WR,receiving,3.061305150056781,37.497843824635126,,,,,,71.52,GOOD_SIGNAL,GOOD_SIGNAL,89.53,66.67,50.07,,,35,55,65.7,GOOD_SIGNAL at 71.5. Main support: projection strength: 89.5; usage foundation: 66.7. Main caution: role and availability context: 35.0; missing signal count: 5.,projection strength: 89.5,role and availability context: 35.0
,C.Watson,GB,,WR,receiving,2.099538906048682,40.29945728801774,,,,,,71.51,GOOD_SIGNAL,GOOD_SIGNAL,89.51,66.67,50.07,,,35,55,65.7,GOOD_SIGNAL at 71.5. Main support: projection strength: 89.5; usage foundation: 66.7. Main caution: role and availability context: 35.0; missing signal count: 5.,projection strength: 89.5,role and availability context: 35.0
,S.LaPorta,DET,,TE,receiving,3.0404011494811884,30.393490551245403,,,,,,71.45,GOOD_SIGNAL,GOOD_SIGNAL,89.38,66.67,50.07,,,35,55,65.7,GOOD_SIGNAL at 71.5. Main support: projection strength: 89.4; usage foundation: 66.7. Main caution: role and availability context: 35.0; missing signal count: 5.,projection strength: 89.4,role and availability context: 35.0
,K.Boutte,NE,,WR,receiving,2.92976571473322,40.225620998447255,,,,,,71.44,GOOD_SIGNAL,GOOD_SIGNAL,89.34,66.67,50.07,,,35,55,65.7,GOOD_SIGNAL at 71.4. Main support: projection strength: 89.3; usage foundation: 66.7. Main caution: role and availability context: 35.0; missing signal count: 5.,projection strength: 89.3,role and availability context: 35.0
,L.Jackson,BAL,BUF,QB,rushing,,,42.38790924215537,5.649276014081842,23.54693264688178,13.41352667170872,,71.44,GOOD_SIGNAL,GOOD_SIGNAL,89.34,66.67,50.07,,,35,55,65.7,GOOD_SIGNAL at 71.4. Main support: projection strength: 89.3; usage foundation: 66.7. Main caution: role and availability context: 35.0; missing signal count: 5.,projection strength: 89.3,role and availability context: 35.0
,L.Jackson,BAL,BUF,QB,passing,,,42.38790924215537,5.649276014081842,23.54693264688178,13.41352667170872,,71.44,GOOD_SIGNAL,GOOD_SIGNAL,89.34,66.67,50.07,,,35,55,65.7,GOOD_SIGNAL at 71.4. Main support: projection strength: 89.3; usage foundation: 66.7. Main caution: role and availability context: 35.0; missing signal count: 5.,projection strength: 89.3,role and availability context: 35.0
,T.Tracy,NYG,,RB,receiving,1.298245311992472,11.41047602075102,46.1246239813343,3.6662289869783145,,,,71.37,GOOD_SIGNAL,GOOD_SIGNAL,89.18,66.67,50.07,,,35,55,65.7,GOOD_SIGNAL at 71.4. Main support: projection strength: 89.2; usage foundation: 66.7. Main caution: role and availability context: 35.0; missing signal count: 5.,projection strength: 89.2,role and availability context: 35.0
,T.Tracy,NYG,,RB,rushing,1.298245311992472,11.41047602075102,46.1246239813343,3.6662289869783145,,,,71.37,GOOD_SIGNAL,GOOD_SIGNAL,89.18,66.67,50.07,,,35,55,65.7,GOOD_SIGNAL at 71.4. Main support: projection strength: 89.2; usage foundation: 66.7. Main caution: role and availability context: 35.0; missing signal count: 5.,projection strength: 89.2,role and availability context: 35.0
,P.Washington,JAX,,WR,receiving,3.021768825694984,37.71833894270933,,,,,,71.31,GOOD_SIGNAL,GOOD_SIGNAL,89.06,66.67,50.07,,,35,55,65.7,GOOD_SIGNAL at 71.3. Main support: projection strength: 89.1; usage foundation: 66.7. Main caution: role and availability context: 35.0; missing signal count: 5.,projection strength: 89.1,role and availability context: 35.0
,T.Atwell,LA,,WR,receiving,2.923510193511284,39.70627934981135,,,,,,71.3,GOOD_SIGNAL,GOOD_SIGNAL,89.02,66.67,50.07,,,35,55,65.7,GOOD_SIGNAL at 71.3. Main support: projection strength: 89.0; usage foundation: 66.7. Main caution: role and availability context: 35.0; missing signal count: 5.,projection strength: 89.0,role and availability context: 35.0
,J.McClellan,ATL,,RB,receiving,0.6429370012974225,,22.23054561707756,5.5848330098687,,,,71.26,GOOD_SIGNAL,GOOD_SIGNAL,88.93,66.67,50.07,,,35,55,65.7,GOOD_SIGNAL at 71.3. Main support: projection strength: 88.9; usage foundation: 66.7. Main caution: role and availability context: 35.0; missing signal count: 5.,projection strength: 88.9,role and availability context: 35.0
,J.McClellan,ATL,,RB,rushing,0.6429370012974225,,22.23054561707756,5.5848330098687,,,,71.26,GOOD_SIGNAL,GOOD_SIGNAL,88.93,66.67,50.07,,,35,55,65.7,GOOD_SIGNAL at 71.3. Main support: projection strength: 88.9; usage foundation: 66.7. Main caution: role and availability context: 35.0; missing signal count: 5.,projection strength: 88.9,role and availability context: 35.0
,J.McMillan,TB,,WR,receiving,2.981732619338628,39.39915562311164,,,,,,71.22,GOOD_SIGNAL,GOOD_SIGNAL,88.85,66.67,50.07,,,35,55,65.7,GOOD_SIGNAL at 71.2. Main support: projection strength: 88.8; usage foundation: 66.7. Main caution: role and availability context: 35.0; missing signal count: 5.,projection strength: 88.8,role and availability context: 35.0
,N.Chubb,CLE,,RB,receiving,0.8268110492264162,6.373725480372225,44.47114304618516,3.982759184292498,,,,71.2,GOOD_SIGNAL,GOOD_SIGNAL,88.81,66.67,50.07,,,35,55,65.7,GOOD_SIGNAL at 71.2. Main support: projection strength: 88.8; usage foundation: 66.7. Main caution: role and availability context: 35.0; missing signal count: 5.,projection strength: 88.8,role and availability context: 35.0
,N.Chubb,CLE,,RB,rushing,0.8268110492264162,6.373725480372225,44.47114304618516,3.982759184292498,,,,71.2,GOOD_SIGNAL,GOOD_SIGNAL,88.81,66.67,50.07,,,35,55,65.7,GOOD_SIGNAL at 71.2. Main support: projection strength: 88.8; usage foundation: 66.7. Main caution: role and availability context: 35.0; missing signal count: 5.,projection strength: 88.8,role and availability context: 35.0
,O.Zaccheaus,WAS,,WR,receiving,3.008207924590771,31.40191167514874,,,,,,71.18,GOOD_SIGNAL,GOOD_SIGNAL,88.75,66.67,50.07,,,35,55,65.7,GOOD_SIGNAL at 71.2. Main support: projection strength: 88.8; usage foundation: 66.7. Main caution: role and availability context: 35.0; missing signal count: 5.,projection strength: 88.8,role and availability context: 35.0
,C.Moore,TEN,,WR,receiving,2.716088818190508,39.151418992790944,,,,,,71.15,GOOD_SIGNAL,GOOD_SIGNAL,88.69,66.67,50.07,,,35,55,65.7,GOOD_SIGNAL at 71.2. Main support: projection strength: 88.7; usage foundation: 66.7. Main caution: role and availability context: 35.0; missing signal count: 5.,projection strength: 88.7,role and availability context: 35.0
,K.Lassiter,CIN,,WR,receiving,3.005972569421199,28.696368475326533,,,,,,71.11,GOOD_SIGNAL,GOOD_SIGNAL,88.59,66.67,50.07,,,35,55,65.7,GOOD_SIGNAL at 71.1. Main support: projection strength: 88.6; usage foundation: 66.7. Main caution: role and availability context: 35.0; missing signal count: 5.,projection strength: 88.6,role and availability context: 35.0
,J.Reed,GB,,WR,receiving,2.694701612729724,39.07974976335331,,,,,,71.08,GOOD_SIGNAL,GOOD_SIGNAL,88.52,66.67,50.07,,,35,55,65.7,GOOD_SIGNAL at 71.1. Main support: projection strength: 88.5; usage foundation: 66.7. Main caution: role and availability context: 35.0; missing signal count: 5.,projection strength: 88.5,role and availability context: 35.0
,S.McCormick,LV,,RB,receiving,1.3047600493835425,8.816106816837777,42.96616645512049,3.825916576641903,,,,71.04,GOOD_SIGNAL,GOOD_SIGNAL,88.43,66.67,50.07,,,35,55,65.7,GOOD_SIGNAL at 71.0. Main support: projection strength: 88.4; usage foundation: 66.7. Main caution: role and availability context: 35.0; missing signal count: 5.,projection strength: 88.4,role and availability context: 35.0
,S.McCormick,LV,,RB,rushing,1.3047600493835425,8.816106816837777,42.96616645512049,3.825916576641903,,,,71.04,GOOD_SIGNAL,GOOD_SIGNAL,88.43,66.67,50.07,,,35,55,65.7,GOOD_SIGNAL at 71.0. Main support: projection strength: 88.4; usage foundation: 66.7. Main caution: role and availability context: 35.0; missing signal count: 5.,projection strength: 88.4,role and availability context: 35.0
,K.Doss,LAC,,WR,receiving,3.0007409589064373,30.55859844039237,,,,,,71.04,GOOD_SIGNAL,GOOD_SIGNAL,88.44,66.67,50.07,,,35,55,65.7,GOOD_SIGNAL at 71.0. Main support: projection strength: 88.4; usage foundation: 66.7. Main caution: role and availability context: 35.0; missing signal count: 5.,projection strength: 88.4,role and availability context: 35.0
,J.Metchie,HOU,,WR,receiving,2.990357588836064,30.72389896338416,,,,,,70.97,GOOD_SIGNAL,GOOD_SIGNAL,88.28,66.67,50.07,,,35,55,65.7,GOOD_SIGNAL at 71.0. Main support: projection strength: 88.3; usage foundation: 66.7. Main caution: role and availability context: 35.0; missing signal count: 5.,projection strength: 88.3,role and availability context: 35.0
,C.Kirk,JAX,,WR,receiving,2.778592281536677,38.80125278946243,,,,,,70.94,GOOD_SIGNAL,GOOD_SIGNAL,88.2,66.67,50.07,,,35,55,65.7,GOOD_SIGNAL at 70.9. Main support: projection strength: 88.2; usage foundation: 66.7. Main caution: role and availability context: 35.0; missing signal count: 5.,projection strength: 88.2,role and availability context: 35.0
,J.Williams,DEN,,RB,receiving,1.4953348702226206,11.91467664563704,30.762381002685824,5.36667638799949,,,,70.9,GOOD_SIGNAL,GOOD_SIGNAL,88.11,66.67,50.07,,,35,55,65.7,GOOD_SIGNAL at 70.9. Main support: projection strength: 88.1; usage foundation: 66.7. Main caution: role and availability context: 35.0; missing signal count: 5.,projection strength: 88.1,role and availability context: 35.0
,J.Williams,DEN,,RB,rushing,1.4953348702226206,11.91467664563704,30.762381002685824,5.36667638799949,,,,70.9,GOOD_SIGNAL,GOOD_SIGNAL,88.11,66.67,50.07,,,35,55,65.7,GOOD_SIGNAL at 70.9. Main support: projection strength: 88.1; usage foundation: 66.7. Main caution: role and availability context: 35.0; missing signal count: 5.,projection strength: 88.1,role and availability context: 35.0
,N.Westbrook-Ikhine,TEN,,WR,receiving,2.4757796349544128,38.51578198055101,,,,,,70.86,GOOD_SIGNAL,GOOD_SIGNAL,88.03,66.67,50.07,,,35,55,65.7,GOOD_SIGNAL at 70.9. Main support: projection strength: 88.0; usage foundation: 66.7. Main caution: role and availability context: 35.0; missing signal count: 5.,projection strength: 88.0,role and availability context: 35.0
,B.Tremayne,WAS,,WR,receiving,2.975814951134529,12.26909936611139,,,,,,70.84,GOOD_SIGNAL,GOOD_SIGNAL,87.97,66.67,50.07,,,35,55,65.7,GOOD_SIGNAL at 70.8. Main support: projection strength: 88.0; usage foundation: 66.7. Main caution: role and availability context: 35.0; missing signal count: 5.,projection strength: 88.0,role and availability context: 35.0
,J.Whittington,LA,,WR,receiving,2.856483027726473,38.49109581763539,,,,,,70.79,GOOD_SIGNAL,GOOD_SIGNAL,87.87,66.67,50.07,,,35,55,65.7,GOOD_SIGNAL at 70.8. Main support: projection strength: 87.9; usage foundation: 66.7. Main caution: role and availability context: 35.0; missing signal count: 5.,projection strength: 87.9,role and availability context: 35.0
,T.Jackson,MIN,,WR,receiving,2.9655621786292827,29.66041851500352,,,,,,70.77,GOOD_SIGNAL,GOOD_SIGNAL,87.81,66.67,50.07,,,35,55,65.7,GOOD_SIGNAL at 70.8. Main support: projection strength: 87.8; usage foundation: 66.7. Main caution: role and availability context: 35.0; missing signal count: 5.,projection strength: 87.8,role and availability context: 35.0
00-0036442,J.Burrow,CIN,PIT,QB,passing,,,,,,,204.05639122846176,70.74,GOOD_SIGNAL,GOOD_SIGNAL,81.48,33.33,100.0,77.78,,35,55,79.0,GOOD_SIGNAL at 70.7. Main support: recent form: 100.0; projection strength: 81.5. Main caution: usage foundation: 33.3; role and availability context: 35.0.,recent form: 100.0,usage foundation: 33.3
,A.Brown,PHI,,WR,receiving,2.44475001509348,38.33210618644214,,,,,,70.72,GOOD_SIGNAL,GOOD_SIGNAL,87.7,66.67,50.07,,,35,55,65.7,GOOD_SIGNAL at 70.7. Main support: projection strength: 87.7; usage foundation: 66.7. Main caution: role and availability context: 35.0; missing signal count: 5.,projection strength: 87.7,role and availability context: 35.0
,I.Pacheco,KC,,RB,receiving,0.8175931089362023,6.361922012878563,41.330570620167606,2.9081075068801927,,,,70.71,GOOD_SIGNAL,GOOD_SIGNAL,87.69,66.67,50.07,,,35,55,65.7,GOOD_SIGNAL at 70.7. Main support: projection strength: 87.7; usage foundation: 66.7. Main caution: role and availability context: 35.0; missing signal count: 5.,projection strength: 87.7,role and availability context: 35.0
,I.Pacheco,KC,,RB,rushing,0.8175931089362023,6.361922012878563,41.330570620167606,2.9081075068801927,,,,70.71,GOOD_SIGNAL,GOOD_SIGNAL,87.69,66.67,50.07,,,35,55,65.7,GOOD_SIGNAL at 70.7. Main support: projection strength: 87.7; usage foundation: 66.7. Main caution: role and availability context: 35.0; missing signal count: 5.,projection strength: 87.7,role and availability context: 35.0
,E.Moore,CLE,,WR,receiving,2.961197439764199,27.853442678759222,,,,,,70.7,GOOD_SIGNAL,GOOD_SIGNAL,87.66,66.67,50.07,,,35,55,65.7,GOOD_SIGNAL at 70.7. Main support: projection strength: 87.7; usage foundation: 66.7. Main caution: role and availability context: 35.0; missing signal count: 5.,projection strength: 87.7,role and availability context: 35.0
,M.Strachan,CAR,,WR,receiving,1.839574830585956,38.21930337483458,,,,,,70.65,GOOD_SIGNAL,GOOD_SIGNAL,87.54,66.67,50.07,,,35,55,65.7,GOOD_SIGNAL at 70.7. Main support: projection strength: 87.5; usage foundation: 66.7. Main caution: role and availability context: 35.0; missing signal count: 5.,projection strength: 87.5,role and availability context: 35.0
,C.Okonkwo,TEN,,TE,receiving,2.9610485724020528,25.87495952573109,,,,,,70.63,GOOD_SIGNAL,GOOD_SIGNAL,87.5,66.67,50.07,,,35,55,65.7,GOOD_SIGNAL at 70.6. Main support: projection strength: 87.5; usage foundation: 66.7. Main caution: role and availability context: 35.0; missing signal count: 5.,projection strength: 87.5,role and availability context: 35.0
,C.Austin,PIT,,WR,receiving,2.4804084302104785,38.19222956138968,,,,,,70.58,GOOD_SIGNAL,GOOD_SIGNAL,87.38,66.67,50.07,,,35,55,65.7,GOOD_SIGNAL at 70.6. Main support: projection strength: 87.4; usage foundation: 66.7. Main caution: role and availability context: 35.0; missing signal count: 5.,projection strength: 87.4,role and availability context: 35.0
,Mi.Wilson,ARI,,WR,receiving,2.959967317171176,37.57816179673085,,,,,,70.56,GOOD_SIGNAL,GOOD_SIGNAL,87.34,66.67,50.07,,,35,55,65.7,GOOD_SIGNAL at 70.6. Main support: projection strength: 87.3; usage foundation: 66.7. Main caution: role and availability context: 35.0; missing signal count: 5.,projection strength: 87.3,role and availability context: 35.0
,R.Doubs,GB,,WR,receiving,2.872961691761293,37.93604485935703,,,,,,70.5,GOOD_SIGNAL,GOOD_SIGNAL,87.21,66.67,50.07,,,35,55,65.7,GOOD_SIGNAL at 70.5. Main support: projection strength: 87.2; usage foundation: 66.7. Main caution: role and availability context: 35.0; missing signal count: 5.,projection strength: 87.2,role and availability context: 35.0
,T.Taylor,SF,,WR,receiving,2.9597728220179014,31.15501508064518,,,,,,70.49,GOOD_SIGNAL,GOOD_SIGNAL,87.19,66.67,50.07,,,35,55,65.7,GOOD_SIGNAL at 70.5. Main support: projection strength: 87.2; usage foundation: 66.7. Main caution: role and availability context: 35.0; missing signal count: 5.,projection strength: 87.2,role and availability context: 35.0
,Z.Moss,CIN,,RB,receiving,2.0249162933213203,15.509823278896755,33.02983740593047,5.252631080567288,,,,70.36,GOOD_SIGNAL,GOOD_SIGNAL,86.89,66.67,50.07,,,35,55,65.7,GOOD_SIGNAL at 70.4. Main support: projection strength: 86.9; usage foundation: 66.7. Main caution: role and availability context: 35.0; missing signal count: 5.,projection strength: 86.9,role and availability context: 35.0
,Z.Moss,CIN,,RB,rushing,2.0249162933213203,15.509823278896755,33.02983740593047,5.252631080567288,,,,70.36,GOOD_SIGNAL,GOOD_SIGNAL,86.89,66.67,50.07,,,35,55,65.7,GOOD_SIGNAL at 70.4. Main support: projection strength: 86.9; usage foundation: 66.7. Main caution: role and availability context: 35.0; missing signal count: 5.,projection strength: 86.9,role and availability context: 35.0
,A.Bachman,LV,,WR,receiving,2.934203539407403,29.728390190711,,,,,,70.36,GOOD_SIGNAL,GOOD_SIGNAL,86.88,66.67,50.07,,,35,55,65.7,GOOD_SIGNAL at 70.4. Main support: projection strength: 86.9; usage foundation: 66.7. Main caution: role and availability context: 35.0; missing signal count: 5.,projection strength: 86.9,role and availability context: 35.0
,R.Cracraft,MIA,,WR,receiving,2.931677547841359,29.62442798984415,,,,,,70.29,GOOD_SIGNAL,GOOD_SIGNAL,86.72,66.67,50.07,,,35,55,65.7,GOOD_SIGNAL at 70.3. Main support: projection strength: 86.7; usage foundation: 66.7. Main caution: role and availability context: 35.0; missing signal count: 5.,projection strength: 86.7,role and availability context: 35.0
,T.Jones,ARI,,RB,receiving,1.1242138373124513,9.210440295496136,36.588693602499056,2.6008960340779272,,,,70.22,GOOD_SIGNAL,GOOD_SIGNAL,86.57,66.67,50.07,,,35,55,65.7,GOOD_SIGNAL at 70.2. Main support: projection strength: 86.6; usage foundation: 66.7. Main caution: role and availability context: 35.0; missing signal count: 5.,projection strength: 86.6,role and availability context: 35.0
,T.Jones,ARI,,RB,rushing,1.1242138373124513,9.210440295496136,36.588693602499056,2.6008960340779272,,,,70.22,GOOD_SIGNAL,GOOD_SIGNAL,86.57,66.67,50.07,,,35,55,65.7,GOOD_SIGNAL at 70.2. Main support: projection strength: 86.6; usage foundation: 66.7. Main caution: role and availability context: 35.0; missing signal count: 5.,projection strength: 86.6,role and availability context: 35.0
,B.Nix,DEN,BUF,QB,rushing,,,24.49976064734797,3.0274532326485355,27.48940802056919,17.371664965839578,,70.19,GOOD_SIGNAL,GOOD_SIGNAL,86.49,66.67,50.07,,,35,55,65.7,GOOD_SIGNAL at 70.2. Main support: projection strength: 86.5; usage foundation: 66.7. Main caution: role and availability context: 35.0; missing signal count: 5.,projection strength: 86.5,role and availability context: 35.0
,B.Nix,DEN,BUF,QB,passing,,,24.49976064734797,3.0274532326485355,27.48940802056919,17.371664965839578,,70.19,GOOD_SIGNAL,GOOD_SIGNAL,86.49,66.67,50.07,,,35,55,65.7,GOOD_SIGNAL at 70.2. Main support: projection strength: 86.5; usage foundation: 66.7. Main caution: role and availability context: 35.0; missing signal count: 5.,projection strength: 86.5,role and availability context: 35.0
,B.Skowronek,PIT,,WR,receiving,2.8498809901744413,37.19529264982462,,,,,,70.14,GOOD_SIGNAL,GOOD_SIGNAL,86.39,66.67,50.07,,,35,55,65.7,GOOD_SIGNAL at 70.1. Main support: projection strength: 86.4; usage foundation: 66.7. Main caution: role and availability context: 35.0; missing signal count: 5.,projection strength: 86.4,role and availability context: 35.0
,D.Douglas,NE,,WR,receiving,2.880018341184106,28.06010453767084,,,,,,70.08,GOOD_SIGNAL,GOOD_SIGNAL,86.25,66.67,50.07,,,35,55,65.7,GOOD_SIGNAL at 70.1. Main support: projection strength: 86.2; usage foundation: 66.7. Main caution: role and availability context: 35.0; missing signal count: 5.,projection strength: 86.2,role and availability context: 35.0
,T.Dell,HOU,,WR,receiving,2.7412777806498263,37.148141770759146,,,,,,70.0,GOOD_SIGNAL,GOOD_SIGNAL,86.07,66.67,50.07,,,35,55,65.7,GOOD_SIGNAL at 70.0. Main support: projection strength: 86.1; usage foundation: 66.7. Main caution: role and availability context: 35.0; missing signal count: 5.,projection strength: 86.1,role and availability context: 35.0
,J.Hurts,PHI,KC,QB,rushing,,,32.26576802968242,4.688296900799044,,,,70.0,GOOD_SIGNAL,GOOD_SIGNAL,86.07,66.67,50.07,,,35,55,65.7,GOOD_SIGNAL at 70.0. Main support: projection strength: 86.1; usage foundation: 66.7. Main caution: role and availability context: 35.0; missing signal count: 5.,projection strength: 86.1,role and availability context: 35.0
,A.Lazard,NYJ,,WR,receiving,2.481221267694313,32.487848086156646,,,,,,69.93,GOOD_SIGNAL,GOOD_SIGNAL,85.9,66.67,50.07,,,35,55,65.7,GOOD_SIGNAL at 69.9. Main support: projection strength: 85.9; usage foundation: 66.7. Main caution: role and availability context: 35.0; missing signal count: 5.,projection strength: 85.9,role and availability context: 35.0
,Z.Jones,ARI,,WR,receiving,2.86126475922442,28.825053777518683,,,,,,69.88,GOOD_SIGNAL,GOOD_SIGNAL,85.78,66.67,50.07,,,35,55,65.7,GOOD_SIGNAL at 69.9. Main support: projection strength: 85.8; usage foundation: 66.7. Main caution: role and availability context: 35.0; missing signal count: 5.,projection strength: 85.8,role and availability context: 35.0
,A.Trammell,JAX,,WR,receiving,2.1552680477434,32.45584148209609,,,,,,69.86,GOOD_SIGNAL,GOOD_SIGNAL,85.74,66.67,50.07,,,35,55,65.7,GOOD_SIGNAL at 69.9. Main support: projection strength: 85.7; usage foundation: 66.7. Main caution: role and availability context: 35.0; missing signal count: 5.,projection strength: 85.7,role and availability context: 35.0
,A.Richardson,IND,TEN,QB,rushing,,,32.207745688186115,4.677862397350377,11.663055809269215,,,69.83,GOOD_SIGNAL,GOOD_SIGNAL,85.66,66.67,50.07,,,35,55,65.7,GOOD_SIGNAL at 69.8. Main support: projection strength: 85.7; usage foundation: 66.7. Main caution: role and availability context: 35.0; missing signal count: 5.,projection strength: 85.7,role and availability context: 35.0
,A.Richardson,IND,TEN,QB,passing,,,32.207745688186115,4.677862397350377,11.663055809269215,,,69.83,GOOD_SIGNAL,GOOD_SIGNAL,85.66,66.67,50.07,,,35,55,65.7,GOOD_SIGNAL at 69.8. Main support: projection strength: 85.7; usage foundation: 66.7. Main caution: role and availability context: 35.0; missing signal count: 5.,projection strength: 85.7,role and availability context: 35.0
,D.Robinson,LA,,WR,receiving,2.1976975374353804,32.29047166346568,,,,,,69.79,GOOD_SIGNAL,GOOD_SIGNAL,85.57,66.67,50.07,,,35,55,65.7,GOOD_SIGNAL at 69.8. Main support: projection strength: 85.6; usage foundation: 66.7. Main caution: role and availability context: 35.0; missing signal count: 5.,projection strength: 85.6,role and availability context: 35.0
,T.Hockenson,MIN,,TE,receiving,2.855387059134641,27.888534327578498,,,,,,69.74,GOOD_SIGNAL,GOOD_SIGNAL,85.47,66.67,50.07,,,35,55,65.7,GOOD_SIGNAL at 69.7. Main support: projection strength: 85.5; usage foundation: 66.7. Main caution: role and availability context: 35.0; missing signal count: 5.,projection strength: 85.5,role and availability context: 35.0
,J.Ford,CLE,,RB,receiving,1.7440028912410797,12.520923025090582,35.41785895458914,2.79789570076376,,,,69.73,GOOD_SIGNAL,GOOD_SIGNAL,85.45,66.67,50.07,,,35,55,65.7,GOOD_SIGNAL at 69.7. Main support: projection strength: 85.5; usage foundation: 66.7. Main caution: role and availability context: 35.0; missing signal count: 5.,projection strength: 85.5,role and availability context: 35.0
,J.Ford,CLE,,RB,rushing,1.7440028912410797,12.520923025090582,35.41785895458914,2.79789570076376,,,,69.73,GOOD_SIGNAL,GOOD_SIGNAL,85.45,66.67,50.07,,,35,55,65.7,GOOD_SIGNAL at 69.7. Main support: projection strength: 85.5; usage foundation: 66.7. Main caution: role and availability context: 35.0; missing signal count: 5.,projection strength: 85.5,role and availability context: 35.0
,T.Higbee,LA,,TE,receiving,2.8543147111543337,24.86110577687724,,,,,,69.67,GOOD_SIGNAL,GOOD_SIGNAL,85.31,66.67,50.07,,,35,55,65.7,GOOD_SIGNAL at 69.7. Main support: projection strength: 85.3; usage foundation: 66.7. Main caution: role and availability context: 35.0; missing signal count: 5.,projection strength: 85.3,role and availability context: 35.0
,C.Edmonds,TB,,RB,receiving,1.1529130190312744,9.720905518048395,25.13447889897375,4.664885226620793,,,,69.65,GOOD_SIGNAL,GOOD_SIGNAL,85.25,66.67,50.07,,,35,55,65.7,GOOD_SIGNAL at 69.7. Main support: projection strength: 85.2; usage foundation: 66.7. Main caution: role and availability context: 35.0; missing signal count: 5.,projection strength: 85.2,role and availability context: 35.0
,C.Edmonds,TB,,RB,rushing,1.1529130190312744,9.720905518048395,25.13447889897375,4.664885226620793,,,,69.65,GOOD_SIGNAL,GOOD_SIGNAL,85.25,66.67,50.07,,,35,55,65.7,GOOD_SIGNAL at 69.7. Main support: projection strength: 85.2; usage foundation: 66.7. Main caution: role and availability context: 35.0; missing signal count: 5.,projection strength: 85.2,role and availability context: 35.0
,D.Montgomery,IND,,WR,receiving,2.419245265257643,32.04235859610471,,,,,,69.65,GOOD_SIGNAL,GOOD_SIGNAL,85.25,66.67,50.07,,,35,55,65.7,GOOD_SIGNAL at 69.7. Main support: projection strength: 85.2; usage foundation: 66.7. Main caution: role and availability context: 35.0; missing signal count: 5.,projection strength: 85.2,role and availability context: 35.0
,T.Tucker,LV,,WR,receiving,2.8505418814982164,31.684168034271075,,,,,,69.61,GOOD_SIGNAL,GOOD_SIGNAL,85.16,66.67,50.07,,,35,55,65.7,GOOD_SIGNAL at 69.6. Main support: projection strength: 85.2; usage foundation: 66.7. Main caution: role and availability context: 35.0; missing signal count: 5.,projection strength: 85.2,role and availability context: 35.0
,K.Raymond,DET,,WR,receiving,2.7504894353872413,31.99312283385585,,,,,,69.57,GOOD_SIGNAL,GOOD_SIGNAL,85.08,66.67,50.07,,,35,55,65.7,GOOD_SIGNAL at 69.6. Main support: projection strength: 85.1; usage foundation: 66.7. Main caution: role and availability context: 35.0; missing signal count: 5.,projection strength: 85.1,role and availability context: 35.0
,R.Odunze,CHI,,WR,receiving,2.5151616694003214,31.93408997400297,,,,,,69.5,GOOD_SIGNAL,GOOD_SIGNAL,84.92,66.67,50.07,,,35,55,65.7,GOOD_SIGNAL at 69.5. Main support: projection strength: 84.9; usage foundation: 66.7. Main caution: role and availability context: 35.0; missing signal count: 5.,projection strength: 84.9,role and availability context: 35.0
,E.Elliott,DAL,,RB,receiving,0.8997625969274131,6.781223339901646,24.08001906643652,4.6611898440587405,,,,69.47,GOOD_SIGNAL,GOOD_SIGNAL,84.84,66.67,50.07,,,35,55,65.7,GOOD_SIGNAL at 69.5. Main support: projection strength: 84.8; usage foundation: 66.7. Main caution: role and availability context: 35.0; missing signal count: 5.,projection strength: 84.8,role and availability context: 35.0
,E.Elliott,DAL,,RB,rushing,0.8997625969274131,6.781223339901646,24.08001906643652,4.6611898440587405,,,,69.47,GOOD_SIGNAL,GOOD_SIGNAL,84.84,66.67,50.07,,,35,55,65.7,GOOD_SIGNAL at 69.5. Main support: projection strength: 84.8; usage foundation: 66.7. Main caution: role and availability context: 35.0; missing signal count: 5.,projection strength: 84.8,role and availability context: 35.0
,J.Proche,CLE,,WR,receiving,2.8434027664364145,23.200127183178463,,,,,,69.47,GOOD_SIGNAL,GOOD_SIGNAL,84.84,66.67,50.07,,,35,55,65.7,GOOD_SIGNAL at 69.5. Main support: projection strength: 84.8; usage foundation: 66.7. Main caution: role and availability context: 35.0; missing signal count: 5.,projection strength: 84.8,role and availability context: 35.0
,M.Carter,ARI,,RB,receiving,1.8725436339957435,11.78345852542022,33.4125176256745,4.129961806588986,,,,69.41,GOOD_SIGNAL,GOOD_SIGNAL,84.7,66.67,50.07,,,35,55,65.7,GOOD_SIGNAL at 69.4. Main support: projection strength: 84.7; usage foundation: 66.7. Main caution: role and availability context: 35.0; missing signal count: 5.,projection strength: 84.7,role and availability context: 35.0
,M.Carter,ARI,,RB,rushing,1.8725436339957435,11.78345852542022,33.4125176256745,4.129961806588986,,,,69.41,GOOD_SIGNAL,GOOD_SIGNAL,84.7,66.67,50.07,,,35,55,65.7,GOOD_SIGNAL at 69.4. Main support: projection strength: 84.7; usage foundation: 66.7. Main caution: role and availability context: 35.0; missing signal count: 5.,projection strength: 84.7,role and availability context: 35.0
,X.Legette,CAR,,WR,receiving,2.8418192092059247,28.472086619906275,,,,,,69.4,GOOD_SIGNAL,GOOD_SIGNAL,84.69,66.67,50.07,,,35,55,65.7,GOOD_SIGNAL at 69.4. Main support: projection strength: 84.7; usage foundation: 66.7. Main caution: role and availability context: 35.0; missing signal count: 5.,projection strength: 84.7,role and availability context: 35.0
,D.Smith,PHI,,WR,receiving,2.7953147242468623,31.75605415249759,,,,,,69.36,GOOD_SIGNAL,GOOD_SIGNAL,84.59,66.67,50.07,,,35,55,65.7,GOOD_SIGNAL at 69.4. Main support: projection strength: 84.6; usage foundation: 66.7. Main caution: role and availability context: 35.0; missing signal count: 5.,projection strength: 84.6,role and availability context: 35.0
,C.Wilson,NO,,WR,receiving,2.7924828092693987,29.432932689374145,,,,,,69.13,GOOD_SIGNAL,GOOD_SIGNAL,84.06,66.67,50.07,,,35,55,65.7,GOOD_SIGNAL at 69.1. Main support: projection strength: 84.1; usage foundation: 66.7. Main caution: role and availability context: 35.0; missing signal count: 5.,projection strength: 84.1,role and availability context: 35.0
,T.Spears,TEN,,RB,receiving,1.5550082819977378,13.644134682171194,25.790134125214426,4.491145046843766,,,,69.11,GOOD_SIGNAL,GOOD_SIGNAL,84.02,66.67,50.07,,,35,55,65.7,GOOD_SIGNAL at 69.1. Main support: projection strength: 84.0; usage foundation: 66.7. Main caution: role and availability context: 35.0; missing signal count: 5.,projection strength: 84.0,role and availability context: 35.0
,T.Spears,TEN,,RB,rushing,1.5550082819977378,13.644134682171194,25.790134125214426,4.491145046843766,,,,69.11,GOOD_SIGNAL,GOOD_SIGNAL,84.02,66.67,50.07,,,35,55,65.7,GOOD_SIGNAL at 69.1. Main support: projection strength: 84.0; usage foundation: 66.7. Main caution: role and availability context: 35.0; missing signal count: 5.,projection strength: 84.0,role and availability context: 35.0
,A.Dillon,GB,,RB,receiving,0.8367366619891201,7.816428434312456,32.43949568078665,3.8039246828711777,,,,69.08,GOOD_SIGNAL,GOOD_SIGNAL,83.96,66.67,50.07,,,35,55,65.7,GOOD_SIGNAL at 69.1. Main support: projection strength: 84.0; usage foundation: 66.7. Main caution: role and availability context: 35.0; missing signal count: 5.,projection strength: 84.0,role and availability context: 35.0
,A.Dillon,GB,,RB,rushing,0.8367366619891201,7.816428434312456,32.43949568078665,3.8039246828711777,,,,69.08,GOOD_SIGNAL,GOOD_SIGNAL,83.96,66.67,50.07,,,35,55,65.7,GOOD_SIGNAL at 69.1. Main support: projection strength: 84.0; usage foundation: 66.7. Main caution: role and availability context: 35.0; missing signal count: 5.,projection strength: 84.0,role and availability context: 35.0
,D.Davis,LAC,,WR,receiving,2.788638952009248,23.854392587939543,,,,,,69.06,GOOD_SIGNAL,GOOD_SIGNAL,83.91,66.67,50.07,,,35,55,65.7,GOOD_SIGNAL at 69.1. Main support: projection strength: 83.9; usage foundation: 66.7. Main caution: role and availability context: 35.0; missing signal count: 5.,projection strength: 83.9,role and availability context: 35.0
,M.Williams,PIT,,WR,receiving,2.316369361505166,31.33227276515289,,,,,,69.0,GOOD_SIGNAL,GOOD_SIGNAL,83.77,66.67,50.07,,,35,55,65.7,GOOD_SIGNAL at 69.0. Main support: projection strength: 83.8; usage foundation: 66.7. Main caution: role and availability context: 35.0; missing signal count: 5.,projection strength: 83.8,role and availability context: 35.0
,J.Burrow,CIN,PIT,QB,rushing,,,12.668783544540773,1.689558026367739,26.284503997069507,17.307441183790203,,69.0,GOOD_SIGNAL,GOOD_SIGNAL,83.78,66.67,50.07,,,35,55,65.7,GOOD_SIGNAL at 69.0. Main support: projection strength: 83.8; usage foundation: 66.7. Main caution: role and availability context: 35.0; missing signal count: 5.,projection strength: 83.8,role and availability context: 35.0
,J.Burrow,CIN,PIT,QB,passing,,,12.668783544540773,1.689558026367739,26.284503997069507,17.307441183790203,,69.0,GOOD_SIGNAL,GOOD_SIGNAL,83.78,66.67,50.07,,,35,55,65.7,GOOD_SIGNAL at 69.0. Main support: projection strength: 83.8; usage foundation: 66.7. Main caution: role and availability context: 35.0; missing signal count: 5.,projection strength: 83.8,role and availability context: 35.0
,K.Wilkerson,LV,,WR,receiving,2.7847690001808334,26.01730808243704,,,,,,68.99,GOOD_SIGNAL,GOOD_SIGNAL,83.75,66.67,50.07,,,35,55,65.7,GOOD_SIGNAL at 69.0. Main support: projection strength: 83.8; usage foundation: 66.7. Main caution: role and availability context: 35.0; missing signal count: 5.,projection strength: 83.8,role and availability context: 35.0
,L.Fournette,BUF,,RB,receiving,0.6324827411137246,,26.8008670732614,4.411177281424672,,,,68.93,GOOD_SIGNAL,GOOD_SIGNAL,83.61,66.67,50.07,,,35,55,65.7,GOOD_SIGNAL at 68.9. Main support: projection strength: 83.6; usage foundation: 66.7. Main caution: role and availability context: 35.0; missing signal count: 5.,projection strength: 83.6,role and availability context: 35.0
,L.Fournette,BUF,,RB,rushing,0.6324827411137246,,26.8008670732614,4.411177281424672,,,,68.93,GOOD_SIGNAL,GOOD_SIGNAL,83.61,66.67,50.07,,,35,55,65.7,GOOD_SIGNAL at 68.9. Main support: projection strength: 83.6; usage foundation: 66.7. Main caution: role and availability context: 35.0; missing signal count: 5.,projection strength: 83.6,role and availability context: 35.0
,J.Agnew,JAX,,WR,receiving,2.453601215854316,31.27687554259201,,,,,,68.93,GOOD_SIGNAL,GOOD_SIGNAL,83.61,66.67,50.07,,,35,55,65.7,GOOD_SIGNAL at 68.9. Main support: projection strength: 83.6; usage foundation: 66.7. Main caution: role and availability context: 35.0; missing signal count: 5.,projection strength: 83.6,role and availability context: 35.0
,W.Snead,SF,,WR,receiving,2.7803342919585576,29.07335627454649,,,,,,68.92,GOOD_SIGNAL,GOOD_SIGNAL,83.59,66.67,50.07,,,35,55,65.7,GOOD_SIGNAL at 68.9. Main support: projection strength: 83.6; usage foundation: 66.7. Main caution: role and availability context: 35.0; missing signal count: 5.,projection strength: 83.6,role and availability context: 35.0
,B.Means,NO,,WR,receiving,2.51535871988594,31.18214864854972,,,,,,68.78,GOOD_SIGNAL,GOOD_SIGNAL,83.28,66.67,50.07,,,35,55,65.7,GOOD_SIGNAL at 68.8. Main support: projection strength: 83.3; usage foundation: 66.7. Main caution: role and availability context: 35.0; missing signal count: 5.,projection strength: 83.3,role and availability context: 35.0
,H.Renfrow,LV,,WR,receiving,2.760953618930476,30.4792660818878,,,,,,68.78,GOOD_SIGNAL,GOOD_SIGNAL,83.28,66.67,50.07,,,35,55,65.7,GOOD_SIGNAL at 68.8. Main support: projection strength: 83.3; usage foundation: 66.7. Main caution: role and availability context: 35.0; missing signal count: 5.,projection strength: 83.3,role and availability context: 35.0
,J.Funk,IND,,RB,receiving,0.918496049486286,8.985581175961983,25.49584928200112,4.410275583071406,,,,68.75,GOOD_SIGNAL,GOOD_SIGNAL,83.2,66.67,50.07,,,35,55,65.7,GOOD_SIGNAL at 68.8. Main support: projection strength: 83.2; usage foundation: 66.7. Main caution: role and availability context: 35.0; missing signal count: 5.,projection strength: 83.2,role and availability context: 35.0
,J.Funk,IND,,RB,rushing,0.918496049486286,8.985581175961983,25.49584928200112,4.410275583071406,,,,68.75,GOOD_SIGNAL,GOOD_SIGNAL,83.2,66.67,50.07,,,35,55,65.7,GOOD_SIGNAL at 68.8. Main support: projection strength: 83.2; usage foundation: 66.7. Main caution: role and availability context: 35.0; missing signal count: 5.,projection strength: 83.2,role and availability context: 35.0
,G.Edwards,LAC,,RB,receiving,0.8781802137591852,5.37065676795106,32.22459708844039,4.3700167874146985,,,,68.75,GOOD_SIGNAL,GOOD_SIGNAL,83.21,66.67,50.07,,,35,55,65.7,GOOD_SIGNAL at 68.8. Main support: projection strength: 83.2; usage foundation: 66.7. Main caution: role and availability context: 35.0; missing signal count: 5.,projection strength: 83.2,role and availability context: 35.0
,G.Edwards,LAC,,RB,rushing,0.8781802137591852,5.37065676795106,32.22459708844039,4.3700167874146985,,,,68.75,GOOD_SIGNAL,GOOD_SIGNAL,83.21,66.67,50.07,,,35,55,65.7,GOOD_SIGNAL at 68.8. Main support: projection strength: 83.2; usage foundation: 66.7. Main caution: role and availability context: 35.0; missing signal count: 5.,projection strength: 83.2,role and availability context: 35.0
,J.Johnson,NO,,TE,receiving,2.757947640498683,26.59213410339022,,,,,,68.71,GOOD_SIGNAL,GOOD_SIGNAL,83.12,66.67,50.07,,,35,55,65.7,GOOD_SIGNAL at 68.7. Main support: projection strength: 83.1; usage foundation: 66.7. Main caution: role and availability context: 35.0; missing signal count: 5.,projection strength: 83.1,role and availability context: 35.0
,M.Thomas,NO,,WR,receiving,2.757080647362246,31.08263986637456,,,,,,68.65,GOOD_SIGNAL,GOOD_SIGNAL,82.97,66.67,50.07,,,35,55,65.7,GOOD_SIGNAL at 68.7. Main support: projection strength: 83.0; usage foundation: 66.7. Main caution: role and availability context: 35.0; missing signal count: 5.,projection strength: 83.0,role and availability context: 35.0
,D.Mooney,ATL,,WR,receiving,2.258366220893562,31.054039091672777,,,,,,68.57,GOOD_SIGNAL,GOOD_SIGNAL,82.79,66.67,50.07,,,35,55,65.7,GOOD_SIGNAL at 68.6. Main support: projection strength: 82.8; usage foundation: 66.7. Main caution: role and availability context: 35.0; missing signal count: 5.,projection strength: 82.8,role and availability context: 35.0
,S.Zylstra,DET,,TE,receiving,1.806444731246992,30.90958807814968,,,,,,68.5,GOOD_SIGNAL,GOOD_SIGNAL,82.62,66.67,50.07,,,35,55,65.7,GOOD_SIGNAL at 68.5. Main support: projection strength: 82.6; usage foundation: 66.7. Main caution: role and availability context: 35.0; missing signal count: 5.,projection strength: 82.6,role and availability context: 35.0
,I.Hodgins,NYG,,WR,receiving,2.739546700822449,22.987054762526245,,,,,,68.44,GOOD_SIGNAL,GOOD_SIGNAL,82.5,66.67,50.07,,,35,55,65.7,GOOD_SIGNAL at 68.4. Main support: projection strength: 82.5; usage foundation: 66.7. Main caution: role and availability context: 35.0; missing signal count: 5.,projection strength: 82.5,role and availability context: 35.0
,L.Perine,KC,,RB,receiving,0.9464645434610474,9.035043619435957,31.74314282417636,2.667228767216641,,,,68.43,GOOD_SIGNAL,GOOD_SIGNAL,82.46,66.67,50.07,,,35,55,65.7,GOOD_SIGNAL at 68.4. Main support: projection strength: 82.5; usage foundation: 66.7. Main caution: role and availability context: 35.0; missing signal count: 5.,projection strength: 82.5,role and availability context: 35.0
,L.Perine,KC,,RB,rushing,0.9464645434610474,9.035043619435957,31.74314282417636,2.667228767216641,,,,68.43,GOOD_SIGNAL,GOOD_SIGNAL,82.46,66.67,50.07,,,35,55,65.7,GOOD_SIGNAL at 68.4. Main support: projection strength: 82.5; usage foundation: 66.7. Main caution: role and availability context: 35.0; missing signal count: 5.,projection strength: 82.5,role and availability context: 35.0
,Z.Charbonnet,SEA,,RB,receiving,1.2725377877071482,11.55968427643497,30.029958701732657,4.277682911698478,,,,68.39,GOOD_SIGNAL,GOOD_SIGNAL,82.38,66.67,50.07,,,35,55,65.7,GOOD_SIGNAL at 68.4. Main support: projection strength: 82.4; usage foundation: 66.7. Main caution: role and availability context: 35.0; missing signal count: 5.,projection strength: 82.4,role and availability context: 35.0
,Z.Charbonnet,SEA,,RB,rushing,1.2725377877071482,11.55968427643497,30.029958701732657,4.277682911698478,,,,68.39,GOOD_SIGNAL,GOOD_SIGNAL,82.38,66.67,50.07,,,35,55,65.7,GOOD_SIGNAL at 68.4. Main support: projection strength: 82.4; usage foundation: 66.7. Main caution: role and availability context: 35.0; missing signal count: 5.,projection strength: 82.4,role and availability context: 35.0
,T.Lockett,SEA,,WR,receiving,2.7394557395301686,30.56807898187654,,,,,,68.37,GOOD_SIGNAL,GOOD_SIGNAL,82.34,66.67,50.07,,,35,55,65.7,GOOD_SIGNAL at 68.4. Main support: projection strength: 82.3; usage foundation: 66.7. Main caution: role and availability context: 35.0; missing signal count: 5.,projection strength: 82.3,role and availability context: 35.0
00-0034796,L.Jackson,BAL,BUF,QB,passing,,,,,,,205.69426057052928,68.28,GOOD_SIGNAL,GOOD_SIGNAL,85.19,33.33,100.0,42.59,64.0,35,55,87.75,GOOD_SIGNAL at 68.3. Main support: recent form: 100.0; data quality: 87.8. Main caution: usage foundation: 33.3; role and availability context: 35.0.,recent form: 100.0,usage foundation: 33.3
,J.Warren,PIT,,RB,receiving,1.871399943004425,13.800936770121066,31.291496900119217,3.6851832719553386,,,,68.26,GOOD_SIGNAL,GOOD_SIGNAL,82.09,66.67,50.07,,,35,55,65.7,GOOD_SIGNAL at 68.3. Main support: projection strength: 82.1; usage foundation: 66.7. Main caution: role and availability context: 35.0; missing signal count: 5.,projection strength: 82.1,role and availability context: 35.0
,J.Warren,PIT,,RB,rushing,1.871399943004425,13.800936770121066,31.291496900119217,3.6851832719553386,,,,68.26,GOOD_SIGNAL,GOOD_SIGNAL,82.09,66.67,50.07,,,35,55,65.7,GOOD_SIGNAL at 68.3. Main support: projection strength: 82.1; usage foundation: 66.7. Main caution: role and availability context: 35.0; missing signal count: 5.,projection strength: 82.1,role and availability context: 35.0
,N.Fant,SEA,,TE,receiving,2.7147327092041054,26.014209610354047,,,,,,68.24,GOOD_SIGNAL,GOOD_SIGNAL,82.03,66.67,50.07,,,35,55,65.7,GOOD_SIGNAL at 68.2. Main support: projection strength: 82.0; usage foundation: 66.7. Main caution: role and availability context: 35.0; missing signal count: 5.,projection strength: 82.0,role and availability context: 35.0
,E.Hull,IND,,RB,receiving,0.918496049486286,7.68041587120814,21.90777916918319,4.23401452422043,,,,68.21,GOOD_SIGNAL,GOOD_SIGNAL,81.97,66.67,50.07,,,35,55,65.7,GOOD_SIGNAL at 68.2. Main support: projection strength: 82.0; usage foundation: 66.7. Main caution: role and availability context: 35.0; missing signal count: 5.,projection strength: 82.0,role and availability context: 35.0
,E.Hull,IND,,RB,rushing,0.918496049486286,7.68041587120814,21.90777916918319,4.23401452422043,,,,68.21,GOOD_SIGNAL,GOOD_SIGNAL,81.97,66.67,50.07,,,35,55,65.7,GOOD_SIGNAL at 68.2. Main support: projection strength: 82.0; usage foundation: 66.7. Main caution: role and availability context: 35.0; missing signal count: 5.,projection strength: 82.0,role and availability context: 35.0
,A.Mattison,LV,,RB,receiving,1.7836402480484266,13.614165256352273,30.989824968496617,3.826656695686112,,,,68.1,GOOD_SIGNAL,GOOD_SIGNAL,81.72,66.67,50.07,,,35,55,65.7,GOOD_SIGNAL at 68.1. Main support: projection strength: 81.7; usage foundation: 66.7. Main caution: role and availability context: 35.0; missing signal count: 5.,projection strength: 81.7,role and availability context: 35.0
,A.Mattison,LV,,RB,rushing,1.7836402480484266,13.614165256352273,30.989824968496617,3.826656695686112,,,,68.1,GOOD_SIGNAL,GOOD_SIGNAL,81.72,66.67,50.07,,,35,55,65.7,GOOD_SIGNAL at 68.1. Main support: projection strength: 81.7; usage foundation: 66.7. Main caution: role and availability context: 35.0; missing signal count: 5.,projection strength: 81.7,role and availability context: 35.0
,K.Kirkwood,NO,,WR,receiving,2.694584205006243,28.372923802141088,,,,,,68.03,GOOD_SIGNAL,GOOD_SIGNAL,81.56,66.67,50.07,,,35,55,65.7,GOOD_SIGNAL at 68.0. Main support: projection strength: 81.6; usage foundation: 66.7. Main caution: role and availability context: 35.0; missing signal count: 5.,projection strength: 81.6,role and availability context: 35.0
,L.Murray,BUF,,RB,receiving,0.8583179691377899,7.426684474407774,26.287095418617124,4.205532823578348,,,,68.03,GOOD_SIGNAL,GOOD_SIGNAL,81.56,66.67,50.07,,,35,55,65.7,GOOD_SIGNAL at 68.0. Main support: projection strength: 81.6; usage foundation: 66.7. Main caution: role and availability context: 35.0; missing signal count: 5.,projection strength: 81.6,role and availability context: 35.0
,L.Murray,BUF,,RB,rushing,0.8583179691377899,7.426684474407774,26.287095418617124,4.205532823578348,,,,68.03,GOOD_SIGNAL,GOOD_SIGNAL,81.56,66.67,50.07,,,35,55,65.7,GOOD_SIGNAL at 68.0. Main support: projection strength: 81.6; usage foundation: 66.7. Main caution: role and availability context: 35.0; missing signal count: 5.,projection strength: 81.6,role and availability context: 35.0
,K.Coleman,BUF,,WR,receiving,1.9579235235314365,30.310857748252136,,,,,,68.0,GOOD_SIGNAL,GOOD_SIGNAL,81.48,66.67,50.07,,,35,55,65.7,GOOD_SIGNAL at 68.0. Main support: projection strength: 81.5; usage foundation: 66.7. Main caution: role and availability context: 35.0; missing signal count: 5.,projection strength: 81.5,role and availability context: 35.0
,J.Akins,CLE,,TE,receiving,2.5478939645554965,24.02674112490369,,,,,,67.97,GOOD_SIGNAL,GOOD_SIGNAL,81.41,66.67,50.07,,,35,55,65.7,GOOD_SIGNAL at 68.0. Main support: projection strength: 81.4; usage foundation: 66.7. Main caution: role and availability context: 35.0; missing signal count: 5.,projection strength: 81.4,role and availability context: 35.0
,Z.Flowers,BAL,,WR,receiving,2.339615920257341,30.1445671198948,,,,,,67.92,GOOD_SIGNAL,GOOD_SIGNAL,81.31,66.67,50.07,,,35,55,65.7,GOOD_SIGNAL at 67.9. Main support: projection strength: 81.3; usage foundation: 66.7. Main caution: role and availability context: 35.0; missing signal count: 5.,projection strength: 81.3,role and availability context: 35.0
,T.Johnson,LA,,WR,receiving,2.535550364861741,28.152035285491667,,,,,,67.9,GOOD_SIGNAL,GOOD_SIGNAL,81.25,66.67,50.07,,,35,55,65.7,GOOD_SIGNAL at 67.9. Main support: projection strength: 81.2; usage foundation: 66.7. Main caution: role and availability context: 35.0; missing signal count: 5.,projection strength: 81.2,role and availability context: 35.0
,J.McLaughlin,DEN,,RB,receiving,1.226975751153154,6.938131968503254,27.000857895142293,4.163391355370579,,,,67.85,GOOD_SIGNAL,GOOD_SIGNAL,81.15,66.67,50.07,,,35,55,65.7,GOOD_SIGNAL at 67.8. Main support: projection strength: 81.2; usage foundation: 66.7. Main caution: role and availability context: 35.0; missing signal count: 5.,projection strength: 81.2,role and availability context: 35.0
,J.McLaughlin,DEN,,RB,rushing,1.226975751153154,6.938131968503254,27.000857895142293,4.163391355370579,,,,67.85,GOOD_SIGNAL,GOOD_SIGNAL,81.15,66.67,50.07,,,35,55,65.7,GOOD_SIGNAL at 67.8. Main support: projection strength: 81.2; usage foundation: 66.7. Main caution: role and availability context: 35.0; missing signal count: 5.,projection strength: 81.2,role and availability context: 35.0
,M.Jones,DET,,WR,receiving,2.522966140022436,27.77426369361969,,,,,,67.83,GOOD_SIGNAL,GOOD_SIGNAL,81.09,66.67,50.07,,,35,55,65.7,GOOD_SIGNAL at 67.8. Main support: projection strength: 81.1; usage foundation: 66.7. Main caution: role and availability context: 35.0; missing signal count: 5.,projection strength: 81.1,role and availability context: 35.0
,B.Oliver,TEN,,WR,receiving,2.13417112622218,30.075774094778893,,,,,,67.78,GOOD_SIGNAL,GOOD_SIGNAL,80.98,66.67,50.07,,,35,55,65.7,GOOD_SIGNAL at 67.8. Main support: projection strength: 81.0; usage foundation: 66.7. Main caution: role and availability context: 35.0; missing signal count: 5.,projection strength: 81.0,role and availability context: 35.0
,D.Singletary,NYG,,RB,receiving,1.1070389196178942,8.322030960906226,30.701811072684126,2.917020461671057,,,,67.77,GOOD_SIGNAL,GOOD_SIGNAL,80.97,66.67,50.07,,,35,55,65.7,GOOD_SIGNAL at 67.8. Main support: projection strength: 81.0; usage foundation: 66.7. Main caution: role and availability context: 35.0; missing signal count: 5.,projection strength: 81.0,role and availability context: 35.0
,D.Singletary,NYG,,RB,rushing,1.1070389196178942,8.322030960906226,30.701811072684126,2.917020461671057,,,,67.77,GOOD_SIGNAL,GOOD_SIGNAL,80.97,66.67,50.07,,,35,55,65.7,GOOD_SIGNAL at 67.8. Main support: projection strength: 81.0; usage foundation: 66.7. Main caution: role and availability context: 35.0; missing signal count: 5.,projection strength: 81.0,role and availability context: 35.0
,R.Bateman,BAL,,WR,receiving,2.1052921723365308,29.78137843863804,,,,,,67.71,GOOD_SIGNAL,GOOD_SIGNAL,80.82,66.67,50.07,,,35,55,65.7,GOOD_SIGNAL at 67.7. Main support: projection strength: 80.8; usage foundation: 66.7. Main caution: role and availability context: 35.0; missing signal count: 5.,projection strength: 80.8,role and availability context: 35.0
,D.Henderson,LA,,RB,receiving,1.7079296274888542,13.39023905122405,30.103106358652763,2.8005628269526985,,,,67.61,GOOD_SIGNAL,GOOD_SIGNAL,80.6,66.67,50.07,,,35,55,65.7,GOOD_SIGNAL at 67.6. Main support: projection strength: 80.6; usage foundation: 66.7. Main caution: role and availability context: 35.0; missing signal count: 5.,projection strength: 80.6,role and availability context: 35.0
,D.Henderson,LA,,RB,rushing,1.7079296274888542,13.39023905122405,30.103106358652763,2.8005628269526985,,,,67.61,GOOD_SIGNAL,GOOD_SIGNAL,80.6,66.67,50.07,,,35,55,65.7,GOOD_SIGNAL at 67.6. Main support: projection strength: 80.6; usage foundation: 66.7. Main caution: role and availability context: 35.0; missing signal count: 5.,projection strength: 80.6,role and availability context: 35.0
,T.Conklin,NYJ,,TE,receiving,2.5042485652110176,22.62347679517474,,,,,,67.55,GOOD_SIGNAL,GOOD_SIGNAL,80.47,66.67,50.07,,,35,55,65.7,GOOD_SIGNAL at 67.5. Main support: projection strength: 80.5; usage foundation: 66.7. Main caution: role and availability context: 35.0; missing signal count: 5.,projection strength: 80.5,role and availability context: 35.0
,D.Harris,BUF,,RB,receiving,0.7206299599157221,5.641326740330908,25.959337907648948,4.081848113424401,,,,67.49,GOOD_SIGNAL,GOOD_SIGNAL,80.33,66.67,50.07,,,35,55,65.7,GOOD_SIGNAL at 67.5. Main support: projection strength: 80.3; usage foundation: 66.7. Main caution: role and availability context: 35.0; missing signal count: 5.,projection strength: 80.3,role and availability context: 35.0
,D.Harris,BUF,,RB,rushing,0.7206299599157221,5.641326740330908,25.959337907648948,4.081848113424401,,,,67.49,GOOD_SIGNAL,GOOD_SIGNAL,80.33,66.67,50.07,,,35,55,65.7,GOOD_SIGNAL at 67.5. Main support: projection strength: 80.3; usage foundation: 66.7. Main caution: role and availability context: 35.0; missing signal count: 5.,projection strength: 80.3,role and availability context: 35.0
,A.Ekeler,WAS,,RB,receiving,1.9506287903941195,16.759360924554077,30.076306720564915,3.80204387017249,,,,67.45,GOOD_SIGNAL,GOOD_SIGNAL,80.22,66.67,50.07,,,35,55,65.7,GOOD_SIGNAL at 67.5. Main support: projection strength: 80.2; usage foundation: 66.7. Main caution: role and availability context: 35.0; missing signal count: 5.,projection strength: 80.2,role and availability context: 35.0
,A.Ekeler,WAS,,RB,rushing,1.9506287903941195,16.759360924554077,30.076306720564915,3.80204387017249,,,,67.45,GOOD_SIGNAL,GOOD_SIGNAL,80.22,66.67,50.07,,,35,55,65.7,GOOD_SIGNAL at 67.5. Main support: projection strength: 80.2; usage foundation: 66.7. Main caution: role and availability context: 35.0; missing signal count: 5.,projection strength: 80.2,role and availability context: 35.0
,K.Philips,TEN,,WR,receiving,2.4640579962027624,29.5187371534198,,,,,,67.42,GOOD_SIGNAL,GOOD_SIGNAL,80.16,66.67,50.07,,,35,55,65.7,GOOD_SIGNAL at 67.4. Main support: projection strength: 80.2; usage foundation: 66.7. Main caution: role and availability context: 35.0; missing signal count: 5.,projection strength: 80.2,role and availability context: 35.0
,B.Cooks,DAL,,WR,receiving,2.471046996313683,26.37011752062305,,,,,,67.28,GOOD_SIGNAL,GOOD_SIGNAL,79.84,66.67,50.07,,,35,55,65.7,GOOD_SIGNAL at 67.3. Main support: projection strength: 79.8; usage foundation: 66.7. Main caution: role and availability context: 35.0; missing signal count: 5.,projection strength: 79.8,role and availability context: 35.0
,E.All,CIN,,TE,receiving,2.4672217455316443,20.54519581465257,,,,,,67.21,GOOD_SIGNAL,GOOD_SIGNAL,79.69,66.67,50.07,,,35,55,65.7,GOOD_SIGNAL at 67.2. Main support: projection strength: 79.7; usage foundation: 66.7. Main caution: role and availability context: 35.0; missing signal count: 5.,projection strength: 79.7,role and availability context: 35.0
,C.Samuel,BUF,,WR,receiving,2.467179793645456,24.56274305674929,,,,,,67.14,GOOD_SIGNAL,GOOD_SIGNAL,79.53,66.67,50.07,,,35,55,65.7,GOOD_SIGNAL at 67.1. Main support: projection strength: 79.5; usage foundation: 66.7. Main caution: role and availability context: 35.0; missing signal count: 5.,projection strength: 79.5,role and availability context: 35.0
,D.Gore,WAS,,RB,receiving,0.8311136846039853,6.388853308233744,29.52251105690351,2.998359561035329,,,,67.12,GOOD_SIGNAL,GOOD_SIGNAL,79.48,66.67,50.07,,,35,55,65.7,GOOD_SIGNAL at 67.1. Main support: projection strength: 79.5; usage foundation: 66.7. Main caution: role and availability context: 35.0; missing signal count: 5.,projection strength: 79.5,role and availability context: 35.0
,D.Gore,WAS,,RB,rushing,0.8311136846039853,6.388853308233744,29.52251105690351,2.998359561035329,,,,67.12,GOOD_SIGNAL,GOOD_SIGNAL,79.48,66.67,50.07,,,35,55,65.7,GOOD_SIGNAL at 67.1. Main support: projection strength: 79.5; usage foundation: 66.7. Main caution: role and availability context: 35.0; missing signal count: 5.,projection strength: 79.5,role and availability context: 35.0
,D.Wicks,GB,,WR,receiving,2.467096021395735,28.32838577132392,,,,,,67.08,GOOD_SIGNAL,GOOD_SIGNAL,79.38,66.67,50.07,,,35,55,65.7,GOOD_SIGNAL at 67.1. Main support: projection strength: 79.4; usage foundation: 66.7. Main caution: role and availability context: 35.0; missing signal count: 5.,projection strength: 79.4,role and availability context: 35.0
,R.Jarrett,TB,,WR,receiving,2.237659233523907,28.83017430936411,,,,,,67.06,GOOD_SIGNAL,GOOD_SIGNAL,79.34,66.67,50.07,,,35,55,65.7,GOOD_SIGNAL at 67.1. Main support: projection strength: 79.3; usage foundation: 66.7. Main caution: role and availability context: 35.0; missing signal count: 5.,projection strength: 79.3,role and availability context: 35.0
,T.Scott,CHI,,WR,receiving,2.466679907080949,20.958970515626657,,,,,,67.01,GOOD_SIGNAL,GOOD_SIGNAL,79.22,66.67,50.07,,,35,55,65.7,GOOD_SIGNAL at 67.0. Main support: projection strength: 79.2; usage foundation: 66.7. Main caution: role and availability context: 35.0; missing signal count: 5.,projection strength: 79.2,role and availability context: 35.0
00-0034869,S.Darnold,MIN,LA,QB,passing,,,,,,,185.7432591878487,67.01,GOOD_SIGNAL,GOOD_SIGNAL,70.37,33.33,99.87,83.33,,35,55,79.0,GOOD_SIGNAL at 67.0. Main support: recent form: 99.9; opponent defense fit: 83.3. Main caution: usage foundation: 33.3; role and availability context: 35.0.,recent form: 99.9,usage foundation: 33.3
,R.Freeman,LA,,RB,receiving,0.9522926748192442,9.541742755404226,29.11657345931349,2.6602352478902427,,,,66.96,GOOD_SIGNAL,GOOD_SIGNAL,79.1,66.67,50.07,,,35,55,65.7,GOOD_SIGNAL at 67.0. Main support: projection strength: 79.1; usage foundation: 66.7. Main caution: role and availability context: 35.0; missing signal count: 5.,projection strength: 79.1,role and availability context: 35.0
,R.Freeman,LA,,RB,rushing,0.9522926748192442,9.541742755404226,29.11657345931349,2.6602352478902427,,,,66.96,GOOD_SIGNAL,GOOD_SIGNAL,79.1,66.67,50.07,,,35,55,65.7,GOOD_SIGNAL at 67.0. Main support: projection strength: 79.1; usage foundation: 66.7. Main caution: role and availability context: 35.0; missing signal count: 5.,projection strength: 79.1,role and availability context: 35.0
,R.Mostert,MIA,,RB,receiving,1.316978202622196,12.253915444118666,27.816863404894367,3.949839138235341,,,,66.96,GOOD_SIGNAL,GOOD_SIGNAL,79.1,66.67,50.07,,,35,55,65.7,GOOD_SIGNAL at 67.0. Main support: projection strength: 79.1; usage foundation: 66.7. Main caution: role and availability context: 35.0; missing signal count: 5.,projection strength: 79.1,role and availability context: 35.0
,R.Mostert,MIA,,RB,rushing,1.316978202622196,12.253915444118666,27.816863404894367,3.949839138235341,,,,66.96,GOOD_SIGNAL,GOOD_SIGNAL,79.1,66.67,50.07,,,35,55,65.7,GOOD_SIGNAL at 67.0. Main support: projection strength: 79.1; usage foundation: 66.7. Main caution: role and availability context: 35.0; missing signal count: 5.,projection strength: 79.1,role and availability context: 35.0
,D.Culp,TB,,TE,receiving,2.005242642663176,28.81491341115072,,,,,,66.92,GOOD_SIGNAL,GOOD_SIGNAL,79.02,66.67,50.07,,,35,55,65.7,GOOD_SIGNAL at 66.9. Main support: projection strength: 79.0; usage foundation: 66.7. Main caution: role and availability context: 35.0; missing signal count: 5.,projection strength: 79.0,role and availability context: 35.0
,G.Smith,SEA,LA,QB,rushing,,,15.887053331716004,1.896607630058907,23.049590702648366,13.428567798106926,,66.82,GOOD_SIGNAL,GOOD_SIGNAL,78.79,66.67,50.07,,,35,55,65.7,GOOD_SIGNAL at 66.8. Main support: projection strength: 78.8; usage foundation: 66.7. Main caution: role and availability context: 35.0; missing signal count: 5.,projection strength: 78.8,role and availability context: 35.0
,G.Smith,SEA,LA,QB,passing,,,15.887053331716004,1.896607630058907,23.049590702648366,13.428567798106926,,66.82,GOOD_SIGNAL,GOOD_SIGNAL,78.79,66.67,50.07,,,35,55,65.7,GOOD_SIGNAL at 66.8. Main support: projection strength: 78.8; usage foundation: 66.7. Main caution: role and availability context: 35.0; missing signal count: 5.,projection strength: 78.8,role and availability context: 35.0
,B.Powell,MIN,,WR,receiving,2.452245863831424,26.255266516638297,,,,,,66.8,GOOD_SIGNAL,GOOD_SIGNAL,78.75,66.67,50.07,,,35,55,65.7,GOOD_SIGNAL at 66.8. Main support: projection strength: 78.8; usage foundation: 66.7. Main caution: role and availability context: 35.0; missing signal count: 5.,projection strength: 78.8,role and availability context: 35.0
,B.Bolden,LV,,RB,receiving,0.8154322943284383,6.268308906191598,28.02580319548024,2.696043889876261,,,,66.79,GOOD_SIGNAL,GOOD_SIGNAL,78.73,66.67,50.07,,,35,55,65.7,GOOD_SIGNAL at 66.8. Main support: projection strength: 78.7; usage foundation: 66.7. Main caution: role and availability context: 35.0; missing signal count: 5.,projection strength: 78.7,role and availability context: 35.0
,B.Bolden,LV,,RB,rushing,0.8154322943284383,6.268308906191598,28.02580319548024,2.696043889876261,,,,66.79,GOOD_SIGNAL,GOOD_SIGNAL,78.73,66.67,50.07,,,35,55,65.7,GOOD_SIGNAL at 66.8. Main support: projection strength: 78.7; usage foundation: 66.7. Main caution: role and availability context: 35.0; missing signal count: 5.,projection strength: 78.7,role and availability context: 35.0
,A.Estime,DEN,,RB,receiving,0.9187746042882224,6.608784295611836,23.9360529714678,3.913689029394693,,,,66.78,GOOD_SIGNAL,GOOD_SIGNAL,78.69,66.67,50.07,,,35,55,65.7,GOOD_SIGNAL at 66.8. Main support: projection strength: 78.7; usage foundation: 66.7. Main caution: role and availability context: 35.0; missing signal count: 5.,projection strength: 78.7,role and availability context: 35.0
,A.Estime,DEN,,RB,rushing,0.9187746042882224,6.608784295611836,23.9360529714678,3.913689029394693,,,,66.78,GOOD_SIGNAL,GOOD_SIGNAL,78.69,66.67,50.07,,,35,55,65.7,GOOD_SIGNAL at 66.8. Main support: projection strength: 78.7; usage foundation: 66.7. Main caution: role and availability context: 35.0; missing signal count: 5.,projection strength: 78.7,role and availability context: 35.0
,J.Brownlee,NYJ,,WR,receiving,2.4184156277977875,28.570212623599065,,,,,,66.78,GOOD_SIGNAL,GOOD_SIGNAL,78.69,66.67,50.07,,,35,55,65.7,GOOD_SIGNAL at 66.8. Main support: projection strength: 78.7; usage foundation: 66.7. Main caution: role and availability context: 35.0; missing signal count: 5.,projection strength: 78.7,role and availability context: 35.0
,R.McCloud,ATL,,WR,receiving,2.450332297235219,27.289763556663164,,,,,,66.73,GOOD_SIGNAL,GOOD_SIGNAL,78.59,66.67,50.07,,,35,55,65.7,GOOD_SIGNAL at 66.7. Main support: projection strength: 78.6; usage foundation: 66.7. Main caution: role and availability context: 35.0; missing signal count: 5.,projection strength: 78.6,role and availability context: 35.0
,T.Wallace,BAL,,WR,receiving,1.820418002854144,28.533980528889288,,,,,,66.7,GOOD_SIGNAL,GOOD_SIGNAL,78.52,66.67,50.07,,,35,55,65.7,GOOD_SIGNAL at 66.7. Main support: projection strength: 78.5; usage foundation: 66.7. Main caution: role and availability context: 35.0; missing signal count: 5.,projection strength: 78.5,role and availability context: 35.0
00-0039910,J.Daniels,WAS,PHI,QB,passing,,,,,,,202.0563364931144,66.62,GOOD_SIGNAL,GOOD_SIGNAL,77.78,33.33,100.0,53.7,,35,55,79.0,GOOD_SIGNAL at 66.6. Main support: recent form: 100.0; data quality: 79.0. Main caution: usage foundation: 33.3; role and availability context: 35.0.,recent form: 100.0,usage foundation: 33.3
,I.Williams,CIN,,WR,receiving,2.441689920206928,15.376492246883984,,,,,,66.6,GOOD_SIGNAL,GOOD_SIGNAL,78.28,66.67,50.07,,,35,55,65.7,GOOD_SIGNAL at 66.6. Main support: projection strength: 78.3; usage foundation: 66.7. Main caution: role and availability context: 35.0; missing signal count: 5.,projection strength: 78.3,role and availability context: 35.0
,R.Davis,BUF,,RB,receiving,0.8446586015174873,9.792890132154149,24.00860777381424,3.902361667758951,,,,66.6,GOOD_SIGNAL,GOOD_SIGNAL,78.28,66.67,50.07,,,35,55,65.7,GOOD_SIGNAL at 66.6. Main support: projection strength: 78.3; usage foundation: 66.7. Main caution: role and availability context: 35.0; missing signal count: 5.,projection strength: 78.3,role and availability context: 35.0
,R.Davis,BUF,,RB,rushing,0.8446586015174873,9.792890132154149,24.00860777381424,3.902361667758951,,,,66.6,GOOD_SIGNAL,GOOD_SIGNAL,78.28,66.67,50.07,,,35,55,65.7,GOOD_SIGNAL at 66.6. Main support: projection strength: 78.3; usage foundation: 66.7. Main caution: role and availability context: 35.0; missing signal count: 5.,projection strength: 78.3,role and availability context: 35.0
,E.St. Brown,CHI,,WR,receiving,2.3611655183147926,28.43697173983749,,,,,,66.56,GOOD_SIGNAL,GOOD_SIGNAL,78.2,66.67,50.07,,,35,55,65.7,GOOD_SIGNAL at 66.6. Main support: projection strength: 78.2; usage foundation: 66.7. Main caution: role and availability context: 35.0; missing signal count: 5.,projection strength: 78.2,role and availability context: 35.0
,L.Shenault,SEA,,WR,receiving,2.440692456561257,20.89497961441524,,,,,,66.53,GOOD_SIGNAL,GOOD_SIGNAL,78.12,66.67,50.07,,,35,55,65.7,GOOD_SIGNAL at 66.5. Main support: projection strength: 78.1; usage foundation: 66.7. Main caution: role and availability context: 35.0; missing signal count: 5.,projection strength: 78.1,role and availability context: 35.0
,E.Mitchell,SF,,RB,receiving,1.0694052632857127,8.013663676264818,27.55186890964556,2.588918364068929,,,,66.47,GOOD_SIGNAL,GOOD_SIGNAL,77.99,66.67,50.07,,,35,55,65.7,GOOD_SIGNAL at 66.5. Main support: projection strength: 78.0; usage foundation: 66.7. Main caution: role and availability context: 35.0; missing signal count: 5.,projection strength: 78.0,role and availability context: 35.0
,E.Mitchell,SF,,RB,rushing,1.0694052632857127,8.013663676264818,27.55186890964556,2.588918364068929,,,,66.47,GOOD_SIGNAL,GOOD_SIGNAL,77.99,66.67,50.07,,,35,55,65.7,GOOD_SIGNAL at 66.5. Main support: projection strength: 78.0; usage foundation: 66.7. Main caution: role and availability context: 35.0; missing signal count: 5.,projection strength: 78.0,role and availability context: 35.0
,D.Duvernay,JAX,,WR,receiving,2.4367761002106048,20.87348186514545,,,,,,66.46,GOOD_SIGNAL,GOOD_SIGNAL,77.97,66.67,50.07,,,35,55,65.7,GOOD_SIGNAL at 66.5. Main support: projection strength: 78.0; usage foundation: 66.7. Main caution: role and availability context: 35.0; missing signal count: 5.,projection strength: 78.0,role and availability context: 35.0
,C.Conley,SF,,WR,receiving,2.2115615106279525,28.370909507164026,,,,,,66.42,GOOD_SIGNAL,GOOD_SIGNAL,77.87,66.67,50.07,,,35,55,65.7,GOOD_SIGNAL at 66.4. Main support: projection strength: 77.9; usage foundation: 66.7. Main caution: role and availability context: 35.0; missing signal count: 5.,projection strength: 77.9,role and availability context: 35.0
,R.Penny,PHI,,RB,receiving,0.7490573290276635,5.392339310033563,24.136441582954905,3.89606556882958,,,,66.42,GOOD_SIGNAL,GOOD_SIGNAL,77.87,66.67,50.07,,,35,55,65.7,GOOD_SIGNAL at 66.4. Main support: projection strength: 77.9; usage foundation: 66.7. Main caution: role and availability context: 35.0; missing signal count: 5.,projection strength: 77.9,role and availability context: 35.0
,R.Penny,PHI,,RB,rushing,0.7490573290276635,5.392339310033563,24.136441582954905,3.89606556882958,,,,66.42,GOOD_SIGNAL,GOOD_SIGNAL,77.87,66.67,50.07,,,35,55,65.7,GOOD_SIGNAL at 66.4. Main support: projection strength: 77.9; usage foundation: 66.7. Main caution: role and availability context: 35.0; missing signal count: 5.,projection strength: 77.9,role and availability context: 35.0
,K.Bourne,NE,,WR,receiving,2.4342230058271683,26.833900598093024,,,,,,66.39,GOOD_SIGNAL,GOOD_SIGNAL,77.81,66.67,50.07,,,35,55,65.7,GOOD_SIGNAL at 66.4. Main support: projection strength: 77.8; usage foundation: 66.7. Main caution: role and availability context: 35.0; missing signal count: 5.,projection strength: 77.8,role and availability context: 35.0
,K.Hodge,ATL,,WR,receiving,1.8166614091456568,28.36413102582315,,,,,,66.34,GOOD_SIGNAL,GOOD_SIGNAL,77.7,66.67,50.07,,,35,55,65.7,GOOD_SIGNAL at 66.3. Main support: projection strength: 77.7; usage foundation: 66.7. Main caution: role and availability context: 35.0; missing signal count: 5.,projection strength: 77.7,role and availability context: 35.0
,J.Guyton,LAC,,WR,receiving,2.433820717755571,27.67925080616822,,,,,,66.33,GOOD_SIGNAL,GOOD_SIGNAL,77.66,66.67,50.07,,,35,55,65.7,GOOD_SIGNAL at 66.3. Main support: projection strength: 77.7; usage foundation: 66.7. Main caution: role and availability context: 35.0; missing signal count: 5.,projection strength: 77.7,role and availability context: 35.0
,A.Gibson,NE,,RB,receiving,1.1893382941955852,11.64840126572974,27.43674312920316,3.136305574531609,,,,66.3,GOOD_SIGNAL,GOOD_SIGNAL,77.61,66.67,50.07,,,35,55,65.7,GOOD_SIGNAL at 66.3. Main support: projection strength: 77.6; usage foundation: 66.7. Main caution: role and availability context: 35.0; missing signal count: 5.,projection strength: 77.6,role and availability context: 35.0
,A.Gibson,NE,,RB,rushing,1.1893382941955852,11.64840126572974,27.43674312920316,3.136305574531609,,,,66.3,GOOD_SIGNAL,GOOD_SIGNAL,77.61,66.67,50.07,,,35,55,65.7,GOOD_SIGNAL at 66.3. Main support: projection strength: 77.6; usage foundation: 66.7. Main caution: role and availability context: 35.0; missing signal count: 5.,projection strength: 77.6,role and availability context: 35.0
,R.Cobb,NYJ,,WR,receiving,2.4305533729967714,27.12963026352985,,,,,,66.26,GOOD_SIGNAL,GOOD_SIGNAL,77.5,66.67,50.07,,,35,55,65.7,GOOD_SIGNAL at 66.3. Main support: projection strength: 77.5; usage foundation: 66.7. Main caution: role and availability context: 35.0; missing signal count: 5.,projection strength: 77.5,role and availability context: 35.0
,C.Akers,MIN,,RB,receiving,1.239957535863207,8.595621838603204,26.666881851612523,3.8922176144927056,,,,66.24,GOOD_SIGNAL,GOOD_SIGNAL,77.46,66.67,50.07,,,35,55,65.7,GOOD_SIGNAL at 66.2. Main support: projection strength: 77.5; usage foundation: 66.7. Main caution: role and availability context: 35.0; missing signal count: 5.,projection strength: 77.5,role and availability context: 35.0
,C.Akers,MIN,,RB,rushing,1.239957535863207,8.595621838603204,26.666881851612523,3.8922176144927056,,,,66.24,GOOD_SIGNAL,GOOD_SIGNAL,77.46,66.67,50.07,,,35,55,65.7,GOOD_SIGNAL at 66.2. Main support: projection strength: 77.5; usage foundation: 66.7. Main caution: role and availability context: 35.0; missing signal count: 5.,projection strength: 77.5,role and availability context: 35.0
,J.Tolbert,DAL,,WR,receiving,2.364032105768626,28.29359732803829,,,,,,66.2,GOOD_SIGNAL,GOOD_SIGNAL,77.38,66.67,50.07,,,35,55,65.7,GOOD_SIGNAL at 66.2. Main support: projection strength: 77.4; usage foundation: 66.7. Main caution: role and availability context: 35.0; missing signal count: 5.,projection strength: 77.4,role and availability context: 35.0
,M.Kinsey,TEN,,WR,receiving,2.424136633601142,22.700878489377725,,,,,,66.19,GOOD_SIGNAL,GOOD_SIGNAL,77.34,66.67,50.07,,,35,55,65.7,GOOD_SIGNAL at 66.2. Main support: projection strength: 77.3; usage foundation: 66.7. Main caution: role and availability context: 35.0; missing signal count: 5.,projection strength: 77.3,role and availability context: 35.0
,M.Goodwin,CLE,,WR,receiving,2.1946384390823868,28.26123524944781,,,,,,66.13,GOOD_SIGNAL,GOOD_SIGNAL,77.21,66.67,50.07,,,35,55,65.7,GOOD_SIGNAL at 66.1. Main support: projection strength: 77.2; usage foundation: 66.7. Main caution: role and availability context: 35.0; missing signal count: 5.,projection strength: 77.2,role and availability context: 35.0
,T.Boyd,TEN,,WR,receiving,2.423602063478202,25.334485666161783,,,,,,66.12,GOOD_SIGNAL,GOOD_SIGNAL,77.19,66.67,50.07,,,35,55,65.7,GOOD_SIGNAL at 66.1. Main support: projection strength: 77.2; usage foundation: 66.7. Main caution: role and availability context: 35.0; missing signal count: 5.,projection strength: 77.2,role and availability context: 35.0
,D.Peoples-Jones,DET,,WR,receiving,2.3615643128409265,28.22589497773643,,,,,,66.06,GOOD_SIGNAL,GOOD_SIGNAL,77.05,66.67,50.07,,,35,55,65.7,GOOD_SIGNAL at 66.1. Main support: projection strength: 77.0; usage foundation: 66.7. Main caution: role and availability context: 35.0; missing signal count: 5.,projection strength: 77.0,role and availability context: 35.0
,V.Jefferson,PIT,,WR,receiving,2.4228588766019628,28.09577657054825,,,,,,66.05,GOOD_SIGNAL,GOOD_SIGNAL,77.03,66.67,50.07,,,35,55,65.7,GOOD_SIGNAL at 66.0. Main support: projection strength: 77.0; usage foundation: 66.7. Main caution: role and availability context: 35.0; missing signal count: 5.,projection strength: 77.0,role and availability context: 35.0
,D.Parker,NE,,WR,receiving,2.35860121757138,28.19785610885927,,,,,,65.99,GOOD_SIGNAL,GOOD_SIGNAL,76.89,66.67,50.07,,,35,55,65.7,GOOD_SIGNAL at 66.0. Main support: projection strength: 76.9; usage foundation: 66.7. Main caution: role and availability context: 35.0; missing signal count: 5.,projection strength: 76.9,role and availability context: 35.0
,J.Milton,NE,BUF,QB,rushing,,,22.915740426963303,3.835236427915821,,,,65.88,GOOD_SIGNAL,GOOD_SIGNAL,76.64,66.67,50.07,,,35,55,65.7,GOOD_SIGNAL at 65.9. Main support: projection strength: 76.6; usage foundation: 66.7. Main caution: role and availability context: 35.0; missing signal count: 5.,projection strength: 76.6,role and availability context: 35.0
,D.Pettis,NO,,WR,receiving,2.4158753561165147,25.26682206608941,,,,,,65.84,GOOD_SIGNAL,GOOD_SIGNAL,76.56,66.67,50.07,,,35,55,65.7,GOOD_SIGNAL at 65.8. Main support: projection strength: 76.6; usage foundation: 66.7. Main caution: role and availability context: 35.0; missing signal count: 5.,projection strength: 76.6,role and availability context: 35.0
,D.Thompkins,CAR,,WR,receiving,2.406880783134068,18.18906283173063,,,,,,65.78,GOOD_SIGNAL,GOOD_SIGNAL,76.41,66.67,50.07,,,35,55,65.7,GOOD_SIGNAL at 65.8. Main support: projection strength: 76.4; usage foundation: 66.7. Main caution: role and availability context: 35.0; missing signal count: 5.,projection strength: 76.4,role and availability context: 35.0
,S.Smartt,LAC,,TE,receiving,2.395456338157953,27.76201674646349,,,,,,65.71,GOOD_SIGNAL,GOOD_SIGNAL,76.25,66.67,50.07,,,35,55,65.7,GOOD_SIGNAL at 65.7. Main support: projection strength: 76.2; usage foundation: 66.7. Main caution: role and availability context: 35.0; missing signal count: 5.,projection strength: 76.2,role and availability context: 35.0
,T.Kelce,KC,,TE,receiving,2.388992727066813,22.038292220067188,,,,,,65.64,GOOD_SIGNAL,GOOD_SIGNAL,76.09,66.67,50.07,,,35,55,65.7,GOOD_SIGNAL at 65.6. Main support: projection strength: 76.1; usage foundation: 66.7. Main caution: role and availability context: 35.0; missing signal count: 5.,projection strength: 76.1,role and availability context: 35.0
,K.Austin,NO,,WR,receiving,2.1833421296532376,27.90427595579392,,,,,,65.63,GOOD_SIGNAL,GOOD_SIGNAL,76.07,66.67,50.07,,,35,55,65.7,GOOD_SIGNAL at 65.6. Main support: projection strength: 76.1; usage foundation: 66.7. Main caution: role and availability context: 35.0; missing signal count: 5.,projection strength: 76.1,role and availability context: 35.0
,J.Crowder,WAS,,WR,receiving,2.384547379711303,22.98444183909337,,,,,,65.57,GOOD_SIGNAL,GOOD_SIGNAL,75.94,66.67,50.07,,,35,55,65.7,GOOD_SIGNAL at 65.6. Main support: projection strength: 75.9; usage foundation: 66.7. Main caution: role and availability context: 35.0; missing signal count: 5.,projection strength: 75.9,role and availability context: 35.0
,D.Sample,CIN,,TE,receiving,2.3845297788118303,17.23197995070564,,,,,,65.5,GOOD_SIGNAL,GOOD_SIGNAL,75.78,66.67,50.07,,,35,55,65.7,GOOD_SIGNAL at 65.5. Main support: projection strength: 75.8; usage foundation: 66.7. Main caution: role and availability context: 35.0; missing signal count: 5.,projection strength: 75.8,role and availability context: 35.0
,D.Foreman,CLE,,RB,receiving,0.9649082938535388,9.318571533128743,26.6592707539564,2.9534073917191965,,,,65.49,GOOD_SIGNAL,GOOD_SIGNAL,75.75,66.67,50.07,,,35,55,65.7,GOOD_SIGNAL at 65.5. Main support: projection strength: 75.8; usage foundation: 66.7. Main caution: role and availability context: 35.0; missing signal count: 5.,projection strength: 75.8,role and availability context: 35.0
,D.Foreman,CLE,,RB,rushing,0.9649082938535388,9.318571533128743,26.6592707539564,2.9534073917191965,,,,65.49,GOOD_SIGNAL,GOOD_SIGNAL,75.75,66.67,50.07,,,35,55,65.7,GOOD_SIGNAL at 65.5. Main support: projection strength: 75.8; usage foundation: 66.7. Main caution: role and availability context: 35.0; missing signal count: 5.,projection strength: 75.8,role and availability context: 35.0
,S.Darnold,MIN,LA,QB,rushing,,,13.177911812401986,2.2658871604784,23.02994032353384,12.93846180494894,,65.46,GOOD_SIGNAL,GOOD_SIGNAL,75.68,66.67,50.07,,,35,55,65.7,GOOD_SIGNAL at 65.5. Main support: projection strength: 75.7; usage foundation: 66.7. Main caution: role and availability context: 35.0; missing signal count: 5.,projection strength: 75.7,role and availability context: 35.0
,S.Darnold,MIN,LA,QB,passing,,,13.177911812401986,2.2658871604784,23.02994032353384,12.93846180494894,,65.46,GOOD_SIGNAL,GOOD_SIGNAL,75.68,66.67,50.07,,,35,55,65.7,GOOD_SIGNAL at 65.5. Main support: projection strength: 75.7; usage foundation: 66.7. Main caution: role and availability context: 35.0; missing signal count: 5.,projection strength: 75.7,role and availability context: 35.0
00-0030565,G.Smith,SEA,LA,QB,passing,,,,,,,180.256817640778,65.41,GOOD_SIGNAL,GOOD_SIGNAL,66.67,33.33,98.88,83.33,,35,55,79.0,GOOD_SIGNAL at 65.4. Main support: recent form: 98.9; opponent defense fit: 83.3. Main caution: usage foundation: 33.3; role and availability context: 35.0.,recent form: 98.9,usage foundation: 33.3
,J.Bobo,SEA,,WR,receiving,2.3667284309706624,22.70597504537424,,,,,,65.37,GOOD_SIGNAL,GOOD_SIGNAL,75.47,66.67,50.07,,,35,55,65.7,GOOD_SIGNAL at 65.4. Main support: projection strength: 75.5; usage foundation: 66.7. Main caution: role and availability context: 35.0; missing signal count: 5.,projection strength: 75.5,role and availability context: 35.0
,D.Pierce,HOU,,RB,receiving,0.5848098780282955,,26.54964056996263,3.309734555916667,,,,65.32,GOOD_SIGNAL,GOOD_SIGNAL,75.37,66.67,50.07,,,35,55,65.7,GOOD_SIGNAL at 65.3. Main support: projection strength: 75.4; usage foundation: 66.7. Main caution: role and availability context: 35.0; missing signal count: 5.,projection strength: 75.4,role and availability context: 35.0
,D.Pierce,HOU,,RB,rushing,0.5848098780282955,,26.54964056996263,3.309734555916667,,,,65.32,GOOD_SIGNAL,GOOD_SIGNAL,75.37,66.67,50.07,,,35,55,65.7,GOOD_SIGNAL at 65.3. Main support: projection strength: 75.4; usage foundation: 66.7. Main caution: role and availability context: 35.0; missing signal count: 5.,projection strength: 75.4,role and availability context: 35.0
,J.Reagor,LAC,,WR,receiving,2.030207218105434,27.709623705238823,,,,,,65.27,GOOD_SIGNAL,GOOD_SIGNAL,75.25,66.67,50.07,,,35,55,65.7,GOOD_SIGNAL at 65.3. Main support: projection strength: 75.2; usage foundation: 66.7. Main caution: role and availability context: 35.0; missing signal count: 5.,projection strength: 75.2,role and availability context: 35.0
,E.Demercado,ARI,,RB,receiving,1.125652690493684,8.923831747701163,26.41878241898297,1.9263209249888824,,,,65.16,GOOD_SIGNAL,GOOD_SIGNAL,75.0,66.67,50.07,,,35,55,65.7,GOOD_SIGNAL at 65.2. Main support: projection strength: 75.0; usage foundation: 66.7. Main caution: role and availability context: 35.0; missing signal count: 5.,projection strength: 75.0,role and availability context: 35.0
,E.Demercado,ARI,,RB,rushing,1.125652690493684,8.923831747701163,26.41878241898297,1.9263209249888824,,,,65.16,GOOD_SIGNAL,GOOD_SIGNAL,75.0,66.67,50.07,,,35,55,65.7,GOOD_SIGNAL at 65.2. Main support: projection strength: 75.0; usage foundation: 66.7. Main caution: role and availability context: 35.0; missing signal count: 5.,projection strength: 75.0,role and availability context: 35.0
,D.Turner,LV,,WR,receiving,2.359657249490453,24.495114975097817,,,,,,65.09,GOOD_SIGNAL,GOOD_SIGNAL,74.84,66.67,50.07,,,35,55,65.7,GOOD_SIGNAL at 65.1. Main support: projection strength: 74.8; usage foundation: 66.7. Main caution: role and availability context: 35.0; missing signal count: 5.,projection strength: 74.8,role and availability context: 35.0
,F.Moreau,NO,,TE,receiving,2.358917557994032,26.334151652145827,,,,,,65.03,GOOD_SIGNAL,GOOD_SIGNAL,74.69,66.67,50.07,,,35,55,65.7,GOOD_SIGNAL at 65.0. Main support: projection strength: 74.7; usage foundation: 66.7. Main caution: role and availability context: 35.0; missing signal count: 5.,projection strength: 74.7,role and availability context: 35.0
,D.Jones,NYG,CAR,QB,rushing,,,26.3883954021324,2.273290354516176,,,,65.0,GOOD_SIGNAL,GOOD_SIGNAL,74.63,66.67,50.07,,,35,55,65.7,GOOD_SIGNAL at 65.0. Main support: projection strength: 74.6; usage foundation: 66.7. Main caution: role and availability context: 35.0; missing signal count: 5.,projection strength: 74.6,role and availability context: 35.0
,D.Cook,DAL,,RB,receiving,0.930701909829294,8.99794878936927,17.763637768998088,3.742382389615147,,,,64.98,GOOD_SIGNAL,GOOD_SIGNAL,74.59,66.67,50.07,,,35,55,65.7,GOOD_SIGNAL at 65.0. Main support: projection strength: 74.6; usage foundation: 66.7. Main caution: role and availability context: 35.0; missing signal count: 5.,projection strength: 74.6,role and availability context: 35.0
,D.Cook,DAL,,RB,rushing,0.930701909829294,8.99794878936927,17.763637768998088,3.742382389615147,,,,64.98,GOOD_SIGNAL,GOOD_SIGNAL,74.59,66.67,50.07,,,35,55,65.7,GOOD_SIGNAL at 65.0. Main support: projection strength: 74.6; usage foundation: 66.7. Main caution: role and availability context: 35.0; missing signal count: 5.,projection strength: 74.6,role and availability context: 35.0
,M.Gallup,DAL,,WR,receiving,2.211068361390237,26.89413714272,,,,,,64.91,GOOD_SIGNAL,GOOD_SIGNAL,74.43,66.67,50.07,,,35,55,65.7,GOOD_SIGNAL at 64.9. Main support: projection strength: 74.4; usage foundation: 66.7. Main caution: role and availability context: 35.0; missing signal count: 5.,projection strength: 74.4,role and availability context: 35.0
,J.Hill,BAL,,RB,receiving,1.1764145347839876,11.057599232571592,23.474318462745348,3.7085881851510014,,,,64.8,GOOD_SIGNAL,GOOD_SIGNAL,74.18,66.67,50.07,,,35,55,65.7,GOOD_SIGNAL at 64.8. Main support: projection strength: 74.2; usage foundation: 66.7. Main caution: role and availability context: 35.0; missing signal count: 5.,projection strength: 74.2,role and availability context: 35.0
,J.Hill,BAL,,RB,rushing,1.1764145347839876,11.057599232571592,23.474318462745348,3.7085881851510014,,,,64.8,GOOD_SIGNAL,GOOD_SIGNAL,74.18,66.67,50.07,,,35,55,65.7,GOOD_SIGNAL at 64.8. Main support: projection strength: 74.2; usage foundation: 66.7. Main caution: role and availability context: 35.0; missing signal count: 5.,projection strength: 74.2,role and availability context: 35.0
,T.Patrick,DET,,WR,receiving,2.258051948287982,26.760440130397747,,,,,,64.77,GOOD_SIGNAL,GOOD_SIGNAL,74.1,66.67,50.07,,,35,55,65.7,GOOD_SIGNAL at 64.8. Main support: projection strength: 74.1; usage foundation: 66.7. Main caution: role and availability context: 35.0; missing signal count: 5.,projection strength: 74.1,role and availability context: 35.0
,J.Allen,BUF,KC,QB,rushing,,,26.23318744507668,3.676414728197042,15.341667010111776,11.187325300567217,,64.67,GOOD_SIGNAL,GOOD_SIGNAL,73.88,66.67,50.07,,,35,55,65.7,GOOD_SIGNAL at 64.7. Main support: projection strength: 73.9; usage foundation: 66.7. Main caution: role and availability context: 35.0; missing signal count: 5.,projection strength: 73.9,role and availability context: 35.0
,J.Allen,BUF,KC,QB,passing,,,26.23318744507668,3.676414728197042,15.341667010111776,11.187325300567217,,64.67,GOOD_SIGNAL,GOOD_SIGNAL,73.88,66.67,50.07,,,35,55,65.7,GOOD_SIGNAL at 64.7. Main support: projection strength: 73.9; usage foundation: 66.7. Main caution: role and availability context: 35.0; missing signal count: 5.,projection strength: 73.9,role and availability context: 35.0
,D.Vele,DEN,,WR,receiving,2.319508233561719,26.549673312913285,,,,,,64.62,GOOD_SIGNAL,GOOD_SIGNAL,73.77,66.67,50.07,,,35,55,65.7,GOOD_SIGNAL at 64.6. Main support: projection strength: 73.8; usage foundation: 66.7. Main caution: role and availability context: 35.0; missing signal count: 5.,projection strength: 73.8,role and availability context: 35.0
,X.Smith,LA,,WR,receiving,2.320376440031983,14.612523090966564,,,,,,64.61,GOOD_SIGNAL,GOOD_SIGNAL,73.75,66.67,50.07,,,35,55,65.7,GOOD_SIGNAL at 64.6. Main support: projection strength: 73.8; usage foundation: 66.7. Main caution: role and availability context: 35.0; missing signal count: 5.,projection strength: 73.8,role and availability context: 35.0
,M.Hollins,BUF,,WR,receiving,2.097574196692189,26.44041550313019,,,,,,64.55,GOOD_SIGNAL,GOOD_SIGNAL,73.61,66.67,50.07,,,35,55,65.7,GOOD_SIGNAL at 64.5. Main support: projection strength: 73.6; usage foundation: 66.7. Main caution: role and availability context: 35.0; missing signal count: 5.,projection strength: 73.6,role and availability context: 35.0
,T.Hudson,CIN,,TE,receiving,2.3201402553792447,20.54277586615144,,,,,,64.54,GOOD_SIGNAL,GOOD_SIGNAL,73.59,66.67,50.07,,,35,55,65.7,GOOD_SIGNAL at 64.5. Main support: projection strength: 73.6; usage foundation: 66.7. Main caution: role and availability context: 35.0; missing signal count: 5.,projection strength: 73.6,role and availability context: 35.0
,K.Harris,NE,,RB,receiving,0.8431496714172521,9.712816833717516,26.082591134684023,3.093241008476692,,,,64.51,GOOD_SIGNAL,GOOD_SIGNAL,73.51,66.67,50.07,,,35,55,65.7,GOOD_SIGNAL at 64.5. Main support: projection strength: 73.5; usage foundation: 66.7. Main caution: role and availability context: 35.0; missing signal count: 5.,projection strength: 73.5,role and availability context: 35.0
,K.Harris,NE,,RB,rushing,0.8431496714172521,9.712816833717516,26.082591134684023,3.093241008476692,,,,64.51,GOOD_SIGNAL,GOOD_SIGNAL,73.51,66.67,50.07,,,35,55,65.7,GOOD_SIGNAL at 64.5. Main support: projection strength: 73.5; usage foundation: 66.7. Main caution: role and availability context: 35.0; missing signal count: 5.,projection strength: 73.5,role and availability context: 35.0
00-0037834,B.Purdy,SF,DET,QB,passing,,,,,,,138.9645057516334,64.48,GOOD_SIGNAL,GOOD_SIGNAL,59.26,33.33,99.48,100.0,,35,55,79.0,GOOD_SIGNAL at 64.5. Main support: opponent defense fit: 100.0; recent form: 99.5. Main caution: usage foundation: 33.3; role and availability context: 35.0.,opponent defense fit: 100.0,usage foundation: 33.3
,M.Taylor,NYJ,,WR,receiving,2.3173240142734186,25.28835116924148,,,,,,64.41,GOOD_SIGNAL,GOOD_SIGNAL,73.28,66.67,50.07,,,35,55,65.7,GOOD_SIGNAL at 64.4. Main support: projection strength: 73.3; usage foundation: 66.7. Main caution: role and availability context: 35.0; missing signal count: 5.,projection strength: 73.3,role and availability context: 35.0
,Em.Wilson,GB,,RB,receiving,0.9105239308164434,6.967555527950683,26.069288084509367,2.9453717195449336,,,,64.34,GOOD_SIGNAL,GOOD_SIGNAL,73.13,66.67,50.07,,,35,55,65.7,GOOD_SIGNAL at 64.3. Main support: projection strength: 73.1; usage foundation: 66.7. Main caution: role and availability context: 35.0; missing signal count: 5.,projection strength: 73.1,role and availability context: 35.0
,Em.Wilson,GB,,RB,rushing,0.9105239308164434,6.967555527950683,26.069288084509367,2.9453717195449336,,,,64.34,GOOD_SIGNAL,GOOD_SIGNAL,73.13,66.67,50.07,,,35,55,65.7,GOOD_SIGNAL at 64.3. Main support: projection strength: 73.1; usage foundation: 66.7. Main caution: role and availability context: 35.0; missing signal count: 5.,projection strength: 73.1,role and availability context: 35.0
,C.Claypool,MIA,,WR,receiving,2.283053597186385,26.28187483119104,,,,,,64.33,GOOD_SIGNAL,GOOD_SIGNAL,73.11,66.67,50.07,,,35,55,65.7,GOOD_SIGNAL at 64.3. Main support: projection strength: 73.1; usage foundation: 66.7. Main caution: role and availability context: 35.0; missing signal count: 5.,projection strength: 73.1,role and availability context: 35.0
,R.Woods,HOU,,WR,receiving,2.304828994710425,24.5246112196394,,,,,,64.27,GOOD_SIGNAL,GOOD_SIGNAL,72.97,66.67,50.07,,,35,55,65.7,GOOD_SIGNAL at 64.3. Main support: projection strength: 73.0; usage foundation: 66.7. Main caution: role and availability context: 35.0; missing signal count: 5.,projection strength: 73.0,role and availability context: 35.0
,R.Wilson,PIT,BAL,QB,rushing,,,16.513976204767435,2.047731496886453,22.463631047680163,12.463500428762382,,64.27,GOOD_SIGNAL,GOOD_SIGNAL,72.97,66.67,50.07,,,35,55,65.7,GOOD_SIGNAL at 64.3. Main support: projection strength: 73.0; usage foundation: 66.7. Main caution: role and availability context: 35.0; missing signal count: 5.,projection strength: 73.0,role and availability context: 35.0
,R.Wilson,PIT,BAL,QB,passing,,,16.513976204767435,2.047731496886453,22.463631047680163,12.463500428762382,,64.27,GOOD_SIGNAL,GOOD_SIGNAL,72.97,66.67,50.07,,,35,55,65.7,GOOD_SIGNAL at 64.3. Main support: projection strength: 73.0; usage foundation: 66.7. Main caution: role and availability context: 35.0; missing signal count: 5.,projection strength: 73.0,role and availability context: 35.0
,S.Morgan,CIN,,WR,receiving,2.173714077943906,26.266226877728062,,,,,,64.26,GOOD_SIGNAL,GOOD_SIGNAL,72.95,66.67,50.07,,,35,55,65.7,GOOD_SIGNAL at 64.3. Main support: projection strength: 73.0; usage foundation: 66.7. Main caution: role and availability context: 35.0; missing signal count: 5.,projection strength: 73.0,role and availability context: 35.0
,M.Tipton,NO,,WR,receiving,2.302027536049982,20.526432427684654,,,,,,64.2,GOOD_SIGNAL,GOOD_SIGNAL,72.81,66.67,50.07,,,35,55,65.7,GOOD_SIGNAL at 64.2. Main support: projection strength: 72.8; usage foundation: 66.7. Main caution: role and availability context: 35.0; missing signal count: 5.,projection strength: 72.8,role and availability context: 35.0
,Z.White,LV,,RB,receiving,0.9681758398361584,6.917178939582091,26.0505577571082,3.31276737265679,,,,64.18,GOOD_SIGNAL,GOOD_SIGNAL,72.76,66.67,50.07,,,35,55,65.7,GOOD_SIGNAL at 64.2. Main support: projection strength: 72.8; usage foundation: 66.7. Main caution: role and availability context: 35.0; missing signal count: 5.,projection strength: 72.8,role and availability context: 35.0
,Z.White,LV,,RB,rushing,0.9681758398361584,6.917178939582091,26.0505577571082,3.31276737265679,,,,64.18,GOOD_SIGNAL,GOOD_SIGNAL,72.76,66.67,50.07,,,35,55,65.7,GOOD_SIGNAL at 64.2. Main support: projection strength: 72.8; usage foundation: 66.7. Main caution: role and availability context: 35.0; missing signal count: 5.,projection strength: 72.8,role and availability context: 35.0
,T.Johnson,NYG,,TE,receiving,2.2915162527579414,24.09791929169944,,,,,,64.14,GOOD_SIGNAL,GOOD_SIGNAL,72.66,66.67,50.07,,,35,55,65.7,GOOD_SIGNAL at 64.1. Main support: projection strength: 72.7; usage foundation: 66.7. Main caution: role and availability context: 35.0; missing signal count: 5.,projection strength: 72.7,role and availability context: 35.0
,N.Remigio,KC,,WR,receiving,1.2475196474814712,26.110762413029267,,,,,,64.12,GOOD_SIGNAL,GOOD_SIGNAL,72.62,66.67,50.07,,,35,55,65.7,GOOD_SIGNAL at 64.1. Main support: projection strength: 72.6; usage foundation: 66.7. Main caution: role and availability context: 35.0; missing signal count: 5.,projection strength: 72.6,role and availability context: 35.0
,K.Mitchell,BAL,,RB,receiving,0.8105803025849402,13.639294882610102,19.988143794290423,3.647151908449358,,,,64.09,GOOD_SIGNAL,GOOD_SIGNAL,72.54,66.67,50.07,,,35,55,65.7,GOOD_SIGNAL at 64.1. Main support: projection strength: 72.5; usage foundation: 66.7. Main caution: role and availability context: 35.0; missing signal count: 5.,projection strength: 72.5,role and availability context: 35.0
,K.Mitchell,BAL,,RB,rushing,0.8105803025849402,13.639294882610102,19.988143794290423,3.647151908449358,,,,64.09,GOOD_SIGNAL,GOOD_SIGNAL,72.54,66.67,50.07,,,35,55,65.7,GOOD_SIGNAL at 64.1. Main support: projection strength: 72.5; usage foundation: 66.7. Main caution: role and availability context: 35.0; missing signal count: 5.,projection strength: 72.5,role and availability context: 35.0
,D.Goedert,PHI,,TE,receiving,2.287997848314314,24.443351742407813,,,,,,64.07,GOOD_SIGNAL,GOOD_SIGNAL,72.5,66.67,50.07,,,35,55,65.7,GOOD_SIGNAL at 64.1. Main support: projection strength: 72.5; usage foundation: 66.7. Main caution: role and availability context: 35.0; missing signal count: 5.,projection strength: 72.5,role and availability context: 35.0
,B.Pringle,WAS,,WR,receiving,2.198264143126589,26.095834587319324,,,,,,64.05,GOOD_SIGNAL,GOOD_SIGNAL,72.46,66.67,50.07,,,35,55,65.7,GOOD_SIGNAL at 64.0. Main support: projection strength: 72.5; usage foundation: 66.7. Main caution: role and availability context: 35.0; missing signal count: 5.,projection strength: 72.5,role and availability context: 35.0
,B.Strange,JAX,,TE,receiving,2.2835996188609657,22.23540195248114,,,,,,64.0,GOOD_SIGNAL,GOOD_SIGNAL,72.34,66.67,50.07,,,35,55,65.7,GOOD_SIGNAL at 64.0. Main support: projection strength: 72.3; usage foundation: 66.7. Main caution: role and availability context: 35.0; missing signal count: 5.,projection strength: 72.3,role and availability context: 35.0
,S.Fehoko,LAC,,WR,receiving,1.7385212417925056,26.073007544431388,,,,,,63.98,GOOD_SIGNAL,GOOD_SIGNAL,72.3,66.67,50.07,,,35,55,65.7,GOOD_SIGNAL at 64.0. Main support: projection strength: 72.3; usage foundation: 66.7. Main caution: role and availability context: 35.0; missing signal count: 5.,projection strength: 72.3,role and availability context: 35.0
,B.Scott,PHI,,RB,receiving,0.5326705918732769,,24.04070801609836,3.5853773819497547,,,,63.91,GOOD_SIGNAL,GOOD_SIGNAL,72.13,66.67,50.07,,,35,55,65.7,GOOD_SIGNAL at 63.9. Main support: projection strength: 72.1; usage foundation: 66.7. Main caution: role and availability context: 35.0; missing signal count: 5.,projection strength: 72.1,role and availability context: 35.0
,B.Scott,PHI,,RB,rushing,0.5326705918732769,,24.04070801609836,3.5853773819497547,,,,63.91,GOOD_SIGNAL,GOOD_SIGNAL,72.13,66.67,50.07,,,35,55,65.7,GOOD_SIGNAL at 63.9. Main support: projection strength: 72.1; usage foundation: 66.7. Main caution: role and availability context: 35.0; missing signal count: 5.,projection strength: 72.1,role and availability context: 35.0
,D.Chisena,CAR,,WR,receiving,2.186133101732841,26.04163436356168,,,,,,63.91,GOOD_SIGNAL,GOOD_SIGNAL,72.13,66.67,50.07,,,35,55,65.7,GOOD_SIGNAL at 63.9. Main support: projection strength: 72.1; usage foundation: 66.7. Main caution: role and availability context: 35.0; missing signal count: 5.,projection strength: 72.1,role and availability context: 35.0
00-0039732,B.Nix,DEN,BUF,QB,passing,,,,,,,198.9834095230396,63.88,GOOD_SIGNAL,GOOD_SIGNAL,74.07,33.33,99.61,42.59,,35,55,79.0,GOOD_SIGNAL at 63.9. Main support: recent form: 99.6; data quality: 79.0. Main caution: usage foundation: 33.3; role and availability context: 35.0.,recent form: 99.6,usage foundation: 33.3
,I.McKenzie,IND,,WR,receiving,2.27798263625391,25.275812666395044,,,,,,63.86,GOOD_SIGNAL,GOOD_SIGNAL,72.03,66.67,50.07,,,35,55,65.7,GOOD_SIGNAL at 63.9. Main support: projection strength: 72.0; usage foundation: 66.7. Main caution: role and availability context: 35.0; missing signal count: 5.,projection strength: 72.0,role and availability context: 35.0
,M.Boykin,PIT,,WR,receiving,2.2737431858101727,24.44958338205379,,,,,,63.8,GOOD_SIGNAL,GOOD_SIGNAL,71.88,66.67,50.07,,,35,55,65.7,GOOD_SIGNAL at 63.8. Main support: projection strength: 71.9; usage foundation: 66.7. Main caution: role and availability context: 35.0; missing signal count: 5.,projection strength: 71.9,role and availability context: 35.0
,C.Grandy,CIN,,TE,receiving,2.2634713609024475,16.115789712457723,,,,,,63.66,GOOD_SIGNAL,GOOD_SIGNAL,71.56,66.67,50.07,,,35,55,65.7,GOOD_SIGNAL at 63.7. Main support: projection strength: 71.6; usage foundation: 66.7. Main caution: role and availability context: 35.0; missing signal count: 5.,projection strength: 71.6,role and availability context: 35.0
,T.Sermon,IND,,RB,receiving,1.0363686415204516,8.010967908174164,17.705252467087796,3.366047772316472,,,,63.55,GOOD_SIGNAL,GOOD_SIGNAL,71.31,66.67,50.07,,,35,55,65.7,GOOD_SIGNAL at 63.5. Main support: projection strength: 71.3; usage foundation: 66.7. Main caution: role and availability context: 35.0; missing signal count: 5.,projection strength: 71.3,role and availability context: 35.0
,T.Sermon,IND,,RB,rushing,1.0363686415204516,8.010967908174164,17.705252467087796,3.366047772316472,,,,63.55,GOOD_SIGNAL,GOOD_SIGNAL,71.31,66.67,50.07,,,35,55,65.7,GOOD_SIGNAL at 63.5. Main support: projection strength: 71.3; usage foundation: 66.7. Main caution: role and availability context: 35.0; missing signal count: 5.,projection strength: 71.3,role and availability context: 35.0
,T.Jones,JAX,,WR,receiving,2.166476055575328,25.609734178166264,,,,,,63.55,GOOD_SIGNAL,GOOD_SIGNAL,71.31,66.67,50.07,,,35,55,65.7,GOOD_SIGNAL at 63.5. Main support: projection strength: 71.3; usage foundation: 66.7. Main caution: role and availability context: 35.0; missing signal count: 5.,projection strength: 71.3,role and availability context: 35.0
,E.Dotson,LAC,,RB,receiving,1.1562069825643115,9.805054579046578,25.53753561998537,3.28337070529198,,,,63.53,GOOD_SIGNAL,GOOD_SIGNAL,71.27,66.67,50.07,,,35,55,65.7,GOOD_SIGNAL at 63.5. Main support: projection strength: 71.3; usage foundation: 66.7. Main caution: role and availability context: 35.0; missing signal count: 5.,projection strength: 71.3,role and availability context: 35.0
,E.Dotson,LAC,,RB,rushing,1.1562069825643115,9.805054579046578,25.53753561998537,3.28337070529198,,,,63.53,GOOD_SIGNAL,GOOD_SIGNAL,71.27,66.67,50.07,,,35,55,65.7,GOOD_SIGNAL at 63.5. Main support: projection strength: 71.3; usage foundation: 66.7. Main caution: role and availability context: 35.0; missing signal count: 5.,projection strength: 71.3,role and availability context: 35.0
,X.Hutchinson,HOU,,WR,receiving,2.243601123808631,25.521276963582856,,,,,,63.48,GOOD_SIGNAL,GOOD_SIGNAL,71.15,66.67,50.07,,,35,55,65.7,GOOD_SIGNAL at 63.5. Main support: projection strength: 71.2; usage foundation: 66.7. Main caution: role and availability context: 35.0; missing signal count: 5.,projection strength: 71.2,role and availability context: 35.0
,L.Thomas,WAS,,TE,receiving,2.256396080387253,21.466791045663207,,,,,,63.45,GOOD_SIGNAL,GOOD_SIGNAL,71.09,66.67,50.07,,,35,55,65.7,GOOD_SIGNAL at 63.5. Main support: projection strength: 71.1; usage foundation: 66.7. Main caution: role and availability context: 35.0; missing signal count: 5.,projection strength: 71.1,role and availability context: 35.0
,K.Turpin,DAL,,WR,receiving,2.035728928256013,25.46797770933589,,,,,,63.4,GOOD_SIGNAL,GOOD_SIGNAL,70.98,66.67,50.07,,,35,55,65.7,GOOD_SIGNAL at 63.4. Main support: projection strength: 71.0; usage foundation: 66.7. Main caution: role and availability context: 35.0; missing signal count: 5.,projection strength: 71.0,role and availability context: 35.0
,S.Shepard,TB,,WR,receiving,2.255494827859031,23.71651482976557,,,,,,63.39,GOOD_SIGNAL,GOOD_SIGNAL,70.94,66.67,50.07,,,35,55,65.7,GOOD_SIGNAL at 63.4. Main support: projection strength: 70.9; usage foundation: 66.7. Main caution: role and availability context: 35.0; missing signal count: 5.,projection strength: 70.9,role and availability context: 35.0
,S.Ahmed,MIA,,RB,receiving,1.3118036867653324,10.813896412233747,23.32206619833322,3.316086703742719,,,,63.37,GOOD_SIGNAL,GOOD_SIGNAL,70.9,66.67,50.07,,,35,55,65.7,GOOD_SIGNAL at 63.4. Main support: projection strength: 70.9; usage foundation: 66.7. Main caution: role and availability context: 35.0; missing signal count: 5.,projection strength: 70.9,role and availability context: 35.0
,S.Ahmed,MIA,,RB,rushing,1.3118036867653324,10.813896412233747,23.32206619833322,3.316086703742719,,,,63.37,GOOD_SIGNAL,GOOD_SIGNAL,70.9,66.67,50.07,,,35,55,65.7,GOOD_SIGNAL at 63.4. Main support: projection strength: 70.9; usage foundation: 66.7. Main caution: role and availability context: 35.0; missing signal count: 5.,projection strength: 70.9,role and availability context: 35.0
,D.Williams,ARI,,RB,receiving,0.991680471061944,8.292380172316726,25.52629888941479,3.183878892393251,,,,63.37,GOOD_SIGNAL,GOOD_SIGNAL,70.9,66.67,50.07,,,35,55,65.7,GOOD_SIGNAL at 63.4. Main support: projection strength: 70.9; usage foundation: 66.7. Main caution: role and availability context: 35.0; missing signal count: 5.,projection strength: 70.9,role and availability context: 35.0
,D.Williams,ARI,,RB,rushing,0.991680471061944,8.292380172316726,25.52629888941479,3.183878892393251,,,,63.37,GOOD_SIGNAL,GOOD_SIGNAL,70.9,66.67,50.07,,,35,55,65.7,GOOD_SIGNAL at 63.4. Main support: projection strength: 70.9; usage foundation: 66.7. Main caution: role and availability context: 35.0; missing signal count: 5.,projection strength: 70.9,role and availability context: 35.0
,S.Jackson,CIN,,WR,receiving,2.09658228808138,25.33419947238931,,,,,,63.26,GOOD_SIGNAL,GOOD_SIGNAL,70.66,66.67,50.07,,,35,55,65.7,GOOD_SIGNAL at 63.3. Main support: projection strength: 70.7; usage foundation: 66.7. Main caution: role and availability context: 35.0; missing signal count: 5.,projection strength: 70.7,role and availability context: 35.0
,M.Sanders,CAR,,RB,receiving,1.3426348534578156,10.371984674488468,24.934933615695385,3.3157522346816024,,,,63.19,GOOD_SIGNAL,GOOD_SIGNAL,70.49,66.67,50.07,,,35,55,65.7,GOOD_SIGNAL at 63.2. Main support: projection strength: 70.5; usage foundation: 66.7. Main caution: role and availability context: 35.0; missing signal count: 5.,projection strength: 70.5,role and availability context: 35.0
,M.Sanders,CAR,,RB,rushing,1.3426348534578156,10.371984674488468,24.934933615695385,3.3157522346816024,,,,63.19,GOOD_SIGNAL,GOOD_SIGNAL,70.49,66.67,50.07,,,35,55,65.7,GOOD_SIGNAL at 63.2. Main support: projection strength: 70.5; usage foundation: 66.7. Main caution: role and availability context: 35.0; missing signal count: 5.,projection strength: 70.5,role and availability context: 35.0
,D.Waller,NYG,,TE,receiving,2.2228838281645986,21.82848319836911,,,,,,63.18,GOOD_SIGNAL,GOOD_SIGNAL,70.47,66.67,50.07,,,35,55,65.7,GOOD_SIGNAL at 63.2. Main support: projection strength: 70.5; usage foundation: 66.7. Main caution: role and availability context: 35.0; missing signal count: 5.,projection strength: 70.5,role and availability context: 35.0
,J.Flacco,IND,JAX,QB,rushing,,,6.263318059194613,1.480493597589215,22.027239923762806,12.237210779827205,,63.09,GOOD_SIGNAL,GOOD_SIGNAL,70.27,66.67,50.07,,,35,55,65.7,GOOD_SIGNAL at 63.1. Main support: projection strength: 70.3; usage foundation: 66.7. Main caution: role and availability context: 35.0; missing signal count: 5.,projection strength: 70.3,role and availability context: 35.0
,J.Flacco,IND,JAX,QB,passing,,,6.263318059194613,1.480493597589215,22.027239923762806,12.237210779827205,,63.09,GOOD_SIGNAL,GOOD_SIGNAL,70.27,66.67,50.07,,,35,55,65.7,GOOD_SIGNAL at 63.1. Main support: projection strength: 70.3; usage foundation: 66.7. Main caution: role and availability context: 35.0; missing signal count: 5.,projection strength: 70.3,role and availability context: 35.0
,J.McKinnon,KC,,RB,receiving,1.0186421669053294,8.91990774469304,25.49556632769462,1.931485628879847,,,,63.04,GOOD_SIGNAL,GOOD_SIGNAL,70.15,66.67,50.07,,,35,55,65.7,GOOD_SIGNAL at 63.0. Main support: projection strength: 70.2; usage foundation: 66.7. Main caution: role and availability context: 35.0; missing signal count: 5.,projection strength: 70.2,role and availability context: 35.0
,J.McKinnon,KC,,RB,rushing,1.0186421669053294,8.91990774469304,25.49556632769462,1.931485628879847,,,,63.04,GOOD_SIGNAL,GOOD_SIGNAL,70.15,66.67,50.07,,,35,55,65.7,GOOD_SIGNAL at 63.0. Main support: projection strength: 70.2; usage foundation: 66.7. Main caution: role and availability context: 35.0; missing signal count: 5.,projection strength: 70.2,role and availability context: 35.0
,W.Dissly,LAC,,TE,receiving,2.2073585502768567,20.71903478387276,,,,,,62.97,GOOD_SIGNAL,GOOD_SIGNAL,70.0,66.67,50.07,,,35,55,65.7,GOOD_SIGNAL at 63.0. Main support: projection strength: 70.0; usage foundation: 66.7. Main caution: role and availability context: 35.0; missing signal count: 5.,projection strength: 70.0,role and availability context: 35.0
,S.Miller,PIT,,WR,receiving,1.948068165740967,25.200307968587904,,,,,,62.97,GOOD_SIGNAL,GOOD_SIGNAL,70.0,66.67,50.07,,,35,55,65.7,GOOD_SIGNAL at 63.0. Main support: projection strength: 70.0; usage foundation: 66.7. Main caution: role and availability context: 35.0; missing signal count: 5.,projection strength: 70.0,role and availability context: 35.0
,C.Evans,CIN,,RB,receiving,1.092741744841346,7.325889965610205,25.49421185677645,3.286807657509208,,,,62.88,GOOD_SIGNAL,GOOD_SIGNAL,69.78,66.67,50.07,,,35,55,65.7,GOOD_SIGNAL at 62.9. Main support: projection strength: 69.8; usage foundation: 66.7. Main caution: role and availability context: 35.0; missing signal count: 5.,projection strength: 69.8,role and availability context: 35.0
,C.Evans,CIN,,RB,rushing,1.092741744841346,7.325889965610205,25.49421185677645,3.286807657509208,,,,62.88,GOOD_SIGNAL,GOOD_SIGNAL,69.78,66.67,50.07,,,35,55,65.7,GOOD_SIGNAL at 62.9. Main support: projection strength: 69.8; usage foundation: 66.7. Main caution: role and availability context: 35.0; missing signal count: 5.,projection strength: 69.8,role and availability context: 35.0
,T.Kraft,GB,,TE,receiving,2.1904354377465904,25.180924686876704,,,,,,62.83,GOOD_SIGNAL,GOOD_SIGNAL,69.67,66.67,50.07,,,35,55,65.7,GOOD_SIGNAL at 62.8. Main support: projection strength: 69.7; usage foundation: 66.7. Main caution: role and availability context: 35.0; missing signal count: 5.,projection strength: 69.7,role and availability context: 35.0
,M.Heath,GB,,WR,receiving,2.1974215024289934,22.226052910523,,,,,,62.77,GOOD_SIGNAL,GOOD_SIGNAL,69.53,66.67,50.07,,,35,55,65.7,GOOD_SIGNAL at 62.8. Main support: projection strength: 69.5; usage foundation: 66.7. Main caution: role and availability context: 35.0; missing signal count: 5.,projection strength: 69.5,role and availability context: 35.0
,E.Cooks,JAX,,WR,receiving,2.0812333252782564,25.17195412305677,,,,,,62.76,GOOD_SIGNAL,GOOD_SIGNAL,69.51,66.67,50.07,,,35,55,65.7,GOOD_SIGNAL at 62.8. Main support: projection strength: 69.5; usage foundation: 66.7. Main caution: role and availability context: 35.0; missing signal count: 5.,projection strength: 69.5,role and availability context: 35.0
,I.Guerendo,SF,,RB,receiving,1.799912449518096,16.30168100963712,25.451499037494028,2.073092854933573,,,,62.71,GOOD_SIGNAL,GOOD_SIGNAL,69.4,66.67,50.07,,,35,55,65.7,GOOD_SIGNAL at 62.7. Main support: projection strength: 69.4; usage foundation: 66.7. Main caution: role and availability context: 35.0; missing signal count: 5.,projection strength: 69.4,role and availability context: 35.0
,I.Guerendo,SF,,RB,rushing,1.799912449518096,16.30168100963712,25.451499037494028,2.073092854933573,,,,62.71,GOOD_SIGNAL,GOOD_SIGNAL,69.4,66.67,50.07,,,35,55,65.7,GOOD_SIGNAL at 62.7. Main support: projection strength: 69.4; usage foundation: 66.7. Main caution: role and availability context: 35.0; missing signal count: 5.,projection strength: 69.4,role and availability context: 35.0
,D.Slayton,NYG,,WR,receiving,1.865314402727954,25.103212360862685,,,,,,62.69,GOOD_SIGNAL,GOOD_SIGNAL,69.34,66.67,50.07,,,35,55,65.7,GOOD_SIGNAL at 62.7. Main support: projection strength: 69.3; usage foundation: 66.7. Main caution: role and availability context: 35.0; missing signal count: 5.,projection strength: 69.3,role and availability context: 35.0
,D.Vaughn,DAL,,RB,receiving,0.8727191455376262,5.882320292048573,18.33556935745731,3.297073065952117,,,,62.65,GOOD_SIGNAL,GOOD_SIGNAL,69.26,66.67,50.07,,,35,55,65.7,GOOD_SIGNAL at 62.6. Main support: projection strength: 69.3; usage foundation: 66.7. Main caution: role and availability context: 35.0; missing signal count: 5.,projection strength: 69.3,role and availability context: 35.0
,D.Vaughn,DAL,,RB,rushing,0.8727191455376262,5.882320292048573,18.33556935745731,3.297073065952117,,,,62.65,GOOD_SIGNAL,GOOD_SIGNAL,69.26,66.67,50.07,,,35,55,65.7,GOOD_SIGNAL at 62.6. Main support: projection strength: 69.3; usage foundation: 66.7. Main caution: role and availability context: 35.0; missing signal count: 5.,projection strength: 69.3,role and availability context: 35.0
,J.Smith-Schuster,KC,,WR,receiving,2.0172481013100145,24.97020345479833,,,,,,62.62,GOOD_SIGNAL,GOOD_SIGNAL,69.18,66.67,50.07,,,35,55,65.7,GOOD_SIGNAL at 62.6. Main support: projection strength: 69.2; usage foundation: 66.7. Main caution: role and availability context: 35.0; missing signal count: 5.,projection strength: 69.2,role and availability context: 35.0
,L.Humphrey,DEN,,WR,receiving,2.189259019803939,22.52200989563773,,,,,,62.56,GOOD_SIGNAL,GOOD_SIGNAL,69.06,66.67,50.07,,,35,55,65.7,GOOD_SIGNAL at 62.6. Main support: projection strength: 69.1; usage foundation: 66.7. Main caution: role and availability context: 35.0; missing signal count: 5.,projection strength: 69.1,role and availability context: 35.0
,Ju.Watson,KC,,WR,receiving,1.94384247922146,24.917012899731947,,,,,,62.55,GOOD_SIGNAL,GOOD_SIGNAL,69.02,66.67,50.07,,,35,55,65.7,GOOD_SIGNAL at 62.5. Main support: projection strength: 69.0; usage foundation: 66.7. Main caution: role and availability context: 35.0; missing signal count: 5.,projection strength: 69.0,role and availability context: 35.0
,I.Spiller,LAC,,RB,receiving,0.9731750107645716,8.06081275662792,23.90827197912477,3.296871882855491,,,,62.47,GOOD_SIGNAL,GOOD_SIGNAL,68.85,66.67,50.07,,,35,55,65.7,GOOD_SIGNAL at 62.5. Main support: projection strength: 68.8; usage foundation: 66.7. Main caution: role and availability context: 35.0; missing signal count: 5.,projection strength: 68.8,role and availability context: 35.0
,I.Spiller,LAC,,RB,rushing,0.9731750107645716,8.06081275662792,23.90827197912477,3.296871882855491,,,,62.47,GOOD_SIGNAL,GOOD_SIGNAL,68.85,66.67,50.07,,,35,55,65.7,GOOD_SIGNAL at 62.5. Main support: projection strength: 68.8; usage foundation: 66.7. Main caution: role and availability context: 35.0; missing signal count: 5.,projection strength: 68.8,role and availability context: 35.0
,J.Reynolds,JAX,,WR,receiving,1.819054833502726,24.738953917469853,,,,,,62.4,GOOD_SIGNAL,GOOD_SIGNAL,68.69,66.67,50.07,,,35,55,65.7,GOOD_SIGNAL at 62.4. Main support: projection strength: 68.7; usage foundation: 66.7. Main caution: role and availability context: 35.0; missing signal count: 5.,projection strength: 68.7,role and availability context: 35.0
,C.Edwards-Helaire,NO,,RB,receiving,1.0765471368219728,10.184879373748457,25.04518736165033,2.293338753500458,,,,62.39,GOOD_SIGNAL,GOOD_SIGNAL,68.66,66.67,50.07,,,35,55,65.7,GOOD_SIGNAL at 62.4. Main support: projection strength: 68.7; usage foundation: 66.7. Main caution: role and availability context: 35.0; missing signal count: 5.,projection strength: 68.7,role and availability context: 35.0
,C.Edwards-Helaire,NO,,RB,rushing,1.0765471368219728,10.184879373748457,25.04518736165033,2.293338753500458,,,,62.39,GOOD_SIGNAL,GOOD_SIGNAL,68.66,66.67,50.07,,,35,55,65.7,GOOD_SIGNAL at 62.4. Main support: projection strength: 68.7; usage foundation: 66.7. Main caution: role and availability context: 35.0; missing signal count: 5.,projection strength: 68.7,role and availability context: 35.0
,R.Flournoy,DAL,,WR,receiving,2.184658295261188,23.120783860530786,,,,,,62.36,GOOD_SIGNAL,GOOD_SIGNAL,68.59,66.67,50.07,,,35,55,65.7,GOOD_SIGNAL at 62.4. Main support: projection strength: 68.6; usage foundation: 66.7. Main caution: role and availability context: 35.0; missing signal count: 5.,projection strength: 68.6,role and availability context: 35.0
,G.Davis,JAX,,WR,receiving,2.011382849166582,24.714849126883266,,,,,,62.33,GOOD_SIGNAL,GOOD_SIGNAL,68.52,66.67,50.07,,,35,55,65.7,GOOD_SIGNAL at 62.3. Main support: projection strength: 68.5; usage foundation: 66.7. Main caution: role and availability context: 35.0; missing signal count: 5.,projection strength: 68.5,role and availability context: 35.0
00-0026158,J.Flacco,IND,JAX,QB,passing,,,,,,,138.39919520451394,62.26,GOOD_SIGNAL,GOOD_SIGNAL,55.56,33.33,99.74,92.59,,35,55,79.0,GOOD_SIGNAL at 62.3. Main support: recent form: 99.7; opponent defense fit: 92.6. Main caution: usage foundation: 33.3; role and availability context: 35.0.,recent form: 99.7,usage foundation: 33.3
,Z.Evans,LA,,RB,receiving,0.8102051642365893,6.228127438844215,24.9051965858644,2.239329758743105,,,,62.06,GOOD_SIGNAL,GOOD_SIGNAL,67.91,66.67,50.07,,,35,55,65.7,GOOD_SIGNAL at 62.1. Main support: projection strength: 67.9; usage foundation: 66.7. Main caution: role and availability context: 35.0; missing signal count: 5.,projection strength: 67.9,role and availability context: 35.0
,Z.Evans,LA,,RB,rushing,0.8102051642365893,6.228127438844215,24.9051965858644,2.239329758743105,,,,62.06,GOOD_SIGNAL,GOOD_SIGNAL,67.91,66.67,50.07,,,35,55,65.7,GOOD_SIGNAL at 62.1. Main support: projection strength: 67.9; usage foundation: 66.7. Main caution: role and availability context: 35.0; missing signal count: 5.,projection strength: 67.9,role and availability context: 35.0
,D.Moore,CAR,,WR,receiving,2.1313948016889777,24.428038348175804,,,,,,61.9,GOOD_SIGNAL,GOOD_SIGNAL,67.54,66.67,50.07,,,35,55,65.7,GOOD_SIGNAL at 61.9. Main support: projection strength: 67.5; usage foundation: 66.7. Main caution: role and availability context: 35.0; missing signal count: 5.,projection strength: 67.5,role and availability context: 35.0
,D.Ozigbo,DET,,RB,receiving,1.0053015383872288,8.882450238352678,24.8793237054211,3.202201922523946,,,,61.9,GOOD_SIGNAL,GOOD_SIGNAL,67.54,66.67,50.07,,,35,55,65.7,GOOD_SIGNAL at 61.9. Main support: projection strength: 67.5; usage foundation: 66.7. Main caution: role and availability context: 35.0; missing signal count: 5.,projection strength: 67.5,role and availability context: 35.0
,D.Ozigbo,DET,,RB,rushing,1.0053015383872288,8.882450238352678,24.8793237054211,3.202201922523946,,,,61.9,GOOD_SIGNAL,GOOD_SIGNAL,67.54,66.67,50.07,,,35,55,65.7,GOOD_SIGNAL at 61.9. Main support: projection strength: 67.5; usage foundation: 66.7. Main caution: role and availability context: 35.0; missing signal count: 5.,projection strength: 67.5,role and availability context: 35.0
,A.Miller,BAL,,WR,receiving,2.1439896163991072,20.820565929256475,,,,,,61.81,GOOD_SIGNAL,GOOD_SIGNAL,67.34,66.67,50.07,,,35,55,65.7,GOOD_SIGNAL at 61.8. Main support: projection strength: 67.3; usage foundation: 66.7. Main caution: role and availability context: 35.0; missing signal count: 5.,projection strength: 67.3,role and availability context: 35.0
,A.Green,DET,,WR,receiving,2.1351036194767063,21.458228331187904,,,,,,61.74,GOOD_SIGNAL,GOOD_SIGNAL,67.19,66.67,50.07,,,35,55,65.7,GOOD_SIGNAL at 61.7. Main support: projection strength: 67.2; usage foundation: 66.7. Main caution: role and availability context: 35.0; missing signal count: 5.,projection strength: 67.2,role and availability context: 35.0
,C.Rodriguez,WAS,,RB,receiving,1.0681437106474192,12.097505102628212,24.769785342407552,2.876969431893104,,,,61.73,GOOD_SIGNAL,GOOD_SIGNAL,67.16,66.67,50.07,,,35,55,65.7,GOOD_SIGNAL at 61.7. Main support: projection strength: 67.2; usage foundation: 66.7. Main caution: role and availability context: 35.0; missing signal count: 5.,projection strength: 67.2,role and availability context: 35.0
,C.Rodriguez,WAS,,RB,rushing,1.0681437106474192,12.097505102628212,24.769785342407552,2.876969431893104,,,,61.73,GOOD_SIGNAL,GOOD_SIGNAL,67.16,66.67,50.07,,,35,55,65.7,GOOD_SIGNAL at 61.7. Main support: projection strength: 67.2; usage foundation: 66.7. Main caution: role and availability context: 35.0; missing signal count: 5.,projection strength: 67.2,role and availability context: 35.0
00-0029263,R.Wilson,PIT,BAL,QB,passing,,,,,,,143.24965081793786,61.69,GOOD_SIGNAL,GOOD_SIGNAL,62.96,33.33,98.82,62.96,,35,55,79.0,GOOD_SIGNAL at 61.7. Main support: recent form: 98.8; data quality: 79.0. Main caution: usage foundation: 33.3; role and availability context: 35.0.,recent form: 98.8,usage foundation: 33.3
,C.Thompson,TB,,WR,receiving,2.074096259327533,24.02549789973553,,,,,,61.68,GOOD_SIGNAL,GOOD_SIGNAL,67.05,66.67,50.07,,,35,55,65.7,GOOD_SIGNAL at 61.7. Main support: projection strength: 67.0; usage foundation: 66.7. Main caution: role and availability context: 35.0; missing signal count: 5.,projection strength: 67.0,role and availability context: 35.0
,T.Marshall,LV,,WR,receiving,2.047155116751922,23.93426272495552,,,,,,61.61,GOOD_SIGNAL,GOOD_SIGNAL,66.89,66.67,50.07,,,35,55,65.7,GOOD_SIGNAL at 61.6. Main support: projection strength: 66.9; usage foundation: 66.7. Main caution: role and availability context: 35.0; missing signal count: 5.,projection strength: 66.9,role and availability context: 35.0
,K.Davis,CLE,,WR,receiving,1.9783240484658016,23.90521772017947,,,,,,61.54,GOOD_SIGNAL,GOOD_SIGNAL,66.72,66.67,50.07,,,35,55,65.7,GOOD_SIGNAL at 61.5. Main support: projection strength: 66.7; usage foundation: 66.7. Main caution: role and availability context: 35.0; missing signal count: 5.,projection strength: 66.7,role and availability context: 35.0
,J.Ferguson,DAL,,TE,receiving,2.128897832430176,19.484362201539,,,,,,61.54,GOOD_SIGNAL,GOOD_SIGNAL,66.72,66.67,50.07,,,35,55,65.7,GOOD_SIGNAL at 61.5. Main support: projection strength: 66.7; usage foundation: 66.7. Main caution: role and availability context: 35.0; missing signal count: 5.,projection strength: 66.7,role and availability context: 35.0
,A.Hooper,NE,,TE,receiving,2.121335346238391,21.026664261069044,,,,,,61.47,GOOD_SIGNAL,GOOD_SIGNAL,66.56,66.67,50.07,,,35,55,65.7,GOOD_SIGNAL at 61.5. Main support: usage foundation: 66.7; projection strength: 66.6. Main caution: role and availability context: 35.0; missing signal count: 5.,usage foundation: 66.7,role and availability context: 35.0
,A.Cooper,BUF,,WR,receiving,1.9611567395458007,23.900049897719104,,,,,,61.47,GOOD_SIGNAL,GOOD_SIGNAL,66.56,66.67,50.07,,,35,55,65.7,GOOD_SIGNAL at 61.5. Main support: usage foundation: 66.7; projection strength: 66.6. Main caution: role and availability context: 35.0; missing signal count: 5.,usage foundation: 66.7,role and availability context: 35.0
,T.Badie,DEN,,RB,receiving,0.988648924923892,,24.721280935856765,2.954265228418224,,,,61.41,GOOD_SIGNAL,GOOD_SIGNAL,66.42,66.67,50.07,,,35,55,65.7,GOOD_SIGNAL at 61.4. Main support: usage foundation: 66.7; projection strength: 66.4. Main caution: role and availability context: 35.0; missing signal count: 5.,usage foundation: 66.7,role and availability context: 35.0
,T.Badie,DEN,,RB,rushing,0.988648924923892,,24.721280935856765,2.954265228418224,,,,61.41,GOOD_SIGNAL,GOOD_SIGNAL,66.42,66.67,50.07,,,35,55,65.7,GOOD_SIGNAL at 61.4. Main support: usage foundation: 66.7; projection strength: 66.4. Main caution: role and availability context: 35.0; missing signal count: 5.,usage foundation: 66.7,role and availability context: 35.0
,G.DuBose,MIA,,WR,receiving,2.120998743015185,16.76810219229791,,,,,,61.4,GOOD_SIGNAL,GOOD_SIGNAL,66.41,66.67,50.07,,,35,55,65.7,GOOD_SIGNAL at 61.4. Main support: usage foundation: 66.7; projection strength: 66.4. Main caution: role and availability context: 35.0; missing signal count: 5.,usage foundation: 66.7,role and availability context: 35.0
,J.Darden,SEA,,WR,receiving,2.1107940519000614,17.366375192918166,,,,,,61.33,GOOD_SIGNAL,GOOD_SIGNAL,66.25,66.67,50.07,,,35,55,65.7,GOOD_SIGNAL at 61.3. Main support: usage foundation: 66.7; projection strength: 66.2. Main caution: role and availability context: 35.0; missing signal count: 5.,usage foundation: 66.7,role and availability context: 35.0
00-0034857,J.Allen,BUF,KC,QB,passing,,,,,,,130.92414844249402,61.23,GOOD_SIGNAL,GOOD_SIGNAL,51.85,33.33,99.74,96.3,,35,55,79.0,GOOD_SIGNAL at 61.2. Main support: recent form: 99.7; opponent defense fit: 96.3. Main caution: usage foundation: 33.3; role and availability context: 35.0.,recent form: 99.7,usage foundation: 33.3
,T.Jennings,NE,,RB,receiving,0.2614073388448888,,22.59004653028277,3.11069679606735,,,,61.22,GOOD_SIGNAL,GOOD_SIGNAL,65.98,66.67,50.07,,,35,55,65.7,GOOD_SIGNAL at 61.2. Main support: usage foundation: 66.7; projection strength: 66.0. Main caution: role and availability context: 35.0; missing signal count: 5.,usage foundation: 66.7,role and availability context: 35.0
,T.Jennings,NE,,RB,rushing,0.2614073388448888,,22.59004653028277,3.11069679606735,,,,61.22,GOOD_SIGNAL,GOOD_SIGNAL,65.98,66.67,50.07,,,35,55,65.7,GOOD_SIGNAL at 61.2. Main support: usage foundation: 66.7; projection strength: 66.0. Main caution: role and availability context: 35.0; missing signal count: 5.,usage foundation: 66.7,role and availability context: 35.0
,S.Toure,GB,,WR,receiving,2.043770056847033,23.576276851754933,,,,,,61.18,GOOD_SIGNAL,GOOD_SIGNAL,65.9,66.67,50.07,,,35,55,65.7,GOOD_SIGNAL at 61.2. Main support: usage foundation: 66.7; projection strength: 65.9. Main caution: role and availability context: 35.0; missing signal count: 5.,usage foundation: 66.7,role and availability context: 35.0
,R.Miller,TB,,WR,receiving,2.099619420164783,22.831167934419945,,,,,,61.13,GOOD_SIGNAL,GOOD_SIGNAL,65.78,66.67,50.07,,,35,55,65.7,GOOD_SIGNAL at 61.1. Main support: usage foundation: 66.7; projection strength: 65.8. Main caution: role and availability context: 35.0; missing signal count: 5.,usage foundation: 66.7,role and availability context: 35.0
,N.Muse,MIN,,TE,receiving,1.9353467823182549,23.22809196983096,,,,,,61.11,GOOD_SIGNAL,GOOD_SIGNAL,65.74,66.67,50.07,,,35,55,65.7,GOOD_SIGNAL at 61.1. Main support: usage foundation: 66.7; projection strength: 65.7. Main caution: role and availability context: 35.0; missing signal count: 5.,usage foundation: 66.7,role and availability context: 35.0
,I.Abanikanda,NYJ,,RB,receiving,1.1566351660052765,9.71085498999499,24.41441304424689,2.764301870983532,,,,61.08,GOOD_SIGNAL,GOOD_SIGNAL,65.67,66.67,50.07,,,35,55,65.7,GOOD_SIGNAL at 61.1. Main support: usage foundation: 66.7; data quality: 65.7. Main caution: role and availability context: 35.0; missing signal count: 5.,usage foundation: 66.7,role and availability context: 35.0
,I.Abanikanda,NYJ,,RB,rushing,1.1566351660052765,9.71085498999499,24.41441304424689,2.764301870983532,,,,61.08,GOOD_SIGNAL,GOOD_SIGNAL,65.67,66.67,50.07,,,35,55,65.7,GOOD_SIGNAL at 61.1. Main support: usage foundation: 66.7; data quality: 65.7. Main caution: role and availability context: 35.0; missing signal count: 5.,usage foundation: 66.7,role and availability context: 35.0
,J.Brooks,DAL,,WR,receiving,1.764753675575231,23.21840871051776,,,,,,61.04,GOOD_SIGNAL,GOOD_SIGNAL,65.57,66.67,50.07,,,35,55,65.7,GOOD_SIGNAL at 61.0. Main support: usage foundation: 66.7; data quality: 65.7. Main caution: role and availability context: 35.0; missing signal count: 5.,usage foundation: 66.7,role and availability context: 35.0
,R.Johnson,CHI,,RB,receiving,1.1954956637884693,9.543487071643735,19.47158318330759,3.0970720170077373,,,,61.04,GOOD_SIGNAL,GOOD_SIGNAL,65.57,66.67,50.07,,,35,55,65.7,GOOD_SIGNAL at 61.0. Main support: usage foundation: 66.7; data quality: 65.7. Main caution: role and availability context: 35.0; missing signal count: 5.,usage foundation: 66.7,role and availability context: 35.0
,R.Johnson,CHI,,RB,rushing,1.1954956637884693,9.543487071643735,19.47158318330759,3.0970720170077373,,,,61.04,GOOD_SIGNAL,GOOD_SIGNAL,65.57,66.67,50.07,,,35,55,65.7,GOOD_SIGNAL at 61.0. Main support: usage foundation: 66.7; data quality: 65.7. Main caution: role and availability context: 35.0; missing signal count: 5.,usage foundation: 66.7,role and availability context: 35.0
,L.McCaffrey,WAS,,WR,receiving,2.0975257373011886,21.06622114249195,,,,,,60.92,GOOD_SIGNAL,GOOD_SIGNAL,65.31,66.67,50.07,,,35,55,65.7,GOOD_SIGNAL at 60.9. Main support: usage foundation: 66.7; data quality: 65.7. Main caution: role and availability context: 35.0; missing signal count: 5.,usage foundation: 66.7,role and availability context: 35.0
,B.Allen,NYJ,,RB,receiving,1.012372564096109,9.143966667611435,24.366260082823874,2.70498729060565,,,,60.92,GOOD_SIGNAL,GOOD_SIGNAL,65.3,66.67,50.07,,,35,55,65.7,GOOD_SIGNAL at 60.9. Main support: usage foundation: 66.7; data quality: 65.7. Main caution: role and availability context: 35.0; missing signal count: 5.,usage foundation: 66.7,role and availability context: 35.0
,B.Allen,NYJ,,RB,rushing,1.012372564096109,9.143966667611435,24.366260082823874,2.70498729060565,,,,60.92,GOOD_SIGNAL,GOOD_SIGNAL,65.3,66.67,50.07,,,35,55,65.7,GOOD_SIGNAL at 60.9. Main support: usage foundation: 66.7; data quality: 65.7. Main caution: role and availability context: 35.0; missing signal count: 5.,usage foundation: 66.7,role and availability context: 35.0
,T.McAllister,LV,,WR,receiving,1.9050527874115128,23.019839286098748,,,,,,60.82,GOOD_SIGNAL,GOOD_SIGNAL,65.08,66.67,50.07,,,35,55,65.7,GOOD_SIGNAL at 60.8. Main support: usage foundation: 66.7; data quality: 65.7. Main caution: role and availability context: 35.0; missing signal count: 5.,usage foundation: 66.7,role and availability context: 35.0
,H.Henry,NE,,TE,receiving,2.0964469876850265,20.440334562113907,,,,,,60.79,GOOD_SIGNAL,GOOD_SIGNAL,65.0,66.67,50.07,,,35,55,65.7,GOOD_SIGNAL at 60.8. Main support: usage foundation: 66.7; data quality: 65.7. Main caution: role and availability context: 35.0; missing signal count: 5.,usage foundation: 66.7,role and availability context: 35.0
,K.Miller,NO,,RB,receiving,0.9548752048218488,8.519303019516101,24.34244547733451,2.446318509181014,,,,60.76,GOOD_SIGNAL,GOOD_SIGNAL,64.93,66.67,50.07,,,35,55,65.7,GOOD_SIGNAL at 60.8. Main support: usage foundation: 66.7; data quality: 65.7. Main caution: role and availability context: 35.0; missing signal count: 5.,usage foundation: 66.7,role and availability context: 35.0
,K.Miller,NO,,RB,rushing,0.9548752048218488,8.519303019516101,24.34244547733451,2.446318509181014,,,,60.76,GOOD_SIGNAL,GOOD_SIGNAL,64.93,66.67,50.07,,,35,55,65.7,GOOD_SIGNAL at 60.8. Main support: usage foundation: 66.7; data quality: 65.7. Main caution: role and availability context: 35.0; missing signal count: 5.,usage foundation: 66.7,role and availability context: 35.0
,Q.Watkins,PHI,,WR,receiving,2.033248041338833,22.989397924531023,,,,,,60.75,GOOD_SIGNAL,GOOD_SIGNAL,64.92,66.67,50.07,,,35,55,65.7,GOOD_SIGNAL at 60.8. Main support: usage foundation: 66.7; data quality: 65.7. Main caution: role and availability context: 35.0; missing signal count: 5.,usage foundation: 66.7,role and availability context: 35.0
,B.Purdy,SF,DET,QB,rushing,,,19.398240046640435,1.3986295214092797,14.847993243551516,10.977394403845588,,60.73,GOOD_SIGNAL,GOOD_SIGNAL,64.86,66.67,50.07,,,35,55,65.7,GOOD_SIGNAL at 60.7. Main support: usage foundation: 66.7; data quality: 65.7. Main caution: role and availability context: 35.0; missing signal count: 5.,usage foundation: 66.7,role and availability context: 35.0
,B.Purdy,SF,DET,QB,passing,,,19.398240046640435,1.3986295214092797,14.847993243551516,10.977394403845588,,60.73,GOOD_SIGNAL,GOOD_SIGNAL,64.86,66.67,50.07,,,35,55,65.7,GOOD_SIGNAL at 60.7. Main support: usage foundation: 66.7; data quality: 65.7. Main caution: role and availability context: 35.0; missing signal count: 5.,usage foundation: 66.7,role and availability context: 35.0
,A.Smith,PHI,,WR,receiving,2.0872129356674707,16.980545368604844,,,,,,60.72,GOOD_SIGNAL,GOOD_SIGNAL,64.84,66.67,50.07,,,35,55,65.7,GOOD_SIGNAL at 60.7. Main support: usage foundation: 66.7; data quality: 65.7. Main caution: role and availability context: 35.0; missing signal count: 5.,usage foundation: 66.7,role and availability context: 35.0
,B.Watson,DEN,,RB,receiving,0.8595959050311229,9.933353617898035,16.22501877995557,3.053954438692908,,,,60.68,GOOD_SIGNAL,GOOD_SIGNAL,64.75,66.67,50.07,,,35,55,65.7,GOOD_SIGNAL at 60.7. Main support: usage foundation: 66.7; data quality: 65.7. Main caution: role and availability context: 35.0; missing signal count: 5.,usage foundation: 66.7,role and availability context: 35.0
,B.Watson,DEN,,RB,rushing,0.8595959050311229,9.933353617898035,16.22501877995557,3.053954438692908,,,,60.68,GOOD_SIGNAL,GOOD_SIGNAL,64.75,66.67,50.07,,,35,55,65.7,GOOD_SIGNAL at 60.7. Main support: usage foundation: 66.7; data quality: 65.7. Main caution: role and availability context: 35.0; missing signal count: 5.,usage foundation: 66.7,role and availability context: 35.0
,M.Hardman,KC,,WR,receiving,2.0846361767926767,19.6269850361729,,,,,,60.65,GOOD_SIGNAL,GOOD_SIGNAL,64.69,66.67,50.07,,,35,55,65.7,GOOD_SIGNAL at 60.6. Main support: usage foundation: 66.7; data quality: 65.7. Main caution: role and availability context: 35.0; missing signal count: 5.,usage foundation: 66.7,role and availability context: 35.0
,D.Maye,NE,BUF,QB,rushing,,,24.190254360013547,1.9961709403016616,,,,60.59,GOOD_SIGNAL,GOOD_SIGNAL,64.55,66.67,50.07,,,35,55,65.7,GOOD_SIGNAL at 60.6. Main support: usage foundation: 66.7; data quality: 65.7. Main caution: role and availability context: 35.0; missing signal count: 5.,usage foundation: 66.7,role and availability context: 35.0
,J.Whyle,TEN,,TE,receiving,2.08173663985594,19.34292724909445,,,,,,60.58,GOOD_SIGNAL,GOOD_SIGNAL,64.53,66.67,50.07,,,35,55,65.7,GOOD_SIGNAL at 60.6. Main support: usage foundation: 66.7; data quality: 65.7. Main caution: role and availability context: 35.0; missing signal count: 5.,usage foundation: 66.7,role and availability context: 35.0
,C.Blair,ATL,,WR,receiving,1.4077889477017609,22.766223370407456,,,,,,60.46,GOOD_SIGNAL,GOOD_SIGNAL,64.26,66.67,50.07,,,35,55,65.7,GOOD_SIGNAL at 60.5. Main support: usage foundation: 66.7; data quality: 65.7. Main caution: role and availability context: 35.0; missing signal count: 5.,usage foundation: 66.7,role and availability context: 35.0
,J.Fields,PIT,BAL,QB,rushing,,,24.16200229737064,2.9127077909650083,10.869867110915155,,,60.43,GOOD_SIGNAL,GOOD_SIGNAL,64.18,66.67,50.07,,,35,55,65.7,GOOD_SIGNAL at 60.4. Main support: usage foundation: 66.7; data quality: 65.7. Main caution: role and availability context: 35.0; missing signal count: 5.,usage foundation: 66.7,role and availability context: 35.0
,J.Fields,PIT,BAL,QB,passing,,,24.16200229737064,2.9127077909650083,10.869867110915155,,,60.43,GOOD_SIGNAL,GOOD_SIGNAL,64.18,66.67,50.07,,,35,55,65.7,GOOD_SIGNAL at 60.4. Main support: usage foundation: 66.7; data quality: 65.7. Main caution: role and availability context: 35.0; missing signal count: 5.,usage foundation: 66.7,role and availability context: 35.0
,A.Baccellia,ARI,,WR,receiving,1.88062903372675,22.72471314140518,,,,,,60.39,GOOD_SIGNAL,GOOD_SIGNAL,64.1,66.67,50.07,,,35,55,65.7,GOOD_SIGNAL at 60.4. Main support: usage foundation: 66.7; data quality: 65.7. Main caution: role and availability context: 35.0; missing signal count: 5.,usage foundation: 66.7,role and availability context: 35.0
,C.Otton,TB,,TE,receiving,2.0669352586042007,21.00388859071267,,,,,,60.38,GOOD_SIGNAL,GOOD_SIGNAL,64.06,66.67,50.07,,,35,55,65.7,GOOD_SIGNAL at 60.4. Main support: usage foundation: 66.7; data quality: 65.7. Main caution: role and availability context: 35.0; missing signal count: 5.,usage foundation: 66.7,role and availability context: 35.0
,K.Gainwell,PHI,,RB,receiving,0.8732186872185582,6.634067998563273,21.86022955063981,3.01990877111344,,,,60.32,GOOD_SIGNAL,GOOD_SIGNAL,63.93,66.67,50.07,,,35,55,65.7,GOOD_SIGNAL at 60.3. Main support: usage foundation: 66.7; data quality: 65.7. Main caution: role and availability context: 35.0; missing signal count: 5.,usage foundation: 66.7,role and availability context: 35.0
,K.Gainwell,PHI,,RB,rushing,0.8732186872185582,6.634067998563273,21.86022955063981,3.01990877111344,,,,60.32,GOOD_SIGNAL,GOOD_SIGNAL,63.93,66.67,50.07,,,35,55,65.7,GOOD_SIGNAL at 60.3. Main support: usage foundation: 66.7; data quality: 65.7. Main caution: role and availability context: 35.0; missing signal count: 5.,usage foundation: 66.7,role and availability context: 35.0
,T.Tagovailoa,MIA,SF,QB,rushing,,,7.31018625473594,1.1753983346591192,14.32380278730248,11.18951920621108,,60.19,GOOD_SIGNAL,GOOD_SIGNAL,63.64,66.67,50.07,,,35,55,65.7,GOOD_SIGNAL at 60.2. Main support: usage foundation: 66.7; data quality: 65.7. Main caution: role and availability context: 35.0; missing signal count: 5.,usage foundation: 66.7,role and availability context: 35.0
,T.Tagovailoa,MIA,SF,QB,passing,,,7.31018625473594,1.1753983346591192,14.32380278730248,11.18951920621108,,60.19,GOOD_SIGNAL,GOOD_SIGNAL,63.64,66.67,50.07,,,35,55,65.7,GOOD_SIGNAL at 60.2. Main support: usage foundation: 66.7; data quality: 65.7. Main caution: role and availability context: 35.0; missing signal count: 5.,usage foundation: 66.7,role and availability context: 35.0
,D.Schultz,HOU,,TE,receiving,2.0364906990147014,20.996895208609928,,,,,,60.17,GOOD_SIGNAL,GOOD_SIGNAL,63.59,66.67,50.07,,,35,55,65.7,GOOD_SIGNAL at 60.2. Main support: usage foundation: 66.7; data quality: 65.7. Main caution: role and availability context: 35.0; missing signal count: 5.,usage foundation: 66.7,role and availability context: 35.0
,Z.Knight,DET,,RB,receiving,0.9689403667807636,8.56117718238902,24.049883407994784,3.017610515461036,,,,60.14,GOOD_SIGNAL,GOOD_SIGNAL,63.52,66.67,50.07,,,35,55,65.7,GOOD_SIGNAL at 60.1. Main support: usage foundation: 66.7; data quality: 65.7. Main caution: role and availability context: 35.0; missing signal count: 5.,usage foundation: 66.7,role and availability context: 35.0
,Z.Knight,DET,,RB,rushing,0.9689403667807636,8.56117718238902,24.049883407994784,3.017610515461036,,,,60.14,GOOD_SIGNAL,GOOD_SIGNAL,63.52,66.67,50.07,,,35,55,65.7,GOOD_SIGNAL at 60.1. Main support: usage foundation: 66.7; data quality: 65.7. Main caution: role and availability context: 35.0; missing signal count: 5.,usage foundation: 66.7,role and availability context: 35.0
,T.Benson,ARI,,RB,receiving,1.0305334245186568,10.929187873812491,24.122427103419543,2.7944612196445635,,,,60.1,GOOD_SIGNAL,GOOD_SIGNAL,63.43,66.67,50.07,,,35,55,65.7,GOOD_SIGNAL at 60.1. Main support: usage foundation: 66.7; data quality: 65.7. Main caution: role and availability context: 35.0; missing signal count: 5.,usage foundation: 66.7,role and availability context: 35.0
,T.Benson,ARI,,RB,rushing,1.0305334245186568,10.929187873812491,24.122427103419543,2.7944612196445635,,,,60.1,GOOD_SIGNAL,GOOD_SIGNAL,63.43,66.67,50.07,,,35,55,65.7,GOOD_SIGNAL at 60.1. Main support: usage foundation: 66.7; data quality: 65.7. Main caution: role and availability context: 35.0; missing signal count: 5.,usage foundation: 66.7,role and availability context: 35.0
,J.Jackson,NO,,WR,receiving,1.8684171568843684,22.57715006905839,,,,,,60.1,GOOD_SIGNAL,GOOD_SIGNAL,63.44,66.67,50.07,,,35,55,65.7,GOOD_SIGNAL at 60.1. Main support: usage foundation: 66.7; data quality: 65.7. Main caution: role and availability context: 35.0; missing signal count: 5.,usage foundation: 66.7,role and availability context: 35.0
,T.Franklin,DEN,,WR,receiving,2.034803613323694,21.99960744751613,,,,,,60.03,GOOD_SIGNAL,GOOD_SIGNAL,63.28,66.67,50.07,,,35,55,65.7,GOOD_SIGNAL at 60.0. Main support: usage foundation: 66.7; data quality: 65.7. Main caution: role and availability context: 35.0; missing signal count: 5.,usage foundation: 66.7,role and availability context: 35.0
,J.Williams,WAS,,RB,receiving,0.8218938225099323,7.130922147749489,17.140862693393238,2.998359561035329,,,,59.87,GOOD_SIGNAL,GOOD_SIGNAL,62.91,66.67,50.07,,,35,55,65.7,GOOD_SIGNAL at 59.9. Main support: usage foundation: 66.7; data quality: 65.7. Main caution: role and availability context: 35.0; missing signal count: 5.,usage foundation: 66.7,role and availability context: 35.0
,J.Williams,WAS,,RB,rushing,0.8218938225099323,7.130922147749489,17.140862693393238,2.998359561035329,,,,59.87,GOOD_SIGNAL,GOOD_SIGNAL,62.91,66.67,50.07,,,35,55,65.7,GOOD_SIGNAL at 59.9. Main support: usage foundation: 66.7; data quality: 65.7. Main caution: role and availability context: 35.0; missing signal count: 5.,usage foundation: 66.7,role and availability context: 35.0
,A.Barner,SEA,,TE,receiving,2.029668981486609,17.802449486892847,,,,,,59.83,GOOD_SIGNAL,GOOD_SIGNAL,62.81,66.67,50.07,,,35,55,65.7,GOOD_SIGNAL at 59.8. Main support: usage foundation: 66.7; data quality: 65.7. Main caution: role and availability context: 35.0; missing signal count: 5.,usage foundation: 66.7,role and availability context: 35.0
,M.Alexander,DET,,WR,receiving,1.831781526357224,22.13446085201803,,,,,,59.82,GOOD_SIGNAL,GOOD_SIGNAL,62.79,66.67,50.07,,,35,55,65.7,GOOD_SIGNAL at 59.8. Main support: usage foundation: 66.7; data quality: 65.7. Main caution: role and availability context: 35.0; missing signal count: 5.,usage foundation: 66.7,role and availability context: 35.0
,H.Bryant,LV,,TE,receiving,2.0187237147110606,19.25742036787868,,,,,,59.69,GOOD_SIGNAL,GOOD_SIGNAL,62.5,66.67,50.07,,,35,55,65.7,GOOD_SIGNAL at 59.7. Main support: usage foundation: 66.7; data quality: 65.7. Main caution: role and availability context: 35.0; missing signal count: 5.,usage foundation: 66.7,role and availability context: 35.0
,K.Herbert,CIN,,RB,receiving,1.5345406431260682,8.630321455491416,23.00205619579202,2.9864905179349592,,,,59.61,GOOD_SIGNAL,GOOD_SIGNAL,62.3,66.67,50.07,,,35,55,65.7,GOOD_SIGNAL at 59.6. Main support: usage foundation: 66.7; data quality: 65.7. Main caution: role and availability context: 35.0; missing signal count: 5.,usage foundation: 66.7,role and availability context: 35.0
,K.Herbert,CIN,,RB,rushing,1.5345406431260682,8.630321455491416,23.00205619579202,2.9864905179349592,,,,59.61,GOOD_SIGNAL,GOOD_SIGNAL,62.3,66.67,50.07,,,35,55,65.7,GOOD_SIGNAL at 59.6. Main support: usage foundation: 66.7; data quality: 65.7. Main caution: role and availability context: 35.0; missing signal count: 5.,usage foundation: 66.7,role and availability context: 35.0
,S.Rattler,NO,TB,QB,rushing,,,20.233930172587403,1.022869538583731,14.81676074619008,9.867107442191791,,59.54,GOOD_SIGNAL,GOOD_SIGNAL,62.16,66.67,50.07,,,35,55,65.7,GOOD_SIGNAL at 59.5. Main support: usage foundation: 66.7; data quality: 65.7. Main caution: role and availability context: 35.0; missing signal count: 5.,usage foundation: 66.7,role and availability context: 35.0
,S.Rattler,NO,TB,QB,passing,,,20.233930172587403,1.022869538583731,14.81676074619008,9.867107442191791,,59.54,GOOD_SIGNAL,GOOD_SIGNAL,62.16,66.67,50.07,,,35,55,65.7,GOOD_SIGNAL at 59.5. Main support: usage foundation: 66.7; data quality: 65.7. Main caution: role and availability context: 35.0; missing signal count: 5.,usage foundation: 66.7,role and availability context: 35.0
,D.Hopkins,KC,,WR,receiving,1.9271785878276155,21.82733292636487,,,,,,59.53,GOOD_SIGNAL,GOOD_SIGNAL,62.13,66.67,50.07,,,35,55,65.7,GOOD_SIGNAL at 59.5. Main support: usage foundation: 66.7; data quality: 65.7. Main caution: role and availability context: 35.0; missing signal count: 5.,usage foundation: 66.7,role and availability context: 35.0
,X.Gipson,NYJ,,WR,receiving,2.008340774621236,18.53136884240544,,,,,,59.49,GOOD_SIGNAL,GOOD_SIGNAL,62.03,66.67,50.07,,,35,55,65.7,GOOD_SIGNAL at 59.5. Main support: usage foundation: 66.7; data quality: 65.7. Main caution: role and availability context: 35.0; missing signal count: 5.,usage foundation: 66.7,role and availability context: 35.0
,A.Mitchell,IND,,WR,receiving,1.703347437494286,21.597733467450784,,,,,,59.46,GOOD_SIGNAL,GOOD_SIGNAL,61.97,66.67,50.07,,,35,55,65.7,GOOD_SIGNAL at 59.5. Main support: usage foundation: 66.7; data quality: 65.7. Main caution: role and availability context: 35.0; missing signal count: 5.,usage foundation: 66.7,role and availability context: 35.0
,J.Wright,MIA,,RB,receiving,0.8094715086420392,,23.93879393056455,2.961455373804364,,,,59.43,GOOD_SIGNAL,GOOD_SIGNAL,61.89,66.67,50.07,,,35,55,65.7,GOOD_SIGNAL at 59.4. Main support: usage foundation: 66.7; data quality: 65.7. Main caution: role and availability context: 35.0; missing signal count: 5.,usage foundation: 66.7,role and availability context: 35.0
,J.Wright,MIA,,RB,rushing,0.8094715086420392,,23.93879393056455,2.961455373804364,,,,59.43,GOOD_SIGNAL,GOOD_SIGNAL,61.89,66.67,50.07,,,35,55,65.7,GOOD_SIGNAL at 59.4. Main support: usage foundation: 66.7; data quality: 65.7. Main caution: role and availability context: 35.0; missing signal count: 5.,usage foundation: 66.7,role and availability context: 35.0
,O.Beckham,MIA,,WR,receiving,2.006336801151242,19.634425426294246,,,,,,59.42,GOOD_SIGNAL,GOOD_SIGNAL,61.88,66.67,50.07,,,35,55,65.7,GOOD_SIGNAL at 59.4. Main support: usage foundation: 66.7; data quality: 65.7. Main caution: role and availability context: 35.0; missing signal count: 5.,usage foundation: 66.7,role and availability context: 35.0
,J.Kibodi,CLE,,RB,receiving,0.9142808915556312,13.33217419059791,23.96115195654426,2.1362139531614592,,,,59.29,GOOD_SIGNAL,GOOD_SIGNAL,61.57,66.67,50.07,,,35,55,65.7,GOOD_SIGNAL at 59.3. Main support: usage foundation: 66.7; data quality: 65.7. Main caution: role and availability context: 35.0; missing signal count: 5.,usage foundation: 66.7,role and availability context: 35.0
,J.Kibodi,CLE,,RB,rushing,0.9142808915556312,13.33217419059791,23.96115195654426,2.1362139531614592,,,,59.29,GOOD_SIGNAL,GOOD_SIGNAL,61.57,66.67,50.07,,,35,55,65.7,GOOD_SIGNAL at 59.3. Main support: usage foundation: 66.7; data quality: 65.7. Main caution: role and availability context: 35.0; missing signal count: 5.,usage foundation: 66.7,role and availability context: 35.0
,A.Abdullah,LV,,RB,receiving,1.9972331636907392,13.49973221372938,23.28796857473809,2.1601901368644505,,,,59.28,GOOD_SIGNAL,GOOD_SIGNAL,61.56,66.67,50.07,,,35,55,65.7,GOOD_SIGNAL at 59.3. Main support: usage foundation: 66.7; data quality: 65.7. Main caution: role and availability context: 35.0; missing signal count: 5.,usage foundation: 66.7,role and availability context: 35.0
,A.Abdullah,LV,,RB,rushing,1.9972331636907392,13.49973221372938,23.28796857473809,2.1601901368644505,,,,59.28,GOOD_SIGNAL,GOOD_SIGNAL,61.56,66.67,50.07,,,35,55,65.7,GOOD_SIGNAL at 59.3. Main support: usage foundation: 66.7; data quality: 65.7. Main caution: role and availability context: 35.0; missing signal count: 5.,usage foundation: 66.7,role and availability context: 35.0
,T.Palmer,TB,,WR,receiving,1.5400796380446675,21.344227738642186,,,,,,59.25,GOOD_SIGNAL,GOOD_SIGNAL,61.48,66.67,50.07,,,35,55,65.7,GOOD_SIGNAL at 59.2. Main support: usage foundation: 66.7; data quality: 65.7. Main caution: role and availability context: 35.0; missing signal count: 5.,usage foundation: 66.7,role and availability context: 35.0
,M.Woods,CLE,,WR,receiving,1.9879182192107103,20.55736137080433,,,,,,59.22,GOOD_SIGNAL,GOOD_SIGNAL,61.41,66.67,50.07,,,35,55,65.7,GOOD_SIGNAL at 59.2. Main support: usage foundation: 66.7; data quality: 65.7. Main caution: role and availability context: 35.0; missing signal count: 5.,usage foundation: 66.7,role and availability context: 35.0
,M.Andrews,BAL,,TE,receiving,1.936444859797794,21.340921118998807,,,,,,59.17,GOOD_SIGNAL,GOOD_SIGNAL,61.31,66.67,50.07,,,35,55,65.7,GOOD_SIGNAL at 59.2. Main support: usage foundation: 66.7; data quality: 65.7. Main caution: role and availability context: 35.0; missing signal count: 5.,usage foundation: 66.7,role and availability context: 35.0
,B.Covey,PHI,,WR,receiving,1.9838924187272453,15.669510478200284,,,,,,59.15,GOOD_SIGNAL,GOOD_SIGNAL,61.25,66.67,50.07,,,35,55,65.7,GOOD_SIGNAL at 59.1. Main support: usage foundation: 66.7; data quality: 65.7. Main caution: role and availability context: 35.0; missing signal count: 5.,usage foundation: 66.7,role and availability context: 35.0
,D.Jackson,NYG,,RB,receiving,1.1419066908181223,8.683162595920242,23.95718514066882,2.892985080276197,,,,59.12,GOOD_SIGNAL,GOOD_SIGNAL,61.19,66.67,50.07,,,35,55,65.7,GOOD_SIGNAL at 59.1. Main support: usage foundation: 66.7; data quality: 65.7. Main caution: role and availability context: 35.0; missing signal count: 5.,usage foundation: 66.7,role and availability context: 35.0
,D.Jackson,NYG,,RB,rushing,1.1419066908181223,8.683162595920242,23.95718514066882,2.892985080276197,,,,59.12,GOOD_SIGNAL,GOOD_SIGNAL,61.19,66.67,50.07,,,35,55,65.7,GOOD_SIGNAL at 59.1. Main support: usage foundation: 66.7; data quality: 65.7. Main caution: role and availability context: 35.0; missing signal count: 5.,usage foundation: 66.7,role and availability context: 35.0
,A.Erickson,NE,,WR,receiving,1.5582473934177163,21.16401457030468,,,,,,59.1,GOOD_SIGNAL,GOOD_SIGNAL,61.15,66.67,50.07,,,35,55,65.7,GOOD_SIGNAL at 59.1. Main support: usage foundation: 66.7; data quality: 65.7. Main caution: role and availability context: 35.0; missing signal count: 5.,usage foundation: 66.7,role and availability context: 35.0
,D.Johnson,HOU,,WR,receiving,1.8169176967400715,21.110909975888607,,,,,,59.03,GOOD_SIGNAL,GOOD_SIGNAL,60.98,66.67,50.07,,,35,55,65.7,GOOD_SIGNAL at 59.0. Main support: usage foundation: 66.7; data quality: 65.7. Main caution: role and availability context: 35.0; missing signal count: 5.,usage foundation: 66.7,role and availability context: 35.0
,E.Saubert,SF,,TE,receiving,1.975878778985948,17.754986337407885,,,,,,58.94,GOOD_SIGNAL,GOOD_SIGNAL,60.78,66.67,50.07,,,35,55,65.7,GOOD_SIGNAL at 58.9. Main support: usage foundation: 66.7; data quality: 65.7. Main caution: role and availability context: 35.0; missing signal count: 5.,usage foundation: 66.7,role and availability context: 35.0
,K.Jackson,TEN,,WR,receiving,1.544309239733838,21.029595135312537,,,,,,58.89,GOOD_SIGNAL,GOOD_SIGNAL,60.66,66.67,50.07,,,35,55,65.7,GOOD_SIGNAL at 58.9. Main support: usage foundation: 66.7; data quality: 65.7. Main caution: role and availability context: 35.0; missing signal count: 5.,usage foundation: 66.7,role and availability context: 35.0
,B.Sinnott,WAS,,TE,receiving,1.9597231994580964,17.609184702367163,,,,,,58.8,GOOD_SIGNAL,GOOD_SIGNAL,60.47,66.67,50.07,,,35,55,65.7,GOOD_SIGNAL at 58.8. Main support: usage foundation: 66.7; data quality: 65.7. Main caution: role and availability context: 35.0; missing signal count: 5.,usage foundation: 66.7,role and availability context: 35.0
,J.Jones,PHI,,WR,receiving,1.912863892147208,21.00552882930748,,,,,,58.74,GOOD_SIGNAL,GOOD_SIGNAL,60.33,66.67,50.07,,,35,55,65.7,GOOD_SIGNAL at 58.7. Main support: usage foundation: 66.7; data quality: 65.7. Main caution: role and availability context: 35.0; missing signal count: 5.,usage foundation: 66.7,role and availability context: 35.0
,K.Vidal,LAC,,RB,receiving,0.8006725385354857,10.07320334347444,22.33033954050072,2.920849679786484,,,,58.71,GOOD_SIGNAL,GOOD_SIGNAL,60.25,66.67,50.07,,,35,55,65.7,GOOD_SIGNAL at 58.7. Main support: usage foundation: 66.7; data quality: 65.7. Main caution: role and availability context: 35.0; missing signal count: 5.,usage foundation: 66.7,role and availability context: 35.0
,K.Vidal,LAC,,RB,rushing,0.8006725385354857,10.07320334347444,22.33033954050072,2.920849679786484,,,,58.71,GOOD_SIGNAL,GOOD_SIGNAL,60.25,66.67,50.07,,,35,55,65.7,GOOD_SIGNAL at 58.7. Main support: usage foundation: 66.7; data quality: 65.7. Main caution: role and availability context: 35.0; missing signal count: 5.,usage foundation: 66.7,role and availability context: 35.0
,M.Breida,NYG,,RB,receiving,0.967942398303516,7.90509946776309,23.747281537146144,2.5717700374178967,,,,58.47,GOOD_SIGNAL,GOOD_SIGNAL,59.7,66.67,50.07,,,35,55,65.7,GOOD_SIGNAL at 58.5. Main support: usage foundation: 66.7; data quality: 65.7. Main caution: role and availability context: 35.0; missing signal count: 5.,usage foundation: 66.7,role and availability context: 35.0
,M.Breida,NYG,,RB,rushing,0.967942398303516,7.90509946776309,23.747281537146144,2.5717700374178967,,,,58.47,GOOD_SIGNAL,GOOD_SIGNAL,59.7,66.67,50.07,,,35,55,65.7,GOOD_SIGNAL at 58.5. Main support: usage foundation: 66.7; data quality: 65.7. Main caution: role and availability context: 35.0; missing signal count: 5.,usage foundation: 66.7,role and availability context: 35.0
,M.Brown,KC,,WR,receiving,1.940570390611529,20.727504560867484,,,,,,58.46,GOOD_SIGNAL,GOOD_SIGNAL,59.69,66.67,50.07,,,35,55,65.7,GOOD_SIGNAL at 58.5. Main support: usage foundation: 66.7; data quality: 65.7. Main caution: role and availability context: 35.0; missing signal count: 5.,usage foundation: 66.7,role and availability context: 35.0
,J.Robinson,GB,,RB,receiving,0.8799521187477743,5.690920051329021,23.49675132777984,2.860783665730158,,,,58.31,GOOD_SIGNAL,GOOD_SIGNAL,59.33,66.67,50.07,,,35,55,65.7,GOOD_SIGNAL at 58.3. Main support: usage foundation: 66.7; data quality: 65.7. Main caution: role and availability context: 35.0; missing signal count: 5.,usage foundation: 66.7,role and availability context: 35.0
,J.Robinson,GB,,RB,rushing,0.8799521187477743,5.690920051329021,23.49675132777984,2.860783665730158,,,,58.31,GOOD_SIGNAL,GOOD_SIGNAL,59.33,66.67,50.07,,,35,55,65.7,GOOD_SIGNAL at 58.3. Main support: usage foundation: 66.7; data quality: 65.7. Main caution: role and availability context: 35.0; missing signal count: 5.,usage foundation: 66.7,role and availability context: 35.0
,C.Dowell,TEN,,WR,receiving,1.9352644517175823,20.468880488896453,,,,,,58.26,GOOD_SIGNAL,GOOD_SIGNAL,59.22,66.67,50.07,,,35,55,65.7,GOOD_SIGNAL at 58.3. Main support: usage foundation: 66.7; data quality: 65.7. Main caution: role and availability context: 35.0; missing signal count: 5.,usage foundation: 66.7,role and availability context: 35.0
,P.Dorsett,DEN,,WR,receiving,1.5231715070149807,20.741752551897942,,,,,,58.24,GOOD_SIGNAL,GOOD_SIGNAL,59.18,66.67,50.07,,,35,55,65.7,GOOD_SIGNAL at 58.2. Main support: usage foundation: 66.7; data quality: 65.7. Main caution: role and availability context: 35.0; missing signal count: 5.,usage foundation: 66.7,role and availability context: 35.0
,C.Fotheringham,LV,,TE,receiving,1.931676745998164,17.824402796239248,,,,,,58.19,GOOD_SIGNAL,GOOD_SIGNAL,59.06,66.67,50.07,,,35,55,65.7,GOOD_SIGNAL at 58.2. Main support: usage foundation: 66.7; data quality: 65.7. Main caution: role and availability context: 35.0; missing signal count: 5.,usage foundation: 66.7,role and availability context: 35.0
,D.Carter,CHI,,WR,receiving,1.931401751654736,18.581282419468145,,,,,,58.12,GOOD_SIGNAL,GOOD_SIGNAL,58.91,66.67,50.07,,,35,55,65.7,GOOD_SIGNAL at 58.1. Main support: usage foundation: 66.7; data quality: 65.7. Main caution: role and availability context: 35.0; missing signal count: 5.,usage foundation: 66.7,role and availability context: 35.0
,M.Corley,NYJ,,WR,receiving,1.9287396996274395,15.041352106413465,,,,,,58.05,GOOD_SIGNAL,GOOD_SIGNAL,58.75,66.67,50.07,,,35,55,65.7,GOOD_SIGNAL at 58.0. Main support: usage foundation: 66.7; data quality: 65.7. Main caution: role and availability context: 35.0; missing signal count: 5.,usage foundation: 66.7,role and availability context: 35.0
,A.Dulin,IND,,WR,receiving,0.8679527437363341,20.623093285421493,,,,,,58.03,GOOD_SIGNAL,GOOD_SIGNAL,58.69,66.67,50.07,,,35,55,65.7,GOOD_SIGNAL at 58.0. Main support: usage foundation: 66.7; data quality: 65.7. Main caution: role and availability context: 35.0; missing signal count: 5.,usage foundation: 66.7,role and availability context: 35.0
,S.Tucker,TB,,RB,receiving,0.8292415776651739,9.976469341255374,23.25204146210809,2.9013651885390126,,,,57.99,WATCH,WATCHLIST,58.61,66.67,50.07,,,35,55,65.7,WATCH at 58.0. Main support: usage foundation: 66.7; data quality: 65.7. Main caution: role and availability context: 35.0; missing signal count: 5.,usage foundation: 66.7,role and availability context: 35.0
,S.Tucker,TB,,RB,rushing,0.8292415776651739,9.976469341255374,23.25204146210809,2.9013651885390126,,,,57.99,WATCH,WATCHLIST,58.61,66.67,50.07,,,35,55,65.7,WATCH at 58.0. Main support: usage foundation: 66.7; data quality: 65.7. Main caution: role and availability context: 35.0; missing signal count: 5.,usage foundation: 66.7,role and availability context: 35.0
,J.Oliver,MIN,,TE,receiving,1.925845933140512,20.61404007278879,,,,,,57.95,WATCH,WATCHLIST,58.52,66.67,50.07,,,35,55,65.7,WATCH at 58.0. Main support: usage foundation: 66.7; data quality: 65.7. Main caution: role and availability context: 35.0; missing signal count: 5.,usage foundation: 66.7,role and availability context: 35.0
,A.Rodgers,IND,,WR,receiving,1.7042519571170918,20.59344833649496,,,,,,57.88,WATCH,WATCHLIST,58.36,66.67,50.07,,,35,55,65.7,WATCH at 57.9. Main support: usage foundation: 66.7; data quality: 65.7. Main caution: role and availability context: 35.0; missing signal count: 5.,usage foundation: 66.7,role and availability context: 35.0
,T.Reiman,ARI,,TE,receiving,1.9268804533648087,14.421712142634837,,,,,,57.85,WATCH,WATCHLIST,58.28,66.67,50.07,,,35,55,65.7,WATCH at 57.9. Main support: usage foundation: 66.7; data quality: 65.7. Main caution: role and availability context: 35.0; missing signal count: 5.,usage foundation: 66.7,role and availability context: 35.0
,J.Winfree,IND,,WR,receiving,1.5107137404834872,20.572109206053096,,,,,,57.81,WATCH,WATCHLIST,58.2,66.67,50.07,,,35,55,65.7,WATCH at 57.8. Main support: usage foundation: 66.7; data quality: 65.7. Main caution: role and availability context: 35.0; missing signal count: 5.,usage foundation: 66.7,role and availability context: 35.0
,T.Davis-Price,PHI,,RB,receiving,0.5488486596441412,,14.868617671389597,2.8979333526677347,,,,57.81,WATCH,WATCHLIST,58.2,66.67,50.07,,,35,55,65.7,WATCH at 57.8. Main support: usage foundation: 66.7; data quality: 65.7. Main caution: role and availability context: 35.0; missing signal count: 5.,usage foundation: 66.7,role and availability context: 35.0
,T.Davis-Price,PHI,,RB,rushing,0.5488486596441412,,14.868617671389597,2.8979333526677347,,,,57.81,WATCH,WATCHLIST,58.2,66.67,50.07,,,35,55,65.7,WATCH at 57.8. Main support: usage foundation: 66.7; data quality: 65.7. Main caution: role and availability context: 35.0; missing signal count: 5.,usage foundation: 66.7,role and availability context: 35.0
,K.Pitts,ATL,,TE,receiving,1.809657990423604,20.56179999817555,,,,,,57.74,WATCH,WATCHLIST,58.03,66.67,50.07,,,35,55,65.7,WATCH at 57.7. Main support: usage foundation: 66.7; data quality: 65.7. Main caution: role and availability context: 35.0; missing signal count: 5.,usage foundation: 66.7,role and availability context: 35.0
,G.Swaim,CLE,,TE,receiving,1.922700600606902,16.251536987329235,,,,,,57.71,WATCH,WATCHLIST,57.97,66.67,50.07,,,35,55,65.7,WATCH at 57.7. Main support: usage foundation: 66.7; data quality: 65.7. Main caution: role and availability context: 35.0; missing signal count: 5.,usage foundation: 66.7,role and availability context: 35.0
,P.Taylor,SF,,RB,receiving,0.7939365678372686,6.140242467959303,23.133571450042844,1.9928072117561808,,,,57.49,WATCH,WATCHLIST,57.46,66.67,50.07,,,35,55,65.7,WATCH at 57.5. Main support: usage foundation: 66.7; data quality: 65.7. Main caution: role and availability context: 35.0; missing signal count: 5.,usage foundation: 66.7,role and availability context: 35.0
,P.Taylor,SF,,RB,rushing,0.7939365678372686,6.140242467959303,23.133571450042844,1.9928072117561808,,,,57.49,WATCH,WATCHLIST,57.46,66.67,50.07,,,35,55,65.7,WATCH at 57.5. Main support: usage foundation: 66.7; data quality: 65.7. Main caution: role and availability context: 35.0; missing signal count: 5.,usage foundation: 66.7,role and availability context: 35.0
,R.Ali,BAL,,RB,receiving,0.2147574535322947,,12.248393042508372,2.891235520038644,,,,57.45,WATCH,WATCHLIST,57.38,66.67,50.07,,,35,55,65.7,WATCH at 57.5. Main support: usage foundation: 66.7; data quality: 65.7. Main caution: role and availability context: 35.0; missing signal count: 5.,usage foundation: 66.7,role and availability context: 35.0
,R.Ali,BAL,,RB,rushing,0.2147574535322947,,12.248393042508372,2.891235520038644,,,,57.45,WATCH,WATCHLIST,57.38,66.67,50.07,,,35,55,65.7,WATCH at 57.5. Main support: usage foundation: 66.7; data quality: 65.7. Main caution: role and availability context: 35.0; missing signal count: 5.,usage foundation: 66.7,role and availability context: 35.0
,J.Dotson,PHI,,WR,receiving,1.765309626412718,20.525400591979007,,,,,,57.38,WATCH,WATCHLIST,57.21,66.67,50.07,,,35,55,65.7,WATCH at 57.4. Main support: usage foundation: 66.7; data quality: 65.7. Main caution: role and availability context: 35.0; missing signal count: 5.,usage foundation: 66.7,role and availability context: 35.0
,I.Smith,HOU,,TE,receiving,1.8819116278448973,11.610517332597873,,,,,,57.37,WATCH,WATCHLIST,57.19,66.67,50.07,,,35,55,65.7,WATCH at 57.4. Main support: usage foundation: 66.7; data quality: 65.7. Main caution: role and availability context: 35.0; missing signal count: 5.,usage foundation: 66.7,role and availability context: 35.0
,T.Fisk,LAC,,TE,receiving,1.8818659166356249,14.884124716846893,,,,,,57.3,WATCH,WATCHLIST,57.03,66.67,50.07,,,35,55,65.7,WATCH at 57.3. Main support: usage foundation: 66.7; data quality: 65.7. Main caution: role and availability context: 35.0; missing signal count: 5.,usage foundation: 66.7,role and availability context: 35.0
,B.Hopkins,LA,,TE,receiving,1.8393407013442944,20.46757233386905,,,,,,57.24,WATCH,WATCHLIST,56.89,66.67,50.07,,,35,55,65.7,WATCH at 57.2. Main support: usage foundation: 66.7; data quality: 65.7. Main caution: role and availability context: 35.0; missing signal count: 5.,usage foundation: 66.7,role and availability context: 35.0
,B.Young,CAR,ATL,QB,rushing,,,17.66074956763342,1.8308151484556103,14.059887484278777,9.76397692493441,,57.18,WATCH,WATCHLIST,56.76,66.67,50.07,,,35,55,65.7,WATCH at 57.2. Main support: usage foundation: 66.7; data quality: 65.7. Main caution: role and availability context: 35.0; missing signal count: 5.,usage foundation: 66.7,role and availability context: 35.0
,B.Young,CAR,ATL,QB,passing,,,17.66074956763342,1.8308151484556103,14.059887484278777,9.76397692493441,,57.18,WATCH,WATCHLIST,56.76,66.67,50.07,,,35,55,65.7,WATCH at 57.2. Main support: usage foundation: 66.7; data quality: 65.7. Main caution: role and availability context: 35.0; missing signal count: 5.,usage foundation: 66.7,role and availability context: 35.0
,T.Burks,TEN,,WR,receiving,1.876593265012184,20.0362826903341,,,,,,57.16,WATCH,WATCHLIST,56.72,66.67,50.07,,,35,55,65.7,WATCH at 57.2. Main support: usage foundation: 66.7; data quality: 65.7. Main caution: role and availability context: 35.0; missing signal count: 5.,usage foundation: 66.7,role and availability context: 35.0
,A.Robinson,DET,,WR,receiving,1.8740805446238875,19.594503438956465,,,,,,57.09,WATCH,WATCHLIST,56.56,66.67,50.07,,,35,55,65.7,WATCH at 57.1. Main support: usage foundation: 66.7; data quality: 65.7. Main caution: role and availability context: 35.0; missing signal count: 5.,usage foundation: 66.7,role and availability context: 35.0
,B.Ford-Wheaton,NYG,,WR,receiving,1.4995466530748864,20.42004165312957,,,,,,57.09,WATCH,WATCHLIST,56.56,66.67,50.07,,,35,55,65.7,WATCH at 57.1. Main support: usage foundation: 66.7; data quality: 65.7. Main caution: role and availability context: 35.0; missing signal count: 5.,usage foundation: 66.7,role and availability context: 35.0
,J.Taylor,HOU,,RB,receiving,0.8019092268457043,,20.350932676095702,2.869153939551892,,,,57.09,WATCH,WATCHLIST,56.56,66.67,50.07,,,35,55,65.7,WATCH at 57.1. Main support: usage foundation: 66.7; data quality: 65.7. Main caution: role and availability context: 35.0; missing signal count: 5.,usage foundation: 66.7,role and availability context: 35.0
,J.Taylor,HOU,,RB,rushing,0.8019092268457043,,20.350932676095702,2.869153939551892,,,,57.09,WATCH,WATCHLIST,56.56,66.67,50.07,,,35,55,65.7,WATCH at 57.1. Main support: usage foundation: 66.7; data quality: 65.7. Main caution: role and availability context: 35.0; missing signal count: 5.,usage foundation: 66.7,role and availability context: 35.0
,Cas.Washington,ATL,,WR,receiving,1.3986318283680022,20.41215366891817,,,,,,57.02,WATCH,WATCHLIST,56.39,66.67,50.07,,,35,55,65.7,WATCH at 57.0. Main support: usage foundation: 66.7; data quality: 65.7. Main caution: role and availability context: 35.0; missing signal count: 5.,usage foundation: 66.7,role and availability context: 35.0
,N.Bawden,NYJ,,RB,receiving,0.983999219012452,8.461190620688685,22.84464172905252,2.6422590410684146,,,,57.0,WATCH,WATCHLIST,56.34,66.67,50.07,,,35,55,65.7,WATCH at 57.0. Main support: usage foundation: 66.7; data quality: 65.7. Main caution: role and availability context: 35.0; missing signal count: 5.,usage foundation: 66.7,role and availability context: 35.0
,N.Bawden,NYJ,,RB,rushing,0.983999219012452,8.461190620688685,22.84464172905252,2.6422590410684146,,,,57.0,WATCH,WATCHLIST,56.34,66.67,50.07,,,35,55,65.7,WATCH at 57.0. Main support: usage foundation: 66.7; data quality: 65.7. Main caution: role and availability context: 35.0; missing signal count: 5.,usage foundation: 66.7,role and availability context: 35.0
,C.Kmet,CHI,,TE,receiving,1.8716282749886688,18.672993820792684,,,,,,56.96,WATCH,WATCHLIST,56.25,66.67,50.07,,,35,55,65.7,WATCH at 57.0. Main support: usage foundation: 66.7; data quality: 65.7. Main caution: role and availability context: 35.0; missing signal count: 5.,usage foundation: 66.7,role and availability context: 35.0
,Z.Pascal,ARI,,WR,receiving,1.8667717671624464,20.39109465543088,,,,,,56.95,WATCH,WATCHLIST,56.23,66.67,50.07,,,35,55,65.7,WATCH at 57.0. Main support: usage foundation: 66.7; data quality: 65.7. Main caution: role and availability context: 35.0; missing signal count: 5.,usage foundation: 66.7,role and availability context: 35.0
,D.Walker,BAL,,WR,receiving,1.041982533823054,20.32751634591082,,,,,,56.88,WATCH,WATCHLIST,56.07,66.67,50.07,,,35,55,65.7,WATCH at 56.9. Main support: usage foundation: 66.7; data quality: 65.7. Main caution: role and availability context: 35.0; missing signal count: 5.,usage foundation: 66.7,role and availability context: 35.0
,T.Huntley,MIA,NYJ,QB,rushing,,,22.771963990476163,2.4922853296668506,,,,56.84,WATCH,WATCHLIST,55.97,66.67,50.07,,,35,55,65.7,WATCH at 56.8. Main support: usage foundation: 66.7; data quality: 65.7. Main caution: role and availability context: 35.0; missing signal count: 5.,usage foundation: 66.7,role and availability context: 35.0
,D.Byrd,ATL,,WR,receiving,1.4898042077432323,20.287374130536804,,,,,,56.81,WATCH,WATCHLIST,55.9,66.67,50.07,,,35,55,65.7,WATCH at 56.8. Main support: usage foundation: 66.7; data quality: 65.7. Main caution: role and availability context: 35.0; missing signal count: 5.,usage foundation: 66.7,role and availability context: 35.0
,E.Higgins,ARI,,TE,receiving,1.866048402021698,17.35030833315881,,,,,,56.68,WATCH,WATCHLIST,55.62,66.67,50.07,,,35,55,65.7,WATCH at 56.7. Main support: usage foundation: 66.7; data quality: 65.7. Main caution: role and availability context: 35.0; missing signal count: 5.,usage foundation: 66.7,role and availability context: 35.0
,K.Drake,GB,,RB,receiving,0.9150208146823804,9.7100489888966,20.31880701058654,2.860783665730158,,,,56.64,WATCH,WATCHLIST,55.53,66.67,50.07,,,35,55,65.7,WATCH at 56.6. Main support: usage foundation: 66.7; data quality: 65.7. Main caution: role and availability context: 35.0; missing signal count: 5.,usage foundation: 66.7,role and availability context: 35.0
,K.Drake,GB,,RB,rushing,0.9150208146823804,9.7100489888966,20.31880701058654,2.860783665730158,,,,56.64,WATCH,WATCHLIST,55.53,66.67,50.07,,,35,55,65.7,WATCH at 56.6. Main support: usage foundation: 66.7; data quality: 65.7. Main caution: role and availability context: 35.0; missing signal count: 5.,usage foundation: 66.7,role and availability context: 35.0
,M.Bandy,DEN,,WR,receiving,1.4435934197511966,19.65809980040085,,,,,,56.59,WATCH,WATCHLIST,55.41,66.67,50.07,,,35,55,65.7,WATCH at 56.6. Main support: usage foundation: 66.7; data quality: 65.7. Main caution: role and availability context: 35.0; missing signal count: 5.,usage foundation: 66.7,role and availability context: 35.0
,J.Shenker,LV,,TE,receiving,1.84888184556835,14.829104687625914,,,,,,56.55,WATCH,WATCHLIST,55.31,66.67,50.07,,,35,55,65.7,WATCH at 56.5. Main support: usage foundation: 66.7; data quality: 65.7. Main caution: role and availability context: 35.0; missing signal count: 5.,usage foundation: 66.7,role and availability context: 35.0
,M.Wilcox,CIN,,TE,receiving,1.839886521321371,17.058346624331985,,,,,,56.48,WATCH,WATCHLIST,55.16,66.67,50.07,,,35,55,65.7,WATCH at 56.5. Main support: usage foundation: 66.7; data quality: 65.7. Main caution: role and availability context: 35.0; missing signal count: 5.,usage foundation: 66.7,role and availability context: 35.0
,T.Chandler,MIN,,RB,receiving,0.9935236176076754,8.474574207961798,20.3972738103567,2.860224115544069,,,,56.38,WATCH,WATCHLIST,54.92,66.67,50.07,,,35,55,65.7,WATCH at 56.4. Main support: usage foundation: 66.7; data quality: 65.7. Main caution: role and availability context: 35.0; missing signal count: 5.,usage foundation: 66.7,role and availability context: 35.0
,T.Chandler,MIN,,RB,rushing,0.9935236176076754,8.474574207961798,20.3972738103567,2.860224115544069,,,,56.38,WATCH,WATCHLIST,54.92,66.67,50.07,,,35,55,65.7,WATCH at 56.4. Main support: usage foundation: 66.7; data quality: 65.7. Main caution: role and availability context: 35.0; missing signal count: 5.,usage foundation: 66.7,role and availability context: 35.0
,I.Likely,BAL,,TE,receiving,1.5534624937683268,19.555540351861247,,,,,,56.3,WATCH,WATCHLIST,54.75,66.67,50.07,,,35,55,65.7,WATCH at 56.3. Main support: usage foundation: 66.7; data quality: 65.7. Main caution: role and availability context: 35.0; missing signal count: 5.,usage foundation: 66.7,role and availability context: 35.0
,D.Carr,NO,NYG,QB,rushing,,,8.421699349008595,,13.353814395679498,10.037986131193662,,56.21,WATCH,WATCHLIST,54.55,66.67,50.07,,,35,55,65.7,WATCH at 56.2. Main support: usage foundation: 66.7; data quality: 65.7. Main caution: role and availability context: 35.0; missing signal count: 5.,usage foundation: 66.7,role and availability context: 35.0
,D.Carr,NO,NYG,QB,passing,,,8.421699349008595,,13.353814395679498,10.037986131193662,,56.21,WATCH,WATCHLIST,54.55,66.67,50.07,,,35,55,65.7,WATCH at 56.2. Main support: usage foundation: 66.7; data quality: 65.7. Main caution: role and availability context: 35.0; missing signal count: 5.,usage foundation: 66.7,role and availability context: 35.0
,P.Durham,TB,,TE,receiving,1.827796109613968,19.004456929883744,,,,,,56.21,WATCH,WATCHLIST,54.53,66.67,50.07,,,35,55,65.7,WATCH at 56.2. Main support: usage foundation: 66.7; data quality: 65.7. Main caution: role and availability context: 35.0; missing signal count: 5.,usage foundation: 66.7,role and availability context: 35.0
,Ty.Johnson,BUF,,RB,receiving,0.98066066675096,13.581566084833335,21.363098249793584,2.8544668518790752,,,,56.2,WATCH,WATCHLIST,54.51,66.67,50.07,,,35,55,65.7,WATCH at 56.2. Main support: usage foundation: 66.7; data quality: 65.7. Main caution: role and availability context: 35.0; missing signal count: 5.,usage foundation: 66.7,role and availability context: 35.0
,Ty.Johnson,BUF,,RB,rushing,0.98066066675096,13.581566084833335,21.363098249793584,2.8544668518790752,,,,56.2,WATCH,WATCHLIST,54.51,66.67,50.07,,,35,55,65.7,WATCH at 56.2. Main support: usage foundation: 66.7; data quality: 65.7. Main caution: role and availability context: 35.0; missing signal count: 5.,usage foundation: 66.7,role and availability context: 35.0
,C.Brooks,GB,,RB,receiving,0.995940329684784,7.623784544501433,21.908000985538973,2.0378440994897176,,,,56.18,WATCH,WATCHLIST,54.48,66.67,50.07,,,35,55,65.7,WATCH at 56.2. Main support: usage foundation: 66.7; data quality: 65.7. Main caution: role and availability context: 35.0; missing signal count: 5.,usage foundation: 66.7,role and availability context: 35.0
,C.Brooks,GB,,RB,rushing,0.995940329684784,7.623784544501433,21.908000985538973,2.0378440994897176,,,,56.18,WATCH,WATCHLIST,54.48,66.67,50.07,,,35,55,65.7,WATCH at 56.2. Main support: usage foundation: 66.7; data quality: 65.7. Main caution: role and availability context: 35.0; missing signal count: 5.,usage foundation: 66.7,role and availability context: 35.0
,D.Chark,LAC,,WR,receiving,1.79345363928186,19.405980265158327,,,,,,56.16,WATCH,WATCHLIST,54.43,66.67,50.07,,,35,55,65.7,WATCH at 56.2. Main support: usage foundation: 66.7; data quality: 65.7. Main caution: role and availability context: 35.0; missing signal count: 5.,usage foundation: 66.7,role and availability context: 35.0
,J.Graham,NO,,TE,receiving,1.82533567499008,17.023803748177144,,,,,,56.14,WATCH,WATCHLIST,54.37,66.67,50.07,,,35,55,65.7,WATCH at 56.1. Main support: usage foundation: 66.7; data quality: 65.7. Main caution: role and availability context: 35.0; missing signal count: 5.,usage foundation: 66.7,role and availability context: 35.0
,D.Johnson,JAX,,RB,receiving,1.0350512890539445,10.185067265443088,17.099809544934644,2.832782325405085,,,,56.02,WATCH,WATCHLIST,54.1,66.67,50.07,,,35,55,65.7,WATCH at 56.0. Main support: usage foundation: 66.7; data quality: 65.7. Main caution: role and availability context: 35.0; missing signal count: 5.,usage foundation: 66.7,role and availability context: 35.0
,D.Johnson,JAX,,RB,rushing,1.0350512890539445,10.185067265443088,17.099809544934644,2.832782325405085,,,,56.02,WATCH,WATCHLIST,54.1,66.67,50.07,,,35,55,65.7,WATCH at 56.0. Main support: usage foundation: 66.7; data quality: 65.7. Main caution: role and availability context: 35.0; missing signal count: 5.,usage foundation: 66.7,role and availability context: 35.0
,D.Prescott,DAL,ATL,QB,rushing,,,10.687002806169644,1.908860406534697,13.471733537332227,9.930531539571858,,56.0,WATCH,WATCHLIST,54.05,66.67,50.07,,,35,55,65.7,WATCH at 56.0. Main support: usage foundation: 66.7; data quality: 65.7. Main caution: role and availability context: 35.0; missing signal count: 5.,usage foundation: 66.7,role and availability context: 35.0
,D.Prescott,DAL,ATL,QB,passing,,,10.687002806169644,1.908860406534697,13.471733537332227,9.930531539571858,,56.0,WATCH,WATCHLIST,54.05,66.67,50.07,,,35,55,65.7,WATCH at 56.0. Main support: usage foundation: 66.7; data quality: 65.7. Main caution: role and availability context: 35.0; missing signal count: 5.,usage foundation: 66.7,role and availability context: 35.0
,R.Bell,SF,,WR,receiving,1.515609099137765,19.009252795480435,,,,,,55.94,WATCH,WATCHLIST,53.93,66.67,50.07,,,35,55,65.7,WATCH at 55.9. Main support: usage foundation: 66.7; data quality: 65.7. Main caution: role and availability context: 35.0; missing signal count: 5.,usage foundation: 66.7,role and availability context: 35.0
,R.James,KC,,WR,receiving,1.4186719775654248,18.79798007358995,,,,,,55.73,WATCH,WATCHLIST,53.44,66.67,50.07,,,35,55,65.7,WATCH at 55.7. Main support: usage foundation: 66.7; data quality: 65.7. Main caution: role and availability context: 35.0; missing signal count: 5.,usage foundation: 66.7,role and availability context: 35.0
,K.McIntosh,SEA,,RB,receiving,0.8184941510665459,7.105449798751712,21.75682534578186,2.437214482303657,,,,55.69,WATCH,WATCHLIST,53.36,66.67,50.07,,,35,55,65.7,WATCH at 55.7. Main support: usage foundation: 66.7; data quality: 65.7. Main caution: role and availability context: 35.0; missing signal count: 5.,usage foundation: 66.7,role and availability context: 35.0
,K.McIntosh,SEA,,RB,rushing,0.8184941510665459,7.105449798751712,21.75682534578186,2.437214482303657,,,,55.69,WATCH,WATCHLIST,53.36,66.67,50.07,,,35,55,65.7,WATCH at 55.7. Main support: usage foundation: 66.7; data quality: 65.7. Main caution: role and availability context: 35.0; missing signal count: 5.,usage foundation: 66.7,role and availability context: 35.0
,M.Lloyd,GB,,RB,receiving,1.2734421549338215,6.807524870892865,21.17324061493524,2.799278079411242,,,,55.66,WATCH,WATCHLIST,53.28,66.67,50.07,,,35,55,65.7,WATCH at 55.7. Main support: usage foundation: 66.7; data quality: 65.7. Main caution: role and availability context: 35.0; missing signal count: 5.,usage foundation: 66.7,role and availability context: 35.0
,M.Lloyd,GB,,RB,rushing,1.2734421549338215,6.807524870892865,21.17324061493524,2.799278079411242,,,,55.66,WATCH,WATCHLIST,53.28,66.67,50.07,,,35,55,65.7,WATCH at 55.7. Main support: usage foundation: 66.7; data quality: 65.7. Main caution: role and availability context: 35.0; missing signal count: 5.,usage foundation: 66.7,role and availability context: 35.0
,J.Mundt,MIN,,TE,receiving,1.8043642722693547,16.066509328592105,,,,,,55.66,WATCH,WATCHLIST,53.28,66.67,50.07,,,35,55,65.7,WATCH at 55.7. Main support: usage foundation: 66.7; data quality: 65.7. Main caution: role and availability context: 35.0; missing signal count: 5.,usage foundation: 66.7,role and availability context: 35.0
,N.Agholor,BAL,,WR,receiving,1.1837860024450264,18.78044517687791,,,,,,55.66,WATCH,WATCHLIST,53.28,66.67,50.07,,,35,55,65.7,WATCH at 55.7. Main support: usage foundation: 66.7; data quality: 65.7. Main caution: role and availability context: 35.0; missing signal count: 5.,usage foundation: 66.7,role and availability context: 35.0
,N.Adkins,DEN,,TE,receiving,1.8040278962770928,15.663201821319392,,,,,,55.59,WATCH,WATCHLIST,53.12,66.67,50.07,,,35,55,65.7,WATCH at 55.6. Main support: usage foundation: 66.7; data quality: 65.7. Main caution: role and availability context: 35.0; missing signal count: 5.,usage foundation: 66.7,role and availability context: 35.0
,N.Vannett,TEN,,TE,receiving,1.803131428919248,15.455924041329126,,,,,,55.52,WATCH,WATCHLIST,52.97,66.67,50.07,,,35,55,65.7,WATCH at 55.5. Main support: usage foundation: 66.7; data quality: 65.7. Main caution: role and availability context: 35.0; missing signal count: 5.,usage foundation: 66.7,role and availability context: 35.0
,T.Montgomery,NE,,WR,receiving,1.4783990564350251,18.66039177800615,,,,,,55.51,WATCH,WATCHLIST,52.95,66.67,50.07,,,35,55,65.7,WATCH at 55.5. Main support: usage foundation: 66.7; data quality: 65.7. Main caution: role and availability context: 35.0; missing signal count: 5.,usage foundation: 66.7,role and availability context: 35.0
,L.Treadwell,BAL,,WR,receiving,1.3001283779623134,18.656934824344724,,,,,,55.44,WATCH,WATCHLIST,52.79,66.67,50.07,,,35,55,65.7,WATCH at 55.4. Main support: usage foundation: 66.7; data quality: 65.7. Main caution: role and availability context: 35.0; missing signal count: 5.,usage foundation: 66.7,role and availability context: 35.0
,P.Campbell,PHI,,WR,receiving,1.799063458892021,13.69906709070919,,,,,,55.39,WATCH,WATCHLIST,52.66,66.67,50.07,,,35,55,65.7,WATCH at 55.4. Main support: usage foundation: 66.7; data quality: 65.7. Main caution: role and availability context: 35.0; missing signal count: 5.,usage foundation: 66.7,role and availability context: 35.0
,J.Corbin,NYG,,RB,receiving,0.97591240321105,7.698277466483466,21.299768602797684,2.250554994559596,,,,55.37,WATCH,WATCHLIST,52.61,66.67,50.07,,,35,55,65.7,WATCH at 55.4. Main support: usage foundation: 66.7; data quality: 65.7. Main caution: role and availability context: 35.0; missing signal count: 5.,usage foundation: 66.7,role and availability context: 35.0
,J.Corbin,NYG,,RB,rushing,0.97591240321105,7.698277466483466,21.299768602797684,2.250554994559596,,,,55.37,WATCH,WATCHLIST,52.61,66.67,50.07,,,35,55,65.7,WATCH at 55.4. Main support: usage foundation: 66.7; data quality: 65.7. Main caution: role and availability context: 35.0; missing signal count: 5.,usage foundation: 66.7,role and availability context: 35.0
,M.Cunningham,NE,,WR,receiving,1.3652588930980307,18.59138120658065,,,,,,55.34,WATCH,WATCHLIST,52.54,66.67,50.07,,,35,55,65.7,WATCH at 55.3. Main support: usage foundation: 66.7; data quality: 65.7. Main caution: role and availability context: 35.0; missing signal count: 5.,usage foundation: 66.7,role and availability context: 35.0
,M.Slater,NE,,WR,receiving,1.3652588930980307,18.59138120658065,,,,,,55.34,WATCH,WATCHLIST,52.54,66.67,50.07,,,35,55,65.7,WATCH at 55.3. Main support: usage foundation: 66.7; data quality: 65.7. Main caution: role and availability context: 35.0; missing signal count: 5.,usage foundation: 66.7,role and availability context: 35.0
,C.Turner,WAS,,TE,receiving,1.793861022050275,18.29584007195344,,,,,,55.32,WATCH,WATCHLIST,52.5,66.67,50.07,,,35,55,65.7,WATCH at 55.3. Main support: usage foundation: 66.7; data quality: 65.7. Main caution: role and availability context: 35.0; missing signal count: 5.,usage foundation: 66.7,role and availability context: 35.0
,D.Parham,LAC,,TE,receiving,1.7895375057712335,18.126513034387767,,,,,,55.18,WATCH,WATCHLIST,52.19,66.67,50.07,,,35,55,65.7,WATCH at 55.2. Main support: usage foundation: 66.7; data quality: 65.7. Main caution: role and availability context: 35.0; missing signal count: 5.,usage foundation: 66.7,role and availability context: 35.0
,J.Mitchell,DET,,TE,receiving,1.7162971408226917,18.554820985310563,,,,,,55.16,WATCH,WATCHLIST,52.13,66.67,50.07,,,35,55,65.7,WATCH at 55.2. Main support: usage foundation: 66.7; data quality: 65.7. Main caution: role and availability context: 35.0; missing signal count: 5.,usage foundation: 66.7,role and availability context: 35.0
,T.Goodson,IND,,RB,receiving,0.8677411603847778,5.623992597684315,18.170682033271607,2.7906962831976894,,,,55.12,WATCH,WATCHLIST,52.05,66.67,50.07,,,35,55,65.7,WATCH at 55.1. Main support: usage foundation: 66.7; data quality: 65.7. Main caution: role and availability context: 35.0; missing signal count: 5.,usage foundation: 66.7,role and availability context: 35.0
,T.Goodson,IND,,RB,rushing,0.8677411603847778,5.623992597684315,18.170682033271607,2.7906962831976894,,,,55.12,WATCH,WATCHLIST,52.05,66.67,50.07,,,35,55,65.7,WATCH at 55.1. Main support: usage foundation: 66.7; data quality: 65.7. Main caution: role and availability context: 35.0; missing signal count: 5.,usage foundation: 66.7,role and availability context: 35.0
,D.Holker,NO,,TE,receiving,1.776821288785191,14.25113722964723,,,,,,55.05,WATCH,WATCHLIST,51.88,66.67,50.07,,,35,55,65.7,WATCH at 55.0. Main support: usage foundation: 66.7; data quality: 65.7. Main caution: role and availability context: 35.0; missing signal count: 5.,usage foundation: 66.7,role and availability context: 35.0
,D.Watson,CLE,CIN,QB,rushing,,,20.941822003259,1.577615040662009,,,,55.04,WATCH,WATCHLIST,51.87,66.67,50.07,,,35,55,65.7,WATCH at 55.0. Main support: usage foundation: 66.7; data quality: 65.7. Main caution: role and availability context: 35.0; missing signal count: 5.,usage foundation: 66.7,role and availability context: 35.0
,J.Virgil,BUF,,WR,receiving,1.3540682464332927,18.438992836034902,,,,,,55.01,WATCH,WATCHLIST,51.8,66.67,50.07,,,35,55,65.7,WATCH at 55.0. Main support: usage foundation: 66.7; data quality: 65.7. Main caution: role and availability context: 35.0; missing signal count: 5.,usage foundation: 66.7,role and availability context: 35.0
,I.Smith-Marsette,NYG,,WR,receiving,1.4995466530748864,18.40096274132125,,,,,,54.94,WATCH,WATCHLIST,51.64,66.67,50.07,,,35,55,65.7,WATCH at 54.9. Main support: usage foundation: 66.7; data quality: 65.7. Main caution: role and availability context: 35.0; missing signal count: 5.,usage foundation: 66.7,role and availability context: 35.0
,P.Mahomes,KC,PHI,QB,rushing,,,20.85702390901992,1.2926552505246818,11.80257072882438,8.822507129619352,,54.88,WATCH,WATCHLIST,51.49,66.67,50.07,,,35,55,65.7,WATCH at 54.9. Main support: usage foundation: 66.7; data quality: 65.7. Main caution: role and availability context: 35.0; missing signal count: 5.,usage foundation: 66.7,role and availability context: 35.0
,P.Mahomes,KC,PHI,QB,passing,,,20.85702390901992,1.2926552505246818,11.80257072882438,8.822507129619352,,54.88,WATCH,WATCHLIST,51.49,66.67,50.07,,,35,55,65.7,WATCH at 54.9. Main support: usage foundation: 66.7; data quality: 65.7. Main caution: role and availability context: 35.0; missing signal count: 5.,usage foundation: 66.7,role and availability context: 35.0
,A.Dalton,CAR,WAS,QB,rushing,,,8.208588031559815,1.3191717567643322,13.390293066698677,9.796489570291108,,54.82,WATCH,WATCHLIST,51.35,66.67,50.07,,,35,55,65.7,WATCH at 54.8. Main support: usage foundation: 66.7; data quality: 65.7. Main caution: role and availability context: 35.0; missing signal count: 5.,usage foundation: 66.7,role and availability context: 35.0
,A.Dalton,CAR,WAS,QB,passing,,,8.208588031559815,1.3191717567643322,13.390293066698677,9.796489570291108,,54.82,WATCH,WATCHLIST,51.35,66.67,50.07,,,35,55,65.7,WATCH at 54.8. Main support: usage foundation: 66.7; data quality: 65.7. Main caution: role and availability context: 35.0; missing signal count: 5.,usage foundation: 66.7,role and availability context: 35.0
,M.Washington,KC,,WR,receiving,1.342877599768555,18.28660446548916,,,,,,54.8,WATCH,WATCHLIST,51.31,66.67,50.07,,,35,55,65.7,WATCH at 54.8. Main support: usage foundation: 66.7; data quality: 65.7. Main caution: role and availability context: 35.0; missing signal count: 5.,usage foundation: 66.7,role and availability context: 35.0
,T.Tremble,CAR,,TE,receiving,1.7636865679716411,17.443337446785037,,,,,,54.77,WATCH,WATCHLIST,51.25,66.67,50.07,,,35,55,65.7,WATCH at 54.8. Main support: usage foundation: 66.7; data quality: 65.7. Main caution: role and availability context: 35.0; missing signal count: 5.,usage foundation: 66.7,role and availability context: 35.0
,D.Evans,CHI,,RB,receiving,0.8997353982850406,7.736624751299367,13.248609129898648,2.754990596632456,,,,54.76,WATCH,WATCHLIST,51.23,66.67,50.07,,,35,55,65.7,WATCH at 54.8. Main support: usage foundation: 66.7; data quality: 65.7. Main caution: role and availability context: 35.0; missing signal count: 5.,usage foundation: 66.7,role and availability context: 35.0
,D.Evans,CHI,,RB,rushing,0.8997353982850406,7.736624751299367,13.248609129898648,2.754990596632456,,,,54.76,WATCH,WATCHLIST,51.23,66.67,50.07,,,35,55,65.7,WATCH at 54.8. Main support: usage foundation: 66.7; data quality: 65.7. Main caution: role and availability context: 35.0; missing signal count: 5.,usage foundation: 66.7,role and availability context: 35.0
,J.Driskel,CLE,CIN,QB,rushing,,,20.79851998333781,1.6496247589436526,,,,54.71,WATCH,WATCHLIST,51.12,66.67,50.07,,,35,55,65.7,WATCH at 54.7. Main support: usage foundation: 66.7; data quality: 65.7. Main caution: role and availability context: 35.0; missing signal count: 5.,usage foundation: 66.7,role and availability context: 35.0
,H.Long,LA,,TE,receiving,1.754203068777318,16.467785574250573,,,,,,54.7,WATCH,WATCHLIST,51.09,66.67,50.07,,,35,55,65.7,WATCH at 54.7. Main support: usage foundation: 66.7; data quality: 65.7. Main caution: role and availability context: 35.0; missing signal count: 5.,usage foundation: 66.7,role and availability context: 35.0
,T.Conner,MIA,,TE,receiving,1.754081160487711,13.36306521754842,,,,,,54.64,WATCH,WATCHLIST,50.94,66.67,50.07,,,35,55,65.7,WATCH at 54.6. Main support: usage foundation: 66.7; data quality: 65.7. Main caution: role and availability context: 35.0; missing signal count: 5.,usage foundation: 66.7,role and availability context: 35.0
,J.Kelley,TEN,,RB,receiving,0.8218754914741292,5.744090278667617,12.94746018660622,2.7442041867026084,,,,54.58,WATCH,WATCHLIST,50.82,66.67,50.07,,,35,55,65.7,WATCH at 54.6. Main support: usage foundation: 66.7; data quality: 65.7. Main caution: role and availability context: 35.0; missing signal count: 5.,usage foundation: 66.7,role and availability context: 35.0
,J.Kelley,TEN,,RB,rushing,0.8218754914741292,5.744090278667617,12.94746018660622,2.7442041867026084,,,,54.58,WATCH,WATCHLIST,50.82,66.67,50.07,,,35,55,65.7,WATCH at 54.6. Main support: usage foundation: 66.7; data quality: 65.7. Main caution: role and availability context: 35.0; missing signal count: 5.,usage foundation: 66.7,role and availability context: 35.0
,D.Knox,BUF,,TE,receiving,1.3996005544142929,18.04181262124709,,,,,,54.58,WATCH,WATCHLIST,50.82,66.67,50.07,,,35,55,65.7,WATCH at 54.6. Main support: usage foundation: 66.7; data quality: 65.7. Main caution: role and availability context: 35.0; missing signal count: 5.,usage foundation: 66.7,role and availability context: 35.0
,S.Sims,BAL,,WR,receiving,1.7520775359820653,13.287934885817576,,,,,,54.57,WATCH,WATCHLIST,50.78,66.67,50.07,,,35,55,65.7,WATCH at 54.6. Main support: usage foundation: 66.7; data quality: 65.7. Main caution: role and availability context: 35.0; missing signal count: 5.,usage foundation: 66.7,role and availability context: 35.0
,M.Willis,GB,CHI,QB,rushing,,,20.73703190364688,1.5833160891143112,,,,54.55,WATCH,WATCHLIST,50.75,66.67,50.07,,,35,55,65.7,WATCH at 54.5. Main support: usage foundation: 66.7; data quality: 65.7. Main caution: role and availability context: 35.0; missing signal count: 5.,usage foundation: 66.7,role and availability context: 35.0
,T.Thornton,NE,,WR,receiving,1.4672541293338728,17.944844683495603,,,,,,54.51,WATCH,WATCHLIST,50.66,66.67,50.07,,,35,55,65.7,WATCH at 54.5. Main support: usage foundation: 66.7; data quality: 65.7. Main caution: role and availability context: 35.0; missing signal count: 5.,usage foundation: 66.7,role and availability context: 35.0
,L.Krull,DEN,,TE,receiving,1.7409033169658723,15.158070098532582,,,,,,54.43,WATCH,WATCHLIST,50.47,66.67,50.07,,,35,55,65.7,WATCH at 54.4. Main support: usage foundation: 66.7; data quality: 65.7. Main caution: role and availability context: 35.0; missing signal count: 5.,usage foundation: 66.7,role and availability context: 35.0
,C.Reynolds,DET,,RB,receiving,0.9498627579417952,12.079504488375058,20.5453317991764,2.384086499442367,,,,54.39,WATCH,WATCHLIST,50.37,66.67,50.07,,,35,55,65.7,WATCH at 54.4. Main support: usage foundation: 66.7; data quality: 65.7. Main caution: role and availability context: 35.0; missing signal count: 5.,usage foundation: 66.7,role and availability context: 35.0
,C.Reynolds,DET,,RB,rushing,0.9498627579417952,12.079504488375058,20.5453317991764,2.384086499442367,,,,54.39,WATCH,WATCHLIST,50.37,66.67,50.07,,,35,55,65.7,WATCH at 54.4. Main support: usage foundation: 66.7; data quality: 65.7. Main caution: role and availability context: 35.0; missing signal count: 5.,usage foundation: 66.7,role and availability context: 35.0
,A.Isabella,BUF,,WR,receiving,1.3080299260545611,17.812067079609726,,,,,,54.37,WATCH,WATCHLIST,50.33,66.67,50.07,,,35,55,65.7,WATCH at 54.4. Main support: usage foundation: 66.7; data quality: 65.7. Main caution: role and availability context: 35.0; missing signal count: 5.,usage foundation: 66.7,role and availability context: 35.0
,M.Mayer,LV,,TE,receiving,1.7405791318410035,15.18272807012051,,,,,,54.36,WATCH,WATCHLIST,50.31,66.67,50.07,,,35,55,65.7,WATCH at 54.4. Main support: usage foundation: 66.7; data quality: 65.7. Main caution: role and availability context: 35.0; missing signal count: 5.,usage foundation: 66.7,role and availability context: 35.0
,R.Rivers,LA,,RB,receiving,1.1239317277040344,9.34884742742484,20.507736146620584,1.625672189332735,,,,54.22,WATCH,WATCHLIST,50.0,66.67,50.07,,,35,55,65.7,WATCH at 54.2. Main support: usage foundation: 66.7; data quality: 65.7. Main caution: role and availability context: 35.0; missing signal count: 5.,usage foundation: 66.7,role and availability context: 35.0
,R.Rivers,LA,,RB,rushing,1.1239317277040344,9.34884742742484,20.507736146620584,1.625672189332735,,,,54.22,WATCH,WATCHLIST,50.0,66.67,50.07,,,35,55,65.7,WATCH at 54.2. Main support: usage foundation: 66.7; data quality: 65.7. Main caution: role and availability context: 35.0; missing signal count: 5.,usage foundation: 66.7,role and availability context: 35.0
,D.Bellinger,NYG,,TE,receiving,1.73090486628552,16.309586162448745,,,,,,54.22,WATCH,WATCHLIST,50.0,66.67,50.07,,,35,55,65.7,WATCH at 54.2. Main support: usage foundation: 66.7; data quality: 65.7. Main caution: role and availability context: 35.0; missing signal count: 5.,usage foundation: 66.7,role and availability context: 35.0
,T.Irwin,CIN,,WR,receiving,1.725301815079184,15.414448273724831,,,,,,54.15,WATCH,WATCHLIST,49.84,66.67,50.07,,,35,55,65.7,WATCH at 54.1. Main support: usage foundation: 66.7; data quality: 65.7. Main caution: role and availability context: 35.0; missing signal count: 5.,usage foundation: 66.7,role and availability context: 35.0
00-0038598,J.Hall,MIN,GB,QB,passing,,,,,,,113.48213842127784,54.1,WATCH,WATCHLIST,44.44,33.33,97.7,61.11,,35,55,79.0,WATCH at 54.1. Main support: recent form: 97.7; data quality: 79.0. Main caution: usage foundation: 33.3; role and availability context: 35.0.,recent form: 97.7,usage foundation: 33.3
,C.Parkinson,LA,,TE,receiving,1.7086658440286453,16.31015841816434,,,,,,54.02,WATCH,WATCHLIST,49.53,66.67,50.07,,,35,55,65.7,WATCH at 54.0. Main support: usage foundation: 66.7; data quality: 65.7. Main caution: role and availability context: 35.0; missing signal count: 5.,usage foundation: 66.7,role and availability context: 35.0
,A.Trautman,DEN,,TE,receiving,1.358656612842504,17.388545620147998,,,,,,54.01,WATCH,WATCHLIST,49.51,66.67,50.07,,,35,55,65.7,WATCH at 54.0. Main support: usage foundation: 66.7; data quality: 65.7. Main caution: role and availability context: 35.0; missing signal count: 5.,usage foundation: 66.7,role and availability context: 35.0
,C.Johnson,CHI,,WR,receiving,1.706490195272302,14.884465161899453,,,,,,53.88,WATCH,WATCHLIST,49.22,66.67,50.07,,,35,55,65.7,WATCH at 53.9. Main support: usage foundation: 66.7; data quality: 65.7. Main caution: role and availability context: 35.0; missing signal count: 5.,usage foundation: 66.7,role and availability context: 35.0
,M.Barkley,JAX,CAR,QB,rushing,,,10.561800724144382,2.677019261307561,,,,53.87,WATCH,WATCHLIST,49.18,66.67,50.07,,,35,55,65.7,WATCH at 53.9. Main support: usage foundation: 66.7; data quality: 65.7. Main caution: role and availability context: 35.0; missing signal count: 5.,usage foundation: 66.7,role and availability context: 35.0
,D.Wells,TB,,TE,receiving,1.7060081886135414,13.187003053440618,,,,,,53.81,WATCH,WATCHLIST,49.06,66.67,50.07,,,35,55,65.7,WATCH at 53.8. Main support: usage foundation: 66.7; data quality: 65.7. Main caution: role and availability context: 35.0; missing signal count: 5.,usage foundation: 66.7,role and availability context: 35.0
,J.Mingo,DAL,,WR,receiving,1.4815475441752617,17.254889408330794,,,,,,53.8,WATCH,WATCHLIST,49.02,66.67,50.07,,,35,55,65.7,WATCH at 53.8. Main support: usage foundation: 66.7; data quality: 65.7. Main caution: role and availability context: 35.0; missing signal count: 5.,usage foundation: 66.7,role and availability context: 35.0
,I.Davis,NYJ,,RB,receiving,1.0140220229136765,9.58334232570261,20.32256114916081,1.6514352567731705,,,,53.73,WATCH,WATCHLIST,48.88,66.67,50.07,,,35,55,65.7,WATCH at 53.7. Main support: usage foundation: 66.7; data quality: 65.7. Main caution: role and availability context: 35.0; missing signal count: 5.,usage foundation: 66.7,role and availability context: 35.0
,I.Davis,NYJ,,RB,rushing,1.0140220229136765,9.58334232570261,20.32256114916081,1.6514352567731705,,,,53.73,WATCH,WATCHLIST,48.88,66.67,50.07,,,35,55,65.7,WATCH at 53.7. Main support: usage foundation: 66.7; data quality: 65.7. Main caution: role and availability context: 35.0; missing signal count: 5.,usage foundation: 66.7,role and availability context: 35.0
,J.Deguara,JAX,,TE,receiving,1.703572457604401,13.107117293206022,,,,,,53.68,WATCH,WATCHLIST,48.75,66.67,50.07,,,35,55,65.7,WATCH at 53.7. Main support: usage foundation: 66.7; data quality: 65.7. Main caution: role and availability context: 35.0; missing signal count: 5.,usage foundation: 66.7,role and availability context: 35.0
,D.Harty,BAL,,WR,receiving,1.2877755993267517,17.088837769316857,,,,,,53.65,WATCH,WATCHLIST,48.69,66.67,50.07,,,35,55,65.7,WATCH at 53.6. Main support: usage foundation: 66.7; data quality: 65.7. Main caution: role and availability context: 35.0; missing signal count: 5.,usage foundation: 66.7,role and availability context: 35.0
00-0036355,J.Herbert,LAC,HOU,QB,passing,,,,,,,113.04159245034036,53.64,WATCH,WATCHLIST,40.74,33.33,99.87,66.67,,35,55,79.0,WATCH at 53.6. Main support: recent form: 99.9; data quality: 79.0. Main caution: usage foundation: 33.3; role and availability context: 35.0.,recent form: 99.9,usage foundation: 33.3
,J.Herbert,LAC,HOU,QB,rushing,,,17.63694376383878,2.0005258965644,13.377044847890245,9.711824392409389,,53.63,WATCH,WATCHLIST,48.65,66.67,50.07,,,35,55,65.7,WATCH at 53.6. Main support: usage foundation: 66.7; data quality: 65.7. Main caution: role and availability context: 35.0; missing signal count: 5.,usage foundation: 66.7,role and availability context: 35.0
,J.Herbert,LAC,HOU,QB,passing,,,17.63694376383878,2.0005258965644,13.377044847890245,9.711824392409389,,53.63,WATCH,WATCHLIST,48.65,66.67,50.07,,,35,55,65.7,WATCH at 53.6. Main support: usage foundation: 66.7; data quality: 65.7. Main caution: role and availability context: 35.0; missing signal count: 5.,usage foundation: 66.7,role and availability context: 35.0
,K.Granson,IND,,TE,receiving,1.3234502603831426,17.015103094902035,,,,,,53.44,WATCH,WATCHLIST,48.2,66.67,50.07,,,35,55,65.7,WATCH at 53.4. Main support: usage foundation: 66.7; data quality: 65.7. Main caution: role and availability context: 35.0; missing signal count: 5.,usage foundation: 66.7,role and availability context: 35.0
,J.McNichols,WAS,,RB,receiving,1.0016162894073417,5.35440716707407,20.2653382512929,2.364176347330408,,,,53.41,WATCH,WATCHLIST,48.13,66.67,50.07,,,35,55,65.7,WATCH at 53.4. Main support: usage foundation: 66.7; data quality: 65.7. Main caution: role and availability context: 35.0; missing signal count: 5.,usage foundation: 66.7,role and availability context: 35.0
,J.McNichols,WAS,,RB,rushing,1.0016162894073417,5.35440716707407,20.2653382512929,2.364176347330408,,,,53.41,WATCH,WATCHLIST,48.13,66.67,50.07,,,35,55,65.7,WATCH at 53.4. Main support: usage foundation: 66.7; data quality: 65.7. Main caution: role and availability context: 35.0; missing signal count: 5.,usage foundation: 66.7,role and availability context: 35.0
,R.Chosen,MIA,,WR,receiving,1.32311239637455,17.009307318697324,,,,,,53.36,WATCH,WATCHLIST,48.03,66.67,50.07,,,35,55,65.7,WATCH at 53.4. Main support: usage foundation: 66.7; data quality: 65.7. Main caution: role and availability context: 35.0; missing signal count: 5.,usage foundation: 66.7,role and availability context: 35.0
,B.Wright,DET,,TE,receiving,1.54971226765805,14.469655053051728,,,,,,53.34,WATCH,WATCHLIST,47.97,66.67,50.07,,,35,55,65.7,WATCH at 53.3. Main support: usage foundation: 66.7; data quality: 65.7. Main caution: role and availability context: 35.0; missing signal count: 5.,usage foundation: 66.7,role and availability context: 35.0
,D.Washington,PIT,,TE,receiving,1.5329788623587657,16.98123346490427,,,,,,53.29,WATCH,WATCHLIST,47.87,66.67,50.07,,,35,55,65.7,WATCH at 53.3. Main support: usage foundation: 66.7; data quality: 65.7. Main caution: role and availability context: 35.0; missing signal count: 5.,usage foundation: 66.7,role and availability context: 35.0
,N.Gray,KC,,TE,receiving,1.5166760206232048,16.764158449475367,,,,,,53.08,WATCH,WATCHLIST,47.38,66.67,50.07,,,35,55,65.7,WATCH at 53.1. Main support: usage foundation: 66.7; data quality: 65.7. Main caution: role and availability context: 35.0; missing signal count: 5.,usage foundation: 66.7,role and availability context: 35.0
,M.Lewis,CHI,,TE,receiving,1.5350010183525535,10.349777592252329,,,,,,53.06,WATCH,WATCHLIST,47.34,66.67,50.07,,,35,55,65.7,WATCH at 53.1. Main support: usage foundation: 66.7; data quality: 65.7. Main caution: role and availability context: 35.0; missing signal count: 5.,usage foundation: 66.7,role and availability context: 35.0
,A.Ogletree,IND,,TE,receiving,1.2972425170475526,16.60032340442677,,,,,,52.93,WATCH,WATCHLIST,47.05,66.67,50.07,,,35,55,65.7,WATCH at 52.9. Main support: usage foundation: 66.7; data quality: 65.7. Main caution: role and availability context: 35.0; missing signal count: 5.,usage foundation: 66.7,role and availability context: 35.0
,C.Steele,KC,,RB,receiving,0.8719249015845163,5.140477831294714,19.70631908407884,1.614768258306044,,,,52.92,WATCH,WATCHLIST,47.01,66.67,50.07,,,35,55,65.7,WATCH at 52.9. Main support: usage foundation: 66.7; data quality: 65.7. Main caution: role and availability context: 35.0; missing signal count: 5.,usage foundation: 66.7,role and availability context: 35.0
,C.Steele,KC,,RB,rushing,0.8719249015845163,5.140477831294714,19.70631908407884,1.614768258306044,,,,52.92,WATCH,WATCHLIST,47.01,66.67,50.07,,,35,55,65.7,WATCH at 52.9. Main support: usage foundation: 66.7; data quality: 65.7. Main caution: role and availability context: 35.0; missing signal count: 5.,usage foundation: 66.7,role and availability context: 35.0
,P.Hendershot,KC,,TE,receiving,1.5107082850547622,16.51472231301619,,,,,,52.86,WATCH,WATCHLIST,46.89,66.67,50.07,,,35,55,65.7,WATCH at 52.9. Main support: usage foundation: 66.7; data quality: 65.7. Main caution: role and availability context: 35.0; missing signal count: 5.,usage foundation: 66.7,role and availability context: 35.0
,J.Ruckert,NYJ,,TE,receiving,1.531495087032963,12.711193325330072,,,,,,52.86,WATCH,WATCHLIST,46.88,66.67,50.07,,,35,55,65.7,WATCH at 52.9. Main support: usage foundation: 66.7; data quality: 65.7. Main caution: role and availability context: 35.0; missing signal count: 5.,usage foundation: 66.7,role and availability context: 35.0
,C.Stover,HOU,,TE,receiving,1.5297629318516737,14.971898523643988,,,,,,52.79,WATCH,WATCHLIST,46.72,66.67,50.07,,,35,55,65.7,WATCH at 52.8. Main support: usage foundation: 66.7; data quality: 65.7. Main caution: role and availability context: 35.0; missing signal count: 5.,usage foundation: 66.7,role and availability context: 35.0
,L.Woodside,ATL,NO,QB,rushing,,,14.14274962071434,2.5836543936298355,,,,52.79,WATCH,WATCHLIST,46.72,66.67,50.07,,,35,55,65.7,WATCH at 52.8. Main support: usage foundation: 66.7; data quality: 65.7. Main caution: role and availability context: 35.0; missing signal count: 5.,usage foundation: 66.7,role and availability context: 35.0
,E.Stick,LAC,KC,QB,rushing,,,19.54939314441484,2.111505825693696,13.37458375034336,9.6807924338992,,52.75,WATCH,WATCHLIST,46.64,66.67,50.07,,,35,55,65.7,WATCH at 52.8. Main support: usage foundation: 66.7; data quality: 65.7. Main caution: role and availability context: 35.0; missing signal count: 5.,usage foundation: 66.7,role and availability context: 35.0
,E.Stick,LAC,KC,QB,passing,,,19.54939314441484,2.111505825693696,13.37458375034336,9.6807924338992,,52.75,WATCH,WATCHLIST,46.64,66.67,50.07,,,35,55,65.7,WATCH at 52.8. Main support: usage foundation: 66.7; data quality: 65.7. Main caution: role and availability context: 35.0; missing signal count: 5.,usage foundation: 66.7,role and availability context: 35.0
,K.Osborn,WAS,,WR,receiving,1.483602063161926,16.4209394657002,,,,,,52.64,WATCH,WATCHLIST,46.39,66.67,50.07,,,35,55,65.7,WATCH at 52.6. Main support: usage foundation: 66.7; data quality: 65.7. Main caution: role and availability context: 35.0; missing signal count: 5.,usage foundation: 66.7,role and availability context: 35.0
,J.Hyatt,NYG,,WR,receiving,1.41304986573235,16.340171353791693,,,,,,52.58,WATCH,WATCHLIST,46.23,66.67,50.07,,,35,55,65.7,WATCH at 52.6. Main support: usage foundation: 66.7; data quality: 65.7. Main caution: role and availability context: 35.0; missing signal count: 5.,usage foundation: 66.7,role and availability context: 35.0
,G.Olszewski,NYG,,WR,receiving,1.4995466530748864,16.336033322503653,,,,,,52.5,WATCH,WATCHLIST,46.07,66.67,50.07,,,35,55,65.7,WATCH at 52.5. Main support: usage foundation: 66.7; data quality: 65.7. Main caution: role and availability context: 35.0; missing signal count: 5.,usage foundation: 66.7,role and availability context: 35.0
,W.Levis,TEN,HOU,QB,rushing,,,14.753468655641289,2.510050460715593,,,,52.43,WATCH,WATCHLIST,45.9,66.67,50.07,,,35,55,65.7,WATCH at 52.4. Main support: usage foundation: 66.7; data quality: 65.7. Main caution: role and availability context: 35.0; missing signal count: 5.,usage foundation: 66.7,role and availability context: 35.0
,T.Quitoriano,HOU,,TE,receiving,1.3220927175781605,16.311392625136254,,,,,,52.43,WATCH,WATCHLIST,45.9,66.67,50.07,,,35,55,65.7,WATCH at 52.4. Main support: usage foundation: 66.7; data quality: 65.7. Main caution: role and availability context: 35.0; missing signal count: 5.,usage foundation: 66.7,role and availability context: 35.0
,L.Farrell,JAX,,TE,receiving,1.5079706713054113,12.7726480762148,,,,,,52.38,WATCH,WATCHLIST,45.78,66.67,50.07,,,35,55,65.7,WATCH at 52.4. Main support: usage foundation: 66.7; data quality: 65.7. Main caution: role and availability context: 35.0; missing signal count: 5.,usage foundation: 66.7,role and availability context: 35.0
,Co.Heyward,PIT,,TE,receiving,1.5026767237823349,12.930404003882654,,,,,,52.31,WATCH,WATCHLIST,45.62,66.67,50.07,,,35,55,65.7,WATCH at 52.3. Main support: usage foundation: 66.7; data quality: 65.7. Main caution: role and availability context: 35.0; missing signal count: 5.,usage foundation: 66.7,role and availability context: 35.0
,B.Corum,LA,,RB,receiving,1.1854296202930232,11.159836430289248,19.43856633262508,1.707880001808353,,,,52.26,WATCH,WATCHLIST,45.52,66.67,50.07,,,35,55,65.7,WATCH at 52.3. Main support: usage foundation: 66.7; data quality: 65.7. Main caution: role and availability context: 35.0; missing signal count: 5.,usage foundation: 66.7,role and availability context: 35.0
,B.Corum,LA,,RB,rushing,1.1854296202930232,11.159836430289248,19.43856633262508,1.707880001808353,,,,52.26,WATCH,WATCHLIST,45.52,66.67,50.07,,,35,55,65.7,WATCH at 52.3. Main support: usage foundation: 66.7; data quality: 65.7. Main caution: role and availability context: 35.0; missing signal count: 5.,usage foundation: 66.7,role and availability context: 35.0
00-0036212,T.Tagovailoa,MIA,SF,QB,passing,,,,,,,119.82564163436837,52.2,WATCH,WATCHLIST,48.15,33.33,99.87,27.78,,35,55,79.0,WATCH at 52.2. Main support: recent form: 99.9; data quality: 79.0. Main caution: opponent defense fit: 27.8; usage foundation: 33.3.,recent form: 99.9,opponent defense fit: 27.8
,J.Brooks,CAR,,RB,receiving,0.984655374168218,8.800545177462102,13.120870086188392,2.4659513622920675,,,,52.07,WATCH,WATCHLIST,45.08,66.67,50.07,,,35,55,65.7,WATCH at 52.1. Main support: usage foundation: 66.7; data quality: 65.7. Main caution: role and availability context: 35.0; missing signal count: 5.,usage foundation: 66.7,role and availability context: 35.0
,J.Brooks,CAR,,RB,rushing,0.984655374168218,8.800545177462102,13.120870086188392,2.4659513622920675,,,,52.07,WATCH,WATCHLIST,45.08,66.67,50.07,,,35,55,65.7,WATCH at 52.1. Main support: usage foundation: 66.7; data quality: 65.7. Main caution: role and availability context: 35.0; missing signal count: 5.,usage foundation: 66.7,role and availability context: 35.0
,R.Tonyan,CHI,,TE,receiving,1.4800982340178592,16.24081155941672,,,,,,52.07,WATCH,WATCHLIST,45.08,66.67,50.07,,,35,55,65.7,WATCH at 52.1. Main support: usage foundation: 66.7; data quality: 65.7. Main caution: role and availability context: 35.0; missing signal count: 5.,usage foundation: 66.7,role and availability context: 35.0
,Ja.Williams,NO,,RB,receiving,1.0314510177608365,7.689786500573949,19.38944586391824,1.845125141333048,,,,51.94,WATCH,WATCHLIST,44.78,66.67,50.07,,,35,55,65.7,WATCH at 51.9. Main support: usage foundation: 66.7; data quality: 65.7. Main caution: role and availability context: 35.0; projection strength: 44.8.,usage foundation: 66.7,role and availability context: 35.0
,Ja.Williams,NO,,RB,rushing,1.0314510177608365,7.689786500573949,19.38944586391824,1.845125141333048,,,,51.94,WATCH,WATCHLIST,44.78,66.67,50.07,,,35,55,65.7,WATCH at 51.9. Main support: usage foundation: 66.7; data quality: 65.7. Main caution: role and availability context: 35.0; projection strength: 44.8.,usage foundation: 66.7,role and availability context: 35.0
,T.Lawrence,JAX,HOU,QB,rushing,,,14.46463937207496,2.4563117986761585,11.502379875232268,8.109948345872096,,51.89,WATCH,WATCHLIST,44.67,66.67,50.07,,,35,55,65.7,WATCH at 51.9. Main support: usage foundation: 66.7; data quality: 65.7. Main caution: role and availability context: 35.0; projection strength: 44.7.,usage foundation: 66.7,role and availability context: 35.0
,T.Lawrence,JAX,HOU,QB,passing,,,14.46463937207496,2.4563117986761585,11.502379875232268,8.109948345872096,,51.89,WATCH,WATCHLIST,44.67,66.67,50.07,,,35,55,65.7,WATCH at 51.9. Main support: usage foundation: 66.7; data quality: 65.7. Main caution: role and availability context: 35.0; projection strength: 44.7.,usage foundation: 66.7,role and availability context: 35.0
,D.Allen,PHI,,WR,receiving,1.1750178997974854,16.000778907303015,,,,,,51.86,WATCH,WATCHLIST,44.59,66.67,50.07,,,35,55,65.7,WATCH at 51.9. Main support: usage foundation: 66.7; data quality: 65.7. Main caution: role and availability context: 35.0; projection strength: 44.6.,usage foundation: 66.7,role and availability context: 35.0
,D.Kincaid,BUF,,TE,receiving,1.4459719556628758,15.934860861755602,,,,,,51.79,WATCH,WATCHLIST,44.43,66.67,50.07,,,35,55,65.7,WATCH at 51.8. Main support: usage foundation: 66.7; data quality: 65.7. Main caution: role and availability context: 35.0; projection strength: 44.4.,usage foundation: 66.7,role and availability context: 35.0
,M.Mariota,WAS,DET,QB,rushing,,,19.278212719147568,2.1136685278870666,,,,51.77,WATCH,WATCHLIST,44.4,66.67,50.07,,,35,55,65.7,WATCH at 51.8. Main support: usage foundation: 66.7; data quality: 65.7. Main caution: role and availability context: 35.0; projection strength: 44.4.,usage foundation: 66.7,role and availability context: 35.0
,G.Calcaterra,PHI,,TE,receiving,1.2979564578792993,15.89912400530487,,,,,,51.71,WATCH,WATCHLIST,44.26,66.67,50.07,,,35,55,65.7,WATCH at 51.7. Main support: usage foundation: 66.7; data quality: 65.7. Main caution: role and availability context: 35.0; projection strength: 44.3.,usage foundation: 66.7,role and availability context: 35.0
,M.Alie-Cox,IND,,TE,receiving,1.2748192315861373,15.875622267184443,,,,,,51.64,WATCH,WATCHLIST,44.1,66.67,50.07,,,35,55,65.7,WATCH at 51.6. Main support: usage foundation: 66.7; data quality: 65.7. Main caution: role and availability context: 35.0; projection strength: 44.1.,usage foundation: 66.7,role and availability context: 35.0
,J.Dobbs,SF,ARI,QB,rushing,,,18.844115162751294,1.6139889107197627,13.172313262770883,9.707441520195587,,51.61,WATCH,WATCHLIST,44.03,66.67,50.07,,,35,55,65.7,WATCH at 51.6. Main support: usage foundation: 66.7; data quality: 65.7. Main caution: role and availability context: 35.0; projection strength: 44.0.,usage foundation: 66.7,role and availability context: 35.0
,J.Dobbs,SF,ARI,QB,passing,,,18.844115162751294,1.6139889107197627,13.172313262770883,9.707441520195587,,51.61,WATCH,WATCHLIST,44.03,66.67,50.07,,,35,55,65.7,WATCH at 51.6. Main support: usage foundation: 66.7; data quality: 65.7. Main caution: role and availability context: 35.0; projection strength: 44.0.,usage foundation: 66.7,role and availability context: 35.0
,T.Wesco,TEN,,TE,receiving,1.191588474352839,15.859543352931782,,,,,,51.57,WATCH,WATCHLIST,43.93,66.67,50.07,,,35,55,65.7,WATCH at 51.6. Main support: usage foundation: 66.7; data quality: 65.7. Main caution: role and availability context: 35.0; projection strength: 43.9.,usage foundation: 66.7,role and availability context: 35.0
00-0038391,S.Clifford,GB,MIN,QB,passing,,,,,,,110.91918213574608,51.35,WATCH,WATCHLIST,29.63,33.33,97.24,88.89,,35,55,79.0,WATCH at 51.4. Main support: recent form: 97.2; opponent defense fit: 88.9. Main caution: projection strength: 29.6; usage foundation: 33.3.,recent form: 97.2,projection strength: 29.6
,J.Wiley,KC,,TE,receiving,1.476258242454869,12.920976624493628,,,,,,51.35,WATCH,WATCHLIST,43.44,66.67,50.07,,,35,55,65.7,WATCH at 51.4. Main support: usage foundation: 66.7; data quality: 65.7. Main caution: role and availability context: 35.0; projection strength: 43.4.,usage foundation: 66.7,role and availability context: 35.0
,B.Gabbert,KC,LAC,QB,rushing,,,18.22957610213629,1.0982977041260438,,,,51.28,WATCH,WATCHLIST,43.28,66.67,50.07,,,35,55,65.7,WATCH at 51.3. Main support: usage foundation: 66.7; data quality: 65.7. Main caution: role and availability context: 35.0; projection strength: 43.3.,usage foundation: 66.7,role and availability context: 35.0
,H.Hurst,LAC,,TE,receiving,1.4752249153421737,15.354713042627615,,,,,,51.28,WATCH,WATCHLIST,43.28,66.67,50.07,,,35,55,65.7,WATCH at 51.3. Main support: usage foundation: 66.7; data quality: 65.7. Main caution: role and availability context: 35.0; projection strength: 43.3.,usage foundation: 66.7,role and availability context: 35.0
,J.Sanders,CAR,,TE,receiving,1.4000576428755953,15.56003338398671,,,,,,51.28,WATCH,WATCHLIST,43.28,66.67,50.07,,,35,55,65.7,WATCH at 51.3. Main support: usage foundation: 66.7; data quality: 65.7. Main caution: role and availability context: 35.0; projection strength: 43.3.,usage foundation: 66.7,role and availability context: 35.0
,L.Schoonmaker,DAL,,TE,receiving,1.4741134537935232,14.82154993338488,,,,,,51.21,WATCH,WATCHLIST,43.12,66.67,50.07,,,35,55,65.7,WATCH at 51.2. Main support: usage foundation: 66.7; data quality: 65.7. Main caution: role and availability context: 35.0; projection strength: 43.1.,usage foundation: 66.7,role and availability context: 35.0
00-0031280,D.Carr,NO,NYG,QB,passing,,,,,,,112.84783224889998,51.16,WATCH,WATCHLIST,37.04,33.33,98.56,59.26,,35,55,79.0,WATCH at 51.2. Main support: recent form: 98.6; data quality: 79.0. Main caution: usage foundation: 33.3; role and availability context: 35.0.,recent form: 98.6,usage foundation: 33.3
,T.DeVito,NYG,BAL,QB,rushing,,,18.191712032323977,1.4939423567812238,,,,51.12,WATCH,WATCHLIST,42.91,66.67,50.07,,,35,55,65.7,WATCH at 51.1. Main support: usage foundation: 66.7; data quality: 65.7. Main caution: role and availability context: 35.0; projection strength: 42.9.,usage foundation: 66.7,role and availability context: 35.0
,C.Manhertz,NYG,,TE,receiving,1.4451563232240956,15.442605350868543,,,,,,51.07,WATCH,WATCHLIST,42.79,66.67,50.07,,,35,55,65.7,WATCH at 51.1. Main support: usage foundation: 66.7; data quality: 65.7. Main caution: role and availability context: 35.0; projection strength: 42.8.,usage foundation: 66.7,role and availability context: 35.0
,J.Horsted,LV,,TE,receiving,1.4669551072912697,14.13775868376236,,,,,,51.01,WATCH,WATCHLIST,42.66,66.67,50.07,,,35,55,65.7,WATCH at 51.0. Main support: usage foundation: 66.7; data quality: 65.7. Main caution: role and availability context: 35.0; projection strength: 42.7.,usage foundation: 66.7,role and availability context: 35.0
,C.Beathard,JAX,CAR,QB,rushing,,,13.32348714856607,2.346745762545533,,,,51.0,WATCH,WATCHLIST,42.62,66.67,50.07,,,35,55,65.7,WATCH at 51.0. Main support: usage foundation: 66.7; data quality: 65.7. Main caution: role and availability context: 35.0; projection strength: 42.6.,usage foundation: 66.7,role and availability context: 35.0
,D.Thompson-Robinson,CLE,BAL,QB,rushing,,,18.171315995355897,1.2432026238511675,,,,50.96,WATCH,WATCHLIST,42.54,66.67,50.07,,,35,55,65.7,WATCH at 51.0. Main support: usage foundation: 66.7; data quality: 65.7. Main caution: role and availability context: 35.0; projection strength: 42.5.,usage foundation: 66.7,role and availability context: 35.0
,J.Mims,NO,,RB,receiving,1.463728481983816,11.110751977264671,14.118664299039237,1.3380503228314882,,,,50.94,WATCH,WATCHLIST,42.5,66.67,50.07,,,35,55,65.7,WATCH at 50.9. Main support: usage foundation: 66.7; data quality: 65.7. Main caution: role and availability context: 35.0; projection strength: 42.5.,usage foundation: 66.7,role and availability context: 35.0
,J.Mims,NO,,RB,rushing,1.463728481983816,11.110751977264671,14.118664299039237,1.3380503228314882,,,,50.94,WATCH,WATCHLIST,42.5,66.67,50.07,,,35,55,65.7,WATCH at 50.9. Main support: usage foundation: 66.7; data quality: 65.7. Main caution: role and availability context: 35.0; projection strength: 42.5.,usage foundation: 66.7,role and availability context: 35.0
,T.Lance,DAL,WAS,QB,rushing,,,11.911602130037588,2.3371665865787463,,,,50.82,WATCH,WATCHLIST,42.21,66.67,50.07,,,35,55,65.7,WATCH at 50.8. Main support: usage foundation: 66.7; data quality: 65.7. Main caution: role and availability context: 35.0; projection strength: 42.2.,usage foundation: 66.7,role and availability context: 35.0
,B.Whiteheart,CLE,,TE,receiving,1.4537856931621576,14.25516136537714,,,,,,50.81,WATCH,WATCHLIST,42.19,66.67,50.07,,,35,55,65.7,WATCH at 50.8. Main support: usage foundation: 66.7; data quality: 65.7. Main caution: role and availability context: 35.0; projection strength: 42.2.,usage foundation: 66.7,role and availability context: 35.0
,M.Jones,JAX,IND,QB,rushing,,,11.12203935717326,2.3134594370138104,10.600842473317686,,,50.64,WATCH,WATCHLIST,41.8,66.67,50.07,,,35,55,65.7,WATCH at 50.6. Main support: usage foundation: 66.7; data quality: 65.7. Main caution: role and availability context: 35.0; projection strength: 41.8.,usage foundation: 66.7,role and availability context: 35.0
,M.Jones,JAX,IND,QB,passing,,,11.12203935717326,2.3134594370138104,10.600842473317686,,,50.64,WATCH,WATCHLIST,41.8,66.67,50.07,,,35,55,65.7,WATCH at 50.6. Main support: usage foundation: 66.7; data quality: 65.7. Main caution: role and availability context: 35.0; projection strength: 41.8.,usage foundation: 66.7,role and availability context: 35.0
,M.Pruitt,PIT,,TE,receiving,1.430480192392254,13.215534869930996,,,,,,50.53,WATCH,WATCHLIST,41.56,66.67,50.07,,,35,55,65.7,WATCH at 50.5. Main support: usage foundation: 66.7; data quality: 65.7. Main caution: role and availability context: 35.0; projection strength: 41.6.,usage foundation: 66.7,role and availability context: 35.0
,J.Bates,WAS,,TE,receiving,1.3932696387927883,15.095632181712933,,,,,,50.5,WATCH,WATCHLIST,41.48,66.67,50.07,,,35,55,65.7,WATCH at 50.5. Main support: usage foundation: 66.7; data quality: 65.7. Main caution: role and availability context: 35.0; projection strength: 41.5.,usage foundation: 66.7,role and availability context: 35.0
,J.FitzPatrick,GB,,TE,receiving,1.4279251983282142,9.898357141208212,,,,,,50.47,WATCH,WATCHLIST,41.41,66.67,50.07,,,35,55,65.7,WATCH at 50.5. Main support: usage foundation: 66.7; data quality: 65.7. Main caution: role and availability context: 35.0; projection strength: 41.4.,usage foundation: 66.7,role and availability context: 35.0
,B.Sims,GB,,TE,receiving,1.427372652356917,15.05815995886602,,,,,,50.42,WATCH,WATCHLIST,41.31,66.67,50.07,,,35,55,65.7,WATCH at 50.4. Main support: usage foundation: 66.7; data quality: 65.7. Main caution: role and availability context: 35.0; projection strength: 41.3.,usage foundation: 66.7,role and availability context: 35.0
,C.Kolar,BAL,,TE,receiving,1.085835555201564,14.912163210411393,,,,,,50.21,WATCH,WATCHLIST,40.82,66.67,50.07,,,35,55,65.7,WATCH at 50.2. Main support: usage foundation: 66.7; data quality: 65.7. Main caution: role and availability context: 35.0; projection strength: 40.8.,usage foundation: 66.7,role and availability context: 35.0
,J.Chestnut,TEN,,RB,receiving,0.6895749483353861,,14.998604535456929,2.2818061961471496,,,,50.1,WATCH,WATCHLIST,40.57,66.67,50.07,,,35,55,65.7,WATCH at 50.1. Main support: usage foundation: 66.7; data quality: 65.7. Main caution: role and availability context: 35.0; projection strength: 40.6.,usage foundation: 66.7,role and availability context: 35.0
,J.Chestnut,TEN,,RB,rushing,0.6895749483353861,,14.998604535456929,2.2818061961471496,,,,50.1,WATCH,WATCHLIST,40.57,66.67,50.07,,,35,55,65.7,WATCH at 50.1. Main support: usage foundation: 66.7; data quality: 65.7. Main caution: role and availability context: 35.0; projection strength: 40.6.,usage foundation: 66.7,role and availability context: 35.0
,J.Hall,MIN,GB,QB,rushing,,,12.442643217502248,1.9311156946090464,13.27065579571555,9.659469700350533,,50.09,WATCH,WATCHLIST,40.54,66.67,50.07,,,35,55,65.7,WATCH at 50.1. Main support: usage foundation: 66.7; data quality: 65.7. Main caution: role and availability context: 35.0; projection strength: 40.5.,usage foundation: 66.7,role and availability context: 35.0
,J.Hall,MIN,GB,QB,passing,,,12.442643217502248,1.9311156946090464,13.27065579571555,9.659469700350533,,50.09,WATCH,WATCHLIST,40.54,66.67,50.07,,,35,55,65.7,WATCH at 50.1. Main support: usage foundation: 66.7; data quality: 65.7. Main caution: role and availability context: 35.0; projection strength: 40.5.,usage foundation: 66.7,role and availability context: 35.0
,D.Lock,NYG,PHI,QB,rushing,,,17.32501295712891,1.034646561733187,,,,49.98,WATCH,WATCHLIST,40.3,66.67,50.07,,,35,55,65.7,WATCH at 50.0. Main support: usage foundation: 66.7; data quality: 65.7. Main caution: role and availability context: 35.0; projection strength: 40.3.,usage foundation: 66.7,role and availability context: 35.0
00-0033077,D.Prescott,DAL,ATL,QB,passing,,,,,,,109.47728518495532,49.87,WATCH,WATCHLIST,25.93,33.33,98.23,87.04,,35,55,79.0,WATCH at 49.9. Main support: recent form: 98.2; opponent defense fit: 87.0. Main caution: projection strength: 25.9; usage foundation: 33.3.,recent form: 98.2,projection strength: 25.9
,P.Brown,SEA,,TE,receiving,1.3879059751953973,14.705302048855152,,,,,,49.85,WATCH,WATCHLIST,40.0,66.67,50.07,,,35,55,65.7,WATCH at 49.9. Main support: usage foundation: 66.7; data quality: 65.7. Main caution: role and availability context: 35.0; projection strength: 40.0.,usage foundation: 66.7,role and availability context: 35.0
,J.Thrash,CLE,,WR,receiving,1.3858628076118829,13.739791283193906,,,,,,49.58,WATCH,WATCHLIST,39.38,66.67,50.07,,,35,55,65.7,WATCH at 49.6. Main support: usage foundation: 66.7; data quality: 65.7. Main caution: role and availability context: 35.0; projection strength: 39.4.,usage foundation: 66.7,role and availability context: 35.0
00-0039163,C.Stroud,HOU,KC,QB,passing,,,,,,,106.6121698933917,49.55,WATCH,WATCHLIST,22.22,33.33,98.82,96.3,,35,55,79.0,WATCH at 49.5. Main support: recent form: 98.8; opponent defense fit: 96.3. Main caution: projection strength: 22.2; usage foundation: 33.3.,recent form: 98.8,projection strength: 22.2
,J.Jefferson,DET,,RB,receiving,1.0665922798586351,11.448431014003807,17.096507109281248,2.241228361893683,,,,49.49,WATCH,WATCHLIST,39.18,66.67,50.07,,,35,55,65.7,WATCH at 49.5. Main support: usage foundation: 66.7; data quality: 65.7. Main caution: role and availability context: 35.0; projection strength: 39.2.,usage foundation: 66.7,role and availability context: 35.0
,J.Jefferson,DET,,RB,rushing,1.0665922798586351,11.448431014003807,17.096507109281248,2.241228361893683,,,,49.49,WATCH,WATCHLIST,39.18,66.67,50.07,,,35,55,65.7,WATCH at 49.5. Main support: usage foundation: 66.7; data quality: 65.7. Main caution: role and availability context: 35.0; projection strength: 39.2.,usage foundation: 66.7,role and availability context: 35.0
,Z.Wilson,NYJ,MIA,QB,rushing,,,17.071856038372726,1.528373192102583,,,,49.33,WATCH,WATCHLIST,38.81,66.67,50.07,,,35,55,65.7,WATCH at 49.3. Main support: usage foundation: 66.7; data quality: 65.7. Main caution: role and availability context: 35.0; projection strength: 38.8.,usage foundation: 66.7,role and availability context: 35.0
,B.Jordan,HOU,,TE,receiving,1.3570045819016254,13.09456722473169,,,,,,49.3,WATCH,WATCHLIST,38.75,66.67,50.07,,,35,55,65.7,WATCH at 49.3. Main support: usage foundation: 66.7; data quality: 65.7. Main caution: role and availability context: 35.0; projection strength: 38.8.,usage foundation: 66.7,role and availability context: 35.0
,H.Haskins,LAC,,RB,receiving,0.9867283317146636,14.047020808649442,13.025425043817464,2.0904793840005667,,,,49.28,WATCH,WATCHLIST,38.69,66.67,50.07,,,35,55,65.7,WATCH at 49.3. Main support: usage foundation: 66.7; data quality: 65.7. Main caution: role and availability context: 35.0; projection strength: 38.7.,usage foundation: 66.7,role and availability context: 35.0
,H.Haskins,LAC,,RB,rushing,0.9867283317146636,14.047020808649442,13.025425043817464,2.0904793840005667,,,,49.28,WATCH,WATCHLIST,38.69,66.67,50.07,,,35,55,65.7,WATCH at 49.3. Main support: usage foundation: 66.7; data quality: 65.7. Main caution: role and availability context: 35.0; projection strength: 38.7.,usage foundation: 66.7,role and availability context: 35.0
,K.Yeboah,NYJ,,TE,receiving,1.2990496817870516,13.927442565508809,,,,,,49.2,WATCH,WATCHLIST,38.52,66.67,50.07,,,35,55,65.7,WATCH at 49.2. Main support: usage foundation: 66.7; data quality: 65.7. Main caution: role and availability context: 35.0; projection strength: 38.5.,usage foundation: 66.7,role and availability context: 35.0
,W.Shipley,PHI,,RB,receiving,0.7892275899821595,7.711961197827609,16.844833055887484,2.2401730860150204,,,,49.2,WATCH,WATCHLIST,38.52,66.67,50.07,,,35,55,65.7,WATCH at 49.2. Main support: usage foundation: 66.7; data quality: 65.7. Main caution: role and availability context: 35.0; projection strength: 38.5.,usage foundation: 66.7,role and availability context: 35.0
,W.Shipley,PHI,,RB,rushing,0.7892275899821595,7.711961197827609,16.844833055887484,2.2401730860150204,,,,49.2,WATCH,WATCHLIST,38.52,66.67,50.07,,,35,55,65.7,WATCH at 49.2. Main support: usage foundation: 66.7; data quality: 65.7. Main caution: role and availability context: 35.0; projection strength: 38.5.,usage foundation: 66.7,role and availability context: 35.0
,C.Patterson,PIT,,RB,receiving,0.9845031687557972,7.797151842430453,16.87972063896478,1.9911814568550208,,,,49.16,WATCH,WATCHLIST,38.43,66.67,50.07,,,35,55,65.7,WATCH at 49.2. Main support: usage foundation: 66.7; data quality: 65.7. Main caution: role and availability context: 35.0; projection strength: 38.4.,usage foundation: 66.7,role and availability context: 35.0
,C.Patterson,PIT,,RB,rushing,0.9845031687557972,7.797151842430453,16.87972063896478,1.9911814568550208,,,,49.16,WATCH,WATCHLIST,38.43,66.67,50.07,,,35,55,65.7,WATCH at 49.2. Main support: usage foundation: 66.7; data quality: 65.7. Main caution: role and availability context: 35.0; projection strength: 38.4.,usage foundation: 66.7,role and availability context: 35.0
,L.Cager,NYG,,TE,receiving,1.2951597590123451,13.88089239466105,,,,,,49.13,WATCH,WATCHLIST,38.36,66.67,50.07,,,35,55,65.7,WATCH at 49.1. Main support: usage foundation: 66.7; data quality: 65.7. Main caution: role and availability context: 35.0; projection strength: 38.4.,usage foundation: 66.7,role and availability context: 35.0
,R.Keyton,LV,,WR,receiving,1.3425036704893296,12.9957639031969,,,,,,49.03,WATCH,WATCHLIST,38.12,66.67,50.07,,,35,55,65.7,WATCH at 49.0. Main support: usage foundation: 66.7; data quality: 65.7. Main caution: role and availability context: 35.0; projection strength: 38.1.,usage foundation: 66.7,role and availability context: 35.0
,R.Williams,PIT,,TE,receiving,1.2495248389507083,13.703325104996576,,,,,,48.92,WATCH,WATCHLIST,37.87,66.67,50.07,,,35,55,65.7,WATCH at 48.9. Main support: usage foundation: 66.7; data quality: 65.7. Main caution: role and availability context: 35.0; projection strength: 37.9.,usage foundation: 66.7,role and availability context: 35.0
00-0036264,J.Love,GB,PHI,QB,passing,,,,,,,111.7848286077696,48.87,WATCH,WATCHLIST,33.33,33.33,97.24,53.7,,35,55,79.0,WATCH at 48.9. Main support: recent form: 97.2; data quality: 79.0. Main caution: projection strength: 33.3; usage foundation: 33.3.,recent form: 97.2,projection strength: 33.3
,M.Rudolph,TEN,HOU,QB,rushing,,,13.25721792853566,2.2059003261512,,,,48.84,WATCH,WATCHLIST,37.7,66.67,50.07,,,35,55,65.7,WATCH at 48.8. Main support: usage foundation: 66.7; data quality: 65.7. Main caution: role and availability context: 35.0; projection strength: 37.7.,usage foundation: 66.7,role and availability context: 35.0
,P.Strong,CLE,,RB,receiving,1.2331325067358068,10.946882322211708,16.6729147774845,1.3889894539780552,,,,48.84,WATCH,WATCHLIST,37.69,66.67,50.07,,,35,55,65.7,WATCH at 48.8. Main support: usage foundation: 66.7; data quality: 65.7. Main caution: role and availability context: 35.0; projection strength: 37.7.,usage foundation: 66.7,role and availability context: 35.0
,P.Strong,CLE,,RB,rushing,1.2331325067358068,10.946882322211708,16.6729147774845,1.3889894539780552,,,,48.84,WATCH,WATCHLIST,37.69,66.67,50.07,,,35,55,65.7,WATCH at 48.8. Main support: usage foundation: 66.7; data quality: 65.7. Main caution: role and availability context: 35.0; projection strength: 37.7.,usage foundation: 66.7,role and availability context: 35.0
,I.Thomas,CAR,,TE,receiving,1.3225466679994895,9.676855408990216,,,,,,48.83,WATCH,WATCHLIST,37.66,66.67,50.07,,,35,55,65.7,WATCH at 48.8. Main support: usage foundation: 66.7; data quality: 65.7. Main caution: role and availability context: 35.0; projection strength: 37.7.,usage foundation: 66.7,role and availability context: 35.0
,M.Gaskin,MIN,,RB,receiving,1.1900988785516635,13.690124624926204,3.802243569175823,1.5319981082489225,,,,48.77,WATCH,WATCHLIST,37.54,66.67,50.07,,,35,55,65.7,WATCH at 48.8. Main support: usage foundation: 66.7; data quality: 65.7. Main caution: role and availability context: 35.0; projection strength: 37.5.,usage foundation: 66.7,role and availability context: 35.0
,M.Gaskin,MIN,,RB,rushing,1.1900988785516635,13.690124624926204,3.802243569175823,1.5319981082489225,,,,48.77,WATCH,WATCHLIST,37.54,66.67,50.07,,,35,55,65.7,WATCH at 48.8. Main support: usage foundation: 66.7; data quality: 65.7. Main caution: role and availability context: 35.0; projection strength: 37.5.,usage foundation: 66.7,role and availability context: 35.0
,J.Jackson,TEN,,WR,receiving,1.3176819763863925,13.680520626576769,,,,,,48.7,WATCH,WATCHLIST,37.38,66.67,50.07,,,35,55,65.7,WATCH at 48.7. Main support: usage foundation: 66.7; data quality: 65.7. Main caution: role and availability context: 35.0; projection strength: 37.4.,usage foundation: 66.7,role and availability context: 35.0
,L.Musgrave,GB,,TE,receiving,1.321873219607829,13.175172277625146,,,,,,48.69,WATCH,WATCHLIST,37.34,66.67,50.07,,,35,55,65.7,WATCH at 48.7. Main support: usage foundation: 66.7; data quality: 65.7. Main caution: role and availability context: 35.0; projection strength: 37.3.,usage foundation: 66.7,role and availability context: 35.0
,R.Tannehill,TEN,JAX,QB,rushing,,,13.931058046430133,2.170674349219996,,,,48.67,WATCH,WATCHLIST,37.3,66.67,50.07,,,35,55,65.7,WATCH at 48.7. Main support: usage foundation: 66.7; data quality: 65.7. Main caution: role and availability context: 35.0; projection strength: 37.3.,usage foundation: 66.7,role and availability context: 35.0
,J.Ross,PHI,,WR,receiving,1.3178992902156748,12.973128230156291,,,,,,48.62,WATCH,WATCHLIST,37.19,66.67,50.07,,,35,55,65.7,WATCH at 48.6. Main support: usage foundation: 66.7; data quality: 65.7. Main caution: role and availability context: 35.0; projection strength: 37.2.,usage foundation: 66.7,role and availability context: 35.0
,J.Wilson,MIA,,RB,receiving,1.0099475227316348,7.936973393094118,16.473298508811226,2.159357193674805,,,,48.51,WATCH,WATCHLIST,36.94,66.67,50.07,,,35,55,65.7,WATCH at 48.5. Main support: usage foundation: 66.7; data quality: 65.7. Main caution: role and availability context: 35.0; projection strength: 36.9.,usage foundation: 66.7,role and availability context: 35.0
,J.Wilson,MIA,,RB,rushing,1.0099475227316348,7.936973393094118,16.473298508811226,2.159357193674805,,,,48.51,WATCH,WATCHLIST,36.94,66.67,50.07,,,35,55,65.7,WATCH at 48.5. Main support: usage foundation: 66.7; data quality: 65.7. Main caution: role and availability context: 35.0; projection strength: 36.9.,usage foundation: 66.7,role and availability context: 35.0
,T.Kroft,MIA,,TE,receiving,1.1339855286934457,13.635168727802066,,,,,,48.49,WATCH,WATCHLIST,36.89,66.67,50.07,,,35,55,65.7,WATCH at 48.5. Main support: usage foundation: 66.7; data quality: 65.7. Main caution: role and availability context: 35.0; projection strength: 36.9.,usage foundation: 66.7,role and availability context: 35.0
,C.Stroud,HOU,KC,QB,rushing,,,16.362330570537495,2.1448493175932333,12.761374119982774,9.164585799462245,,48.35,WATCH,WATCHLIST,36.57,66.67,50.07,,,35,55,65.7,WATCH at 48.4. Main support: usage foundation: 66.7; data quality: 65.7. Main caution: role and availability context: 35.0; projection strength: 36.6.,usage foundation: 66.7,role and availability context: 35.0
,C.Stroud,HOU,KC,QB,passing,,,16.362330570537495,2.1448493175932333,12.761374119982774,9.164585799462245,,48.35,WATCH,WATCHLIST,36.57,66.67,50.07,,,35,55,65.7,WATCH at 48.4. Main support: usage foundation: 66.7; data quality: 65.7. Main caution: role and availability context: 35.0; projection strength: 36.6.,usage foundation: 66.7,role and availability context: 35.0
,R.Dwelley,ATL,,TE,receiving,1.3146507717673233,11.681769104623044,,,,,,48.34,WATCH,WATCHLIST,36.56,66.67,50.07,,,35,55,65.7,WATCH at 48.3. Main support: usage foundation: 66.7; data quality: 65.7. Main caution: role and availability context: 35.0; projection strength: 36.6.,usage foundation: 66.7,role and availability context: 35.0
,D.Young,SEA,,WR,receiving,0.9072816783436298,13.54598901870379,,,,,,48.2,WATCH,WATCHLIST,36.23,66.67,50.07,,,35,55,65.7,WATCH at 48.2. Main support: usage foundation: 66.7; data quality: 65.7. Main caution: role and availability context: 35.0; projection strength: 36.2.,usage foundation: 66.7,role and availability context: 35.0
,S.McKeon,DAL,,TE,receiving,1.1220223043639015,13.491321581489872,,,,,,48.06,WATCH,WATCHLIST,35.9,66.67,50.07,,,35,55,65.7,WATCH at 48.1. Main support: usage foundation: 66.7; data quality: 65.7. Main caution: role and availability context: 35.0; projection strength: 35.9.,usage foundation: 66.7,role and availability context: 35.0
,D.Daniels,DET,,TE,receiving,1.1190646664737949,13.455758612962564,,,,,,47.99,WATCH,WATCHLIST,35.74,66.67,50.07,,,35,55,65.7,WATCH at 48.0. Main support: usage foundation: 66.7; data quality: 65.7. Main caution: role and availability context: 35.0; projection strength: 35.7.,usage foundation: 66.7,role and availability context: 35.0
,B.Rypien,LA,GB,QB,rushing,,,15.01278957691241,1.0641468302467862,,,,47.86,WATCH,WATCHLIST,35.45,66.67,50.07,,,35,55,65.7,WATCH at 47.9. Main support: usage foundation: 66.7; data quality: 65.7. Main caution: role and availability context: 35.0; projection strength: 35.5.,usage foundation: 66.7,role and availability context: 35.0
,J.Tonges,SF,,TE,receiving,1.2235107020113491,13.418032516411223,,,,,,47.84,WATCH,WATCHLIST,35.41,66.67,50.07,,,35,55,65.7,WATCH at 47.8. Main support: usage foundation: 66.7; data quality: 65.7. Main caution: role and availability context: 35.0; projection strength: 35.4.,usage foundation: 66.7,role and availability context: 35.0
,I.Charles,NYJ,,WR,receiving,0.984497140330322,13.406366898761744,,,,,,47.77,WATCH,WATCHLIST,35.25,66.67,50.07,,,35,55,65.7,WATCH at 47.8. Main support: usage foundation: 66.7; data quality: 65.7. Main caution: role and availability context: 35.0; projection strength: 35.2.,usage foundation: 66.7,role and availability context: 35.0
,J.Love,GB,PHI,QB,rushing,,,9.339218474291508,1.1015534279375825,12.973667516081331,9.278482773455758,,47.72,WATCH,WATCHLIST,35.14,66.67,50.07,,,35,55,65.7,WATCH at 47.7. Main support: usage foundation: 66.7; data quality: 65.7. Main caution: role and availability context: 35.0; projection strength: 35.1.,usage foundation: 66.7,role and availability context: 35.0
,J.Love,GB,PHI,QB,passing,,,9.339218474291508,1.1015534279375825,12.973667516081331,9.278482773455758,,47.72,WATCH,WATCHLIST,35.14,66.67,50.07,,,35,55,65.7,WATCH at 47.7. Main support: usage foundation: 66.7; data quality: 65.7. Main caution: role and availability context: 35.0; projection strength: 35.1.,usage foundation: 66.7,role and availability context: 35.0
00-0035282,E.Stick,LAC,KC,QB,passing,,,,,,,105.59012154107168,47.68,WATCH,WATCHLIST,11.11,33.33,99.74,96.3,64.0,35,55,87.75,WATCH at 47.7. Main support: recent form: 99.7; opponent defense fit: 96.3. Main caution: projection strength: 11.1; usage foundation: 33.3.,recent form: 99.7,projection strength: 11.1
,G.Ricci,CAR,,TE,receiving,1.2890495488276832,13.010312246404853,,,,,,47.66,WATCH,WATCHLIST,35.0,66.67,50.07,,,35,55,65.7,WATCH at 47.7. Main support: usage foundation: 66.7; data quality: 65.7. Main caution: projection strength: 35.0; role and availability context: 35.0.,usage foundation: 66.7,projection strength: 35.0
,A.Firkser,KC,,TE,receiving,1.1628302679747866,13.388746946892384,,,,,,47.63,WATCH,WATCHLIST,34.92,66.67,50.07,,,35,55,65.7,WATCH at 47.6. Main support: usage foundation: 66.7; data quality: 65.7. Main caution: projection strength: 34.9; role and availability context: 35.0.,usage foundation: 66.7,projection strength: 34.9
,S.Vaki,DET,,RB,receiving,1.0665922798586351,13.363990130814663,7.43398890810408,1.3003127195844009,,,,47.48,WATCH,WATCHLIST,34.59,66.67,50.07,,,35,55,65.7,WATCH at 47.5. Main support: usage foundation: 66.7; data quality: 65.7. Main caution: projection strength: 34.6; role and availability context: 35.0.,usage foundation: 66.7,projection strength: 34.6
,S.Vaki,DET,,RB,rushing,1.0665922798586351,13.363990130814663,7.43398890810408,1.3003127195844009,,,,47.48,WATCH,WATCHLIST,34.59,66.67,50.07,,,35,55,65.7,WATCH at 47.5. Main support: usage foundation: 66.7; data quality: 65.7. Main caution: projection strength: 34.6; role and availability context: 35.0.,usage foundation: 66.7,projection strength: 34.6
,M.Boone,CAR,,RB,receiving,0.6582554438932624,,14.788460833498208,2.0941031712211866,,,,47.41,WATCH,WATCHLIST,34.43,66.67,50.07,,,35,55,65.7,WATCH at 47.4. Main support: usage foundation: 66.7; data quality: 65.7. Main caution: projection strength: 34.4; role and availability context: 35.0.,usage foundation: 66.7,projection strength: 34.4
,M.Boone,CAR,,RB,rushing,0.6582554438932624,,14.788460833498208,2.0941031712211866,,,,47.41,WATCH,WATCHLIST,34.43,66.67,50.07,,,35,55,65.7,WATCH at 47.4. Main support: usage foundation: 66.7; data quality: 65.7. Main caution: projection strength: 34.4; role and availability context: 35.0.,usage foundation: 66.7,projection strength: 34.4
,G.Everett,CHI,,TE,receiving,1.27263564583197,10.690945897027367,,,,,,47.39,WATCH,WATCHLIST,34.38,66.67,50.07,,,35,55,65.7,WATCH at 47.4. Main support: usage foundation: 66.7; data quality: 65.7. Main caution: projection strength: 34.4; role and availability context: 35.0.,usage foundation: 66.7,projection strength: 34.4
,J.Bell,NE,,TE,receiving,1.117595040209416,13.305436962400124,,,,,,47.27,WATCH,WATCHLIST,34.1,66.67,50.07,,,35,55,65.7,WATCH at 47.3. Main support: usage foundation: 66.7; data quality: 65.7. Main caution: projection strength: 34.1; role and availability context: 35.0.,usage foundation: 66.7,projection strength: 34.1
,K.Rader,TEN,,TE,receiving,1.2634506550755011,12.722312332981396,,,,,,47.12,WATCH,WATCHLIST,33.75,66.67,50.07,,,35,55,65.7,WATCH at 47.1. Main support: usage foundation: 66.7; data quality: 65.7. Main caution: projection strength: 33.8; role and availability context: 35.0.,usage foundation: 66.7,projection strength: 33.8
,T.McKitty,LAC,,TE,receiving,1.1041438042541445,13.276348498123063,,,,,,47.09,WATCH,WATCHLIST,33.69,66.67,50.07,,,35,55,65.7,WATCH at 47.1. Main support: usage foundation: 66.7; data quality: 65.7. Main caution: projection strength: 33.7; role and availability context: 35.0.,usage foundation: 66.7,projection strength: 33.7
,S.Anderson,LAC,,TE,receiving,1.1041438042541445,13.276348498123063,,,,,,47.09,WATCH,WATCHLIST,33.69,66.67,50.07,,,35,55,65.7,WATCH at 47.1. Main support: usage foundation: 66.7; data quality: 65.7. Main caution: projection strength: 33.7; role and availability context: 35.0.,usage foundation: 66.7,projection strength: 33.7
,J.Hill,MIA,,TE,receiving,1.243682567992342,13.178401709999118,,,,,,46.91,WATCH,WATCHLIST,33.28,66.67,50.07,,,35,55,65.7,WATCH at 46.9. Main support: usage foundation: 66.7; data quality: 65.7. Main caution: projection strength: 33.3; role and availability context: 35.0.,usage foundation: 66.7,projection strength: 33.3
,D.Ogunbowale,HOU,,RB,receiving,1.008681049982984,10.7626962714066,13.169481011060968,2.058076986235672,,,,46.87,WATCH,WATCHLIST,33.2,66.67,50.07,,,35,55,65.7,WATCH at 46.9. Main support: usage foundation: 66.7; data quality: 65.7. Main caution: projection strength: 33.2; role and availability context: 35.0.,usage foundation: 66.7,projection strength: 33.2
,D.Ogunbowale,HOU,,RB,rushing,1.008681049982984,10.7626962714066,13.169481011060968,2.058076986235672,,,,46.87,WATCH,WATCHLIST,33.2,66.67,50.07,,,35,55,65.7,WATCH at 46.9. Main support: usage foundation: 66.7; data quality: 65.7. Main caution: projection strength: 33.2; role and availability context: 35.0.,usage foundation: 66.7,projection strength: 33.2
,C.Woerner,ATL,,TE,receiving,1.2413778962719717,11.864366283926447,,,,,,46.84,WATCH,WATCHLIST,33.12,66.67,50.07,,,35,55,65.7,WATCH at 46.8. Main support: usage foundation: 66.7; data quality: 65.7. Main caution: projection strength: 33.1; role and availability context: 35.0.,usage foundation: 66.7,projection strength: 33.1
,B.Spann-Ford,DAL,,TE,receiving,1.225469100140007,13.115667044611602,,,,,,46.62,WATCH,WATCHLIST,32.62,66.67,50.07,,,35,55,65.7,WATCH at 46.6. Main support: usage foundation: 66.7; data quality: 65.7. Main caution: projection strength: 32.6; role and availability context: 35.0.,usage foundation: 66.7,projection strength: 32.6
,E.Tomlinson,LAC,,TE,receiving,1.2009423009484774,9.213725356707997,,,,,,46.43,WATCH,WATCHLIST,32.19,66.67,50.07,,,35,55,65.7,WATCH at 46.4. Main support: usage foundation: 66.7; data quality: 65.7. Main caution: projection strength: 32.2; role and availability context: 35.0.,usage foundation: 66.7,projection strength: 32.2
,T.Siemian,NYJ,NE,QB,rushing,,,13.699084573303372,1.4378639600415617,,,,46.39,WATCH,WATCHLIST,32.09,66.67,50.07,,,35,55,65.7,WATCH at 46.4. Main support: usage foundation: 66.7; data quality: 65.7. Main caution: projection strength: 32.1; role and availability context: 35.0.,usage foundation: 66.7,projection strength: 32.1
,H.Luepke,DAL,,RB,receiving,0.8090775578755778,8.092749362680726,9.19345898028048,2.0160150385889133,,,,46.34,WATCH,WATCHLIST,31.97,66.67,50.07,,,35,55,65.7,WATCH at 46.3. Main support: usage foundation: 66.7; data quality: 65.7. Main caution: projection strength: 32.0; role and availability context: 35.0.,usage foundation: 66.7,projection strength: 32.0
,H.Luepke,DAL,,RB,rushing,0.8090775578755778,8.092749362680726,9.19345898028048,2.0160150385889133,,,,46.34,WATCH,WATCHLIST,31.97,66.67,50.07,,,35,55,65.7,WATCH at 46.3. Main support: usage foundation: 66.7; data quality: 65.7. Main caution: projection strength: 32.0; role and availability context: 35.0.,usage foundation: 66.7,projection strength: 32.0
,D.Smythe,MIA,,TE,receiving,1.19657236229192,11.389240559582984,,,,,,46.29,WATCH,WATCHLIST,31.87,66.67,50.07,,,35,55,65.7,WATCH at 46.3. Main support: usage foundation: 66.7; data quality: 65.7. Main caution: projection strength: 31.9; role and availability context: 35.0.,usage foundation: 66.7,projection strength: 31.9
,S.Perine,KC,,RB,receiving,0.8296394550123695,9.661986806160536,13.649020723219246,,,,,46.23,WATCH,WATCHLIST,31.72,66.67,50.07,,,35,55,65.7,WATCH at 46.2. Main support: usage foundation: 66.7; data quality: 65.7. Main caution: projection strength: 31.7; role and availability context: 35.0.,usage foundation: 66.7,projection strength: 31.7
,S.Perine,KC,,RB,rushing,0.8296394550123695,9.661986806160536,13.649020723219246,,,,,46.23,WATCH,WATCHLIST,31.72,66.67,50.07,,,35,55,65.7,WATCH at 46.2. Main support: usage foundation: 66.7; data quality: 65.7. Main caution: projection strength: 31.7; role and availability context: 35.0.,usage foundation: 66.7,projection strength: 31.7
,C.Yankoff,WAS,,TE,receiving,1.1862085464622223,13.008946159203566,,,,,,46.19,WATCH,WATCHLIST,31.64,66.67,50.07,,,35,55,65.7,WATCH at 46.2. Main support: usage foundation: 66.7; data quality: 65.7. Main caution: projection strength: 31.6; role and availability context: 35.0.,usage foundation: 66.7,projection strength: 31.6
,N.Peterman,CHI,LV,QB,rushing,,,8.981171036131135,2.015798072201765,,,,46.16,WATCH,WATCHLIST,31.56,66.67,50.07,,,35,55,65.7,WATCH at 46.2. Main support: usage foundation: 66.7; data quality: 65.7. Main caution: projection strength: 31.6; role and availability context: 35.0.,usage foundation: 66.7,projection strength: 31.6
,J.Shorter,LV,,TE,receiving,1.1638272531327467,12.76349434487897,,,,,,45.69,WATCH,WATCHLIST,30.49,66.67,50.07,,,35,55,65.7,WATCH at 45.7. Main support: usage foundation: 66.7; data quality: 65.7. Main caution: projection strength: 30.5; role and availability context: 35.0.,usage foundation: 66.7,projection strength: 30.5
,J.Baker,NE,,WR,receiving,0.9602373082047828,12.665852582917802,,,,,,45.47,WATCH,WATCHLIST,30.0,66.67,50.07,,,35,55,65.7,WATCH at 45.5. Main support: usage foundation: 66.7; data quality: 65.7. Main caution: projection strength: 30.0; role and availability context: 35.0.,usage foundation: 66.7,projection strength: 30.0
,J.Garoppolo,LA,SEA,QB,rushing,,,7.974800472711141,,12.178981488484546,8.930342185918917,,45.36,WATCH,WATCHLIST,29.73,66.67,50.07,,,35,55,65.7,WATCH at 45.4. Main support: usage foundation: 66.7; data quality: 65.7. Main caution: projection strength: 29.7; role and availability context: 35.0.,usage foundation: 66.7,projection strength: 29.7
,J.Garoppolo,LA,SEA,QB,passing,,,7.974800472711141,,12.178981488484546,8.930342185918917,,45.36,WATCH,WATCHLIST,29.73,66.67,50.07,,,35,55,65.7,WATCH at 45.4. Main support: usage foundation: 66.7; data quality: 65.7. Main caution: projection strength: 29.7; role and availability context: 35.0.,usage foundation: 66.7,projection strength: 29.7
,C.Rush,DAL,PHI,QB,rushing,,,4.792613401165459,1.9560250751705008,,,,45.26,WATCH,WATCHLIST,29.51,66.67,50.07,,,35,55,65.7,WATCH at 45.3. Main support: usage foundation: 66.7; data quality: 65.7. Main caution: projection strength: 29.5; role and availability context: 35.0.,usage foundation: 66.7,projection strength: 29.5
,D.Dallas,ARI,,RB,receiving,1.1404103269315276,6.80158586781735,11.465183717545557,1.221582329242359,,,,45.2,WATCH,WATCHLIST,29.38,66.67,50.07,,,35,55,65.7,WATCH at 45.2. Main support: usage foundation: 66.7; data quality: 65.7. Main caution: projection strength: 29.4; role and availability context: 35.0.,usage foundation: 66.7,projection strength: 29.4
,D.Dallas,ARI,,RB,rushing,1.1404103269315276,6.80158586781735,11.465183717545557,1.221582329242359,,,,45.2,WATCH,WATCHLIST,29.38,66.67,50.07,,,35,55,65.7,WATCH at 45.2. Main support: usage foundation: 66.7; data quality: 65.7. Main caution: projection strength: 29.4; role and availability context: 35.0.,usage foundation: 66.7,projection strength: 29.4
,K.Kieft,TB,,TE,receiving,1.1305224733363557,11.4103064487012,,,,,,45.06,WATCH,WATCHLIST,29.06,66.67,50.07,,,35,55,65.7,WATCH at 45.1. Main support: usage foundation: 66.7; data quality: 65.7. Main caution: projection strength: 29.1; role and availability context: 35.0.,usage foundation: 66.7,projection strength: 29.1
,G.Dulcich,NYG,,TE,receiving,1.1303592153216675,9.903640699618869,,,,,,45.0,WATCH,WATCHLIST,28.91,66.67,50.07,,,35,55,65.7,WATCH at 45.0. Main support: usage foundation: 66.7; data quality: 65.7. Main caution: projection strength: 28.9; role and availability context: 35.0.,usage foundation: 66.7,projection strength: 28.9
,P.Walker,CLE,DEN,QB,rushing,,,13.017990952825905,1.2350776020053815,,,,44.92,WATCH,WATCHLIST,28.73,66.67,50.07,,,35,55,65.7,WATCH at 44.9. Main support: usage foundation: 66.7; data quality: 65.7. Main caution: projection strength: 28.7; role and availability context: 35.0.,usage foundation: 66.7,projection strength: 28.7
,B.Bell,KC,,TE,receiving,1.1041187575057605,11.980578603665384,,,,,,44.83,WATCH,WATCHLIST,28.52,66.67,50.07,,,35,55,65.7,WATCH at 44.8. Main support: usage foundation: 66.7; data quality: 65.7. Main caution: projection strength: 28.5; role and availability context: 35.0.,usage foundation: 66.7,projection strength: 28.5
,P.Fant,DAL,,TE,receiving,0.9847769064969396,11.84106757940706,,,,,,44.61,WATCH,WATCHLIST,28.03,66.67,50.07,,,35,55,65.7,WATCH at 44.6. Main support: usage foundation: 66.7; data quality: 65.7. Main caution: projection strength: 28.0; role and availability context: 35.0.,usage foundation: 66.7,projection strength: 28.0
,R.Blackshear,CAR,,RB,receiving,0.6847540420322142,5.288637050429644,12.887296454764304,1.5837626567145302,,,,44.59,WATCH,WATCHLIST,27.99,66.67,50.07,,,35,55,65.7,WATCH at 44.6. Main support: usage foundation: 66.7; data quality: 65.7. Main caution: projection strength: 28.0; role and availability context: 35.0.,usage foundation: 66.7,projection strength: 28.0
,R.Blackshear,CAR,,RB,rushing,0.6847540420322142,5.288637050429644,12.887296454764304,1.5837626567145302,,,,44.59,WATCH,WATCHLIST,27.99,66.67,50.07,,,35,55,65.7,WATCH at 44.6. Main support: usage foundation: 66.7; data quality: 65.7. Main caution: projection strength: 28.0; role and availability context: 35.0.,usage foundation: 66.7,projection strength: 28.0
,T.Homer,CHI,,RB,receiving,1.1202713831122648,6.5635567040162295,9.741434638102126,1.5427772974799692,,,,44.59,WATCH,WATCHLIST,27.97,66.67,50.07,,,35,55,65.7,WATCH at 44.6. Main support: usage foundation: 66.7; data quality: 65.7. Main caution: projection strength: 28.0; role and availability context: 35.0.,usage foundation: 66.7,projection strength: 28.0
,T.Homer,CHI,,RB,rushing,1.1202713831122648,6.5635567040162295,9.741434638102126,1.5427772974799692,,,,44.59,WATCH,WATCHLIST,27.97,66.67,50.07,,,35,55,65.7,WATCH at 44.6. Main support: usage foundation: 66.7; data quality: 65.7. Main caution: projection strength: 28.0; role and availability context: 35.0.,usage foundation: 66.7,projection strength: 28.0
,W.Mallory,IND,,TE,receiving,1.1153204163603736,11.836084024885524,,,,,,44.54,WATCH,WATCHLIST,27.87,66.67,50.07,,,35,55,65.7,WATCH at 44.5. Main support: usage foundation: 66.7; data quality: 65.7. Main caution: projection strength: 27.9; role and availability context: 35.0.,usage foundation: 66.7,projection strength: 27.9
,V.Jones,CAR,,RB,receiving,0.8890065889957848,7.668450235812672,12.726009956058732,1.6870420832685928,,,,44.43,WATCH,WATCHLIST,27.61,66.67,50.07,,,35,55,65.7,WATCH at 44.4. Main support: usage foundation: 66.7; data quality: 65.7. Main caution: projection strength: 27.6; role and availability context: 35.0.,usage foundation: 66.7,projection strength: 27.6
,V.Jones,CAR,,RB,rushing,0.8890065889957848,7.668450235812672,12.726009956058732,1.6870420832685928,,,,44.43,WATCH,WATCHLIST,27.61,66.67,50.07,,,35,55,65.7,WATCH at 44.4. Main support: usage foundation: 66.7; data quality: 65.7. Main caution: projection strength: 27.6; role and availability context: 35.0.,usage foundation: 66.7,projection strength: 27.6
,K.Cousins,ATL,LV,QB,rushing,,,3.708418386580248,1.9015397599201205,11.077121747974113,8.274204114767143,,44.36,WATCH,WATCHLIST,27.46,66.67,50.07,,,35,55,65.7,WATCH at 44.4. Main support: usage foundation: 66.7; data quality: 65.7. Main caution: projection strength: 27.5; role and availability context: 35.0.,usage foundation: 66.7,projection strength: 27.5
,K.Cousins,ATL,LV,QB,passing,,,3.708418386580248,1.9015397599201205,11.077121747974113,8.274204114767143,,44.36,WATCH,WATCHLIST,27.46,66.67,50.07,,,35,55,65.7,WATCH at 44.4. Main support: usage foundation: 66.7; data quality: 65.7. Main caution: projection strength: 27.5; role and availability context: 35.0.,usage foundation: 66.7,projection strength: 27.5
,S.Howell,SEA,GB,QB,rushing,,,7.767521869280041,1.242952562077087,11.929416746769109,,,44.18,WATCH,WATCHLIST,27.03,66.67,50.07,,,35,55,65.7,WATCH at 44.2. Main support: usage foundation: 66.7; data quality: 65.7. Main caution: projection strength: 27.0; role and availability context: 35.0.,usage foundation: 66.7,projection strength: 27.0
,S.Howell,SEA,GB,QB,passing,,,7.767521869280041,1.242952562077087,11.929416746769109,,,44.18,WATCH,WATCHLIST,27.03,66.67,50.07,,,35,55,65.7,WATCH at 44.2. Main support: usage foundation: 66.7; data quality: 65.7. Main caution: projection strength: 27.0; role and availability context: 35.0.,usage foundation: 66.7,projection strength: 27.0
,J.Ward,PIT,,RB,receiving,0.7683881235017976,5.906675700065159,12.589182458702355,1.4879315253257377,,,,44.1,WATCH,WATCHLIST,26.87,66.67,50.07,,,35,55,65.7,WATCH at 44.1. Main support: usage foundation: 66.7; data quality: 65.7. Main caution: projection strength: 26.9; role and availability context: 35.0.,usage foundation: 66.7,projection strength: 26.9
,J.Ward,PIT,,RB,rushing,0.7683881235017976,5.906675700065159,12.589182458702355,1.4879315253257377,,,,44.1,WATCH,WATCHLIST,26.87,66.67,50.07,,,35,55,65.7,WATCH at 44.1. Main support: usage foundation: 66.7; data quality: 65.7. Main caution: projection strength: 26.9; role and availability context: 35.0.,usage foundation: 66.7,projection strength: 26.9
,J.Polk,NE,,WR,receiving,1.0656433171214468,11.515251932793852,,,,,,44.04,WATCH,WATCHLIST,26.72,66.67,50.07,,,35,55,65.7,WATCH at 44.0. Main support: usage foundation: 66.7; data quality: 65.7. Main caution: projection strength: 26.7; role and availability context: 35.0.,usage foundation: 66.7,projection strength: 26.7
,C.Keenum,HOU,CLE,QB,rushing,,,10.100559406369287,1.8683853797183605,11.428180697926086,8.285709752365083,,44.0,WATCH,WATCHLIST,26.64,66.67,50.07,,,35,55,65.7,WATCH at 44.0. Main support: usage foundation: 66.7; data quality: 65.7. Main caution: projection strength: 26.6; role and availability context: 35.0.,usage foundation: 66.7,projection strength: 26.6
,C.Keenum,HOU,CLE,QB,passing,,,10.100559406369287,1.8683853797183605,11.428180697926086,8.285709752365083,,44.0,WATCH,WATCHLIST,26.64,66.67,50.07,,,35,55,65.7,WATCH at 44.0. Main support: usage foundation: 66.7; data quality: 65.7. Main caution: projection strength: 26.6; role and availability context: 35.0.,usage foundation: 66.7,projection strength: 26.6
,H.Pearson,GB,,TE,receiving,0.9549351820576384,11.482247349728055,,,,,,43.97,WATCH,WATCHLIST,26.56,66.67,50.07,,,35,55,65.7,WATCH at 44.0. Main support: usage foundation: 66.7; data quality: 65.7. Main caution: projection strength: 26.6; role and availability context: 35.0.,usage foundation: 66.7,projection strength: 26.6
00-0031345,J.Garoppolo,LA,SEA,QB,passing,,,,,,,105.66598443950376,43.96,WATCH,WATCHLIST,14.81,33.33,97.38,74.07,,35,55,79.0,WATCH at 44.0. Main support: recent form: 97.4; data quality: 79.0. Main caution: projection strength: 14.8; usage foundation: 33.3.,recent form: 97.4,projection strength: 14.8
,K.Toney,CLE,,WR,receiving,0.8535773597225488,11.460660966068858,,,,,,43.89,WATCH,WATCHLIST,26.39,66.67,50.07,,,35,55,65.7,WATCH at 43.9. Main support: usage foundation: 66.7; data quality: 65.7. Main caution: projection strength: 26.4; role and availability context: 35.0.,usage foundation: 66.7,projection strength: 26.4
00-0039376,S.Rattler,NO,TB,QB,passing,,,,,,,104.57082929306334,43.83,WATCH,WATCHLIST,7.41,33.33,99.08,96.3,,35,55,79.0,WATCH at 43.8. Main support: recent form: 99.1; opponent defense fit: 96.3. Main caution: projection strength: 7.4; usage foundation: 33.3.,recent form: 99.1,projection strength: 7.4
,C.Schrader,LA,,RB,receiving,1.0797183929234473,8.265093952956995,8.065165103276732,,,,,43.76,WATCH,WATCHLIST,26.09,66.67,50.07,,,35,55,65.7,WATCH at 43.8. Main support: usage foundation: 66.7; data quality: 65.7. Main caution: projection strength: 26.1; role and availability context: 35.0.,usage foundation: 66.7,projection strength: 26.1
,C.Schrader,LA,,RB,rushing,1.0797183929234473,8.265093952956995,8.065165103276732,,,,,43.76,WATCH,WATCHLIST,26.09,66.67,50.07,,,35,55,65.7,WATCH at 43.8. Main support: usage foundation: 66.7; data quality: 65.7. Main caution: projection strength: 26.1; role and availability context: 35.0.,usage foundation: 66.7,projection strength: 26.1
,G.Brightwell,CLE,,RB,receiving,1.0673871240044377,9.784919353961408,9.013166343774513,,,,,43.49,WATCH,WATCHLIST,25.47,66.67,50.07,,,35,55,65.7,WATCH at 43.5. Main support: usage foundation: 66.7; data quality: 65.7. Main caution: projection strength: 25.5; role and availability context: 35.0.,usage foundation: 66.7,projection strength: 25.5
,G.Brightwell,CLE,,RB,rushing,1.0673871240044377,9.784919353961408,9.013166343774513,,,,,43.49,WATCH,WATCHLIST,25.47,66.67,50.07,,,35,55,65.7,WATCH at 43.5. Main support: usage foundation: 66.7; data quality: 65.7. Main caution: projection strength: 25.5; role and availability context: 35.0.,usage foundation: 66.7,projection strength: 25.5
,J.Stidham,DEN,KC,QB,rushing,,,6.303711181793814,1.823218498205367,,,,43.47,WATCH,WATCHLIST,25.41,66.67,50.07,,,35,55,65.7,WATCH at 43.5. Main support: usage foundation: 66.7; data quality: 65.7. Main caution: projection strength: 25.4; role and availability context: 35.0.,usage foundation: 66.7,projection strength: 25.4
,C.Uzomah,PHI,,TE,receiving,0.9925806101575922,11.252199454704485,,,,,,43.47,WATCH,WATCHLIST,25.41,66.67,50.07,,,35,55,65.7,WATCH at 43.5. Main support: usage foundation: 66.7; data quality: 65.7. Main caution: projection strength: 25.4; role and availability context: 35.0.,usage foundation: 66.7,projection strength: 25.4
,J.Hasty,NE,,RB,receiving,0.8279333324144181,6.273988514346153,11.966820141028144,1.5686649302754083,,,,43.45,WATCH,WATCHLIST,25.37,66.67,50.07,,,35,55,65.7,WATCH at 43.5. Main support: usage foundation: 66.7; data quality: 65.7. Main caution: projection strength: 25.4; role and availability context: 35.0.,usage foundation: 66.7,projection strength: 25.4
,J.Hasty,NE,,RB,rushing,0.8279333324144181,6.273988514346153,11.966820141028144,1.5686649302754083,,,,43.45,WATCH,WATCHLIST,25.37,66.67,50.07,,,35,55,65.7,WATCH at 43.5. Main support: usage foundation: 66.7; data quality: 65.7. Main caution: projection strength: 25.4; role and availability context: 35.0.,usage foundation: 66.7,projection strength: 25.4
,A.Shampklin,PIT,,RB,receiving,0.7683881235017976,5.906675700065159,11.642992921564256,1.7680937225018047,,,,43.29,WATCH,WATCHLIST,25.0,66.67,50.07,,,35,55,65.7,WATCH at 43.3. Main support: usage foundation: 66.7; data quality: 65.7. Main caution: projection strength: 25.0; role and availability context: 35.0.,usage foundation: 66.7,projection strength: 25.0
,A.Shampklin,PIT,,RB,rushing,0.7683881235017976,5.906675700065159,11.642992921564256,1.7680937225018047,,,,43.29,WATCH,WATCHLIST,25.0,66.67,50.07,,,35,55,65.7,WATCH at 43.3. Main support: usage foundation: 66.7; data quality: 65.7. Main caution: projection strength: 25.0; role and availability context: 35.0.,usage foundation: 66.7,projection strength: 25.0
,Q.Morris,BUF,,TE,receiving,1.062719654803851,10.778874105863569,,,,,,43.22,WATCH,WATCHLIST,24.84,66.67,50.07,,,35,55,65.7,WATCH at 43.2. Main support: usage foundation: 66.7; data quality: 65.7. Main caution: projection strength: 24.8; role and availability context: 35.0.,usage foundation: 66.7,projection strength: 24.8
,P.Hesse,ATL,,TE,receiving,0.917633026508512,11.033722062629304,,,,,,43.18,WATCH,WATCHLIST,24.75,66.67,50.07,,,35,55,65.7,WATCH at 43.2. Main support: usage foundation: 66.7; data quality: 65.7. Main caution: projection strength: 24.8; role and availability context: 35.0.,usage foundation: 66.7,projection strength: 24.8
,D.Allen,LA,,TE,receiving,1.059785057909094,10.966884752814137,,,,,,43.15,WATCH,WATCHLIST,24.69,66.67,50.07,,,35,55,65.7,WATCH at 43.1. Main support: usage foundation: 66.7; data quality: 65.7. Main caution: projection strength: 24.7; role and availability context: 35.0.,usage foundation: 66.7,projection strength: 24.7
,T.McKee,PHI,NYG,QB,rushing,,,4.215764034082412,1.7545112325312144,,,,43.11,WATCH,WATCHLIST,24.59,66.67,50.07,,,35,55,65.7,WATCH at 43.1. Main support: usage foundation: 66.7; data quality: 65.7. Main caution: projection strength: 24.6; role and availability context: 35.0.,usage foundation: 66.7,projection strength: 24.6
,J.Ross,KC,,WR,receiving,0.7840718507623127,11.005421310205971,,,,,,43.11,WATCH,WATCHLIST,24.59,66.67,50.07,,,35,55,65.7,WATCH at 43.1. Main support: usage foundation: 66.7; data quality: 65.7. Main caution: projection strength: 24.6; role and availability context: 35.0.,usage foundation: 66.7,projection strength: 24.6
,E.Gray,NYG,,RB,receiving,1.056601911103337,9.451922244034224,8.44380544521943,1.0566776849138255,,,,43.08,WATCH,WATCHLIST,24.53,66.67,50.07,,,35,55,65.7,WATCH at 43.1. Main support: usage foundation: 66.7; data quality: 65.7. Main caution: projection strength: 24.5; role and availability context: 35.0.,usage foundation: 66.7,projection strength: 24.5
,E.Gray,NYG,,RB,rushing,1.056601911103337,9.451922244034224,8.44380544521943,1.0566776849138255,,,,43.08,WATCH,WATCHLIST,24.53,66.67,50.07,,,35,55,65.7,WATCH at 43.1. Main support: usage foundation: 66.7; data quality: 65.7. Main caution: projection strength: 24.5; role and availability context: 35.0.,usage foundation: 66.7,projection strength: 24.5
,F.Franks,CAR,,TE,receiving,0.8182892310969417,11.001747078161,,,,,,43.04,WATCH,WATCHLIST,24.43,66.67,50.07,,,35,55,65.7,WATCH at 43.0. Main support: usage foundation: 66.7; data quality: 65.7. Main caution: projection strength: 24.4; role and availability context: 35.0.,usage foundation: 66.7,projection strength: 24.4
,T.Taylor,NYJ,BUF,QB,rushing,,,11.551243676962333,1.1222806561140275,,,,42.96,WATCH,WATCHLIST,24.25,66.67,50.07,,,35,55,65.7,WATCH at 43.0. Main support: usage foundation: 66.7; data quality: 65.7. Main caution: projection strength: 24.2; role and availability context: 35.0.,usage foundation: 66.7,projection strength: 24.2
,M.Trubisky,BUF,DEN,QB,rushing,,,5.014100278626506,1.7463896729161716,,,,42.93,WATCH,WATCHLIST,24.18,66.67,50.07,,,35,55,65.7,WATCH at 42.9. Main support: usage foundation: 66.7; data quality: 65.7. Main caution: projection strength: 24.2; role and availability context: 35.0.,usage foundation: 66.7,projection strength: 24.2
,A.Armah,WAS,,RB,receiving,1.0353764553738332,8.249083115044716,,,,,,42.88,WATCH,WATCHLIST,24.06,66.67,50.07,,,35,55,65.7,WATCH at 42.9. Main support: usage foundation: 66.7; data quality: 65.7. Main caution: projection strength: 24.1; role and availability context: 35.0.,usage foundation: 66.7,projection strength: 24.1
,K.Ingram,KC,,RB,receiving,0.8101755471723389,6.087319031029587,11.465418828003267,,,,,42.8,WATCH,WATCHLIST,23.88,66.67,50.07,,,35,55,65.7,WATCH at 42.8. Main support: usage foundation: 66.7; data quality: 65.7. Main caution: projection strength: 23.9; role and availability context: 35.0.,usage foundation: 66.7,projection strength: 23.9
,K.Ingram,KC,,RB,rushing,0.8101755471723389,6.087319031029587,11.465418828003267,,,,,42.8,WATCH,WATCHLIST,23.88,66.67,50.07,,,35,55,65.7,WATCH at 42.8. Main support: usage foundation: 66.7; data quality: 65.7. Main caution: projection strength: 23.9; role and availability context: 35.0.,usage foundation: 66.7,projection strength: 23.9
,M.Penix,ATL,CAR,QB,rushing,,,5.04978096615405,1.729238008616698,,,,42.75,WATCH,WATCHLIST,23.77,66.67,50.07,,,35,55,65.7,WATCH at 42.8. Main support: usage foundation: 66.7; data quality: 65.7. Main caution: projection strength: 23.8; role and availability context: 35.0.,usage foundation: 66.7,projection strength: 23.8
,D.Martin-Robinson,TEN,,TE,receiving,1.023031040048654,9.029913302181264,,,,,,42.6,WATCH,WATCHLIST,23.44,66.67,50.07,,,35,55,65.7,WATCH at 42.6. Main support: usage foundation: 66.7; data quality: 65.7. Main caution: projection strength: 23.4; role and availability context: 35.0.,usage foundation: 66.7,projection strength: 23.4
,K.Vaughn,SF,,RB,receiving,0.909902061688486,6.531092218080343,11.179192870598076,1.4166892368296995,,,,42.47,WATCH,WATCHLIST,23.13,66.67,50.07,,,35,55,65.7,WATCH at 42.5. Main support: usage foundation: 66.7; data quality: 65.7. Main caution: projection strength: 23.1; role and availability context: 35.0.,usage foundation: 66.7,projection strength: 23.1
,K.Vaughn,SF,,RB,rushing,0.909902061688486,6.531092218080343,11.179192870598076,1.4166892368296995,,,,42.47,WATCH,WATCHLIST,23.13,66.67,50.07,,,35,55,65.7,WATCH at 42.5. Main support: usage foundation: 66.7; data quality: 65.7. Main caution: projection strength: 23.1; role and availability context: 35.0.,usage foundation: 66.7,projection strength: 23.1
,J.Stoll,PHI,,TE,receiving,1.0161020513731538,8.633571555278408,,,,,,42.46,WATCH,WATCHLIST,23.12,66.67,50.07,,,35,55,65.7,WATCH at 42.5. Main support: usage foundation: 66.7; data quality: 65.7. Main caution: projection strength: 23.1; role and availability context: 35.0.,usage foundation: 66.7,projection strength: 23.1
,J.Brissett,NE,LAC,QB,rushing,,,10.809952413366377,1.2239610686672118,,,,42.14,WATCH,WATCHLIST,22.39,66.67,50.07,,,35,55,65.7,WATCH at 42.1. Main support: usage foundation: 66.7; data quality: 65.7. Main caution: projection strength: 22.4; role and availability context: 35.0.,usage foundation: 66.7,projection strength: 22.4
,X.Weaver,ARI,,WR,receiving,0.7721295548629767,10.21389195028739,,,,,,42.11,WATCH,WATCHLIST,22.3,66.67,50.07,,,35,55,65.7,WATCH at 42.1. Main support: usage foundation: 66.7; data quality: 65.7. Main caution: projection strength: 22.3; role and availability context: 35.0.,usage foundation: 66.7,projection strength: 22.3
,K.Pickett,PHI,KC,QB,rushing,,,5.47326307929968,1.6663902398696064,,,,42.03,WATCH,WATCHLIST,22.13,66.67,50.07,,,35,55,65.7,WATCH at 42.0. Main support: usage foundation: 66.7; data quality: 65.7. Main caution: projection strength: 22.1; role and availability context: 35.0.,usage foundation: 66.7,projection strength: 22.1
,J.Wayne,HOU,,WR,receiving,0.7681594214507468,10.161374191518348,,,,,,41.89,WATCH,WATCHLIST,21.8,66.67,50.07,,,35,55,65.7,WATCH at 41.9. Main support: usage foundation: 66.7; data quality: 65.7. Main caution: projection strength: 21.8; role and availability context: 35.0.,usage foundation: 66.7,projection strength: 21.8
,J.Wilson,PHI,,WR,receiving,0.9154459199116074,10.138847410210136,,,,,,41.82,WATCH,WATCHLIST,21.64,66.67,50.07,,,35,55,65.7,WATCH at 41.8. Main support: usage foundation: 66.7; data quality: 65.7. Main caution: projection strength: 21.6; role and availability context: 35.0.,usage foundation: 66.7,projection strength: 21.6
,D.Ridder,LV,LAC,QB,rushing,,,10.603026198737346,1.1547590984311962,,,,41.82,WATCH,WATCHLIST,21.64,66.67,50.07,,,35,55,65.7,WATCH at 41.8. Main support: usage foundation: 66.7; data quality: 65.7. Main caution: projection strength: 21.6; role and availability context: 35.0.,usage foundation: 66.7,projection strength: 21.6
,E.Ezukanma,MIA,,WR,receiving,0.7657592123582534,10.129623721439302,,,,,,41.75,WATCH,WATCHLIST,21.48,66.67,50.07,,,35,55,65.7,WATCH at 41.8. Main support: usage foundation: 66.7; data quality: 65.7. Main caution: projection strength: 21.5; role and availability context: 35.0.,usage foundation: 66.7,projection strength: 21.5
,Z.Davidson,BUF,,TE,receiving,0.993449754966016,8.004154080756809,,,,,,41.72,WATCH,WATCHLIST,21.41,66.67,50.07,,,35,55,65.7,WATCH at 41.7. Main support: usage foundation: 66.7; data quality: 65.7. Main caution: projection strength: 21.4; role and availability context: 35.0.,usage foundation: 66.7,projection strength: 21.4
00-0033949,J.Dobbs,SF,ARI,QB,passing,,,,,,,105.86534135519236,41.56,WATCH,WATCHLIST,18.52,33.33,99.02,37.04,,35,55,79.0,WATCH at 41.6. Main support: recent form: 99.0; data quality: 79.0. Main caution: projection strength: 18.5; usage foundation: 33.3.,recent form: 99.0,projection strength: 18.5
00-0039150,B.Young,CAR,ATL,QB,passing,,,,,,,102.4235615703754,41.38,WATCH,WATCHLIST,3.7,33.33,99.21,87.04,,35,55,79.0,WATCH at 41.4. Main support: recent form: 99.2; opponent defense fit: 87.0. Main caution: projection strength: 3.7; usage foundation: 33.3.,recent form: 99.2,projection strength: 3.7
,G.Holani,SEA,,RB,receiving,0.97562950510511,,9.974619799465607,1.6129555482024898,,,,41.33,WATCH,WATCHLIST,20.52,66.67,50.07,,,35,55,65.7,WATCH at 41.3. Main support: usage foundation: 66.7; data quality: 65.7. Main caution: projection strength: 20.5; role and availability context: 35.0.,usage foundation: 66.7,projection strength: 20.5
,G.Holani,SEA,,RB,rushing,0.97562950510511,,9.974619799465607,1.6129555482024898,,,,41.33,WATCH,WATCHLIST,20.52,66.67,50.07,,,35,55,65.7,WATCH at 41.3. Main support: usage foundation: 66.7; data quality: 65.7. Main caution: projection strength: 20.5; role and availability context: 35.0.,usage foundation: 66.7,projection strength: 20.5
,S.Clifford,GB,MIN,QB,rushing,,,9.644682259053926,1.4302093881630913,,,,41.0,WATCH,WATCHLIST,19.78,66.67,50.07,,,35,55,65.7,WATCH at 41.0. Main support: usage foundation: 66.7; data quality: 65.7. Main caution: projection strength: 19.8; role and availability context: 35.0.,usage foundation: 66.7,projection strength: 19.8
,B.Hoyer,LV,CHI,QB,rushing,,,9.389058101060666,1.3591663635499314,,,,40.84,WATCH,WATCHLIST,19.4,66.67,50.07,,,35,55,65.7,WATCH at 40.8. Main support: usage foundation: 66.7; data quality: 65.7. Main caution: projection strength: 19.4; role and availability context: 35.0.,usage foundation: 66.7,projection strength: 19.4
,A.Okwuegbunam,PHI,,TE,receiving,0.7978931071958165,9.593955891042317,,,,,,40.67,WATCH,WATCHLIST,19.02,66.67,50.07,,,35,55,65.7,WATCH at 40.7. Main support: usage foundation: 66.7; data quality: 65.7. Main caution: projection strength: 19.0; role and availability context: 35.0.,usage foundation: 66.7,projection strength: 19.0
,T.Williams,CIN,,RB,receiving,0.9392462080074868,6.837050747135228,9.31338581022101,1.27127673733842,,,,40.35,WATCH,WATCHLIST,18.28,66.67,50.07,,,35,55,65.7,WATCH at 40.4. Main support: usage foundation: 66.7; data quality: 65.7. Main caution: projection strength: 18.3; role and availability context: 35.0.,usage foundation: 66.7,projection strength: 18.3
,T.Williams,CIN,,RB,rushing,0.9392462080074868,6.837050747135228,9.31338581022101,1.27127673733842,,,,40.35,WATCH,WATCHLIST,18.28,66.67,50.07,,,35,55,65.7,WATCH at 40.4. Main support: usage foundation: 66.7; data quality: 65.7. Main caution: projection strength: 18.3; role and availability context: 35.0.,usage foundation: 66.7,projection strength: 18.3
,T.Bagent,CHI,MIN,QB,rushing,,,4.863165216764747,1.567190970034593,,,,40.06,WATCH,WATCHLIST,17.62,66.67,50.07,,,35,55,65.7,WATCH at 40.1. Main support: usage foundation: 66.7; data quality: 65.7. Main caution: projection strength: 17.6; role and availability context: 35.0.,usage foundation: 66.7,projection strength: 17.6
,T.Kennedy,DET,,WR,receiving,0.7005845227727218,9.267479236582384,,,,,,40.02,WATCH,WATCHLIST,17.54,66.67,50.07,,,35,55,65.7,WATCH at 40.0. Main support: usage foundation: 66.7; data quality: 65.7. Main caution: projection strength: 17.5; role and availability context: 35.0.,usage foundation: 66.7,projection strength: 17.5
,A.McFarland,PIT,,RB,receiving,0.9270847613659516,7.642453421893212,,,,,,39.87,REVIEW,PRIORITY_REVIEW,17.19,66.67,50.07,,,35,55,65.7,REVIEW at 39.9. Main support: usage foundation: 66.7; data quality: 65.7. Main caution: projection strength: 17.2; role and availability context: 35.0.,usage foundation: 66.7,projection strength: 17.2
,K.Trask,TB,CAR,QB,rushing,,,3.079098802344635,1.5154005147127556,,,,39.34,REVIEW,PRIORITY_REVIEW,15.98,66.67,50.07,,,35,55,65.7,REVIEW at 39.3. Main support: usage foundation: 66.7; data quality: 65.7. Main caution: projection strength: 16.0; role and availability context: 35.0.,usage foundation: 66.7,projection strength: 16.0
,B.Berrios,MIA,,WR,receiving,0.7136364319624101,8.872062816117946,,,,,,39.16,REVIEW,PRIORITY_REVIEW,15.57,66.67,50.07,,,35,55,65.7,REVIEW at 39.2. Main support: usage foundation: 66.7; data quality: 65.7. Main caution: projection strength: 15.6; role and availability context: 35.0.,usage foundation: 66.7,projection strength: 15.6
,A.McCarron,CIN,CLE,QB,passing,,,,,11.252541986249565,8.758572659185957,,38.98,REVIEW,PRIORITY_REVIEW,15.15,66.67,50.07,,,35,55,65.7,REVIEW at 39.0. Main support: usage foundation: 66.7; data quality: 65.7. Main caution: projection strength: 15.2; role and availability context: 35.0.,usage foundation: 66.7,projection strength: 15.2
,B.Brooks,HOU,,RB,receiving,0.7213439526751569,5.5450424939387215,6.542048538013387,1.4892657333156702,,,,38.98,REVIEW,PRIORITY_REVIEW,15.16,66.67,50.07,,,35,55,65.7,REVIEW at 39.0. Main support: usage foundation: 66.7; data quality: 65.7. Main caution: projection strength: 15.2; role and availability context: 35.0.,usage foundation: 66.7,projection strength: 15.2
,B.Brooks,HOU,,RB,rushing,0.7213439526751569,5.5450424939387215,6.542048538013387,1.4892657333156702,,,,38.98,REVIEW,PRIORITY_REVIEW,15.16,66.67,50.07,,,35,55,65.7,REVIEW at 39.0. Main support: usage foundation: 66.7; data quality: 65.7. Main caution: projection strength: 15.2; role and availability context: 35.0.,usage foundation: 66.7,projection strength: 15.2
,G.Minshew,LV,DEN,QB,rushing,,,8.378531117861073,1.0572518923289262,,,,38.88,REVIEW,PRIORITY_REVIEW,14.93,66.67,50.07,,,35,55,65.7,REVIEW at 38.9. Main support: usage foundation: 66.7; data quality: 65.7. Main caution: projection strength: 14.9; role and availability context: 35.0.,usage foundation: 66.7,projection strength: 14.9
,K.Nwangwu,NYJ,,RB,receiving,0.7997509040528914,6.147764504149452,8.03154781452421,,,,,38.39,REVIEW,PRIORITY_REVIEW,13.81,66.67,50.07,,,35,55,65.7,REVIEW at 38.4. Main support: usage foundation: 66.7; data quality: 65.7. Main caution: projection strength: 13.8; role and availability context: 35.0.,usage foundation: 66.7,projection strength: 13.8
,K.Nwangwu,NYJ,,RB,rushing,0.7997509040528914,6.147764504149452,8.03154781452421,,,,,38.39,REVIEW,PRIORITY_REVIEW,13.81,66.67,50.07,,,35,55,65.7,REVIEW at 38.4. Main support: usage foundation: 66.7; data quality: 65.7. Main caution: projection strength: 13.8; role and availability context: 35.0.,usage foundation: 66.7,projection strength: 13.8
,M.Stafford,LA,PHI,QB,rushing,,,5.851595822764876,,11.351358856964843,8.267631974349044,,38.26,REVIEW,PRIORITY_REVIEW,13.51,66.67,50.07,,,35,55,65.7,REVIEW at 38.3. Main support: usage foundation: 66.7; data quality: 65.7. Main caution: projection strength: 13.5; role and availability context: 35.0.,usage foundation: 66.7,projection strength: 13.5
,M.Stafford,LA,PHI,QB,passing,,,5.851595822764876,,11.351358856964843,8.267631974349044,,38.26,REVIEW,PRIORITY_REVIEW,13.51,66.67,50.07,,,35,55,65.7,REVIEW at 38.3. Main support: usage foundation: 66.7; data quality: 65.7. Main caution: projection strength: 13.5; role and availability context: 35.0.,usage foundation: 66.7,projection strength: 13.5
,E.Jenkins,PHI,,TE,receiving,0.8589305304349889,8.242576410273193,,,,,,38.23,REVIEW,PRIORITY_REVIEW,13.44,66.67,50.07,,,35,55,65.7,REVIEW at 38.2. Main support: usage foundation: 66.7; data quality: 65.7. Main caution: projection strength: 13.4; role and availability context: 35.0.,usage foundation: 66.7,projection strength: 13.4
,J.Fortson,KC,,TE,receiving,0.8513104497451056,6.077010716553586,,,,,,37.95,REVIEW,PRIORITY_REVIEW,12.81,66.67,50.07,,,35,55,65.7,REVIEW at 38.0. Main support: usage foundation: 66.7; data quality: 65.7. Main caution: projection strength: 12.8; role and availability context: 35.0.,usage foundation: 66.7,projection strength: 12.8
,C.Collier,LV,,RB,receiving,0.8385861120776503,,7.930833510987915,1.1514455124441023,,,,37.9,REVIEW,PRIORITY_REVIEW,12.69,66.67,50.07,,,35,55,65.7,REVIEW at 37.9. Main support: usage foundation: 66.7; data quality: 65.7. Main caution: projection strength: 12.7; role and availability context: 35.0.,usage foundation: 66.7,projection strength: 12.7
,C.Collier,LV,,RB,rushing,0.8385861120776503,,7.930833510987915,1.1514455124441023,,,,37.9,REVIEW,PRIORITY_REVIEW,12.69,66.67,50.07,,,35,55,65.7,REVIEW at 37.9. Main support: usage foundation: 66.7; data quality: 65.7. Main caution: projection strength: 12.7; role and availability context: 35.0.,usage foundation: 66.7,projection strength: 12.7
,K.Johnson,TB,,WR,receiving,0.6194104790489617,8.193691934256517,,,,,,37.87,REVIEW,PRIORITY_REVIEW,12.62,66.67,50.07,,,35,55,65.7,REVIEW at 37.9. Main support: usage foundation: 66.7; data quality: 65.7. Main caution: projection strength: 12.6; role and availability context: 35.0.,usage foundation: 66.7,projection strength: 12.6
,C.Wentz,KC,DEN,QB,rushing,,,7.552227560917458,1.032489536235038,,,,37.57,REVIEW,PRIORITY_REVIEW,11.94,66.67,50.07,,,35,55,65.7,REVIEW at 37.6. Main support: usage foundation: 66.7; data quality: 65.7. Main caution: projection strength: 11.9; role and availability context: 35.0.,usage foundation: 66.7,projection strength: 11.9
,S.Moore,KC,,WR,receiving,0.6066389041093033,7.898804631044973,,,,,,37.23,REVIEW,PRIORITY_REVIEW,11.15,66.67,50.07,,,35,55,65.7,REVIEW at 37.2. Main support: usage foundation: 66.7; data quality: 65.7. Main caution: projection strength: 11.2; role and availability context: 35.0.,usage foundation: 66.7,projection strength: 11.2
,A.Beck,HOU,,RB,receiving,0.4108325335727472,,6.845153786608376,1.299869312851876,,,,36.92,REVIEW,PRIORITY_REVIEW,10.45,66.67,50.07,,,35,55,65.7,REVIEW at 36.9. Main support: usage foundation: 66.7; data quality: 65.7. Main caution: projection strength: 10.4; role and availability context: 35.0.,usage foundation: 66.7,projection strength: 10.4
,A.Beck,HOU,,RB,rushing,0.4108325335727472,,6.845153786608376,1.299869312851876,,,,36.92,REVIEW,PRIORITY_REVIEW,10.45,66.67,50.07,,,35,55,65.7,REVIEW at 36.9. Main support: usage foundation: 66.7; data quality: 65.7. Main caution: projection strength: 10.4; role and availability context: 35.0.,usage foundation: 66.7,projection strength: 10.4
,D.Laube,LV,,RB,receiving,0.8154322943284383,6.268308906191598,3.131738797645112,,,,,36.62,REVIEW,PRIORITY_REVIEW,9.77,66.67,50.07,,,35,55,65.7,REVIEW at 36.6. Main support: usage foundation: 66.7; data quality: 65.7. Main caution: projection strength: 9.8; role and availability context: 35.0.,usage foundation: 66.7,projection strength: 9.8
,D.Laube,LV,,RB,rushing,0.8154322943284383,6.268308906191598,3.131738797645112,,,,,36.62,REVIEW,PRIORITY_REVIEW,9.77,66.67,50.07,,,35,55,65.7,REVIEW at 36.6. Main support: usage foundation: 66.7; data quality: 65.7. Main caution: projection strength: 9.8; role and availability context: 35.0.,usage foundation: 66.7,projection strength: 9.8
,A.O'Connell,LV,LAC,QB,rushing,,,6.137610492853247,1.1396686974867978,,,,36.1,REVIEW,PRIORITY_REVIEW,8.58,66.67,50.07,,,35,55,65.7,REVIEW at 36.1. Main support: usage foundation: 66.7; data quality: 65.7. Main caution: projection strength: 8.6; role and availability context: 35.0.,usage foundation: 66.7,projection strength: 8.6
,J.Johnson,NYG,,RB,receiving,0.7980530134603863,6.917244483535848,,,,,,35.97,REVIEW,PRIORITY_REVIEW,8.28,66.67,50.07,,,35,55,65.7,REVIEW at 36.0. Main support: usage foundation: 66.7; data quality: 65.7. Main caution: projection strength: 8.3; role and availability context: 35.0.,usage foundation: 66.7,projection strength: 8.3
,T.Heinicke,LAC,NE,QB,rushing,,,12.510824768571208,,,,,35.6,REVIEW,PRIORITY_REVIEW,26.49,33.33,50.07,,,35,55,65.7,REVIEW at 35.6. Main support: data quality: 65.7. Main caution: projection strength: 26.5; usage foundation: 33.3.,data quality: 65.7,projection strength: 26.5
,M.Ibrahim,DET,,RB,receiving,0.7840695137773446,6.027220102107306,,,,,,35.49,REVIEW,PRIORITY_REVIEW,7.19,66.67,50.07,,,35,55,65.7,REVIEW at 35.5. Main support: usage foundation: 66.7; data quality: 65.7. Main caution: projection strength: 7.2; role and availability context: 35.0.,usage foundation: 66.7,projection strength: 7.2
,J.Browning,CIN,CLE,QB,rushing,,,4.620977031741929,1.2335926316819688,,,,35.4,REVIEW,PRIORITY_REVIEW,6.97,66.67,50.07,,,35,55,65.7,REVIEW at 35.4. Main support: usage foundation: 66.7; data quality: 65.7. Main caution: projection strength: 7.0; role and availability context: 35.0.,usage foundation: 66.7,projection strength: 7.0
,K.Robinson,JAX,,RB,receiving,0.7683881235017976,5.906675700065159,,,,,,35.25,REVIEW,PRIORITY_REVIEW,6.64,66.67,50.07,,,35,55,65.7,REVIEW at 35.2. Main support: usage foundation: 66.7; data quality: 65.7. Main caution: projection strength: 6.6; role and availability context: 35.0.,usage foundation: 66.7,projection strength: 6.6
,G.Igwebuike,PIT,,RB,receiving,0.7683881235017976,5.906675700065159,,,,,,35.25,REVIEW,PRIORITY_REVIEW,6.64,66.67,50.07,,,35,55,65.7,REVIEW at 35.2. Main support: usage foundation: 66.7; data quality: 65.7. Main caution: projection strength: 6.6; role and availability context: 35.0.,usage foundation: 66.7,projection strength: 6.6
,S.Sullivan,CAR,,TE,receiving,0.6104775393779095,6.537240894006096,,,,,,34.93,REVIEW,PRIORITY_REVIEW,5.9,66.67,50.07,,,35,55,65.7,REVIEW at 34.9. Main support: usage foundation: 66.7; data quality: 65.7. Main caution: projection strength: 5.9; role and availability context: 35.0.,usage foundation: 66.7,projection strength: 5.9
,T.Hairston,HOU,,RB,receiving,0.7213439526751569,5.5450424939387215,,,,,,34.84,REVIEW,PRIORITY_REVIEW,5.7,66.67,50.07,,,35,55,65.7,REVIEW at 34.8. Main support: usage foundation: 66.7; data quality: 65.7. Main caution: projection strength: 5.7; role and availability context: 35.0.,usage foundation: 66.7,projection strength: 5.7
,D.Miller,NYG,,RB,receiving,0.7004354323077611,5.384316624549193,,,,,,34.54,REVIEW,PRIORITY_REVIEW,5.0,66.67,50.07,,,35,55,65.7,REVIEW at 34.5. Main support: usage foundation: 66.7; data quality: 65.7. Main caution: projection strength: 5.0; role and availability context: 35.0.,usage foundation: 66.7,projection strength: 5.0
,D.Williams,TB,,RB,receiving,0.6952083022159121,5.34413515720181,,,,,,34.47,REVIEW,PRIORITY_REVIEW,4.84,66.67,50.07,,,35,55,65.7,REVIEW at 34.5. Main support: usage foundation: 66.7; data quality: 65.7. Main caution: projection strength: 4.8; role and availability context: 35.0.,usage foundation: 66.7,projection strength: 4.8
,M.Davis,DAL,,RB,receiving,0.6899811721240633,5.3039536898544295,,,,,,34.33,REVIEW,PRIORITY_REVIEW,4.53,66.67,50.07,,,35,55,65.7,REVIEW at 34.3. Main support: usage foundation: 66.7; data quality: 65.7. Main caution: projection strength: 4.5; role and availability context: 35.0.,usage foundation: 66.7,projection strength: 4.5
,H.Hooker,DET,JAX,QB,rushing,,,3.9204547290312384,1.1429482949157173,,,,34.32,REVIEW,PRIORITY_REVIEW,4.51,66.67,50.07,,,35,55,65.7,REVIEW at 34.3. Main support: usage foundation: 66.7; data quality: 65.7. Main caution: projection strength: 4.5; role and availability context: 35.0.,usage foundation: 66.7,projection strength: 4.5
,D.Washington,DEN,,RB,receiving,0.6742997818485164,5.183409287812284,,,,,,34.13,REVIEW,PRIORITY_REVIEW,4.06,66.67,50.07,,,35,55,65.7,REVIEW at 34.1. Main support: usage foundation: 66.7; data quality: 65.7. Main caution: projection strength: 4.1; role and availability context: 35.0.,usage foundation: 66.7,projection strength: 4.1
,B.Bates,CLE,,TE,receiving,0.5625906016205192,5.9934651095789215,,,,,,33.93,REVIEW,PRIORITY_REVIEW,3.61,66.67,50.07,,,35,55,65.7,REVIEW at 33.9. Main support: usage foundation: 66.7; data quality: 65.7. Main caution: projection strength: 3.6; role and availability context: 35.0.,usage foundation: 66.7,projection strength: 3.6
,B.Willis,SF,,TE,receiving,0.528041386896663,5.625400814842523,,,,,,33.28,REVIEW,PRIORITY_REVIEW,2.13,66.67,50.07,,,35,55,65.7,REVIEW at 33.3. Main support: usage foundation: 66.7; data quality: 65.7. Main caution: projection strength: 2.1; role and availability context: 35.0.,usage foundation: 66.7,projection strength: 2.1
,A.Prentice,NO,,RB,receiving,0.3245152490634904,,9.366303347416514,,,,,32.34,REVIEW,PRIORITY_REVIEW,19.03,33.33,50.07,,,35,55,65.7,REVIEW at 32.3. Main support: data quality: 65.7. Main caution: projection strength: 19.0; usage foundation: 33.3.,data quality: 65.7,projection strength: 19.0
,A.Prentice,NO,,RB,rushing,0.3245152490634904,,9.366303347416514,,,,,32.34,REVIEW,PRIORITY_REVIEW,19.03,33.33,50.07,,,35,55,65.7,REVIEW at 32.3. Main support: data quality: 65.7. Main caution: projection strength: 19.0; usage foundation: 33.3.,data quality: 65.7,projection strength: 19.0
,J.Winston,CLE,KC,QB,rushing,,,8.80995457955574,,,,,31.2,REVIEW,PRIORITY_REVIEW,16.42,33.33,50.07,,,35,55,65.7,REVIEW at 31.2. Main support: data quality: 65.7. Main caution: projection strength: 16.4; usage foundation: 33.3.,data quality: 65.7,projection strength: 16.4
,A.Rodgers,NYJ,MIA,QB,rushing,,,8.792000714625633,,,,,31.03,REVIEW,PRIORITY_REVIEW,16.04,33.33,50.07,,,35,55,65.7,REVIEW at 31.0. Main support: data quality: 65.7. Main caution: projection strength: 16.0; usage foundation: 33.3.,data quality: 65.7,projection strength: 16.0
,C.Oladokun,KC,DEN,QB,rushing,,,7.964931070034651,,,,,29.73,REVIEW,PRIORITY_REVIEW,13.06,33.33,50.07,,,35,55,65.7,REVIEW at 29.7. Main support: data quality: 65.7. Main caution: projection strength: 13.1; usage foundation: 33.3.,data quality: 65.7,projection strength: 13.1
,K.Juszczyk,SF,,FB,receiving,0.8507267725781267,,,,,,,29.55,REVIEW,PRIORITY_REVIEW,12.66,33.33,50.07,,,35,55,65.7,REVIEW at 29.6. Main support: data quality: 65.7. Main caution: projection strength: 12.7; usage foundation: 33.3.,data quality: 65.7,projection strength: 12.7
,J.Johnson,BAL,HOU,QB,rushing,,,,1.3750284118997014,,,,29.22,REVIEW,PRIORITY_REVIEW,11.89,33.33,50.07,,,35,55,65.7,REVIEW at 29.2. Main support: data quality: 65.7. Main caution: projection strength: 11.9; usage foundation: 33.3.,data quality: 65.7,projection strength: 11.9
,B.Zappe,CLE,BAL,QB,rushing,,,7.222755498201778,,,,,28.75,REVIEW,PRIORITY_REVIEW,10.82,33.33,50.07,,,35,55,65.7,REVIEW at 28.8. Main support: data quality: 65.7. Main caution: projection strength: 10.8; usage foundation: 33.3.,data quality: 65.7,projection strength: 10.8
,B.VanSumeren,PHI,,RB,receiving,0.8165887864856181,,,,,,,28.39,REVIEW,PRIORITY_REVIEW,10.0,33.33,50.07,,,35,55,65.7,REVIEW at 28.4. Main support: data quality: 65.7. Main caution: projection strength: 10.0; usage foundation: 33.3.,data quality: 65.7,projection strength: 10.0
,J.Haener,NO,WAS,QB,rushing,,,5.543391591353126,,,,,27.44,REVIEW,PRIORITY_REVIEW,7.84,33.33,50.07,,,35,55,65.7,REVIEW at 27.4. Main support: data quality: 65.7. Main caution: projection strength: 7.8; usage foundation: 33.3.,data quality: 65.7,projection strength: 7.8
,C.Ham,MIN,,FB,receiving,0.7896591242193229,,,,,,,27.37,REVIEW,PRIORITY_REVIEW,7.66,33.33,50.07,,,35,55,65.7,REVIEW at 27.4. Main support: data quality: 65.7. Main caution: projection strength: 7.7; usage foundation: 33.3.,data quality: 65.7,projection strength: 7.7
,T.Boyle,NYG,BAL,QB,rushing,,,5.528416054860145,,,,,27.28,REVIEW,PRIORITY_REVIEW,7.46,33.33,50.07,,,35,55,65.7,REVIEW at 27.3. Main support: data quality: 65.7. Main caution: projection strength: 7.5; usage foundation: 33.3.,data quality: 65.7,projection strength: 7.5
,S.Thompson,MIA,SEA,QB,rushing,,,5.297075150298799,,,,,26.95,REVIEW,PRIORITY_REVIEW,6.72,33.33,50.07,,,35,55,65.7,REVIEW at 26.9. Main support: data quality: 65.7. Main caution: projection strength: 6.7; usage foundation: 33.3.,data quality: 65.7,projection strength: 6.7
,D.Mills,HOU,TEN,QB,rushing,,,5.20532129392086,,,,,26.79,REVIEW,PRIORITY_REVIEW,6.34,33.33,50.07,,,35,55,65.7,REVIEW at 26.8. Main support: data quality: 65.7. Main caution: projection strength: 6.3; usage foundation: 33.3.,data quality: 65.7,projection strength: 6.3
,A.Ingold,MIA,,FB,receiving,0.6901365533616668,,,,,,,26.07,REVIEW,PRIORITY_REVIEW,4.69,33.33,50.07,,,35,55,65.7,REVIEW at 26.1. Main support: data quality: 65.7. Main caution: projection strength: 4.7; usage foundation: 33.3.,data quality: 65.7,projection strength: 4.7
,K.Allen,PIT,DAL,QB,rushing,,,4.1907388831435854,,,,,25.65,REVIEW,PRIORITY_REVIEW,3.73,33.33,50.07,,,35,55,65.7,REVIEW at 25.6. Main support: data quality: 65.7. Main caution: projection strength: 3.7; usage foundation: 33.3.,data quality: 65.7,projection strength: 3.7
,A.Williams,ATL,,RB,receiving,0.6429370012974225,,,,,,,25.62,REVIEW,PRIORITY_REVIEW,3.67,33.33,50.07,,,35,55,65.7,REVIEW at 25.6. Main support: data quality: 65.7. Main caution: projection strength: 3.7; usage foundation: 33.3.,data quality: 65.7,projection strength: 3.7
,B.Allen,SF,CHI,QB,rushing,,,4.006041361786329,,,,,25.48,REVIEW,PRIORITY_REVIEW,3.36,33.33,50.07,,,35,55,65.7,REVIEW at 25.5. Main support: data quality: 65.7. Main caution: projection strength: 3.4; usage foundation: 33.3.,data quality: 65.7,projection strength: 3.4
,M.Burton,DEN,,FB,receiving,0.5941882382948683,,,,,,,25.24,REVIEW,PRIORITY_REVIEW,2.81,33.33,50.07,,,35,55,65.7,REVIEW at 25.2. Main support: data quality: 65.7. Main caution: projection strength: 2.8; usage foundation: 33.3.,data quality: 65.7,projection strength: 2.8
,J.Kelly,BAL,,RB,receiving,0.5279401392767453,,,,,,,24.84,REVIEW,PRIORITY_REVIEW,1.88,33.33,50.07,,,35,55,65.7,REVIEW at 24.8. Main support: data quality: 65.7. Main caution: projection strength: 1.9; usage foundation: 33.3.,data quality: 65.7,projection strength: 1.9
,M.White,BUF,NE,QB,rushing,,,3.595205581191488,,,,,24.83,REVIEW,PRIORITY_REVIEW,1.87,33.33,50.07,,,35,55,65.7,REVIEW at 24.8. Main support: data quality: 65.7. Main caution: projection strength: 1.9; usage foundation: 33.3.,data quality: 65.7,projection strength: 1.9
,J.Cabinda,DET,,FB,receiving,0.4784407765489266,,,,,,,24.77,REVIEW,PRIORITY_REVIEW,1.72,33.33,50.07,,,35,55,65.7,REVIEW at 24.8. Main support: data quality: 65.7. Main caution: projection strength: 1.7; usage foundation: 33.3.,data quality: 65.7,projection strength: 1.7
,J.Matthews,CAR,,TE,receiving,0.4314032870025371,,,,,,,24.7,REVIEW,PRIORITY_REVIEW,1.56,33.33,50.07,,,35,55,65.7,REVIEW at 24.7. Main support: data quality: 65.7. Main caution: projection strength: 1.6; usage foundation: 33.3.,data quality: 65.7,projection strength: 1.6
,T.Bridgewater,DET,WAS,QB,rushing,,,3.520600241381461,,,,,24.67,REVIEW,PRIORITY_REVIEW,1.49,33.33,50.07,,,35,55,65.7,REVIEW at 24.7. Main support: data quality: 65.7. Main caution: projection strength: 1.5; usage foundation: 33.3.,data quality: 65.7,projection strength: 1.5
,K.Smith,ATL,,FB,receiving,0.4298478350698713,,,,,,,24.63,REVIEW,PRIORITY_REVIEW,1.41,33.33,50.07,,,35,55,65.7,REVIEW at 24.6. Main support: data quality: 65.7. Main caution: projection strength: 1.4; usage foundation: 33.3.,data quality: 65.7,projection strength: 1.4
,B.Cupp,KC,,TE,receiving,0.412566441188381,,,,,,,24.56,REVIEW,PRIORITY_REVIEW,1.25,33.33,50.07,,,35,55,65.7,REVIEW at 24.6. Main support: data quality: 65.7. Main caution: projection strength: 1.2; usage foundation: 33.3.,data quality: 65.7,projection strength: 1.2
,C.Tune,ARI,SF,QB,rushing,,,3.4266636161861563,,,,,24.5,REVIEW,PRIORITY_REVIEW,1.12,33.33,50.07,,,35,55,65.7,REVIEW at 24.5. Main support: data quality: 65.7. Main caution: projection strength: 1.1; usage foundation: 33.3.,data quality: 65.7,projection strength: 1.1
,P.Ricard,BAL,,FB,receiving,0.3158763881294203,,,,,,,24.36,REVIEW,PRIORITY_REVIEW,0.78,33.33,50.07,,,35,55,65.7,REVIEW at 24.4. Main support: data quality: 65.7. Main caution: projection strength: 0.8; usage foundation: 33.3.,data quality: 65.7,projection strength: 0.8
,R.Gilliam,BUF,,FB,receiving,0.2865558779183831,,,,,,,24.29,REVIEW,PRIORITY_REVIEW,0.62,33.33,50.07,,,35,55,65.7,REVIEW at 24.3. Main support: data quality: 65.7. Main caution: projection strength: 0.6; usage foundation: 33.3.,data quality: 65.7,projection strength: 0.6
,K.Blasingame,PHI,,FB,receiving,0.2592738637562357,,,,,,,24.15,REVIEW,PRIORITY_REVIEW,0.31,33.33,50.07,,,35,55,65.7,REVIEW at 24.1. Main support: data quality: 65.7. Main caution: projection strength: 0.3; usage foundation: 33.3.,data quality: 65.7,projection strength: 0.3
