player_id,player_name,team,opponent,position,primary_market_family,all_families_count,best_signal_score,overall_signal_score,signal_tier,recommended_user_action,signal_explanation,top_signal_reason,review_reason,blocked_reason,top_positive_driver_1,top_positive_driver_2,top_positive_driver_3,top_negative_driver_1,top_negative_driver_2,top_negative_driver_3,green_signal_count,yellow_signal_count,red_flag_count,missing_signal_count,data_quality_score,readiness_status,roster_status,role_status,injury_status,usage_status,final_readiness
,S.Barkley,PHI,,RB,receiving,2,76.1,76.1,STRONG_SIGNAL,STRONG_SIGNAL,STRONG_SIGNAL at 76.1. Main support: projection strength: 100.0; usage foundation: 66.7. Main caution: role and availability context: 35.0; missing signal count: 5.,projection strength: 100.0; usage foundation: 66.7,"Context V1: defense fit missing/low reliability for some players; game environment missing for some players; weather, route share, first-read share, and coverage are not sourced.",,projection strength: 100.0,usage foundation: 66.7,data quality: 65.7,role and availability context: 35.0,missing signal count: 5,review context: Context V1: defense fit missing/low reliability for some players; game environment missing,2,0,0,5,65.7,DATA_NEEDS_LIVE_CONTEXT,NEEDS DATA,NEEDS DATA,NEEDS DATA,HISTORICAL TEST ONLY,NO-GO
,J.Chase,CIN,,WR,receiving,1,76.1,76.1,STRONG_SIGNAL,STRONG_SIGNAL,STRONG_SIGNAL at 76.1. Main support: projection strength: 100.0; usage foundation: 66.7. Main caution: role and availability context: 35.0; missing signal count: 5.,projection strength: 100.0; usage foundation: 66.7,"Context V1: defense fit missing/low reliability for some players; game environment missing for some players; weather, route share, first-read share, and coverage are not sourced.",,projection strength: 100.0,usage foundation: 66.7,data quality: 65.7,role and availability context: 35.0,missing signal count: 5,review context: Context V1: defense fit missing/low reliability for some players; game environment missing,2,0,0,5,65.7,DATA_NEEDS_LIVE_CONTEXT,NEEDS DATA,NEEDS DATA,NEEDS DATA,HISTORICAL TEST ONLY,NO-GO
,J.Taylor,IND,,RB,receiving,2,76.1,76.1,STRONG_SIGNAL,STRONG_SIGNAL,STRONG_SIGNAL at 76.1. Main support: projection strength: 100.0; usage foundation: 66.7. Main caution: role and availability context: 35.0; missing signal count: 5.,projection strength: 100.0; usage foundation: 66.7,"Context V1: defense fit missing/low reliability for some players; game environment missing for some players; weather, route share, first-read share, and coverage are not sourced.",,projection strength: 100.0,usage foundation: 66.7,data quality: 65.7,role and availability context: 35.0,missing signal count: 5,review context: Context V1: defense fit missing/low reliability for some players; game environment missing,2,0,0,5,65.7,DATA_NEEDS_LIVE_CONTEXT,NEEDS DATA,NEEDS DATA,NEEDS DATA,HISTORICAL TEST ONLY,NO-GO
,K.Murray,ARI,SF,QB,rushing,2,76.1,76.1,STRONG_SIGNAL,STRONG_SIGNAL,STRONG_SIGNAL at 76.1. Main support: projection strength: 100.0; usage foundation: 66.7. Main caution: role and availability context: 35.0; missing signal count: 5.,projection strength: 100.0; usage foundation: 66.7,"Context V1: defense fit missing/low reliability for some players; game environment missing for some players; weather, route share, first-read share, and coverage are not sourced.",,projection strength: 100.0,usage foundation: 66.7,data quality: 65.7,role and availability context: 35.0,missing signal count: 5,review context: Context V1: defense fit missing/low reliability for some players; game environment missing,2,0,0,5,65.7,DATA_NEEDS_LIVE_CONTEXT,NEEDS DATA,NEEDS DATA,NEEDS DATA,HISTORICAL TEST ONLY,NO-GO
,P.Nacua,LA,,WR,receiving,1,76.03,76.03,STRONG_SIGNAL,STRONG_SIGNAL,STRONG_SIGNAL at 76.0. Main support: projection strength: 99.8; usage foundation: 66.7. Main caution: role and availability context: 35.0; missing signal count: 5.,projection strength: 99.8; usage foundation: 66.7,"Context V1: defense fit missing/low reliability for some players; game environment missing for some players; weather, route share, first-read share, and coverage are not sourced.",,projection strength: 99.8,usage foundation: 66.7,data quality: 65.7,role and availability context: 35.0,missing signal count: 5,review context: Context V1: defense fit missing/low reliability for some players; game environment missing,2,0,0,5,65.7,DATA_NEEDS_LIVE_CONTEXT,NEEDS DATA,NEEDS DATA,NEEDS DATA,HISTORICAL TEST ONLY,NO-GO
,T.Higgins,CIN,,WR,receiving,1,75.96,75.96,STRONG_SIGNAL,STRONG_SIGNAL,STRONG_SIGNAL at 76.0. Main support: projection strength: 99.7; usage foundation: 66.7. Main caution: role and availability context: 35.0; missing signal count: 5.,projection strength: 99.7; usage foundation: 66.7,"Context V1: defense fit missing/low reliability for some players; game environment missing for some players; weather, route share, first-read share, and coverage are not sourced.",,projection strength: 99.7,usage foundation: 66.7,data quality: 65.7,role and availability context: 35.0,missing signal count: 5,review context: Context V1: defense fit missing/low reliability for some players; game environment missing,2,0,0,5,65.7,DATA_NEEDS_LIVE_CONTEXT,NEEDS DATA,NEEDS DATA,NEEDS DATA,HISTORICAL TEST ONLY,NO-GO
,B.Thomas,JAX,,WR,receiving,1,75.95,75.95,STRONG_SIGNAL,STRONG_SIGNAL,STRONG_SIGNAL at 76.0. Main support: projection strength: 99.7; usage foundation: 66.7. Main caution: role and availability context: 35.0; missing signal count: 5.,projection strength: 99.7; usage foundation: 66.7,"Context V1: defense fit missing/low reliability for some players; game environment missing for some players; weather, route share, first-read share, and coverage are not sourced.",,projection strength: 99.7,usage foundation: 66.7,data quality: 65.7,role and availability context: 35.0,missing signal count: 5,review context: Context V1: defense fit missing/low reliability for some players; game environment missing,2,0,0,5,65.7,DATA_NEEDS_LIVE_CONTEXT,NEEDS DATA,NEEDS DATA,NEEDS DATA,HISTORICAL TEST ONLY,NO-GO
,D.Henry,BAL,,RB,receiving,2,75.94,75.94,STRONG_SIGNAL,STRONG_SIGNAL,STRONG_SIGNAL at 75.9. Main support: projection strength: 99.6; usage foundation: 66.7. Main caution: role and availability context: 35.0; missing signal count: 5.,projection strength: 99.6; usage foundation: 66.7,"Context V1: defense fit missing/low reliability for some players; game environment missing for some players; weather, route share, first-read share, and coverage are not sourced.",,projection strength: 99.6,usage foundation: 66.7,data quality: 65.7,role and availability context: 35.0,missing signal count: 5,review context: Context V1: defense fit missing/low reliability for some players; game environment missing,2,0,0,5,65.7,DATA_NEEDS_LIVE_CONTEXT,NEEDS DATA,NEEDS DATA,NEEDS DATA,HISTORICAL TEST ONLY,NO-GO
,J.Jefferson,MIN,,WR,receiving,1,75.88,75.88,STRONG_SIGNAL,STRONG_SIGNAL,STRONG_SIGNAL at 75.9. Main support: projection strength: 99.5; usage foundation: 66.7. Main caution: role and availability context: 35.0; missing signal count: 5.,projection strength: 99.5; usage foundation: 66.7,"Context V1: defense fit missing/low reliability for some players; game environment missing for some players; weather, route share, first-read share, and coverage are not sourced.",,projection strength: 99.5,usage foundation: 66.7,data quality: 65.7,role and availability context: 35.0,missing signal count: 5,review context: Context V1: defense fit missing/low reliability for some players; game environment missing,2,0,0,5,65.7,DATA_NEEDS_LIVE_CONTEXT,NEEDS DATA,NEEDS DATA,NEEDS DATA,HISTORICAL TEST ONLY,NO-GO
,J.Jeudy,CLE,,WR,receiving,1,75.83,75.83,STRONG_SIGNAL,STRONG_SIGNAL,STRONG_SIGNAL at 75.8. Main support: projection strength: 99.4; usage foundation: 66.7. Main caution: role and availability context: 35.0; missing signal count: 5.,projection strength: 99.4; usage foundation: 66.7,"Context V1: defense fit missing/low reliability for some players; game environment missing for some players; weather, route share, first-read share, and coverage are not sourced.",,projection strength: 99.4,usage foundation: 66.7,data quality: 65.7,role and availability context: 35.0,missing signal count: 5,review context: Context V1: defense fit missing/low reliability for some players; game environment missing,2,0,0,5,65.7,DATA_NEEDS_LIVE_CONTEXT,NEEDS DATA,NEEDS DATA,NEEDS DATA,HISTORICAL TEST ONLY,NO-GO
,B.Robinson,ATL,,RB,receiving,2,75.74,75.74,STRONG_SIGNAL,STRONG_SIGNAL,STRONG_SIGNAL at 75.7. Main support: projection strength: 99.2; usage foundation: 66.7. Main caution: role and availability context: 35.0; missing signal count: 5.,projection strength: 99.2; usage foundation: 66.7,"Context V1: defense fit missing/low reliability for some players; game environment missing for some players; weather, route share, first-read share, and coverage are not sourced.",,projection strength: 99.2,usage foundation: 66.7,data quality: 65.7,role and availability context: 35.0,missing signal count: 5,review context: Context V1: defense fit missing/low reliability for some players; game environment missing,2,0,0,5,65.7,DATA_NEEDS_LIVE_CONTEXT,NEEDS DATA,NEEDS DATA,NEEDS DATA,HISTORICAL TEST ONLY,NO-GO
,L.McConkey,LAC,,WR,receiving,1,75.74,75.74,STRONG_SIGNAL,STRONG_SIGNAL,STRONG_SIGNAL at 75.7. Main support: projection strength: 99.2; usage foundation: 66.7. Main caution: role and availability context: 35.0; missing signal count: 5.,projection strength: 99.2; usage foundation: 66.7,"Context V1: defense fit missing/low reliability for some players; game environment missing for some players; weather, route share, first-read share, and coverage are not sourced.",,projection strength: 99.2,usage foundation: 66.7,data quality: 65.7,role and availability context: 35.0,missing signal count: 5,review context: Context V1: defense fit missing/low reliability for some players; game environment missing,2,0,0,5,65.7,DATA_NEEDS_LIVE_CONTEXT,NEEDS DATA,NEEDS DATA,NEEDS DATA,HISTORICAL TEST ONLY,NO-GO
,A.St. Brown,DET,,WR,receiving,1,75.69,75.69,STRONG_SIGNAL,STRONG_SIGNAL,STRONG_SIGNAL at 75.7. Main support: projection strength: 99.1; usage foundation: 66.7. Main caution: role and availability context: 35.0; missing signal count: 5.,projection strength: 99.1; usage foundation: 66.7,"Context V1: defense fit missing/low reliability for some players; game environment missing for some players; weather, route share, first-read share, and coverage are not sourced.",,projection strength: 99.1,usage foundation: 66.7,data quality: 65.7,role and availability context: 35.0,missing signal count: 5,review context: Context V1: defense fit missing/low reliability for some players; game environment missing,2,0,0,5,65.7,DATA_NEEDS_LIVE_CONTEXT,NEEDS DATA,NEEDS DATA,NEEDS DATA,HISTORICAL TEST ONLY,NO-GO
,D.Moore,CHI,,WR,receiving,1,75.62,75.62,STRONG_SIGNAL,STRONG_SIGNAL,STRONG_SIGNAL at 75.6. Main support: projection strength: 98.9; usage foundation: 66.7. Main caution: role and availability context: 35.0; missing signal count: 5.,projection strength: 98.9; usage foundation: 66.7,"Context V1: defense fit missing/low reliability for some players; game environment missing for some players; weather, route share, first-read share, and coverage are not sourced.",,projection strength: 98.9,usage foundation: 66.7,data quality: 65.7,role and availability context: 35.0,missing signal count: 5,review context: Context V1: defense fit missing/low reliability for some players; game environment missing,2,0,0,5,65.7,DATA_NEEDS_LIVE_CONTEXT,NEEDS DATA,NEEDS DATA,NEEDS DATA,HISTORICAL TEST ONLY,NO-GO
,K.Williams,LA,,RB,receiving,2,75.61,75.61,STRONG_SIGNAL,STRONG_SIGNAL,STRONG_SIGNAL at 75.6. Main support: projection strength: 98.9; usage foundation: 66.7. Main caution: role and availability context: 35.0; missing signal count: 5.,projection strength: 98.9; usage foundation: 66.7,"Context V1: defense fit missing/low reliability for some players; game environment missing for some players; weather, route share, first-read share, and coverage are not sourced.",,projection strength: 98.9,usage foundation: 66.7,data quality: 65.7,role and availability context: 35.0,missing signal count: 5,review context: Context V1: defense fit missing/low reliability for some players; game environment missing,2,0,0,5,65.7,DATA_NEEDS_LIVE_CONTEXT,NEEDS DATA,NEEDS DATA,NEEDS DATA,HISTORICAL TEST ONLY,NO-GO
,T.Shavers,BUF,,WR,receiving,1,75.6,75.6,STRONG_SIGNAL,STRONG_SIGNAL,STRONG_SIGNAL at 75.6. Main support: projection strength: 98.8; usage foundation: 66.7. Main caution: role and availability context: 35.0; missing signal count: 5.,projection strength: 98.8; usage foundation: 66.7,"Context V1: defense fit missing/low reliability for some players; game environment missing for some players; weather, route share, first-read share, and coverage are not sourced.",,projection strength: 98.8,usage foundation: 66.7,data quality: 65.7,role and availability context: 35.0,missing signal count: 5,review context: Context V1: defense fit missing/low reliability for some players; game environment missing,2,0,0,5,65.7,DATA_NEEDS_LIVE_CONTEXT,NEEDS DATA,NEEDS DATA,NEEDS DATA,HISTORICAL TEST ONLY,NO-GO
,D.Adams,NYJ,,WR,receiving,1,75.48,75.48,STRONG_SIGNAL,STRONG_SIGNAL,STRONG_SIGNAL at 75.5. Main support: projection strength: 98.6; usage foundation: 66.7. Main caution: role and availability context: 35.0; missing signal count: 5.,projection strength: 98.6; usage foundation: 66.7,"Context V1: defense fit missing/low reliability for some players; game environment missing for some players; weather, route share, first-read share, and coverage are not sourced.",,projection strength: 98.6,usage foundation: 66.7,data quality: 65.7,role and availability context: 35.0,missing signal count: 5,review context: Context V1: defense fit missing/low reliability for some players; game environment missing,2,0,0,5,65.7,DATA_NEEDS_LIVE_CONTEXT,NEEDS DATA,NEEDS DATA,NEEDS DATA,HISTORICAL TEST ONLY,NO-GO
,T.McLaurin,WAS,,WR,receiving,1,75.42,75.42,STRONG_SIGNAL,STRONG_SIGNAL,STRONG_SIGNAL at 75.4. Main support: projection strength: 98.4; usage foundation: 66.7. Main caution: role and availability context: 35.0; missing signal count: 5.,projection strength: 98.4; usage foundation: 66.7,"Context V1: defense fit missing/low reliability for some players; game environment missing for some players; weather, route share, first-read share, and coverage are not sourced.",,projection strength: 98.4,usage foundation: 66.7,data quality: 65.7,role and availability context: 35.0,missing signal count: 5,review context: Context V1: defense fit missing/low reliability for some players; game environment missing,2,0,0,5,65.7,DATA_NEEDS_LIVE_CONTEXT,NEEDS DATA,NEEDS DATA,NEEDS DATA,HISTORICAL TEST ONLY,NO-GO
,Ja.Williams,DET,,WR,receiving,1,75.38,75.38,STRONG_SIGNAL,STRONG_SIGNAL,STRONG_SIGNAL at 75.4. Main support: projection strength: 98.4; usage foundation: 66.7. Main caution: role and availability context: 35.0; missing signal count: 5.,projection strength: 98.4; usage foundation: 66.7,"Context V1: defense fit missing/low reliability for some players; game environment missing for some players; weather, route share, first-read share, and coverage are not sourced.",,projection strength: 98.4,usage foundation: 66.7,data quality: 65.7,role and availability context: 35.0,missing signal count: 5,review context: Context V1: defense fit missing/low reliability for some players; game environment missing,2,0,0,5,65.7,DATA_NEEDS_LIVE_CONTEXT,NEEDS DATA,NEEDS DATA,NEEDS DATA,HISTORICAL TEST ONLY,NO-GO
,J.Mixon,HOU,,RB,receiving,2,75.38,75.38,STRONG_SIGNAL,STRONG_SIGNAL,STRONG_SIGNAL at 75.4. Main support: projection strength: 98.4; usage foundation: 66.7. Main caution: role and availability context: 35.0; missing signal count: 5.,projection strength: 98.4; usage foundation: 66.7,"Context V1: defense fit missing/low reliability for some players; game environment missing for some players; weather, route share, first-read share, and coverage are not sourced.",,projection strength: 98.4,usage foundation: 66.7,data quality: 65.7,role and availability context: 35.0,missing signal count: 5,review context: Context V1: defense fit missing/low reliability for some players; game environment missing,2,0,0,5,65.7,DATA_NEEDS_LIVE_CONTEXT,NEEDS DATA,NEEDS DATA,NEEDS DATA,HISTORICAL TEST ONLY,NO-GO
00-0034855,B.Mayfield,TB,WAS,QB,passing,1,75.36,75.36,STRONG_SIGNAL,STRONG_SIGNAL,STRONG_SIGNAL at 75.4. Main support: recent form: 99.3; projection strength: 96.3. Main caution: usage foundation: 33.3; role and availability context: 35.0.,recent form: 99.3; projection strength: 96.3,"Context V1: defense fit missing/low reliability for some players; game environment missing for some players; weather, route share, first-read share, and coverage are not sourced.",,recent form: 99.3,projection strength: 96.3,data quality: 79.0,usage foundation: 33.3,role and availability context: 35.0,missing signal count: 3,3,0,0,3,79.0,DATA_NEEDS_LIVE_CONTEXT,NEEDS DATA,NEEDS DATA,NEEDS DATA,HISTORICAL TEST ONLY,NO-GO
,D.Bell,CLE,,WR,receiving,1,75.35,75.35,STRONG_SIGNAL,STRONG_SIGNAL,STRONG_SIGNAL at 75.3. Main support: projection strength: 98.3; usage foundation: 66.7. Main caution: role and availability context: 35.0; missing signal count: 5.,projection strength: 98.3; usage foundation: 66.7,"Context V1: defense fit missing/low reliability for some players; game environment missing for some players; weather, route share, first-read share, and coverage are not sourced.",,projection strength: 98.3,usage foundation: 66.7,data quality: 65.7,role and availability context: 35.0,missing signal count: 5,review context: Context V1: defense fit missing/low reliability for some players; game environment missing,2,0,0,5,65.7,DATA_NEEDS_LIVE_CONTEXT,NEEDS DATA,NEEDS DATA,NEEDS DATA,HISTORICAL TEST ONLY,NO-GO
,J.Jennings,SF,,WR,receiving,1,75.31,75.31,STRONG_SIGNAL,STRONG_SIGNAL,STRONG_SIGNAL at 75.3. Main support: projection strength: 98.2; usage foundation: 66.7. Main caution: role and availability context: 35.0; missing signal count: 5.,projection strength: 98.2; usage foundation: 66.7,"Context V1: defense fit missing/low reliability for some players; game environment missing for some players; weather, route share, first-read share, and coverage are not sourced.",,projection strength: 98.2,usage foundation: 66.7,data quality: 65.7,role and availability context: 35.0,missing signal count: 5,review context: Context V1: defense fit missing/low reliability for some players; game environment missing,2,0,0,5,65.7,DATA_NEEDS_LIVE_CONTEXT,NEEDS DATA,NEEDS DATA,NEEDS DATA,HISTORICAL TEST ONLY,NO-GO
,J.Jacobs,GB,,RB,receiving,2,75.28,75.28,STRONG_SIGNAL,STRONG_SIGNAL,STRONG_SIGNAL at 75.3. Main support: projection strength: 98.1; usage foundation: 66.7. Main caution: role and availability context: 35.0; missing signal count: 5.,projection strength: 98.1; usage foundation: 66.7,"Context V1: defense fit missing/low reliability for some players; game environment missing for some players; weather, route share, first-read share, and coverage are not sourced.",,projection strength: 98.1,usage foundation: 66.7,data quality: 65.7,role and availability context: 35.0,missing signal count: 5,review context: Context V1: defense fit missing/low reliability for some players; game environment missing,2,0,0,5,65.7,DATA_NEEDS_LIVE_CONTEXT,NEEDS DATA,NEEDS DATA,NEEDS DATA,HISTORICAL TEST ONLY,NO-GO
,M.Evans,TB,,WR,receiving,1,75.21,75.21,STRONG_SIGNAL,STRONG_SIGNAL,STRONG_SIGNAL at 75.2. Main support: projection strength: 98.0; usage foundation: 66.7. Main caution: role and availability context: 35.0; missing signal count: 5.,projection strength: 98.0; usage foundation: 66.7,"Context V1: defense fit missing/low reliability for some players; game environment missing for some players; weather, route share, first-read share, and coverage are not sourced.",,projection strength: 98.0,usage foundation: 66.7,data quality: 65.7,role and availability context: 35.0,missing signal count: 5,review context: Context V1: defense fit missing/low reliability for some players; game environment missing,2,0,0,5,65.7,DATA_NEEDS_LIVE_CONTEXT,NEEDS DATA,NEEDS DATA,NEEDS DATA,HISTORICAL TEST ONLY,NO-GO
,T.Pollard,TEN,,RB,receiving,2,75.2,75.2,STRONG_SIGNAL,STRONG_SIGNAL,STRONG_SIGNAL at 75.2. Main support: projection strength: 98.0; usage foundation: 66.7. Main caution: role and availability context: 35.0; missing signal count: 5.,projection strength: 98.0; usage foundation: 66.7,"Context V1: defense fit missing/low reliability for some players; game environment missing for some players; weather, route share, first-read share, and coverage are not sourced.",,projection strength: 98.0,usage foundation: 66.7,data quality: 65.7,role and availability context: 35.0,missing signal count: 5,review context: Context V1: defense fit missing/low reliability for some players; game environment missing,2,0,0,5,65.7,DATA_NEEDS_LIVE_CONTEXT,NEEDS DATA,NEEDS DATA,NEEDS DATA,HISTORICAL TEST ONLY,NO-GO
,N.Collins,HOU,,WR,receiving,1,75.17,75.17,STRONG_SIGNAL,STRONG_SIGNAL,STRONG_SIGNAL at 75.2. Main support: projection strength: 97.9; usage foundation: 66.7. Main caution: role and availability context: 35.0; missing signal count: 5.,projection strength: 97.9; usage foundation: 66.7,"Context V1: defense fit missing/low reliability for some players; game environment missing for some players; weather, route share, first-read share, and coverage are not sourced.",,projection strength: 97.9,usage foundation: 66.7,data quality: 65.7,role and availability context: 35.0,missing signal count: 5,review context: Context V1: defense fit missing/low reliability for some players; game environment missing,2,0,0,5,65.7,DATA_NEEDS_LIVE_CONTEXT,NEEDS DATA,NEEDS DATA,NEEDS DATA,HISTORICAL TEST ONLY,NO-GO
,M.Nabers,NYG,,WR,receiving,1,75.14,75.14,STRONG_SIGNAL,STRONG_SIGNAL,STRONG_SIGNAL at 75.1. Main support: projection strength: 97.8; usage foundation: 66.7. Main caution: role and availability context: 35.0; missing signal count: 5.,projection strength: 97.8; usage foundation: 66.7,"Context V1: defense fit missing/low reliability for some players; game environment missing for some players; weather, route share, first-read share, and coverage are not sourced.",,projection strength: 97.8,usage foundation: 66.7,data quality: 65.7,role and availability context: 35.0,missing signal count: 5,review context: Context V1: defense fit missing/low reliability for some players; game environment missing,2,0,0,5,65.7,DATA_NEEDS_LIVE_CONTEXT,NEEDS DATA,NEEDS DATA,NEEDS DATA,HISTORICAL TEST ONLY,NO-GO
,J.Gibbs,DET,,RB,receiving,2,75.12,75.12,STRONG_SIGNAL,STRONG_SIGNAL,STRONG_SIGNAL at 75.1. Main support: projection strength: 97.8; usage foundation: 66.7. Main caution: role and availability context: 35.0; missing signal count: 5.,projection strength: 97.8; usage foundation: 66.7,"Context V1: defense fit missing/low reliability for some players; game environment missing for some players; weather, route share, first-read share, and coverage are not sourced.",,projection strength: 97.8,usage foundation: 66.7,data quality: 65.7,role and availability context: 35.0,missing signal count: 5,review context: Context V1: defense fit missing/low reliability for some players; game environment missing,2,0,0,5,65.7,DATA_NEEDS_LIVE_CONTEXT,NEEDS DATA,NEEDS DATA,NEEDS DATA,HISTORICAL TEST ONLY,NO-GO
,J.Smith-Njigba,SEA,,WR,receiving,1,75.08,75.08,STRONG_SIGNAL,STRONG_SIGNAL,STRONG_SIGNAL at 75.1. Main support: projection strength: 97.7; usage foundation: 66.7. Main caution: role and availability context: 35.0; missing signal count: 5.,projection strength: 97.7; usage foundation: 66.7,"Context V1: defense fit missing/low reliability for some players; game environment missing for some players; weather, route share, first-read share, and coverage are not sourced.",,projection strength: 97.7,usage foundation: 66.7,data quality: 65.7,role and availability context: 35.0,missing signal count: 5,review context: Context V1: defense fit missing/low reliability for some players; game environment missing,2,0,0,5,65.7,DATA_NEEDS_LIVE_CONTEXT,NEEDS DATA,NEEDS DATA,NEEDS DATA,HISTORICAL TEST ONLY,NO-GO
,R.Dowdle,DAL,,RB,receiving,2,75.02,75.02,STRONG_SIGNAL,STRONG_SIGNAL,STRONG_SIGNAL at 75.0. Main support: projection strength: 97.5; usage foundation: 66.7. Main caution: role and availability context: 35.0; missing signal count: 5.,projection strength: 97.5; usage foundation: 66.7,"Context V1: defense fit missing/low reliability for some players; game environment missing for some players; weather, route share, first-read share, and coverage are not sourced.",,projection strength: 97.5,usage foundation: 66.7,data quality: 65.7,role and availability context: 35.0,missing signal count: 5,review context: Context V1: defense fit missing/low reliability for some players; game environment missing,2,0,0,5,65.7,DATA_NEEDS_LIVE_CONTEXT,NEEDS DATA,NEEDS DATA,NEEDS DATA,HISTORICAL TEST ONLY,NO-GO
,B.Aiyuk,SF,,WR,receiving,1,75.02,75.02,STRONG_SIGNAL,STRONG_SIGNAL,STRONG_SIGNAL at 75.0. Main support: projection strength: 97.5; usage foundation: 66.7. Main caution: role and availability context: 35.0; missing signal count: 5.,projection strength: 97.5; usage foundation: 66.7,"Context V1: defense fit missing/low reliability for some players; game environment missing for some players; weather, route share, first-read share, and coverage are not sourced.",,projection strength: 97.5,usage foundation: 66.7,data quality: 65.7,role and availability context: 35.0,missing signal count: 5,review context: Context V1: defense fit missing/low reliability for some players; game environment missing,2,0,0,5,65.7,DATA_NEEDS_LIVE_CONTEXT,NEEDS DATA,NEEDS DATA,NEEDS DATA,HISTORICAL TEST ONLY,NO-GO
,J.Meyers,LV,,WR,receiving,1,75.01,75.01,STRONG_SIGNAL,STRONG_SIGNAL,STRONG_SIGNAL at 75.0. Main support: projection strength: 97.5; usage foundation: 66.7. Main caution: role and availability context: 35.0; missing signal count: 5.,projection strength: 97.5; usage foundation: 66.7,"Context V1: defense fit missing/low reliability for some players; game environment missing for some players; weather, route share, first-read share, and coverage are not sourced.",,projection strength: 97.5,usage foundation: 66.7,data quality: 65.7,role and availability context: 35.0,missing signal count: 5,review context: Context V1: defense fit missing/low reliability for some players; game environment missing,2,0,0,5,65.7,DATA_NEEDS_LIVE_CONTEXT,NEEDS DATA,NEEDS DATA,NEEDS DATA,HISTORICAL TEST ONLY,NO-GO
,J.Addison,MIN,,WR,receiving,1,74.95,74.95,STRONG_SIGNAL,STRONG_SIGNAL,STRONG_SIGNAL at 75.0. Main support: projection strength: 97.4; usage foundation: 66.7. Main caution: role and availability context: 35.0; missing signal count: 5.,projection strength: 97.4; usage foundation: 66.7,"Context V1: defense fit missing/low reliability for some players; game environment missing for some players; weather, route share, first-read share, and coverage are not sourced.",,projection strength: 97.4,usage foundation: 66.7,data quality: 65.7,role and availability context: 35.0,missing signal count: 5,review context: Context V1: defense fit missing/low reliability for some players; game environment missing,2,0,0,5,65.7,DATA_NEEDS_LIVE_CONTEXT,NEEDS DATA,NEEDS DATA,NEEDS DATA,HISTORICAL TEST ONLY,NO-GO
,S.Diggs,HOU,,WR,receiving,1,74.94,74.94,STRONG_SIGNAL,STRONG_SIGNAL,STRONG_SIGNAL at 74.9. Main support: projection strength: 97.3; usage foundation: 66.7. Main caution: role and availability context: 35.0; missing signal count: 5.,projection strength: 97.3; usage foundation: 66.7,"Context V1: defense fit missing/low reliability for some players; game environment missing for some players; weather, route share, first-read share, and coverage are not sourced.",,projection strength: 97.3,usage foundation: 66.7,data quality: 65.7,role and availability context: 35.0,missing signal count: 5,review context: Context V1: defense fit missing/low reliability for some players; game environment missing,2,0,0,5,65.7,DATA_NEEDS_LIVE_CONTEXT,NEEDS DATA,NEEDS DATA,NEEDS DATA,HISTORICAL TEST ONLY,NO-GO
,C.Williams,CHI,GB,QB,rushing,2,74.92,74.92,STRONG_SIGNAL,STRONG_SIGNAL,STRONG_SIGNAL at 74.9. Main support: projection strength: 97.3; usage foundation: 66.7. Main caution: role and availability context: 35.0; missing signal count: 5.,projection strength: 97.3; usage foundation: 66.7,"Context V1: defense fit missing/low reliability for some players; game environment missing for some players; weather, route share, first-read share, and coverage are not sourced.",,projection strength: 97.3,usage foundation: 66.7,data quality: 65.7,role and availability context: 35.0,missing signal count: 5,review context: Context V1: defense fit missing/low reliability for some players; game environment missing,2,0,0,5,65.7,DATA_NEEDS_LIVE_CONTEXT,NEEDS DATA,NEEDS DATA,NEEDS DATA,HISTORICAL TEST ONLY,NO-GO
,W.Robinson,NYG,,WR,receiving,1,74.87,74.87,STRONG_SIGNAL,STRONG_SIGNAL,STRONG_SIGNAL at 74.9. Main support: projection strength: 97.2; usage foundation: 66.7. Main caution: role and availability context: 35.0; missing signal count: 5.,projection strength: 97.2; usage foundation: 66.7,"Context V1: defense fit missing/low reliability for some players; game environment missing for some players; weather, route share, first-read share, and coverage are not sourced.",,projection strength: 97.2,usage foundation: 66.7,data quality: 65.7,role and availability context: 35.0,missing signal count: 5,review context: Context V1: defense fit missing/low reliability for some players; game environment missing,2,0,0,5,65.7,DATA_NEEDS_LIVE_CONTEXT,NEEDS DATA,NEEDS DATA,NEEDS DATA,HISTORICAL TEST ONLY,NO-GO
,B.Irving,TB,,RB,receiving,2,74.84,74.84,STRONG_SIGNAL,STRONG_SIGNAL,STRONG_SIGNAL at 74.8. Main support: projection strength: 97.1; usage foundation: 66.7. Main caution: role and availability context: 35.0; missing signal count: 5.,projection strength: 97.1; usage foundation: 66.7,"Context V1: defense fit missing/low reliability for some players; game environment missing for some players; weather, route share, first-read share, and coverage are not sourced.",,projection strength: 97.1,usage foundation: 66.7,data quality: 65.7,role and availability context: 35.0,missing signal count: 5,review context: Context V1: defense fit missing/low reliability for some players; game environment missing,2,0,0,5,65.7,DATA_NEEDS_LIVE_CONTEXT,NEEDS DATA,NEEDS DATA,NEEDS DATA,HISTORICAL TEST ONLY,NO-GO
,A.Gould,IND,,WR,receiving,1,74.81,74.81,STRONG_SIGNAL,STRONG_SIGNAL,STRONG_SIGNAL at 74.8. Main support: projection strength: 97.0; usage foundation: 66.7. Main caution: role and availability context: 35.0; missing signal count: 5.,projection strength: 97.0; usage foundation: 66.7,"Context V1: defense fit missing/low reliability for some players; game environment missing for some players; weather, route share, first-read share, and coverage are not sourced.",,projection strength: 97.0,usage foundation: 66.7,data quality: 65.7,role and availability context: 35.0,missing signal count: 5,review context: Context V1: defense fit missing/low reliability for some players; game environment missing,2,0,0,5,65.7,DATA_NEEDS_LIVE_CONTEXT,NEEDS DATA,NEEDS DATA,NEEDS DATA,HISTORICAL TEST ONLY,NO-GO
,C.Godwin,TB,,WR,receiving,1,74.8,74.8,STRONG_SIGNAL,STRONG_SIGNAL,STRONG_SIGNAL at 74.8. Main support: projection strength: 97.0; usage foundation: 66.7. Main caution: role and availability context: 35.0; missing signal count: 5.,projection strength: 97.0; usage foundation: 66.7,"Context V1: defense fit missing/low reliability for some players; game environment missing for some players; weather, route share, first-read share, and coverage are not sourced.",,projection strength: 97.0,usage foundation: 66.7,data quality: 65.7,role and availability context: 35.0,missing signal count: 5,review context: Context V1: defense fit missing/low reliability for some players; game environment missing,2,0,0,5,65.7,DATA_NEEDS_LIVE_CONTEXT,NEEDS DATA,NEEDS DATA,NEEDS DATA,HISTORICAL TEST ONLY,NO-GO
,C.Hubbard,CAR,,RB,receiving,2,74.79,74.79,STRONG_SIGNAL,STRONG_SIGNAL,STRONG_SIGNAL at 74.8. Main support: projection strength: 97.0; usage foundation: 66.7. Main caution: role and availability context: 35.0; missing signal count: 5.,projection strength: 97.0; usage foundation: 66.7,"Context V1: defense fit missing/low reliability for some players; game environment missing for some players; weather, route share, first-read share, and coverage are not sourced.",,projection strength: 97.0,usage foundation: 66.7,data quality: 65.7,role and availability context: 35.0,missing signal count: 5,review context: Context V1: defense fit missing/low reliability for some players; game environment missing,2,0,0,5,65.7,DATA_NEEDS_LIVE_CONTEXT,NEEDS DATA,NEEDS DATA,NEEDS DATA,HISTORICAL TEST ONLY,NO-GO
,B.Mayfield,TB,WAS,QB,rushing,2,74.77,74.77,STRONG_SIGNAL,STRONG_SIGNAL,STRONG_SIGNAL at 74.8. Main support: projection strength: 97.0; usage foundation: 66.7. Main caution: role and availability context: 35.0; missing signal count: 5.,projection strength: 97.0; usage foundation: 66.7,"Context V1: defense fit missing/low reliability for some players; game environment missing for some players; weather, route share, first-read share, and coverage are not sourced.",,projection strength: 97.0,usage foundation: 66.7,data quality: 65.7,role and availability context: 35.0,missing signal count: 5,review context: Context V1: defense fit missing/low reliability for some players; game environment missing,2,0,0,5,65.7,DATA_NEEDS_LIVE_CONTEXT,NEEDS DATA,NEEDS DATA,NEEDS DATA,HISTORICAL TEST ONLY,NO-GO
,R.Pearsall,SF,,WR,receiving,1,74.74,74.74,STRONG_SIGNAL,STRONG_SIGNAL,STRONG_SIGNAL at 74.7. Main support: projection strength: 96.9; usage foundation: 66.7. Main caution: role and availability context: 35.0; missing signal count: 5.,projection strength: 96.9; usage foundation: 66.7,"Context V1: defense fit missing/low reliability for some players; game environment missing for some players; weather, route share, first-read share, and coverage are not sourced.",,projection strength: 96.9,usage foundation: 66.7,data quality: 65.7,role and availability context: 35.0,missing signal count: 5,review context: Context V1: defense fit missing/low reliability for some players; game environment missing,2,0,0,5,65.7,DATA_NEEDS_LIVE_CONTEXT,NEEDS DATA,NEEDS DATA,NEEDS DATA,HISTORICAL TEST ONLY,NO-GO
,D.Brown,WAS,,WR,receiving,1,74.73,74.73,STRONG_SIGNAL,STRONG_SIGNAL,STRONG_SIGNAL at 74.7. Main support: projection strength: 96.9; usage foundation: 66.7. Main caution: role and availability context: 35.0; missing signal count: 5.,projection strength: 96.9; usage foundation: 66.7,"Context V1: defense fit missing/low reliability for some players; game environment missing for some players; weather, route share, first-read share, and coverage are not sourced.",,projection strength: 96.9,usage foundation: 66.7,data quality: 65.7,role and availability context: 35.0,missing signal count: 5,review context: Context V1: defense fit missing/low reliability for some players; game environment missing,2,0,0,5,65.7,DATA_NEEDS_LIVE_CONTEXT,NEEDS DATA,NEEDS DATA,NEEDS DATA,HISTORICAL TEST ONLY,NO-GO
,D.Swift,CHI,,RB,receiving,2,74.66,74.66,STRONG_SIGNAL,STRONG_SIGNAL,STRONG_SIGNAL at 74.7. Main support: projection strength: 96.7; usage foundation: 66.7. Main caution: role and availability context: 35.0; missing signal count: 5.,projection strength: 96.7; usage foundation: 66.7,"Context V1: defense fit missing/low reliability for some players; game environment missing for some players; weather, route share, first-read share, and coverage are not sourced.",,projection strength: 96.7,usage foundation: 66.7,data quality: 65.7,role and availability context: 35.0,missing signal count: 5,review context: Context V1: defense fit missing/low reliability for some players; game environment missing,2,0,0,5,65.7,DATA_NEEDS_LIVE_CONTEXT,NEEDS DATA,NEEDS DATA,NEEDS DATA,HISTORICAL TEST ONLY,NO-GO
,K.Allen,CHI,,WR,receiving,1,74.66,74.66,STRONG_SIGNAL,STRONG_SIGNAL,STRONG_SIGNAL at 74.7. Main support: projection strength: 96.7; usage foundation: 66.7. Main caution: role and availability context: 35.0; missing signal count: 5.,projection strength: 96.7; usage foundation: 66.7,"Context V1: defense fit missing/low reliability for some players; game environment missing for some players; weather, route share, first-read share, and coverage are not sourced.",,projection strength: 96.7,usage foundation: 66.7,data quality: 65.7,role and availability context: 35.0,missing signal count: 5,review context: Context V1: defense fit missing/low reliability for some players; game environment missing,2,0,0,5,65.7,DATA_NEEDS_LIVE_CONTEXT,NEEDS DATA,NEEDS DATA,NEEDS DATA,HISTORICAL TEST ONLY,NO-GO
,J.Conner,ARI,,RB,receiving,2,74.63,74.63,STRONG_SIGNAL,STRONG_SIGNAL,STRONG_SIGNAL at 74.6. Main support: projection strength: 96.6; usage foundation: 66.7. Main caution: role and availability context: 35.0; missing signal count: 5.,projection strength: 96.6; usage foundation: 66.7,"Context V1: defense fit missing/low reliability for some players; game environment missing for some players; weather, route share, first-read share, and coverage are not sourced.",,projection strength: 96.6,usage foundation: 66.7,data quality: 65.7,role and availability context: 35.0,missing signal count: 5,review context: Context V1: defense fit missing/low reliability for some players; game environment missing,2,0,0,5,65.7,DATA_NEEDS_LIVE_CONTEXT,NEEDS DATA,NEEDS DATA,NEEDS DATA,HISTORICAL TEST ONLY,NO-GO
,J.Cowing,SF,,WR,receiving,1,74.59,74.59,STRONG_SIGNAL,STRONG_SIGNAL,STRONG_SIGNAL at 74.6. Main support: projection strength: 96.6; usage foundation: 66.7. Main caution: role and availability context: 35.0; missing signal count: 5.,projection strength: 96.6; usage foundation: 66.7,"Context V1: defense fit missing/low reliability for some players; game environment missing for some players; weather, route share, first-read share, and coverage are not sourced.",,projection strength: 96.6,usage foundation: 66.7,data quality: 65.7,role and availability context: 35.0,missing signal count: 5,review context: Context V1: defense fit missing/low reliability for some players; game environment missing,2,0,0,5,65.7,DATA_NEEDS_LIVE_CONTEXT,NEEDS DATA,NEEDS DATA,NEEDS DATA,HISTORICAL TEST ONLY,NO-GO
,T.McBride,ARI,,TE,receiving,1,74.59,74.59,STRONG_SIGNAL,STRONG_SIGNAL,STRONG_SIGNAL at 74.6. Main support: projection strength: 96.6; usage foundation: 66.7. Main caution: role and availability context: 35.0; missing signal count: 5.,projection strength: 96.6; usage foundation: 66.7,"Context V1: defense fit missing/low reliability for some players; game environment missing for some players; weather, route share, first-read share, and coverage are not sourced.",,projection strength: 96.6,usage foundation: 66.7,data quality: 65.7,role and availability context: 35.0,missing signal count: 5,review context: Context V1: defense fit missing/low reliability for some players; game environment missing,2,0,0,5,65.7,DATA_NEEDS_LIVE_CONTEXT,NEEDS DATA,NEEDS DATA,NEEDS DATA,HISTORICAL TEST ONLY,NO-GO
,B.Johnson,PIT,,WR,receiving,1,74.53,74.53,STRONG_SIGNAL,STRONG_SIGNAL,STRONG_SIGNAL at 74.5. Main support: projection strength: 96.4; usage foundation: 66.7. Main caution: role and availability context: 35.0; missing signal count: 5.,projection strength: 96.4; usage foundation: 66.7,"Context V1: defense fit missing/low reliability for some players; game environment missing for some players; weather, route share, first-read share, and coverage are not sourced.",,projection strength: 96.4,usage foundation: 66.7,data quality: 65.7,role and availability context: 35.0,missing signal count: 5,review context: Context V1: defense fit missing/low reliability for some players; game environment missing,2,0,0,5,65.7,DATA_NEEDS_LIVE_CONTEXT,NEEDS DATA,NEEDS DATA,NEEDS DATA,HISTORICAL TEST ONLY,NO-GO
,A.Pierce,IND,,WR,receiving,1,74.52,74.52,STRONG_SIGNAL,STRONG_SIGNAL,STRONG_SIGNAL at 74.5. Main support: projection strength: 96.4; usage foundation: 66.7. Main caution: role and availability context: 35.0; missing signal count: 5.,projection strength: 96.4; usage foundation: 66.7,"Context V1: defense fit missing/low reliability for some players; game environment missing for some players; weather, route share, first-read share, and coverage are not sourced.",,projection strength: 96.4,usage foundation: 66.7,data quality: 65.7,role and availability context: 35.0,missing signal count: 5,review context: Context V1: defense fit missing/low reliability for some players; game environment missing,2,0,0,5,65.7,DATA_NEEDS_LIVE_CONTEXT,NEEDS DATA,NEEDS DATA,NEEDS DATA,HISTORICAL TEST ONLY,NO-GO
,R.Shaheed,NO,,WR,receiving,1,74.38,74.38,STRONG_SIGNAL,STRONG_SIGNAL,STRONG_SIGNAL at 74.4. Main support: projection strength: 96.1; usage foundation: 66.7. Main caution: role and availability context: 35.0; missing signal count: 5.,projection strength: 96.1; usage foundation: 66.7,"Context V1: defense fit missing/low reliability for some players; game environment missing for some players; weather, route share, first-read share, and coverage are not sourced.",,projection strength: 96.1,usage foundation: 66.7,data quality: 65.7,role and availability context: 35.0,missing signal count: 5,review context: Context V1: defense fit missing/low reliability for some players; game environment missing,2,0,0,5,65.7,DATA_NEEDS_LIVE_CONTEXT,NEEDS DATA,NEEDS DATA,NEEDS DATA,HISTORICAL TEST ONLY,NO-GO
,A.Thielen,CAR,,WR,receiving,1,74.32,74.32,STRONG_SIGNAL,STRONG_SIGNAL,STRONG_SIGNAL at 74.3. Main support: projection strength: 95.9; usage foundation: 66.7. Main caution: role and availability context: 35.0; missing signal count: 5.,projection strength: 95.9; usage foundation: 66.7,"Context V1: defense fit missing/low reliability for some players; game environment missing for some players; weather, route share, first-read share, and coverage are not sourced.",,projection strength: 95.9,usage foundation: 66.7,data quality: 65.7,role and availability context: 35.0,missing signal count: 5,review context: Context V1: defense fit missing/low reliability for some players; game environment missing,2,0,0,5,65.7,DATA_NEEDS_LIVE_CONTEXT,NEEDS DATA,NEEDS DATA,NEEDS DATA,HISTORICAL TEST ONLY,NO-GO
,J.Cook,BUF,,RB,receiving,2,74.31,74.31,STRONG_SIGNAL,STRONG_SIGNAL,STRONG_SIGNAL at 74.3. Main support: projection strength: 95.9; usage foundation: 66.7. Main caution: role and availability context: 35.0; missing signal count: 5.,projection strength: 95.9; usage foundation: 66.7,"Context V1: defense fit missing/low reliability for some players; game environment missing for some players; weather, route share, first-read share, and coverage are not sourced.",,projection strength: 95.9,usage foundation: 66.7,data quality: 65.7,role and availability context: 35.0,missing signal count: 5,review context: Context V1: defense fit missing/low reliability for some players; game environment missing,2,0,0,5,65.7,DATA_NEEDS_LIVE_CONTEXT,NEEDS DATA,NEEDS DATA,NEEDS DATA,HISTORICAL TEST ONLY,NO-GO
,A.Kamara,NO,,RB,receiving,2,74.31,74.31,STRONG_SIGNAL,STRONG_SIGNAL,STRONG_SIGNAL at 74.3. Main support: projection strength: 95.9; usage foundation: 66.7. Main caution: role and availability context: 35.0; missing signal count: 5.,projection strength: 95.9; usage foundation: 66.7,"Context V1: defense fit missing/low reliability for some players; game environment missing for some players; weather, route share, first-read share, and coverage are not sourced.",,projection strength: 95.9,usage foundation: 66.7,data quality: 65.7,role and availability context: 35.0,missing signal count: 5,review context: Context V1: defense fit missing/low reliability for some players; game environment missing,2,0,0,5,65.7,DATA_NEEDS_LIVE_CONTEXT,NEEDS DATA,NEEDS DATA,NEEDS DATA,HISTORICAL TEST ONLY,NO-GO
,G.Wilson,NYJ,,WR,receiving,1,74.25,74.25,STRONG_SIGNAL,STRONG_SIGNAL,STRONG_SIGNAL at 74.2. Main support: projection strength: 95.8; usage foundation: 66.7. Main caution: role and availability context: 35.0; missing signal count: 5.,projection strength: 95.8; usage foundation: 66.7,"Context V1: defense fit missing/low reliability for some players; game environment missing for some players; weather, route share, first-read share, and coverage are not sourced.",,projection strength: 95.8,usage foundation: 66.7,data quality: 65.7,role and availability context: 35.0,missing signal count: 5,review context: Context V1: defense fit missing/low reliability for some players; game environment missing,2,0,0,5,65.7,DATA_NEEDS_LIVE_CONTEXT,NEEDS DATA,NEEDS DATA,NEEDS DATA,HISTORICAL TEST ONLY,NO-GO
,T.Hill,MIA,,WR,receiving,1,74.18,74.18,STRONG_SIGNAL,STRONG_SIGNAL,STRONG_SIGNAL at 74.2. Main support: projection strength: 95.6; usage foundation: 66.7. Main caution: role and availability context: 35.0; missing signal count: 5.,projection strength: 95.6; usage foundation: 66.7,"Context V1: defense fit missing/low reliability for some players; game environment missing for some players; weather, route share, first-read share, and coverage are not sourced.",,projection strength: 95.6,usage foundation: 66.7,data quality: 65.7,role and availability context: 35.0,missing signal count: 5,review context: Context V1: defense fit missing/low reliability for some players; game environment missing,2,0,0,5,65.7,DATA_NEEDS_LIVE_CONTEXT,NEEDS DATA,NEEDS DATA,NEEDS DATA,HISTORICAL TEST ONLY,NO-GO
,J.Nailor,MIN,,WR,receiving,1,74.16,74.16,STRONG_SIGNAL,STRONG_SIGNAL,STRONG_SIGNAL at 74.2. Main support: projection strength: 95.6; usage foundation: 66.7. Main caution: role and availability context: 35.0; missing signal count: 5.,projection strength: 95.6; usage foundation: 66.7,"Context V1: defense fit missing/low reliability for some players; game environment missing for some players; weather, route share, first-read share, and coverage are not sourced.",,projection strength: 95.6,usage foundation: 66.7,data quality: 65.7,role and availability context: 35.0,missing signal count: 5,review context: Context V1: defense fit missing/low reliability for some players; game environment missing,2,0,0,5,65.7,DATA_NEEDS_LIVE_CONTEXT,NEEDS DATA,NEEDS DATA,NEEDS DATA,HISTORICAL TEST ONLY,NO-GO
,A.Jones,MIN,,RB,receiving,2,74.14,74.14,STRONG_SIGNAL,STRONG_SIGNAL,STRONG_SIGNAL at 74.1. Main support: projection strength: 95.5; usage foundation: 66.7. Main caution: role and availability context: 35.0; missing signal count: 5.,projection strength: 95.5; usage foundation: 66.7,"Context V1: defense fit missing/low reliability for some players; game environment missing for some players; weather, route share, first-read share, and coverage are not sourced.",,projection strength: 95.5,usage foundation: 66.7,data quality: 65.7,role and availability context: 35.0,missing signal count: 5,review context: Context V1: defense fit missing/low reliability for some players; game environment missing,2,0,0,5,65.7,DATA_NEEDS_LIVE_CONTEXT,NEEDS DATA,NEEDS DATA,NEEDS DATA,HISTORICAL TEST ONLY,NO-GO
,T.Etienne,JAX,,RB,receiving,2,74.13,74.13,STRONG_SIGNAL,STRONG_SIGNAL,STRONG_SIGNAL at 74.1. Main support: projection strength: 95.5; usage foundation: 66.7. Main caution: role and availability context: 35.0; missing signal count: 5.,projection strength: 95.5; usage foundation: 66.7,"Context V1: defense fit missing/low reliability for some players; game environment missing for some players; weather, route share, first-read share, and coverage are not sourced.",,projection strength: 95.5,usage foundation: 66.7,data quality: 65.7,role and availability context: 35.0,missing signal count: 5,review context: Context V1: defense fit missing/low reliability for some players; game environment missing,2,0,0,5,65.7,DATA_NEEDS_LIVE_CONTEXT,NEEDS DATA,NEEDS DATA,NEEDS DATA,HISTORICAL TEST ONLY,NO-GO
,D.London,ATL,,WR,receiving,1,74.12,74.12,STRONG_SIGNAL,STRONG_SIGNAL,STRONG_SIGNAL at 74.1. Main support: projection strength: 95.5; usage foundation: 66.7. Main caution: role and availability context: 35.0; missing signal count: 5.,projection strength: 95.5; usage foundation: 66.7,"Context V1: defense fit missing/low reliability for some players; game environment missing for some players; weather, route share, first-read share, and coverage are not sourced.",,projection strength: 95.5,usage foundation: 66.7,data quality: 65.7,role and availability context: 35.0,missing signal count: 5,review context: Context V1: defense fit missing/low reliability for some players; game environment missing,2,0,0,5,65.7,DATA_NEEDS_LIVE_CONTEXT,NEEDS DATA,NEEDS DATA,NEEDS DATA,HISTORICAL TEST ONLY,NO-GO
,C.Lamb,DAL,,WR,receiving,1,74.05,74.05,STRONG_SIGNAL,STRONG_SIGNAL,STRONG_SIGNAL at 74.0. Main support: projection strength: 95.3; usage foundation: 66.7. Main caution: role and availability context: 35.0; missing signal count: 5.,projection strength: 95.3; usage foundation: 66.7,"Context V1: defense fit missing/low reliability for some players; game environment missing for some players; weather, route share, first-read share, and coverage are not sourced.",,projection strength: 95.3,usage foundation: 66.7,data quality: 65.7,role and availability context: 35.0,missing signal count: 5,review context: Context V1: defense fit missing/low reliability for some players; game environment missing,2,0,0,5,65.7,DATA_NEEDS_LIVE_CONTEXT,NEEDS DATA,NEEDS DATA,NEEDS DATA,HISTORICAL TEST ONLY,NO-GO
,T.Martin,TEN,,WR,receiving,1,74.02,74.02,STRONG_SIGNAL,STRONG_SIGNAL,STRONG_SIGNAL at 74.0. Main support: projection strength: 95.2; usage foundation: 66.7. Main caution: role and availability context: 35.0; missing signal count: 5.,projection strength: 95.2; usage foundation: 66.7,"Context V1: defense fit missing/low reliability for some players; game environment missing for some players; weather, route share, first-read share, and coverage are not sourced.",,projection strength: 95.2,usage foundation: 66.7,data quality: 65.7,role and availability context: 35.0,missing signal count: 5,review context: Context V1: defense fit missing/low reliability for some players; game environment missing,2,0,0,5,65.7,DATA_NEEDS_LIVE_CONTEXT,NEEDS DATA,NEEDS DATA,NEEDS DATA,HISTORICAL TEST ONLY,NO-GO
,J.Downs,IND,,WR,receiving,1,73.98,73.98,STRONG_SIGNAL,STRONG_SIGNAL,STRONG_SIGNAL at 74.0. Main support: projection strength: 95.2; usage foundation: 66.7. Main caution: role and availability context: 35.0; missing signal count: 5.,projection strength: 95.2; usage foundation: 66.7,"Context V1: defense fit missing/low reliability for some players; game environment missing for some players; weather, route share, first-read share, and coverage are not sourced.",,projection strength: 95.2,usage foundation: 66.7,data quality: 65.7,role and availability context: 35.0,missing signal count: 5,review context: Context V1: defense fit missing/low reliability for some players; game environment missing,2,0,0,5,65.7,DATA_NEEDS_LIVE_CONTEXT,NEEDS DATA,NEEDS DATA,NEEDS DATA,HISTORICAL TEST ONLY,NO-GO
00-0033106,J.Goff,DET,WAS,QB,passing,1,73.96,73.96,STRONG_SIGNAL,STRONG_SIGNAL,STRONG_SIGNAL at 74.0. Main support: recent form: 99.6; projection strength: 92.6. Main caution: usage foundation: 33.3; role and availability context: 35.0.,recent form: 99.6; projection strength: 92.6,"Context V1: defense fit missing/low reliability for some players; game environment missing for some players; weather, route share, first-read share, and coverage are not sourced.",,recent form: 99.6,projection strength: 92.6,data quality: 79.0,usage foundation: 33.3,role and availability context: 35.0,missing signal count: 3,3,0,0,3,79.0,DATA_NEEDS_LIVE_CONTEXT,NEEDS DATA,NEEDS DATA,NEEDS DATA,HISTORICAL TEST ONLY,NO-GO
,J.Palmer,LAC,,WR,receiving,1,73.95,73.95,STRONG_SIGNAL,STRONG_SIGNAL,STRONG_SIGNAL at 74.0. Main support: projection strength: 95.1; usage foundation: 66.7. Main caution: role and availability context: 35.0; missing signal count: 5.,projection strength: 95.1; usage foundation: 66.7,"Context V1: defense fit missing/low reliability for some players; game environment missing for some players; weather, route share, first-read share, and coverage are not sourced.",,projection strength: 95.1,usage foundation: 66.7,data quality: 65.7,role and availability context: 35.0,missing signal count: 5,review context: Context V1: defense fit missing/low reliability for some players; game environment missing,2,0,0,5,65.7,DATA_NEEDS_LIVE_CONTEXT,NEEDS DATA,NEEDS DATA,NEEDS DATA,HISTORICAL TEST ONLY,NO-GO
,D.Samuel,SF,,WR,receiving,2,73.88,73.88,STRONG_SIGNAL,STRONG_SIGNAL,STRONG_SIGNAL at 73.9. Main support: projection strength: 94.9; usage foundation: 66.7. Main caution: role and availability context: 35.0; missing signal count: 5.,projection strength: 94.9; usage foundation: 66.7,"Context V1: defense fit missing/low reliability for some players; game environment missing for some players; weather, route share, first-read share, and coverage are not sourced.",,projection strength: 94.9,usage foundation: 66.7,data quality: 65.7,role and availability context: 35.0,missing signal count: 5,review context: Context V1: defense fit missing/low reliability for some players; game environment missing,2,0,0,5,65.7,DATA_NEEDS_LIVE_CONTEXT,NEEDS DATA,NEEDS DATA,NEEDS DATA,HISTORICAL TEST ONLY,NO-GO
,M.Washington,MIA,,WR,receiving,1,73.84,73.84,STRONG_SIGNAL,STRONG_SIGNAL,STRONG_SIGNAL at 73.8. Main support: projection strength: 94.8; usage foundation: 66.7. Main caution: role and availability context: 35.0; missing signal count: 5.,projection strength: 94.8; usage foundation: 66.7,"Context V1: defense fit missing/low reliability for some players; game environment missing for some players; weather, route share, first-read share, and coverage are not sourced.",,projection strength: 94.8,usage foundation: 66.7,data quality: 65.7,role and availability context: 35.0,missing signal count: 5,review context: Context V1: defense fit missing/low reliability for some players; game environment missing,2,0,0,5,65.7,DATA_NEEDS_LIVE_CONTEXT,NEEDS DATA,NEEDS DATA,NEEDS DATA,HISTORICAL TEST ONLY,NO-GO
,J.Dobbins,LAC,,RB,receiving,2,73.82,73.82,STRONG_SIGNAL,STRONG_SIGNAL,STRONG_SIGNAL at 73.8. Main support: projection strength: 94.8; usage foundation: 66.7. Main caution: role and availability context: 35.0; missing signal count: 5.,projection strength: 94.8; usage foundation: 66.7,"Context V1: defense fit missing/low reliability for some players; game environment missing for some players; weather, route share, first-read share, and coverage are not sourced.",,projection strength: 94.8,usage foundation: 66.7,data quality: 65.7,role and availability context: 35.0,missing signal count: 5,review context: Context V1: defense fit missing/low reliability for some players; game environment missing,2,0,0,5,65.7,DATA_NEEDS_LIVE_CONTEXT,NEEDS DATA,NEEDS DATA,NEEDS DATA,HISTORICAL TEST ONLY,NO-GO
,R.Rice,KC,,WR,receiving,1,73.78,73.78,STRONG_SIGNAL,STRONG_SIGNAL,STRONG_SIGNAL at 73.8. Main support: projection strength: 94.7; usage foundation: 66.7. Main caution: role and availability context: 35.0; missing signal count: 5.,projection strength: 94.7; usage foundation: 66.7,"Context V1: defense fit missing/low reliability for some players; game environment missing for some players; weather, route share, first-read share, and coverage are not sourced.",,projection strength: 94.7,usage foundation: 66.7,data quality: 65.7,role and availability context: 35.0,missing signal count: 5,review context: Context V1: defense fit missing/low reliability for some players; game environment missing,2,0,0,5,65.7,DATA_NEEDS_LIVE_CONTEXT,NEEDS DATA,NEEDS DATA,NEEDS DATA,HISTORICAL TEST ONLY,NO-GO
,K.Walker,SEA,,RB,receiving,2,73.77,73.77,STRONG_SIGNAL,STRONG_SIGNAL,STRONG_SIGNAL at 73.8. Main support: projection strength: 94.7; usage foundation: 66.7. Main caution: role and availability context: 35.0; missing signal count: 5.,projection strength: 94.7; usage foundation: 66.7,"Context V1: defense fit missing/low reliability for some players; game environment missing for some players; weather, route share, first-read share, and coverage are not sourced.",,projection strength: 94.7,usage foundation: 66.7,data quality: 65.7,role and availability context: 35.0,missing signal count: 5,review context: Context V1: defense fit missing/low reliability for some players; game environment missing,2,0,0,5,65.7,DATA_NEEDS_LIVE_CONTEXT,NEEDS DATA,NEEDS DATA,NEEDS DATA,HISTORICAL TEST ONLY,NO-GO
,J.Goff,DET,WAS,QB,rushing,2,73.73,73.73,STRONG_SIGNAL,STRONG_SIGNAL,STRONG_SIGNAL at 73.7. Main support: projection strength: 94.6; usage foundation: 66.7. Main caution: role and availability context: 35.0; missing signal count: 5.,projection strength: 94.6; usage foundation: 66.7,"Context V1: defense fit missing/low reliability for some players; game environment missing for some players; weather, route share, first-read share, and coverage are not sourced.",,projection strength: 94.6,usage foundation: 66.7,data quality: 65.7,role and availability context: 35.0,missing signal count: 5,review context: Context V1: defense fit missing/low reliability for some players; game environment missing,2,0,0,5,65.7,DATA_NEEDS_LIVE_CONTEXT,NEEDS DATA,NEEDS DATA,NEEDS DATA,HISTORICAL TEST ONLY,NO-GO
,N.Brown,WAS,,WR,receiving,1,73.73,73.73,STRONG_SIGNAL,STRONG_SIGNAL,STRONG_SIGNAL at 73.7. Main support: projection strength: 94.6; usage foundation: 66.7. Main caution: role and availability context: 35.0; missing signal count: 5.,projection strength: 94.6; usage foundation: 66.7,"Context V1: defense fit missing/low reliability for some players; game environment missing for some players; weather, route share, first-read share, and coverage are not sourced.",,projection strength: 94.6,usage foundation: 66.7,data quality: 65.7,role and availability context: 35.0,missing signal count: 5,review context: Context V1: defense fit missing/low reliability for some players; game environment missing,2,0,0,5,65.7,DATA_NEEDS_LIVE_CONTEXT,NEEDS DATA,NEEDS DATA,NEEDS DATA,HISTORICAL TEST ONLY,NO-GO
,M.Pittman,IND,,WR,receiving,1,73.71,73.71,STRONG_SIGNAL,STRONG_SIGNAL,STRONG_SIGNAL at 73.7. Main support: projection strength: 94.5; usage foundation: 66.7. Main caution: role and availability context: 35.0; missing signal count: 5.,projection strength: 94.5; usage foundation: 66.7,"Context V1: defense fit missing/low reliability for some players; game environment missing for some players; weather, route share, first-read share, and coverage are not sourced.",,projection strength: 94.5,usage foundation: 66.7,data quality: 65.7,role and availability context: 35.0,missing signal count: 5,review context: Context V1: defense fit missing/low reliability for some players; game environment missing,2,0,0,5,65.7,DATA_NEEDS_LIVE_CONTEXT,NEEDS DATA,NEEDS DATA,NEEDS DATA,HISTORICAL TEST ONLY,NO-GO
,G.Pickens,PIT,,WR,receiving,1,73.66,73.66,STRONG_SIGNAL,STRONG_SIGNAL,STRONG_SIGNAL at 73.7. Main support: projection strength: 94.4; usage foundation: 66.7. Main caution: role and availability context: 35.0; missing signal count: 5.,projection strength: 94.4; usage foundation: 66.7,"Context V1: defense fit missing/low reliability for some players; game environment missing for some players; weather, route share, first-read share, and coverage are not sourced.",,projection strength: 94.4,usage foundation: 66.7,data quality: 65.7,role and availability context: 35.0,missing signal count: 5,review context: Context V1: defense fit missing/low reliability for some players; game environment missing,2,0,0,5,65.7,DATA_NEEDS_LIVE_CONTEXT,NEEDS DATA,NEEDS DATA,NEEDS DATA,HISTORICAL TEST ONLY,NO-GO
,D.Njoku,CLE,,TE,receiving,1,73.64,73.64,STRONG_SIGNAL,STRONG_SIGNAL,STRONG_SIGNAL at 73.6. Main support: projection strength: 94.4; usage foundation: 66.7. Main caution: role and availability context: 35.0; missing signal count: 5.,projection strength: 94.4; usage foundation: 66.7,"Context V1: defense fit missing/low reliability for some players; game environment missing for some players; weather, route share, first-read share, and coverage are not sourced.",,projection strength: 94.4,usage foundation: 66.7,data quality: 65.7,role and availability context: 35.0,missing signal count: 5,review context: Context V1: defense fit missing/low reliability for some players; game environment missing,2,0,0,5,65.7,DATA_NEEDS_LIVE_CONTEXT,NEEDS DATA,NEEDS DATA,NEEDS DATA,HISTORICAL TEST ONLY,NO-GO
,T.Allgeier,ATL,,RB,receiving,2,73.59,73.59,STRONG_SIGNAL,STRONG_SIGNAL,STRONG_SIGNAL at 73.6. Main support: projection strength: 94.3; usage foundation: 66.7. Main caution: role and availability context: 35.0; missing signal count: 5.,projection strength: 94.3; usage foundation: 66.7,"Context V1: defense fit missing/low reliability for some players; game environment missing for some players; weather, route share, first-read share, and coverage are not sourced.",,projection strength: 94.3,usage foundation: 66.7,data quality: 65.7,role and availability context: 35.0,missing signal count: 5,review context: Context V1: defense fit missing/low reliability for some players; game environment missing,2,0,0,5,65.7,DATA_NEEDS_LIVE_CONTEXT,NEEDS DATA,NEEDS DATA,NEEDS DATA,HISTORICAL TEST ONLY,NO-GO
,M.Harrison,ARI,,WR,receiving,1,73.59,73.59,STRONG_SIGNAL,STRONG_SIGNAL,STRONG_SIGNAL at 73.6. Main support: projection strength: 94.3; usage foundation: 66.7. Main caution: role and availability context: 35.0; missing signal count: 5.,projection strength: 94.3; usage foundation: 66.7,"Context V1: defense fit missing/low reliability for some players; game environment missing for some players; weather, route share, first-read share, and coverage are not sourced.",,projection strength: 94.3,usage foundation: 66.7,data quality: 65.7,role and availability context: 35.0,missing signal count: 5,review context: Context V1: defense fit missing/low reliability for some players; game environment missing,2,0,0,5,65.7,DATA_NEEDS_LIVE_CONTEXT,NEEDS DATA,NEEDS DATA,NEEDS DATA,HISTORICAL TEST ONLY,NO-GO
,J.Smith,MIA,,TE,receiving,1,73.57,73.57,STRONG_SIGNAL,STRONG_SIGNAL,STRONG_SIGNAL at 73.6. Main support: projection strength: 94.2; usage foundation: 66.7. Main caution: role and availability context: 35.0; missing signal count: 5.,projection strength: 94.2; usage foundation: 66.7,"Context V1: defense fit missing/low reliability for some players; game environment missing for some players; weather, route share, first-read share, and coverage are not sourced.",,projection strength: 94.2,usage foundation: 66.7,data quality: 65.7,role and availability context: 35.0,missing signal count: 5,review context: Context V1: defense fit missing/low reliability for some players; game environment missing,2,0,0,5,65.7,DATA_NEEDS_LIVE_CONTEXT,NEEDS DATA,NEEDS DATA,NEEDS DATA,HISTORICAL TEST ONLY,NO-GO
,K.Pryor,CIN,,WR,receiving,1,73.5,73.5,STRONG_SIGNAL,STRONG_SIGNAL,STRONG_SIGNAL at 73.5. Main support: projection strength: 94.1; usage foundation: 66.7. Main caution: role and availability context: 35.0; missing signal count: 5.,projection strength: 94.1; usage foundation: 66.7,"Context V1: defense fit missing/low reliability for some players; game environment missing for some players; weather, route share, first-read share, and coverage are not sourced.",,projection strength: 94.1,usage foundation: 66.7,data quality: 65.7,role and availability context: 35.0,missing signal count: 5,review context: Context V1: defense fit missing/low reliability for some players; game environment missing,2,0,0,5,65.7,DATA_NEEDS_LIVE_CONTEXT,NEEDS DATA,NEEDS DATA,NEEDS DATA,HISTORICAL TEST ONLY,NO-GO
,C.McCaffrey,SF,,RB,receiving,2,73.49,73.49,STRONG_SIGNAL,STRONG_SIGNAL,STRONG_SIGNAL at 73.5. Main support: projection strength: 94.0; usage foundation: 66.7. Main caution: role and availability context: 35.0; missing signal count: 5.,projection strength: 94.0; usage foundation: 66.7,"Context V1: defense fit missing/low reliability for some players; game environment missing for some players; weather, route share, first-read share, and coverage are not sourced.",,projection strength: 94.0,usage foundation: 66.7,data quality: 65.7,role and availability context: 35.0,missing signal count: 5,review context: Context V1: defense fit missing/low reliability for some players; game environment missing,2,0,0,5,65.7,DATA_NEEDS_LIVE_CONTEXT,NEEDS DATA,NEEDS DATA,NEEDS DATA,HISTORICAL TEST ONLY,NO-GO
,J.Daniels,WAS,PHI,QB,rushing,2,73.45,73.45,STRONG_SIGNAL,STRONG_SIGNAL,STRONG_SIGNAL at 73.5. Main support: projection strength: 93.9; usage foundation: 66.7. Main caution: role and availability context: 35.0; missing signal count: 5.,projection strength: 93.9; usage foundation: 66.7,"Context V1: defense fit missing/low reliability for some players; game environment missing for some players; weather, route share, first-read share, and coverage are not sourced.",,projection strength: 93.9,usage foundation: 66.7,data quality: 65.7,role and availability context: 35.0,missing signal count: 5,review context: Context V1: defense fit missing/low reliability for some players; game environment missing,2,0,0,5,65.7,DATA_NEEDS_LIVE_CONTEXT,NEEDS DATA,NEEDS DATA,NEEDS DATA,HISTORICAL TEST ONLY,NO-GO
,K.Shakir,BUF,,WR,receiving,1,73.43,73.43,STRONG_SIGNAL,STRONG_SIGNAL,STRONG_SIGNAL at 73.4. Main support: projection strength: 93.9; usage foundation: 66.7. Main caution: role and availability context: 35.0; missing signal count: 5.,projection strength: 93.9; usage foundation: 66.7,"Context V1: defense fit missing/low reliability for some players; game environment missing for some players; weather, route share, first-read share, and coverage are not sourced.",,projection strength: 93.9,usage foundation: 66.7,data quality: 65.7,role and availability context: 35.0,missing signal count: 5,review context: Context V1: defense fit missing/low reliability for some players; game environment missing,2,0,0,5,65.7,DATA_NEEDS_LIVE_CONTEXT,NEEDS DATA,NEEDS DATA,NEEDS DATA,HISTORICAL TEST ONLY,NO-GO
,R.White,TB,,RB,receiving,2,73.41,73.41,STRONG_SIGNAL,STRONG_SIGNAL,STRONG_SIGNAL at 73.4. Main support: projection strength: 93.8; usage foundation: 66.7. Main caution: role and availability context: 35.0; missing signal count: 5.,projection strength: 93.8; usage foundation: 66.7,"Context V1: defense fit missing/low reliability for some players; game environment missing for some players; weather, route share, first-read share, and coverage are not sourced.",,projection strength: 93.8,usage foundation: 66.7,data quality: 65.7,role and availability context: 35.0,missing signal count: 5,review context: Context V1: defense fit missing/low reliability for some players; game environment missing,2,0,0,5,65.7,DATA_NEEDS_LIVE_CONTEXT,NEEDS DATA,NEEDS DATA,NEEDS DATA,HISTORICAL TEST ONLY,NO-GO
,M.Valdes-Scantling,NO,,WR,receiving,1,73.37,73.37,STRONG_SIGNAL,STRONG_SIGNAL,STRONG_SIGNAL at 73.4. Main support: projection strength: 93.8; usage foundation: 66.7. Main caution: role and availability context: 35.0; missing signal count: 5.,projection strength: 93.8; usage foundation: 66.7,"Context V1: defense fit missing/low reliability for some players; game environment missing for some players; weather, route share, first-read share, and coverage are not sourced.",,projection strength: 93.8,usage foundation: 66.7,data quality: 65.7,role and availability context: 35.0,missing signal count: 5,review context: Context V1: defense fit missing/low reliability for some players; game environment missing,2,0,0,5,65.7,DATA_NEEDS_LIVE_CONTEXT,NEEDS DATA,NEEDS DATA,NEEDS DATA,HISTORICAL TEST ONLY,NO-GO
,N.Harris,PIT,,RB,receiving,2,73.33,73.33,STRONG_SIGNAL,STRONG_SIGNAL,STRONG_SIGNAL at 73.3. Main support: projection strength: 93.7; usage foundation: 66.7. Main caution: role and availability context: 35.0; missing signal count: 5.,projection strength: 93.7; usage foundation: 66.7,"Context V1: defense fit missing/low reliability for some players; game environment missing for some players; weather, route share, first-read share, and coverage are not sourced.",,projection strength: 93.7,usage foundation: 66.7,data quality: 65.7,role and availability context: 35.0,missing signal count: 5,review context: Context V1: defense fit missing/low reliability for some players; game environment missing,2,0,0,5,65.7,DATA_NEEDS_LIVE_CONTEXT,NEEDS DATA,NEEDS DATA,NEEDS DATA,HISTORICAL TEST ONLY,NO-GO
,C.White,SEA,,WR,receiving,1,73.3,73.3,STRONG_SIGNAL,STRONG_SIGNAL,STRONG_SIGNAL at 73.3. Main support: projection strength: 93.6; usage foundation: 66.7. Main caution: role and availability context: 35.0; missing signal count: 5.,projection strength: 93.6; usage foundation: 66.7,"Context V1: defense fit missing/low reliability for some players; game environment missing for some players; weather, route share, first-read share, and coverage are not sourced.",,projection strength: 93.6,usage foundation: 66.7,data quality: 65.7,role and availability context: 35.0,missing signal count: 5,review context: Context V1: defense fit missing/low reliability for some players; game environment missing,2,0,0,5,65.7,DATA_NEEDS_LIVE_CONTEXT,NEEDS DATA,NEEDS DATA,NEEDS DATA,HISTORICAL TEST ONLY,NO-GO
,C.Tillman,CLE,,WR,receiving,1,73.3,73.3,STRONG_SIGNAL,STRONG_SIGNAL,STRONG_SIGNAL at 73.3. Main support: projection strength: 93.6; usage foundation: 66.7. Main caution: role and availability context: 35.0; missing signal count: 5.,projection strength: 93.6; usage foundation: 66.7,"Context V1: defense fit missing/low reliability for some players; game environment missing for some players; weather, route share, first-read share, and coverage are not sourced.",,projection strength: 93.6,usage foundation: 66.7,data quality: 65.7,role and availability context: 35.0,missing signal count: 5,review context: Context V1: defense fit missing/low reliability for some players; game environment missing,2,0,0,5,65.7,DATA_NEEDS_LIVE_CONTEXT,NEEDS DATA,NEEDS DATA,NEEDS DATA,HISTORICAL TEST ONLY,NO-GO
,J.Coker,CAR,,WR,receiving,1,73.23,73.23,STRONG_SIGNAL,STRONG_SIGNAL,STRONG_SIGNAL at 73.2. Main support: projection strength: 93.4; usage foundation: 66.7. Main caution: role and availability context: 35.0; missing signal count: 5.,projection strength: 93.4; usage foundation: 66.7,"Context V1: defense fit missing/low reliability for some players; game environment missing for some players; weather, route share, first-read share, and coverage are not sourced.",,projection strength: 93.4,usage foundation: 66.7,data quality: 65.7,role and availability context: 35.0,missing signal count: 5,review context: Context V1: defense fit missing/low reliability for some players; game environment missing,2,0,0,5,65.7,DATA_NEEDS_LIVE_CONTEXT,NEEDS DATA,NEEDS DATA,NEEDS DATA,HISTORICAL TEST ONLY,NO-GO
,G.Kittle,SF,,TE,receiving,1,73.16,73.16,STRONG_SIGNAL,STRONG_SIGNAL,STRONG_SIGNAL at 73.2. Main support: projection strength: 93.3; usage foundation: 66.7. Main caution: role and availability context: 35.0; missing signal count: 5.,projection strength: 93.3; usage foundation: 66.7,"Context V1: defense fit missing/low reliability for some players; game environment missing for some players; weather, route share, first-read share, and coverage are not sourced.",,projection strength: 93.3,usage foundation: 66.7,data quality: 65.7,role and availability context: 35.0,missing signal count: 5,review context: Context V1: defense fit missing/low reliability for some players; game environment missing,2,0,0,5,65.7,DATA_NEEDS_LIVE_CONTEXT,NEEDS DATA,NEEDS DATA,NEEDS DATA,HISTORICAL TEST ONLY,NO-GO
,B.Bowers,LV,,TE,receiving,1,73.09,73.09,STRONG_SIGNAL,STRONG_SIGNAL,STRONG_SIGNAL at 73.1. Main support: projection strength: 93.1; usage foundation: 66.7. Main caution: role and availability context: 35.0; missing signal count: 5.,projection strength: 93.1; usage foundation: 66.7,"Context V1: defense fit missing/low reliability for some players; game environment missing for some players; weather, route share, first-read share, and coverage are not sourced.",,projection strength: 93.1,usage foundation: 66.7,data quality: 65.7,role and availability context: 35.0,missing signal count: 5,review context: Context V1: defense fit missing/low reliability for some players; game environment missing,2,0,0,5,65.7,DATA_NEEDS_LIVE_CONTEXT,NEEDS DATA,NEEDS DATA,NEEDS DATA,HISTORICAL TEST ONLY,NO-GO
,T.Bigsby,JAX,,RB,receiving,2,73.05,73.05,STRONG_SIGNAL,STRONG_SIGNAL,STRONG_SIGNAL at 73.0. Main support: projection strength: 93.0; usage foundation: 66.7. Main caution: role and availability context: 35.0; missing signal count: 5.,projection strength: 93.0; usage foundation: 66.7,"Context V1: defense fit missing/low reliability for some players; game environment missing for some players; weather, route share, first-read share, and coverage are not sourced.",,projection strength: 93.0,usage foundation: 66.7,data quality: 65.7,role and availability context: 35.0,missing signal count: 5,review context: Context V1: defense fit missing/low reliability for some players; game environment missing,2,0,0,5,65.7,DATA_NEEDS_LIVE_CONTEXT,NEEDS DATA,NEEDS DATA,NEEDS DATA,HISTORICAL TEST ONLY,NO-GO
,C.Olave,NO,,WR,receiving,1,73.02,73.02,STRONG_SIGNAL,STRONG_SIGNAL,STRONG_SIGNAL at 73.0. Main support: projection strength: 93.0; usage foundation: 66.7. Main caution: role and availability context: 35.0; missing signal count: 5.,projection strength: 93.0; usage foundation: 66.7,"Context V1: defense fit missing/low reliability for some players; game environment missing for some players; weather, route share, first-read share, and coverage are not sourced.",,projection strength: 93.0,usage foundation: 66.7,data quality: 65.7,role and availability context: 35.0,missing signal count: 5,review context: Context V1: defense fit missing/low reliability for some players; game environment missing,2,0,0,5,65.7,DATA_NEEDS_LIVE_CONTEXT,NEEDS DATA,NEEDS DATA,NEEDS DATA,HISTORICAL TEST ONLY,NO-GO
,C.Brown,CIN,,RB,receiving,2,72.87,72.87,STRONG_SIGNAL,STRONG_SIGNAL,STRONG_SIGNAL at 72.9. Main support: projection strength: 92.6; usage foundation: 66.7. Main caution: role and availability context: 35.0; missing signal count: 5.,projection strength: 92.6; usage foundation: 66.7,"Context V1: defense fit missing/low reliability for some players; game environment missing for some players; weather, route share, first-read share, and coverage are not sourced.",,projection strength: 92.6,usage foundation: 66.7,data quality: 65.7,role and availability context: 35.0,missing signal count: 5,review context: Context V1: defense fit missing/low reliability for some players; game environment missing,2,0,0,5,65.7,DATA_NEEDS_LIVE_CONTEXT,NEEDS DATA,NEEDS DATA,NEEDS DATA,HISTORICAL TEST ONLY,NO-GO
,D.Montgomery,DET,,RB,receiving,2,72.84,72.84,STRONG_SIGNAL,STRONG_SIGNAL,STRONG_SIGNAL at 72.8. Main support: projection strength: 92.5; usage foundation: 66.7. Main caution: role and availability context: 35.0; missing signal count: 5.,projection strength: 92.5; usage foundation: 66.7,"Context V1: defense fit missing/low reliability for some players; game environment missing for some players; weather, route share, first-read share, and coverage are not sourced.",,projection strength: 92.5,usage foundation: 66.7,data quality: 65.7,role and availability context: 35.0,missing signal count: 5,review context: Context V1: defense fit missing/low reliability for some players; game environment missing,2,0,0,5,65.7,DATA_NEEDS_LIVE_CONTEXT,NEEDS DATA,NEEDS DATA,NEEDS DATA,HISTORICAL TEST ONLY,NO-GO
,M.Gesicki,CIN,,TE,receiving,1,72.82,72.82,STRONG_SIGNAL,STRONG_SIGNAL,STRONG_SIGNAL at 72.8. Main support: projection strength: 92.5; usage foundation: 66.7. Main caution: role and availability context: 35.0; missing signal count: 5.,projection strength: 92.5; usage foundation: 66.7,"Context V1: defense fit missing/low reliability for some players; game environment missing for some players; weather, route share, first-read share, and coverage are not sourced.",,projection strength: 92.5,usage foundation: 66.7,data quality: 65.7,role and availability context: 35.0,missing signal count: 5,review context: Context V1: defense fit missing/low reliability for some players; game environment missing,2,0,0,5,65.7,DATA_NEEDS_LIVE_CONTEXT,NEEDS DATA,NEEDS DATA,NEEDS DATA,HISTORICAL TEST ONLY,NO-GO
,C.Sutton,DEN,,WR,receiving,1,72.8,72.8,STRONG_SIGNAL,STRONG_SIGNAL,STRONG_SIGNAL at 72.8. Main support: projection strength: 92.5; usage foundation: 66.7. Main caution: role and availability context: 35.0; missing signal count: 5.,projection strength: 92.5; usage foundation: 66.7,"Context V1: defense fit missing/low reliability for some players; game environment missing for some players; weather, route share, first-read share, and coverage are not sourced.",,projection strength: 92.5,usage foundation: 66.7,data quality: 65.7,role and availability context: 35.0,missing signal count: 5,review context: Context V1: defense fit missing/low reliability for some players; game environment missing,2,0,0,5,65.7,DATA_NEEDS_LIVE_CONTEXT,NEEDS DATA,NEEDS DATA,NEEDS DATA,HISTORICAL TEST ONLY,NO-GO
,Q.Johnston,LAC,,WR,receiving,1,72.68,72.68,STRONG_SIGNAL,STRONG_SIGNAL,STRONG_SIGNAL at 72.7. Main support: projection strength: 92.2; usage foundation: 66.7. Main caution: role and availability context: 35.0; missing signal count: 5.,projection strength: 92.2; usage foundation: 66.7,"Context V1: defense fit missing/low reliability for some players; game environment missing for some players; weather, route share, first-read share, and coverage are not sourced.",,projection strength: 92.2,usage foundation: 66.7,data quality: 65.7,role and availability context: 35.0,missing signal count: 5,review context: Context V1: defense fit missing/low reliability for some players; game environment missing,2,0,0,5,65.7,DATA_NEEDS_LIVE_CONTEXT,NEEDS DATA,NEEDS DATA,NEEDS DATA,HISTORICAL TEST ONLY,NO-GO
,B.Hall,NYJ,,RB,receiving,2,72.67,72.67,STRONG_SIGNAL,STRONG_SIGNAL,STRONG_SIGNAL at 72.7. Main support: projection strength: 92.2; usage foundation: 66.7. Main caution: role and availability context: 35.0; missing signal count: 5.,projection strength: 92.2; usage foundation: 66.7,"Context V1: defense fit missing/low reliability for some players; game environment missing for some players; weather, route share, first-read share, and coverage are not sourced.",,projection strength: 92.2,usage foundation: 66.7,data quality: 65.7,role and availability context: 35.0,missing signal count: 5,review context: Context V1: defense fit missing/low reliability for some players; game environment missing,2,0,0,5,65.7,DATA_NEEDS_LIVE_CONTEXT,NEEDS DATA,NEEDS DATA,NEEDS DATA,HISTORICAL TEST ONLY,NO-GO
,E.Engram,JAX,,TE,receiving,1,72.61,72.61,STRONG_SIGNAL,STRONG_SIGNAL,STRONG_SIGNAL at 72.6. Main support: projection strength: 92.0; usage foundation: 66.7. Main caution: role and availability context: 35.0; missing signal count: 5.,projection strength: 92.0; usage foundation: 66.7,"Context V1: defense fit missing/low reliability for some players; game environment missing for some players; weather, route share, first-read share, and coverage are not sourced.",,projection strength: 92.0,usage foundation: 66.7,data quality: 65.7,role and availability context: 35.0,missing signal count: 5,review context: Context V1: defense fit missing/low reliability for some players; game environment missing,2,0,0,5,65.7,DATA_NEEDS_LIVE_CONTEXT,NEEDS DATA,NEEDS DATA,NEEDS DATA,HISTORICAL TEST ONLY,NO-GO
,J.Waddle,MIA,,WR,receiving,1,72.51,72.51,STRONG_SIGNAL,STRONG_SIGNAL,STRONG_SIGNAL at 72.5. Main support: projection strength: 91.8; usage foundation: 66.7. Main caution: role and availability context: 35.0; missing signal count: 5.,projection strength: 91.8; usage foundation: 66.7,"Context V1: defense fit missing/low reliability for some players; game environment missing for some players; weather, route share, first-read share, and coverage are not sourced.",,projection strength: 91.8,usage foundation: 66.7,data quality: 65.7,role and availability context: 35.0,missing signal count: 5,review context: Context V1: defense fit missing/low reliability for some players; game environment missing,2,0,0,5,65.7,DATA_NEEDS_LIVE_CONTEXT,NEEDS DATA,NEEDS DATA,NEEDS DATA,HISTORICAL TEST ONLY,NO-GO
,P.Freiermuth,PIT,,TE,receiving,1,72.48,72.48,STRONG_SIGNAL,STRONG_SIGNAL,STRONG_SIGNAL at 72.5. Main support: projection strength: 91.7; usage foundation: 66.7. Main caution: role and availability context: 35.0; missing signal count: 5.,projection strength: 91.7; usage foundation: 66.7,"Context V1: defense fit missing/low reliability for some players; game environment missing for some players; weather, route share, first-read share, and coverage are not sourced.",,projection strength: 91.7,usage foundation: 66.7,data quality: 65.7,role and availability context: 35.0,missing signal count: 5,review context: Context V1: defense fit missing/low reliability for some players; game environment missing,2,0,0,5,65.7,DATA_NEEDS_LIVE_CONTEXT,NEEDS DATA,NEEDS DATA,NEEDS DATA,HISTORICAL TEST ONLY,NO-GO
,D.Metcalf,SEA,,WR,receiving,1,72.44,72.44,STRONG_SIGNAL,STRONG_SIGNAL,STRONG_SIGNAL at 72.4. Main support: projection strength: 91.6; usage foundation: 66.7. Main caution: role and availability context: 35.0; missing signal count: 5.,projection strength: 91.6; usage foundation: 66.7,"Context V1: defense fit missing/low reliability for some players; game environment missing for some players; weather, route share, first-read share, and coverage are not sourced.",,projection strength: 91.6,usage foundation: 66.7,data quality: 65.7,role and availability context: 35.0,missing signal count: 5,review context: Context V1: defense fit missing/low reliability for some players; game environment missing,2,0,0,5,65.7,DATA_NEEDS_LIVE_CONTEXT,NEEDS DATA,NEEDS DATA,NEEDS DATA,HISTORICAL TEST ONLY,NO-GO
00-0035228,K.Murray,ARI,SF,QB,passing,1,72.34,72.34,STRONG_SIGNAL,STRONG_SIGNAL,STRONG_SIGNAL at 72.3. Main support: projection strength: 100.0; recent form: 99.7. Main caution: opponent defense fit: 27.8; usage foundation: 33.3.,projection strength: 100.0; recent form: 99.7,"Context V1: defense fit missing/low reliability for some players; game environment missing for some players; weather, route share, first-read share, and coverage are not sourced.",,projection strength: 100.0,recent form: 99.7,data quality: 79.0,opponent defense fit: 27.8,usage foundation: 33.3,role and availability context: 35.0,2,0,0,3,79.0,DATA_NEEDS_LIVE_CONTEXT,NEEDS DATA,NEEDS DATA,NEEDS DATA,HISTORICAL TEST ONLY,NO-GO
,X.Worthy,KC,,WR,receiving,1,72.34,72.34,STRONG_SIGNAL,STRONG_SIGNAL,STRONG_SIGNAL at 72.3. Main support: projection strength: 91.4; usage foundation: 66.7. Main caution: role and availability context: 35.0; missing signal count: 5.,projection strength: 91.4; usage foundation: 66.7,"Context V1: defense fit missing/low reliability for some players; game environment missing for some players; weather, route share, first-read share, and coverage are not sourced.",,projection strength: 91.4,usage foundation: 66.7,data quality: 65.7,role and availability context: 35.0,missing signal count: 5,review context: Context V1: defense fit missing/low reliability for some players; game environment missing,2,0,0,5,65.7,DATA_NEEDS_LIVE_CONTEXT,NEEDS DATA,NEEDS DATA,NEEDS DATA,HISTORICAL TEST ONLY,NO-GO
,D.Achane,MIA,,RB,receiving,2,72.18,72.18,STRONG_SIGNAL,STRONG_SIGNAL,STRONG_SIGNAL at 72.2. Main support: projection strength: 91.0; usage foundation: 66.7. Main caution: role and availability context: 35.0; missing signal count: 5.,projection strength: 91.0; usage foundation: 66.7,"Context V1: defense fit missing/low reliability for some players; game environment missing for some players; weather, route share, first-read share, and coverage are not sourced.",,projection strength: 91.0,usage foundation: 66.7,data quality: 65.7,role and availability context: 35.0,missing signal count: 5,review context: Context V1: defense fit missing/low reliability for some players; game environment missing,2,0,0,5,65.7,DATA_NEEDS_LIVE_CONTEXT,NEEDS DATA,NEEDS DATA,NEEDS DATA,HISTORICAL TEST ONLY,NO-GO
,J.Burton,CIN,,WR,receiving,1,72.15,72.15,STRONG_SIGNAL,STRONG_SIGNAL,STRONG_SIGNAL at 72.2. Main support: projection strength: 91.0; usage foundation: 66.7. Main caution: role and availability context: 35.0; missing signal count: 5.,projection strength: 91.0; usage foundation: 66.7,"Context V1: defense fit missing/low reliability for some players; game environment missing for some players; weather, route share, first-read share, and coverage are not sourced.",,projection strength: 91.0,usage foundation: 66.7,data quality: 65.7,role and availability context: 35.0,missing signal count: 5,review context: Context V1: defense fit missing/low reliability for some players; game environment missing,2,0,0,5,65.7,DATA_NEEDS_LIVE_CONTEXT,NEEDS DATA,NEEDS DATA,NEEDS DATA,HISTORICAL TEST ONLY,NO-GO
,C.Jones,CIN,,WR,receiving,1,72.14,72.14,STRONG_SIGNAL,STRONG_SIGNAL,STRONG_SIGNAL at 72.1. Main support: projection strength: 90.9; usage foundation: 66.7. Main caution: role and availability context: 35.0; missing signal count: 5.,projection strength: 90.9; usage foundation: 66.7,"Context V1: defense fit missing/low reliability for some players; game environment missing for some players; weather, route share, first-read share, and coverage are not sourced.",,projection strength: 90.9,usage foundation: 66.7,data quality: 65.7,role and availability context: 35.0,missing signal count: 5,review context: Context V1: defense fit missing/low reliability for some players; game environment missing,2,0,0,5,65.7,DATA_NEEDS_LIVE_CONTEXT,NEEDS DATA,NEEDS DATA,NEEDS DATA,HISTORICAL TEST ONLY,NO-GO
,L.Bowden,NO,,WR,receiving,1,72.07,72.07,STRONG_SIGNAL,STRONG_SIGNAL,STRONG_SIGNAL at 72.1. Main support: projection strength: 90.8; usage foundation: 66.7. Main caution: role and availability context: 35.0; missing signal count: 5.,projection strength: 90.8; usage foundation: 66.7,"Context V1: defense fit missing/low reliability for some players; game environment missing for some players; weather, route share, first-read share, and coverage are not sourced.",,projection strength: 90.8,usage foundation: 66.7,data quality: 65.7,role and availability context: 35.0,missing signal count: 5,review context: Context V1: defense fit missing/low reliability for some players; game environment missing,2,0,0,5,65.7,DATA_NEEDS_LIVE_CONTEXT,NEEDS DATA,NEEDS DATA,NEEDS DATA,HISTORICAL TEST ONLY,NO-GO
,R.Stevenson,NE,,RB,receiving,2,72.02,72.02,STRONG_SIGNAL,STRONG_SIGNAL,STRONG_SIGNAL at 72.0. Main support: projection strength: 90.7; usage foundation: 66.7. Main caution: role and availability context: 35.0; missing signal count: 5.,projection strength: 90.7; usage foundation: 66.7,"Context V1: defense fit missing/low reliability for some players; game environment missing for some players; weather, route share, first-read share, and coverage are not sourced.",,projection strength: 90.7,usage foundation: 66.7,data quality: 65.7,role and availability context: 35.0,missing signal count: 5,review context: Context V1: defense fit missing/low reliability for some players; game environment missing,2,0,0,5,65.7,DATA_NEEDS_LIVE_CONTEXT,NEEDS DATA,NEEDS DATA,NEEDS DATA,HISTORICAL TEST ONLY,NO-GO
,G.Dortch,ARI,,WR,receiving,1,72.0,72.0,STRONG_SIGNAL,STRONG_SIGNAL,STRONG_SIGNAL at 72.0. Main support: projection strength: 90.6; usage foundation: 66.7. Main caution: role and availability context: 35.0; missing signal count: 5.,projection strength: 90.6; usage foundation: 66.7,"Context V1: defense fit missing/low reliability for some players; game environment missing for some players; weather, route share, first-read share, and coverage are not sourced.",,projection strength: 90.6,usage foundation: 66.7,data quality: 65.7,role and availability context: 35.0,missing signal count: 5,review context: Context V1: defense fit missing/low reliability for some players; game environment missing,2,0,0,5,65.7,DATA_NEEDS_LIVE_CONTEXT,NEEDS DATA,NEEDS DATA,NEEDS DATA,HISTORICAL TEST ONLY,NO-GO
,A.Perry,NO,,WR,receiving,1,71.94,71.94,GOOD_SIGNAL,GOOD_SIGNAL,GOOD_SIGNAL at 71.9. Main support: projection strength: 90.5; usage foundation: 66.7. Main caution: role and availability context: 35.0; missing signal count: 5.,projection strength: 90.5; usage foundation: 66.7,"Context V1: defense fit missing/low reliability for some players; game environment missing for some players; weather, route share, first-read share, and coverage are not sourced.",,projection strength: 90.5,usage foundation: 66.7,data quality: 65.7,role and availability context: 35.0,missing signal count: 5,review context: Context V1: defense fit missing/low reliability for some players; game environment missing,2,0,0,5,65.7,DATA_NEEDS_LIVE_CONTEXT,NEEDS DATA,NEEDS DATA,NEEDS DATA,HISTORICAL TEST ONLY,NO-GO
,T.Sherfield,MIN,,WR,receiving,1,71.93,71.93,GOOD_SIGNAL,GOOD_SIGNAL,GOOD_SIGNAL at 71.9. Main support: projection strength: 90.5; usage foundation: 66.7. Main caution: role and availability context: 35.0; missing signal count: 5.,projection strength: 90.5; usage foundation: 66.7,"Context V1: defense fit missing/low reliability for some players; game environment missing for some players; weather, route share, first-read share, and coverage are not sourced.",,projection strength: 90.5,usage foundation: 66.7,data quality: 65.7,role and availability context: 35.0,missing signal count: 5,review context: Context V1: defense fit missing/low reliability for some players; game environment missing,2,0,0,5,65.7,DATA_NEEDS_LIVE_CONTEXT,NEEDS DATA,NEEDS DATA,NEEDS DATA,HISTORICAL TEST ONLY,NO-GO
,M.Mims,DEN,,WR,receiving,1,71.87,71.87,GOOD_SIGNAL,GOOD_SIGNAL,GOOD_SIGNAL at 71.9. Main support: projection strength: 90.3; usage foundation: 66.7. Main caution: role and availability context: 35.0; missing signal count: 5.,projection strength: 90.3; usage foundation: 66.7,"Context V1: defense fit missing/low reliability for some players; game environment missing for some players; weather, route share, first-read share, and coverage are not sourced.",,projection strength: 90.3,usage foundation: 66.7,data quality: 65.7,role and availability context: 35.0,missing signal count: 5,review context: Context V1: defense fit missing/low reliability for some players; game environment missing,2,0,0,5,65.7,DATA_NEEDS_LIVE_CONTEXT,NEEDS DATA,NEEDS DATA,NEEDS DATA,HISTORICAL TEST ONLY,NO-GO
,B.Robinson,WAS,,RB,receiving,2,71.86,71.86,GOOD_SIGNAL,GOOD_SIGNAL,GOOD_SIGNAL at 71.9. Main support: projection strength: 90.3; usage foundation: 66.7. Main caution: role and availability context: 35.0; missing signal count: 5.,projection strength: 90.3; usage foundation: 66.7,"Context V1: defense fit missing/low reliability for some players; game environment missing for some players; weather, route share, first-read share, and coverage are not sourced.",,projection strength: 90.3,usage foundation: 66.7,data quality: 65.7,role and availability context: 35.0,missing signal count: 5,review context: Context V1: defense fit missing/low reliability for some players; game environment missing,2,0,0,5,65.7,DATA_NEEDS_LIVE_CONTEXT,NEEDS DATA,NEEDS DATA,NEEDS DATA,HISTORICAL TEST ONLY,NO-GO
,Z.Ertz,WAS,,TE,receiving,1,71.86,71.86,GOOD_SIGNAL,GOOD_SIGNAL,GOOD_SIGNAL at 71.9. Main support: projection strength: 90.3; usage foundation: 66.7. Main caution: role and availability context: 35.0; missing signal count: 5.,projection strength: 90.3; usage foundation: 66.7,"Context V1: defense fit missing/low reliability for some players; game environment missing for some players; weather, route share, first-read share, and coverage are not sourced.",,projection strength: 90.3,usage foundation: 66.7,data quality: 65.7,role and availability context: 35.0,missing signal count: 5,review context: Context V1: defense fit missing/low reliability for some players; game environment missing,2,0,0,5,65.7,DATA_NEEDS_LIVE_CONTEXT,NEEDS DATA,NEEDS DATA,NEEDS DATA,HISTORICAL TEST ONLY,NO-GO
,T.Hill,NO,,TE,receiving,1,71.79,71.79,GOOD_SIGNAL,GOOD_SIGNAL,GOOD_SIGNAL at 71.8. Main support: projection strength: 90.2; usage foundation: 66.7. Main caution: role and availability context: 35.0; missing signal count: 5.,projection strength: 90.2; usage foundation: 66.7,"Context V1: defense fit missing/low reliability for some players; game environment missing for some players; weather, route share, first-read share, and coverage are not sourced.",,projection strength: 90.2,usage foundation: 66.7,data quality: 65.7,role and availability context: 35.0,missing signal count: 5,review context: Context V1: defense fit missing/low reliability for some players; game environment missing,2,0,0,5,65.7,DATA_NEEDS_LIVE_CONTEXT,NEEDS DATA,NEEDS DATA,NEEDS DATA,HISTORICAL TEST ONLY,NO-GO
,D.Eskridge,MIA,,WR,receiving,1,71.79,71.79,GOOD_SIGNAL,GOOD_SIGNAL,GOOD_SIGNAL at 71.8. Main support: projection strength: 90.2; usage foundation: 66.7. Main caution: role and availability context: 35.0; missing signal count: 5.,projection strength: 90.2; usage foundation: 66.7,"Context V1: defense fit missing/low reliability for some players; game environment missing for some players; weather, route share, first-read share, and coverage are not sourced.",,projection strength: 90.2,usage foundation: 66.7,data quality: 65.7,role and availability context: 35.0,missing signal count: 5,review context: Context V1: defense fit missing/low reliability for some players; game environment missing,2,0,0,5,65.7,DATA_NEEDS_LIVE_CONTEXT,NEEDS DATA,NEEDS DATA,NEEDS DATA,HISTORICAL TEST ONLY,NO-GO
,A.Iosivas,CIN,,WR,receiving,1,71.72,71.72,GOOD_SIGNAL,GOOD_SIGNAL,GOOD_SIGNAL at 71.7. Main support: projection strength: 90.0; usage foundation: 66.7. Main caution: role and availability context: 35.0; missing signal count: 5.,projection strength: 90.0; usage foundation: 66.7,"Context V1: defense fit missing/low reliability for some players; game environment missing for some players; weather, route share, first-read share, and coverage are not sourced.",,projection strength: 90.0,usage foundation: 66.7,data quality: 65.7,role and availability context: 35.0,missing signal count: 5,review context: Context V1: defense fit missing/low reliability for some players; game environment missing,2,0,0,5,65.7,DATA_NEEDS_LIVE_CONTEXT,NEEDS DATA,NEEDS DATA,NEEDS DATA,HISTORICAL TEST ONLY,NO-GO
,J.Mason,SF,,RB,receiving,2,71.69,71.69,GOOD_SIGNAL,GOOD_SIGNAL,GOOD_SIGNAL at 71.7. Main support: projection strength: 89.9; usage foundation: 66.7. Main caution: role and availability context: 35.0; missing signal count: 5.,projection strength: 89.9; usage foundation: 66.7,"Context V1: defense fit missing/low reliability for some players; game environment missing for some players; weather, route share, first-read share, and coverage are not sourced.",,projection strength: 89.9,usage foundation: 66.7,data quality: 65.7,role and availability context: 35.0,missing signal count: 5,review context: Context V1: defense fit missing/low reliability for some players; game environment missing,2,0,0,5,65.7,DATA_NEEDS_LIVE_CONTEXT,NEEDS DATA,NEEDS DATA,NEEDS DATA,HISTORICAL TEST ONLY,NO-GO
,C.Kupp,LA,,WR,receiving,1,71.65,71.65,GOOD_SIGNAL,GOOD_SIGNAL,GOOD_SIGNAL at 71.7. Main support: projection strength: 89.8; usage foundation: 66.7. Main caution: role and availability context: 35.0; missing signal count: 5.,projection strength: 89.8; usage foundation: 66.7,"Context V1: defense fit missing/low reliability for some players; game environment missing for some players; weather, route share, first-read share, and coverage are not sourced.",,projection strength: 89.8,usage foundation: 66.7,data quality: 65.7,role and availability context: 35.0,missing signal count: 5,review context: Context V1: defense fit missing/low reliability for some players; game environment missing,2,0,0,5,65.7,DATA_NEEDS_LIVE_CONTEXT,NEEDS DATA,NEEDS DATA,NEEDS DATA,HISTORICAL TEST ONLY,NO-GO
,M.Gordon,BAL,,RB,receiving,2,71.61,71.61,GOOD_SIGNAL,GOOD_SIGNAL,GOOD_SIGNAL at 71.6. Main support: projection strength: 89.8; usage foundation: 66.7. Main caution: role and availability context: 35.0; missing signal count: 5.,projection strength: 89.8; usage foundation: 66.7,"Context V1: defense fit missing/low reliability for some players; game environment missing for some players; weather, route share, first-read share, and coverage are not sourced.",,projection strength: 89.8,usage foundation: 66.7,data quality: 65.7,role and availability context: 35.0,missing signal count: 5,review context: Context V1: defense fit missing/low reliability for some players; game environment missing,2,0,0,5,65.7,DATA_NEEDS_LIVE_CONTEXT,NEEDS DATA,NEEDS DATA,NEEDS DATA,HISTORICAL TEST ONLY,NO-GO
00-0039918,C.Williams,CHI,GB,QB,passing,1,71.6,71.6,GOOD_SIGNAL,GOOD_SIGNAL,GOOD_SIGNAL at 71.6. Main support: recent form: 99.0; projection strength: 88.9. Main caution: usage foundation: 33.3; role and availability context: 35.0.,recent form: 99.0; projection strength: 88.9,"Context V1: defense fit missing/low reliability for some players; game environment missing for some players; weather, route share, first-read share, and coverage are not sourced.",,recent form: 99.0,projection strength: 88.9,data quality: 79.0,usage foundation: 33.3,role and availability context: 35.0,missing signal count: 3,2,0,0,3,79.0,DATA_NEEDS_LIVE_CONTEXT,NEEDS DATA,NEEDS DATA,NEEDS DATA,HISTORICAL TEST ONLY,NO-GO
,C.Ridley,TEN,,WR,receiving,1,71.58,71.58,GOOD_SIGNAL,GOOD_SIGNAL,GOOD_SIGNAL at 71.6. Main support: projection strength: 89.7; usage foundation: 66.7. Main caution: role and availability context: 35.0; missing signal count: 5.,projection strength: 89.7; usage foundation: 66.7,"Context V1: defense fit missing/low reliability for some players; game environment missing for some players; weather, route share, first-read share, and coverage are not sourced.",,projection strength: 89.7,usage foundation: 66.7,data quality: 65.7,role and availability context: 35.0,missing signal count: 5,review context: Context V1: defense fit missing/low reliability for some players; game environment missing,2,0,0,5,65.7,DATA_NEEDS_LIVE_CONTEXT,NEEDS DATA,NEEDS DATA,NEEDS DATA,HISTORICAL TEST ONLY,NO-GO
,K.Hunt,KC,,RB,receiving,2,71.53,71.53,GOOD_SIGNAL,GOOD_SIGNAL,GOOD_SIGNAL at 71.5. Main support: projection strength: 89.5; usage foundation: 66.7. Main caution: role and availability context: 35.0; missing signal count: 5.,projection strength: 89.5; usage foundation: 66.7,"Context V1: defense fit missing/low reliability for some players; game environment missing for some players; weather, route share, first-read share, and coverage are not sourced.",,projection strength: 89.5,usage foundation: 66.7,data quality: 65.7,role and availability context: 35.0,missing signal count: 5,review context: Context V1: defense fit missing/low reliability for some players; game environment missing,2,0,0,5,65.7,DATA_NEEDS_LIVE_CONTEXT,NEEDS DATA,NEEDS DATA,NEEDS DATA,HISTORICAL TEST ONLY,NO-GO
,R.Moore,ARI,,WR,receiving,1,71.52,71.52,GOOD_SIGNAL,GOOD_SIGNAL,GOOD_SIGNAL at 71.5. Main support: projection strength: 89.5; usage foundation: 66.7. Main caution: role and availability context: 35.0; missing signal count: 5.,projection strength: 89.5; usage foundation: 66.7,"Context V1: defense fit missing/low reliability for some players; game environment missing for some players; weather, route share, first-read share, and coverage are not sourced.",,projection strength: 89.5,usage foundation: 66.7,data quality: 65.7,role and availability context: 35.0,missing signal count: 5,review context: Context V1: defense fit missing/low reliability for some players; game environment missing,2,0,0,5,65.7,DATA_NEEDS_LIVE_CONTEXT,NEEDS DATA,NEEDS DATA,NEEDS DATA,HISTORICAL TEST ONLY,NO-GO
,C.Watson,GB,,WR,receiving,1,71.51,71.51,GOOD_SIGNAL,GOOD_SIGNAL,GOOD_SIGNAL at 71.5. Main support: projection strength: 89.5; usage foundation: 66.7. Main caution: role and availability context: 35.0; missing signal count: 5.,projection strength: 89.5; usage foundation: 66.7,"Context V1: defense fit missing/low reliability for some players; game environment missing for some players; weather, route share, first-read share, and coverage are not sourced.",,projection strength: 89.5,usage foundation: 66.7,data quality: 65.7,role and availability context: 35.0,missing signal count: 5,review context: Context V1: defense fit missing/low reliability for some players; game environment missing,2,0,0,5,65.7,DATA_NEEDS_LIVE_CONTEXT,NEEDS DATA,NEEDS DATA,NEEDS DATA,HISTORICAL TEST ONLY,NO-GO
,S.LaPorta,DET,,TE,receiving,1,71.45,71.45,GOOD_SIGNAL,GOOD_SIGNAL,GOOD_SIGNAL at 71.5. Main support: projection strength: 89.4; usage foundation: 66.7. Main caution: role and availability context: 35.0; missing signal count: 5.,projection strength: 89.4; usage foundation: 66.7,"Context V1: defense fit missing/low reliability for some players; game environment missing for some players; weather, route share, first-read share, and coverage are not sourced.",,projection strength: 89.4,usage foundation: 66.7,data quality: 65.7,role and availability context: 35.0,missing signal count: 5,review context: Context V1: defense fit missing/low reliability for some players; game environment missing,2,0,0,5,65.7,DATA_NEEDS_LIVE_CONTEXT,NEEDS DATA,NEEDS DATA,NEEDS DATA,HISTORICAL TEST ONLY,NO-GO
,K.Boutte,NE,,WR,receiving,1,71.44,71.44,GOOD_SIGNAL,GOOD_SIGNAL,GOOD_SIGNAL at 71.4. Main support: projection strength: 89.3; usage foundation: 66.7. Main caution: role and availability context: 35.0; missing signal count: 5.,projection strength: 89.3; usage foundation: 66.7,"Context V1: defense fit missing/low reliability for some players; game environment missing for some players; weather, route share, first-read share, and coverage are not sourced.",,projection strength: 89.3,usage foundation: 66.7,data quality: 65.7,role and availability context: 35.0,missing signal count: 5,review context: Context V1: defense fit missing/low reliability for some players; game environment missing,2,0,0,5,65.7,DATA_NEEDS_LIVE_CONTEXT,NEEDS DATA,NEEDS DATA,NEEDS DATA,HISTORICAL TEST ONLY,NO-GO
,L.Jackson,BAL,BUF,QB,rushing,2,71.44,71.44,GOOD_SIGNAL,GOOD_SIGNAL,GOOD_SIGNAL at 71.4. Main support: projection strength: 89.3; usage foundation: 66.7. Main caution: role and availability context: 35.0; missing signal count: 5.,projection strength: 89.3; usage foundation: 66.7,"Context V1: defense fit missing/low reliability for some players; game environment missing for some players; weather, route share, first-read share, and coverage are not sourced.",,projection strength: 89.3,usage foundation: 66.7,data quality: 65.7,role and availability context: 35.0,missing signal count: 5,review context: Context V1: defense fit missing/low reliability for some players; game environment missing,2,0,0,5,65.7,DATA_NEEDS_LIVE_CONTEXT,NEEDS DATA,NEEDS DATA,NEEDS DATA,HISTORICAL TEST ONLY,NO-GO
,T.Tracy,NYG,,RB,receiving,2,71.37,71.37,GOOD_SIGNAL,GOOD_SIGNAL,GOOD_SIGNAL at 71.4. Main support: projection strength: 89.2; usage foundation: 66.7. Main caution: role and availability context: 35.0; missing signal count: 5.,projection strength: 89.2; usage foundation: 66.7,"Context V1: defense fit missing/low reliability for some players; game environment missing for some players; weather, route share, first-read share, and coverage are not sourced.",,projection strength: 89.2,usage foundation: 66.7,data quality: 65.7,role and availability context: 35.0,missing signal count: 5,review context: Context V1: defense fit missing/low reliability for some players; game environment missing,2,0,0,5,65.7,DATA_NEEDS_LIVE_CONTEXT,NEEDS DATA,NEEDS DATA,NEEDS DATA,HISTORICAL TEST ONLY,NO-GO
,P.Washington,JAX,,WR,receiving,1,71.31,71.31,GOOD_SIGNAL,GOOD_SIGNAL,GOOD_SIGNAL at 71.3. Main support: projection strength: 89.1; usage foundation: 66.7. Main caution: role and availability context: 35.0; missing signal count: 5.,projection strength: 89.1; usage foundation: 66.7,"Context V1: defense fit missing/low reliability for some players; game environment missing for some players; weather, route share, first-read share, and coverage are not sourced.",,projection strength: 89.1,usage foundation: 66.7,data quality: 65.7,role and availability context: 35.0,missing signal count: 5,review context: Context V1: defense fit missing/low reliability for some players; game environment missing,2,0,0,5,65.7,DATA_NEEDS_LIVE_CONTEXT,NEEDS DATA,NEEDS DATA,NEEDS DATA,HISTORICAL TEST ONLY,NO-GO
,T.Atwell,LA,,WR,receiving,1,71.3,71.3,GOOD_SIGNAL,GOOD_SIGNAL,GOOD_SIGNAL at 71.3. Main support: projection strength: 89.0; usage foundation: 66.7. Main caution: role and availability context: 35.0; missing signal count: 5.,projection strength: 89.0; usage foundation: 66.7,"Context V1: defense fit missing/low reliability for some players; game environment missing for some players; weather, route share, first-read share, and coverage are not sourced.",,projection strength: 89.0,usage foundation: 66.7,data quality: 65.7,role and availability context: 35.0,missing signal count: 5,review context: Context V1: defense fit missing/low reliability for some players; game environment missing,2,0,0,5,65.7,DATA_NEEDS_LIVE_CONTEXT,NEEDS DATA,NEEDS DATA,NEEDS DATA,HISTORICAL TEST ONLY,NO-GO
,J.McClellan,ATL,,RB,receiving,2,71.26,71.26,GOOD_SIGNAL,GOOD_SIGNAL,GOOD_SIGNAL at 71.3. Main support: projection strength: 88.9; usage foundation: 66.7. Main caution: role and availability context: 35.0; missing signal count: 5.,projection strength: 88.9; usage foundation: 66.7,"Context V1: defense fit missing/low reliability for some players; game environment missing for some players; weather, route share, first-read share, and coverage are not sourced.",,projection strength: 88.9,usage foundation: 66.7,data quality: 65.7,role and availability context: 35.0,missing signal count: 5,review context: Context V1: defense fit missing/low reliability for some players; game environment missing,2,0,0,5,65.7,DATA_NEEDS_LIVE_CONTEXT,NEEDS DATA,NEEDS DATA,NEEDS DATA,HISTORICAL TEST ONLY,NO-GO
,J.McMillan,TB,,WR,receiving,1,71.22,71.22,GOOD_SIGNAL,GOOD_SIGNAL,GOOD_SIGNAL at 71.2. Main support: projection strength: 88.8; usage foundation: 66.7. Main caution: role and availability context: 35.0; missing signal count: 5.,projection strength: 88.8; usage foundation: 66.7,"Context V1: defense fit missing/low reliability for some players; game environment missing for some players; weather, route share, first-read share, and coverage are not sourced.",,projection strength: 88.8,usage foundation: 66.7,data quality: 65.7,role and availability context: 35.0,missing signal count: 5,review context: Context V1: defense fit missing/low reliability for some players; game environment missing,2,0,0,5,65.7,DATA_NEEDS_LIVE_CONTEXT,NEEDS DATA,NEEDS DATA,NEEDS DATA,HISTORICAL TEST ONLY,NO-GO
,N.Chubb,CLE,,RB,receiving,2,71.2,71.2,GOOD_SIGNAL,GOOD_SIGNAL,GOOD_SIGNAL at 71.2. Main support: projection strength: 88.8; usage foundation: 66.7. Main caution: role and availability context: 35.0; missing signal count: 5.,projection strength: 88.8; usage foundation: 66.7,"Context V1: defense fit missing/low reliability for some players; game environment missing for some players; weather, route share, first-read share, and coverage are not sourced.",,projection strength: 88.8,usage foundation: 66.7,data quality: 65.7,role and availability context: 35.0,missing signal count: 5,review context: Context V1: defense fit missing/low reliability for some players; game environment missing,2,0,0,5,65.7,DATA_NEEDS_LIVE_CONTEXT,NEEDS DATA,NEEDS DATA,NEEDS DATA,HISTORICAL TEST ONLY,NO-GO
,O.Zaccheaus,WAS,,WR,receiving,1,71.18,71.18,GOOD_SIGNAL,GOOD_SIGNAL,GOOD_SIGNAL at 71.2. Main support: projection strength: 88.8; usage foundation: 66.7. Main caution: role and availability context: 35.0; missing signal count: 5.,projection strength: 88.8; usage foundation: 66.7,"Context V1: defense fit missing/low reliability for some players; game environment missing for some players; weather, route share, first-read share, and coverage are not sourced.",,projection strength: 88.8,usage foundation: 66.7,data quality: 65.7,role and availability context: 35.0,missing signal count: 5,review context: Context V1: defense fit missing/low reliability for some players; game environment missing,2,0,0,5,65.7,DATA_NEEDS_LIVE_CONTEXT,NEEDS DATA,NEEDS DATA,NEEDS DATA,HISTORICAL TEST ONLY,NO-GO
,C.Moore,TEN,,WR,receiving,1,71.15,71.15,GOOD_SIGNAL,GOOD_SIGNAL,GOOD_SIGNAL at 71.2. Main support: projection strength: 88.7; usage foundation: 66.7. Main caution: role and availability context: 35.0; missing signal count: 5.,projection strength: 88.7; usage foundation: 66.7,"Context V1: defense fit missing/low reliability for some players; game environment missing for some players; weather, route share, first-read share, and coverage are not sourced.",,projection strength: 88.7,usage foundation: 66.7,data quality: 65.7,role and availability context: 35.0,missing signal count: 5,review context: Context V1: defense fit missing/low reliability for some players; game environment missing,2,0,0,5,65.7,DATA_NEEDS_LIVE_CONTEXT,NEEDS DATA,NEEDS DATA,NEEDS DATA,HISTORICAL TEST ONLY,NO-GO
,K.Lassiter,CIN,,WR,receiving,1,71.11,71.11,GOOD_SIGNAL,GOOD_SIGNAL,GOOD_SIGNAL at 71.1. Main support: projection strength: 88.6; usage foundation: 66.7. Main caution: role and availability context: 35.0; missing signal count: 5.,projection strength: 88.6; usage foundation: 66.7,"Context V1: defense fit missing/low reliability for some players; game environment missing for some players; weather, route share, first-read share, and coverage are not sourced.",,projection strength: 88.6,usage foundation: 66.7,data quality: 65.7,role and availability context: 35.0,missing signal count: 5,review context: Context V1: defense fit missing/low reliability for some players; game environment missing,2,0,0,5,65.7,DATA_NEEDS_LIVE_CONTEXT,NEEDS DATA,NEEDS DATA,NEEDS DATA,HISTORICAL TEST ONLY,NO-GO
,J.Reed,GB,,WR,receiving,1,71.08,71.08,GOOD_SIGNAL,GOOD_SIGNAL,GOOD_SIGNAL at 71.1. Main support: projection strength: 88.5; usage foundation: 66.7. Main caution: role and availability context: 35.0; missing signal count: 5.,projection strength: 88.5; usage foundation: 66.7,"Context V1: defense fit missing/low reliability for some players; game environment missing for some players; weather, route share, first-read share, and coverage are not sourced.",,projection strength: 88.5,usage foundation: 66.7,data quality: 65.7,role and availability context: 35.0,missing signal count: 5,review context: Context V1: defense fit missing/low reliability for some players; game environment missing,2,0,0,5,65.7,DATA_NEEDS_LIVE_CONTEXT,NEEDS DATA,NEEDS DATA,NEEDS DATA,HISTORICAL TEST ONLY,NO-GO
,S.McCormick,LV,,RB,receiving,2,71.04,71.04,GOOD_SIGNAL,GOOD_SIGNAL,GOOD_SIGNAL at 71.0. Main support: projection strength: 88.4; usage foundation: 66.7. Main caution: role and availability context: 35.0; missing signal count: 5.,projection strength: 88.4; usage foundation: 66.7,"Context V1: defense fit missing/low reliability for some players; game environment missing for some players; weather, route share, first-read share, and coverage are not sourced.",,projection strength: 88.4,usage foundation: 66.7,data quality: 65.7,role and availability context: 35.0,missing signal count: 5,review context: Context V1: defense fit missing/low reliability for some players; game environment missing,2,0,0,5,65.7,DATA_NEEDS_LIVE_CONTEXT,NEEDS DATA,NEEDS DATA,NEEDS DATA,HISTORICAL TEST ONLY,NO-GO
,K.Doss,LAC,,WR,receiving,1,71.04,71.04,GOOD_SIGNAL,GOOD_SIGNAL,GOOD_SIGNAL at 71.0. Main support: projection strength: 88.4; usage foundation: 66.7. Main caution: role and availability context: 35.0; missing signal count: 5.,projection strength: 88.4; usage foundation: 66.7,"Context V1: defense fit missing/low reliability for some players; game environment missing for some players; weather, route share, first-read share, and coverage are not sourced.",,projection strength: 88.4,usage foundation: 66.7,data quality: 65.7,role and availability context: 35.0,missing signal count: 5,review context: Context V1: defense fit missing/low reliability for some players; game environment missing,2,0,0,5,65.7,DATA_NEEDS_LIVE_CONTEXT,NEEDS DATA,NEEDS DATA,NEEDS DATA,HISTORICAL TEST ONLY,NO-GO
,J.Metchie,HOU,,WR,receiving,1,70.97,70.97,GOOD_SIGNAL,GOOD_SIGNAL,GOOD_SIGNAL at 71.0. Main support: projection strength: 88.3; usage foundation: 66.7. Main caution: role and availability context: 35.0; missing signal count: 5.,projection strength: 88.3; usage foundation: 66.7,"Context V1: defense fit missing/low reliability for some players; game environment missing for some players; weather, route share, first-read share, and coverage are not sourced.",,projection strength: 88.3,usage foundation: 66.7,data quality: 65.7,role and availability context: 35.0,missing signal count: 5,review context: Context V1: defense fit missing/low reliability for some players; game environment missing,2,0,0,5,65.7,DATA_NEEDS_LIVE_CONTEXT,NEEDS DATA,NEEDS DATA,NEEDS DATA,HISTORICAL TEST ONLY,NO-GO
,C.Kirk,JAX,,WR,receiving,1,70.94,70.94,GOOD_SIGNAL,GOOD_SIGNAL,GOOD_SIGNAL at 70.9. Main support: projection strength: 88.2; usage foundation: 66.7. Main caution: role and availability context: 35.0; missing signal count: 5.,projection strength: 88.2; usage foundation: 66.7,"Context V1: defense fit missing/low reliability for some players; game environment missing for some players; weather, route share, first-read share, and coverage are not sourced.",,projection strength: 88.2,usage foundation: 66.7,data quality: 65.7,role and availability context: 35.0,missing signal count: 5,review context: Context V1: defense fit missing/low reliability for some players; game environment missing,2,0,0,5,65.7,DATA_NEEDS_LIVE_CONTEXT,NEEDS DATA,NEEDS DATA,NEEDS DATA,HISTORICAL TEST ONLY,NO-GO
,J.Williams,DEN,,RB,receiving,2,70.9,70.9,GOOD_SIGNAL,GOOD_SIGNAL,GOOD_SIGNAL at 70.9. Main support: projection strength: 88.1; usage foundation: 66.7. Main caution: role and availability context: 35.0; missing signal count: 5.,projection strength: 88.1; usage foundation: 66.7,"Context V1: defense fit missing/low reliability for some players; game environment missing for some players; weather, route share, first-read share, and coverage are not sourced.",,projection strength: 88.1,usage foundation: 66.7,data quality: 65.7,role and availability context: 35.0,missing signal count: 5,review context: Context V1: defense fit missing/low reliability for some players; game environment missing,2,0,0,5,65.7,DATA_NEEDS_LIVE_CONTEXT,NEEDS DATA,NEEDS DATA,NEEDS DATA,HISTORICAL TEST ONLY,NO-GO
,N.Westbrook-Ikhine,TEN,,WR,receiving,1,70.86,70.86,GOOD_SIGNAL,GOOD_SIGNAL,GOOD_SIGNAL at 70.9. Main support: projection strength: 88.0; usage foundation: 66.7. Main caution: role and availability context: 35.0; missing signal count: 5.,projection strength: 88.0; usage foundation: 66.7,"Context V1: defense fit missing/low reliability for some players; game environment missing for some players; weather, route share, first-read share, and coverage are not sourced.",,projection strength: 88.0,usage foundation: 66.7,data quality: 65.7,role and availability context: 35.0,missing signal count: 5,review context: Context V1: defense fit missing/low reliability for some players; game environment missing,2,0,0,5,65.7,DATA_NEEDS_LIVE_CONTEXT,NEEDS DATA,NEEDS DATA,NEEDS DATA,HISTORICAL TEST ONLY,NO-GO
,B.Tremayne,WAS,,WR,receiving,1,70.84,70.84,GOOD_SIGNAL,GOOD_SIGNAL,GOOD_SIGNAL at 70.8. Main support: projection strength: 88.0; usage foundation: 66.7. Main caution: role and availability context: 35.0; missing signal count: 5.,projection strength: 88.0; usage foundation: 66.7,"Context V1: defense fit missing/low reliability for some players; game environment missing for some players; weather, route share, first-read share, and coverage are not sourced.",,projection strength: 88.0,usage foundation: 66.7,data quality: 65.7,role and availability context: 35.0,missing signal count: 5,review context: Context V1: defense fit missing/low reliability for some players; game environment missing,2,0,0,5,65.7,DATA_NEEDS_LIVE_CONTEXT,NEEDS DATA,NEEDS DATA,NEEDS DATA,HISTORICAL TEST ONLY,NO-GO
,J.Whittington,LA,,WR,receiving,1,70.79,70.79,GOOD_SIGNAL,GOOD_SIGNAL,GOOD_SIGNAL at 70.8. Main support: projection strength: 87.9; usage foundation: 66.7. Main caution: role and availability context: 35.0; missing signal count: 5.,projection strength: 87.9; usage foundation: 66.7,"Context V1: defense fit missing/low reliability for some players; game environment missing for some players; weather, route share, first-read share, and coverage are not sourced.",,projection strength: 87.9,usage foundation: 66.7,data quality: 65.7,role and availability context: 35.0,missing signal count: 5,review context: Context V1: defense fit missing/low reliability for some players; game environment missing,2,0,0,5,65.7,DATA_NEEDS_LIVE_CONTEXT,NEEDS DATA,NEEDS DATA,NEEDS DATA,HISTORICAL TEST ONLY,NO-GO
,T.Jackson,MIN,,WR,receiving,1,70.77,70.77,GOOD_SIGNAL,GOOD_SIGNAL,GOOD_SIGNAL at 70.8. Main support: projection strength: 87.8; usage foundation: 66.7. Main caution: role and availability context: 35.0; missing signal count: 5.,projection strength: 87.8; usage foundation: 66.7,"Context V1: defense fit missing/low reliability for some players; game environment missing for some players; weather, route share, first-read share, and coverage are not sourced.",,projection strength: 87.8,usage foundation: 66.7,data quality: 65.7,role and availability context: 35.0,missing signal count: 5,review context: Context V1: defense fit missing/low reliability for some players; game environment missing,2,0,0,5,65.7,DATA_NEEDS_LIVE_CONTEXT,NEEDS DATA,NEEDS DATA,NEEDS DATA,HISTORICAL TEST ONLY,NO-GO
00-0036442,J.Burrow,CIN,PIT,QB,passing,1,70.74,70.74,GOOD_SIGNAL,GOOD_SIGNAL,GOOD_SIGNAL at 70.7. Main support: recent form: 100.0; projection strength: 81.5. Main caution: usage foundation: 33.3; role and availability context: 35.0.,recent form: 100.0; projection strength: 81.5,"Context V1: defense fit missing/low reliability for some players; game environment missing for some players; weather, route share, first-read share, and coverage are not sourced.",,recent form: 100.0,projection strength: 81.5,data quality: 79.0,usage foundation: 33.3,role and availability context: 35.0,missing signal count: 3,3,0,0,3,79.0,DATA_NEEDS_LIVE_CONTEXT,NEEDS DATA,NEEDS DATA,NEEDS DATA,HISTORICAL TEST ONLY,NO-GO
,A.Brown,PHI,,WR,receiving,1,70.72,70.72,GOOD_SIGNAL,GOOD_SIGNAL,GOOD_SIGNAL at 70.7. Main support: projection strength: 87.7; usage foundation: 66.7. Main caution: role and availability context: 35.0; missing signal count: 5.,projection strength: 87.7; usage foundation: 66.7,"Context V1: defense fit missing/low reliability for some players; game environment missing for some players; weather, route share, first-read share, and coverage are not sourced.",,projection strength: 87.7,usage foundation: 66.7,data quality: 65.7,role and availability context: 35.0,missing signal count: 5,review context: Context V1: defense fit missing/low reliability for some players; game environment missing,2,0,0,5,65.7,DATA_NEEDS_LIVE_CONTEXT,NEEDS DATA,NEEDS DATA,NEEDS DATA,HISTORICAL TEST ONLY,NO-GO
,I.Pacheco,KC,,RB,receiving,2,70.71,70.71,GOOD_SIGNAL,GOOD_SIGNAL,GOOD_SIGNAL at 70.7. Main support: projection strength: 87.7; usage foundation: 66.7. Main caution: role and availability context: 35.0; missing signal count: 5.,projection strength: 87.7; usage foundation: 66.7,"Context V1: defense fit missing/low reliability for some players; game environment missing for some players; weather, route share, first-read share, and coverage are not sourced.",,projection strength: 87.7,usage foundation: 66.7,data quality: 65.7,role and availability context: 35.0,missing signal count: 5,review context: Context V1: defense fit missing/low reliability for some players; game environment missing,2,0,0,5,65.7,DATA_NEEDS_LIVE_CONTEXT,NEEDS DATA,NEEDS DATA,NEEDS DATA,HISTORICAL TEST ONLY,NO-GO
,E.Moore,CLE,,WR,receiving,1,70.7,70.7,GOOD_SIGNAL,GOOD_SIGNAL,GOOD_SIGNAL at 70.7. Main support: projection strength: 87.7; usage foundation: 66.7. Main caution: role and availability context: 35.0; missing signal count: 5.,projection strength: 87.7; usage foundation: 66.7,"Context V1: defense fit missing/low reliability for some players; game environment missing for some players; weather, route share, first-read share, and coverage are not sourced.",,projection strength: 87.7,usage foundation: 66.7,data quality: 65.7,role and availability context: 35.0,missing signal count: 5,review context: Context V1: defense fit missing/low reliability for some players; game environment missing,2,0,0,5,65.7,DATA_NEEDS_LIVE_CONTEXT,NEEDS DATA,NEEDS DATA,NEEDS DATA,HISTORICAL TEST ONLY,NO-GO
,M.Strachan,CAR,,WR,receiving,1,70.65,70.65,GOOD_SIGNAL,GOOD_SIGNAL,GOOD_SIGNAL at 70.7. Main support: projection strength: 87.5; usage foundation: 66.7. Main caution: role and availability context: 35.0; missing signal count: 5.,projection strength: 87.5; usage foundation: 66.7,"Context V1: defense fit missing/low reliability for some players; game environment missing for some players; weather, route share, first-read share, and coverage are not sourced.",,projection strength: 87.5,usage foundation: 66.7,data quality: 65.7,role and availability context: 35.0,missing signal count: 5,review context: Context V1: defense fit missing/low reliability for some players; game environment missing,2,0,0,5,65.7,DATA_NEEDS_LIVE_CONTEXT,NEEDS DATA,NEEDS DATA,NEEDS DATA,HISTORICAL TEST ONLY,NO-GO
,C.Okonkwo,TEN,,TE,receiving,1,70.63,70.63,GOOD_SIGNAL,GOOD_SIGNAL,GOOD_SIGNAL at 70.6. Main support: projection strength: 87.5; usage foundation: 66.7. Main caution: role and availability context: 35.0; missing signal count: 5.,projection strength: 87.5; usage foundation: 66.7,"Context V1: defense fit missing/low reliability for some players; game environment missing for some players; weather, route share, first-read share, and coverage are not sourced.",,projection strength: 87.5,usage foundation: 66.7,data quality: 65.7,role and availability context: 35.0,missing signal count: 5,review context: Context V1: defense fit missing/low reliability for some players; game environment missing,2,0,0,5,65.7,DATA_NEEDS_LIVE_CONTEXT,NEEDS DATA,NEEDS DATA,NEEDS DATA,HISTORICAL TEST ONLY,NO-GO
,C.Austin,PIT,,WR,receiving,1,70.58,70.58,GOOD_SIGNAL,GOOD_SIGNAL,GOOD_SIGNAL at 70.6. Main support: projection strength: 87.4; usage foundation: 66.7. Main caution: role and availability context: 35.0; missing signal count: 5.,projection strength: 87.4; usage foundation: 66.7,"Context V1: defense fit missing/low reliability for some players; game environment missing for some players; weather, route share, first-read share, and coverage are not sourced.",,projection strength: 87.4,usage foundation: 66.7,data quality: 65.7,role and availability context: 35.0,missing signal count: 5,review context: Context V1: defense fit missing/low reliability for some players; game environment missing,2,0,0,5,65.7,DATA_NEEDS_LIVE_CONTEXT,NEEDS DATA,NEEDS DATA,NEEDS DATA,HISTORICAL TEST ONLY,NO-GO
,Mi.Wilson,ARI,,WR,receiving,1,70.56,70.56,GOOD_SIGNAL,GOOD_SIGNAL,GOOD_SIGNAL at 70.6. Main support: projection strength: 87.3; usage foundation: 66.7. Main caution: role and availability context: 35.0; missing signal count: 5.,projection strength: 87.3; usage foundation: 66.7,"Context V1: defense fit missing/low reliability for some players; game environment missing for some players; weather, route share, first-read share, and coverage are not sourced.",,projection strength: 87.3,usage foundation: 66.7,data quality: 65.7,role and availability context: 35.0,missing signal count: 5,review context: Context V1: defense fit missing/low reliability for some players; game environment missing,2,0,0,5,65.7,DATA_NEEDS_LIVE_CONTEXT,NEEDS DATA,NEEDS DATA,NEEDS DATA,HISTORICAL TEST ONLY,NO-GO
,R.Doubs,GB,,WR,receiving,1,70.5,70.5,GOOD_SIGNAL,GOOD_SIGNAL,GOOD_SIGNAL at 70.5. Main support: projection strength: 87.2; usage foundation: 66.7. Main caution: role and availability context: 35.0; missing signal count: 5.,projection strength: 87.2; usage foundation: 66.7,"Context V1: defense fit missing/low reliability for some players; game environment missing for some players; weather, route share, first-read share, and coverage are not sourced.",,projection strength: 87.2,usage foundation: 66.7,data quality: 65.7,role and availability context: 35.0,missing signal count: 5,review context: Context V1: defense fit missing/low reliability for some players; game environment missing,2,0,0,5,65.7,DATA_NEEDS_LIVE_CONTEXT,NEEDS DATA,NEEDS DATA,NEEDS DATA,HISTORICAL TEST ONLY,NO-GO
,T.Taylor,SF,,WR,receiving,1,70.49,70.49,GOOD_SIGNAL,GOOD_SIGNAL,GOOD_SIGNAL at 70.5. Main support: projection strength: 87.2; usage foundation: 66.7. Main caution: role and availability context: 35.0; missing signal count: 5.,projection strength: 87.2; usage foundation: 66.7,"Context V1: defense fit missing/low reliability for some players; game environment missing for some players; weather, route share, first-read share, and coverage are not sourced.",,projection strength: 87.2,usage foundation: 66.7,data quality: 65.7,role and availability context: 35.0,missing signal count: 5,review context: Context V1: defense fit missing/low reliability for some players; game environment missing,2,0,0,5,65.7,DATA_NEEDS_LIVE_CONTEXT,NEEDS DATA,NEEDS DATA,NEEDS DATA,HISTORICAL TEST ONLY,NO-GO
,Z.Moss,CIN,,RB,receiving,2,70.36,70.36,GOOD_SIGNAL,GOOD_SIGNAL,GOOD_SIGNAL at 70.4. Main support: projection strength: 86.9; usage foundation: 66.7. Main caution: role and availability context: 35.0; missing signal count: 5.,projection strength: 86.9; usage foundation: 66.7,"Context V1: defense fit missing/low reliability for some players; game environment missing for some players; weather, route share, first-read share, and coverage are not sourced.",,projection strength: 86.9,usage foundation: 66.7,data quality: 65.7,role and availability context: 35.0,missing signal count: 5,review context: Context V1: defense fit missing/low reliability for some players; game environment missing,2,0,0,5,65.7,DATA_NEEDS_LIVE_CONTEXT,NEEDS DATA,NEEDS DATA,NEEDS DATA,HISTORICAL TEST ONLY,NO-GO
,A.Bachman,LV,,WR,receiving,1,70.36,70.36,GOOD_SIGNAL,GOOD_SIGNAL,GOOD_SIGNAL at 70.4. Main support: projection strength: 86.9; usage foundation: 66.7. Main caution: role and availability context: 35.0; missing signal count: 5.,projection strength: 86.9; usage foundation: 66.7,"Context V1: defense fit missing/low reliability for some players; game environment missing for some players; weather, route share, first-read share, and coverage are not sourced.",,projection strength: 86.9,usage foundation: 66.7,data quality: 65.7,role and availability context: 35.0,missing signal count: 5,review context: Context V1: defense fit missing/low reliability for some players; game environment missing,2,0,0,5,65.7,DATA_NEEDS_LIVE_CONTEXT,NEEDS DATA,NEEDS DATA,NEEDS DATA,HISTORICAL TEST ONLY,NO-GO
,R.Cracraft,MIA,,WR,receiving,1,70.29,70.29,GOOD_SIGNAL,GOOD_SIGNAL,GOOD_SIGNAL at 70.3. Main support: projection strength: 86.7; usage foundation: 66.7. Main caution: role and availability context: 35.0; missing signal count: 5.,projection strength: 86.7; usage foundation: 66.7,"Context V1: defense fit missing/low reliability for some players; game environment missing for some players; weather, route share, first-read share, and coverage are not sourced.",,projection strength: 86.7,usage foundation: 66.7,data quality: 65.7,role and availability context: 35.0,missing signal count: 5,review context: Context V1: defense fit missing/low reliability for some players; game environment missing,2,0,0,5,65.7,DATA_NEEDS_LIVE_CONTEXT,NEEDS DATA,NEEDS DATA,NEEDS DATA,HISTORICAL TEST ONLY,NO-GO
,T.Jones,ARI,,RB,receiving,2,70.22,70.22,GOOD_SIGNAL,GOOD_SIGNAL,GOOD_SIGNAL at 70.2. Main support: projection strength: 86.6; usage foundation: 66.7. Main caution: role and availability context: 35.0; missing signal count: 5.,projection strength: 86.6; usage foundation: 66.7,"Context V1: defense fit missing/low reliability for some players; game environment missing for some players; weather, route share, first-read share, and coverage are not sourced.",,projection strength: 86.6,usage foundation: 66.7,data quality: 65.7,role and availability context: 35.0,missing signal count: 5,review context: Context V1: defense fit missing/low reliability for some players; game environment missing,2,0,0,5,65.7,DATA_NEEDS_LIVE_CONTEXT,NEEDS DATA,NEEDS DATA,NEEDS DATA,HISTORICAL TEST ONLY,NO-GO
,B.Nix,DEN,BUF,QB,rushing,2,70.19,70.19,GOOD_SIGNAL,GOOD_SIGNAL,GOOD_SIGNAL at 70.2. Main support: projection strength: 86.5; usage foundation: 66.7. Main caution: role and availability context: 35.0; missing signal count: 5.,projection strength: 86.5; usage foundation: 66.7,"Context V1: defense fit missing/low reliability for some players; game environment missing for some players; weather, route share, first-read share, and coverage are not sourced.",,projection strength: 86.5,usage foundation: 66.7,data quality: 65.7,role and availability context: 35.0,missing signal count: 5,review context: Context V1: defense fit missing/low reliability for some players; game environment missing,2,0,0,5,65.7,DATA_NEEDS_LIVE_CONTEXT,NEEDS DATA,NEEDS DATA,NEEDS DATA,HISTORICAL TEST ONLY,NO-GO
,B.Skowronek,PIT,,WR,receiving,1,70.14,70.14,GOOD_SIGNAL,GOOD_SIGNAL,GOOD_SIGNAL at 70.1. Main support: projection strength: 86.4; usage foundation: 66.7. Main caution: role and availability context: 35.0; missing signal count: 5.,projection strength: 86.4; usage foundation: 66.7,"Context V1: defense fit missing/low reliability for some players; game environment missing for some players; weather, route share, first-read share, and coverage are not sourced.",,projection strength: 86.4,usage foundation: 66.7,data quality: 65.7,role and availability context: 35.0,missing signal count: 5,review context: Context V1: defense fit missing/low reliability for some players; game environment missing,2,0,0,5,65.7,DATA_NEEDS_LIVE_CONTEXT,NEEDS DATA,NEEDS DATA,NEEDS DATA,HISTORICAL TEST ONLY,NO-GO
,D.Douglas,NE,,WR,receiving,1,70.08,70.08,GOOD_SIGNAL,GOOD_SIGNAL,GOOD_SIGNAL at 70.1. Main support: projection strength: 86.2; usage foundation: 66.7. Main caution: role and availability context: 35.0; missing signal count: 5.,projection strength: 86.2; usage foundation: 66.7,"Context V1: defense fit missing/low reliability for some players; game environment missing for some players; weather, route share, first-read share, and coverage are not sourced.",,projection strength: 86.2,usage foundation: 66.7,data quality: 65.7,role and availability context: 35.0,missing signal count: 5,review context: Context V1: defense fit missing/low reliability for some players; game environment missing,2,0,0,5,65.7,DATA_NEEDS_LIVE_CONTEXT,NEEDS DATA,NEEDS DATA,NEEDS DATA,HISTORICAL TEST ONLY,NO-GO
,T.Dell,HOU,,WR,receiving,1,70.0,70.0,GOOD_SIGNAL,GOOD_SIGNAL,GOOD_SIGNAL at 70.0. Main support: projection strength: 86.1; usage foundation: 66.7. Main caution: role and availability context: 35.0; missing signal count: 5.,projection strength: 86.1; usage foundation: 66.7,"Context V1: defense fit missing/low reliability for some players; game environment missing for some players; weather, route share, first-read share, and coverage are not sourced.",,projection strength: 86.1,usage foundation: 66.7,data quality: 65.7,role and availability context: 35.0,missing signal count: 5,review context: Context V1: defense fit missing/low reliability for some players; game environment missing,2,0,0,5,65.7,DATA_NEEDS_LIVE_CONTEXT,NEEDS DATA,NEEDS DATA,NEEDS DATA,HISTORICAL TEST ONLY,NO-GO
,J.Hurts,PHI,KC,QB,rushing,1,70.0,70.0,GOOD_SIGNAL,GOOD_SIGNAL,GOOD_SIGNAL at 70.0. Main support: projection strength: 86.1; usage foundation: 66.7. Main caution: role and availability context: 35.0; missing signal count: 5.,projection strength: 86.1; usage foundation: 66.7,"Context V1: defense fit missing/low reliability for some players; game environment missing for some players; weather, route share, first-read share, and coverage are not sourced.",,projection strength: 86.1,usage foundation: 66.7,data quality: 65.7,role and availability context: 35.0,missing signal count: 5,review context: Context V1: defense fit missing/low reliability for some players; game environment missing,2,0,0,5,65.7,DATA_NEEDS_LIVE_CONTEXT,NEEDS DATA,NEEDS DATA,NEEDS DATA,HISTORICAL TEST ONLY,NO-GO
,A.Lazard,NYJ,,WR,receiving,1,69.93,69.93,GOOD_SIGNAL,GOOD_SIGNAL,GOOD_SIGNAL at 69.9. Main support: projection strength: 85.9; usage foundation: 66.7. Main caution: role and availability context: 35.0; missing signal count: 5.,projection strength: 85.9; usage foundation: 66.7,"Context V1: defense fit missing/low reliability for some players; game environment missing for some players; weather, route share, first-read share, and coverage are not sourced.",,projection strength: 85.9,usage foundation: 66.7,data quality: 65.7,role and availability context: 35.0,missing signal count: 5,review context: Context V1: defense fit missing/low reliability for some players; game environment missing,2,0,0,5,65.7,DATA_NEEDS_LIVE_CONTEXT,NEEDS DATA,NEEDS DATA,NEEDS DATA,HISTORICAL TEST ONLY,NO-GO
,Z.Jones,ARI,,WR,receiving,1,69.88,69.88,GOOD_SIGNAL,GOOD_SIGNAL,GOOD_SIGNAL at 69.9. Main support: projection strength: 85.8; usage foundation: 66.7. Main caution: role and availability context: 35.0; missing signal count: 5.,projection strength: 85.8; usage foundation: 66.7,"Context V1: defense fit missing/low reliability for some players; game environment missing for some players; weather, route share, first-read share, and coverage are not sourced.",,projection strength: 85.8,usage foundation: 66.7,data quality: 65.7,role and availability context: 35.0,missing signal count: 5,review context: Context V1: defense fit missing/low reliability for some players; game environment missing,2,0,0,5,65.7,DATA_NEEDS_LIVE_CONTEXT,NEEDS DATA,NEEDS DATA,NEEDS DATA,HISTORICAL TEST ONLY,NO-GO
,A.Trammell,JAX,,WR,receiving,1,69.86,69.86,GOOD_SIGNAL,GOOD_SIGNAL,GOOD_SIGNAL at 69.9. Main support: projection strength: 85.7; usage foundation: 66.7. Main caution: role and availability context: 35.0; missing signal count: 5.,projection strength: 85.7; usage foundation: 66.7,"Context V1: defense fit missing/low reliability for some players; game environment missing for some players; weather, route share, first-read share, and coverage are not sourced.",,projection strength: 85.7,usage foundation: 66.7,data quality: 65.7,role and availability context: 35.0,missing signal count: 5,review context: Context V1: defense fit missing/low reliability for some players; game environment missing,2,0,0,5,65.7,DATA_NEEDS_LIVE_CONTEXT,NEEDS DATA,NEEDS DATA,NEEDS DATA,HISTORICAL TEST ONLY,NO-GO
,A.Richardson,IND,TEN,QB,rushing,2,69.83,69.83,GOOD_SIGNAL,GOOD_SIGNAL,GOOD_SIGNAL at 69.8. Main support: projection strength: 85.7; usage foundation: 66.7. Main caution: role and availability context: 35.0; missing signal count: 5.,projection strength: 85.7; usage foundation: 66.7,"Context V1: defense fit missing/low reliability for some players; game environment missing for some players; weather, route share, first-read share, and coverage are not sourced.",,projection strength: 85.7,usage foundation: 66.7,data quality: 65.7,role and availability context: 35.0,missing signal count: 5,review context: Context V1: defense fit missing/low reliability for some players; game environment missing,2,0,0,5,65.7,DATA_NEEDS_LIVE_CONTEXT,NEEDS DATA,NEEDS DATA,NEEDS DATA,HISTORICAL TEST ONLY,NO-GO
,D.Robinson,LA,,WR,receiving,1,69.79,69.79,GOOD_SIGNAL,GOOD_SIGNAL,GOOD_SIGNAL at 69.8. Main support: projection strength: 85.6; usage foundation: 66.7. Main caution: role and availability context: 35.0; missing signal count: 5.,projection strength: 85.6; usage foundation: 66.7,"Context V1: defense fit missing/low reliability for some players; game environment missing for some players; weather, route share, first-read share, and coverage are not sourced.",,projection strength: 85.6,usage foundation: 66.7,data quality: 65.7,role and availability context: 35.0,missing signal count: 5,review context: Context V1: defense fit missing/low reliability for some players; game environment missing,2,0,0,5,65.7,DATA_NEEDS_LIVE_CONTEXT,NEEDS DATA,NEEDS DATA,NEEDS DATA,HISTORICAL TEST ONLY,NO-GO
,T.Hockenson,MIN,,TE,receiving,1,69.74,69.74,GOOD_SIGNAL,GOOD_SIGNAL,GOOD_SIGNAL at 69.7. Main support: projection strength: 85.5; usage foundation: 66.7. Main caution: role and availability context: 35.0; missing signal count: 5.,projection strength: 85.5; usage foundation: 66.7,"Context V1: defense fit missing/low reliability for some players; game environment missing for some players; weather, route share, first-read share, and coverage are not sourced.",,projection strength: 85.5,usage foundation: 66.7,data quality: 65.7,role and availability context: 35.0,missing signal count: 5,review context: Context V1: defense fit missing/low reliability for some players; game environment missing,2,0,0,5,65.7,DATA_NEEDS_LIVE_CONTEXT,NEEDS DATA,NEEDS DATA,NEEDS DATA,HISTORICAL TEST ONLY,NO-GO
,J.Ford,CLE,,RB,receiving,2,69.73,69.73,GOOD_SIGNAL,GOOD_SIGNAL,GOOD_SIGNAL at 69.7. Main support: projection strength: 85.5; usage foundation: 66.7. Main caution: role and availability context: 35.0; missing signal count: 5.,projection strength: 85.5; usage foundation: 66.7,"Context V1: defense fit missing/low reliability for some players; game environment missing for some players; weather, route share, first-read share, and coverage are not sourced.",,projection strength: 85.5,usage foundation: 66.7,data quality: 65.7,role and availability context: 35.0,missing signal count: 5,review context: Context V1: defense fit missing/low reliability for some players; game environment missing,2,0,0,5,65.7,DATA_NEEDS_LIVE_CONTEXT,NEEDS DATA,NEEDS DATA,NEEDS DATA,HISTORICAL TEST ONLY,NO-GO
,T.Higbee,LA,,TE,receiving,1,69.67,69.67,GOOD_SIGNAL,GOOD_SIGNAL,GOOD_SIGNAL at 69.7. Main support: projection strength: 85.3; usage foundation: 66.7. Main caution: role and availability context: 35.0; missing signal count: 5.,projection strength: 85.3; usage foundation: 66.7,"Context V1: defense fit missing/low reliability for some players; game environment missing for some players; weather, route share, first-read share, and coverage are not sourced.",,projection strength: 85.3,usage foundation: 66.7,data quality: 65.7,role and availability context: 35.0,missing signal count: 5,review context: Context V1: defense fit missing/low reliability for some players; game environment missing,2,0,0,5,65.7,DATA_NEEDS_LIVE_CONTEXT,NEEDS DATA,NEEDS DATA,NEEDS DATA,HISTORICAL TEST ONLY,NO-GO
,C.Edmonds,TB,,RB,receiving,2,69.65,69.65,GOOD_SIGNAL,GOOD_SIGNAL,GOOD_SIGNAL at 69.7. Main support: projection strength: 85.2; usage foundation: 66.7. Main caution: role and availability context: 35.0; missing signal count: 5.,projection strength: 85.2; usage foundation: 66.7,"Context V1: defense fit missing/low reliability for some players; game environment missing for some players; weather, route share, first-read share, and coverage are not sourced.",,projection strength: 85.2,usage foundation: 66.7,data quality: 65.7,role and availability context: 35.0,missing signal count: 5,review context: Context V1: defense fit missing/low reliability for some players; game environment missing,2,0,0,5,65.7,DATA_NEEDS_LIVE_CONTEXT,NEEDS DATA,NEEDS DATA,NEEDS DATA,HISTORICAL TEST ONLY,NO-GO
,D.Montgomery,IND,,WR,receiving,1,69.65,69.65,GOOD_SIGNAL,GOOD_SIGNAL,GOOD_SIGNAL at 69.7. Main support: projection strength: 85.2; usage foundation: 66.7. Main caution: role and availability context: 35.0; missing signal count: 5.,projection strength: 85.2; usage foundation: 66.7,"Context V1: defense fit missing/low reliability for some players; game environment missing for some players; weather, route share, first-read share, and coverage are not sourced.",,projection strength: 85.2,usage foundation: 66.7,data quality: 65.7,role and availability context: 35.0,missing signal count: 5,review context: Context V1: defense fit missing/low reliability for some players; game environment missing,2,0,0,5,65.7,DATA_NEEDS_LIVE_CONTEXT,NEEDS DATA,NEEDS DATA,NEEDS DATA,HISTORICAL TEST ONLY,NO-GO
,T.Tucker,LV,,WR,receiving,1,69.61,69.61,GOOD_SIGNAL,GOOD_SIGNAL,GOOD_SIGNAL at 69.6. Main support: projection strength: 85.2; usage foundation: 66.7. Main caution: role and availability context: 35.0; missing signal count: 5.,projection strength: 85.2; usage foundation: 66.7,"Context V1: defense fit missing/low reliability for some players; game environment missing for some players; weather, route share, first-read share, and coverage are not sourced.",,projection strength: 85.2,usage foundation: 66.7,data quality: 65.7,role and availability context: 35.0,missing signal count: 5,review context: Context V1: defense fit missing/low reliability for some players; game environment missing,2,0,0,5,65.7,DATA_NEEDS_LIVE_CONTEXT,NEEDS DATA,NEEDS DATA,NEEDS DATA,HISTORICAL TEST ONLY,NO-GO
,K.Raymond,DET,,WR,receiving,1,69.57,69.57,GOOD_SIGNAL,GOOD_SIGNAL,GOOD_SIGNAL at 69.6. Main support: projection strength: 85.1; usage foundation: 66.7. Main caution: role and availability context: 35.0; missing signal count: 5.,projection strength: 85.1; usage foundation: 66.7,"Context V1: defense fit missing/low reliability for some players; game environment missing for some players; weather, route share, first-read share, and coverage are not sourced.",,projection strength: 85.1,usage foundation: 66.7,data quality: 65.7,role and availability context: 35.0,missing signal count: 5,review context: Context V1: defense fit missing/low reliability for some players; game environment missing,2,0,0,5,65.7,DATA_NEEDS_LIVE_CONTEXT,NEEDS DATA,NEEDS DATA,NEEDS DATA,HISTORICAL TEST ONLY,NO-GO
,R.Odunze,CHI,,WR,receiving,1,69.5,69.5,GOOD_SIGNAL,GOOD_SIGNAL,GOOD_SIGNAL at 69.5. Main support: projection strength: 84.9; usage foundation: 66.7. Main caution: role and availability context: 35.0; missing signal count: 5.,projection strength: 84.9; usage foundation: 66.7,"Context V1: defense fit missing/low reliability for some players; game environment missing for some players; weather, route share, first-read share, and coverage are not sourced.",,projection strength: 84.9,usage foundation: 66.7,data quality: 65.7,role and availability context: 35.0,missing signal count: 5,review context: Context V1: defense fit missing/low reliability for some players; game environment missing,2,0,0,5,65.7,DATA_NEEDS_LIVE_CONTEXT,NEEDS DATA,NEEDS DATA,NEEDS DATA,HISTORICAL TEST ONLY,NO-GO
,E.Elliott,DAL,,RB,receiving,2,69.47,69.47,GOOD_SIGNAL,GOOD_SIGNAL,GOOD_SIGNAL at 69.5. Main support: projection strength: 84.8; usage foundation: 66.7. Main caution: role and availability context: 35.0; missing signal count: 5.,projection strength: 84.8; usage foundation: 66.7,"Context V1: defense fit missing/low reliability for some players; game environment missing for some players; weather, route share, first-read share, and coverage are not sourced.",,projection strength: 84.8,usage foundation: 66.7,data quality: 65.7,role and availability context: 35.0,missing signal count: 5,review context: Context V1: defense fit missing/low reliability for some players; game environment missing,2,0,0,5,65.7,DATA_NEEDS_LIVE_CONTEXT,NEEDS DATA,NEEDS DATA,NEEDS DATA,HISTORICAL TEST ONLY,NO-GO
,J.Proche,CLE,,WR,receiving,1,69.47,69.47,GOOD_SIGNAL,GOOD_SIGNAL,GOOD_SIGNAL at 69.5. Main support: projection strength: 84.8; usage foundation: 66.7. Main caution: role and availability context: 35.0; missing signal count: 5.,projection strength: 84.8; usage foundation: 66.7,"Context V1: defense fit missing/low reliability for some players; game environment missing for some players; weather, route share, first-read share, and coverage are not sourced.",,projection strength: 84.8,usage foundation: 66.7,data quality: 65.7,role and availability context: 35.0,missing signal count: 5,review context: Context V1: defense fit missing/low reliability for some players; game environment missing,2,0,0,5,65.7,DATA_NEEDS_LIVE_CONTEXT,NEEDS DATA,NEEDS DATA,NEEDS DATA,HISTORICAL TEST ONLY,NO-GO
,M.Carter,ARI,,RB,receiving,2,69.41,69.41,GOOD_SIGNAL,GOOD_SIGNAL,GOOD_SIGNAL at 69.4. Main support: projection strength: 84.7; usage foundation: 66.7. Main caution: role and availability context: 35.0; missing signal count: 5.,projection strength: 84.7; usage foundation: 66.7,"Context V1: defense fit missing/low reliability for some players; game environment missing for some players; weather, route share, first-read share, and coverage are not sourced.",,projection strength: 84.7,usage foundation: 66.7,data quality: 65.7,role and availability context: 35.0,missing signal count: 5,review context: Context V1: defense fit missing/low reliability for some players; game environment missing,2,0,0,5,65.7,DATA_NEEDS_LIVE_CONTEXT,NEEDS DATA,NEEDS DATA,NEEDS DATA,HISTORICAL TEST ONLY,NO-GO
,X.Legette,CAR,,WR,receiving,1,69.4,69.4,GOOD_SIGNAL,GOOD_SIGNAL,GOOD_SIGNAL at 69.4. Main support: projection strength: 84.7; usage foundation: 66.7. Main caution: role and availability context: 35.0; missing signal count: 5.,projection strength: 84.7; usage foundation: 66.7,"Context V1: defense fit missing/low reliability for some players; game environment missing for some players; weather, route share, first-read share, and coverage are not sourced.",,projection strength: 84.7,usage foundation: 66.7,data quality: 65.7,role and availability context: 35.0,missing signal count: 5,review context: Context V1: defense fit missing/low reliability for some players; game environment missing,2,0,0,5,65.7,DATA_NEEDS_LIVE_CONTEXT,NEEDS DATA,NEEDS DATA,NEEDS DATA,HISTORICAL TEST ONLY,NO-GO
,D.Smith,PHI,,WR,receiving,1,69.36,69.36,GOOD_SIGNAL,GOOD_SIGNAL,GOOD_SIGNAL at 69.4. Main support: projection strength: 84.6; usage foundation: 66.7. Main caution: role and availability context: 35.0; missing signal count: 5.,projection strength: 84.6; usage foundation: 66.7,"Context V1: defense fit missing/low reliability for some players; game environment missing for some players; weather, route share, first-read share, and coverage are not sourced.",,projection strength: 84.6,usage foundation: 66.7,data quality: 65.7,role and availability context: 35.0,missing signal count: 5,review context: Context V1: defense fit missing/low reliability for some players; game environment missing,2,0,0,5,65.7,DATA_NEEDS_LIVE_CONTEXT,NEEDS DATA,NEEDS DATA,NEEDS DATA,HISTORICAL TEST ONLY,NO-GO
,C.Wilson,NO,,WR,receiving,1,69.13,69.13,GOOD_SIGNAL,GOOD_SIGNAL,GOOD_SIGNAL at 69.1. Main support: projection strength: 84.1; usage foundation: 66.7. Main caution: role and availability context: 35.0; missing signal count: 5.,projection strength: 84.1; usage foundation: 66.7,"Context V1: defense fit missing/low reliability for some players; game environment missing for some players; weather, route share, first-read share, and coverage are not sourced.",,projection strength: 84.1,usage foundation: 66.7,data quality: 65.7,role and availability context: 35.0,missing signal count: 5,review context: Context V1: defense fit missing/low reliability for some players; game environment missing,2,0,0,5,65.7,DATA_NEEDS_LIVE_CONTEXT,NEEDS DATA,NEEDS DATA,NEEDS DATA,HISTORICAL TEST ONLY,NO-GO
,T.Spears,TEN,,RB,receiving,2,69.11,69.11,GOOD_SIGNAL,GOOD_SIGNAL,GOOD_SIGNAL at 69.1. Main support: projection strength: 84.0; usage foundation: 66.7. Main caution: role and availability context: 35.0; missing signal count: 5.,projection strength: 84.0; usage foundation: 66.7,"Context V1: defense fit missing/low reliability for some players; game environment missing for some players; weather, route share, first-read share, and coverage are not sourced.",,projection strength: 84.0,usage foundation: 66.7,data quality: 65.7,role and availability context: 35.0,missing signal count: 5,review context: Context V1: defense fit missing/low reliability for some players; game environment missing,2,0,0,5,65.7,DATA_NEEDS_LIVE_CONTEXT,NEEDS DATA,NEEDS DATA,NEEDS DATA,HISTORICAL TEST ONLY,NO-GO
,A.Dillon,GB,,RB,receiving,2,69.08,69.08,GOOD_SIGNAL,GOOD_SIGNAL,GOOD_SIGNAL at 69.1. Main support: projection strength: 84.0; usage foundation: 66.7. Main caution: role and availability context: 35.0; missing signal count: 5.,projection strength: 84.0; usage foundation: 66.7,"Context V1: defense fit missing/low reliability for some players; game environment missing for some players; weather, route share, first-read share, and coverage are not sourced.",,projection strength: 84.0,usage foundation: 66.7,data quality: 65.7,role and availability context: 35.0,missing signal count: 5,review context: Context V1: defense fit missing/low reliability for some players; game environment missing,2,0,0,5,65.7,DATA_NEEDS_LIVE_CONTEXT,NEEDS DATA,NEEDS DATA,NEEDS DATA,HISTORICAL TEST ONLY,NO-GO
,D.Davis,LAC,,WR,receiving,1,69.06,69.06,GOOD_SIGNAL,GOOD_SIGNAL,GOOD_SIGNAL at 69.1. Main support: projection strength: 83.9; usage foundation: 66.7. Main caution: role and availability context: 35.0; missing signal count: 5.,projection strength: 83.9; usage foundation: 66.7,"Context V1: defense fit missing/low reliability for some players; game environment missing for some players; weather, route share, first-read share, and coverage are not sourced.",,projection strength: 83.9,usage foundation: 66.7,data quality: 65.7,role and availability context: 35.0,missing signal count: 5,review context: Context V1: defense fit missing/low reliability for some players; game environment missing,2,0,0,5,65.7,DATA_NEEDS_LIVE_CONTEXT,NEEDS DATA,NEEDS DATA,NEEDS DATA,HISTORICAL TEST ONLY,NO-GO
,M.Williams,PIT,,WR,receiving,1,69.0,69.0,GOOD_SIGNAL,GOOD_SIGNAL,GOOD_SIGNAL at 69.0. Main support: projection strength: 83.8; usage foundation: 66.7. Main caution: role and availability context: 35.0; missing signal count: 5.,projection strength: 83.8; usage foundation: 66.7,"Context V1: defense fit missing/low reliability for some players; game environment missing for some players; weather, route share, first-read share, and coverage are not sourced.",,projection strength: 83.8,usage foundation: 66.7,data quality: 65.7,role and availability context: 35.0,missing signal count: 5,review context: Context V1: defense fit missing/low reliability for some players; game environment missing,2,0,0,5,65.7,DATA_NEEDS_LIVE_CONTEXT,NEEDS DATA,NEEDS DATA,NEEDS DATA,HISTORICAL TEST ONLY,NO-GO
,J.Burrow,CIN,PIT,QB,rushing,2,69.0,69.0,GOOD_SIGNAL,GOOD_SIGNAL,GOOD_SIGNAL at 69.0. Main support: projection strength: 83.8; usage foundation: 66.7. Main caution: role and availability context: 35.0; missing signal count: 5.,projection strength: 83.8; usage foundation: 66.7,"Context V1: defense fit missing/low reliability for some players; game environment missing for some players; weather, route share, first-read share, and coverage are not sourced.",,projection strength: 83.8,usage foundation: 66.7,data quality: 65.7,role and availability context: 35.0,missing signal count: 5,review context: Context V1: defense fit missing/low reliability for some players; game environment missing,2,0,0,5,65.7,DATA_NEEDS_LIVE_CONTEXT,NEEDS DATA,NEEDS DATA,NEEDS DATA,HISTORICAL TEST ONLY,NO-GO
,K.Wilkerson,LV,,WR,receiving,1,68.99,68.99,GOOD_SIGNAL,GOOD_SIGNAL,GOOD_SIGNAL at 69.0. Main support: projection strength: 83.8; usage foundation: 66.7. Main caution: role and availability context: 35.0; missing signal count: 5.,projection strength: 83.8; usage foundation: 66.7,"Context V1: defense fit missing/low reliability for some players; game environment missing for some players; weather, route share, first-read share, and coverage are not sourced.",,projection strength: 83.8,usage foundation: 66.7,data quality: 65.7,role and availability context: 35.0,missing signal count: 5,review context: Context V1: defense fit missing/low reliability for some players; game environment missing,2,0,0,5,65.7,DATA_NEEDS_LIVE_CONTEXT,NEEDS DATA,NEEDS DATA,NEEDS DATA,HISTORICAL TEST ONLY,NO-GO
,L.Fournette,BUF,,RB,receiving,2,68.93,68.93,GOOD_SIGNAL,GOOD_SIGNAL,GOOD_SIGNAL at 68.9. Main support: projection strength: 83.6; usage foundation: 66.7. Main caution: role and availability context: 35.0; missing signal count: 5.,projection strength: 83.6; usage foundation: 66.7,"Context V1: defense fit missing/low reliability for some players; game environment missing for some players; weather, route share, first-read share, and coverage are not sourced.",,projection strength: 83.6,usage foundation: 66.7,data quality: 65.7,role and availability context: 35.0,missing signal count: 5,review context: Context V1: defense fit missing/low reliability for some players; game environment missing,2,0,0,5,65.7,DATA_NEEDS_LIVE_CONTEXT,NEEDS DATA,NEEDS DATA,NEEDS DATA,HISTORICAL TEST ONLY,NO-GO
,J.Agnew,JAX,,WR,receiving,1,68.93,68.93,GOOD_SIGNAL,GOOD_SIGNAL,GOOD_SIGNAL at 68.9. Main support: projection strength: 83.6; usage foundation: 66.7. Main caution: role and availability context: 35.0; missing signal count: 5.,projection strength: 83.6; usage foundation: 66.7,"Context V1: defense fit missing/low reliability for some players; game environment missing for some players; weather, route share, first-read share, and coverage are not sourced.",,projection strength: 83.6,usage foundation: 66.7,data quality: 65.7,role and availability context: 35.0,missing signal count: 5,review context: Context V1: defense fit missing/low reliability for some players; game environment missing,2,0,0,5,65.7,DATA_NEEDS_LIVE_CONTEXT,NEEDS DATA,NEEDS DATA,NEEDS DATA,HISTORICAL TEST ONLY,NO-GO
,W.Snead,SF,,WR,receiving,1,68.92,68.92,GOOD_SIGNAL,GOOD_SIGNAL,GOOD_SIGNAL at 68.9. Main support: projection strength: 83.6; usage foundation: 66.7. Main caution: role and availability context: 35.0; missing signal count: 5.,projection strength: 83.6; usage foundation: 66.7,"Context V1: defense fit missing/low reliability for some players; game environment missing for some players; weather, route share, first-read share, and coverage are not sourced.",,projection strength: 83.6,usage foundation: 66.7,data quality: 65.7,role and availability context: 35.0,missing signal count: 5,review context: Context V1: defense fit missing/low reliability for some players; game environment missing,2,0,0,5,65.7,DATA_NEEDS_LIVE_CONTEXT,NEEDS DATA,NEEDS DATA,NEEDS DATA,HISTORICAL TEST ONLY,NO-GO
,B.Means,NO,,WR,receiving,1,68.78,68.78,GOOD_SIGNAL,GOOD_SIGNAL,GOOD_SIGNAL at 68.8. Main support: projection strength: 83.3; usage foundation: 66.7. Main caution: role and availability context: 35.0; missing signal count: 5.,projection strength: 83.3; usage foundation: 66.7,"Context V1: defense fit missing/low reliability for some players; game environment missing for some players; weather, route share, first-read share, and coverage are not sourced.",,projection strength: 83.3,usage foundation: 66.7,data quality: 65.7,role and availability context: 35.0,missing signal count: 5,review context: Context V1: defense fit missing/low reliability for some players; game environment missing,2,0,0,5,65.7,DATA_NEEDS_LIVE_CONTEXT,NEEDS DATA,NEEDS DATA,NEEDS DATA,HISTORICAL TEST ONLY,NO-GO
,H.Renfrow,LV,,WR,receiving,1,68.78,68.78,GOOD_SIGNAL,GOOD_SIGNAL,GOOD_SIGNAL at 68.8. Main support: projection strength: 83.3; usage foundation: 66.7. Main caution: role and availability context: 35.0; missing signal count: 5.,projection strength: 83.3; usage foundation: 66.7,"Context V1: defense fit missing/low reliability for some players; game environment missing for some players; weather, route share, first-read share, and coverage are not sourced.",,projection strength: 83.3,usage foundation: 66.7,data quality: 65.7,role and availability context: 35.0,missing signal count: 5,review context: Context V1: defense fit missing/low reliability for some players; game environment missing,2,0,0,5,65.7,DATA_NEEDS_LIVE_CONTEXT,NEEDS DATA,NEEDS DATA,NEEDS DATA,HISTORICAL TEST ONLY,NO-GO
,J.Funk,IND,,RB,receiving,2,68.75,68.75,GOOD_SIGNAL,GOOD_SIGNAL,GOOD_SIGNAL at 68.8. Main support: projection strength: 83.2; usage foundation: 66.7. Main caution: role and availability context: 35.0; missing signal count: 5.,projection strength: 83.2; usage foundation: 66.7,"Context V1: defense fit missing/low reliability for some players; game environment missing for some players; weather, route share, first-read share, and coverage are not sourced.",,projection strength: 83.2,usage foundation: 66.7,data quality: 65.7,role and availability context: 35.0,missing signal count: 5,review context: Context V1: defense fit missing/low reliability for some players; game environment missing,2,0,0,5,65.7,DATA_NEEDS_LIVE_CONTEXT,NEEDS DATA,NEEDS DATA,NEEDS DATA,HISTORICAL TEST ONLY,NO-GO
,G.Edwards,LAC,,RB,receiving,2,68.75,68.75,GOOD_SIGNAL,GOOD_SIGNAL,GOOD_SIGNAL at 68.8. Main support: projection strength: 83.2; usage foundation: 66.7. Main caution: role and availability context: 35.0; missing signal count: 5.,projection strength: 83.2; usage foundation: 66.7,"Context V1: defense fit missing/low reliability for some players; game environment missing for some players; weather, route share, first-read share, and coverage are not sourced.",,projection strength: 83.2,usage foundation: 66.7,data quality: 65.7,role and availability context: 35.0,missing signal count: 5,review context: Context V1: defense fit missing/low reliability for some players; game environment missing,2,0,0,5,65.7,DATA_NEEDS_LIVE_CONTEXT,NEEDS DATA,NEEDS DATA,NEEDS DATA,HISTORICAL TEST ONLY,NO-GO
,J.Johnson,NO,,TE,receiving,1,68.71,68.71,GOOD_SIGNAL,GOOD_SIGNAL,GOOD_SIGNAL at 68.7. Main support: projection strength: 83.1; usage foundation: 66.7. Main caution: role and availability context: 35.0; missing signal count: 5.,projection strength: 83.1; usage foundation: 66.7,"Context V1: defense fit missing/low reliability for some players; game environment missing for some players; weather, route share, first-read share, and coverage are not sourced.",,projection strength: 83.1,usage foundation: 66.7,data quality: 65.7,role and availability context: 35.0,missing signal count: 5,review context: Context V1: defense fit missing/low reliability for some players; game environment missing,2,0,0,5,65.7,DATA_NEEDS_LIVE_CONTEXT,NEEDS DATA,NEEDS DATA,NEEDS DATA,HISTORICAL TEST ONLY,NO-GO
,M.Thomas,NO,,WR,receiving,1,68.65,68.65,GOOD_SIGNAL,GOOD_SIGNAL,GOOD_SIGNAL at 68.7. Main support: projection strength: 83.0; usage foundation: 66.7. Main caution: role and availability context: 35.0; missing signal count: 5.,projection strength: 83.0; usage foundation: 66.7,"Context V1: defense fit missing/low reliability for some players; game environment missing for some players; weather, route share, first-read share, and coverage are not sourced.",,projection strength: 83.0,usage foundation: 66.7,data quality: 65.7,role and availability context: 35.0,missing signal count: 5,review context: Context V1: defense fit missing/low reliability for some players; game environment missing,2,0,0,5,65.7,DATA_NEEDS_LIVE_CONTEXT,NEEDS DATA,NEEDS DATA,NEEDS DATA,HISTORICAL TEST ONLY,NO-GO
,D.Mooney,ATL,,WR,receiving,1,68.57,68.57,GOOD_SIGNAL,GOOD_SIGNAL,GOOD_SIGNAL at 68.6. Main support: projection strength: 82.8; usage foundation: 66.7. Main caution: role and availability context: 35.0; missing signal count: 5.,projection strength: 82.8; usage foundation: 66.7,"Context V1: defense fit missing/low reliability for some players; game environment missing for some players; weather, route share, first-read share, and coverage are not sourced.",,projection strength: 82.8,usage foundation: 66.7,data quality: 65.7,role and availability context: 35.0,missing signal count: 5,review context: Context V1: defense fit missing/low reliability for some players; game environment missing,2,0,0,5,65.7,DATA_NEEDS_LIVE_CONTEXT,NEEDS DATA,NEEDS DATA,NEEDS DATA,HISTORICAL TEST ONLY,NO-GO
,S.Zylstra,DET,,TE,receiving,1,68.5,68.5,GOOD_SIGNAL,GOOD_SIGNAL,GOOD_SIGNAL at 68.5. Main support: projection strength: 82.6; usage foundation: 66.7. Main caution: role and availability context: 35.0; missing signal count: 5.,projection strength: 82.6; usage foundation: 66.7,"Context V1: defense fit missing/low reliability for some players; game environment missing for some players; weather, route share, first-read share, and coverage are not sourced.",,projection strength: 82.6,usage foundation: 66.7,data quality: 65.7,role and availability context: 35.0,missing signal count: 5,review context: Context V1: defense fit missing/low reliability for some players; game environment missing,2,0,0,5,65.7,DATA_NEEDS_LIVE_CONTEXT,NEEDS DATA,NEEDS DATA,NEEDS DATA,HISTORICAL TEST ONLY,NO-GO
,I.Hodgins,NYG,,WR,receiving,1,68.44,68.44,GOOD_SIGNAL,GOOD_SIGNAL,GOOD_SIGNAL at 68.4. Main support: projection strength: 82.5; usage foundation: 66.7. Main caution: role and availability context: 35.0; missing signal count: 5.,projection strength: 82.5; usage foundation: 66.7,"Context V1: defense fit missing/low reliability for some players; game environment missing for some players; weather, route share, first-read share, and coverage are not sourced.",,projection strength: 82.5,usage foundation: 66.7,data quality: 65.7,role and availability context: 35.0,missing signal count: 5,review context: Context V1: defense fit missing/low reliability for some players; game environment missing,2,0,0,5,65.7,DATA_NEEDS_LIVE_CONTEXT,NEEDS DATA,NEEDS DATA,NEEDS DATA,HISTORICAL TEST ONLY,NO-GO
,L.Perine,KC,,RB,receiving,2,68.43,68.43,GOOD_SIGNAL,GOOD_SIGNAL,GOOD_SIGNAL at 68.4. Main support: projection strength: 82.5; usage foundation: 66.7. Main caution: role and availability context: 35.0; missing signal count: 5.,projection strength: 82.5; usage foundation: 66.7,"Context V1: defense fit missing/low reliability for some players; game environment missing for some players; weather, route share, first-read share, and coverage are not sourced.",,projection strength: 82.5,usage foundation: 66.7,data quality: 65.7,role and availability context: 35.0,missing signal count: 5,review context: Context V1: defense fit missing/low reliability for some players; game environment missing,2,0,0,5,65.7,DATA_NEEDS_LIVE_CONTEXT,NEEDS DATA,NEEDS DATA,NEEDS DATA,HISTORICAL TEST ONLY,NO-GO
,Z.Charbonnet,SEA,,RB,receiving,2,68.39,68.39,GOOD_SIGNAL,GOOD_SIGNAL,GOOD_SIGNAL at 68.4. Main support: projection strength: 82.4; usage foundation: 66.7. Main caution: role and availability context: 35.0; missing signal count: 5.,projection strength: 82.4; usage foundation: 66.7,"Context V1: defense fit missing/low reliability for some players; game environment missing for some players; weather, route share, first-read share, and coverage are not sourced.",,projection strength: 82.4,usage foundation: 66.7,data quality: 65.7,role and availability context: 35.0,missing signal count: 5,review context: Context V1: defense fit missing/low reliability for some players; game environment missing,2,0,0,5,65.7,DATA_NEEDS_LIVE_CONTEXT,NEEDS DATA,NEEDS DATA,NEEDS DATA,HISTORICAL TEST ONLY,NO-GO
,T.Lockett,SEA,,WR,receiving,1,68.37,68.37,GOOD_SIGNAL,GOOD_SIGNAL,GOOD_SIGNAL at 68.4. Main support: projection strength: 82.3; usage foundation: 66.7. Main caution: role and availability context: 35.0; missing signal count: 5.,projection strength: 82.3; usage foundation: 66.7,"Context V1: defense fit missing/low reliability for some players; game environment missing for some players; weather, route share, first-read share, and coverage are not sourced.",,projection strength: 82.3,usage foundation: 66.7,data quality: 65.7,role and availability context: 35.0,missing signal count: 5,review context: Context V1: defense fit missing/low reliability for some players; game environment missing,2,0,0,5,65.7,DATA_NEEDS_LIVE_CONTEXT,NEEDS DATA,NEEDS DATA,NEEDS DATA,HISTORICAL TEST ONLY,NO-GO
00-0034796,L.Jackson,BAL,BUF,QB,passing,1,68.28,68.28,GOOD_SIGNAL,GOOD_SIGNAL,GOOD_SIGNAL at 68.3. Main support: recent form: 100.0; data quality: 87.8. Main caution: usage foundation: 33.3; role and availability context: 35.0.,recent form: 100.0; data quality: 87.8,"Context V1: defense fit missing/low reliability for some players; game environment missing for some players; weather, route share, first-read share, and coverage are not sourced.",,recent form: 100.0,data quality: 87.8,projection strength: 85.2,usage foundation: 33.3,role and availability context: 35.0,opponent defense fit: 42.6,2,0,0,2,87.75,DATA_NEEDS_LIVE_CONTEXT,NEEDS DATA,NEEDS DATA,NEEDS DATA,HISTORICAL TEST ONLY,NO-GO
,J.Warren,PIT,,RB,receiving,2,68.26,68.26,GOOD_SIGNAL,GOOD_SIGNAL,GOOD_SIGNAL at 68.3. Main support: projection strength: 82.1; usage foundation: 66.7. Main caution: role and availability context: 35.0; missing signal count: 5.,projection strength: 82.1; usage foundation: 66.7,"Context V1: defense fit missing/low reliability for some players; game environment missing for some players; weather, route share, first-read share, and coverage are not sourced.",,projection strength: 82.1,usage foundation: 66.7,data quality: 65.7,role and availability context: 35.0,missing signal count: 5,review context: Context V1: defense fit missing/low reliability for some players; game environment missing,2,0,0,5,65.7,DATA_NEEDS_LIVE_CONTEXT,NEEDS DATA,NEEDS DATA,NEEDS DATA,HISTORICAL TEST ONLY,NO-GO
,N.Fant,SEA,,TE,receiving,1,68.24,68.24,GOOD_SIGNAL,GOOD_SIGNAL,GOOD_SIGNAL at 68.2. Main support: projection strength: 82.0; usage foundation: 66.7. Main caution: role and availability context: 35.0; missing signal count: 5.,projection strength: 82.0; usage foundation: 66.7,"Context V1: defense fit missing/low reliability for some players; game environment missing for some players; weather, route share, first-read share, and coverage are not sourced.",,projection strength: 82.0,usage foundation: 66.7,data quality: 65.7,role and availability context: 35.0,missing signal count: 5,review context: Context V1: defense fit missing/low reliability for some players; game environment missing,2,0,0,5,65.7,DATA_NEEDS_LIVE_CONTEXT,NEEDS DATA,NEEDS DATA,NEEDS DATA,HISTORICAL TEST ONLY,NO-GO
,E.Hull,IND,,RB,receiving,2,68.21,68.21,GOOD_SIGNAL,GOOD_SIGNAL,GOOD_SIGNAL at 68.2. Main support: projection strength: 82.0; usage foundation: 66.7. Main caution: role and availability context: 35.0; missing signal count: 5.,projection strength: 82.0; usage foundation: 66.7,"Context V1: defense fit missing/low reliability for some players; game environment missing for some players; weather, route share, first-read share, and coverage are not sourced.",,projection strength: 82.0,usage foundation: 66.7,data quality: 65.7,role and availability context: 35.0,missing signal count: 5,review context: Context V1: defense fit missing/low reliability for some players; game environment missing,2,0,0,5,65.7,DATA_NEEDS_LIVE_CONTEXT,NEEDS DATA,NEEDS DATA,NEEDS DATA,HISTORICAL TEST ONLY,NO-GO
,A.Mattison,LV,,RB,receiving,2,68.1,68.1,GOOD_SIGNAL,GOOD_SIGNAL,GOOD_SIGNAL at 68.1. Main support: projection strength: 81.7; usage foundation: 66.7. Main caution: role and availability context: 35.0; missing signal count: 5.,projection strength: 81.7; usage foundation: 66.7,"Context V1: defense fit missing/low reliability for some players; game environment missing for some players; weather, route share, first-read share, and coverage are not sourced.",,projection strength: 81.7,usage foundation: 66.7,data quality: 65.7,role and availability context: 35.0,missing signal count: 5,review context: Context V1: defense fit missing/low reliability for some players; game environment missing,2,0,0,5,65.7,DATA_NEEDS_LIVE_CONTEXT,NEEDS DATA,NEEDS DATA,NEEDS DATA,HISTORICAL TEST ONLY,NO-GO
,K.Kirkwood,NO,,WR,receiving,1,68.03,68.03,GOOD_SIGNAL,GOOD_SIGNAL,GOOD_SIGNAL at 68.0. Main support: projection strength: 81.6; usage foundation: 66.7. Main caution: role and availability context: 35.0; missing signal count: 5.,projection strength: 81.6; usage foundation: 66.7,"Context V1: defense fit missing/low reliability for some players; game environment missing for some players; weather, route share, first-read share, and coverage are not sourced.",,projection strength: 81.6,usage foundation: 66.7,data quality: 65.7,role and availability context: 35.0,missing signal count: 5,review context: Context V1: defense fit missing/low reliability for some players; game environment missing,2,0,0,5,65.7,DATA_NEEDS_LIVE_CONTEXT,NEEDS DATA,NEEDS DATA,NEEDS DATA,HISTORICAL TEST ONLY,NO-GO
,L.Murray,BUF,,RB,receiving,2,68.03,68.03,GOOD_SIGNAL,GOOD_SIGNAL,GOOD_SIGNAL at 68.0. Main support: projection strength: 81.6; usage foundation: 66.7. Main caution: role and availability context: 35.0; missing signal count: 5.,projection strength: 81.6; usage foundation: 66.7,"Context V1: defense fit missing/low reliability for some players; game environment missing for some players; weather, route share, first-read share, and coverage are not sourced.",,projection strength: 81.6,usage foundation: 66.7,data quality: 65.7,role and availability context: 35.0,missing signal count: 5,review context: Context V1: defense fit missing/low reliability for some players; game environment missing,2,0,0,5,65.7,DATA_NEEDS_LIVE_CONTEXT,NEEDS DATA,NEEDS DATA,NEEDS DATA,HISTORICAL TEST ONLY,NO-GO
,K.Coleman,BUF,,WR,receiving,1,68.0,68.0,GOOD_SIGNAL,GOOD_SIGNAL,GOOD_SIGNAL at 68.0. Main support: projection strength: 81.5; usage foundation: 66.7. Main caution: role and availability context: 35.0; missing signal count: 5.,projection strength: 81.5; usage foundation: 66.7,"Context V1: defense fit missing/low reliability for some players; game environment missing for some players; weather, route share, first-read share, and coverage are not sourced.",,projection strength: 81.5,usage foundation: 66.7,data quality: 65.7,role and availability context: 35.0,missing signal count: 5,review context: Context V1: defense fit missing/low reliability for some players; game environment missing,2,0,0,5,65.7,DATA_NEEDS_LIVE_CONTEXT,NEEDS DATA,NEEDS DATA,NEEDS DATA,HISTORICAL TEST ONLY,NO-GO
,J.Akins,CLE,,TE,receiving,1,67.97,67.97,GOOD_SIGNAL,GOOD_SIGNAL,GOOD_SIGNAL at 68.0. Main support: projection strength: 81.4; usage foundation: 66.7. Main caution: role and availability context: 35.0; missing signal count: 5.,projection strength: 81.4; usage foundation: 66.7,"Context V1: defense fit missing/low reliability for some players; game environment missing for some players; weather, route share, first-read share, and coverage are not sourced.",,projection strength: 81.4,usage foundation: 66.7,data quality: 65.7,role and availability context: 35.0,missing signal count: 5,review context: Context V1: defense fit missing/low reliability for some players; game environment missing,2,0,0,5,65.7,DATA_NEEDS_LIVE_CONTEXT,NEEDS DATA,NEEDS DATA,NEEDS DATA,HISTORICAL TEST ONLY,NO-GO
,Z.Flowers,BAL,,WR,receiving,1,67.92,67.92,GOOD_SIGNAL,GOOD_SIGNAL,GOOD_SIGNAL at 67.9. Main support: projection strength: 81.3; usage foundation: 66.7. Main caution: role and availability context: 35.0; missing signal count: 5.,projection strength: 81.3; usage foundation: 66.7,"Context V1: defense fit missing/low reliability for some players; game environment missing for some players; weather, route share, first-read share, and coverage are not sourced.",,projection strength: 81.3,usage foundation: 66.7,data quality: 65.7,role and availability context: 35.0,missing signal count: 5,review context: Context V1: defense fit missing/low reliability for some players; game environment missing,2,0,0,5,65.7,DATA_NEEDS_LIVE_CONTEXT,NEEDS DATA,NEEDS DATA,NEEDS DATA,HISTORICAL TEST ONLY,NO-GO
,T.Johnson,LA,,WR,receiving,1,67.9,67.9,GOOD_SIGNAL,GOOD_SIGNAL,GOOD_SIGNAL at 67.9. Main support: projection strength: 81.2; usage foundation: 66.7. Main caution: role and availability context: 35.0; missing signal count: 5.,projection strength: 81.2; usage foundation: 66.7,"Context V1: defense fit missing/low reliability for some players; game environment missing for some players; weather, route share, first-read share, and coverage are not sourced.",,projection strength: 81.2,usage foundation: 66.7,data quality: 65.7,role and availability context: 35.0,missing signal count: 5,review context: Context V1: defense fit missing/low reliability for some players; game environment missing,2,0,0,5,65.7,DATA_NEEDS_LIVE_CONTEXT,NEEDS DATA,NEEDS DATA,NEEDS DATA,HISTORICAL TEST ONLY,NO-GO
,J.McLaughlin,DEN,,RB,receiving,2,67.85,67.85,GOOD_SIGNAL,GOOD_SIGNAL,GOOD_SIGNAL at 67.8. Main support: projection strength: 81.2; usage foundation: 66.7. Main caution: role and availability context: 35.0; missing signal count: 5.,projection strength: 81.2; usage foundation: 66.7,"Context V1: defense fit missing/low reliability for some players; game environment missing for some players; weather, route share, first-read share, and coverage are not sourced.",,projection strength: 81.2,usage foundation: 66.7,data quality: 65.7,role and availability context: 35.0,missing signal count: 5,review context: Context V1: defense fit missing/low reliability for some players; game environment missing,2,0,0,5,65.7,DATA_NEEDS_LIVE_CONTEXT,NEEDS DATA,NEEDS DATA,NEEDS DATA,HISTORICAL TEST ONLY,NO-GO
,M.Jones,DET,,WR,receiving,1,67.83,67.83,GOOD_SIGNAL,GOOD_SIGNAL,GOOD_SIGNAL at 67.8. Main support: projection strength: 81.1; usage foundation: 66.7. Main caution: role and availability context: 35.0; missing signal count: 5.,projection strength: 81.1; usage foundation: 66.7,"Context V1: defense fit missing/low reliability for some players; game environment missing for some players; weather, route share, first-read share, and coverage are not sourced.",,projection strength: 81.1,usage foundation: 66.7,data quality: 65.7,role and availability context: 35.0,missing signal count: 5,review context: Context V1: defense fit missing/low reliability for some players; game environment missing,2,0,0,5,65.7,DATA_NEEDS_LIVE_CONTEXT,NEEDS DATA,NEEDS DATA,NEEDS DATA,HISTORICAL TEST ONLY,NO-GO
,B.Oliver,TEN,,WR,receiving,1,67.78,67.78,GOOD_SIGNAL,GOOD_SIGNAL,GOOD_SIGNAL at 67.8. Main support: projection strength: 81.0; usage foundation: 66.7. Main caution: role and availability context: 35.0; missing signal count: 5.,projection strength: 81.0; usage foundation: 66.7,"Context V1: defense fit missing/low reliability for some players; game environment missing for some players; weather, route share, first-read share, and coverage are not sourced.",,projection strength: 81.0,usage foundation: 66.7,data quality: 65.7,role and availability context: 35.0,missing signal count: 5,review context: Context V1: defense fit missing/low reliability for some players; game environment missing,2,0,0,5,65.7,DATA_NEEDS_LIVE_CONTEXT,NEEDS DATA,NEEDS DATA,NEEDS DATA,HISTORICAL TEST ONLY,NO-GO
,D.Singletary,NYG,,RB,receiving,2,67.77,67.77,GOOD_SIGNAL,GOOD_SIGNAL,GOOD_SIGNAL at 67.8. Main support: projection strength: 81.0; usage foundation: 66.7. Main caution: role and availability context: 35.0; missing signal count: 5.,projection strength: 81.0; usage foundation: 66.7,"Context V1: defense fit missing/low reliability for some players; game environment missing for some players; weather, route share, first-read share, and coverage are not sourced.",,projection strength: 81.0,usage foundation: 66.7,data quality: 65.7,role and availability context: 35.0,missing signal count: 5,review context: Context V1: defense fit missing/low reliability for some players; game environment missing,2,0,0,5,65.7,DATA_NEEDS_LIVE_CONTEXT,NEEDS DATA,NEEDS DATA,NEEDS DATA,HISTORICAL TEST ONLY,NO-GO
,R.Bateman,BAL,,WR,receiving,1,67.71,67.71,GOOD_SIGNAL,GOOD_SIGNAL,GOOD_SIGNAL at 67.7. Main support: projection strength: 80.8; usage foundation: 66.7. Main caution: role and availability context: 35.0; missing signal count: 5.,projection strength: 80.8; usage foundation: 66.7,"Context V1: defense fit missing/low reliability for some players; game environment missing for some players; weather, route share, first-read share, and coverage are not sourced.",,projection strength: 80.8,usage foundation: 66.7,data quality: 65.7,role and availability context: 35.0,missing signal count: 5,review context: Context V1: defense fit missing/low reliability for some players; game environment missing,2,0,0,5,65.7,DATA_NEEDS_LIVE_CONTEXT,NEEDS DATA,NEEDS DATA,NEEDS DATA,HISTORICAL TEST ONLY,NO-GO
,D.Henderson,LA,,RB,receiving,2,67.61,67.61,GOOD_SIGNAL,GOOD_SIGNAL,GOOD_SIGNAL at 67.6. Main support: projection strength: 80.6; usage foundation: 66.7. Main caution: role and availability context: 35.0; missing signal count: 5.,projection strength: 80.6; usage foundation: 66.7,"Context V1: defense fit missing/low reliability for some players; game environment missing for some players; weather, route share, first-read share, and coverage are not sourced.",,projection strength: 80.6,usage foundation: 66.7,data quality: 65.7,role and availability context: 35.0,missing signal count: 5,review context: Context V1: defense fit missing/low reliability for some players; game environment missing,2,0,0,5,65.7,DATA_NEEDS_LIVE_CONTEXT,NEEDS DATA,NEEDS DATA,NEEDS DATA,HISTORICAL TEST ONLY,NO-GO
,T.Conklin,NYJ,,TE,receiving,1,67.55,67.55,GOOD_SIGNAL,GOOD_SIGNAL,GOOD_SIGNAL at 67.5. Main support: projection strength: 80.5; usage foundation: 66.7. Main caution: role and availability context: 35.0; missing signal count: 5.,projection strength: 80.5; usage foundation: 66.7,"Context V1: defense fit missing/low reliability for some players; game environment missing for some players; weather, route share, first-read share, and coverage are not sourced.",,projection strength: 80.5,usage foundation: 66.7,data quality: 65.7,role and availability context: 35.0,missing signal count: 5,review context: Context V1: defense fit missing/low reliability for some players; game environment missing,2,0,0,5,65.7,DATA_NEEDS_LIVE_CONTEXT,NEEDS DATA,NEEDS DATA,NEEDS DATA,HISTORICAL TEST ONLY,NO-GO
,D.Harris,BUF,,RB,receiving,2,67.49,67.49,GOOD_SIGNAL,GOOD_SIGNAL,GOOD_SIGNAL at 67.5. Main support: projection strength: 80.3; usage foundation: 66.7. Main caution: role and availability context: 35.0; missing signal count: 5.,projection strength: 80.3; usage foundation: 66.7,"Context V1: defense fit missing/low reliability for some players; game environment missing for some players; weather, route share, first-read share, and coverage are not sourced.",,projection strength: 80.3,usage foundation: 66.7,data quality: 65.7,role and availability context: 35.0,missing signal count: 5,review context: Context V1: defense fit missing/low reliability for some players; game environment missing,2,0,0,5,65.7,DATA_NEEDS_LIVE_CONTEXT,NEEDS DATA,NEEDS DATA,NEEDS DATA,HISTORICAL TEST ONLY,NO-GO
,A.Ekeler,WAS,,RB,receiving,2,67.45,67.45,GOOD_SIGNAL,GOOD_SIGNAL,GOOD_SIGNAL at 67.5. Main support: projection strength: 80.2; usage foundation: 66.7. Main caution: role and availability context: 35.0; missing signal count: 5.,projection strength: 80.2; usage foundation: 66.7,"Context V1: defense fit missing/low reliability for some players; game environment missing for some players; weather, route share, first-read share, and coverage are not sourced.",,projection strength: 80.2,usage foundation: 66.7,data quality: 65.7,role and availability context: 35.0,missing signal count: 5,review context: Context V1: defense fit missing/low reliability for some players; game environment missing,2,0,0,5,65.7,DATA_NEEDS_LIVE_CONTEXT,NEEDS DATA,NEEDS DATA,NEEDS DATA,HISTORICAL TEST ONLY,NO-GO
,K.Philips,TEN,,WR,receiving,1,67.42,67.42,GOOD_SIGNAL,GOOD_SIGNAL,GOOD_SIGNAL at 67.4. Main support: projection strength: 80.2; usage foundation: 66.7. Main caution: role and availability context: 35.0; missing signal count: 5.,projection strength: 80.2; usage foundation: 66.7,"Context V1: defense fit missing/low reliability for some players; game environment missing for some players; weather, route share, first-read share, and coverage are not sourced.",,projection strength: 80.2,usage foundation: 66.7,data quality: 65.7,role and availability context: 35.0,missing signal count: 5,review context: Context V1: defense fit missing/low reliability for some players; game environment missing,2,0,0,5,65.7,DATA_NEEDS_LIVE_CONTEXT,NEEDS DATA,NEEDS DATA,NEEDS DATA,HISTORICAL TEST ONLY,NO-GO
,B.Cooks,DAL,,WR,receiving,1,67.28,67.28,GOOD_SIGNAL,GOOD_SIGNAL,GOOD_SIGNAL at 67.3. Main support: projection strength: 79.8; usage foundation: 66.7. Main caution: role and availability context: 35.0; missing signal count: 5.,projection strength: 79.8; usage foundation: 66.7,"Context V1: defense fit missing/low reliability for some players; game environment missing for some players; weather, route share, first-read share, and coverage are not sourced.",,projection strength: 79.8,usage foundation: 66.7,data quality: 65.7,role and availability context: 35.0,missing signal count: 5,review context: Context V1: defense fit missing/low reliability for some players; game environment missing,2,0,0,5,65.7,DATA_NEEDS_LIVE_CONTEXT,NEEDS DATA,NEEDS DATA,NEEDS DATA,HISTORICAL TEST ONLY,NO-GO
,E.All,CIN,,TE,receiving,1,67.21,67.21,GOOD_SIGNAL,GOOD_SIGNAL,GOOD_SIGNAL at 67.2. Main support: projection strength: 79.7; usage foundation: 66.7. Main caution: role and availability context: 35.0; missing signal count: 5.,projection strength: 79.7; usage foundation: 66.7,"Context V1: defense fit missing/low reliability for some players; game environment missing for some players; weather, route share, first-read share, and coverage are not sourced.",,projection strength: 79.7,usage foundation: 66.7,data quality: 65.7,role and availability context: 35.0,missing signal count: 5,review context: Context V1: defense fit missing/low reliability for some players; game environment missing,2,0,0,5,65.7,DATA_NEEDS_LIVE_CONTEXT,NEEDS DATA,NEEDS DATA,NEEDS DATA,HISTORICAL TEST ONLY,NO-GO
,C.Samuel,BUF,,WR,receiving,1,67.14,67.14,GOOD_SIGNAL,GOOD_SIGNAL,GOOD_SIGNAL at 67.1. Main support: projection strength: 79.5; usage foundation: 66.7. Main caution: role and availability context: 35.0; missing signal count: 5.,projection strength: 79.5; usage foundation: 66.7,"Context V1: defense fit missing/low reliability for some players; game environment missing for some players; weather, route share, first-read share, and coverage are not sourced.",,projection strength: 79.5,usage foundation: 66.7,data quality: 65.7,role and availability context: 35.0,missing signal count: 5,review context: Context V1: defense fit missing/low reliability for some players; game environment missing,2,0,0,5,65.7,DATA_NEEDS_LIVE_CONTEXT,NEEDS DATA,NEEDS DATA,NEEDS DATA,HISTORICAL TEST ONLY,NO-GO
,D.Gore,WAS,,RB,receiving,2,67.12,67.12,GOOD_SIGNAL,GOOD_SIGNAL,GOOD_SIGNAL at 67.1. Main support: projection strength: 79.5; usage foundation: 66.7. Main caution: role and availability context: 35.0; missing signal count: 5.,projection strength: 79.5; usage foundation: 66.7,"Context V1: defense fit missing/low reliability for some players; game environment missing for some players; weather, route share, first-read share, and coverage are not sourced.",,projection strength: 79.5,usage foundation: 66.7,data quality: 65.7,role and availability context: 35.0,missing signal count: 5,review context: Context V1: defense fit missing/low reliability for some players; game environment missing,2,0,0,5,65.7,DATA_NEEDS_LIVE_CONTEXT,NEEDS DATA,NEEDS DATA,NEEDS DATA,HISTORICAL TEST ONLY,NO-GO
,D.Wicks,GB,,WR,receiving,1,67.08,67.08,GOOD_SIGNAL,GOOD_SIGNAL,GOOD_SIGNAL at 67.1. Main support: projection strength: 79.4; usage foundation: 66.7. Main caution: role and availability context: 35.0; missing signal count: 5.,projection strength: 79.4; usage foundation: 66.7,"Context V1: defense fit missing/low reliability for some players; game environment missing for some players; weather, route share, first-read share, and coverage are not sourced.",,projection strength: 79.4,usage foundation: 66.7,data quality: 65.7,role and availability context: 35.0,missing signal count: 5,review context: Context V1: defense fit missing/low reliability for some players; game environment missing,2,0,0,5,65.7,DATA_NEEDS_LIVE_CONTEXT,NEEDS DATA,NEEDS DATA,NEEDS DATA,HISTORICAL TEST ONLY,NO-GO
,R.Jarrett,TB,,WR,receiving,1,67.06,67.06,GOOD_SIGNAL,GOOD_SIGNAL,GOOD_SIGNAL at 67.1. Main support: projection strength: 79.3; usage foundation: 66.7. Main caution: role and availability context: 35.0; missing signal count: 5.,projection strength: 79.3; usage foundation: 66.7,"Context V1: defense fit missing/low reliability for some players; game environment missing for some players; weather, route share, first-read share, and coverage are not sourced.",,projection strength: 79.3,usage foundation: 66.7,data quality: 65.7,role and availability context: 35.0,missing signal count: 5,review context: Context V1: defense fit missing/low reliability for some players; game environment missing,2,0,0,5,65.7,DATA_NEEDS_LIVE_CONTEXT,NEEDS DATA,NEEDS DATA,NEEDS DATA,HISTORICAL TEST ONLY,NO-GO
,T.Scott,CHI,,WR,receiving,1,67.01,67.01,GOOD_SIGNAL,GOOD_SIGNAL,GOOD_SIGNAL at 67.0. Main support: projection strength: 79.2; usage foundation: 66.7. Main caution: role and availability context: 35.0; missing signal count: 5.,projection strength: 79.2; usage foundation: 66.7,"Context V1: defense fit missing/low reliability for some players; game environment missing for some players; weather, route share, first-read share, and coverage are not sourced.",,projection strength: 79.2,usage foundation: 66.7,data quality: 65.7,role and availability context: 35.0,missing signal count: 5,review context: Context V1: defense fit missing/low reliability for some players; game environment missing,2,0,0,5,65.7,DATA_NEEDS_LIVE_CONTEXT,NEEDS DATA,NEEDS DATA,NEEDS DATA,HISTORICAL TEST ONLY,NO-GO
00-0034869,S.Darnold,MIN,LA,QB,passing,1,67.01,67.01,GOOD_SIGNAL,GOOD_SIGNAL,GOOD_SIGNAL at 67.0. Main support: recent form: 99.9; opponent defense fit: 83.3. Main caution: usage foundation: 33.3; role and availability context: 35.0.,recent form: 99.9; opponent defense fit: 83.3,"Context V1: defense fit missing/low reliability for some players; game environment missing for some players; weather, route share, first-read share, and coverage are not sourced.",,recent form: 99.9,opponent defense fit: 83.3,data quality: 79.0,usage foundation: 33.3,role and availability context: 35.0,missing signal count: 3,2,1,0,3,79.0,DATA_NEEDS_LIVE_CONTEXT,NEEDS DATA,NEEDS DATA,NEEDS DATA,HISTORICAL TEST ONLY,NO-GO
,R.Freeman,LA,,RB,receiving,2,66.96,66.96,GOOD_SIGNAL,GOOD_SIGNAL,GOOD_SIGNAL at 67.0. Main support: projection strength: 79.1; usage foundation: 66.7. Main caution: role and availability context: 35.0; missing signal count: 5.,projection strength: 79.1; usage foundation: 66.7,"Context V1: defense fit missing/low reliability for some players; game environment missing for some players; weather, route share, first-read share, and coverage are not sourced.",,projection strength: 79.1,usage foundation: 66.7,data quality: 65.7,role and availability context: 35.0,missing signal count: 5,review context: Context V1: defense fit missing/low reliability for some players; game environment missing,2,0,0,5,65.7,DATA_NEEDS_LIVE_CONTEXT,NEEDS DATA,NEEDS DATA,NEEDS DATA,HISTORICAL TEST ONLY,NO-GO
,R.Mostert,MIA,,RB,receiving,2,66.96,66.96,GOOD_SIGNAL,GOOD_SIGNAL,GOOD_SIGNAL at 67.0. Main support: projection strength: 79.1; usage foundation: 66.7. Main caution: role and availability context: 35.0; missing signal count: 5.,projection strength: 79.1; usage foundation: 66.7,"Context V1: defense fit missing/low reliability for some players; game environment missing for some players; weather, route share, first-read share, and coverage are not sourced.",,projection strength: 79.1,usage foundation: 66.7,data quality: 65.7,role and availability context: 35.0,missing signal count: 5,review context: Context V1: defense fit missing/low reliability for some players; game environment missing,2,0,0,5,65.7,DATA_NEEDS_LIVE_CONTEXT,NEEDS DATA,NEEDS DATA,NEEDS DATA,HISTORICAL TEST ONLY,NO-GO
,D.Culp,TB,,TE,receiving,1,66.92,66.92,GOOD_SIGNAL,GOOD_SIGNAL,GOOD_SIGNAL at 66.9. Main support: projection strength: 79.0; usage foundation: 66.7. Main caution: role and availability context: 35.0; missing signal count: 5.,projection strength: 79.0; usage foundation: 66.7,"Context V1: defense fit missing/low reliability for some players; game environment missing for some players; weather, route share, first-read share, and coverage are not sourced.",,projection strength: 79.0,usage foundation: 66.7,data quality: 65.7,role and availability context: 35.0,missing signal count: 5,review context: Context V1: defense fit missing/low reliability for some players; game environment missing,2,0,0,5,65.7,DATA_NEEDS_LIVE_CONTEXT,NEEDS DATA,NEEDS DATA,NEEDS DATA,HISTORICAL TEST ONLY,NO-GO
,G.Smith,SEA,LA,QB,rushing,2,66.82,66.82,GOOD_SIGNAL,GOOD_SIGNAL,GOOD_SIGNAL at 66.8. Main support: projection strength: 78.8; usage foundation: 66.7. Main caution: role and availability context: 35.0; missing signal count: 5.,projection strength: 78.8; usage foundation: 66.7,"Context V1: defense fit missing/low reliability for some players; game environment missing for some players; weather, route share, first-read share, and coverage are not sourced.",,projection strength: 78.8,usage foundation: 66.7,data quality: 65.7,role and availability context: 35.0,missing signal count: 5,review context: Context V1: defense fit missing/low reliability for some players; game environment missing,2,0,0,5,65.7,DATA_NEEDS_LIVE_CONTEXT,NEEDS DATA,NEEDS DATA,NEEDS DATA,HISTORICAL TEST ONLY,NO-GO
,B.Powell,MIN,,WR,receiving,1,66.8,66.8,GOOD_SIGNAL,GOOD_SIGNAL,GOOD_SIGNAL at 66.8. Main support: projection strength: 78.8; usage foundation: 66.7. Main caution: role and availability context: 35.0; missing signal count: 5.,projection strength: 78.8; usage foundation: 66.7,"Context V1: defense fit missing/low reliability for some players; game environment missing for some players; weather, route share, first-read share, and coverage are not sourced.",,projection strength: 78.8,usage foundation: 66.7,data quality: 65.7,role and availability context: 35.0,missing signal count: 5,review context: Context V1: defense fit missing/low reliability for some players; game environment missing,2,0,0,5,65.7,DATA_NEEDS_LIVE_CONTEXT,NEEDS DATA,NEEDS DATA,NEEDS DATA,HISTORICAL TEST ONLY,NO-GO
,B.Bolden,LV,,RB,receiving,2,66.79,66.79,GOOD_SIGNAL,GOOD_SIGNAL,GOOD_SIGNAL at 66.8. Main support: projection strength: 78.7; usage foundation: 66.7. Main caution: role and availability context: 35.0; missing signal count: 5.,projection strength: 78.7; usage foundation: 66.7,"Context V1: defense fit missing/low reliability for some players; game environment missing for some players; weather, route share, first-read share, and coverage are not sourced.",,projection strength: 78.7,usage foundation: 66.7,data quality: 65.7,role and availability context: 35.0,missing signal count: 5,review context: Context V1: defense fit missing/low reliability for some players; game environment missing,2,0,0,5,65.7,DATA_NEEDS_LIVE_CONTEXT,NEEDS DATA,NEEDS DATA,NEEDS DATA,HISTORICAL TEST ONLY,NO-GO
,A.Estime,DEN,,RB,receiving,2,66.78,66.78,GOOD_SIGNAL,GOOD_SIGNAL,GOOD_SIGNAL at 66.8. Main support: projection strength: 78.7; usage foundation: 66.7. Main caution: role and availability context: 35.0; missing signal count: 5.,projection strength: 78.7; usage foundation: 66.7,"Context V1: defense fit missing/low reliability for some players; game environment missing for some players; weather, route share, first-read share, and coverage are not sourced.",,projection strength: 78.7,usage foundation: 66.7,data quality: 65.7,role and availability context: 35.0,missing signal count: 5,review context: Context V1: defense fit missing/low reliability for some players; game environment missing,2,0,0,5,65.7,DATA_NEEDS_LIVE_CONTEXT,NEEDS DATA,NEEDS DATA,NEEDS DATA,HISTORICAL TEST ONLY,NO-GO
,J.Brownlee,NYJ,,WR,receiving,1,66.78,66.78,GOOD_SIGNAL,GOOD_SIGNAL,GOOD_SIGNAL at 66.8. Main support: projection strength: 78.7; usage foundation: 66.7. Main caution: role and availability context: 35.0; missing signal count: 5.,projection strength: 78.7; usage foundation: 66.7,"Context V1: defense fit missing/low reliability for some players; game environment missing for some players; weather, route share, first-read share, and coverage are not sourced.",,projection strength: 78.7,usage foundation: 66.7,data quality: 65.7,role and availability context: 35.0,missing signal count: 5,review context: Context V1: defense fit missing/low reliability for some players; game environment missing,2,0,0,5,65.7,DATA_NEEDS_LIVE_CONTEXT,NEEDS DATA,NEEDS DATA,NEEDS DATA,HISTORICAL TEST ONLY,NO-GO
,R.McCloud,ATL,,WR,receiving,1,66.73,66.73,GOOD_SIGNAL,GOOD_SIGNAL,GOOD_SIGNAL at 66.7. Main support: projection strength: 78.6; usage foundation: 66.7. Main caution: role and availability context: 35.0; missing signal count: 5.,projection strength: 78.6; usage foundation: 66.7,"Context V1: defense fit missing/low reliability for some players; game environment missing for some players; weather, route share, first-read share, and coverage are not sourced.",,projection strength: 78.6,usage foundation: 66.7,data quality: 65.7,role and availability context: 35.0,missing signal count: 5,review context: Context V1: defense fit missing/low reliability for some players; game environment missing,2,0,0,5,65.7,DATA_NEEDS_LIVE_CONTEXT,NEEDS DATA,NEEDS DATA,NEEDS DATA,HISTORICAL TEST ONLY,NO-GO
,T.Wallace,BAL,,WR,receiving,1,66.7,66.7,GOOD_SIGNAL,GOOD_SIGNAL,GOOD_SIGNAL at 66.7. Main support: projection strength: 78.5; usage foundation: 66.7. Main caution: role and availability context: 35.0; missing signal count: 5.,projection strength: 78.5; usage foundation: 66.7,"Context V1: defense fit missing/low reliability for some players; game environment missing for some players; weather, route share, first-read share, and coverage are not sourced.",,projection strength: 78.5,usage foundation: 66.7,data quality: 65.7,role and availability context: 35.0,missing signal count: 5,review context: Context V1: defense fit missing/low reliability for some players; game environment missing,2,0,0,5,65.7,DATA_NEEDS_LIVE_CONTEXT,NEEDS DATA,NEEDS DATA,NEEDS DATA,HISTORICAL TEST ONLY,NO-GO
00-0039910,J.Daniels,WAS,PHI,QB,passing,1,66.62,66.62,GOOD_SIGNAL,GOOD_SIGNAL,GOOD_SIGNAL at 66.6. Main support: recent form: 100.0; data quality: 79.0. Main caution: usage foundation: 33.3; role and availability context: 35.0.,recent form: 100.0; data quality: 79.0,"Context V1: defense fit missing/low reliability for some players; game environment missing for some players; weather, route share, first-read share, and coverage are not sourced.",,recent form: 100.0,data quality: 79.0,projection strength: 77.8,usage foundation: 33.3,role and availability context: 35.0,missing signal count: 3,2,0,0,3,79.0,DATA_NEEDS_LIVE_CONTEXT,NEEDS DATA,NEEDS DATA,NEEDS DATA,HISTORICAL TEST ONLY,NO-GO
,I.Williams,CIN,,WR,receiving,1,66.6,66.6,GOOD_SIGNAL,GOOD_SIGNAL,GOOD_SIGNAL at 66.6. Main support: projection strength: 78.3; usage foundation: 66.7. Main caution: role and availability context: 35.0; missing signal count: 5.,projection strength: 78.3; usage foundation: 66.7,"Context V1: defense fit missing/low reliability for some players; game environment missing for some players; weather, route share, first-read share, and coverage are not sourced.",,projection strength: 78.3,usage foundation: 66.7,data quality: 65.7,role and availability context: 35.0,missing signal count: 5,review context: Context V1: defense fit missing/low reliability for some players; game environment missing,2,0,0,5,65.7,DATA_NEEDS_LIVE_CONTEXT,NEEDS DATA,NEEDS DATA,NEEDS DATA,HISTORICAL TEST ONLY,NO-GO
,R.Davis,BUF,,RB,receiving,2,66.6,66.6,GOOD_SIGNAL,GOOD_SIGNAL,GOOD_SIGNAL at 66.6. Main support: projection strength: 78.3; usage foundation: 66.7. Main caution: role and availability context: 35.0; missing signal count: 5.,projection strength: 78.3; usage foundation: 66.7,"Context V1: defense fit missing/low reliability for some players; game environment missing for some players; weather, route share, first-read share, and coverage are not sourced.",,projection strength: 78.3,usage foundation: 66.7,data quality: 65.7,role and availability context: 35.0,missing signal count: 5,review context: Context V1: defense fit missing/low reliability for some players; game environment missing,2,0,0,5,65.7,DATA_NEEDS_LIVE_CONTEXT,NEEDS DATA,NEEDS DATA,NEEDS DATA,HISTORICAL TEST ONLY,NO-GO
,E.St. Brown,CHI,,WR,receiving,1,66.56,66.56,GOOD_SIGNAL,GOOD_SIGNAL,GOOD_SIGNAL at 66.6. Main support: projection strength: 78.2; usage foundation: 66.7. Main caution: role and availability context: 35.0; missing signal count: 5.,projection strength: 78.2; usage foundation: 66.7,"Context V1: defense fit missing/low reliability for some players; game environment missing for some players; weather, route share, first-read share, and coverage are not sourced.",,projection strength: 78.2,usage foundation: 66.7,data quality: 65.7,role and availability context: 35.0,missing signal count: 5,review context: Context V1: defense fit missing/low reliability for some players; game environment missing,2,0,0,5,65.7,DATA_NEEDS_LIVE_CONTEXT,NEEDS DATA,NEEDS DATA,NEEDS DATA,HISTORICAL TEST ONLY,NO-GO
,L.Shenault,SEA,,WR,receiving,1,66.53,66.53,GOOD_SIGNAL,GOOD_SIGNAL,GOOD_SIGNAL at 66.5. Main support: projection strength: 78.1; usage foundation: 66.7. Main caution: role and availability context: 35.0; missing signal count: 5.,projection strength: 78.1; usage foundation: 66.7,"Context V1: defense fit missing/low reliability for some players; game environment missing for some players; weather, route share, first-read share, and coverage are not sourced.",,projection strength: 78.1,usage foundation: 66.7,data quality: 65.7,role and availability context: 35.0,missing signal count: 5,review context: Context V1: defense fit missing/low reliability for some players; game environment missing,2,0,0,5,65.7,DATA_NEEDS_LIVE_CONTEXT,NEEDS DATA,NEEDS DATA,NEEDS DATA,HISTORICAL TEST ONLY,NO-GO
,E.Mitchell,SF,,RB,receiving,2,66.47,66.47,GOOD_SIGNAL,GOOD_SIGNAL,GOOD_SIGNAL at 66.5. Main support: projection strength: 78.0; usage foundation: 66.7. Main caution: role and availability context: 35.0; missing signal count: 5.,projection strength: 78.0; usage foundation: 66.7,"Context V1: defense fit missing/low reliability for some players; game environment missing for some players; weather, route share, first-read share, and coverage are not sourced.",,projection strength: 78.0,usage foundation: 66.7,data quality: 65.7,role and availability context: 35.0,missing signal count: 5,review context: Context V1: defense fit missing/low reliability for some players; game environment missing,2,0,0,5,65.7,DATA_NEEDS_LIVE_CONTEXT,NEEDS DATA,NEEDS DATA,NEEDS DATA,HISTORICAL TEST ONLY,NO-GO
,D.Duvernay,JAX,,WR,receiving,1,66.46,66.46,GOOD_SIGNAL,GOOD_SIGNAL,GOOD_SIGNAL at 66.5. Main support: projection strength: 78.0; usage foundation: 66.7. Main caution: role and availability context: 35.0; missing signal count: 5.,projection strength: 78.0; usage foundation: 66.7,"Context V1: defense fit missing/low reliability for some players; game environment missing for some players; weather, route share, first-read share, and coverage are not sourced.",,projection strength: 78.0,usage foundation: 66.7,data quality: 65.7,role and availability context: 35.0,missing signal count: 5,review context: Context V1: defense fit missing/low reliability for some players; game environment missing,2,0,0,5,65.7,DATA_NEEDS_LIVE_CONTEXT,NEEDS DATA,NEEDS DATA,NEEDS DATA,HISTORICAL TEST ONLY,NO-GO
,C.Conley,SF,,WR,receiving,1,66.42,66.42,GOOD_SIGNAL,GOOD_SIGNAL,GOOD_SIGNAL at 66.4. Main support: projection strength: 77.9; usage foundation: 66.7. Main caution: role and availability context: 35.0; missing signal count: 5.,projection strength: 77.9; usage foundation: 66.7,"Context V1: defense fit missing/low reliability for some players; game environment missing for some players; weather, route share, first-read share, and coverage are not sourced.",,projection strength: 77.9,usage foundation: 66.7,data quality: 65.7,role and availability context: 35.0,missing signal count: 5,review context: Context V1: defense fit missing/low reliability for some players; game environment missing,2,0,0,5,65.7,DATA_NEEDS_LIVE_CONTEXT,NEEDS DATA,NEEDS DATA,NEEDS DATA,HISTORICAL TEST ONLY,NO-GO
,R.Penny,PHI,,RB,receiving,2,66.42,66.42,GOOD_SIGNAL,GOOD_SIGNAL,GOOD_SIGNAL at 66.4. Main support: projection strength: 77.9; usage foundation: 66.7. Main caution: role and availability context: 35.0; missing signal count: 5.,projection strength: 77.9; usage foundation: 66.7,"Context V1: defense fit missing/low reliability for some players; game environment missing for some players; weather, route share, first-read share, and coverage are not sourced.",,projection strength: 77.9,usage foundation: 66.7,data quality: 65.7,role and availability context: 35.0,missing signal count: 5,review context: Context V1: defense fit missing/low reliability for some players; game environment missing,2,0,0,5,65.7,DATA_NEEDS_LIVE_CONTEXT,NEEDS DATA,NEEDS DATA,NEEDS DATA,HISTORICAL TEST ONLY,NO-GO
,K.Bourne,NE,,WR,receiving,1,66.39,66.39,GOOD_SIGNAL,GOOD_SIGNAL,GOOD_SIGNAL at 66.4. Main support: projection strength: 77.8; usage foundation: 66.7. Main caution: role and availability context: 35.0; missing signal count: 5.,projection strength: 77.8; usage foundation: 66.7,"Context V1: defense fit missing/low reliability for some players; game environment missing for some players; weather, route share, first-read share, and coverage are not sourced.",,projection strength: 77.8,usage foundation: 66.7,data quality: 65.7,role and availability context: 35.0,missing signal count: 5,review context: Context V1: defense fit missing/low reliability for some players; game environment missing,2,0,0,5,65.7,DATA_NEEDS_LIVE_CONTEXT,NEEDS DATA,NEEDS DATA,NEEDS DATA,HISTORICAL TEST ONLY,NO-GO
,K.Hodge,ATL,,WR,receiving,1,66.34,66.34,GOOD_SIGNAL,GOOD_SIGNAL,GOOD_SIGNAL at 66.3. Main support: projection strength: 77.7; usage foundation: 66.7. Main caution: role and availability context: 35.0; missing signal count: 5.,projection strength: 77.7; usage foundation: 66.7,"Context V1: defense fit missing/low reliability for some players; game environment missing for some players; weather, route share, first-read share, and coverage are not sourced.",,projection strength: 77.7,usage foundation: 66.7,data quality: 65.7,role and availability context: 35.0,missing signal count: 5,review context: Context V1: defense fit missing/low reliability for some players; game environment missing,2,0,0,5,65.7,DATA_NEEDS_LIVE_CONTEXT,NEEDS DATA,NEEDS DATA,NEEDS DATA,HISTORICAL TEST ONLY,NO-GO
,J.Guyton,LAC,,WR,receiving,1,66.33,66.33,GOOD_SIGNAL,GOOD_SIGNAL,GOOD_SIGNAL at 66.3. Main support: projection strength: 77.7; usage foundation: 66.7. Main caution: role and availability context: 35.0; missing signal count: 5.,projection strength: 77.7; usage foundation: 66.7,"Context V1: defense fit missing/low reliability for some players; game environment missing for some players; weather, route share, first-read share, and coverage are not sourced.",,projection strength: 77.7,usage foundation: 66.7,data quality: 65.7,role and availability context: 35.0,missing signal count: 5,review context: Context V1: defense fit missing/low reliability for some players; game environment missing,2,0,0,5,65.7,DATA_NEEDS_LIVE_CONTEXT,NEEDS DATA,NEEDS DATA,NEEDS DATA,HISTORICAL TEST ONLY,NO-GO
,A.Gibson,NE,,RB,receiving,2,66.3,66.3,GOOD_SIGNAL,GOOD_SIGNAL,GOOD_SIGNAL at 66.3. Main support: projection strength: 77.6; usage foundation: 66.7. Main caution: role and availability context: 35.0; missing signal count: 5.,projection strength: 77.6; usage foundation: 66.7,"Context V1: defense fit missing/low reliability for some players; game environment missing for some players; weather, route share, first-read share, and coverage are not sourced.",,projection strength: 77.6,usage foundation: 66.7,data quality: 65.7,role and availability context: 35.0,missing signal count: 5,review context: Context V1: defense fit missing/low reliability for some players; game environment missing,2,0,0,5,65.7,DATA_NEEDS_LIVE_CONTEXT,NEEDS DATA,NEEDS DATA,NEEDS DATA,HISTORICAL TEST ONLY,NO-GO
,R.Cobb,NYJ,,WR,receiving,1,66.26,66.26,GOOD_SIGNAL,GOOD_SIGNAL,GOOD_SIGNAL at 66.3. Main support: projection strength: 77.5; usage foundation: 66.7. Main caution: role and availability context: 35.0; missing signal count: 5.,projection strength: 77.5; usage foundation: 66.7,"Context V1: defense fit missing/low reliability for some players; game environment missing for some players; weather, route share, first-read share, and coverage are not sourced.",,projection strength: 77.5,usage foundation: 66.7,data quality: 65.7,role and availability context: 35.0,missing signal count: 5,review context: Context V1: defense fit missing/low reliability for some players; game environment missing,2,0,0,5,65.7,DATA_NEEDS_LIVE_CONTEXT,NEEDS DATA,NEEDS DATA,NEEDS DATA,HISTORICAL TEST ONLY,NO-GO
,C.Akers,MIN,,RB,receiving,2,66.24,66.24,GOOD_SIGNAL,GOOD_SIGNAL,GOOD_SIGNAL at 66.2. Main support: projection strength: 77.5; usage foundation: 66.7. Main caution: role and availability context: 35.0; missing signal count: 5.,projection strength: 77.5; usage foundation: 66.7,"Context V1: defense fit missing/low reliability for some players; game environment missing for some players; weather, route share, first-read share, and coverage are not sourced.",,projection strength: 77.5,usage foundation: 66.7,data quality: 65.7,role and availability context: 35.0,missing signal count: 5,review context: Context V1: defense fit missing/low reliability for some players; game environment missing,2,0,0,5,65.7,DATA_NEEDS_LIVE_CONTEXT,NEEDS DATA,NEEDS DATA,NEEDS DATA,HISTORICAL TEST ONLY,NO-GO
,J.Tolbert,DAL,,WR,receiving,1,66.2,66.2,GOOD_SIGNAL,GOOD_SIGNAL,GOOD_SIGNAL at 66.2. Main support: projection strength: 77.4; usage foundation: 66.7. Main caution: role and availability context: 35.0; missing signal count: 5.,projection strength: 77.4; usage foundation: 66.7,"Context V1: defense fit missing/low reliability for some players; game environment missing for some players; weather, route share, first-read share, and coverage are not sourced.",,projection strength: 77.4,usage foundation: 66.7,data quality: 65.7,role and availability context: 35.0,missing signal count: 5,review context: Context V1: defense fit missing/low reliability for some players; game environment missing,2,0,0,5,65.7,DATA_NEEDS_LIVE_CONTEXT,NEEDS DATA,NEEDS DATA,NEEDS DATA,HISTORICAL TEST ONLY,NO-GO
,M.Kinsey,TEN,,WR,receiving,1,66.19,66.19,GOOD_SIGNAL,GOOD_SIGNAL,GOOD_SIGNAL at 66.2. Main support: projection strength: 77.3; usage foundation: 66.7. Main caution: role and availability context: 35.0; missing signal count: 5.,projection strength: 77.3; usage foundation: 66.7,"Context V1: defense fit missing/low reliability for some players; game environment missing for some players; weather, route share, first-read share, and coverage are not sourced.",,projection strength: 77.3,usage foundation: 66.7,data quality: 65.7,role and availability context: 35.0,missing signal count: 5,review context: Context V1: defense fit missing/low reliability for some players; game environment missing,2,0,0,5,65.7,DATA_NEEDS_LIVE_CONTEXT,NEEDS DATA,NEEDS DATA,NEEDS DATA,HISTORICAL TEST ONLY,NO-GO
,M.Goodwin,CLE,,WR,receiving,1,66.13,66.13,GOOD_SIGNAL,GOOD_SIGNAL,GOOD_SIGNAL at 66.1. Main support: projection strength: 77.2; usage foundation: 66.7. Main caution: role and availability context: 35.0; missing signal count: 5.,projection strength: 77.2; usage foundation: 66.7,"Context V1: defense fit missing/low reliability for some players; game environment missing for some players; weather, route share, first-read share, and coverage are not sourced.",,projection strength: 77.2,usage foundation: 66.7,data quality: 65.7,role and availability context: 35.0,missing signal count: 5,review context: Context V1: defense fit missing/low reliability for some players; game environment missing,2,0,0,5,65.7,DATA_NEEDS_LIVE_CONTEXT,NEEDS DATA,NEEDS DATA,NEEDS DATA,HISTORICAL TEST ONLY,NO-GO
,T.Boyd,TEN,,WR,receiving,1,66.12,66.12,GOOD_SIGNAL,GOOD_SIGNAL,GOOD_SIGNAL at 66.1. Main support: projection strength: 77.2; usage foundation: 66.7. Main caution: role and availability context: 35.0; missing signal count: 5.,projection strength: 77.2; usage foundation: 66.7,"Context V1: defense fit missing/low reliability for some players; game environment missing for some players; weather, route share, first-read share, and coverage are not sourced.",,projection strength: 77.2,usage foundation: 66.7,data quality: 65.7,role and availability context: 35.0,missing signal count: 5,review context: Context V1: defense fit missing/low reliability for some players; game environment missing,2,0,0,5,65.7,DATA_NEEDS_LIVE_CONTEXT,NEEDS DATA,NEEDS DATA,NEEDS DATA,HISTORICAL TEST ONLY,NO-GO
,D.Peoples-Jones,DET,,WR,receiving,1,66.06,66.06,GOOD_SIGNAL,GOOD_SIGNAL,GOOD_SIGNAL at 66.1. Main support: projection strength: 77.0; usage foundation: 66.7. Main caution: role and availability context: 35.0; missing signal count: 5.,projection strength: 77.0; usage foundation: 66.7,"Context V1: defense fit missing/low reliability for some players; game environment missing for some players; weather, route share, first-read share, and coverage are not sourced.",,projection strength: 77.0,usage foundation: 66.7,data quality: 65.7,role and availability context: 35.0,missing signal count: 5,review context: Context V1: defense fit missing/low reliability for some players; game environment missing,2,0,0,5,65.7,DATA_NEEDS_LIVE_CONTEXT,NEEDS DATA,NEEDS DATA,NEEDS DATA,HISTORICAL TEST ONLY,NO-GO
,V.Jefferson,PIT,,WR,receiving,1,66.05,66.05,GOOD_SIGNAL,GOOD_SIGNAL,GOOD_SIGNAL at 66.0. Main support: projection strength: 77.0; usage foundation: 66.7. Main caution: role and availability context: 35.0; missing signal count: 5.,projection strength: 77.0; usage foundation: 66.7,"Context V1: defense fit missing/low reliability for some players; game environment missing for some players; weather, route share, first-read share, and coverage are not sourced.",,projection strength: 77.0,usage foundation: 66.7,data quality: 65.7,role and availability context: 35.0,missing signal count: 5,review context: Context V1: defense fit missing/low reliability for some players; game environment missing,2,0,0,5,65.7,DATA_NEEDS_LIVE_CONTEXT,NEEDS DATA,NEEDS DATA,NEEDS DATA,HISTORICAL TEST ONLY,NO-GO
,D.Parker,NE,,WR,receiving,1,65.99,65.99,GOOD_SIGNAL,GOOD_SIGNAL,GOOD_SIGNAL at 66.0. Main support: projection strength: 76.9; usage foundation: 66.7. Main caution: role and availability context: 35.0; missing signal count: 5.,projection strength: 76.9; usage foundation: 66.7,"Context V1: defense fit missing/low reliability for some players; game environment missing for some players; weather, route share, first-read share, and coverage are not sourced.",,projection strength: 76.9,usage foundation: 66.7,data quality: 65.7,role and availability context: 35.0,missing signal count: 5,review context: Context V1: defense fit missing/low reliability for some players; game environment missing,2,0,0,5,65.7,DATA_NEEDS_LIVE_CONTEXT,NEEDS DATA,NEEDS DATA,NEEDS DATA,HISTORICAL TEST ONLY,NO-GO
,J.Milton,NE,BUF,QB,rushing,1,65.88,65.88,GOOD_SIGNAL,GOOD_SIGNAL,GOOD_SIGNAL at 65.9. Main support: projection strength: 76.6; usage foundation: 66.7. Main caution: role and availability context: 35.0; missing signal count: 5.,projection strength: 76.6; usage foundation: 66.7,"Context V1: defense fit missing/low reliability for some players; game environment missing for some players; weather, route share, first-read share, and coverage are not sourced.",,projection strength: 76.6,usage foundation: 66.7,data quality: 65.7,role and availability context: 35.0,missing signal count: 5,review context: Context V1: defense fit missing/low reliability for some players; game environment missing,2,0,0,5,65.7,DATA_NEEDS_LIVE_CONTEXT,NEEDS DATA,NEEDS DATA,NEEDS DATA,HISTORICAL TEST ONLY,NO-GO
,D.Pettis,NO,,WR,receiving,1,65.84,65.84,GOOD_SIGNAL,GOOD_SIGNAL,GOOD_SIGNAL at 65.8. Main support: projection strength: 76.6; usage foundation: 66.7. Main caution: role and availability context: 35.0; missing signal count: 5.,projection strength: 76.6; usage foundation: 66.7,"Context V1: defense fit missing/low reliability for some players; game environment missing for some players; weather, route share, first-read share, and coverage are not sourced.",,projection strength: 76.6,usage foundation: 66.7,data quality: 65.7,role and availability context: 35.0,missing signal count: 5,review context: Context V1: defense fit missing/low reliability for some players; game environment missing,2,0,0,5,65.7,DATA_NEEDS_LIVE_CONTEXT,NEEDS DATA,NEEDS DATA,NEEDS DATA,HISTORICAL TEST ONLY,NO-GO
,D.Thompkins,CAR,,WR,receiving,1,65.78,65.78,GOOD_SIGNAL,GOOD_SIGNAL,GOOD_SIGNAL at 65.8. Main support: projection strength: 76.4; usage foundation: 66.7. Main caution: role and availability context: 35.0; missing signal count: 5.,projection strength: 76.4; usage foundation: 66.7,"Context V1: defense fit missing/low reliability for some players; game environment missing for some players; weather, route share, first-read share, and coverage are not sourced.",,projection strength: 76.4,usage foundation: 66.7,data quality: 65.7,role and availability context: 35.0,missing signal count: 5,review context: Context V1: defense fit missing/low reliability for some players; game environment missing,2,0,0,5,65.7,DATA_NEEDS_LIVE_CONTEXT,NEEDS DATA,NEEDS DATA,NEEDS DATA,HISTORICAL TEST ONLY,NO-GO
,S.Smartt,LAC,,TE,receiving,1,65.71,65.71,GOOD_SIGNAL,GOOD_SIGNAL,GOOD_SIGNAL at 65.7. Main support: projection strength: 76.2; usage foundation: 66.7. Main caution: role and availability context: 35.0; missing signal count: 5.,projection strength: 76.2; usage foundation: 66.7,"Context V1: defense fit missing/low reliability for some players; game environment missing for some players; weather, route share, first-read share, and coverage are not sourced.",,projection strength: 76.2,usage foundation: 66.7,data quality: 65.7,role and availability context: 35.0,missing signal count: 5,review context: Context V1: defense fit missing/low reliability for some players; game environment missing,2,0,0,5,65.7,DATA_NEEDS_LIVE_CONTEXT,NEEDS DATA,NEEDS DATA,NEEDS DATA,HISTORICAL TEST ONLY,NO-GO
,T.Kelce,KC,,TE,receiving,1,65.64,65.64,GOOD_SIGNAL,GOOD_SIGNAL,GOOD_SIGNAL at 65.6. Main support: projection strength: 76.1; usage foundation: 66.7. Main caution: role and availability context: 35.0; missing signal count: 5.,projection strength: 76.1; usage foundation: 66.7,"Context V1: defense fit missing/low reliability for some players; game environment missing for some players; weather, route share, first-read share, and coverage are not sourced.",,projection strength: 76.1,usage foundation: 66.7,data quality: 65.7,role and availability context: 35.0,missing signal count: 5,review context: Context V1: defense fit missing/low reliability for some players; game environment missing,2,0,0,5,65.7,DATA_NEEDS_LIVE_CONTEXT,NEEDS DATA,NEEDS DATA,NEEDS DATA,HISTORICAL TEST ONLY,NO-GO
,K.Austin,NO,,WR,receiving,1,65.63,65.63,GOOD_SIGNAL,GOOD_SIGNAL,GOOD_SIGNAL at 65.6. Main support: projection strength: 76.1; usage foundation: 66.7. Main caution: role and availability context: 35.0; missing signal count: 5.,projection strength: 76.1; usage foundation: 66.7,"Context V1: defense fit missing/low reliability for some players; game environment missing for some players; weather, route share, first-read share, and coverage are not sourced.",,projection strength: 76.1,usage foundation: 66.7,data quality: 65.7,role and availability context: 35.0,missing signal count: 5,review context: Context V1: defense fit missing/low reliability for some players; game environment missing,2,0,0,5,65.7,DATA_NEEDS_LIVE_CONTEXT,NEEDS DATA,NEEDS DATA,NEEDS DATA,HISTORICAL TEST ONLY,NO-GO
,J.Crowder,WAS,,WR,receiving,1,65.57,65.57,GOOD_SIGNAL,GOOD_SIGNAL,GOOD_SIGNAL at 65.6. Main support: projection strength: 75.9; usage foundation: 66.7. Main caution: role and availability context: 35.0; missing signal count: 5.,projection strength: 75.9; usage foundation: 66.7,"Context V1: defense fit missing/low reliability for some players; game environment missing for some players; weather, route share, first-read share, and coverage are not sourced.",,projection strength: 75.9,usage foundation: 66.7,data quality: 65.7,role and availability context: 35.0,missing signal count: 5,review context: Context V1: defense fit missing/low reliability for some players; game environment missing,2,0,0,5,65.7,DATA_NEEDS_LIVE_CONTEXT,NEEDS DATA,NEEDS DATA,NEEDS DATA,HISTORICAL TEST ONLY,NO-GO
,D.Sample,CIN,,TE,receiving,1,65.5,65.5,GOOD_SIGNAL,GOOD_SIGNAL,GOOD_SIGNAL at 65.5. Main support: projection strength: 75.8; usage foundation: 66.7. Main caution: role and availability context: 35.0; missing signal count: 5.,projection strength: 75.8; usage foundation: 66.7,"Context V1: defense fit missing/low reliability for some players; game environment missing for some players; weather, route share, first-read share, and coverage are not sourced.",,projection strength: 75.8,usage foundation: 66.7,data quality: 65.7,role and availability context: 35.0,missing signal count: 5,review context: Context V1: defense fit missing/low reliability for some players; game environment missing,2,0,0,5,65.7,DATA_NEEDS_LIVE_CONTEXT,NEEDS DATA,NEEDS DATA,NEEDS DATA,HISTORICAL TEST ONLY,NO-GO
,D.Foreman,CLE,,RB,receiving,2,65.49,65.49,GOOD_SIGNAL,GOOD_SIGNAL,GOOD_SIGNAL at 65.5. Main support: projection strength: 75.8; usage foundation: 66.7. Main caution: role and availability context: 35.0; missing signal count: 5.,projection strength: 75.8; usage foundation: 66.7,"Context V1: defense fit missing/low reliability for some players; game environment missing for some players; weather, route share, first-read share, and coverage are not sourced.",,projection strength: 75.8,usage foundation: 66.7,data quality: 65.7,role and availability context: 35.0,missing signal count: 5,review context: Context V1: defense fit missing/low reliability for some players; game environment missing,2,0,0,5,65.7,DATA_NEEDS_LIVE_CONTEXT,NEEDS DATA,NEEDS DATA,NEEDS DATA,HISTORICAL TEST ONLY,NO-GO
,S.Darnold,MIN,LA,QB,rushing,2,65.46,65.46,GOOD_SIGNAL,GOOD_SIGNAL,GOOD_SIGNAL at 65.5. Main support: projection strength: 75.7; usage foundation: 66.7. Main caution: role and availability context: 35.0; missing signal count: 5.,projection strength: 75.7; usage foundation: 66.7,"Context V1: defense fit missing/low reliability for some players; game environment missing for some players; weather, route share, first-read share, and coverage are not sourced.",,projection strength: 75.7,usage foundation: 66.7,data quality: 65.7,role and availability context: 35.0,missing signal count: 5,review context: Context V1: defense fit missing/low reliability for some players; game environment missing,2,0,0,5,65.7,DATA_NEEDS_LIVE_CONTEXT,NEEDS DATA,NEEDS DATA,NEEDS DATA,HISTORICAL TEST ONLY,NO-GO
00-0030565,G.Smith,SEA,LA,QB,passing,1,65.41,65.41,GOOD_SIGNAL,GOOD_SIGNAL,GOOD_SIGNAL at 65.4. Main support: recent form: 98.9; opponent defense fit: 83.3. Main caution: usage foundation: 33.3; role and availability context: 35.0.,recent form: 98.9; opponent defense fit: 83.3,"Context V1: defense fit missing/low reliability for some players; game environment missing for some players; weather, route share, first-read share, and coverage are not sourced.",,recent form: 98.9,opponent defense fit: 83.3,data quality: 79.0,usage foundation: 33.3,role and availability context: 35.0,missing signal count: 3,2,1,0,3,79.0,DATA_NEEDS_LIVE_CONTEXT,NEEDS DATA,NEEDS DATA,NEEDS DATA,HISTORICAL TEST ONLY,NO-GO
,J.Bobo,SEA,,WR,receiving,1,65.37,65.37,GOOD_SIGNAL,GOOD_SIGNAL,GOOD_SIGNAL at 65.4. Main support: projection strength: 75.5; usage foundation: 66.7. Main caution: role and availability context: 35.0; missing signal count: 5.,projection strength: 75.5; usage foundation: 66.7,"Context V1: defense fit missing/low reliability for some players; game environment missing for some players; weather, route share, first-read share, and coverage are not sourced.",,projection strength: 75.5,usage foundation: 66.7,data quality: 65.7,role and availability context: 35.0,missing signal count: 5,review context: Context V1: defense fit missing/low reliability for some players; game environment missing,2,0,0,5,65.7,DATA_NEEDS_LIVE_CONTEXT,NEEDS DATA,NEEDS DATA,NEEDS DATA,HISTORICAL TEST ONLY,NO-GO
,D.Pierce,HOU,,RB,receiving,2,65.32,65.32,GOOD_SIGNAL,GOOD_SIGNAL,GOOD_SIGNAL at 65.3. Main support: projection strength: 75.4; usage foundation: 66.7. Main caution: role and availability context: 35.0; missing signal count: 5.,projection strength: 75.4; usage foundation: 66.7,"Context V1: defense fit missing/low reliability for some players; game environment missing for some players; weather, route share, first-read share, and coverage are not sourced.",,projection strength: 75.4,usage foundation: 66.7,data quality: 65.7,role and availability context: 35.0,missing signal count: 5,review context: Context V1: defense fit missing/low reliability for some players; game environment missing,2,0,0,5,65.7,DATA_NEEDS_LIVE_CONTEXT,NEEDS DATA,NEEDS DATA,NEEDS DATA,HISTORICAL TEST ONLY,NO-GO
,J.Reagor,LAC,,WR,receiving,1,65.27,65.27,GOOD_SIGNAL,GOOD_SIGNAL,GOOD_SIGNAL at 65.3. Main support: projection strength: 75.2; usage foundation: 66.7. Main caution: role and availability context: 35.0; missing signal count: 5.,projection strength: 75.2; usage foundation: 66.7,"Context V1: defense fit missing/low reliability for some players; game environment missing for some players; weather, route share, first-read share, and coverage are not sourced.",,projection strength: 75.2,usage foundation: 66.7,data quality: 65.7,role and availability context: 35.0,missing signal count: 5,review context: Context V1: defense fit missing/low reliability for some players; game environment missing,2,0,0,5,65.7,DATA_NEEDS_LIVE_CONTEXT,NEEDS DATA,NEEDS DATA,NEEDS DATA,HISTORICAL TEST ONLY,NO-GO
,E.Demercado,ARI,,RB,receiving,2,65.16,65.16,GOOD_SIGNAL,GOOD_SIGNAL,GOOD_SIGNAL at 65.2. Main support: projection strength: 75.0; usage foundation: 66.7. Main caution: role and availability context: 35.0; missing signal count: 5.,projection strength: 75.0; usage foundation: 66.7,"Context V1: defense fit missing/low reliability for some players; game environment missing for some players; weather, route share, first-read share, and coverage are not sourced.",,projection strength: 75.0,usage foundation: 66.7,data quality: 65.7,role and availability context: 35.0,missing signal count: 5,review context: Context V1: defense fit missing/low reliability for some players; game environment missing,2,0,0,5,65.7,DATA_NEEDS_LIVE_CONTEXT,NEEDS DATA,NEEDS DATA,NEEDS DATA,HISTORICAL TEST ONLY,NO-GO
,D.Turner,LV,,WR,receiving,1,65.09,65.09,GOOD_SIGNAL,GOOD_SIGNAL,GOOD_SIGNAL at 65.1. Main support: projection strength: 74.8; usage foundation: 66.7. Main caution: role and availability context: 35.0; missing signal count: 5.,projection strength: 74.8; usage foundation: 66.7,"Context V1: defense fit missing/low reliability for some players; game environment missing for some players; weather, route share, first-read share, and coverage are not sourced.",,projection strength: 74.8,usage foundation: 66.7,data quality: 65.7,role and availability context: 35.0,missing signal count: 5,review context: Context V1: defense fit missing/low reliability for some players; game environment missing,1,1,0,5,65.7,DATA_NEEDS_LIVE_CONTEXT,NEEDS DATA,NEEDS DATA,NEEDS DATA,HISTORICAL TEST ONLY,NO-GO
,F.Moreau,NO,,TE,receiving,1,65.03,65.03,GOOD_SIGNAL,GOOD_SIGNAL,GOOD_SIGNAL at 65.0. Main support: projection strength: 74.7; usage foundation: 66.7. Main caution: role and availability context: 35.0; missing signal count: 5.,projection strength: 74.7; usage foundation: 66.7,"Context V1: defense fit missing/low reliability for some players; game environment missing for some players; weather, route share, first-read share, and coverage are not sourced.",,projection strength: 74.7,usage foundation: 66.7,data quality: 65.7,role and availability context: 35.0,missing signal count: 5,review context: Context V1: defense fit missing/low reliability for some players; game environment missing,1,1,0,5,65.7,DATA_NEEDS_LIVE_CONTEXT,NEEDS DATA,NEEDS DATA,NEEDS DATA,HISTORICAL TEST ONLY,NO-GO
,D.Jones,NYG,CAR,QB,rushing,1,65.0,65.0,GOOD_SIGNAL,GOOD_SIGNAL,GOOD_SIGNAL at 65.0. Main support: projection strength: 74.6; usage foundation: 66.7. Main caution: role and availability context: 35.0; missing signal count: 5.,projection strength: 74.6; usage foundation: 66.7,"Context V1: defense fit missing/low reliability for some players; game environment missing for some players; weather, route share, first-read share, and coverage are not sourced.",,projection strength: 74.6,usage foundation: 66.7,data quality: 65.7,role and availability context: 35.0,missing signal count: 5,review context: Context V1: defense fit missing/low reliability for some players; game environment missing,1,1,0,5,65.7,DATA_NEEDS_LIVE_CONTEXT,NEEDS DATA,NEEDS DATA,NEEDS DATA,HISTORICAL TEST ONLY,NO-GO
,D.Cook,DAL,,RB,receiving,2,64.98,64.98,GOOD_SIGNAL,GOOD_SIGNAL,GOOD_SIGNAL at 65.0. Main support: projection strength: 74.6; usage foundation: 66.7. Main caution: role and availability context: 35.0; missing signal count: 5.,projection strength: 74.6; usage foundation: 66.7,"Context V1: defense fit missing/low reliability for some players; game environment missing for some players; weather, route share, first-read share, and coverage are not sourced.",,projection strength: 74.6,usage foundation: 66.7,data quality: 65.7,role and availability context: 35.0,missing signal count: 5,review context: Context V1: defense fit missing/low reliability for some players; game environment missing,1,1,0,5,65.7,DATA_NEEDS_LIVE_CONTEXT,NEEDS DATA,NEEDS DATA,NEEDS DATA,HISTORICAL TEST ONLY,NO-GO
,M.Gallup,DAL,,WR,receiving,1,64.91,64.91,GOOD_SIGNAL,GOOD_SIGNAL,GOOD_SIGNAL at 64.9. Main support: projection strength: 74.4; usage foundation: 66.7. Main caution: role and availability context: 35.0; missing signal count: 5.,projection strength: 74.4; usage foundation: 66.7,"Context V1: defense fit missing/low reliability for some players; game environment missing for some players; weather, route share, first-read share, and coverage are not sourced.",,projection strength: 74.4,usage foundation: 66.7,data quality: 65.7,role and availability context: 35.0,missing signal count: 5,review context: Context V1: defense fit missing/low reliability for some players; game environment missing,1,1,0,5,65.7,DATA_NEEDS_LIVE_CONTEXT,NEEDS DATA,NEEDS DATA,NEEDS DATA,HISTORICAL TEST ONLY,NO-GO
,J.Hill,BAL,,RB,receiving,2,64.8,64.8,GOOD_SIGNAL,GOOD_SIGNAL,GOOD_SIGNAL at 64.8. Main support: projection strength: 74.2; usage foundation: 66.7. Main caution: role and availability context: 35.0; missing signal count: 5.,projection strength: 74.2; usage foundation: 66.7,"Context V1: defense fit missing/low reliability for some players; game environment missing for some players; weather, route share, first-read share, and coverage are not sourced.",,projection strength: 74.2,usage foundation: 66.7,data quality: 65.7,role and availability context: 35.0,missing signal count: 5,review context: Context V1: defense fit missing/low reliability for some players; game environment missing,1,1,0,5,65.7,DATA_NEEDS_LIVE_CONTEXT,NEEDS DATA,NEEDS DATA,NEEDS DATA,HISTORICAL TEST ONLY,NO-GO
,T.Patrick,DET,,WR,receiving,1,64.77,64.77,GOOD_SIGNAL,GOOD_SIGNAL,GOOD_SIGNAL at 64.8. Main support: projection strength: 74.1; usage foundation: 66.7. Main caution: role and availability context: 35.0; missing signal count: 5.,projection strength: 74.1; usage foundation: 66.7,"Context V1: defense fit missing/low reliability for some players; game environment missing for some players; weather, route share, first-read share, and coverage are not sourced.",,projection strength: 74.1,usage foundation: 66.7,data quality: 65.7,role and availability context: 35.0,missing signal count: 5,review context: Context V1: defense fit missing/low reliability for some players; game environment missing,1,1,0,5,65.7,DATA_NEEDS_LIVE_CONTEXT,NEEDS DATA,NEEDS DATA,NEEDS DATA,HISTORICAL TEST ONLY,NO-GO
,J.Allen,BUF,KC,QB,rushing,2,64.67,64.67,GOOD_SIGNAL,GOOD_SIGNAL,GOOD_SIGNAL at 64.7. Main support: projection strength: 73.9; usage foundation: 66.7. Main caution: role and availability context: 35.0; missing signal count: 5.,projection strength: 73.9; usage foundation: 66.7,"Context V1: defense fit missing/low reliability for some players; game environment missing for some players; weather, route share, first-read share, and coverage are not sourced.",,projection strength: 73.9,usage foundation: 66.7,data quality: 65.7,role and availability context: 35.0,missing signal count: 5,review context: Context V1: defense fit missing/low reliability for some players; game environment missing,1,1,0,5,65.7,DATA_NEEDS_LIVE_CONTEXT,NEEDS DATA,NEEDS DATA,NEEDS DATA,HISTORICAL TEST ONLY,NO-GO
,D.Vele,DEN,,WR,receiving,1,64.62,64.62,GOOD_SIGNAL,GOOD_SIGNAL,GOOD_SIGNAL at 64.6. Main support: projection strength: 73.8; usage foundation: 66.7. Main caution: role and availability context: 35.0; missing signal count: 5.,projection strength: 73.8; usage foundation: 66.7,"Context V1: defense fit missing/low reliability for some players; game environment missing for some players; weather, route share, first-read share, and coverage are not sourced.",,projection strength: 73.8,usage foundation: 66.7,data quality: 65.7,role and availability context: 35.0,missing signal count: 5,review context: Context V1: defense fit missing/low reliability for some players; game environment missing,1,1,0,5,65.7,DATA_NEEDS_LIVE_CONTEXT,NEEDS DATA,NEEDS DATA,NEEDS DATA,HISTORICAL TEST ONLY,NO-GO
,X.Smith,LA,,WR,receiving,1,64.61,64.61,GOOD_SIGNAL,GOOD_SIGNAL,GOOD_SIGNAL at 64.6. Main support: projection strength: 73.8; usage foundation: 66.7. Main caution: role and availability context: 35.0; missing signal count: 5.,projection strength: 73.8; usage foundation: 66.7,"Context V1: defense fit missing/low reliability for some players; game environment missing for some players; weather, route share, first-read share, and coverage are not sourced.",,projection strength: 73.8,usage foundation: 66.7,data quality: 65.7,role and availability context: 35.0,missing signal count: 5,review context: Context V1: defense fit missing/low reliability for some players; game environment missing,1,1,0,5,65.7,DATA_NEEDS_LIVE_CONTEXT,NEEDS DATA,NEEDS DATA,NEEDS DATA,HISTORICAL TEST ONLY,NO-GO
,M.Hollins,BUF,,WR,receiving,1,64.55,64.55,GOOD_SIGNAL,GOOD_SIGNAL,GOOD_SIGNAL at 64.5. Main support: projection strength: 73.6; usage foundation: 66.7. Main caution: role and availability context: 35.0; missing signal count: 5.,projection strength: 73.6; usage foundation: 66.7,"Context V1: defense fit missing/low reliability for some players; game environment missing for some players; weather, route share, first-read share, and coverage are not sourced.",,projection strength: 73.6,usage foundation: 66.7,data quality: 65.7,role and availability context: 35.0,missing signal count: 5,review context: Context V1: defense fit missing/low reliability for some players; game environment missing,1,1,0,5,65.7,DATA_NEEDS_LIVE_CONTEXT,NEEDS DATA,NEEDS DATA,NEEDS DATA,HISTORICAL TEST ONLY,NO-GO
,T.Hudson,CIN,,TE,receiving,1,64.54,64.54,GOOD_SIGNAL,GOOD_SIGNAL,GOOD_SIGNAL at 64.5. Main support: projection strength: 73.6; usage foundation: 66.7. Main caution: role and availability context: 35.0; missing signal count: 5.,projection strength: 73.6; usage foundation: 66.7,"Context V1: defense fit missing/low reliability for some players; game environment missing for some players; weather, route share, first-read share, and coverage are not sourced.",,projection strength: 73.6,usage foundation: 66.7,data quality: 65.7,role and availability context: 35.0,missing signal count: 5,review context: Context V1: defense fit missing/low reliability for some players; game environment missing,1,1,0,5,65.7,DATA_NEEDS_LIVE_CONTEXT,NEEDS DATA,NEEDS DATA,NEEDS DATA,HISTORICAL TEST ONLY,NO-GO
,K.Harris,NE,,RB,receiving,2,64.51,64.51,GOOD_SIGNAL,GOOD_SIGNAL,GOOD_SIGNAL at 64.5. Main support: projection strength: 73.5; usage foundation: 66.7. Main caution: role and availability context: 35.0; missing signal count: 5.,projection strength: 73.5; usage foundation: 66.7,"Context V1: defense fit missing/low reliability for some players; game environment missing for some players; weather, route share, first-read share, and coverage are not sourced.",,projection strength: 73.5,usage foundation: 66.7,data quality: 65.7,role and availability context: 35.0,missing signal count: 5,review context: Context V1: defense fit missing/low reliability for some players; game environment missing,1,1,0,5,65.7,DATA_NEEDS_LIVE_CONTEXT,NEEDS DATA,NEEDS DATA,NEEDS DATA,HISTORICAL TEST ONLY,NO-GO
00-0037834,B.Purdy,SF,DET,QB,passing,1,64.48,64.48,GOOD_SIGNAL,GOOD_SIGNAL,GOOD_SIGNAL at 64.5. Main support: opponent defense fit: 100.0; recent form: 99.5. Main caution: usage foundation: 33.3; role and availability context: 35.0.,opponent defense fit: 100.0; recent form: 99.5,"Context V1: defense fit missing/low reliability for some players; game environment missing for some players; weather, route share, first-read share, and coverage are not sourced.",,opponent defense fit: 100.0,recent form: 99.5,data quality: 79.0,usage foundation: 33.3,role and availability context: 35.0,missing signal count: 3,2,1,0,3,79.0,DATA_NEEDS_LIVE_CONTEXT,NEEDS DATA,NEEDS DATA,NEEDS DATA,HISTORICAL TEST ONLY,NO-GO
,M.Taylor,NYJ,,WR,receiving,1,64.41,64.41,GOOD_SIGNAL,GOOD_SIGNAL,GOOD_SIGNAL at 64.4. Main support: projection strength: 73.3; usage foundation: 66.7. Main caution: role and availability context: 35.0; missing signal count: 5.,projection strength: 73.3; usage foundation: 66.7,"Context V1: defense fit missing/low reliability for some players; game environment missing for some players; weather, route share, first-read share, and coverage are not sourced.",,projection strength: 73.3,usage foundation: 66.7,data quality: 65.7,role and availability context: 35.0,missing signal count: 5,review context: Context V1: defense fit missing/low reliability for some players; game environment missing,1,1,0,5,65.7,DATA_NEEDS_LIVE_CONTEXT,NEEDS DATA,NEEDS DATA,NEEDS DATA,HISTORICAL TEST ONLY,NO-GO
,Em.Wilson,GB,,RB,receiving,2,64.34,64.34,GOOD_SIGNAL,GOOD_SIGNAL,GOOD_SIGNAL at 64.3. Main support: projection strength: 73.1; usage foundation: 66.7. Main caution: role and availability context: 35.0; missing signal count: 5.,projection strength: 73.1; usage foundation: 66.7,"Context V1: defense fit missing/low reliability for some players; game environment missing for some players; weather, route share, first-read share, and coverage are not sourced.",,projection strength: 73.1,usage foundation: 66.7,data quality: 65.7,role and availability context: 35.0,missing signal count: 5,review context: Context V1: defense fit missing/low reliability for some players; game environment missing,1,1,0,5,65.7,DATA_NEEDS_LIVE_CONTEXT,NEEDS DATA,NEEDS DATA,NEEDS DATA,HISTORICAL TEST ONLY,NO-GO
,C.Claypool,MIA,,WR,receiving,1,64.33,64.33,GOOD_SIGNAL,GOOD_SIGNAL,GOOD_SIGNAL at 64.3. Main support: projection strength: 73.1; usage foundation: 66.7. Main caution: role and availability context: 35.0; missing signal count: 5.,projection strength: 73.1; usage foundation: 66.7,"Context V1: defense fit missing/low reliability for some players; game environment missing for some players; weather, route share, first-read share, and coverage are not sourced.",,projection strength: 73.1,usage foundation: 66.7,data quality: 65.7,role and availability context: 35.0,missing signal count: 5,review context: Context V1: defense fit missing/low reliability for some players; game environment missing,1,1,0,5,65.7,DATA_NEEDS_LIVE_CONTEXT,NEEDS DATA,NEEDS DATA,NEEDS DATA,HISTORICAL TEST ONLY,NO-GO
,R.Woods,HOU,,WR,receiving,1,64.27,64.27,GOOD_SIGNAL,GOOD_SIGNAL,GOOD_SIGNAL at 64.3. Main support: projection strength: 73.0; usage foundation: 66.7. Main caution: role and availability context: 35.0; missing signal count: 5.,projection strength: 73.0; usage foundation: 66.7,"Context V1: defense fit missing/low reliability for some players; game environment missing for some players; weather, route share, first-read share, and coverage are not sourced.",,projection strength: 73.0,usage foundation: 66.7,data quality: 65.7,role and availability context: 35.0,missing signal count: 5,review context: Context V1: defense fit missing/low reliability for some players; game environment missing,1,1,0,5,65.7,DATA_NEEDS_LIVE_CONTEXT,NEEDS DATA,NEEDS DATA,NEEDS DATA,HISTORICAL TEST ONLY,NO-GO
,R.Wilson,PIT,BAL,QB,rushing,2,64.27,64.27,GOOD_SIGNAL,GOOD_SIGNAL,GOOD_SIGNAL at 64.3. Main support: projection strength: 73.0; usage foundation: 66.7. Main caution: role and availability context: 35.0; missing signal count: 5.,projection strength: 73.0; usage foundation: 66.7,"Context V1: defense fit missing/low reliability for some players; game environment missing for some players; weather, route share, first-read share, and coverage are not sourced.",,projection strength: 73.0,usage foundation: 66.7,data quality: 65.7,role and availability context: 35.0,missing signal count: 5,review context: Context V1: defense fit missing/low reliability for some players; game environment missing,1,1,0,5,65.7,DATA_NEEDS_LIVE_CONTEXT,NEEDS DATA,NEEDS DATA,NEEDS DATA,HISTORICAL TEST ONLY,NO-GO
,S.Morgan,CIN,,WR,receiving,1,64.26,64.26,GOOD_SIGNAL,GOOD_SIGNAL,GOOD_SIGNAL at 64.3. Main support: projection strength: 73.0; usage foundation: 66.7. Main caution: role and availability context: 35.0; missing signal count: 5.,projection strength: 73.0; usage foundation: 66.7,"Context V1: defense fit missing/low reliability for some players; game environment missing for some players; weather, route share, first-read share, and coverage are not sourced.",,projection strength: 73.0,usage foundation: 66.7,data quality: 65.7,role and availability context: 35.0,missing signal count: 5,review context: Context V1: defense fit missing/low reliability for some players; game environment missing,1,1,0,5,65.7,DATA_NEEDS_LIVE_CONTEXT,NEEDS DATA,NEEDS DATA,NEEDS DATA,HISTORICAL TEST ONLY,NO-GO
,M.Tipton,NO,,WR,receiving,1,64.2,64.2,GOOD_SIGNAL,GOOD_SIGNAL,GOOD_SIGNAL at 64.2. Main support: projection strength: 72.8; usage foundation: 66.7. Main caution: role and availability context: 35.0; missing signal count: 5.,projection strength: 72.8; usage foundation: 66.7,"Context V1: defense fit missing/low reliability for some players; game environment missing for some players; weather, route share, first-read share, and coverage are not sourced.",,projection strength: 72.8,usage foundation: 66.7,data quality: 65.7,role and availability context: 35.0,missing signal count: 5,review context: Context V1: defense fit missing/low reliability for some players; game environment missing,1,1,0,5,65.7,DATA_NEEDS_LIVE_CONTEXT,NEEDS DATA,NEEDS DATA,NEEDS DATA,HISTORICAL TEST ONLY,NO-GO
,Z.White,LV,,RB,receiving,2,64.18,64.18,GOOD_SIGNAL,GOOD_SIGNAL,GOOD_SIGNAL at 64.2. Main support: projection strength: 72.8; usage foundation: 66.7. Main caution: role and availability context: 35.0; missing signal count: 5.,projection strength: 72.8; usage foundation: 66.7,"Context V1: defense fit missing/low reliability for some players; game environment missing for some players; weather, route share, first-read share, and coverage are not sourced.",,projection strength: 72.8,usage foundation: 66.7,data quality: 65.7,role and availability context: 35.0,missing signal count: 5,review context: Context V1: defense fit missing/low reliability for some players; game environment missing,1,1,0,5,65.7,DATA_NEEDS_LIVE_CONTEXT,NEEDS DATA,NEEDS DATA,NEEDS DATA,HISTORICAL TEST ONLY,NO-GO
,T.Johnson,NYG,,TE,receiving,1,64.14,64.14,GOOD_SIGNAL,GOOD_SIGNAL,GOOD_SIGNAL at 64.1. Main support: projection strength: 72.7; usage foundation: 66.7. Main caution: role and availability context: 35.0; missing signal count: 5.,projection strength: 72.7; usage foundation: 66.7,"Context V1: defense fit missing/low reliability for some players; game environment missing for some players; weather, route share, first-read share, and coverage are not sourced.",,projection strength: 72.7,usage foundation: 66.7,data quality: 65.7,role and availability context: 35.0,missing signal count: 5,review context: Context V1: defense fit missing/low reliability for some players; game environment missing,1,1,0,5,65.7,DATA_NEEDS_LIVE_CONTEXT,NEEDS DATA,NEEDS DATA,NEEDS DATA,HISTORICAL TEST ONLY,NO-GO
,N.Remigio,KC,,WR,receiving,1,64.12,64.12,GOOD_SIGNAL,GOOD_SIGNAL,GOOD_SIGNAL at 64.1. Main support: projection strength: 72.6; usage foundation: 66.7. Main caution: role and availability context: 35.0; missing signal count: 5.,projection strength: 72.6; usage foundation: 66.7,"Context V1: defense fit missing/low reliability for some players; game environment missing for some players; weather, route share, first-read share, and coverage are not sourced.",,projection strength: 72.6,usage foundation: 66.7,data quality: 65.7,role and availability context: 35.0,missing signal count: 5,review context: Context V1: defense fit missing/low reliability for some players; game environment missing,1,1,0,5,65.7,DATA_NEEDS_LIVE_CONTEXT,NEEDS DATA,NEEDS DATA,NEEDS DATA,HISTORICAL TEST ONLY,NO-GO
,K.Mitchell,BAL,,RB,receiving,2,64.09,64.09,GOOD_SIGNAL,GOOD_SIGNAL,GOOD_SIGNAL at 64.1. Main support: projection strength: 72.5; usage foundation: 66.7. Main caution: role and availability context: 35.0; missing signal count: 5.,projection strength: 72.5; usage foundation: 66.7,"Context V1: defense fit missing/low reliability for some players; game environment missing for some players; weather, route share, first-read share, and coverage are not sourced.",,projection strength: 72.5,usage foundation: 66.7,data quality: 65.7,role and availability context: 35.0,missing signal count: 5,review context: Context V1: defense fit missing/low reliability for some players; game environment missing,1,1,0,5,65.7,DATA_NEEDS_LIVE_CONTEXT,NEEDS DATA,NEEDS DATA,NEEDS DATA,HISTORICAL TEST ONLY,NO-GO
,D.Goedert,PHI,,TE,receiving,1,64.07,64.07,GOOD_SIGNAL,GOOD_SIGNAL,GOOD_SIGNAL at 64.1. Main support: projection strength: 72.5; usage foundation: 66.7. Main caution: role and availability context: 35.0; missing signal count: 5.,projection strength: 72.5; usage foundation: 66.7,"Context V1: defense fit missing/low reliability for some players; game environment missing for some players; weather, route share, first-read share, and coverage are not sourced.",,projection strength: 72.5,usage foundation: 66.7,data quality: 65.7,role and availability context: 35.0,missing signal count: 5,review context: Context V1: defense fit missing/low reliability for some players; game environment missing,1,1,0,5,65.7,DATA_NEEDS_LIVE_CONTEXT,NEEDS DATA,NEEDS DATA,NEEDS DATA,HISTORICAL TEST ONLY,NO-GO
,B.Pringle,WAS,,WR,receiving,1,64.05,64.05,GOOD_SIGNAL,GOOD_SIGNAL,GOOD_SIGNAL at 64.0. Main support: projection strength: 72.5; usage foundation: 66.7. Main caution: role and availability context: 35.0; missing signal count: 5.,projection strength: 72.5; usage foundation: 66.7,"Context V1: defense fit missing/low reliability for some players; game environment missing for some players; weather, route share, first-read share, and coverage are not sourced.",,projection strength: 72.5,usage foundation: 66.7,data quality: 65.7,role and availability context: 35.0,missing signal count: 5,review context: Context V1: defense fit missing/low reliability for some players; game environment missing,1,1,0,5,65.7,DATA_NEEDS_LIVE_CONTEXT,NEEDS DATA,NEEDS DATA,NEEDS DATA,HISTORICAL TEST ONLY,NO-GO
,B.Strange,JAX,,TE,receiving,1,64.0,64.0,GOOD_SIGNAL,GOOD_SIGNAL,GOOD_SIGNAL at 64.0. Main support: projection strength: 72.3; usage foundation: 66.7. Main caution: role and availability context: 35.0; missing signal count: 5.,projection strength: 72.3; usage foundation: 66.7,"Context V1: defense fit missing/low reliability for some players; game environment missing for some players; weather, route share, first-read share, and coverage are not sourced.",,projection strength: 72.3,usage foundation: 66.7,data quality: 65.7,role and availability context: 35.0,missing signal count: 5,review context: Context V1: defense fit missing/low reliability for some players; game environment missing,1,1,0,5,65.7,DATA_NEEDS_LIVE_CONTEXT,NEEDS DATA,NEEDS DATA,NEEDS DATA,HISTORICAL TEST ONLY,NO-GO
,S.Fehoko,LAC,,WR,receiving,1,63.98,63.98,GOOD_SIGNAL,GOOD_SIGNAL,GOOD_SIGNAL at 64.0. Main support: projection strength: 72.3; usage foundation: 66.7. Main caution: role and availability context: 35.0; missing signal count: 5.,projection strength: 72.3; usage foundation: 66.7,"Context V1: defense fit missing/low reliability for some players; game environment missing for some players; weather, route share, first-read share, and coverage are not sourced.",,projection strength: 72.3,usage foundation: 66.7,data quality: 65.7,role and availability context: 35.0,missing signal count: 5,review context: Context V1: defense fit missing/low reliability for some players; game environment missing,1,1,0,5,65.7,DATA_NEEDS_LIVE_CONTEXT,NEEDS DATA,NEEDS DATA,NEEDS DATA,HISTORICAL TEST ONLY,NO-GO
,B.Scott,PHI,,RB,receiving,2,63.91,63.91,GOOD_SIGNAL,GOOD_SIGNAL,GOOD_SIGNAL at 63.9. Main support: projection strength: 72.1; usage foundation: 66.7. Main caution: role and availability context: 35.0; missing signal count: 5.,projection strength: 72.1; usage foundation: 66.7,"Context V1: defense fit missing/low reliability for some players; game environment missing for some players; weather, route share, first-read share, and coverage are not sourced.",,projection strength: 72.1,usage foundation: 66.7,data quality: 65.7,role and availability context: 35.0,missing signal count: 5,review context: Context V1: defense fit missing/low reliability for some players; game environment missing,1,1,0,5,65.7,DATA_NEEDS_LIVE_CONTEXT,NEEDS DATA,NEEDS DATA,NEEDS DATA,HISTORICAL TEST ONLY,NO-GO
,D.Chisena,CAR,,WR,receiving,1,63.91,63.91,GOOD_SIGNAL,GOOD_SIGNAL,GOOD_SIGNAL at 63.9. Main support: projection strength: 72.1; usage foundation: 66.7. Main caution: role and availability context: 35.0; missing signal count: 5.,projection strength: 72.1; usage foundation: 66.7,"Context V1: defense fit missing/low reliability for some players; game environment missing for some players; weather, route share, first-read share, and coverage are not sourced.",,projection strength: 72.1,usage foundation: 66.7,data quality: 65.7,role and availability context: 35.0,missing signal count: 5,review context: Context V1: defense fit missing/low reliability for some players; game environment missing,1,1,0,5,65.7,DATA_NEEDS_LIVE_CONTEXT,NEEDS DATA,NEEDS DATA,NEEDS DATA,HISTORICAL TEST ONLY,NO-GO
00-0039732,B.Nix,DEN,BUF,QB,passing,1,63.88,63.88,GOOD_SIGNAL,GOOD_SIGNAL,GOOD_SIGNAL at 63.9. Main support: recent form: 99.6; data quality: 79.0. Main caution: usage foundation: 33.3; role and availability context: 35.0.,recent form: 99.6; data quality: 79.0,"Context V1: defense fit missing/low reliability for some players; game environment missing for some players; weather, route share, first-read share, and coverage are not sourced.",,recent form: 99.6,data quality: 79.0,projection strength: 74.1,usage foundation: 33.3,role and availability context: 35.0,opponent defense fit: 42.6,1,1,0,3,79.0,DATA_NEEDS_LIVE_CONTEXT,NEEDS DATA,NEEDS DATA,NEEDS DATA,HISTORICAL TEST ONLY,NO-GO
,I.McKenzie,IND,,WR,receiving,1,63.86,63.86,GOOD_SIGNAL,GOOD_SIGNAL,GOOD_SIGNAL at 63.9. Main support: projection strength: 72.0; usage foundation: 66.7. Main caution: role and availability context: 35.0; missing signal count: 5.,projection strength: 72.0; usage foundation: 66.7,"Context V1: defense fit missing/low reliability for some players; game environment missing for some players; weather, route share, first-read share, and coverage are not sourced.",,projection strength: 72.0,usage foundation: 66.7,data quality: 65.7,role and availability context: 35.0,missing signal count: 5,review context: Context V1: defense fit missing/low reliability for some players; game environment missing,1,1,0,5,65.7,DATA_NEEDS_LIVE_CONTEXT,NEEDS DATA,NEEDS DATA,NEEDS DATA,HISTORICAL TEST ONLY,NO-GO
,M.Boykin,PIT,,WR,receiving,1,63.8,63.8,GOOD_SIGNAL,GOOD_SIGNAL,GOOD_SIGNAL at 63.8. Main support: projection strength: 71.9; usage foundation: 66.7. Main caution: role and availability context: 35.0; missing signal count: 5.,projection strength: 71.9; usage foundation: 66.7,"Context V1: defense fit missing/low reliability for some players; game environment missing for some players; weather, route share, first-read share, and coverage are not sourced.",,projection strength: 71.9,usage foundation: 66.7,data quality: 65.7,role and availability context: 35.0,missing signal count: 5,review context: Context V1: defense fit missing/low reliability for some players; game environment missing,1,1,0,5,65.7,DATA_NEEDS_LIVE_CONTEXT,NEEDS DATA,NEEDS DATA,NEEDS DATA,HISTORICAL TEST ONLY,NO-GO
,C.Grandy,CIN,,TE,receiving,1,63.66,63.66,GOOD_SIGNAL,GOOD_SIGNAL,GOOD_SIGNAL at 63.7. Main support: projection strength: 71.6; usage foundation: 66.7. Main caution: role and availability context: 35.0; missing signal count: 5.,projection strength: 71.6; usage foundation: 66.7,"Context V1: defense fit missing/low reliability for some players; game environment missing for some players; weather, route share, first-read share, and coverage are not sourced.",,projection strength: 71.6,usage foundation: 66.7,data quality: 65.7,role and availability context: 35.0,missing signal count: 5,review context: Context V1: defense fit missing/low reliability for some players; game environment missing,1,1,0,5,65.7,DATA_NEEDS_LIVE_CONTEXT,NEEDS DATA,NEEDS DATA,NEEDS DATA,HISTORICAL TEST ONLY,NO-GO
,T.Sermon,IND,,RB,receiving,2,63.55,63.55,GOOD_SIGNAL,GOOD_SIGNAL,GOOD_SIGNAL at 63.5. Main support: projection strength: 71.3; usage foundation: 66.7. Main caution: role and availability context: 35.0; missing signal count: 5.,projection strength: 71.3; usage foundation: 66.7,"Context V1: defense fit missing/low reliability for some players; game environment missing for some players; weather, route share, first-read share, and coverage are not sourced.",,projection strength: 71.3,usage foundation: 66.7,data quality: 65.7,role and availability context: 35.0,missing signal count: 5,review context: Context V1: defense fit missing/low reliability for some players; game environment missing,1,1,0,5,65.7,DATA_NEEDS_LIVE_CONTEXT,NEEDS DATA,NEEDS DATA,NEEDS DATA,HISTORICAL TEST ONLY,NO-GO
,T.Jones,JAX,,WR,receiving,1,63.55,63.55,GOOD_SIGNAL,GOOD_SIGNAL,GOOD_SIGNAL at 63.5. Main support: projection strength: 71.3; usage foundation: 66.7. Main caution: role and availability context: 35.0; missing signal count: 5.,projection strength: 71.3; usage foundation: 66.7,"Context V1: defense fit missing/low reliability for some players; game environment missing for some players; weather, route share, first-read share, and coverage are not sourced.",,projection strength: 71.3,usage foundation: 66.7,data quality: 65.7,role and availability context: 35.0,missing signal count: 5,review context: Context V1: defense fit missing/low reliability for some players; game environment missing,1,1,0,5,65.7,DATA_NEEDS_LIVE_CONTEXT,NEEDS DATA,NEEDS DATA,NEEDS DATA,HISTORICAL TEST ONLY,NO-GO
,E.Dotson,LAC,,RB,receiving,2,63.53,63.53,GOOD_SIGNAL,GOOD_SIGNAL,GOOD_SIGNAL at 63.5. Main support: projection strength: 71.3; usage foundation: 66.7. Main caution: role and availability context: 35.0; missing signal count: 5.,projection strength: 71.3; usage foundation: 66.7,"Context V1: defense fit missing/low reliability for some players; game environment missing for some players; weather, route share, first-read share, and coverage are not sourced.",,projection strength: 71.3,usage foundation: 66.7,data quality: 65.7,role and availability context: 35.0,missing signal count: 5,review context: Context V1: defense fit missing/low reliability for some players; game environment missing,1,1,0,5,65.7,DATA_NEEDS_LIVE_CONTEXT,NEEDS DATA,NEEDS DATA,NEEDS DATA,HISTORICAL TEST ONLY,NO-GO
,X.Hutchinson,HOU,,WR,receiving,1,63.48,63.48,GOOD_SIGNAL,GOOD_SIGNAL,GOOD_SIGNAL at 63.5. Main support: projection strength: 71.2; usage foundation: 66.7. Main caution: role and availability context: 35.0; missing signal count: 5.,projection strength: 71.2; usage foundation: 66.7,"Context V1: defense fit missing/low reliability for some players; game environment missing for some players; weather, route share, first-read share, and coverage are not sourced.",,projection strength: 71.2,usage foundation: 66.7,data quality: 65.7,role and availability context: 35.0,missing signal count: 5,review context: Context V1: defense fit missing/low reliability for some players; game environment missing,1,1,0,5,65.7,DATA_NEEDS_LIVE_CONTEXT,NEEDS DATA,NEEDS DATA,NEEDS DATA,HISTORICAL TEST ONLY,NO-GO
,L.Thomas,WAS,,TE,receiving,1,63.45,63.45,GOOD_SIGNAL,GOOD_SIGNAL,GOOD_SIGNAL at 63.5. Main support: projection strength: 71.1; usage foundation: 66.7. Main caution: role and availability context: 35.0; missing signal count: 5.,projection strength: 71.1; usage foundation: 66.7,"Context V1: defense fit missing/low reliability for some players; game environment missing for some players; weather, route share, first-read share, and coverage are not sourced.",,projection strength: 71.1,usage foundation: 66.7,data quality: 65.7,role and availability context: 35.0,missing signal count: 5,review context: Context V1: defense fit missing/low reliability for some players; game environment missing,1,1,0,5,65.7,DATA_NEEDS_LIVE_CONTEXT,NEEDS DATA,NEEDS DATA,NEEDS DATA,HISTORICAL TEST ONLY,NO-GO
,K.Turpin,DAL,,WR,receiving,1,63.4,63.4,GOOD_SIGNAL,GOOD_SIGNAL,GOOD_SIGNAL at 63.4. Main support: projection strength: 71.0; usage foundation: 66.7. Main caution: role and availability context: 35.0; missing signal count: 5.,projection strength: 71.0; usage foundation: 66.7,"Context V1: defense fit missing/low reliability for some players; game environment missing for some players; weather, route share, first-read share, and coverage are not sourced.",,projection strength: 71.0,usage foundation: 66.7,data quality: 65.7,role and availability context: 35.0,missing signal count: 5,review context: Context V1: defense fit missing/low reliability for some players; game environment missing,1,1,0,5,65.7,DATA_NEEDS_LIVE_CONTEXT,NEEDS DATA,NEEDS DATA,NEEDS DATA,HISTORICAL TEST ONLY,NO-GO
,S.Shepard,TB,,WR,receiving,1,63.39,63.39,GOOD_SIGNAL,GOOD_SIGNAL,GOOD_SIGNAL at 63.4. Main support: projection strength: 70.9; usage foundation: 66.7. Main caution: role and availability context: 35.0; missing signal count: 5.,projection strength: 70.9; usage foundation: 66.7,"Context V1: defense fit missing/low reliability for some players; game environment missing for some players; weather, route share, first-read share, and coverage are not sourced.",,projection strength: 70.9,usage foundation: 66.7,data quality: 65.7,role and availability context: 35.0,missing signal count: 5,review context: Context V1: defense fit missing/low reliability for some players; game environment missing,1,1,0,5,65.7,DATA_NEEDS_LIVE_CONTEXT,NEEDS DATA,NEEDS DATA,NEEDS DATA,HISTORICAL TEST ONLY,NO-GO
,S.Ahmed,MIA,,RB,receiving,2,63.37,63.37,GOOD_SIGNAL,GOOD_SIGNAL,GOOD_SIGNAL at 63.4. Main support: projection strength: 70.9; usage foundation: 66.7. Main caution: role and availability context: 35.0; missing signal count: 5.,projection strength: 70.9; usage foundation: 66.7,"Context V1: defense fit missing/low reliability for some players; game environment missing for some players; weather, route share, first-read share, and coverage are not sourced.",,projection strength: 70.9,usage foundation: 66.7,data quality: 65.7,role and availability context: 35.0,missing signal count: 5,review context: Context V1: defense fit missing/low reliability for some players; game environment missing,1,1,0,5,65.7,DATA_NEEDS_LIVE_CONTEXT,NEEDS DATA,NEEDS DATA,NEEDS DATA,HISTORICAL TEST ONLY,NO-GO
,D.Williams,ARI,,RB,receiving,2,63.37,63.37,GOOD_SIGNAL,GOOD_SIGNAL,GOOD_SIGNAL at 63.4. Main support: projection strength: 70.9; usage foundation: 66.7. Main caution: role and availability context: 35.0; missing signal count: 5.,projection strength: 70.9; usage foundation: 66.7,"Context V1: defense fit missing/low reliability for some players; game environment missing for some players; weather, route share, first-read share, and coverage are not sourced.",,projection strength: 70.9,usage foundation: 66.7,data quality: 65.7,role and availability context: 35.0,missing signal count: 5,review context: Context V1: defense fit missing/low reliability for some players; game environment missing,1,1,0,5,65.7,DATA_NEEDS_LIVE_CONTEXT,NEEDS DATA,NEEDS DATA,NEEDS DATA,HISTORICAL TEST ONLY,NO-GO
,S.Jackson,CIN,,WR,receiving,1,63.26,63.26,GOOD_SIGNAL,GOOD_SIGNAL,GOOD_SIGNAL at 63.3. Main support: projection strength: 70.7; usage foundation: 66.7. Main caution: role and availability context: 35.0; missing signal count: 5.,projection strength: 70.7; usage foundation: 66.7,"Context V1: defense fit missing/low reliability for some players; game environment missing for some players; weather, route share, first-read share, and coverage are not sourced.",,projection strength: 70.7,usage foundation: 66.7,data quality: 65.7,role and availability context: 35.0,missing signal count: 5,review context: Context V1: defense fit missing/low reliability for some players; game environment missing,1,1,0,5,65.7,DATA_NEEDS_LIVE_CONTEXT,NEEDS DATA,NEEDS DATA,NEEDS DATA,HISTORICAL TEST ONLY,NO-GO
,M.Sanders,CAR,,RB,receiving,2,63.19,63.19,GOOD_SIGNAL,GOOD_SIGNAL,GOOD_SIGNAL at 63.2. Main support: projection strength: 70.5; usage foundation: 66.7. Main caution: role and availability context: 35.0; missing signal count: 5.,projection strength: 70.5; usage foundation: 66.7,"Context V1: defense fit missing/low reliability for some players; game environment missing for some players; weather, route share, first-read share, and coverage are not sourced.",,projection strength: 70.5,usage foundation: 66.7,data quality: 65.7,role and availability context: 35.0,missing signal count: 5,review context: Context V1: defense fit missing/low reliability for some players; game environment missing,1,1,0,5,65.7,DATA_NEEDS_LIVE_CONTEXT,NEEDS DATA,NEEDS DATA,NEEDS DATA,HISTORICAL TEST ONLY,NO-GO
,D.Waller,NYG,,TE,receiving,1,63.18,63.18,GOOD_SIGNAL,GOOD_SIGNAL,GOOD_SIGNAL at 63.2. Main support: projection strength: 70.5; usage foundation: 66.7. Main caution: role and availability context: 35.0; missing signal count: 5.,projection strength: 70.5; usage foundation: 66.7,"Context V1: defense fit missing/low reliability for some players; game environment missing for some players; weather, route share, first-read share, and coverage are not sourced.",,projection strength: 70.5,usage foundation: 66.7,data quality: 65.7,role and availability context: 35.0,missing signal count: 5,review context: Context V1: defense fit missing/low reliability for some players; game environment missing,1,1,0,5,65.7,DATA_NEEDS_LIVE_CONTEXT,NEEDS DATA,NEEDS DATA,NEEDS DATA,HISTORICAL TEST ONLY,NO-GO
,J.Flacco,IND,JAX,QB,rushing,2,63.09,63.09,GOOD_SIGNAL,GOOD_SIGNAL,GOOD_SIGNAL at 63.1. Main support: projection strength: 70.3; usage foundation: 66.7. Main caution: role and availability context: 35.0; missing signal count: 5.,projection strength: 70.3; usage foundation: 66.7,"Context V1: defense fit missing/low reliability for some players; game environment missing for some players; weather, route share, first-read share, and coverage are not sourced.",,projection strength: 70.3,usage foundation: 66.7,data quality: 65.7,role and availability context: 35.0,missing signal count: 5,review context: Context V1: defense fit missing/low reliability for some players; game environment missing,1,1,0,5,65.7,DATA_NEEDS_LIVE_CONTEXT,NEEDS DATA,NEEDS DATA,NEEDS DATA,HISTORICAL TEST ONLY,NO-GO
,J.McKinnon,KC,,RB,receiving,2,63.04,63.04,GOOD_SIGNAL,GOOD_SIGNAL,GOOD_SIGNAL at 63.0. Main support: projection strength: 70.2; usage foundation: 66.7. Main caution: role and availability context: 35.0; missing signal count: 5.,projection strength: 70.2; usage foundation: 66.7,"Context V1: defense fit missing/low reliability for some players; game environment missing for some players; weather, route share, first-read share, and coverage are not sourced.",,projection strength: 70.2,usage foundation: 66.7,data quality: 65.7,role and availability context: 35.0,missing signal count: 5,review context: Context V1: defense fit missing/low reliability for some players; game environment missing,1,1,0,5,65.7,DATA_NEEDS_LIVE_CONTEXT,NEEDS DATA,NEEDS DATA,NEEDS DATA,HISTORICAL TEST ONLY,NO-GO
,W.Dissly,LAC,,TE,receiving,1,62.97,62.97,GOOD_SIGNAL,GOOD_SIGNAL,GOOD_SIGNAL at 63.0. Main support: projection strength: 70.0; usage foundation: 66.7. Main caution: role and availability context: 35.0; missing signal count: 5.,projection strength: 70.0; usage foundation: 66.7,"Context V1: defense fit missing/low reliability for some players; game environment missing for some players; weather, route share, first-read share, and coverage are not sourced.",,projection strength: 70.0,usage foundation: 66.7,data quality: 65.7,role and availability context: 35.0,missing signal count: 5,review context: Context V1: defense fit missing/low reliability for some players; game environment missing,1,1,0,5,65.7,DATA_NEEDS_LIVE_CONTEXT,NEEDS DATA,NEEDS DATA,NEEDS DATA,HISTORICAL TEST ONLY,NO-GO
,S.Miller,PIT,,WR,receiving,1,62.97,62.97,GOOD_SIGNAL,GOOD_SIGNAL,GOOD_SIGNAL at 63.0. Main support: projection strength: 70.0; usage foundation: 66.7. Main caution: role and availability context: 35.0; missing signal count: 5.,projection strength: 70.0; usage foundation: 66.7,"Context V1: defense fit missing/low reliability for some players; game environment missing for some players; weather, route share, first-read share, and coverage are not sourced.",,projection strength: 70.0,usage foundation: 66.7,data quality: 65.7,role and availability context: 35.0,missing signal count: 5,review context: Context V1: defense fit missing/low reliability for some players; game environment missing,1,1,0,5,65.7,DATA_NEEDS_LIVE_CONTEXT,NEEDS DATA,NEEDS DATA,NEEDS DATA,HISTORICAL TEST ONLY,NO-GO
,C.Evans,CIN,,RB,receiving,2,62.88,62.88,GOOD_SIGNAL,GOOD_SIGNAL,GOOD_SIGNAL at 62.9. Main support: projection strength: 69.8; usage foundation: 66.7. Main caution: role and availability context: 35.0; missing signal count: 5.,projection strength: 69.8; usage foundation: 66.7,"Context V1: defense fit missing/low reliability for some players; game environment missing for some players; weather, route share, first-read share, and coverage are not sourced.",,projection strength: 69.8,usage foundation: 66.7,data quality: 65.7,role and availability context: 35.0,missing signal count: 5,review context: Context V1: defense fit missing/low reliability for some players; game environment missing,1,1,0,5,65.7,DATA_NEEDS_LIVE_CONTEXT,NEEDS DATA,NEEDS DATA,NEEDS DATA,HISTORICAL TEST ONLY,NO-GO
,T.Kraft,GB,,TE,receiving,1,62.83,62.83,GOOD_SIGNAL,GOOD_SIGNAL,GOOD_SIGNAL at 62.8. Main support: projection strength: 69.7; usage foundation: 66.7. Main caution: role and availability context: 35.0; missing signal count: 5.,projection strength: 69.7; usage foundation: 66.7,"Context V1: defense fit missing/low reliability for some players; game environment missing for some players; weather, route share, first-read share, and coverage are not sourced.",,projection strength: 69.7,usage foundation: 66.7,data quality: 65.7,role and availability context: 35.0,missing signal count: 5,review context: Context V1: defense fit missing/low reliability for some players; game environment missing,1,1,0,5,65.7,DATA_NEEDS_LIVE_CONTEXT,NEEDS DATA,NEEDS DATA,NEEDS DATA,HISTORICAL TEST ONLY,NO-GO
,M.Heath,GB,,WR,receiving,1,62.77,62.77,GOOD_SIGNAL,GOOD_SIGNAL,GOOD_SIGNAL at 62.8. Main support: projection strength: 69.5; usage foundation: 66.7. Main caution: role and availability context: 35.0; missing signal count: 5.,projection strength: 69.5; usage foundation: 66.7,"Context V1: defense fit missing/low reliability for some players; game environment missing for some players; weather, route share, first-read share, and coverage are not sourced.",,projection strength: 69.5,usage foundation: 66.7,data quality: 65.7,role and availability context: 35.0,missing signal count: 5,review context: Context V1: defense fit missing/low reliability for some players; game environment missing,1,1,0,5,65.7,DATA_NEEDS_LIVE_CONTEXT,NEEDS DATA,NEEDS DATA,NEEDS DATA,HISTORICAL TEST ONLY,NO-GO
,E.Cooks,JAX,,WR,receiving,1,62.76,62.76,GOOD_SIGNAL,GOOD_SIGNAL,GOOD_SIGNAL at 62.8. Main support: projection strength: 69.5; usage foundation: 66.7. Main caution: role and availability context: 35.0; missing signal count: 5.,projection strength: 69.5; usage foundation: 66.7,"Context V1: defense fit missing/low reliability for some players; game environment missing for some players; weather, route share, first-read share, and coverage are not sourced.",,projection strength: 69.5,usage foundation: 66.7,data quality: 65.7,role and availability context: 35.0,missing signal count: 5,review context: Context V1: defense fit missing/low reliability for some players; game environment missing,1,1,0,5,65.7,DATA_NEEDS_LIVE_CONTEXT,NEEDS DATA,NEEDS DATA,NEEDS DATA,HISTORICAL TEST ONLY,NO-GO
,I.Guerendo,SF,,RB,receiving,2,62.71,62.71,GOOD_SIGNAL,GOOD_SIGNAL,GOOD_SIGNAL at 62.7. Main support: projection strength: 69.4; usage foundation: 66.7. Main caution: role and availability context: 35.0; missing signal count: 5.,projection strength: 69.4; usage foundation: 66.7,"Context V1: defense fit missing/low reliability for some players; game environment missing for some players; weather, route share, first-read share, and coverage are not sourced.",,projection strength: 69.4,usage foundation: 66.7,data quality: 65.7,role and availability context: 35.0,missing signal count: 5,review context: Context V1: defense fit missing/low reliability for some players; game environment missing,1,1,0,5,65.7,DATA_NEEDS_LIVE_CONTEXT,NEEDS DATA,NEEDS DATA,NEEDS DATA,HISTORICAL TEST ONLY,NO-GO
,D.Slayton,NYG,,WR,receiving,1,62.69,62.69,GOOD_SIGNAL,GOOD_SIGNAL,GOOD_SIGNAL at 62.7. Main support: projection strength: 69.3; usage foundation: 66.7. Main caution: role and availability context: 35.0; missing signal count: 5.,projection strength: 69.3; usage foundation: 66.7,"Context V1: defense fit missing/low reliability for some players; game environment missing for some players; weather, route share, first-read share, and coverage are not sourced.",,projection strength: 69.3,usage foundation: 66.7,data quality: 65.7,role and availability context: 35.0,missing signal count: 5,review context: Context V1: defense fit missing/low reliability for some players; game environment missing,1,1,0,5,65.7,DATA_NEEDS_LIVE_CONTEXT,NEEDS DATA,NEEDS DATA,NEEDS DATA,HISTORICAL TEST ONLY,NO-GO
,D.Vaughn,DAL,,RB,receiving,2,62.65,62.65,GOOD_SIGNAL,GOOD_SIGNAL,GOOD_SIGNAL at 62.6. Main support: projection strength: 69.3; usage foundation: 66.7. Main caution: role and availability context: 35.0; missing signal count: 5.,projection strength: 69.3; usage foundation: 66.7,"Context V1: defense fit missing/low reliability for some players; game environment missing for some players; weather, route share, first-read share, and coverage are not sourced.",,projection strength: 69.3,usage foundation: 66.7,data quality: 65.7,role and availability context: 35.0,missing signal count: 5,review context: Context V1: defense fit missing/low reliability for some players; game environment missing,1,1,0,5,65.7,DATA_NEEDS_LIVE_CONTEXT,NEEDS DATA,NEEDS DATA,NEEDS DATA,HISTORICAL TEST ONLY,NO-GO
,J.Smith-Schuster,KC,,WR,receiving,1,62.62,62.62,GOOD_SIGNAL,GOOD_SIGNAL,GOOD_SIGNAL at 62.6. Main support: projection strength: 69.2; usage foundation: 66.7. Main caution: role and availability context: 35.0; missing signal count: 5.,projection strength: 69.2; usage foundation: 66.7,"Context V1: defense fit missing/low reliability for some players; game environment missing for some players; weather, route share, first-read share, and coverage are not sourced.",,projection strength: 69.2,usage foundation: 66.7,data quality: 65.7,role and availability context: 35.0,missing signal count: 5,review context: Context V1: defense fit missing/low reliability for some players; game environment missing,1,1,0,5,65.7,DATA_NEEDS_LIVE_CONTEXT,NEEDS DATA,NEEDS DATA,NEEDS DATA,HISTORICAL TEST ONLY,NO-GO
,L.Humphrey,DEN,,WR,receiving,1,62.56,62.56,GOOD_SIGNAL,GOOD_SIGNAL,GOOD_SIGNAL at 62.6. Main support: projection strength: 69.1; usage foundation: 66.7. Main caution: role and availability context: 35.0; missing signal count: 5.,projection strength: 69.1; usage foundation: 66.7,"Context V1: defense fit missing/low reliability for some players; game environment missing for some players; weather, route share, first-read share, and coverage are not sourced.",,projection strength: 69.1,usage foundation: 66.7,data quality: 65.7,role and availability context: 35.0,missing signal count: 5,review context: Context V1: defense fit missing/low reliability for some players; game environment missing,1,1,0,5,65.7,DATA_NEEDS_LIVE_CONTEXT,NEEDS DATA,NEEDS DATA,NEEDS DATA,HISTORICAL TEST ONLY,NO-GO
,Ju.Watson,KC,,WR,receiving,1,62.55,62.55,GOOD_SIGNAL,GOOD_SIGNAL,GOOD_SIGNAL at 62.5. Main support: projection strength: 69.0; usage foundation: 66.7. Main caution: role and availability context: 35.0; missing signal count: 5.,projection strength: 69.0; usage foundation: 66.7,"Context V1: defense fit missing/low reliability for some players; game environment missing for some players; weather, route share, first-read share, and coverage are not sourced.",,projection strength: 69.0,usage foundation: 66.7,data quality: 65.7,role and availability context: 35.0,missing signal count: 5,review context: Context V1: defense fit missing/low reliability for some players; game environment missing,1,1,0,5,65.7,DATA_NEEDS_LIVE_CONTEXT,NEEDS DATA,NEEDS DATA,NEEDS DATA,HISTORICAL TEST ONLY,NO-GO
,I.Spiller,LAC,,RB,receiving,2,62.47,62.47,GOOD_SIGNAL,GOOD_SIGNAL,GOOD_SIGNAL at 62.5. Main support: projection strength: 68.8; usage foundation: 66.7. Main caution: role and availability context: 35.0; missing signal count: 5.,projection strength: 68.8; usage foundation: 66.7,"Context V1: defense fit missing/low reliability for some players; game environment missing for some players; weather, route share, first-read share, and coverage are not sourced.",,projection strength: 68.8,usage foundation: 66.7,data quality: 65.7,role and availability context: 35.0,missing signal count: 5,review context: Context V1: defense fit missing/low reliability for some players; game environment missing,1,1,0,5,65.7,DATA_NEEDS_LIVE_CONTEXT,NEEDS DATA,NEEDS DATA,NEEDS DATA,HISTORICAL TEST ONLY,NO-GO
,J.Reynolds,JAX,,WR,receiving,1,62.4,62.4,GOOD_SIGNAL,GOOD_SIGNAL,GOOD_SIGNAL at 62.4. Main support: projection strength: 68.7; usage foundation: 66.7. Main caution: role and availability context: 35.0; missing signal count: 5.,projection strength: 68.7; usage foundation: 66.7,"Context V1: defense fit missing/low reliability for some players; game environment missing for some players; weather, route share, first-read share, and coverage are not sourced.",,projection strength: 68.7,usage foundation: 66.7,data quality: 65.7,role and availability context: 35.0,missing signal count: 5,review context: Context V1: defense fit missing/low reliability for some players; game environment missing,1,1,0,5,65.7,DATA_NEEDS_LIVE_CONTEXT,NEEDS DATA,NEEDS DATA,NEEDS DATA,HISTORICAL TEST ONLY,NO-GO
,C.Edwards-Helaire,NO,,RB,receiving,2,62.39,62.39,GOOD_SIGNAL,GOOD_SIGNAL,GOOD_SIGNAL at 62.4. Main support: projection strength: 68.7; usage foundation: 66.7. Main caution: role and availability context: 35.0; missing signal count: 5.,projection strength: 68.7; usage foundation: 66.7,"Context V1: defense fit missing/low reliability for some players; game environment missing for some players; weather, route share, first-read share, and coverage are not sourced.",,projection strength: 68.7,usage foundation: 66.7,data quality: 65.7,role and availability context: 35.0,missing signal count: 5,review context: Context V1: defense fit missing/low reliability for some players; game environment missing,1,1,0,5,65.7,DATA_NEEDS_LIVE_CONTEXT,NEEDS DATA,NEEDS DATA,NEEDS DATA,HISTORICAL TEST ONLY,NO-GO
,R.Flournoy,DAL,,WR,receiving,1,62.36,62.36,GOOD_SIGNAL,GOOD_SIGNAL,GOOD_SIGNAL at 62.4. Main support: projection strength: 68.6; usage foundation: 66.7. Main caution: role and availability context: 35.0; missing signal count: 5.,projection strength: 68.6; usage foundation: 66.7,"Context V1: defense fit missing/low reliability for some players; game environment missing for some players; weather, route share, first-read share, and coverage are not sourced.",,projection strength: 68.6,usage foundation: 66.7,data quality: 65.7,role and availability context: 35.0,missing signal count: 5,review context: Context V1: defense fit missing/low reliability for some players; game environment missing,1,1,0,5,65.7,DATA_NEEDS_LIVE_CONTEXT,NEEDS DATA,NEEDS DATA,NEEDS DATA,HISTORICAL TEST ONLY,NO-GO
,G.Davis,JAX,,WR,receiving,1,62.33,62.33,GOOD_SIGNAL,GOOD_SIGNAL,GOOD_SIGNAL at 62.3. Main support: projection strength: 68.5; usage foundation: 66.7. Main caution: role and availability context: 35.0; missing signal count: 5.,projection strength: 68.5; usage foundation: 66.7,"Context V1: defense fit missing/low reliability for some players; game environment missing for some players; weather, route share, first-read share, and coverage are not sourced.",,projection strength: 68.5,usage foundation: 66.7,data quality: 65.7,role and availability context: 35.0,missing signal count: 5,review context: Context V1: defense fit missing/low reliability for some players; game environment missing,1,1,0,5,65.7,DATA_NEEDS_LIVE_CONTEXT,NEEDS DATA,NEEDS DATA,NEEDS DATA,HISTORICAL TEST ONLY,NO-GO
00-0026158,J.Flacco,IND,JAX,QB,passing,1,62.26,62.26,GOOD_SIGNAL,GOOD_SIGNAL,GOOD_SIGNAL at 62.3. Main support: recent form: 99.7; opponent defense fit: 92.6. Main caution: usage foundation: 33.3; role and availability context: 35.0.,recent form: 99.7; opponent defense fit: 92.6,"Context V1: defense fit missing/low reliability for some players; game environment missing for some players; weather, route share, first-read share, and coverage are not sourced.",,recent form: 99.7,opponent defense fit: 92.6,data quality: 79.0,usage foundation: 33.3,role and availability context: 35.0,missing signal count: 3,2,1,0,3,79.0,DATA_NEEDS_LIVE_CONTEXT,NEEDS DATA,NEEDS DATA,NEEDS DATA,HISTORICAL TEST ONLY,NO-GO
,Z.Evans,LA,,RB,receiving,2,62.06,62.06,GOOD_SIGNAL,GOOD_SIGNAL,GOOD_SIGNAL at 62.1. Main support: projection strength: 67.9; usage foundation: 66.7. Main caution: role and availability context: 35.0; missing signal count: 5.,projection strength: 67.9; usage foundation: 66.7,"Context V1: defense fit missing/low reliability for some players; game environment missing for some players; weather, route share, first-read share, and coverage are not sourced.",,projection strength: 67.9,usage foundation: 66.7,data quality: 65.7,role and availability context: 35.0,missing signal count: 5,review context: Context V1: defense fit missing/low reliability for some players; game environment missing,1,1,0,5,65.7,DATA_NEEDS_LIVE_CONTEXT,NEEDS DATA,NEEDS DATA,NEEDS DATA,HISTORICAL TEST ONLY,NO-GO
,D.Moore,CAR,,WR,receiving,1,61.9,61.9,GOOD_SIGNAL,GOOD_SIGNAL,GOOD_SIGNAL at 61.9. Main support: projection strength: 67.5; usage foundation: 66.7. Main caution: role and availability context: 35.0; missing signal count: 5.,projection strength: 67.5; usage foundation: 66.7,"Context V1: defense fit missing/low reliability for some players; game environment missing for some players; weather, route share, first-read share, and coverage are not sourced.",,projection strength: 67.5,usage foundation: 66.7,data quality: 65.7,role and availability context: 35.0,missing signal count: 5,review context: Context V1: defense fit missing/low reliability for some players; game environment missing,1,1,0,5,65.7,DATA_NEEDS_LIVE_CONTEXT,NEEDS DATA,NEEDS DATA,NEEDS DATA,HISTORICAL TEST ONLY,NO-GO
,D.Ozigbo,DET,,RB,receiving,2,61.9,61.9,GOOD_SIGNAL,GOOD_SIGNAL,GOOD_SIGNAL at 61.9. Main support: projection strength: 67.5; usage foundation: 66.7. Main caution: role and availability context: 35.0; missing signal count: 5.,projection strength: 67.5; usage foundation: 66.7,"Context V1: defense fit missing/low reliability for some players; game environment missing for some players; weather, route share, first-read share, and coverage are not sourced.",,projection strength: 67.5,usage foundation: 66.7,data quality: 65.7,role and availability context: 35.0,missing signal count: 5,review context: Context V1: defense fit missing/low reliability for some players; game environment missing,1,1,0,5,65.7,DATA_NEEDS_LIVE_CONTEXT,NEEDS DATA,NEEDS DATA,NEEDS DATA,HISTORICAL TEST ONLY,NO-GO
,A.Miller,BAL,,WR,receiving,1,61.81,61.81,GOOD_SIGNAL,GOOD_SIGNAL,GOOD_SIGNAL at 61.8. Main support: projection strength: 67.3; usage foundation: 66.7. Main caution: role and availability context: 35.0; missing signal count: 5.,projection strength: 67.3; usage foundation: 66.7,"Context V1: defense fit missing/low reliability for some players; game environment missing for some players; weather, route share, first-read share, and coverage are not sourced.",,projection strength: 67.3,usage foundation: 66.7,data quality: 65.7,role and availability context: 35.0,missing signal count: 5,review context: Context V1: defense fit missing/low reliability for some players; game environment missing,1,1,0,5,65.7,DATA_NEEDS_LIVE_CONTEXT,NEEDS DATA,NEEDS DATA,NEEDS DATA,HISTORICAL TEST ONLY,NO-GO
,A.Green,DET,,WR,receiving,1,61.74,61.74,GOOD_SIGNAL,GOOD_SIGNAL,GOOD_SIGNAL at 61.7. Main support: projection strength: 67.2; usage foundation: 66.7. Main caution: role and availability context: 35.0; missing signal count: 5.,projection strength: 67.2; usage foundation: 66.7,"Context V1: defense fit missing/low reliability for some players; game environment missing for some players; weather, route share, first-read share, and coverage are not sourced.",,projection strength: 67.2,usage foundation: 66.7,data quality: 65.7,role and availability context: 35.0,missing signal count: 5,review context: Context V1: defense fit missing/low reliability for some players; game environment missing,1,1,0,5,65.7,DATA_NEEDS_LIVE_CONTEXT,NEEDS DATA,NEEDS DATA,NEEDS DATA,HISTORICAL TEST ONLY,NO-GO
,C.Rodriguez,WAS,,RB,receiving,2,61.73,61.73,GOOD_SIGNAL,GOOD_SIGNAL,GOOD_SIGNAL at 61.7. Main support: projection strength: 67.2; usage foundation: 66.7. Main caution: role and availability context: 35.0; missing signal count: 5.,projection strength: 67.2; usage foundation: 66.7,"Context V1: defense fit missing/low reliability for some players; game environment missing for some players; weather, route share, first-read share, and coverage are not sourced.",,projection strength: 67.2,usage foundation: 66.7,data quality: 65.7,role and availability context: 35.0,missing signal count: 5,review context: Context V1: defense fit missing/low reliability for some players; game environment missing,1,1,0,5,65.7,DATA_NEEDS_LIVE_CONTEXT,NEEDS DATA,NEEDS DATA,NEEDS DATA,HISTORICAL TEST ONLY,NO-GO
00-0029263,R.Wilson,PIT,BAL,QB,passing,1,61.69,61.69,GOOD_SIGNAL,GOOD_SIGNAL,GOOD_SIGNAL at 61.7. Main support: recent form: 98.8; data quality: 79.0. Main caution: usage foundation: 33.3; role and availability context: 35.0.,recent form: 98.8; data quality: 79.0,"Context V1: defense fit missing/low reliability for some players; game environment missing for some players; weather, route share, first-read share, and coverage are not sourced.",,recent form: 98.8,data quality: 79.0,projection strength: 63.0,usage foundation: 33.3,role and availability context: 35.0,missing signal count: 3,1,1,0,3,79.0,DATA_NEEDS_LIVE_CONTEXT,NEEDS DATA,NEEDS DATA,NEEDS DATA,HISTORICAL TEST ONLY,NO-GO
,C.Thompson,TB,,WR,receiving,1,61.68,61.68,GOOD_SIGNAL,GOOD_SIGNAL,GOOD_SIGNAL at 61.7. Main support: projection strength: 67.0; usage foundation: 66.7. Main caution: role and availability context: 35.0; missing signal count: 5.,projection strength: 67.0; usage foundation: 66.7,"Context V1: defense fit missing/low reliability for some players; game environment missing for some players; weather, route share, first-read share, and coverage are not sourced.",,projection strength: 67.0,usage foundation: 66.7,data quality: 65.7,role and availability context: 35.0,missing signal count: 5,review context: Context V1: defense fit missing/low reliability for some players; game environment missing,1,1,0,5,65.7,DATA_NEEDS_LIVE_CONTEXT,NEEDS DATA,NEEDS DATA,NEEDS DATA,HISTORICAL TEST ONLY,NO-GO
,T.Marshall,LV,,WR,receiving,1,61.61,61.61,GOOD_SIGNAL,GOOD_SIGNAL,GOOD_SIGNAL at 61.6. Main support: projection strength: 66.9; usage foundation: 66.7. Main caution: role and availability context: 35.0; missing signal count: 5.,projection strength: 66.9; usage foundation: 66.7,"Context V1: defense fit missing/low reliability for some players; game environment missing for some players; weather, route share, first-read share, and coverage are not sourced.",,projection strength: 66.9,usage foundation: 66.7,data quality: 65.7,role and availability context: 35.0,missing signal count: 5,review context: Context V1: defense fit missing/low reliability for some players; game environment missing,1,1,0,5,65.7,DATA_NEEDS_LIVE_CONTEXT,NEEDS DATA,NEEDS DATA,NEEDS DATA,HISTORICAL TEST ONLY,NO-GO
,K.Davis,CLE,,WR,receiving,1,61.54,61.54,GOOD_SIGNAL,GOOD_SIGNAL,GOOD_SIGNAL at 61.5. Main support: projection strength: 66.7; usage foundation: 66.7. Main caution: role and availability context: 35.0; missing signal count: 5.,projection strength: 66.7; usage foundation: 66.7,"Context V1: defense fit missing/low reliability for some players; game environment missing for some players; weather, route share, first-read share, and coverage are not sourced.",,projection strength: 66.7,usage foundation: 66.7,data quality: 65.7,role and availability context: 35.0,missing signal count: 5,review context: Context V1: defense fit missing/low reliability for some players; game environment missing,1,1,0,5,65.7,DATA_NEEDS_LIVE_CONTEXT,NEEDS DATA,NEEDS DATA,NEEDS DATA,HISTORICAL TEST ONLY,NO-GO
,J.Ferguson,DAL,,TE,receiving,1,61.54,61.54,GOOD_SIGNAL,GOOD_SIGNAL,GOOD_SIGNAL at 61.5. Main support: projection strength: 66.7; usage foundation: 66.7. Main caution: role and availability context: 35.0; missing signal count: 5.,projection strength: 66.7; usage foundation: 66.7,"Context V1: defense fit missing/low reliability for some players; game environment missing for some players; weather, route share, first-read share, and coverage are not sourced.",,projection strength: 66.7,usage foundation: 66.7,data quality: 65.7,role and availability context: 35.0,missing signal count: 5,review context: Context V1: defense fit missing/low reliability for some players; game environment missing,1,1,0,5,65.7,DATA_NEEDS_LIVE_CONTEXT,NEEDS DATA,NEEDS DATA,NEEDS DATA,HISTORICAL TEST ONLY,NO-GO
,A.Hooper,NE,,TE,receiving,1,61.47,61.47,GOOD_SIGNAL,GOOD_SIGNAL,GOOD_SIGNAL at 61.5. Main support: usage foundation: 66.7; projection strength: 66.6. Main caution: role and availability context: 35.0; missing signal count: 5.,usage foundation: 66.7; projection strength: 66.6,"Context V1: defense fit missing/low reliability for some players; game environment missing for some players; weather, route share, first-read share, and coverage are not sourced.",,usage foundation: 66.7,projection strength: 66.6,data quality: 65.7,role and availability context: 35.0,missing signal count: 5,review context: Context V1: defense fit missing/low reliability for some players; game environment missing,1,1,0,5,65.7,DATA_NEEDS_LIVE_CONTEXT,NEEDS DATA,NEEDS DATA,NEEDS DATA,HISTORICAL TEST ONLY,NO-GO
,A.Cooper,BUF,,WR,receiving,1,61.47,61.47,GOOD_SIGNAL,GOOD_SIGNAL,GOOD_SIGNAL at 61.5. Main support: usage foundation: 66.7; projection strength: 66.6. Main caution: role and availability context: 35.0; missing signal count: 5.,usage foundation: 66.7; projection strength: 66.6,"Context V1: defense fit missing/low reliability for some players; game environment missing for some players; weather, route share, first-read share, and coverage are not sourced.",,usage foundation: 66.7,projection strength: 66.6,data quality: 65.7,role and availability context: 35.0,missing signal count: 5,review context: Context V1: defense fit missing/low reliability for some players; game environment missing,1,1,0,5,65.7,DATA_NEEDS_LIVE_CONTEXT,NEEDS DATA,NEEDS DATA,NEEDS DATA,HISTORICAL TEST ONLY,NO-GO
,T.Badie,DEN,,RB,receiving,2,61.41,61.41,GOOD_SIGNAL,GOOD_SIGNAL,GOOD_SIGNAL at 61.4. Main support: usage foundation: 66.7; projection strength: 66.4. Main caution: role and availability context: 35.0; missing signal count: 5.,usage foundation: 66.7; projection strength: 66.4,"Context V1: defense fit missing/low reliability for some players; game environment missing for some players; weather, route share, first-read share, and coverage are not sourced.",,usage foundation: 66.7,projection strength: 66.4,data quality: 65.7,role and availability context: 35.0,missing signal count: 5,review context: Context V1: defense fit missing/low reliability for some players; game environment missing,1,1,0,5,65.7,DATA_NEEDS_LIVE_CONTEXT,NEEDS DATA,NEEDS DATA,NEEDS DATA,HISTORICAL TEST ONLY,NO-GO
,G.DuBose,MIA,,WR,receiving,1,61.4,61.4,GOOD_SIGNAL,GOOD_SIGNAL,GOOD_SIGNAL at 61.4. Main support: usage foundation: 66.7; projection strength: 66.4. Main caution: role and availability context: 35.0; missing signal count: 5.,usage foundation: 66.7; projection strength: 66.4,"Context V1: defense fit missing/low reliability for some players; game environment missing for some players; weather, route share, first-read share, and coverage are not sourced.",,usage foundation: 66.7,projection strength: 66.4,data quality: 65.7,role and availability context: 35.0,missing signal count: 5,review context: Context V1: defense fit missing/low reliability for some players; game environment missing,1,1,0,5,65.7,DATA_NEEDS_LIVE_CONTEXT,NEEDS DATA,NEEDS DATA,NEEDS DATA,HISTORICAL TEST ONLY,NO-GO
,J.Darden,SEA,,WR,receiving,1,61.33,61.33,GOOD_SIGNAL,GOOD_SIGNAL,GOOD_SIGNAL at 61.3. Main support: usage foundation: 66.7; projection strength: 66.2. Main caution: role and availability context: 35.0; missing signal count: 5.,usage foundation: 66.7; projection strength: 66.2,"Context V1: defense fit missing/low reliability for some players; game environment missing for some players; weather, route share, first-read share, and coverage are not sourced.",,usage foundation: 66.7,projection strength: 66.2,data quality: 65.7,role and availability context: 35.0,missing signal count: 5,review context: Context V1: defense fit missing/low reliability for some players; game environment missing,1,1,0,5,65.7,DATA_NEEDS_LIVE_CONTEXT,NEEDS DATA,NEEDS DATA,NEEDS DATA,HISTORICAL TEST ONLY,NO-GO
00-0034857,J.Allen,BUF,KC,QB,passing,1,61.23,61.23,GOOD_SIGNAL,GOOD_SIGNAL,GOOD_SIGNAL at 61.2. Main support: recent form: 99.7; opponent defense fit: 96.3. Main caution: usage foundation: 33.3; role and availability context: 35.0.,recent form: 99.7; opponent defense fit: 96.3,"Context V1: defense fit missing/low reliability for some players; game environment missing for some players; weather, route share, first-read share, and coverage are not sourced.",,recent form: 99.7,opponent defense fit: 96.3,data quality: 79.0,usage foundation: 33.3,role and availability context: 35.0,missing signal count: 3,2,1,0,3,79.0,DATA_NEEDS_LIVE_CONTEXT,NEEDS DATA,NEEDS DATA,NEEDS DATA,HISTORICAL TEST ONLY,NO-GO
,T.Jennings,NE,,RB,receiving,2,61.22,61.22,GOOD_SIGNAL,GOOD_SIGNAL,GOOD_SIGNAL at 61.2. Main support: usage foundation: 66.7; projection strength: 66.0. Main caution: role and availability context: 35.0; missing signal count: 5.,usage foundation: 66.7; projection strength: 66.0,"Context V1: defense fit missing/low reliability for some players; game environment missing for some players; weather, route share, first-read share, and coverage are not sourced.",,usage foundation: 66.7,projection strength: 66.0,data quality: 65.7,role and availability context: 35.0,missing signal count: 5,review context: Context V1: defense fit missing/low reliability for some players; game environment missing,1,1,0,5,65.7,DATA_NEEDS_LIVE_CONTEXT,NEEDS DATA,NEEDS DATA,NEEDS DATA,HISTORICAL TEST ONLY,NO-GO
,S.Toure,GB,,WR,receiving,1,61.18,61.18,GOOD_SIGNAL,GOOD_SIGNAL,GOOD_SIGNAL at 61.2. Main support: usage foundation: 66.7; projection strength: 65.9. Main caution: role and availability context: 35.0; missing signal count: 5.,usage foundation: 66.7; projection strength: 65.9,"Context V1: defense fit missing/low reliability for some players; game environment missing for some players; weather, route share, first-read share, and coverage are not sourced.",,usage foundation: 66.7,projection strength: 65.9,data quality: 65.7,role and availability context: 35.0,missing signal count: 5,review context: Context V1: defense fit missing/low reliability for some players; game environment missing,1,1,0,5,65.7,DATA_NEEDS_LIVE_CONTEXT,NEEDS DATA,NEEDS DATA,NEEDS DATA,HISTORICAL TEST ONLY,NO-GO
,R.Miller,TB,,WR,receiving,1,61.13,61.13,GOOD_SIGNAL,GOOD_SIGNAL,GOOD_SIGNAL at 61.1. Main support: usage foundation: 66.7; projection strength: 65.8. Main caution: role and availability context: 35.0; missing signal count: 5.,usage foundation: 66.7; projection strength: 65.8,"Context V1: defense fit missing/low reliability for some players; game environment missing for some players; weather, route share, first-read share, and coverage are not sourced.",,usage foundation: 66.7,projection strength: 65.8,data quality: 65.7,role and availability context: 35.0,missing signal count: 5,review context: Context V1: defense fit missing/low reliability for some players; game environment missing,1,1,0,5,65.7,DATA_NEEDS_LIVE_CONTEXT,NEEDS DATA,NEEDS DATA,NEEDS DATA,HISTORICAL TEST ONLY,NO-GO
,N.Muse,MIN,,TE,receiving,1,61.11,61.11,GOOD_SIGNAL,GOOD_SIGNAL,GOOD_SIGNAL at 61.1. Main support: usage foundation: 66.7; projection strength: 65.7. Main caution: role and availability context: 35.0; missing signal count: 5.,usage foundation: 66.7; projection strength: 65.7,"Context V1: defense fit missing/low reliability for some players; game environment missing for some players; weather, route share, first-read share, and coverage are not sourced.",,usage foundation: 66.7,projection strength: 65.7,data quality: 65.7,role and availability context: 35.0,missing signal count: 5,review context: Context V1: defense fit missing/low reliability for some players; game environment missing,1,1,0,5,65.7,DATA_NEEDS_LIVE_CONTEXT,NEEDS DATA,NEEDS DATA,NEEDS DATA,HISTORICAL TEST ONLY,NO-GO
,I.Abanikanda,NYJ,,RB,receiving,2,61.08,61.08,GOOD_SIGNAL,GOOD_SIGNAL,GOOD_SIGNAL at 61.1. Main support: usage foundation: 66.7; data quality: 65.7. Main caution: role and availability context: 35.0; missing signal count: 5.,usage foundation: 66.7; data quality: 65.7,"Context V1: defense fit missing/low reliability for some players; game environment missing for some players; weather, route share, first-read share, and coverage are not sourced.",,usage foundation: 66.7,data quality: 65.7,projection strength: 65.7,role and availability context: 35.0,missing signal count: 5,review context: Context V1: defense fit missing/low reliability for some players; game environment missing,1,1,0,5,65.7,DATA_NEEDS_LIVE_CONTEXT,NEEDS DATA,NEEDS DATA,NEEDS DATA,HISTORICAL TEST ONLY,NO-GO
,J.Brooks,DAL,,WR,receiving,1,61.04,61.04,GOOD_SIGNAL,GOOD_SIGNAL,GOOD_SIGNAL at 61.0. Main support: usage foundation: 66.7; data quality: 65.7. Main caution: role and availability context: 35.0; missing signal count: 5.,usage foundation: 66.7; data quality: 65.7,"Context V1: defense fit missing/low reliability for some players; game environment missing for some players; weather, route share, first-read share, and coverage are not sourced.",,usage foundation: 66.7,data quality: 65.7,projection strength: 65.6,role and availability context: 35.0,missing signal count: 5,review context: Context V1: defense fit missing/low reliability for some players; game environment missing,1,1,0,5,65.7,DATA_NEEDS_LIVE_CONTEXT,NEEDS DATA,NEEDS DATA,NEEDS DATA,HISTORICAL TEST ONLY,NO-GO
,R.Johnson,CHI,,RB,receiving,2,61.04,61.04,GOOD_SIGNAL,GOOD_SIGNAL,GOOD_SIGNAL at 61.0. Main support: usage foundation: 66.7; data quality: 65.7. Main caution: role and availability context: 35.0; missing signal count: 5.,usage foundation: 66.7; data quality: 65.7,"Context V1: defense fit missing/low reliability for some players; game environment missing for some players; weather, route share, first-read share, and coverage are not sourced.",,usage foundation: 66.7,data quality: 65.7,projection strength: 65.6,role and availability context: 35.0,missing signal count: 5,review context: Context V1: defense fit missing/low reliability for some players; game environment missing,1,1,0,5,65.7,DATA_NEEDS_LIVE_CONTEXT,NEEDS DATA,NEEDS DATA,NEEDS DATA,HISTORICAL TEST ONLY,NO-GO
,L.McCaffrey,WAS,,WR,receiving,1,60.92,60.92,GOOD_SIGNAL,GOOD_SIGNAL,GOOD_SIGNAL at 60.9. Main support: usage foundation: 66.7; data quality: 65.7. Main caution: role and availability context: 35.0; missing signal count: 5.,usage foundation: 66.7; data quality: 65.7,"Context V1: defense fit missing/low reliability for some players; game environment missing for some players; weather, route share, first-read share, and coverage are not sourced.",,usage foundation: 66.7,data quality: 65.7,projection strength: 65.3,role and availability context: 35.0,missing signal count: 5,review context: Context V1: defense fit missing/low reliability for some players; game environment missing,1,1,0,5,65.7,DATA_NEEDS_LIVE_CONTEXT,NEEDS DATA,NEEDS DATA,NEEDS DATA,HISTORICAL TEST ONLY,NO-GO
,B.Allen,NYJ,,RB,receiving,2,60.92,60.92,GOOD_SIGNAL,GOOD_SIGNAL,GOOD_SIGNAL at 60.9. Main support: usage foundation: 66.7; data quality: 65.7. Main caution: role and availability context: 35.0; missing signal count: 5.,usage foundation: 66.7; data quality: 65.7,"Context V1: defense fit missing/low reliability for some players; game environment missing for some players; weather, route share, first-read share, and coverage are not sourced.",,usage foundation: 66.7,data quality: 65.7,projection strength: 65.3,role and availability context: 35.0,missing signal count: 5,review context: Context V1: defense fit missing/low reliability for some players; game environment missing,1,1,0,5,65.7,DATA_NEEDS_LIVE_CONTEXT,NEEDS DATA,NEEDS DATA,NEEDS DATA,HISTORICAL TEST ONLY,NO-GO
,T.McAllister,LV,,WR,receiving,1,60.82,60.82,GOOD_SIGNAL,GOOD_SIGNAL,GOOD_SIGNAL at 60.8. Main support: usage foundation: 66.7; data quality: 65.7. Main caution: role and availability context: 35.0; missing signal count: 5.,usage foundation: 66.7; data quality: 65.7,"Context V1: defense fit missing/low reliability for some players; game environment missing for some players; weather, route share, first-read share, and coverage are not sourced.",,usage foundation: 66.7,data quality: 65.7,projection strength: 65.1,role and availability context: 35.0,missing signal count: 5,review context: Context V1: defense fit missing/low reliability for some players; game environment missing,1,1,0,5,65.7,DATA_NEEDS_LIVE_CONTEXT,NEEDS DATA,NEEDS DATA,NEEDS DATA,HISTORICAL TEST ONLY,NO-GO
,H.Henry,NE,,TE,receiving,1,60.79,60.79,GOOD_SIGNAL,GOOD_SIGNAL,GOOD_SIGNAL at 60.8. Main support: usage foundation: 66.7; data quality: 65.7. Main caution: role and availability context: 35.0; missing signal count: 5.,usage foundation: 66.7; data quality: 65.7,"Context V1: defense fit missing/low reliability for some players; game environment missing for some players; weather, route share, first-read share, and coverage are not sourced.",,usage foundation: 66.7,data quality: 65.7,projection strength: 65.0,role and availability context: 35.0,missing signal count: 5,review context: Context V1: defense fit missing/low reliability for some players; game environment missing,1,1,0,5,65.7,DATA_NEEDS_LIVE_CONTEXT,NEEDS DATA,NEEDS DATA,NEEDS DATA,HISTORICAL TEST ONLY,NO-GO
,K.Miller,NO,,RB,receiving,2,60.76,60.76,GOOD_SIGNAL,GOOD_SIGNAL,GOOD_SIGNAL at 60.8. Main support: usage foundation: 66.7; data quality: 65.7. Main caution: role and availability context: 35.0; missing signal count: 5.,usage foundation: 66.7; data quality: 65.7,"Context V1: defense fit missing/low reliability for some players; game environment missing for some players; weather, route share, first-read share, and coverage are not sourced.",,usage foundation: 66.7,data quality: 65.7,projection strength: 64.9,role and availability context: 35.0,missing signal count: 5,review context: Context V1: defense fit missing/low reliability for some players; game environment missing,1,1,0,5,65.7,DATA_NEEDS_LIVE_CONTEXT,NEEDS DATA,NEEDS DATA,NEEDS DATA,HISTORICAL TEST ONLY,NO-GO
,Q.Watkins,PHI,,WR,receiving,1,60.75,60.75,GOOD_SIGNAL,GOOD_SIGNAL,GOOD_SIGNAL at 60.8. Main support: usage foundation: 66.7; data quality: 65.7. Main caution: role and availability context: 35.0; missing signal count: 5.,usage foundation: 66.7; data quality: 65.7,"Context V1: defense fit missing/low reliability for some players; game environment missing for some players; weather, route share, first-read share, and coverage are not sourced.",,usage foundation: 66.7,data quality: 65.7,projection strength: 64.9,role and availability context: 35.0,missing signal count: 5,review context: Context V1: defense fit missing/low reliability for some players; game environment missing,1,1,0,5,65.7,DATA_NEEDS_LIVE_CONTEXT,NEEDS DATA,NEEDS DATA,NEEDS DATA,HISTORICAL TEST ONLY,NO-GO
,B.Purdy,SF,DET,QB,rushing,2,60.73,60.73,GOOD_SIGNAL,GOOD_SIGNAL,GOOD_SIGNAL at 60.7. Main support: usage foundation: 66.7; data quality: 65.7. Main caution: role and availability context: 35.0; missing signal count: 5.,usage foundation: 66.7; data quality: 65.7,"Context V1: defense fit missing/low reliability for some players; game environment missing for some players; weather, route share, first-read share, and coverage are not sourced.",,usage foundation: 66.7,data quality: 65.7,projection strength: 64.9,role and availability context: 35.0,missing signal count: 5,review context: Context V1: defense fit missing/low reliability for some players; game environment missing,1,1,0,5,65.7,DATA_NEEDS_LIVE_CONTEXT,NEEDS DATA,NEEDS DATA,NEEDS DATA,HISTORICAL TEST ONLY,NO-GO
,A.Smith,PHI,,WR,receiving,1,60.72,60.72,GOOD_SIGNAL,GOOD_SIGNAL,GOOD_SIGNAL at 60.7. Main support: usage foundation: 66.7; data quality: 65.7. Main caution: role and availability context: 35.0; missing signal count: 5.,usage foundation: 66.7; data quality: 65.7,"Context V1: defense fit missing/low reliability for some players; game environment missing for some players; weather, route share, first-read share, and coverage are not sourced.",,usage foundation: 66.7,data quality: 65.7,projection strength: 64.8,role and availability context: 35.0,missing signal count: 5,review context: Context V1: defense fit missing/low reliability for some players; game environment missing,1,1,0,5,65.7,DATA_NEEDS_LIVE_CONTEXT,NEEDS DATA,NEEDS DATA,NEEDS DATA,HISTORICAL TEST ONLY,NO-GO
,B.Watson,DEN,,RB,receiving,2,60.68,60.68,GOOD_SIGNAL,GOOD_SIGNAL,GOOD_SIGNAL at 60.7. Main support: usage foundation: 66.7; data quality: 65.7. Main caution: role and availability context: 35.0; missing signal count: 5.,usage foundation: 66.7; data quality: 65.7,"Context V1: defense fit missing/low reliability for some players; game environment missing for some players; weather, route share, first-read share, and coverage are not sourced.",,usage foundation: 66.7,data quality: 65.7,projection strength: 64.8,role and availability context: 35.0,missing signal count: 5,review context: Context V1: defense fit missing/low reliability for some players; game environment missing,1,1,0,5,65.7,DATA_NEEDS_LIVE_CONTEXT,NEEDS DATA,NEEDS DATA,NEEDS DATA,HISTORICAL TEST ONLY,NO-GO
,M.Hardman,KC,,WR,receiving,1,60.65,60.65,GOOD_SIGNAL,GOOD_SIGNAL,GOOD_SIGNAL at 60.6. Main support: usage foundation: 66.7; data quality: 65.7. Main caution: role and availability context: 35.0; missing signal count: 5.,usage foundation: 66.7; data quality: 65.7,"Context V1: defense fit missing/low reliability for some players; game environment missing for some players; weather, route share, first-read share, and coverage are not sourced.",,usage foundation: 66.7,data quality: 65.7,projection strength: 64.7,role and availability context: 35.0,missing signal count: 5,review context: Context V1: defense fit missing/low reliability for some players; game environment missing,1,1,0,5,65.7,DATA_NEEDS_LIVE_CONTEXT,NEEDS DATA,NEEDS DATA,NEEDS DATA,HISTORICAL TEST ONLY,NO-GO
,D.Maye,NE,BUF,QB,rushing,1,60.59,60.59,GOOD_SIGNAL,GOOD_SIGNAL,GOOD_SIGNAL at 60.6. Main support: usage foundation: 66.7; data quality: 65.7. Main caution: role and availability context: 35.0; missing signal count: 5.,usage foundation: 66.7; data quality: 65.7,"Context V1: defense fit missing/low reliability for some players; game environment missing for some players; weather, route share, first-read share, and coverage are not sourced.",,usage foundation: 66.7,data quality: 65.7,projection strength: 64.5,role and availability context: 35.0,missing signal count: 5,review context: Context V1: defense fit missing/low reliability for some players; game environment missing,1,1,0,5,65.7,DATA_NEEDS_LIVE_CONTEXT,NEEDS DATA,NEEDS DATA,NEEDS DATA,HISTORICAL TEST ONLY,NO-GO
,J.Whyle,TEN,,TE,receiving,1,60.58,60.58,GOOD_SIGNAL,GOOD_SIGNAL,GOOD_SIGNAL at 60.6. Main support: usage foundation: 66.7; data quality: 65.7. Main caution: role and availability context: 35.0; missing signal count: 5.,usage foundation: 66.7; data quality: 65.7,"Context V1: defense fit missing/low reliability for some players; game environment missing for some players; weather, route share, first-read share, and coverage are not sourced.",,usage foundation: 66.7,data quality: 65.7,projection strength: 64.5,role and availability context: 35.0,missing signal count: 5,review context: Context V1: defense fit missing/low reliability for some players; game environment missing,1,1,0,5,65.7,DATA_NEEDS_LIVE_CONTEXT,NEEDS DATA,NEEDS DATA,NEEDS DATA,HISTORICAL TEST ONLY,NO-GO
,C.Blair,ATL,,WR,receiving,1,60.46,60.46,GOOD_SIGNAL,GOOD_SIGNAL,GOOD_SIGNAL at 60.5. Main support: usage foundation: 66.7; data quality: 65.7. Main caution: role and availability context: 35.0; missing signal count: 5.,usage foundation: 66.7; data quality: 65.7,"Context V1: defense fit missing/low reliability for some players; game environment missing for some players; weather, route share, first-read share, and coverage are not sourced.",,usage foundation: 66.7,data quality: 65.7,projection strength: 64.3,role and availability context: 35.0,missing signal count: 5,review context: Context V1: defense fit missing/low reliability for some players; game environment missing,1,1,0,5,65.7,DATA_NEEDS_LIVE_CONTEXT,NEEDS DATA,NEEDS DATA,NEEDS DATA,HISTORICAL TEST ONLY,NO-GO
,J.Fields,PIT,BAL,QB,rushing,2,60.43,60.43,GOOD_SIGNAL,GOOD_SIGNAL,GOOD_SIGNAL at 60.4. Main support: usage foundation: 66.7; data quality: 65.7. Main caution: role and availability context: 35.0; missing signal count: 5.,usage foundation: 66.7; data quality: 65.7,"Context V1: defense fit missing/low reliability for some players; game environment missing for some players; weather, route share, first-read share, and coverage are not sourced.",,usage foundation: 66.7,data quality: 65.7,projection strength: 64.2,role and availability context: 35.0,missing signal count: 5,review context: Context V1: defense fit missing/low reliability for some players; game environment missing,1,1,0,5,65.7,DATA_NEEDS_LIVE_CONTEXT,NEEDS DATA,NEEDS DATA,NEEDS DATA,HISTORICAL TEST ONLY,NO-GO
,A.Baccellia,ARI,,WR,receiving,1,60.39,60.39,GOOD_SIGNAL,GOOD_SIGNAL,GOOD_SIGNAL at 60.4. Main support: usage foundation: 66.7; data quality: 65.7. Main caution: role and availability context: 35.0; missing signal count: 5.,usage foundation: 66.7; data quality: 65.7,"Context V1: defense fit missing/low reliability for some players; game environment missing for some players; weather, route share, first-read share, and coverage are not sourced.",,usage foundation: 66.7,data quality: 65.7,projection strength: 64.1,role and availability context: 35.0,missing signal count: 5,review context: Context V1: defense fit missing/low reliability for some players; game environment missing,1,1,0,5,65.7,DATA_NEEDS_LIVE_CONTEXT,NEEDS DATA,NEEDS DATA,NEEDS DATA,HISTORICAL TEST ONLY,NO-GO
,C.Otton,TB,,TE,receiving,1,60.38,60.38,GOOD_SIGNAL,GOOD_SIGNAL,GOOD_SIGNAL at 60.4. Main support: usage foundation: 66.7; data quality: 65.7. Main caution: role and availability context: 35.0; missing signal count: 5.,usage foundation: 66.7; data quality: 65.7,"Context V1: defense fit missing/low reliability for some players; game environment missing for some players; weather, route share, first-read share, and coverage are not sourced.",,usage foundation: 66.7,data quality: 65.7,projection strength: 64.1,role and availability context: 35.0,missing signal count: 5,review context: Context V1: defense fit missing/low reliability for some players; game environment missing,1,1,0,5,65.7,DATA_NEEDS_LIVE_CONTEXT,NEEDS DATA,NEEDS DATA,NEEDS DATA,HISTORICAL TEST ONLY,NO-GO
,K.Gainwell,PHI,,RB,receiving,2,60.32,60.32,GOOD_SIGNAL,GOOD_SIGNAL,GOOD_SIGNAL at 60.3. Main support: usage foundation: 66.7; data quality: 65.7. Main caution: role and availability context: 35.0; missing signal count: 5.,usage foundation: 66.7; data quality: 65.7,"Context V1: defense fit missing/low reliability for some players; game environment missing for some players; weather, route share, first-read share, and coverage are not sourced.",,usage foundation: 66.7,data quality: 65.7,projection strength: 63.9,role and availability context: 35.0,missing signal count: 5,review context: Context V1: defense fit missing/low reliability for some players; game environment missing,1,1,0,5,65.7,DATA_NEEDS_LIVE_CONTEXT,NEEDS DATA,NEEDS DATA,NEEDS DATA,HISTORICAL TEST ONLY,NO-GO
,T.Tagovailoa,MIA,SF,QB,rushing,2,60.19,60.19,GOOD_SIGNAL,GOOD_SIGNAL,GOOD_SIGNAL at 60.2. Main support: usage foundation: 66.7; data quality: 65.7. Main caution: role and availability context: 35.0; missing signal count: 5.,usage foundation: 66.7; data quality: 65.7,"Context V1: defense fit missing/low reliability for some players; game environment missing for some players; weather, route share, first-read share, and coverage are not sourced.",,usage foundation: 66.7,data quality: 65.7,projection strength: 63.6,role and availability context: 35.0,missing signal count: 5,review context: Context V1: defense fit missing/low reliability for some players; game environment missing,1,1,0,5,65.7,DATA_NEEDS_LIVE_CONTEXT,NEEDS DATA,NEEDS DATA,NEEDS DATA,HISTORICAL TEST ONLY,NO-GO
,D.Schultz,HOU,,TE,receiving,1,60.17,60.17,GOOD_SIGNAL,GOOD_SIGNAL,GOOD_SIGNAL at 60.2. Main support: usage foundation: 66.7; data quality: 65.7. Main caution: role and availability context: 35.0; missing signal count: 5.,usage foundation: 66.7; data quality: 65.7,"Context V1: defense fit missing/low reliability for some players; game environment missing for some players; weather, route share, first-read share, and coverage are not sourced.",,usage foundation: 66.7,data quality: 65.7,projection strength: 63.6,role and availability context: 35.0,missing signal count: 5,review context: Context V1: defense fit missing/low reliability for some players; game environment missing,1,1,0,5,65.7,DATA_NEEDS_LIVE_CONTEXT,NEEDS DATA,NEEDS DATA,NEEDS DATA,HISTORICAL TEST ONLY,NO-GO
,Z.Knight,DET,,RB,receiving,2,60.14,60.14,GOOD_SIGNAL,GOOD_SIGNAL,GOOD_SIGNAL at 60.1. Main support: usage foundation: 66.7; data quality: 65.7. Main caution: role and availability context: 35.0; missing signal count: 5.,usage foundation: 66.7; data quality: 65.7,"Context V1: defense fit missing/low reliability for some players; game environment missing for some players; weather, route share, first-read share, and coverage are not sourced.",,usage foundation: 66.7,data quality: 65.7,projection strength: 63.5,role and availability context: 35.0,missing signal count: 5,review context: Context V1: defense fit missing/low reliability for some players; game environment missing,1,1,0,5,65.7,DATA_NEEDS_LIVE_CONTEXT,NEEDS DATA,NEEDS DATA,NEEDS DATA,HISTORICAL TEST ONLY,NO-GO
,T.Benson,ARI,,RB,receiving,2,60.1,60.1,GOOD_SIGNAL,GOOD_SIGNAL,GOOD_SIGNAL at 60.1. Main support: usage foundation: 66.7; data quality: 65.7. Main caution: role and availability context: 35.0; missing signal count: 5.,usage foundation: 66.7; data quality: 65.7,"Context V1: defense fit missing/low reliability for some players; game environment missing for some players; weather, route share, first-read share, and coverage are not sourced.",,usage foundation: 66.7,data quality: 65.7,projection strength: 63.4,role and availability context: 35.0,missing signal count: 5,review context: Context V1: defense fit missing/low reliability for some players; game environment missing,1,1,0,5,65.7,DATA_NEEDS_LIVE_CONTEXT,NEEDS DATA,NEEDS DATA,NEEDS DATA,HISTORICAL TEST ONLY,NO-GO
,J.Jackson,NO,,WR,receiving,1,60.1,60.1,GOOD_SIGNAL,GOOD_SIGNAL,GOOD_SIGNAL at 60.1. Main support: usage foundation: 66.7; data quality: 65.7. Main caution: role and availability context: 35.0; missing signal count: 5.,usage foundation: 66.7; data quality: 65.7,"Context V1: defense fit missing/low reliability for some players; game environment missing for some players; weather, route share, first-read share, and coverage are not sourced.",,usage foundation: 66.7,data quality: 65.7,projection strength: 63.4,role and availability context: 35.0,missing signal count: 5,review context: Context V1: defense fit missing/low reliability for some players; game environment missing,1,1,0,5,65.7,DATA_NEEDS_LIVE_CONTEXT,NEEDS DATA,NEEDS DATA,NEEDS DATA,HISTORICAL TEST ONLY,NO-GO
,T.Franklin,DEN,,WR,receiving,1,60.03,60.03,GOOD_SIGNAL,GOOD_SIGNAL,GOOD_SIGNAL at 60.0. Main support: usage foundation: 66.7; data quality: 65.7. Main caution: role and availability context: 35.0; missing signal count: 5.,usage foundation: 66.7; data quality: 65.7,"Context V1: defense fit missing/low reliability for some players; game environment missing for some players; weather, route share, first-read share, and coverage are not sourced.",,usage foundation: 66.7,data quality: 65.7,projection strength: 63.3,role and availability context: 35.0,missing signal count: 5,review context: Context V1: defense fit missing/low reliability for some players; game environment missing,1,1,0,5,65.7,DATA_NEEDS_LIVE_CONTEXT,NEEDS DATA,NEEDS DATA,NEEDS DATA,HISTORICAL TEST ONLY,NO-GO
,J.Williams,WAS,,RB,receiving,2,59.87,59.87,GOOD_SIGNAL,GOOD_SIGNAL,GOOD_SIGNAL at 59.9. Main support: usage foundation: 66.7; data quality: 65.7. Main caution: role and availability context: 35.0; missing signal count: 5.,usage foundation: 66.7; data quality: 65.7,"Context V1: defense fit missing/low reliability for some players; game environment missing for some players; weather, route share, first-read share, and coverage are not sourced.",,usage foundation: 66.7,data quality: 65.7,projection strength: 62.9,role and availability context: 35.0,missing signal count: 5,review context: Context V1: defense fit missing/low reliability for some players; game environment missing,1,1,0,5,65.7,DATA_NEEDS_LIVE_CONTEXT,NEEDS DATA,NEEDS DATA,NEEDS DATA,HISTORICAL TEST ONLY,NO-GO
,A.Barner,SEA,,TE,receiving,1,59.83,59.83,GOOD_SIGNAL,GOOD_SIGNAL,GOOD_SIGNAL at 59.8. Main support: usage foundation: 66.7; data quality: 65.7. Main caution: role and availability context: 35.0; missing signal count: 5.,usage foundation: 66.7; data quality: 65.7,"Context V1: defense fit missing/low reliability for some players; game environment missing for some players; weather, route share, first-read share, and coverage are not sourced.",,usage foundation: 66.7,data quality: 65.7,projection strength: 62.8,role and availability context: 35.0,missing signal count: 5,review context: Context V1: defense fit missing/low reliability for some players; game environment missing,1,1,0,5,65.7,DATA_NEEDS_LIVE_CONTEXT,NEEDS DATA,NEEDS DATA,NEEDS DATA,HISTORICAL TEST ONLY,NO-GO
,M.Alexander,DET,,WR,receiving,1,59.82,59.82,GOOD_SIGNAL,GOOD_SIGNAL,GOOD_SIGNAL at 59.8. Main support: usage foundation: 66.7; data quality: 65.7. Main caution: role and availability context: 35.0; missing signal count: 5.,usage foundation: 66.7; data quality: 65.7,"Context V1: defense fit missing/low reliability for some players; game environment missing for some players; weather, route share, first-read share, and coverage are not sourced.",,usage foundation: 66.7,data quality: 65.7,projection strength: 62.8,role and availability context: 35.0,missing signal count: 5,review context: Context V1: defense fit missing/low reliability for some players; game environment missing,1,1,0,5,65.7,DATA_NEEDS_LIVE_CONTEXT,NEEDS DATA,NEEDS DATA,NEEDS DATA,HISTORICAL TEST ONLY,NO-GO
,H.Bryant,LV,,TE,receiving,1,59.69,59.69,GOOD_SIGNAL,GOOD_SIGNAL,GOOD_SIGNAL at 59.7. Main support: usage foundation: 66.7; data quality: 65.7. Main caution: role and availability context: 35.0; missing signal count: 5.,usage foundation: 66.7; data quality: 65.7,"Context V1: defense fit missing/low reliability for some players; game environment missing for some players; weather, route share, first-read share, and coverage are not sourced.",,usage foundation: 66.7,data quality: 65.7,projection strength: 62.5,role and availability context: 35.0,missing signal count: 5,review context: Context V1: defense fit missing/low reliability for some players; game environment missing,1,1,0,5,65.7,DATA_NEEDS_LIVE_CONTEXT,NEEDS DATA,NEEDS DATA,NEEDS DATA,HISTORICAL TEST ONLY,NO-GO
,K.Herbert,CIN,,RB,receiving,2,59.61,59.61,GOOD_SIGNAL,GOOD_SIGNAL,GOOD_SIGNAL at 59.6. Main support: usage foundation: 66.7; data quality: 65.7. Main caution: role and availability context: 35.0; missing signal count: 5.,usage foundation: 66.7; data quality: 65.7,"Context V1: defense fit missing/low reliability for some players; game environment missing for some players; weather, route share, first-read share, and coverage are not sourced.",,usage foundation: 66.7,data quality: 65.7,projection strength: 62.3,role and availability context: 35.0,missing signal count: 5,review context: Context V1: defense fit missing/low reliability for some players; game environment missing,1,1,0,5,65.7,DATA_NEEDS_LIVE_CONTEXT,NEEDS DATA,NEEDS DATA,NEEDS DATA,HISTORICAL TEST ONLY,NO-GO
,S.Rattler,NO,TB,QB,rushing,2,59.54,59.54,GOOD_SIGNAL,GOOD_SIGNAL,GOOD_SIGNAL at 59.5. Main support: usage foundation: 66.7; data quality: 65.7. Main caution: role and availability context: 35.0; missing signal count: 5.,usage foundation: 66.7; data quality: 65.7,"Context V1: defense fit missing/low reliability for some players; game environment missing for some players; weather, route share, first-read share, and coverage are not sourced.",,usage foundation: 66.7,data quality: 65.7,projection strength: 62.2,role and availability context: 35.0,missing signal count: 5,review context: Context V1: defense fit missing/low reliability for some players; game environment missing,1,1,0,5,65.7,DATA_NEEDS_LIVE_CONTEXT,NEEDS DATA,NEEDS DATA,NEEDS DATA,HISTORICAL TEST ONLY,NO-GO
,D.Hopkins,KC,,WR,receiving,1,59.53,59.53,GOOD_SIGNAL,GOOD_SIGNAL,GOOD_SIGNAL at 59.5. Main support: usage foundation: 66.7; data quality: 65.7. Main caution: role and availability context: 35.0; missing signal count: 5.,usage foundation: 66.7; data quality: 65.7,"Context V1: defense fit missing/low reliability for some players; game environment missing for some players; weather, route share, first-read share, and coverage are not sourced.",,usage foundation: 66.7,data quality: 65.7,projection strength: 62.1,role and availability context: 35.0,missing signal count: 5,review context: Context V1: defense fit missing/low reliability for some players; game environment missing,1,1,0,5,65.7,DATA_NEEDS_LIVE_CONTEXT,NEEDS DATA,NEEDS DATA,NEEDS DATA,HISTORICAL TEST ONLY,NO-GO
,X.Gipson,NYJ,,WR,receiving,1,59.49,59.49,GOOD_SIGNAL,GOOD_SIGNAL,GOOD_SIGNAL at 59.5. Main support: usage foundation: 66.7; data quality: 65.7. Main caution: role and availability context: 35.0; missing signal count: 5.,usage foundation: 66.7; data quality: 65.7,"Context V1: defense fit missing/low reliability for some players; game environment missing for some players; weather, route share, first-read share, and coverage are not sourced.",,usage foundation: 66.7,data quality: 65.7,projection strength: 62.0,role and availability context: 35.0,missing signal count: 5,review context: Context V1: defense fit missing/low reliability for some players; game environment missing,1,1,0,5,65.7,DATA_NEEDS_LIVE_CONTEXT,NEEDS DATA,NEEDS DATA,NEEDS DATA,HISTORICAL TEST ONLY,NO-GO
,A.Mitchell,IND,,WR,receiving,1,59.46,59.46,GOOD_SIGNAL,GOOD_SIGNAL,GOOD_SIGNAL at 59.5. Main support: usage foundation: 66.7; data quality: 65.7. Main caution: role and availability context: 35.0; missing signal count: 5.,usage foundation: 66.7; data quality: 65.7,"Context V1: defense fit missing/low reliability for some players; game environment missing for some players; weather, route share, first-read share, and coverage are not sourced.",,usage foundation: 66.7,data quality: 65.7,projection strength: 62.0,role and availability context: 35.0,missing signal count: 5,review context: Context V1: defense fit missing/low reliability for some players; game environment missing,1,1,0,5,65.7,DATA_NEEDS_LIVE_CONTEXT,NEEDS DATA,NEEDS DATA,NEEDS DATA,HISTORICAL TEST ONLY,NO-GO
,J.Wright,MIA,,RB,receiving,2,59.43,59.43,GOOD_SIGNAL,GOOD_SIGNAL,GOOD_SIGNAL at 59.4. Main support: usage foundation: 66.7; data quality: 65.7. Main caution: role and availability context: 35.0; missing signal count: 5.,usage foundation: 66.7; data quality: 65.7,"Context V1: defense fit missing/low reliability for some players; game environment missing for some players; weather, route share, first-read share, and coverage are not sourced.",,usage foundation: 66.7,data quality: 65.7,projection strength: 61.9,role and availability context: 35.0,missing signal count: 5,review context: Context V1: defense fit missing/low reliability for some players; game environment missing,1,1,0,5,65.7,DATA_NEEDS_LIVE_CONTEXT,NEEDS DATA,NEEDS DATA,NEEDS DATA,HISTORICAL TEST ONLY,NO-GO
,O.Beckham,MIA,,WR,receiving,1,59.42,59.42,GOOD_SIGNAL,GOOD_SIGNAL,GOOD_SIGNAL at 59.4. Main support: usage foundation: 66.7; data quality: 65.7. Main caution: role and availability context: 35.0; missing signal count: 5.,usage foundation: 66.7; data quality: 65.7,"Context V1: defense fit missing/low reliability for some players; game environment missing for some players; weather, route share, first-read share, and coverage are not sourced.",,usage foundation: 66.7,data quality: 65.7,projection strength: 61.9,role and availability context: 35.0,missing signal count: 5,review context: Context V1: defense fit missing/low reliability for some players; game environment missing,1,1,0,5,65.7,DATA_NEEDS_LIVE_CONTEXT,NEEDS DATA,NEEDS DATA,NEEDS DATA,HISTORICAL TEST ONLY,NO-GO
,J.Kibodi,CLE,,RB,receiving,2,59.29,59.29,GOOD_SIGNAL,GOOD_SIGNAL,GOOD_SIGNAL at 59.3. Main support: usage foundation: 66.7; data quality: 65.7. Main caution: role and availability context: 35.0; missing signal count: 5.,usage foundation: 66.7; data quality: 65.7,"Context V1: defense fit missing/low reliability for some players; game environment missing for some players; weather, route share, first-read share, and coverage are not sourced.",,usage foundation: 66.7,data quality: 65.7,projection strength: 61.6,role and availability context: 35.0,missing signal count: 5,review context: Context V1: defense fit missing/low reliability for some players; game environment missing,1,1,0,5,65.7,DATA_NEEDS_LIVE_CONTEXT,NEEDS DATA,NEEDS DATA,NEEDS DATA,HISTORICAL TEST ONLY,NO-GO
,A.Abdullah,LV,,RB,receiving,2,59.28,59.28,GOOD_SIGNAL,GOOD_SIGNAL,GOOD_SIGNAL at 59.3. Main support: usage foundation: 66.7; data quality: 65.7. Main caution: role and availability context: 35.0; missing signal count: 5.,usage foundation: 66.7; data quality: 65.7,"Context V1: defense fit missing/low reliability for some players; game environment missing for some players; weather, route share, first-read share, and coverage are not sourced.",,usage foundation: 66.7,data quality: 65.7,projection strength: 61.6,role and availability context: 35.0,missing signal count: 5,review context: Context V1: defense fit missing/low reliability for some players; game environment missing,1,1,0,5,65.7,DATA_NEEDS_LIVE_CONTEXT,NEEDS DATA,NEEDS DATA,NEEDS DATA,HISTORICAL TEST ONLY,NO-GO
,T.Palmer,TB,,WR,receiving,1,59.25,59.25,GOOD_SIGNAL,GOOD_SIGNAL,GOOD_SIGNAL at 59.2. Main support: usage foundation: 66.7; data quality: 65.7. Main caution: role and availability context: 35.0; missing signal count: 5.,usage foundation: 66.7; data quality: 65.7,"Context V1: defense fit missing/low reliability for some players; game environment missing for some players; weather, route share, first-read share, and coverage are not sourced.",,usage foundation: 66.7,data quality: 65.7,projection strength: 61.5,role and availability context: 35.0,missing signal count: 5,review context: Context V1: defense fit missing/low reliability for some players; game environment missing,1,1,0,5,65.7,DATA_NEEDS_LIVE_CONTEXT,NEEDS DATA,NEEDS DATA,NEEDS DATA,HISTORICAL TEST ONLY,NO-GO
,M.Woods,CLE,,WR,receiving,1,59.22,59.22,GOOD_SIGNAL,GOOD_SIGNAL,GOOD_SIGNAL at 59.2. Main support: usage foundation: 66.7; data quality: 65.7. Main caution: role and availability context: 35.0; missing signal count: 5.,usage foundation: 66.7; data quality: 65.7,"Context V1: defense fit missing/low reliability for some players; game environment missing for some players; weather, route share, first-read share, and coverage are not sourced.",,usage foundation: 66.7,data quality: 65.7,projection strength: 61.4,role and availability context: 35.0,missing signal count: 5,review context: Context V1: defense fit missing/low reliability for some players; game environment missing,1,1,0,5,65.7,DATA_NEEDS_LIVE_CONTEXT,NEEDS DATA,NEEDS DATA,NEEDS DATA,HISTORICAL TEST ONLY,NO-GO
,M.Andrews,BAL,,TE,receiving,1,59.17,59.17,GOOD_SIGNAL,GOOD_SIGNAL,GOOD_SIGNAL at 59.2. Main support: usage foundation: 66.7; data quality: 65.7. Main caution: role and availability context: 35.0; missing signal count: 5.,usage foundation: 66.7; data quality: 65.7,"Context V1: defense fit missing/low reliability for some players; game environment missing for some players; weather, route share, first-read share, and coverage are not sourced.",,usage foundation: 66.7,data quality: 65.7,projection strength: 61.3,role and availability context: 35.0,missing signal count: 5,review context: Context V1: defense fit missing/low reliability for some players; game environment missing,1,1,0,5,65.7,DATA_NEEDS_LIVE_CONTEXT,NEEDS DATA,NEEDS DATA,NEEDS DATA,HISTORICAL TEST ONLY,NO-GO
,B.Covey,PHI,,WR,receiving,1,59.15,59.15,GOOD_SIGNAL,GOOD_SIGNAL,GOOD_SIGNAL at 59.1. Main support: usage foundation: 66.7; data quality: 65.7. Main caution: role and availability context: 35.0; missing signal count: 5.,usage foundation: 66.7; data quality: 65.7,"Context V1: defense fit missing/low reliability for some players; game environment missing for some players; weather, route share, first-read share, and coverage are not sourced.",,usage foundation: 66.7,data quality: 65.7,projection strength: 61.2,role and availability context: 35.0,missing signal count: 5,review context: Context V1: defense fit missing/low reliability for some players; game environment missing,1,1,0,5,65.7,DATA_NEEDS_LIVE_CONTEXT,NEEDS DATA,NEEDS DATA,NEEDS DATA,HISTORICAL TEST ONLY,NO-GO
,D.Jackson,NYG,,RB,receiving,2,59.12,59.12,GOOD_SIGNAL,GOOD_SIGNAL,GOOD_SIGNAL at 59.1. Main support: usage foundation: 66.7; data quality: 65.7. Main caution: role and availability context: 35.0; missing signal count: 5.,usage foundation: 66.7; data quality: 65.7,"Context V1: defense fit missing/low reliability for some players; game environment missing for some players; weather, route share, first-read share, and coverage are not sourced.",,usage foundation: 66.7,data quality: 65.7,projection strength: 61.2,role and availability context: 35.0,missing signal count: 5,review context: Context V1: defense fit missing/low reliability for some players; game environment missing,1,1,0,5,65.7,DATA_NEEDS_LIVE_CONTEXT,NEEDS DATA,NEEDS DATA,NEEDS DATA,HISTORICAL TEST ONLY,NO-GO
,A.Erickson,NE,,WR,receiving,1,59.1,59.1,GOOD_SIGNAL,GOOD_SIGNAL,GOOD_SIGNAL at 59.1. Main support: usage foundation: 66.7; data quality: 65.7. Main caution: role and availability context: 35.0; missing signal count: 5.,usage foundation: 66.7; data quality: 65.7,"Context V1: defense fit missing/low reliability for some players; game environment missing for some players; weather, route share, first-read share, and coverage are not sourced.",,usage foundation: 66.7,data quality: 65.7,projection strength: 61.1,role and availability context: 35.0,missing signal count: 5,review context: Context V1: defense fit missing/low reliability for some players; game environment missing,1,1,0,5,65.7,DATA_NEEDS_LIVE_CONTEXT,NEEDS DATA,NEEDS DATA,NEEDS DATA,HISTORICAL TEST ONLY,NO-GO
,D.Johnson,HOU,,WR,receiving,1,59.03,59.03,GOOD_SIGNAL,GOOD_SIGNAL,GOOD_SIGNAL at 59.0. Main support: usage foundation: 66.7; data quality: 65.7. Main caution: role and availability context: 35.0; missing signal count: 5.,usage foundation: 66.7; data quality: 65.7,"Context V1: defense fit missing/low reliability for some players; game environment missing for some players; weather, route share, first-read share, and coverage are not sourced.",,usage foundation: 66.7,data quality: 65.7,projection strength: 61.0,role and availability context: 35.0,missing signal count: 5,review context: Context V1: defense fit missing/low reliability for some players; game environment missing,1,1,0,5,65.7,DATA_NEEDS_LIVE_CONTEXT,NEEDS DATA,NEEDS DATA,NEEDS DATA,HISTORICAL TEST ONLY,NO-GO
,E.Saubert,SF,,TE,receiving,1,58.94,58.94,GOOD_SIGNAL,GOOD_SIGNAL,GOOD_SIGNAL at 58.9. Main support: usage foundation: 66.7; data quality: 65.7. Main caution: role and availability context: 35.0; missing signal count: 5.,usage foundation: 66.7; data quality: 65.7,"Context V1: defense fit missing/low reliability for some players; game environment missing for some players; weather, route share, first-read share, and coverage are not sourced.",,usage foundation: 66.7,data quality: 65.7,projection strength: 60.8,role and availability context: 35.0,missing signal count: 5,review context: Context V1: defense fit missing/low reliability for some players; game environment missing,1,1,0,5,65.7,DATA_NEEDS_LIVE_CONTEXT,NEEDS DATA,NEEDS DATA,NEEDS DATA,HISTORICAL TEST ONLY,NO-GO
,K.Jackson,TEN,,WR,receiving,1,58.89,58.89,GOOD_SIGNAL,GOOD_SIGNAL,GOOD_SIGNAL at 58.9. Main support: usage foundation: 66.7; data quality: 65.7. Main caution: role and availability context: 35.0; missing signal count: 5.,usage foundation: 66.7; data quality: 65.7,"Context V1: defense fit missing/low reliability for some players; game environment missing for some players; weather, route share, first-read share, and coverage are not sourced.",,usage foundation: 66.7,data quality: 65.7,projection strength: 60.7,role and availability context: 35.0,missing signal count: 5,review context: Context V1: defense fit missing/low reliability for some players; game environment missing,1,1,0,5,65.7,DATA_NEEDS_LIVE_CONTEXT,NEEDS DATA,NEEDS DATA,NEEDS DATA,HISTORICAL TEST ONLY,NO-GO
,B.Sinnott,WAS,,TE,receiving,1,58.8,58.8,GOOD_SIGNAL,GOOD_SIGNAL,GOOD_SIGNAL at 58.8. Main support: usage foundation: 66.7; data quality: 65.7. Main caution: role and availability context: 35.0; missing signal count: 5.,usage foundation: 66.7; data quality: 65.7,"Context V1: defense fit missing/low reliability for some players; game environment missing for some players; weather, route share, first-read share, and coverage are not sourced.",,usage foundation: 66.7,data quality: 65.7,projection strength: 60.5,role and availability context: 35.0,missing signal count: 5,review context: Context V1: defense fit missing/low reliability for some players; game environment missing,1,1,0,5,65.7,DATA_NEEDS_LIVE_CONTEXT,NEEDS DATA,NEEDS DATA,NEEDS DATA,HISTORICAL TEST ONLY,NO-GO
,J.Jones,PHI,,WR,receiving,1,58.74,58.74,GOOD_SIGNAL,GOOD_SIGNAL,GOOD_SIGNAL at 58.7. Main support: usage foundation: 66.7; data quality: 65.7. Main caution: role and availability context: 35.0; missing signal count: 5.,usage foundation: 66.7; data quality: 65.7,"Context V1: defense fit missing/low reliability for some players; game environment missing for some players; weather, route share, first-read share, and coverage are not sourced.",,usage foundation: 66.7,data quality: 65.7,projection strength: 60.3,role and availability context: 35.0,missing signal count: 5,review context: Context V1: defense fit missing/low reliability for some players; game environment missing,1,1,0,5,65.7,DATA_NEEDS_LIVE_CONTEXT,NEEDS DATA,NEEDS DATA,NEEDS DATA,HISTORICAL TEST ONLY,NO-GO
,K.Vidal,LAC,,RB,receiving,2,58.71,58.71,GOOD_SIGNAL,GOOD_SIGNAL,GOOD_SIGNAL at 58.7. Main support: usage foundation: 66.7; data quality: 65.7. Main caution: role and availability context: 35.0; missing signal count: 5.,usage foundation: 66.7; data quality: 65.7,"Context V1: defense fit missing/low reliability for some players; game environment missing for some players; weather, route share, first-read share, and coverage are not sourced.",,usage foundation: 66.7,data quality: 65.7,projection strength: 60.2,role and availability context: 35.0,missing signal count: 5,review context: Context V1: defense fit missing/low reliability for some players; game environment missing,1,1,0,5,65.7,DATA_NEEDS_LIVE_CONTEXT,NEEDS DATA,NEEDS DATA,NEEDS DATA,HISTORICAL TEST ONLY,NO-GO
,M.Breida,NYG,,RB,receiving,2,58.47,58.47,GOOD_SIGNAL,GOOD_SIGNAL,GOOD_SIGNAL at 58.5. Main support: usage foundation: 66.7; data quality: 65.7. Main caution: role and availability context: 35.0; missing signal count: 5.,usage foundation: 66.7; data quality: 65.7,"Context V1: defense fit missing/low reliability for some players; game environment missing for some players; weather, route share, first-read share, and coverage are not sourced.",,usage foundation: 66.7,data quality: 65.7,,role and availability context: 35.0,missing signal count: 5,review context: Context V1: defense fit missing/low reliability for some players; game environment missing,1,1,0,5,65.7,DATA_NEEDS_LIVE_CONTEXT,NEEDS DATA,NEEDS DATA,NEEDS DATA,HISTORICAL TEST ONLY,NO-GO
,M.Brown,KC,,WR,receiving,1,58.46,58.46,GOOD_SIGNAL,GOOD_SIGNAL,GOOD_SIGNAL at 58.5. Main support: usage foundation: 66.7; data quality: 65.7. Main caution: role and availability context: 35.0; missing signal count: 5.,usage foundation: 66.7; data quality: 65.7,"Context V1: defense fit missing/low reliability for some players; game environment missing for some players; weather, route share, first-read share, and coverage are not sourced.",,usage foundation: 66.7,data quality: 65.7,,role and availability context: 35.0,missing signal count: 5,review context: Context V1: defense fit missing/low reliability for some players; game environment missing,1,1,0,5,65.7,DATA_NEEDS_LIVE_CONTEXT,NEEDS DATA,NEEDS DATA,NEEDS DATA,HISTORICAL TEST ONLY,NO-GO
,J.Robinson,GB,,RB,receiving,2,58.31,58.31,GOOD_SIGNAL,GOOD_SIGNAL,GOOD_SIGNAL at 58.3. Main support: usage foundation: 66.7; data quality: 65.7. Main caution: role and availability context: 35.0; missing signal count: 5.,usage foundation: 66.7; data quality: 65.7,"Context V1: defense fit missing/low reliability for some players; game environment missing for some players; weather, route share, first-read share, and coverage are not sourced.",,usage foundation: 66.7,data quality: 65.7,,role and availability context: 35.0,missing signal count: 5,review context: Context V1: defense fit missing/low reliability for some players; game environment missing,1,1,0,5,65.7,DATA_NEEDS_LIVE_CONTEXT,NEEDS DATA,NEEDS DATA,NEEDS DATA,HISTORICAL TEST ONLY,NO-GO
,C.Dowell,TEN,,WR,receiving,1,58.26,58.26,GOOD_SIGNAL,GOOD_SIGNAL,GOOD_SIGNAL at 58.3. Main support: usage foundation: 66.7; data quality: 65.7. Main caution: role and availability context: 35.0; missing signal count: 5.,usage foundation: 66.7; data quality: 65.7,"Context V1: defense fit missing/low reliability for some players; game environment missing for some players; weather, route share, first-read share, and coverage are not sourced.",,usage foundation: 66.7,data quality: 65.7,,role and availability context: 35.0,missing signal count: 5,review context: Context V1: defense fit missing/low reliability for some players; game environment missing,1,1,0,5,65.7,DATA_NEEDS_LIVE_CONTEXT,NEEDS DATA,NEEDS DATA,NEEDS DATA,HISTORICAL TEST ONLY,NO-GO
,P.Dorsett,DEN,,WR,receiving,1,58.24,58.24,GOOD_SIGNAL,GOOD_SIGNAL,GOOD_SIGNAL at 58.2. Main support: usage foundation: 66.7; data quality: 65.7. Main caution: role and availability context: 35.0; missing signal count: 5.,usage foundation: 66.7; data quality: 65.7,"Context V1: defense fit missing/low reliability for some players; game environment missing for some players; weather, route share, first-read share, and coverage are not sourced.",,usage foundation: 66.7,data quality: 65.7,,role and availability context: 35.0,missing signal count: 5,review context: Context V1: defense fit missing/low reliability for some players; game environment missing,1,1,0,5,65.7,DATA_NEEDS_LIVE_CONTEXT,NEEDS DATA,NEEDS DATA,NEEDS DATA,HISTORICAL TEST ONLY,NO-GO
,C.Fotheringham,LV,,TE,receiving,1,58.19,58.19,GOOD_SIGNAL,GOOD_SIGNAL,GOOD_SIGNAL at 58.2. Main support: usage foundation: 66.7; data quality: 65.7. Main caution: role and availability context: 35.0; missing signal count: 5.,usage foundation: 66.7; data quality: 65.7,"Context V1: defense fit missing/low reliability for some players; game environment missing for some players; weather, route share, first-read share, and coverage are not sourced.",,usage foundation: 66.7,data quality: 65.7,,role and availability context: 35.0,missing signal count: 5,review context: Context V1: defense fit missing/low reliability for some players; game environment missing,1,1,0,5,65.7,DATA_NEEDS_LIVE_CONTEXT,NEEDS DATA,NEEDS DATA,NEEDS DATA,HISTORICAL TEST ONLY,NO-GO
,D.Carter,CHI,,WR,receiving,1,58.12,58.12,GOOD_SIGNAL,GOOD_SIGNAL,GOOD_SIGNAL at 58.1. Main support: usage foundation: 66.7; data quality: 65.7. Main caution: role and availability context: 35.0; missing signal count: 5.,usage foundation: 66.7; data quality: 65.7,"Context V1: defense fit missing/low reliability for some players; game environment missing for some players; weather, route share, first-read share, and coverage are not sourced.",,usage foundation: 66.7,data quality: 65.7,,role and availability context: 35.0,missing signal count: 5,review context: Context V1: defense fit missing/low reliability for some players; game environment missing,1,1,0,5,65.7,DATA_NEEDS_LIVE_CONTEXT,NEEDS DATA,NEEDS DATA,NEEDS DATA,HISTORICAL TEST ONLY,NO-GO
,M.Corley,NYJ,,WR,receiving,1,58.05,58.05,GOOD_SIGNAL,GOOD_SIGNAL,GOOD_SIGNAL at 58.0. Main support: usage foundation: 66.7; data quality: 65.7. Main caution: role and availability context: 35.0; missing signal count: 5.,usage foundation: 66.7; data quality: 65.7,"Context V1: defense fit missing/low reliability for some players; game environment missing for some players; weather, route share, first-read share, and coverage are not sourced.",,usage foundation: 66.7,data quality: 65.7,,role and availability context: 35.0,missing signal count: 5,review context: Context V1: defense fit missing/low reliability for some players; game environment missing,1,1,0,5,65.7,DATA_NEEDS_LIVE_CONTEXT,NEEDS DATA,NEEDS DATA,NEEDS DATA,HISTORICAL TEST ONLY,NO-GO
,A.Dulin,IND,,WR,receiving,1,58.03,58.03,GOOD_SIGNAL,GOOD_SIGNAL,GOOD_SIGNAL at 58.0. Main support: usage foundation: 66.7; data quality: 65.7. Main caution: role and availability context: 35.0; missing signal count: 5.,usage foundation: 66.7; data quality: 65.7,"Context V1: defense fit missing/low reliability for some players; game environment missing for some players; weather, route share, first-read share, and coverage are not sourced.",,usage foundation: 66.7,data quality: 65.7,,role and availability context: 35.0,missing signal count: 5,review context: Context V1: defense fit missing/low reliability for some players; game environment missing,1,1,0,5,65.7,DATA_NEEDS_LIVE_CONTEXT,NEEDS DATA,NEEDS DATA,NEEDS DATA,HISTORICAL TEST ONLY,NO-GO
,S.Tucker,TB,,RB,receiving,2,57.99,57.99,WATCH,WATCHLIST,WATCH at 58.0. Main support: usage foundation: 66.7; data quality: 65.7. Main caution: role and availability context: 35.0; missing signal count: 5.,usage foundation: 66.7; data quality: 65.7,"Context V1: defense fit missing/low reliability for some players; game environment missing for some players; weather, route share, first-read share, and coverage are not sourced.",,usage foundation: 66.7,data quality: 65.7,,role and availability context: 35.0,missing signal count: 5,review context: Context V1: defense fit missing/low reliability for some players; game environment missing,1,1,0,5,65.7,DATA_NEEDS_LIVE_CONTEXT,NEEDS DATA,NEEDS DATA,NEEDS DATA,HISTORICAL TEST ONLY,NO-GO
,J.Oliver,MIN,,TE,receiving,1,57.95,57.95,WATCH,WATCHLIST,WATCH at 58.0. Main support: usage foundation: 66.7; data quality: 65.7. Main caution: role and availability context: 35.0; missing signal count: 5.,usage foundation: 66.7; data quality: 65.7,"Context V1: defense fit missing/low reliability for some players; game environment missing for some players; weather, route share, first-read share, and coverage are not sourced.",,usage foundation: 66.7,data quality: 65.7,,role and availability context: 35.0,missing signal count: 5,review context: Context V1: defense fit missing/low reliability for some players; game environment missing,1,1,0,5,65.7,DATA_NEEDS_LIVE_CONTEXT,NEEDS DATA,NEEDS DATA,NEEDS DATA,HISTORICAL TEST ONLY,NO-GO
,A.Rodgers,IND,,WR,receiving,1,57.88,57.88,WATCH,WATCHLIST,WATCH at 57.9. Main support: usage foundation: 66.7; data quality: 65.7. Main caution: role and availability context: 35.0; missing signal count: 5.,usage foundation: 66.7; data quality: 65.7,"Context V1: defense fit missing/low reliability for some players; game environment missing for some players; weather, route share, first-read share, and coverage are not sourced.",,usage foundation: 66.7,data quality: 65.7,,role and availability context: 35.0,missing signal count: 5,review context: Context V1: defense fit missing/low reliability for some players; game environment missing,1,1,0,5,65.7,DATA_NEEDS_LIVE_CONTEXT,NEEDS DATA,NEEDS DATA,NEEDS DATA,HISTORICAL TEST ONLY,NO-GO
,T.Reiman,ARI,,TE,receiving,1,57.85,57.85,WATCH,WATCHLIST,WATCH at 57.9. Main support: usage foundation: 66.7; data quality: 65.7. Main caution: role and availability context: 35.0; missing signal count: 5.,usage foundation: 66.7; data quality: 65.7,"Context V1: defense fit missing/low reliability for some players; game environment missing for some players; weather, route share, first-read share, and coverage are not sourced.",,usage foundation: 66.7,data quality: 65.7,,role and availability context: 35.0,missing signal count: 5,review context: Context V1: defense fit missing/low reliability for some players; game environment missing,1,1,0,5,65.7,DATA_NEEDS_LIVE_CONTEXT,NEEDS DATA,NEEDS DATA,NEEDS DATA,HISTORICAL TEST ONLY,NO-GO
,J.Winfree,IND,,WR,receiving,1,57.81,57.81,WATCH,WATCHLIST,WATCH at 57.8. Main support: usage foundation: 66.7; data quality: 65.7. Main caution: role and availability context: 35.0; missing signal count: 5.,usage foundation: 66.7; data quality: 65.7,"Context V1: defense fit missing/low reliability for some players; game environment missing for some players; weather, route share, first-read share, and coverage are not sourced.",,usage foundation: 66.7,data quality: 65.7,,role and availability context: 35.0,missing signal count: 5,review context: Context V1: defense fit missing/low reliability for some players; game environment missing,1,1,0,5,65.7,DATA_NEEDS_LIVE_CONTEXT,NEEDS DATA,NEEDS DATA,NEEDS DATA,HISTORICAL TEST ONLY,NO-GO
,T.Davis-Price,PHI,,RB,receiving,2,57.81,57.81,WATCH,WATCHLIST,WATCH at 57.8. Main support: usage foundation: 66.7; data quality: 65.7. Main caution: role and availability context: 35.0; missing signal count: 5.,usage foundation: 66.7; data quality: 65.7,"Context V1: defense fit missing/low reliability for some players; game environment missing for some players; weather, route share, first-read share, and coverage are not sourced.",,usage foundation: 66.7,data quality: 65.7,,role and availability context: 35.0,missing signal count: 5,review context: Context V1: defense fit missing/low reliability for some players; game environment missing,1,1,0,5,65.7,DATA_NEEDS_LIVE_CONTEXT,NEEDS DATA,NEEDS DATA,NEEDS DATA,HISTORICAL TEST ONLY,NO-GO
,K.Pitts,ATL,,TE,receiving,1,57.74,57.74,WATCH,WATCHLIST,WATCH at 57.7. Main support: usage foundation: 66.7; data quality: 65.7. Main caution: role and availability context: 35.0; missing signal count: 5.,usage foundation: 66.7; data quality: 65.7,"Context V1: defense fit missing/low reliability for some players; game environment missing for some players; weather, route share, first-read share, and coverage are not sourced.",,usage foundation: 66.7,data quality: 65.7,,role and availability context: 35.0,missing signal count: 5,review context: Context V1: defense fit missing/low reliability for some players; game environment missing,1,1,0,5,65.7,DATA_NEEDS_LIVE_CONTEXT,NEEDS DATA,NEEDS DATA,NEEDS DATA,HISTORICAL TEST ONLY,NO-GO
,G.Swaim,CLE,,TE,receiving,1,57.71,57.71,WATCH,WATCHLIST,WATCH at 57.7. Main support: usage foundation: 66.7; data quality: 65.7. Main caution: role and availability context: 35.0; missing signal count: 5.,usage foundation: 66.7; data quality: 65.7,"Context V1: defense fit missing/low reliability for some players; game environment missing for some players; weather, route share, first-read share, and coverage are not sourced.",,usage foundation: 66.7,data quality: 65.7,,role and availability context: 35.0,missing signal count: 5,review context: Context V1: defense fit missing/low reliability for some players; game environment missing,1,1,0,5,65.7,DATA_NEEDS_LIVE_CONTEXT,NEEDS DATA,NEEDS DATA,NEEDS DATA,HISTORICAL TEST ONLY,NO-GO
,P.Taylor,SF,,RB,receiving,2,57.49,57.49,WATCH,WATCHLIST,WATCH at 57.5. Main support: usage foundation: 66.7; data quality: 65.7. Main caution: role and availability context: 35.0; missing signal count: 5.,usage foundation: 66.7; data quality: 65.7,"Context V1: defense fit missing/low reliability for some players; game environment missing for some players; weather, route share, first-read share, and coverage are not sourced.",,usage foundation: 66.7,data quality: 65.7,,role and availability context: 35.0,missing signal count: 5,review context: Context V1: defense fit missing/low reliability for some players; game environment missing,1,1,0,5,65.7,DATA_NEEDS_LIVE_CONTEXT,NEEDS DATA,NEEDS DATA,NEEDS DATA,HISTORICAL TEST ONLY,NO-GO
,R.Ali,BAL,,RB,receiving,2,57.45,57.45,WATCH,WATCHLIST,WATCH at 57.5. Main support: usage foundation: 66.7; data quality: 65.7. Main caution: role and availability context: 35.0; missing signal count: 5.,usage foundation: 66.7; data quality: 65.7,"Context V1: defense fit missing/low reliability for some players; game environment missing for some players; weather, route share, first-read share, and coverage are not sourced.",,usage foundation: 66.7,data quality: 65.7,,role and availability context: 35.0,missing signal count: 5,review context: Context V1: defense fit missing/low reliability for some players; game environment missing,1,1,0,5,65.7,DATA_NEEDS_LIVE_CONTEXT,NEEDS DATA,NEEDS DATA,NEEDS DATA,HISTORICAL TEST ONLY,NO-GO
,J.Dotson,PHI,,WR,receiving,1,57.38,57.38,WATCH,WATCHLIST,WATCH at 57.4. Main support: usage foundation: 66.7; data quality: 65.7. Main caution: role and availability context: 35.0; missing signal count: 5.,usage foundation: 66.7; data quality: 65.7,"Context V1: defense fit missing/low reliability for some players; game environment missing for some players; weather, route share, first-read share, and coverage are not sourced.",,usage foundation: 66.7,data quality: 65.7,,role and availability context: 35.0,missing signal count: 5,review context: Context V1: defense fit missing/low reliability for some players; game environment missing,1,1,0,5,65.7,DATA_NEEDS_LIVE_CONTEXT,NEEDS DATA,NEEDS DATA,NEEDS DATA,HISTORICAL TEST ONLY,NO-GO
,I.Smith,HOU,,TE,receiving,1,57.37,57.37,WATCH,WATCHLIST,WATCH at 57.4. Main support: usage foundation: 66.7; data quality: 65.7. Main caution: role and availability context: 35.0; missing signal count: 5.,usage foundation: 66.7; data quality: 65.7,"Context V1: defense fit missing/low reliability for some players; game environment missing for some players; weather, route share, first-read share, and coverage are not sourced.",,usage foundation: 66.7,data quality: 65.7,,role and availability context: 35.0,missing signal count: 5,review context: Context V1: defense fit missing/low reliability for some players; game environment missing,1,1,0,5,65.7,DATA_NEEDS_LIVE_CONTEXT,NEEDS DATA,NEEDS DATA,NEEDS DATA,HISTORICAL TEST ONLY,NO-GO
,T.Fisk,LAC,,TE,receiving,1,57.3,57.3,WATCH,WATCHLIST,WATCH at 57.3. Main support: usage foundation: 66.7; data quality: 65.7. Main caution: role and availability context: 35.0; missing signal count: 5.,usage foundation: 66.7; data quality: 65.7,"Context V1: defense fit missing/low reliability for some players; game environment missing for some players; weather, route share, first-read share, and coverage are not sourced.",,usage foundation: 66.7,data quality: 65.7,,role and availability context: 35.0,missing signal count: 5,review context: Context V1: defense fit missing/low reliability for some players; game environment missing,1,1,0,5,65.7,DATA_NEEDS_LIVE_CONTEXT,NEEDS DATA,NEEDS DATA,NEEDS DATA,HISTORICAL TEST ONLY,NO-GO
,B.Hopkins,LA,,TE,receiving,1,57.24,57.24,WATCH,WATCHLIST,WATCH at 57.2. Main support: usage foundation: 66.7; data quality: 65.7. Main caution: role and availability context: 35.0; missing signal count: 5.,usage foundation: 66.7; data quality: 65.7,"Context V1: defense fit missing/low reliability for some players; game environment missing for some players; weather, route share, first-read share, and coverage are not sourced.",,usage foundation: 66.7,data quality: 65.7,,role and availability context: 35.0,missing signal count: 5,review context: Context V1: defense fit missing/low reliability for some players; game environment missing,1,1,0,5,65.7,DATA_NEEDS_LIVE_CONTEXT,NEEDS DATA,NEEDS DATA,NEEDS DATA,HISTORICAL TEST ONLY,NO-GO
,B.Young,CAR,ATL,QB,rushing,2,57.18,57.18,WATCH,WATCHLIST,WATCH at 57.2. Main support: usage foundation: 66.7; data quality: 65.7. Main caution: role and availability context: 35.0; missing signal count: 5.,usage foundation: 66.7; data quality: 65.7,"Context V1: defense fit missing/low reliability for some players; game environment missing for some players; weather, route share, first-read share, and coverage are not sourced.",,usage foundation: 66.7,data quality: 65.7,,role and availability context: 35.0,missing signal count: 5,review context: Context V1: defense fit missing/low reliability for some players; game environment missing,1,1,0,5,65.7,DATA_NEEDS_LIVE_CONTEXT,NEEDS DATA,NEEDS DATA,NEEDS DATA,HISTORICAL TEST ONLY,NO-GO
,T.Burks,TEN,,WR,receiving,1,57.16,57.16,WATCH,WATCHLIST,WATCH at 57.2. Main support: usage foundation: 66.7; data quality: 65.7. Main caution: role and availability context: 35.0; missing signal count: 5.,usage foundation: 66.7; data quality: 65.7,"Context V1: defense fit missing/low reliability for some players; game environment missing for some players; weather, route share, first-read share, and coverage are not sourced.",,usage foundation: 66.7,data quality: 65.7,,role and availability context: 35.0,missing signal count: 5,review context: Context V1: defense fit missing/low reliability for some players; game environment missing,1,1,0,5,65.7,DATA_NEEDS_LIVE_CONTEXT,NEEDS DATA,NEEDS DATA,NEEDS DATA,HISTORICAL TEST ONLY,NO-GO
,A.Robinson,DET,,WR,receiving,1,57.09,57.09,WATCH,WATCHLIST,WATCH at 57.1. Main support: usage foundation: 66.7; data quality: 65.7. Main caution: role and availability context: 35.0; missing signal count: 5.,usage foundation: 66.7; data quality: 65.7,"Context V1: defense fit missing/low reliability for some players; game environment missing for some players; weather, route share, first-read share, and coverage are not sourced.",,usage foundation: 66.7,data quality: 65.7,,role and availability context: 35.0,missing signal count: 5,review context: Context V1: defense fit missing/low reliability for some players; game environment missing,1,1,0,5,65.7,DATA_NEEDS_LIVE_CONTEXT,NEEDS DATA,NEEDS DATA,NEEDS DATA,HISTORICAL TEST ONLY,NO-GO
,B.Ford-Wheaton,NYG,,WR,receiving,1,57.09,57.09,WATCH,WATCHLIST,WATCH at 57.1. Main support: usage foundation: 66.7; data quality: 65.7. Main caution: role and availability context: 35.0; missing signal count: 5.,usage foundation: 66.7; data quality: 65.7,"Context V1: defense fit missing/low reliability for some players; game environment missing for some players; weather, route share, first-read share, and coverage are not sourced.",,usage foundation: 66.7,data quality: 65.7,,role and availability context: 35.0,missing signal count: 5,review context: Context V1: defense fit missing/low reliability for some players; game environment missing,1,1,0,5,65.7,DATA_NEEDS_LIVE_CONTEXT,NEEDS DATA,NEEDS DATA,NEEDS DATA,HISTORICAL TEST ONLY,NO-GO
,J.Taylor,HOU,,RB,receiving,2,57.09,57.09,WATCH,WATCHLIST,WATCH at 57.1. Main support: usage foundation: 66.7; data quality: 65.7. Main caution: role and availability context: 35.0; missing signal count: 5.,usage foundation: 66.7; data quality: 65.7,"Context V1: defense fit missing/low reliability for some players; game environment missing for some players; weather, route share, first-read share, and coverage are not sourced.",,usage foundation: 66.7,data quality: 65.7,,role and availability context: 35.0,missing signal count: 5,review context: Context V1: defense fit missing/low reliability for some players; game environment missing,1,1,0,5,65.7,DATA_NEEDS_LIVE_CONTEXT,NEEDS DATA,NEEDS DATA,NEEDS DATA,HISTORICAL TEST ONLY,NO-GO
,Cas.Washington,ATL,,WR,receiving,1,57.02,57.02,WATCH,WATCHLIST,WATCH at 57.0. Main support: usage foundation: 66.7; data quality: 65.7. Main caution: role and availability context: 35.0; missing signal count: 5.,usage foundation: 66.7; data quality: 65.7,"Context V1: defense fit missing/low reliability for some players; game environment missing for some players; weather, route share, first-read share, and coverage are not sourced.",,usage foundation: 66.7,data quality: 65.7,,role and availability context: 35.0,missing signal count: 5,review context: Context V1: defense fit missing/low reliability for some players; game environment missing,1,1,0,5,65.7,DATA_NEEDS_LIVE_CONTEXT,NEEDS DATA,NEEDS DATA,NEEDS DATA,HISTORICAL TEST ONLY,NO-GO
,N.Bawden,NYJ,,RB,receiving,2,57.0,57.0,WATCH,WATCHLIST,WATCH at 57.0. Main support: usage foundation: 66.7; data quality: 65.7. Main caution: role and availability context: 35.0; missing signal count: 5.,usage foundation: 66.7; data quality: 65.7,"Context V1: defense fit missing/low reliability for some players; game environment missing for some players; weather, route share, first-read share, and coverage are not sourced.",,usage foundation: 66.7,data quality: 65.7,,role and availability context: 35.0,missing signal count: 5,review context: Context V1: defense fit missing/low reliability for some players; game environment missing,1,1,0,5,65.7,DATA_NEEDS_LIVE_CONTEXT,NEEDS DATA,NEEDS DATA,NEEDS DATA,HISTORICAL TEST ONLY,NO-GO
,C.Kmet,CHI,,TE,receiving,1,56.96,56.96,WATCH,WATCHLIST,WATCH at 57.0. Main support: usage foundation: 66.7; data quality: 65.7. Main caution: role and availability context: 35.0; missing signal count: 5.,usage foundation: 66.7; data quality: 65.7,"Context V1: defense fit missing/low reliability for some players; game environment missing for some players; weather, route share, first-read share, and coverage are not sourced.",,usage foundation: 66.7,data quality: 65.7,,role and availability context: 35.0,missing signal count: 5,review context: Context V1: defense fit missing/low reliability for some players; game environment missing,1,1,0,5,65.7,DATA_NEEDS_LIVE_CONTEXT,NEEDS DATA,NEEDS DATA,NEEDS DATA,HISTORICAL TEST ONLY,NO-GO
,Z.Pascal,ARI,,WR,receiving,1,56.95,56.95,WATCH,WATCHLIST,WATCH at 57.0. Main support: usage foundation: 66.7; data quality: 65.7. Main caution: role and availability context: 35.0; missing signal count: 5.,usage foundation: 66.7; data quality: 65.7,"Context V1: defense fit missing/low reliability for some players; game environment missing for some players; weather, route share, first-read share, and coverage are not sourced.",,usage foundation: 66.7,data quality: 65.7,,role and availability context: 35.0,missing signal count: 5,review context: Context V1: defense fit missing/low reliability for some players; game environment missing,1,1,0,5,65.7,DATA_NEEDS_LIVE_CONTEXT,NEEDS DATA,NEEDS DATA,NEEDS DATA,HISTORICAL TEST ONLY,NO-GO
,D.Walker,BAL,,WR,receiving,1,56.88,56.88,WATCH,WATCHLIST,WATCH at 56.9. Main support: usage foundation: 66.7; data quality: 65.7. Main caution: role and availability context: 35.0; missing signal count: 5.,usage foundation: 66.7; data quality: 65.7,"Context V1: defense fit missing/low reliability for some players; game environment missing for some players; weather, route share, first-read share, and coverage are not sourced.",,usage foundation: 66.7,data quality: 65.7,,role and availability context: 35.0,missing signal count: 5,review context: Context V1: defense fit missing/low reliability for some players; game environment missing,1,1,0,5,65.7,DATA_NEEDS_LIVE_CONTEXT,NEEDS DATA,NEEDS DATA,NEEDS DATA,HISTORICAL TEST ONLY,NO-GO
,T.Huntley,MIA,NYJ,QB,rushing,1,56.84,56.84,WATCH,WATCHLIST,WATCH at 56.8. Main support: usage foundation: 66.7; data quality: 65.7. Main caution: role and availability context: 35.0; missing signal count: 5.,usage foundation: 66.7; data quality: 65.7,"Context V1: defense fit missing/low reliability for some players; game environment missing for some players; weather, route share, first-read share, and coverage are not sourced.",,usage foundation: 66.7,data quality: 65.7,,role and availability context: 35.0,missing signal count: 5,review context: Context V1: defense fit missing/low reliability for some players; game environment missing,1,1,0,5,65.7,DATA_NEEDS_LIVE_CONTEXT,NEEDS DATA,NEEDS DATA,NEEDS DATA,HISTORICAL TEST ONLY,NO-GO
,D.Byrd,ATL,,WR,receiving,1,56.81,56.81,WATCH,WATCHLIST,WATCH at 56.8. Main support: usage foundation: 66.7; data quality: 65.7. Main caution: role and availability context: 35.0; missing signal count: 5.,usage foundation: 66.7; data quality: 65.7,"Context V1: defense fit missing/low reliability for some players; game environment missing for some players; weather, route share, first-read share, and coverage are not sourced.",,usage foundation: 66.7,data quality: 65.7,,role and availability context: 35.0,missing signal count: 5,review context: Context V1: defense fit missing/low reliability for some players; game environment missing,1,1,0,5,65.7,DATA_NEEDS_LIVE_CONTEXT,NEEDS DATA,NEEDS DATA,NEEDS DATA,HISTORICAL TEST ONLY,NO-GO
,E.Higgins,ARI,,TE,receiving,1,56.68,56.68,WATCH,WATCHLIST,WATCH at 56.7. Main support: usage foundation: 66.7; data quality: 65.7. Main caution: role and availability context: 35.0; missing signal count: 5.,usage foundation: 66.7; data quality: 65.7,"Context V1: defense fit missing/low reliability for some players; game environment missing for some players; weather, route share, first-read share, and coverage are not sourced.",,usage foundation: 66.7,data quality: 65.7,,role and availability context: 35.0,missing signal count: 5,review context: Context V1: defense fit missing/low reliability for some players; game environment missing,1,1,0,5,65.7,DATA_NEEDS_LIVE_CONTEXT,NEEDS DATA,NEEDS DATA,NEEDS DATA,HISTORICAL TEST ONLY,NO-GO
,K.Drake,GB,,RB,receiving,2,56.64,56.64,WATCH,WATCHLIST,WATCH at 56.6. Main support: usage foundation: 66.7; data quality: 65.7. Main caution: role and availability context: 35.0; missing signal count: 5.,usage foundation: 66.7; data quality: 65.7,"Context V1: defense fit missing/low reliability for some players; game environment missing for some players; weather, route share, first-read share, and coverage are not sourced.",,usage foundation: 66.7,data quality: 65.7,,role and availability context: 35.0,missing signal count: 5,review context: Context V1: defense fit missing/low reliability for some players; game environment missing,1,1,0,5,65.7,DATA_NEEDS_LIVE_CONTEXT,NEEDS DATA,NEEDS DATA,NEEDS DATA,HISTORICAL TEST ONLY,NO-GO
,M.Bandy,DEN,,WR,receiving,1,56.59,56.59,WATCH,WATCHLIST,WATCH at 56.6. Main support: usage foundation: 66.7; data quality: 65.7. Main caution: role and availability context: 35.0; missing signal count: 5.,usage foundation: 66.7; data quality: 65.7,"Context V1: defense fit missing/low reliability for some players; game environment missing for some players; weather, route share, first-read share, and coverage are not sourced.",,usage foundation: 66.7,data quality: 65.7,,role and availability context: 35.0,missing signal count: 5,review context: Context V1: defense fit missing/low reliability for some players; game environment missing,1,1,0,5,65.7,DATA_NEEDS_LIVE_CONTEXT,NEEDS DATA,NEEDS DATA,NEEDS DATA,HISTORICAL TEST ONLY,NO-GO
,J.Shenker,LV,,TE,receiving,1,56.55,56.55,WATCH,WATCHLIST,WATCH at 56.5. Main support: usage foundation: 66.7; data quality: 65.7. Main caution: role and availability context: 35.0; missing signal count: 5.,usage foundation: 66.7; data quality: 65.7,"Context V1: defense fit missing/low reliability for some players; game environment missing for some players; weather, route share, first-read share, and coverage are not sourced.",,usage foundation: 66.7,data quality: 65.7,,role and availability context: 35.0,missing signal count: 5,review context: Context V1: defense fit missing/low reliability for some players; game environment missing,1,1,0,5,65.7,DATA_NEEDS_LIVE_CONTEXT,NEEDS DATA,NEEDS DATA,NEEDS DATA,HISTORICAL TEST ONLY,NO-GO
,M.Wilcox,CIN,,TE,receiving,1,56.48,56.48,WATCH,WATCHLIST,WATCH at 56.5. Main support: usage foundation: 66.7; data quality: 65.7. Main caution: role and availability context: 35.0; missing signal count: 5.,usage foundation: 66.7; data quality: 65.7,"Context V1: defense fit missing/low reliability for some players; game environment missing for some players; weather, route share, first-read share, and coverage are not sourced.",,usage foundation: 66.7,data quality: 65.7,,role and availability context: 35.0,missing signal count: 5,review context: Context V1: defense fit missing/low reliability for some players; game environment missing,1,1,0,5,65.7,DATA_NEEDS_LIVE_CONTEXT,NEEDS DATA,NEEDS DATA,NEEDS DATA,HISTORICAL TEST ONLY,NO-GO
,T.Chandler,MIN,,RB,receiving,2,56.38,56.38,WATCH,WATCHLIST,WATCH at 56.4. Main support: usage foundation: 66.7; data quality: 65.7. Main caution: role and availability context: 35.0; missing signal count: 5.,usage foundation: 66.7; data quality: 65.7,"Context V1: defense fit missing/low reliability for some players; game environment missing for some players; weather, route share, first-read share, and coverage are not sourced.",,usage foundation: 66.7,data quality: 65.7,,role and availability context: 35.0,missing signal count: 5,review context: Context V1: defense fit missing/low reliability for some players; game environment missing,1,1,0,5,65.7,DATA_NEEDS_LIVE_CONTEXT,NEEDS DATA,NEEDS DATA,NEEDS DATA,HISTORICAL TEST ONLY,NO-GO
,I.Likely,BAL,,TE,receiving,1,56.3,56.3,WATCH,WATCHLIST,WATCH at 56.3. Main support: usage foundation: 66.7; data quality: 65.7. Main caution: role and availability context: 35.0; missing signal count: 5.,usage foundation: 66.7; data quality: 65.7,"Context V1: defense fit missing/low reliability for some players; game environment missing for some players; weather, route share, first-read share, and coverage are not sourced.",,usage foundation: 66.7,data quality: 65.7,,role and availability context: 35.0,missing signal count: 5,review context: Context V1: defense fit missing/low reliability for some players; game environment missing,1,1,0,5,65.7,DATA_NEEDS_LIVE_CONTEXT,NEEDS DATA,NEEDS DATA,NEEDS DATA,HISTORICAL TEST ONLY,NO-GO
,D.Carr,NO,NYG,QB,rushing,2,56.21,56.21,WATCH,WATCHLIST,WATCH at 56.2. Main support: usage foundation: 66.7; data quality: 65.7. Main caution: role and availability context: 35.0; missing signal count: 5.,usage foundation: 66.7; data quality: 65.7,"Context V1: defense fit missing/low reliability for some players; game environment missing for some players; weather, route share, first-read share, and coverage are not sourced.",,usage foundation: 66.7,data quality: 65.7,,role and availability context: 35.0,missing signal count: 5,review context: Context V1: defense fit missing/low reliability for some players; game environment missing,1,1,0,5,65.7,DATA_NEEDS_LIVE_CONTEXT,NEEDS DATA,NEEDS DATA,NEEDS DATA,HISTORICAL TEST ONLY,NO-GO
,P.Durham,TB,,TE,receiving,1,56.21,56.21,WATCH,WATCHLIST,WATCH at 56.2. Main support: usage foundation: 66.7; data quality: 65.7. Main caution: role and availability context: 35.0; missing signal count: 5.,usage foundation: 66.7; data quality: 65.7,"Context V1: defense fit missing/low reliability for some players; game environment missing for some players; weather, route share, first-read share, and coverage are not sourced.",,usage foundation: 66.7,data quality: 65.7,,role and availability context: 35.0,missing signal count: 5,review context: Context V1: defense fit missing/low reliability for some players; game environment missing,1,1,0,5,65.7,DATA_NEEDS_LIVE_CONTEXT,NEEDS DATA,NEEDS DATA,NEEDS DATA,HISTORICAL TEST ONLY,NO-GO
,Ty.Johnson,BUF,,RB,receiving,2,56.2,56.2,WATCH,WATCHLIST,WATCH at 56.2. Main support: usage foundation: 66.7; data quality: 65.7. Main caution: role and availability context: 35.0; missing signal count: 5.,usage foundation: 66.7; data quality: 65.7,"Context V1: defense fit missing/low reliability for some players; game environment missing for some players; weather, route share, first-read share, and coverage are not sourced.",,usage foundation: 66.7,data quality: 65.7,,role and availability context: 35.0,missing signal count: 5,review context: Context V1: defense fit missing/low reliability for some players; game environment missing,1,1,0,5,65.7,DATA_NEEDS_LIVE_CONTEXT,NEEDS DATA,NEEDS DATA,NEEDS DATA,HISTORICAL TEST ONLY,NO-GO
,C.Brooks,GB,,RB,receiving,2,56.18,56.18,WATCH,WATCHLIST,WATCH at 56.2. Main support: usage foundation: 66.7; data quality: 65.7. Main caution: role and availability context: 35.0; missing signal count: 5.,usage foundation: 66.7; data quality: 65.7,"Context V1: defense fit missing/low reliability for some players; game environment missing for some players; weather, route share, first-read share, and coverage are not sourced.",,usage foundation: 66.7,data quality: 65.7,,role and availability context: 35.0,missing signal count: 5,review context: Context V1: defense fit missing/low reliability for some players; game environment missing,1,1,0,5,65.7,DATA_NEEDS_LIVE_CONTEXT,NEEDS DATA,NEEDS DATA,NEEDS DATA,HISTORICAL TEST ONLY,NO-GO
,D.Chark,LAC,,WR,receiving,1,56.16,56.16,WATCH,WATCHLIST,WATCH at 56.2. Main support: usage foundation: 66.7; data quality: 65.7. Main caution: role and availability context: 35.0; missing signal count: 5.,usage foundation: 66.7; data quality: 65.7,"Context V1: defense fit missing/low reliability for some players; game environment missing for some players; weather, route share, first-read share, and coverage are not sourced.",,usage foundation: 66.7,data quality: 65.7,,role and availability context: 35.0,missing signal count: 5,review context: Context V1: defense fit missing/low reliability for some players; game environment missing,1,1,0,5,65.7,DATA_NEEDS_LIVE_CONTEXT,NEEDS DATA,NEEDS DATA,NEEDS DATA,HISTORICAL TEST ONLY,NO-GO
,J.Graham,NO,,TE,receiving,1,56.14,56.14,WATCH,WATCHLIST,WATCH at 56.1. Main support: usage foundation: 66.7; data quality: 65.7. Main caution: role and availability context: 35.0; missing signal count: 5.,usage foundation: 66.7; data quality: 65.7,"Context V1: defense fit missing/low reliability for some players; game environment missing for some players; weather, route share, first-read share, and coverage are not sourced.",,usage foundation: 66.7,data quality: 65.7,,role and availability context: 35.0,missing signal count: 5,review context: Context V1: defense fit missing/low reliability for some players; game environment missing,1,1,0,5,65.7,DATA_NEEDS_LIVE_CONTEXT,NEEDS DATA,NEEDS DATA,NEEDS DATA,HISTORICAL TEST ONLY,NO-GO
,D.Johnson,JAX,,RB,receiving,2,56.02,56.02,WATCH,WATCHLIST,WATCH at 56.0. Main support: usage foundation: 66.7; data quality: 65.7. Main caution: role and availability context: 35.0; missing signal count: 5.,usage foundation: 66.7; data quality: 65.7,"Context V1: defense fit missing/low reliability for some players; game environment missing for some players; weather, route share, first-read share, and coverage are not sourced.",,usage foundation: 66.7,data quality: 65.7,,role and availability context: 35.0,missing signal count: 5,review context: Context V1: defense fit missing/low reliability for some players; game environment missing,1,1,0,5,65.7,DATA_NEEDS_LIVE_CONTEXT,NEEDS DATA,NEEDS DATA,NEEDS DATA,HISTORICAL TEST ONLY,NO-GO
,D.Prescott,DAL,ATL,QB,rushing,2,56.0,56.0,WATCH,WATCHLIST,WATCH at 56.0. Main support: usage foundation: 66.7; data quality: 65.7. Main caution: role and availability context: 35.0; missing signal count: 5.,usage foundation: 66.7; data quality: 65.7,"Context V1: defense fit missing/low reliability for some players; game environment missing for some players; weather, route share, first-read share, and coverage are not sourced.",,usage foundation: 66.7,data quality: 65.7,,role and availability context: 35.0,missing signal count: 5,review context: Context V1: defense fit missing/low reliability for some players; game environment missing,1,1,0,5,65.7,DATA_NEEDS_LIVE_CONTEXT,NEEDS DATA,NEEDS DATA,NEEDS DATA,HISTORICAL TEST ONLY,NO-GO
,R.Bell,SF,,WR,receiving,1,55.94,55.94,WATCH,WATCHLIST,WATCH at 55.9. Main support: usage foundation: 66.7; data quality: 65.7. Main caution: role and availability context: 35.0; missing signal count: 5.,usage foundation: 66.7; data quality: 65.7,"Context V1: defense fit missing/low reliability for some players; game environment missing for some players; weather, route share, first-read share, and coverage are not sourced.",,usage foundation: 66.7,data quality: 65.7,,role and availability context: 35.0,missing signal count: 5,review context: Context V1: defense fit missing/low reliability for some players; game environment missing,1,1,0,5,65.7,DATA_NEEDS_LIVE_CONTEXT,NEEDS DATA,NEEDS DATA,NEEDS DATA,HISTORICAL TEST ONLY,NO-GO
,R.James,KC,,WR,receiving,1,55.73,55.73,WATCH,WATCHLIST,WATCH at 55.7. Main support: usage foundation: 66.7; data quality: 65.7. Main caution: role and availability context: 35.0; missing signal count: 5.,usage foundation: 66.7; data quality: 65.7,"Context V1: defense fit missing/low reliability for some players; game environment missing for some players; weather, route share, first-read share, and coverage are not sourced.",,usage foundation: 66.7,data quality: 65.7,,role and availability context: 35.0,missing signal count: 5,review context: Context V1: defense fit missing/low reliability for some players; game environment missing,1,1,0,5,65.7,DATA_NEEDS_LIVE_CONTEXT,NEEDS DATA,NEEDS DATA,NEEDS DATA,HISTORICAL TEST ONLY,NO-GO
,K.McIntosh,SEA,,RB,receiving,2,55.69,55.69,WATCH,WATCHLIST,WATCH at 55.7. Main support: usage foundation: 66.7; data quality: 65.7. Main caution: role and availability context: 35.0; missing signal count: 5.,usage foundation: 66.7; data quality: 65.7,"Context V1: defense fit missing/low reliability for some players; game environment missing for some players; weather, route share, first-read share, and coverage are not sourced.",,usage foundation: 66.7,data quality: 65.7,,role and availability context: 35.0,missing signal count: 5,review context: Context V1: defense fit missing/low reliability for some players; game environment missing,1,1,0,5,65.7,DATA_NEEDS_LIVE_CONTEXT,NEEDS DATA,NEEDS DATA,NEEDS DATA,HISTORICAL TEST ONLY,NO-GO
,M.Lloyd,GB,,RB,receiving,2,55.66,55.66,WATCH,WATCHLIST,WATCH at 55.7. Main support: usage foundation: 66.7; data quality: 65.7. Main caution: role and availability context: 35.0; missing signal count: 5.,usage foundation: 66.7; data quality: 65.7,"Context V1: defense fit missing/low reliability for some players; game environment missing for some players; weather, route share, first-read share, and coverage are not sourced.",,usage foundation: 66.7,data quality: 65.7,,role and availability context: 35.0,missing signal count: 5,review context: Context V1: defense fit missing/low reliability for some players; game environment missing,1,1,0,5,65.7,DATA_NEEDS_LIVE_CONTEXT,NEEDS DATA,NEEDS DATA,NEEDS DATA,HISTORICAL TEST ONLY,NO-GO
,J.Mundt,MIN,,TE,receiving,1,55.66,55.66,WATCH,WATCHLIST,WATCH at 55.7. Main support: usage foundation: 66.7; data quality: 65.7. Main caution: role and availability context: 35.0; missing signal count: 5.,usage foundation: 66.7; data quality: 65.7,"Context V1: defense fit missing/low reliability for some players; game environment missing for some players; weather, route share, first-read share, and coverage are not sourced.",,usage foundation: 66.7,data quality: 65.7,,role and availability context: 35.0,missing signal count: 5,review context: Context V1: defense fit missing/low reliability for some players; game environment missing,1,1,0,5,65.7,DATA_NEEDS_LIVE_CONTEXT,NEEDS DATA,NEEDS DATA,NEEDS DATA,HISTORICAL TEST ONLY,NO-GO
,N.Agholor,BAL,,WR,receiving,1,55.66,55.66,WATCH,WATCHLIST,WATCH at 55.7. Main support: usage foundation: 66.7; data quality: 65.7. Main caution: role and availability context: 35.0; missing signal count: 5.,usage foundation: 66.7; data quality: 65.7,"Context V1: defense fit missing/low reliability for some players; game environment missing for some players; weather, route share, first-read share, and coverage are not sourced.",,usage foundation: 66.7,data quality: 65.7,,role and availability context: 35.0,missing signal count: 5,review context: Context V1: defense fit missing/low reliability for some players; game environment missing,1,1,0,5,65.7,DATA_NEEDS_LIVE_CONTEXT,NEEDS DATA,NEEDS DATA,NEEDS DATA,HISTORICAL TEST ONLY,NO-GO
,N.Adkins,DEN,,TE,receiving,1,55.59,55.59,WATCH,WATCHLIST,WATCH at 55.6. Main support: usage foundation: 66.7; data quality: 65.7. Main caution: role and availability context: 35.0; missing signal count: 5.,usage foundation: 66.7; data quality: 65.7,"Context V1: defense fit missing/low reliability for some players; game environment missing for some players; weather, route share, first-read share, and coverage are not sourced.",,usage foundation: 66.7,data quality: 65.7,,role and availability context: 35.0,missing signal count: 5,review context: Context V1: defense fit missing/low reliability for some players; game environment missing,1,1,0,5,65.7,DATA_NEEDS_LIVE_CONTEXT,NEEDS DATA,NEEDS DATA,NEEDS DATA,HISTORICAL TEST ONLY,NO-GO
,N.Vannett,TEN,,TE,receiving,1,55.52,55.52,WATCH,WATCHLIST,WATCH at 55.5. Main support: usage foundation: 66.7; data quality: 65.7. Main caution: role and availability context: 35.0; missing signal count: 5.,usage foundation: 66.7; data quality: 65.7,"Context V1: defense fit missing/low reliability for some players; game environment missing for some players; weather, route share, first-read share, and coverage are not sourced.",,usage foundation: 66.7,data quality: 65.7,,role and availability context: 35.0,missing signal count: 5,review context: Context V1: defense fit missing/low reliability for some players; game environment missing,1,1,0,5,65.7,DATA_NEEDS_LIVE_CONTEXT,NEEDS DATA,NEEDS DATA,NEEDS DATA,HISTORICAL TEST ONLY,NO-GO
,T.Montgomery,NE,,WR,receiving,1,55.51,55.51,WATCH,WATCHLIST,WATCH at 55.5. Main support: usage foundation: 66.7; data quality: 65.7. Main caution: role and availability context: 35.0; missing signal count: 5.,usage foundation: 66.7; data quality: 65.7,"Context V1: defense fit missing/low reliability for some players; game environment missing for some players; weather, route share, first-read share, and coverage are not sourced.",,usage foundation: 66.7,data quality: 65.7,,role and availability context: 35.0,missing signal count: 5,review context: Context V1: defense fit missing/low reliability for some players; game environment missing,1,1,0,5,65.7,DATA_NEEDS_LIVE_CONTEXT,NEEDS DATA,NEEDS DATA,NEEDS DATA,HISTORICAL TEST ONLY,NO-GO
,L.Treadwell,BAL,,WR,receiving,1,55.44,55.44,WATCH,WATCHLIST,WATCH at 55.4. Main support: usage foundation: 66.7; data quality: 65.7. Main caution: role and availability context: 35.0; missing signal count: 5.,usage foundation: 66.7; data quality: 65.7,"Context V1: defense fit missing/low reliability for some players; game environment missing for some players; weather, route share, first-read share, and coverage are not sourced.",,usage foundation: 66.7,data quality: 65.7,,role and availability context: 35.0,missing signal count: 5,review context: Context V1: defense fit missing/low reliability for some players; game environment missing,1,1,0,5,65.7,DATA_NEEDS_LIVE_CONTEXT,NEEDS DATA,NEEDS DATA,NEEDS DATA,HISTORICAL TEST ONLY,NO-GO
,P.Campbell,PHI,,WR,receiving,1,55.39,55.39,WATCH,WATCHLIST,WATCH at 55.4. Main support: usage foundation: 66.7; data quality: 65.7. Main caution: role and availability context: 35.0; missing signal count: 5.,usage foundation: 66.7; data quality: 65.7,"Context V1: defense fit missing/low reliability for some players; game environment missing for some players; weather, route share, first-read share, and coverage are not sourced.",,usage foundation: 66.7,data quality: 65.7,,role and availability context: 35.0,missing signal count: 5,review context: Context V1: defense fit missing/low reliability for some players; game environment missing,1,1,0,5,65.7,DATA_NEEDS_LIVE_CONTEXT,NEEDS DATA,NEEDS DATA,NEEDS DATA,HISTORICAL TEST ONLY,NO-GO
,J.Corbin,NYG,,RB,receiving,2,55.37,55.37,WATCH,WATCHLIST,WATCH at 55.4. Main support: usage foundation: 66.7; data quality: 65.7. Main caution: role and availability context: 35.0; missing signal count: 5.,usage foundation: 66.7; data quality: 65.7,"Context V1: defense fit missing/low reliability for some players; game environment missing for some players; weather, route share, first-read share, and coverage are not sourced.",,usage foundation: 66.7,data quality: 65.7,,role and availability context: 35.0,missing signal count: 5,review context: Context V1: defense fit missing/low reliability for some players; game environment missing,1,1,0,5,65.7,DATA_NEEDS_LIVE_CONTEXT,NEEDS DATA,NEEDS DATA,NEEDS DATA,HISTORICAL TEST ONLY,NO-GO
,M.Cunningham,NE,,WR,receiving,1,55.34,55.34,WATCH,WATCHLIST,WATCH at 55.3. Main support: usage foundation: 66.7; data quality: 65.7. Main caution: role and availability context: 35.0; missing signal count: 5.,usage foundation: 66.7; data quality: 65.7,"Context V1: defense fit missing/low reliability for some players; game environment missing for some players; weather, route share, first-read share, and coverage are not sourced.",,usage foundation: 66.7,data quality: 65.7,,role and availability context: 35.0,missing signal count: 5,review context: Context V1: defense fit missing/low reliability for some players; game environment missing,1,1,0,5,65.7,DATA_NEEDS_LIVE_CONTEXT,NEEDS DATA,NEEDS DATA,NEEDS DATA,HISTORICAL TEST ONLY,NO-GO
,M.Slater,NE,,WR,receiving,1,55.34,55.34,WATCH,WATCHLIST,WATCH at 55.3. Main support: usage foundation: 66.7; data quality: 65.7. Main caution: role and availability context: 35.0; missing signal count: 5.,usage foundation: 66.7; data quality: 65.7,"Context V1: defense fit missing/low reliability for some players; game environment missing for some players; weather, route share, first-read share, and coverage are not sourced.",,usage foundation: 66.7,data quality: 65.7,,role and availability context: 35.0,missing signal count: 5,review context: Context V1: defense fit missing/low reliability for some players; game environment missing,1,1,0,5,65.7,DATA_NEEDS_LIVE_CONTEXT,NEEDS DATA,NEEDS DATA,NEEDS DATA,HISTORICAL TEST ONLY,NO-GO
,C.Turner,WAS,,TE,receiving,1,55.32,55.32,WATCH,WATCHLIST,WATCH at 55.3. Main support: usage foundation: 66.7; data quality: 65.7. Main caution: role and availability context: 35.0; missing signal count: 5.,usage foundation: 66.7; data quality: 65.7,"Context V1: defense fit missing/low reliability for some players; game environment missing for some players; weather, route share, first-read share, and coverage are not sourced.",,usage foundation: 66.7,data quality: 65.7,,role and availability context: 35.0,missing signal count: 5,review context: Context V1: defense fit missing/low reliability for some players; game environment missing,1,1,0,5,65.7,DATA_NEEDS_LIVE_CONTEXT,NEEDS DATA,NEEDS DATA,NEEDS DATA,HISTORICAL TEST ONLY,NO-GO
,D.Parham,LAC,,TE,receiving,1,55.18,55.18,WATCH,WATCHLIST,WATCH at 55.2. Main support: usage foundation: 66.7; data quality: 65.7. Main caution: role and availability context: 35.0; missing signal count: 5.,usage foundation: 66.7; data quality: 65.7,"Context V1: defense fit missing/low reliability for some players; game environment missing for some players; weather, route share, first-read share, and coverage are not sourced.",,usage foundation: 66.7,data quality: 65.7,,role and availability context: 35.0,missing signal count: 5,review context: Context V1: defense fit missing/low reliability for some players; game environment missing,1,1,0,5,65.7,DATA_NEEDS_LIVE_CONTEXT,NEEDS DATA,NEEDS DATA,NEEDS DATA,HISTORICAL TEST ONLY,NO-GO
,J.Mitchell,DET,,TE,receiving,1,55.16,55.16,WATCH,WATCHLIST,WATCH at 55.2. Main support: usage foundation: 66.7; data quality: 65.7. Main caution: role and availability context: 35.0; missing signal count: 5.,usage foundation: 66.7; data quality: 65.7,"Context V1: defense fit missing/low reliability for some players; game environment missing for some players; weather, route share, first-read share, and coverage are not sourced.",,usage foundation: 66.7,data quality: 65.7,,role and availability context: 35.0,missing signal count: 5,review context: Context V1: defense fit missing/low reliability for some players; game environment missing,1,1,0,5,65.7,DATA_NEEDS_LIVE_CONTEXT,NEEDS DATA,NEEDS DATA,NEEDS DATA,HISTORICAL TEST ONLY,NO-GO
,T.Goodson,IND,,RB,receiving,2,55.12,55.12,WATCH,WATCHLIST,WATCH at 55.1. Main support: usage foundation: 66.7; data quality: 65.7. Main caution: role and availability context: 35.0; missing signal count: 5.,usage foundation: 66.7; data quality: 65.7,"Context V1: defense fit missing/low reliability for some players; game environment missing for some players; weather, route share, first-read share, and coverage are not sourced.",,usage foundation: 66.7,data quality: 65.7,,role and availability context: 35.0,missing signal count: 5,review context: Context V1: defense fit missing/low reliability for some players; game environment missing,1,1,0,5,65.7,DATA_NEEDS_LIVE_CONTEXT,NEEDS DATA,NEEDS DATA,NEEDS DATA,HISTORICAL TEST ONLY,NO-GO
,D.Holker,NO,,TE,receiving,1,55.05,55.05,WATCH,WATCHLIST,WATCH at 55.0. Main support: usage foundation: 66.7; data quality: 65.7. Main caution: role and availability context: 35.0; missing signal count: 5.,usage foundation: 66.7; data quality: 65.7,"Context V1: defense fit missing/low reliability for some players; game environment missing for some players; weather, route share, first-read share, and coverage are not sourced.",,usage foundation: 66.7,data quality: 65.7,,role and availability context: 35.0,missing signal count: 5,review context: Context V1: defense fit missing/low reliability for some players; game environment missing,1,1,0,5,65.7,DATA_NEEDS_LIVE_CONTEXT,NEEDS DATA,NEEDS DATA,NEEDS DATA,HISTORICAL TEST ONLY,NO-GO
,D.Watson,CLE,CIN,QB,rushing,1,55.04,55.04,WATCH,WATCHLIST,WATCH at 55.0. Main support: usage foundation: 66.7; data quality: 65.7. Main caution: role and availability context: 35.0; missing signal count: 5.,usage foundation: 66.7; data quality: 65.7,"Context V1: defense fit missing/low reliability for some players; game environment missing for some players; weather, route share, first-read share, and coverage are not sourced.",,usage foundation: 66.7,data quality: 65.7,,role and availability context: 35.0,missing signal count: 5,review context: Context V1: defense fit missing/low reliability for some players; game environment missing,1,1,0,5,65.7,DATA_NEEDS_LIVE_CONTEXT,NEEDS DATA,NEEDS DATA,NEEDS DATA,HISTORICAL TEST ONLY,NO-GO
,J.Virgil,BUF,,WR,receiving,1,55.01,55.01,WATCH,WATCHLIST,WATCH at 55.0. Main support: usage foundation: 66.7; data quality: 65.7. Main caution: role and availability context: 35.0; missing signal count: 5.,usage foundation: 66.7; data quality: 65.7,"Context V1: defense fit missing/low reliability for some players; game environment missing for some players; weather, route share, first-read share, and coverage are not sourced.",,usage foundation: 66.7,data quality: 65.7,,role and availability context: 35.0,missing signal count: 5,review context: Context V1: defense fit missing/low reliability for some players; game environment missing,1,1,0,5,65.7,DATA_NEEDS_LIVE_CONTEXT,NEEDS DATA,NEEDS DATA,NEEDS DATA,HISTORICAL TEST ONLY,NO-GO
,I.Smith-Marsette,NYG,,WR,receiving,1,54.94,54.94,WATCH,WATCHLIST,WATCH at 54.9. Main support: usage foundation: 66.7; data quality: 65.7. Main caution: role and availability context: 35.0; missing signal count: 5.,usage foundation: 66.7; data quality: 65.7,"Context V1: defense fit missing/low reliability for some players; game environment missing for some players; weather, route share, first-read share, and coverage are not sourced.",,usage foundation: 66.7,data quality: 65.7,,role and availability context: 35.0,missing signal count: 5,review context: Context V1: defense fit missing/low reliability for some players; game environment missing,1,1,0,5,65.7,DATA_NEEDS_LIVE_CONTEXT,NEEDS DATA,NEEDS DATA,NEEDS DATA,HISTORICAL TEST ONLY,NO-GO
,P.Mahomes,KC,PHI,QB,rushing,2,54.88,54.88,WATCH,WATCHLIST,WATCH at 54.9. Main support: usage foundation: 66.7; data quality: 65.7. Main caution: role and availability context: 35.0; missing signal count: 5.,usage foundation: 66.7; data quality: 65.7,"Context V1: defense fit missing/low reliability for some players; game environment missing for some players; weather, route share, first-read share, and coverage are not sourced.",,usage foundation: 66.7,data quality: 65.7,,role and availability context: 35.0,missing signal count: 5,review context: Context V1: defense fit missing/low reliability for some players; game environment missing,1,1,0,5,65.7,DATA_NEEDS_LIVE_CONTEXT,NEEDS DATA,NEEDS DATA,NEEDS DATA,HISTORICAL TEST ONLY,NO-GO
,A.Dalton,CAR,WAS,QB,rushing,2,54.82,54.82,WATCH,WATCHLIST,WATCH at 54.8. Main support: usage foundation: 66.7; data quality: 65.7. Main caution: role and availability context: 35.0; missing signal count: 5.,usage foundation: 66.7; data quality: 65.7,"Context V1: defense fit missing/low reliability for some players; game environment missing for some players; weather, route share, first-read share, and coverage are not sourced.",,usage foundation: 66.7,data quality: 65.7,,role and availability context: 35.0,missing signal count: 5,review context: Context V1: defense fit missing/low reliability for some players; game environment missing,1,1,0,5,65.7,DATA_NEEDS_LIVE_CONTEXT,NEEDS DATA,NEEDS DATA,NEEDS DATA,HISTORICAL TEST ONLY,NO-GO
,M.Washington,KC,,WR,receiving,1,54.8,54.8,WATCH,WATCHLIST,WATCH at 54.8. Main support: usage foundation: 66.7; data quality: 65.7. Main caution: role and availability context: 35.0; missing signal count: 5.,usage foundation: 66.7; data quality: 65.7,"Context V1: defense fit missing/low reliability for some players; game environment missing for some players; weather, route share, first-read share, and coverage are not sourced.",,usage foundation: 66.7,data quality: 65.7,,role and availability context: 35.0,missing signal count: 5,review context: Context V1: defense fit missing/low reliability for some players; game environment missing,1,1,0,5,65.7,DATA_NEEDS_LIVE_CONTEXT,NEEDS DATA,NEEDS DATA,NEEDS DATA,HISTORICAL TEST ONLY,NO-GO
,T.Tremble,CAR,,TE,receiving,1,54.77,54.77,WATCH,WATCHLIST,WATCH at 54.8. Main support: usage foundation: 66.7; data quality: 65.7. Main caution: role and availability context: 35.0; missing signal count: 5.,usage foundation: 66.7; data quality: 65.7,"Context V1: defense fit missing/low reliability for some players; game environment missing for some players; weather, route share, first-read share, and coverage are not sourced.",,usage foundation: 66.7,data quality: 65.7,,role and availability context: 35.0,missing signal count: 5,review context: Context V1: defense fit missing/low reliability for some players; game environment missing,1,1,0,5,65.7,DATA_NEEDS_LIVE_CONTEXT,NEEDS DATA,NEEDS DATA,NEEDS DATA,HISTORICAL TEST ONLY,NO-GO
,D.Evans,CHI,,RB,receiving,2,54.76,54.76,WATCH,WATCHLIST,WATCH at 54.8. Main support: usage foundation: 66.7; data quality: 65.7. Main caution: role and availability context: 35.0; missing signal count: 5.,usage foundation: 66.7; data quality: 65.7,"Context V1: defense fit missing/low reliability for some players; game environment missing for some players; weather, route share, first-read share, and coverage are not sourced.",,usage foundation: 66.7,data quality: 65.7,,role and availability context: 35.0,missing signal count: 5,review context: Context V1: defense fit missing/low reliability for some players; game environment missing,1,1,0,5,65.7,DATA_NEEDS_LIVE_CONTEXT,NEEDS DATA,NEEDS DATA,NEEDS DATA,HISTORICAL TEST ONLY,NO-GO
,J.Driskel,CLE,CIN,QB,rushing,1,54.71,54.71,WATCH,WATCHLIST,WATCH at 54.7. Main support: usage foundation: 66.7; data quality: 65.7. Main caution: role and availability context: 35.0; missing signal count: 5.,usage foundation: 66.7; data quality: 65.7,"Context V1: defense fit missing/low reliability for some players; game environment missing for some players; weather, route share, first-read share, and coverage are not sourced.",,usage foundation: 66.7,data quality: 65.7,,role and availability context: 35.0,missing signal count: 5,review context: Context V1: defense fit missing/low reliability for some players; game environment missing,1,1,0,5,65.7,DATA_NEEDS_LIVE_CONTEXT,NEEDS DATA,NEEDS DATA,NEEDS DATA,HISTORICAL TEST ONLY,NO-GO
,H.Long,LA,,TE,receiving,1,54.7,54.7,WATCH,WATCHLIST,WATCH at 54.7. Main support: usage foundation: 66.7; data quality: 65.7. Main caution: role and availability context: 35.0; missing signal count: 5.,usage foundation: 66.7; data quality: 65.7,"Context V1: defense fit missing/low reliability for some players; game environment missing for some players; weather, route share, first-read share, and coverage are not sourced.",,usage foundation: 66.7,data quality: 65.7,,role and availability context: 35.0,missing signal count: 5,review context: Context V1: defense fit missing/low reliability for some players; game environment missing,1,1,0,5,65.7,DATA_NEEDS_LIVE_CONTEXT,NEEDS DATA,NEEDS DATA,NEEDS DATA,HISTORICAL TEST ONLY,NO-GO
,T.Conner,MIA,,TE,receiving,1,54.64,54.64,WATCH,WATCHLIST,WATCH at 54.6. Main support: usage foundation: 66.7; data quality: 65.7. Main caution: role and availability context: 35.0; missing signal count: 5.,usage foundation: 66.7; data quality: 65.7,"Context V1: defense fit missing/low reliability for some players; game environment missing for some players; weather, route share, first-read share, and coverage are not sourced.",,usage foundation: 66.7,data quality: 65.7,,role and availability context: 35.0,missing signal count: 5,review context: Context V1: defense fit missing/low reliability for some players; game environment missing,1,1,0,5,65.7,DATA_NEEDS_LIVE_CONTEXT,NEEDS DATA,NEEDS DATA,NEEDS DATA,HISTORICAL TEST ONLY,NO-GO
,J.Kelley,TEN,,RB,receiving,2,54.58,54.58,WATCH,WATCHLIST,WATCH at 54.6. Main support: usage foundation: 66.7; data quality: 65.7. Main caution: role and availability context: 35.0; missing signal count: 5.,usage foundation: 66.7; data quality: 65.7,"Context V1: defense fit missing/low reliability for some players; game environment missing for some players; weather, route share, first-read share, and coverage are not sourced.",,usage foundation: 66.7,data quality: 65.7,,role and availability context: 35.0,missing signal count: 5,review context: Context V1: defense fit missing/low reliability for some players; game environment missing,1,1,0,5,65.7,DATA_NEEDS_LIVE_CONTEXT,NEEDS DATA,NEEDS DATA,NEEDS DATA,HISTORICAL TEST ONLY,NO-GO
,D.Knox,BUF,,TE,receiving,1,54.58,54.58,WATCH,WATCHLIST,WATCH at 54.6. Main support: usage foundation: 66.7; data quality: 65.7. Main caution: role and availability context: 35.0; missing signal count: 5.,usage foundation: 66.7; data quality: 65.7,"Context V1: defense fit missing/low reliability for some players; game environment missing for some players; weather, route share, first-read share, and coverage are not sourced.",,usage foundation: 66.7,data quality: 65.7,,role and availability context: 35.0,missing signal count: 5,review context: Context V1: defense fit missing/low reliability for some players; game environment missing,1,1,0,5,65.7,DATA_NEEDS_LIVE_CONTEXT,NEEDS DATA,NEEDS DATA,NEEDS DATA,HISTORICAL TEST ONLY,NO-GO
,S.Sims,BAL,,WR,receiving,1,54.57,54.57,WATCH,WATCHLIST,WATCH at 54.6. Main support: usage foundation: 66.7; data quality: 65.7. Main caution: role and availability context: 35.0; missing signal count: 5.,usage foundation: 66.7; data quality: 65.7,"Context V1: defense fit missing/low reliability for some players; game environment missing for some players; weather, route share, first-read share, and coverage are not sourced.",,usage foundation: 66.7,data quality: 65.7,,role and availability context: 35.0,missing signal count: 5,review context: Context V1: defense fit missing/low reliability for some players; game environment missing,1,1,0,5,65.7,DATA_NEEDS_LIVE_CONTEXT,NEEDS DATA,NEEDS DATA,NEEDS DATA,HISTORICAL TEST ONLY,NO-GO
,M.Willis,GB,CHI,QB,rushing,1,54.55,54.55,WATCH,WATCHLIST,WATCH at 54.5. Main support: usage foundation: 66.7; data quality: 65.7. Main caution: role and availability context: 35.0; missing signal count: 5.,usage foundation: 66.7; data quality: 65.7,"Context V1: defense fit missing/low reliability for some players; game environment missing for some players; weather, route share, first-read share, and coverage are not sourced.",,usage foundation: 66.7,data quality: 65.7,,role and availability context: 35.0,missing signal count: 5,review context: Context V1: defense fit missing/low reliability for some players; game environment missing,1,1,0,5,65.7,DATA_NEEDS_LIVE_CONTEXT,NEEDS DATA,NEEDS DATA,NEEDS DATA,HISTORICAL TEST ONLY,NO-GO
,T.Thornton,NE,,WR,receiving,1,54.51,54.51,WATCH,WATCHLIST,WATCH at 54.5. Main support: usage foundation: 66.7; data quality: 65.7. Main caution: role and availability context: 35.0; missing signal count: 5.,usage foundation: 66.7; data quality: 65.7,"Context V1: defense fit missing/low reliability for some players; game environment missing for some players; weather, route share, first-read share, and coverage are not sourced.",,usage foundation: 66.7,data quality: 65.7,,role and availability context: 35.0,missing signal count: 5,review context: Context V1: defense fit missing/low reliability for some players; game environment missing,1,1,0,5,65.7,DATA_NEEDS_LIVE_CONTEXT,NEEDS DATA,NEEDS DATA,NEEDS DATA,HISTORICAL TEST ONLY,NO-GO
,L.Krull,DEN,,TE,receiving,1,54.43,54.43,WATCH,WATCHLIST,WATCH at 54.4. Main support: usage foundation: 66.7; data quality: 65.7. Main caution: role and availability context: 35.0; missing signal count: 5.,usage foundation: 66.7; data quality: 65.7,"Context V1: defense fit missing/low reliability for some players; game environment missing for some players; weather, route share, first-read share, and coverage are not sourced.",,usage foundation: 66.7,data quality: 65.7,,role and availability context: 35.0,missing signal count: 5,review context: Context V1: defense fit missing/low reliability for some players; game environment missing,1,1,0,5,65.7,DATA_NEEDS_LIVE_CONTEXT,NEEDS DATA,NEEDS DATA,NEEDS DATA,HISTORICAL TEST ONLY,NO-GO
,C.Reynolds,DET,,RB,receiving,2,54.39,54.39,WATCH,WATCHLIST,WATCH at 54.4. Main support: usage foundation: 66.7; data quality: 65.7. Main caution: role and availability context: 35.0; missing signal count: 5.,usage foundation: 66.7; data quality: 65.7,"Context V1: defense fit missing/low reliability for some players; game environment missing for some players; weather, route share, first-read share, and coverage are not sourced.",,usage foundation: 66.7,data quality: 65.7,,role and availability context: 35.0,missing signal count: 5,review context: Context V1: defense fit missing/low reliability for some players; game environment missing,1,1,0,5,65.7,DATA_NEEDS_LIVE_CONTEXT,NEEDS DATA,NEEDS DATA,NEEDS DATA,HISTORICAL TEST ONLY,NO-GO
,A.Isabella,BUF,,WR,receiving,1,54.37,54.37,WATCH,WATCHLIST,WATCH at 54.4. Main support: usage foundation: 66.7; data quality: 65.7. Main caution: role and availability context: 35.0; missing signal count: 5.,usage foundation: 66.7; data quality: 65.7,"Context V1: defense fit missing/low reliability for some players; game environment missing for some players; weather, route share, first-read share, and coverage are not sourced.",,usage foundation: 66.7,data quality: 65.7,,role and availability context: 35.0,missing signal count: 5,review context: Context V1: defense fit missing/low reliability for some players; game environment missing,1,1,0,5,65.7,DATA_NEEDS_LIVE_CONTEXT,NEEDS DATA,NEEDS DATA,NEEDS DATA,HISTORICAL TEST ONLY,NO-GO
,M.Mayer,LV,,TE,receiving,1,54.36,54.36,WATCH,WATCHLIST,WATCH at 54.4. Main support: usage foundation: 66.7; data quality: 65.7. Main caution: role and availability context: 35.0; missing signal count: 5.,usage foundation: 66.7; data quality: 65.7,"Context V1: defense fit missing/low reliability for some players; game environment missing for some players; weather, route share, first-read share, and coverage are not sourced.",,usage foundation: 66.7,data quality: 65.7,,role and availability context: 35.0,missing signal count: 5,review context: Context V1: defense fit missing/low reliability for some players; game environment missing,1,1,0,5,65.7,DATA_NEEDS_LIVE_CONTEXT,NEEDS DATA,NEEDS DATA,NEEDS DATA,HISTORICAL TEST ONLY,NO-GO
,R.Rivers,LA,,RB,receiving,2,54.22,54.22,WATCH,WATCHLIST,WATCH at 54.2. Main support: usage foundation: 66.7; data quality: 65.7. Main caution: role and availability context: 35.0; missing signal count: 5.,usage foundation: 66.7; data quality: 65.7,"Context V1: defense fit missing/low reliability for some players; game environment missing for some players; weather, route share, first-read share, and coverage are not sourced.",,usage foundation: 66.7,data quality: 65.7,,role and availability context: 35.0,missing signal count: 5,review context: Context V1: defense fit missing/low reliability for some players; game environment missing,1,1,0,5,65.7,DATA_NEEDS_LIVE_CONTEXT,NEEDS DATA,NEEDS DATA,NEEDS DATA,HISTORICAL TEST ONLY,NO-GO
,D.Bellinger,NYG,,TE,receiving,1,54.22,54.22,WATCH,WATCHLIST,WATCH at 54.2. Main support: usage foundation: 66.7; data quality: 65.7. Main caution: role and availability context: 35.0; missing signal count: 5.,usage foundation: 66.7; data quality: 65.7,"Context V1: defense fit missing/low reliability for some players; game environment missing for some players; weather, route share, first-read share, and coverage are not sourced.",,usage foundation: 66.7,data quality: 65.7,,role and availability context: 35.0,missing signal count: 5,review context: Context V1: defense fit missing/low reliability for some players; game environment missing,1,1,0,5,65.7,DATA_NEEDS_LIVE_CONTEXT,NEEDS DATA,NEEDS DATA,NEEDS DATA,HISTORICAL TEST ONLY,NO-GO
,T.Irwin,CIN,,WR,receiving,1,54.15,54.15,WATCH,WATCHLIST,WATCH at 54.1. Main support: usage foundation: 66.7; data quality: 65.7. Main caution: role and availability context: 35.0; missing signal count: 5.,usage foundation: 66.7; data quality: 65.7,"Context V1: defense fit missing/low reliability for some players; game environment missing for some players; weather, route share, first-read share, and coverage are not sourced.",,usage foundation: 66.7,data quality: 65.7,,role and availability context: 35.0,missing signal count: 5,review context: Context V1: defense fit missing/low reliability for some players; game environment missing,1,1,0,5,65.7,DATA_NEEDS_LIVE_CONTEXT,NEEDS DATA,NEEDS DATA,NEEDS DATA,HISTORICAL TEST ONLY,NO-GO
00-0038598,J.Hall,MIN,GB,QB,passing,1,54.1,54.1,WATCH,WATCHLIST,WATCH at 54.1. Main support: recent form: 97.7; data quality: 79.0. Main caution: usage foundation: 33.3; role and availability context: 35.0.,recent form: 97.7; data quality: 79.0,"Context V1: defense fit missing/low reliability for some players; game environment missing for some players; weather, route share, first-read share, and coverage are not sourced.",,recent form: 97.7,data quality: 79.0,opponent defense fit: 61.1,usage foundation: 33.3,role and availability context: 35.0,projection strength: 44.4,1,0,0,3,79.0,DATA_NEEDS_LIVE_CONTEXT,NEEDS DATA,NEEDS DATA,NEEDS DATA,HISTORICAL TEST ONLY,NO-GO
,C.Parkinson,LA,,TE,receiving,1,54.02,54.02,WATCH,WATCHLIST,WATCH at 54.0. Main support: usage foundation: 66.7; data quality: 65.7. Main caution: role and availability context: 35.0; missing signal count: 5.,usage foundation: 66.7; data quality: 65.7,"Context V1: defense fit missing/low reliability for some players; game environment missing for some players; weather, route share, first-read share, and coverage are not sourced.",,usage foundation: 66.7,data quality: 65.7,,role and availability context: 35.0,missing signal count: 5,review context: Context V1: defense fit missing/low reliability for some players; game environment missing,1,1,0,5,65.7,DATA_NEEDS_LIVE_CONTEXT,NEEDS DATA,NEEDS DATA,NEEDS DATA,HISTORICAL TEST ONLY,NO-GO
,A.Trautman,DEN,,TE,receiving,1,54.01,54.01,WATCH,WATCHLIST,WATCH at 54.0. Main support: usage foundation: 66.7; data quality: 65.7. Main caution: role and availability context: 35.0; missing signal count: 5.,usage foundation: 66.7; data quality: 65.7,"Context V1: defense fit missing/low reliability for some players; game environment missing for some players; weather, route share, first-read share, and coverage are not sourced.",,usage foundation: 66.7,data quality: 65.7,,role and availability context: 35.0,missing signal count: 5,review context: Context V1: defense fit missing/low reliability for some players; game environment missing,1,1,0,5,65.7,DATA_NEEDS_LIVE_CONTEXT,NEEDS DATA,NEEDS DATA,NEEDS DATA,HISTORICAL TEST ONLY,NO-GO
,C.Johnson,CHI,,WR,receiving,1,53.88,53.88,WATCH,WATCHLIST,WATCH at 53.9. Main support: usage foundation: 66.7; data quality: 65.7. Main caution: role and availability context: 35.0; missing signal count: 5.,usage foundation: 66.7; data quality: 65.7,"Context V1: defense fit missing/low reliability for some players; game environment missing for some players; weather, route share, first-read share, and coverage are not sourced.",,usage foundation: 66.7,data quality: 65.7,,role and availability context: 35.0,missing signal count: 5,review context: Context V1: defense fit missing/low reliability for some players; game environment missing,1,1,0,5,65.7,DATA_NEEDS_LIVE_CONTEXT,NEEDS DATA,NEEDS DATA,NEEDS DATA,HISTORICAL TEST ONLY,NO-GO
,M.Barkley,JAX,CAR,QB,rushing,1,53.87,53.87,WATCH,WATCHLIST,WATCH at 53.9. Main support: usage foundation: 66.7; data quality: 65.7. Main caution: role and availability context: 35.0; missing signal count: 5.,usage foundation: 66.7; data quality: 65.7,"Context V1: defense fit missing/low reliability for some players; game environment missing for some players; weather, route share, first-read share, and coverage are not sourced.",,usage foundation: 66.7,data quality: 65.7,,role and availability context: 35.0,missing signal count: 5,review context: Context V1: defense fit missing/low reliability for some players; game environment missing,1,1,0,5,65.7,DATA_NEEDS_LIVE_CONTEXT,NEEDS DATA,NEEDS DATA,NEEDS DATA,HISTORICAL TEST ONLY,NO-GO
,D.Wells,TB,,TE,receiving,1,53.81,53.81,WATCH,WATCHLIST,WATCH at 53.8. Main support: usage foundation: 66.7; data quality: 65.7. Main caution: role and availability context: 35.0; missing signal count: 5.,usage foundation: 66.7; data quality: 65.7,"Context V1: defense fit missing/low reliability for some players; game environment missing for some players; weather, route share, first-read share, and coverage are not sourced.",,usage foundation: 66.7,data quality: 65.7,,role and availability context: 35.0,missing signal count: 5,review context: Context V1: defense fit missing/low reliability for some players; game environment missing,1,1,0,5,65.7,DATA_NEEDS_LIVE_CONTEXT,NEEDS DATA,NEEDS DATA,NEEDS DATA,HISTORICAL TEST ONLY,NO-GO
,J.Mingo,DAL,,WR,receiving,1,53.8,53.8,WATCH,WATCHLIST,WATCH at 53.8. Main support: usage foundation: 66.7; data quality: 65.7. Main caution: role and availability context: 35.0; missing signal count: 5.,usage foundation: 66.7; data quality: 65.7,"Context V1: defense fit missing/low reliability for some players; game environment missing for some players; weather, route share, first-read share, and coverage are not sourced.",,usage foundation: 66.7,data quality: 65.7,,role and availability context: 35.0,missing signal count: 5,review context: Context V1: defense fit missing/low reliability for some players; game environment missing,1,1,0,5,65.7,DATA_NEEDS_LIVE_CONTEXT,NEEDS DATA,NEEDS DATA,NEEDS DATA,HISTORICAL TEST ONLY,NO-GO
,I.Davis,NYJ,,RB,receiving,2,53.73,53.73,WATCH,WATCHLIST,WATCH at 53.7. Main support: usage foundation: 66.7; data quality: 65.7. Main caution: role and availability context: 35.0; missing signal count: 5.,usage foundation: 66.7; data quality: 65.7,"Context V1: defense fit missing/low reliability for some players; game environment missing for some players; weather, route share, first-read share, and coverage are not sourced.",,usage foundation: 66.7,data quality: 65.7,,role and availability context: 35.0,missing signal count: 5,review context: Context V1: defense fit missing/low reliability for some players; game environment missing,1,1,0,5,65.7,DATA_NEEDS_LIVE_CONTEXT,NEEDS DATA,NEEDS DATA,NEEDS DATA,HISTORICAL TEST ONLY,NO-GO
,J.Deguara,JAX,,TE,receiving,1,53.68,53.68,WATCH,WATCHLIST,WATCH at 53.7. Main support: usage foundation: 66.7; data quality: 65.7. Main caution: role and availability context: 35.0; missing signal count: 5.,usage foundation: 66.7; data quality: 65.7,"Context V1: defense fit missing/low reliability for some players; game environment missing for some players; weather, route share, first-read share, and coverage are not sourced.",,usage foundation: 66.7,data quality: 65.7,,role and availability context: 35.0,missing signal count: 5,review context: Context V1: defense fit missing/low reliability for some players; game environment missing,1,1,0,5,65.7,DATA_NEEDS_LIVE_CONTEXT,NEEDS DATA,NEEDS DATA,NEEDS DATA,HISTORICAL TEST ONLY,NO-GO
,D.Harty,BAL,,WR,receiving,1,53.65,53.65,WATCH,WATCHLIST,WATCH at 53.6. Main support: usage foundation: 66.7; data quality: 65.7. Main caution: role and availability context: 35.0; missing signal count: 5.,usage foundation: 66.7; data quality: 65.7,"Context V1: defense fit missing/low reliability for some players; game environment missing for some players; weather, route share, first-read share, and coverage are not sourced.",,usage foundation: 66.7,data quality: 65.7,,role and availability context: 35.0,missing signal count: 5,review context: Context V1: defense fit missing/low reliability for some players; game environment missing,1,1,0,5,65.7,DATA_NEEDS_LIVE_CONTEXT,NEEDS DATA,NEEDS DATA,NEEDS DATA,HISTORICAL TEST ONLY,NO-GO
00-0036355,J.Herbert,LAC,HOU,QB,passing,1,53.64,53.64,WATCH,WATCHLIST,WATCH at 53.6. Main support: recent form: 99.9; data quality: 79.0. Main caution: usage foundation: 33.3; role and availability context: 35.0.,recent form: 99.9; data quality: 79.0,"Context V1: defense fit missing/low reliability for some players; game environment missing for some players; weather, route share, first-read share, and coverage are not sourced.",,recent form: 99.9,data quality: 79.0,opponent defense fit: 66.7,usage foundation: 33.3,role and availability context: 35.0,projection strength: 40.7,2,0,0,3,79.0,DATA_NEEDS_LIVE_CONTEXT,NEEDS DATA,NEEDS DATA,NEEDS DATA,HISTORICAL TEST ONLY,NO-GO
,J.Herbert,LAC,HOU,QB,rushing,2,53.63,53.63,WATCH,WATCHLIST,WATCH at 53.6. Main support: usage foundation: 66.7; data quality: 65.7. Main caution: role and availability context: 35.0; missing signal count: 5.,usage foundation: 66.7; data quality: 65.7,"Context V1: defense fit missing/low reliability for some players; game environment missing for some players; weather, route share, first-read share, and coverage are not sourced.",,usage foundation: 66.7,data quality: 65.7,,role and availability context: 35.0,missing signal count: 5,review context: Context V1: defense fit missing/low reliability for some players; game environment missing,1,1,0,5,65.7,DATA_NEEDS_LIVE_CONTEXT,NEEDS DATA,NEEDS DATA,NEEDS DATA,HISTORICAL TEST ONLY,NO-GO
,K.Granson,IND,,TE,receiving,1,53.44,53.44,WATCH,WATCHLIST,WATCH at 53.4. Main support: usage foundation: 66.7; data quality: 65.7. Main caution: role and availability context: 35.0; missing signal count: 5.,usage foundation: 66.7; data quality: 65.7,"Context V1: defense fit missing/low reliability for some players; game environment missing for some players; weather, route share, first-read share, and coverage are not sourced.",,usage foundation: 66.7,data quality: 65.7,,role and availability context: 35.0,missing signal count: 5,review context: Context V1: defense fit missing/low reliability for some players; game environment missing,1,1,0,5,65.7,DATA_NEEDS_LIVE_CONTEXT,NEEDS DATA,NEEDS DATA,NEEDS DATA,HISTORICAL TEST ONLY,NO-GO
,J.McNichols,WAS,,RB,receiving,2,53.41,53.41,WATCH,WATCHLIST,WATCH at 53.4. Main support: usage foundation: 66.7; data quality: 65.7. Main caution: role and availability context: 35.0; missing signal count: 5.,usage foundation: 66.7; data quality: 65.7,"Context V1: defense fit missing/low reliability for some players; game environment missing for some players; weather, route share, first-read share, and coverage are not sourced.",,usage foundation: 66.7,data quality: 65.7,,role and availability context: 35.0,missing signal count: 5,review context: Context V1: defense fit missing/low reliability for some players; game environment missing,1,1,0,5,65.7,DATA_NEEDS_LIVE_CONTEXT,NEEDS DATA,NEEDS DATA,NEEDS DATA,HISTORICAL TEST ONLY,NO-GO
,R.Chosen,MIA,,WR,receiving,1,53.36,53.36,WATCH,WATCHLIST,WATCH at 53.4. Main support: usage foundation: 66.7; data quality: 65.7. Main caution: role and availability context: 35.0; missing signal count: 5.,usage foundation: 66.7; data quality: 65.7,"Context V1: defense fit missing/low reliability for some players; game environment missing for some players; weather, route share, first-read share, and coverage are not sourced.",,usage foundation: 66.7,data quality: 65.7,,role and availability context: 35.0,missing signal count: 5,review context: Context V1: defense fit missing/low reliability for some players; game environment missing,1,1,0,5,65.7,DATA_NEEDS_LIVE_CONTEXT,NEEDS DATA,NEEDS DATA,NEEDS DATA,HISTORICAL TEST ONLY,NO-GO
,B.Wright,DET,,TE,receiving,1,53.34,53.34,WATCH,WATCHLIST,WATCH at 53.3. Main support: usage foundation: 66.7; data quality: 65.7. Main caution: role and availability context: 35.0; missing signal count: 5.,usage foundation: 66.7; data quality: 65.7,"Context V1: defense fit missing/low reliability for some players; game environment missing for some players; weather, route share, first-read share, and coverage are not sourced.",,usage foundation: 66.7,data quality: 65.7,,role and availability context: 35.0,missing signal count: 5,review context: Context V1: defense fit missing/low reliability for some players; game environment missing,1,1,0,5,65.7,DATA_NEEDS_LIVE_CONTEXT,NEEDS DATA,NEEDS DATA,NEEDS DATA,HISTORICAL TEST ONLY,NO-GO
,D.Washington,PIT,,TE,receiving,1,53.29,53.29,WATCH,WATCHLIST,WATCH at 53.3. Main support: usage foundation: 66.7; data quality: 65.7. Main caution: role and availability context: 35.0; missing signal count: 5.,usage foundation: 66.7; data quality: 65.7,"Context V1: defense fit missing/low reliability for some players; game environment missing for some players; weather, route share, first-read share, and coverage are not sourced.",,usage foundation: 66.7,data quality: 65.7,,role and availability context: 35.0,missing signal count: 5,review context: Context V1: defense fit missing/low reliability for some players; game environment missing,1,1,0,5,65.7,DATA_NEEDS_LIVE_CONTEXT,NEEDS DATA,NEEDS DATA,NEEDS DATA,HISTORICAL TEST ONLY,NO-GO
,N.Gray,KC,,TE,receiving,1,53.08,53.08,WATCH,WATCHLIST,WATCH at 53.1. Main support: usage foundation: 66.7; data quality: 65.7. Main caution: role and availability context: 35.0; missing signal count: 5.,usage foundation: 66.7; data quality: 65.7,"Context V1: defense fit missing/low reliability for some players; game environment missing for some players; weather, route share, first-read share, and coverage are not sourced.",,usage foundation: 66.7,data quality: 65.7,,role and availability context: 35.0,missing signal count: 5,review context: Context V1: defense fit missing/low reliability for some players; game environment missing,1,1,0,5,65.7,DATA_NEEDS_LIVE_CONTEXT,NEEDS DATA,NEEDS DATA,NEEDS DATA,HISTORICAL TEST ONLY,NO-GO
,M.Lewis,CHI,,TE,receiving,1,53.06,53.06,WATCH,WATCHLIST,WATCH at 53.1. Main support: usage foundation: 66.7; data quality: 65.7. Main caution: role and availability context: 35.0; missing signal count: 5.,usage foundation: 66.7; data quality: 65.7,"Context V1: defense fit missing/low reliability for some players; game environment missing for some players; weather, route share, first-read share, and coverage are not sourced.",,usage foundation: 66.7,data quality: 65.7,,role and availability context: 35.0,missing signal count: 5,review context: Context V1: defense fit missing/low reliability for some players; game environment missing,1,1,0,5,65.7,DATA_NEEDS_LIVE_CONTEXT,NEEDS DATA,NEEDS DATA,NEEDS DATA,HISTORICAL TEST ONLY,NO-GO
,A.Ogletree,IND,,TE,receiving,1,52.93,52.93,WATCH,WATCHLIST,WATCH at 52.9. Main support: usage foundation: 66.7; data quality: 65.7. Main caution: role and availability context: 35.0; missing signal count: 5.,usage foundation: 66.7; data quality: 65.7,"Context V1: defense fit missing/low reliability for some players; game environment missing for some players; weather, route share, first-read share, and coverage are not sourced.",,usage foundation: 66.7,data quality: 65.7,,role and availability context: 35.0,missing signal count: 5,review context: Context V1: defense fit missing/low reliability for some players; game environment missing,1,1,0,5,65.7,DATA_NEEDS_LIVE_CONTEXT,NEEDS DATA,NEEDS DATA,NEEDS DATA,HISTORICAL TEST ONLY,NO-GO
,C.Steele,KC,,RB,receiving,2,52.92,52.92,WATCH,WATCHLIST,WATCH at 52.9. Main support: usage foundation: 66.7; data quality: 65.7. Main caution: role and availability context: 35.0; missing signal count: 5.,usage foundation: 66.7; data quality: 65.7,"Context V1: defense fit missing/low reliability for some players; game environment missing for some players; weather, route share, first-read share, and coverage are not sourced.",,usage foundation: 66.7,data quality: 65.7,,role and availability context: 35.0,missing signal count: 5,review context: Context V1: defense fit missing/low reliability for some players; game environment missing,1,1,0,5,65.7,DATA_NEEDS_LIVE_CONTEXT,NEEDS DATA,NEEDS DATA,NEEDS DATA,HISTORICAL TEST ONLY,NO-GO
,P.Hendershot,KC,,TE,receiving,1,52.86,52.86,WATCH,WATCHLIST,WATCH at 52.9. Main support: usage foundation: 66.7; data quality: 65.7. Main caution: role and availability context: 35.0; missing signal count: 5.,usage foundation: 66.7; data quality: 65.7,"Context V1: defense fit missing/low reliability for some players; game environment missing for some players; weather, route share, first-read share, and coverage are not sourced.",,usage foundation: 66.7,data quality: 65.7,,role and availability context: 35.0,missing signal count: 5,review context: Context V1: defense fit missing/low reliability for some players; game environment missing,1,1,0,5,65.7,DATA_NEEDS_LIVE_CONTEXT,NEEDS DATA,NEEDS DATA,NEEDS DATA,HISTORICAL TEST ONLY,NO-GO
,J.Ruckert,NYJ,,TE,receiving,1,52.86,52.86,WATCH,WATCHLIST,WATCH at 52.9. Main support: usage foundation: 66.7; data quality: 65.7. Main caution: role and availability context: 35.0; missing signal count: 5.,usage foundation: 66.7; data quality: 65.7,"Context V1: defense fit missing/low reliability for some players; game environment missing for some players; weather, route share, first-read share, and coverage are not sourced.",,usage foundation: 66.7,data quality: 65.7,,role and availability context: 35.0,missing signal count: 5,review context: Context V1: defense fit missing/low reliability for some players; game environment missing,1,1,0,5,65.7,DATA_NEEDS_LIVE_CONTEXT,NEEDS DATA,NEEDS DATA,NEEDS DATA,HISTORICAL TEST ONLY,NO-GO
,C.Stover,HOU,,TE,receiving,1,52.79,52.79,WATCH,WATCHLIST,WATCH at 52.8. Main support: usage foundation: 66.7; data quality: 65.7. Main caution: role and availability context: 35.0; missing signal count: 5.,usage foundation: 66.7; data quality: 65.7,"Context V1: defense fit missing/low reliability for some players; game environment missing for some players; weather, route share, first-read share, and coverage are not sourced.",,usage foundation: 66.7,data quality: 65.7,,role and availability context: 35.0,missing signal count: 5,review context: Context V1: defense fit missing/low reliability for some players; game environment missing,1,1,0,5,65.7,DATA_NEEDS_LIVE_CONTEXT,NEEDS DATA,NEEDS DATA,NEEDS DATA,HISTORICAL TEST ONLY,NO-GO
,L.Woodside,ATL,NO,QB,rushing,1,52.79,52.79,WATCH,WATCHLIST,WATCH at 52.8. Main support: usage foundation: 66.7; data quality: 65.7. Main caution: role and availability context: 35.0; missing signal count: 5.,usage foundation: 66.7; data quality: 65.7,"Context V1: defense fit missing/low reliability for some players; game environment missing for some players; weather, route share, first-read share, and coverage are not sourced.",,usage foundation: 66.7,data quality: 65.7,,role and availability context: 35.0,missing signal count: 5,review context: Context V1: defense fit missing/low reliability for some players; game environment missing,1,1,0,5,65.7,DATA_NEEDS_LIVE_CONTEXT,NEEDS DATA,NEEDS DATA,NEEDS DATA,HISTORICAL TEST ONLY,NO-GO
,E.Stick,LAC,KC,QB,rushing,2,52.75,52.75,WATCH,WATCHLIST,WATCH at 52.8. Main support: usage foundation: 66.7; data quality: 65.7. Main caution: role and availability context: 35.0; missing signal count: 5.,usage foundation: 66.7; data quality: 65.7,"Context V1: defense fit missing/low reliability for some players; game environment missing for some players; weather, route share, first-read share, and coverage are not sourced.",,usage foundation: 66.7,data quality: 65.7,,role and availability context: 35.0,missing signal count: 5,review context: Context V1: defense fit missing/low reliability for some players; game environment missing,1,1,0,5,65.7,DATA_NEEDS_LIVE_CONTEXT,NEEDS DATA,NEEDS DATA,NEEDS DATA,HISTORICAL TEST ONLY,NO-GO
,K.Osborn,WAS,,WR,receiving,1,52.64,52.64,WATCH,WATCHLIST,WATCH at 52.6. Main support: usage foundation: 66.7; data quality: 65.7. Main caution: role and availability context: 35.0; missing signal count: 5.,usage foundation: 66.7; data quality: 65.7,"Context V1: defense fit missing/low reliability for some players; game environment missing for some players; weather, route share, first-read share, and coverage are not sourced.",,usage foundation: 66.7,data quality: 65.7,,role and availability context: 35.0,missing signal count: 5,review context: Context V1: defense fit missing/low reliability for some players; game environment missing,1,1,0,5,65.7,DATA_NEEDS_LIVE_CONTEXT,NEEDS DATA,NEEDS DATA,NEEDS DATA,HISTORICAL TEST ONLY,NO-GO
,J.Hyatt,NYG,,WR,receiving,1,52.58,52.58,WATCH,WATCHLIST,WATCH at 52.6. Main support: usage foundation: 66.7; data quality: 65.7. Main caution: role and availability context: 35.0; missing signal count: 5.,usage foundation: 66.7; data quality: 65.7,"Context V1: defense fit missing/low reliability for some players; game environment missing for some players; weather, route share, first-read share, and coverage are not sourced.",,usage foundation: 66.7,data quality: 65.7,,role and availability context: 35.0,missing signal count: 5,review context: Context V1: defense fit missing/low reliability for some players; game environment missing,1,1,0,5,65.7,DATA_NEEDS_LIVE_CONTEXT,NEEDS DATA,NEEDS DATA,NEEDS DATA,HISTORICAL TEST ONLY,NO-GO
,G.Olszewski,NYG,,WR,receiving,1,52.5,52.5,WATCH,WATCHLIST,WATCH at 52.5. Main support: usage foundation: 66.7; data quality: 65.7. Main caution: role and availability context: 35.0; missing signal count: 5.,usage foundation: 66.7; data quality: 65.7,"Context V1: defense fit missing/low reliability for some players; game environment missing for some players; weather, route share, first-read share, and coverage are not sourced.",,usage foundation: 66.7,data quality: 65.7,,role and availability context: 35.0,missing signal count: 5,review context: Context V1: defense fit missing/low reliability for some players; game environment missing,1,1,0,5,65.7,DATA_NEEDS_LIVE_CONTEXT,NEEDS DATA,NEEDS DATA,NEEDS DATA,HISTORICAL TEST ONLY,NO-GO
,W.Levis,TEN,HOU,QB,rushing,1,52.43,52.43,WATCH,WATCHLIST,WATCH at 52.4. Main support: usage foundation: 66.7; data quality: 65.7. Main caution: role and availability context: 35.0; missing signal count: 5.,usage foundation: 66.7; data quality: 65.7,"Context V1: defense fit missing/low reliability for some players; game environment missing for some players; weather, route share, first-read share, and coverage are not sourced.",,usage foundation: 66.7,data quality: 65.7,,role and availability context: 35.0,missing signal count: 5,review context: Context V1: defense fit missing/low reliability for some players; game environment missing,1,1,0,5,65.7,DATA_NEEDS_LIVE_CONTEXT,NEEDS DATA,NEEDS DATA,NEEDS DATA,HISTORICAL TEST ONLY,NO-GO
,T.Quitoriano,HOU,,TE,receiving,1,52.43,52.43,WATCH,WATCHLIST,WATCH at 52.4. Main support: usage foundation: 66.7; data quality: 65.7. Main caution: role and availability context: 35.0; missing signal count: 5.,usage foundation: 66.7; data quality: 65.7,"Context V1: defense fit missing/low reliability for some players; game environment missing for some players; weather, route share, first-read share, and coverage are not sourced.",,usage foundation: 66.7,data quality: 65.7,,role and availability context: 35.0,missing signal count: 5,review context: Context V1: defense fit missing/low reliability for some players; game environment missing,1,1,0,5,65.7,DATA_NEEDS_LIVE_CONTEXT,NEEDS DATA,NEEDS DATA,NEEDS DATA,HISTORICAL TEST ONLY,NO-GO
,L.Farrell,JAX,,TE,receiving,1,52.38,52.38,WATCH,WATCHLIST,WATCH at 52.4. Main support: usage foundation: 66.7; data quality: 65.7. Main caution: role and availability context: 35.0; missing signal count: 5.,usage foundation: 66.7; data quality: 65.7,"Context V1: defense fit missing/low reliability for some players; game environment missing for some players; weather, route share, first-read share, and coverage are not sourced.",,usage foundation: 66.7,data quality: 65.7,,role and availability context: 35.0,missing signal count: 5,review context: Context V1: defense fit missing/low reliability for some players; game environment missing,1,1,0,5,65.7,DATA_NEEDS_LIVE_CONTEXT,NEEDS DATA,NEEDS DATA,NEEDS DATA,HISTORICAL TEST ONLY,NO-GO
,Co.Heyward,PIT,,TE,receiving,1,52.31,52.31,WATCH,WATCHLIST,WATCH at 52.3. Main support: usage foundation: 66.7; data quality: 65.7. Main caution: role and availability context: 35.0; missing signal count: 5.,usage foundation: 66.7; data quality: 65.7,"Context V1: defense fit missing/low reliability for some players; game environment missing for some players; weather, route share, first-read share, and coverage are not sourced.",,usage foundation: 66.7,data quality: 65.7,,role and availability context: 35.0,missing signal count: 5,review context: Context V1: defense fit missing/low reliability for some players; game environment missing,1,1,0,5,65.7,DATA_NEEDS_LIVE_CONTEXT,NEEDS DATA,NEEDS DATA,NEEDS DATA,HISTORICAL TEST ONLY,NO-GO
,B.Corum,LA,,RB,receiving,2,52.26,52.26,WATCH,WATCHLIST,WATCH at 52.3. Main support: usage foundation: 66.7; data quality: 65.7. Main caution: role and availability context: 35.0; missing signal count: 5.,usage foundation: 66.7; data quality: 65.7,"Context V1: defense fit missing/low reliability for some players; game environment missing for some players; weather, route share, first-read share, and coverage are not sourced.",,usage foundation: 66.7,data quality: 65.7,,role and availability context: 35.0,missing signal count: 5,review context: Context V1: defense fit missing/low reliability for some players; game environment missing,1,1,0,5,65.7,DATA_NEEDS_LIVE_CONTEXT,NEEDS DATA,NEEDS DATA,NEEDS DATA,HISTORICAL TEST ONLY,NO-GO
00-0036212,T.Tagovailoa,MIA,SF,QB,passing,1,52.2,52.2,WATCH,WATCHLIST,WATCH at 52.2. Main support: recent form: 99.9; data quality: 79.0. Main caution: opponent defense fit: 27.8; usage foundation: 33.3.,recent form: 99.9; data quality: 79.0,"Context V1: defense fit missing/low reliability for some players; game environment missing for some players; weather, route share, first-read share, and coverage are not sourced.",,recent form: 99.9,data quality: 79.0,,opponent defense fit: 27.8,usage foundation: 33.3,role and availability context: 35.0,1,1,0,3,79.0,DATA_NEEDS_LIVE_CONTEXT,NEEDS DATA,NEEDS DATA,NEEDS DATA,HISTORICAL TEST ONLY,NO-GO
,J.Brooks,CAR,,RB,receiving,2,52.07,52.07,WATCH,WATCHLIST,WATCH at 52.1. Main support: usage foundation: 66.7; data quality: 65.7. Main caution: role and availability context: 35.0; missing signal count: 5.,usage foundation: 66.7; data quality: 65.7,"Context V1: defense fit missing/low reliability for some players; game environment missing for some players; weather, route share, first-read share, and coverage are not sourced.",,usage foundation: 66.7,data quality: 65.7,,role and availability context: 35.0,missing signal count: 5,review context: Context V1: defense fit missing/low reliability for some players; game environment missing,1,1,0,5,65.7,DATA_NEEDS_LIVE_CONTEXT,NEEDS DATA,NEEDS DATA,NEEDS DATA,HISTORICAL TEST ONLY,NO-GO
,R.Tonyan,CHI,,TE,receiving,1,52.07,52.07,WATCH,WATCHLIST,WATCH at 52.1. Main support: usage foundation: 66.7; data quality: 65.7. Main caution: role and availability context: 35.0; missing signal count: 5.,usage foundation: 66.7; data quality: 65.7,"Context V1: defense fit missing/low reliability for some players; game environment missing for some players; weather, route share, first-read share, and coverage are not sourced.",,usage foundation: 66.7,data quality: 65.7,,role and availability context: 35.0,missing signal count: 5,review context: Context V1: defense fit missing/low reliability for some players; game environment missing,1,1,0,5,65.7,DATA_NEEDS_LIVE_CONTEXT,NEEDS DATA,NEEDS DATA,NEEDS DATA,HISTORICAL TEST ONLY,NO-GO
,Ja.Williams,NO,,RB,receiving,2,51.94,51.94,WATCH,WATCHLIST,WATCH at 51.9. Main support: usage foundation: 66.7; data quality: 65.7. Main caution: role and availability context: 35.0; projection strength: 44.8.,usage foundation: 66.7; data quality: 65.7,"Context V1: defense fit missing/low reliability for some players; game environment missing for some players; weather, route share, first-read share, and coverage are not sourced.",,usage foundation: 66.7,data quality: 65.7,,role and availability context: 35.0,projection strength: 44.8,missing signal count: 5,1,0,0,5,65.7,DATA_NEEDS_LIVE_CONTEXT,NEEDS DATA,NEEDS DATA,NEEDS DATA,HISTORICAL TEST ONLY,NO-GO
,T.Lawrence,JAX,HOU,QB,rushing,2,51.89,51.89,WATCH,WATCHLIST,WATCH at 51.9. Main support: usage foundation: 66.7; data quality: 65.7. Main caution: role and availability context: 35.0; projection strength: 44.7.,usage foundation: 66.7; data quality: 65.7,"Context V1: defense fit missing/low reliability for some players; game environment missing for some players; weather, route share, first-read share, and coverage are not sourced.",,usage foundation: 66.7,data quality: 65.7,,role and availability context: 35.0,projection strength: 44.7,missing signal count: 5,1,0,0,5,65.7,DATA_NEEDS_LIVE_CONTEXT,NEEDS DATA,NEEDS DATA,NEEDS DATA,HISTORICAL TEST ONLY,NO-GO
,D.Allen,PHI,,WR,receiving,1,51.86,51.86,WATCH,WATCHLIST,WATCH at 51.9. Main support: usage foundation: 66.7; data quality: 65.7. Main caution: role and availability context: 35.0; projection strength: 44.6.,usage foundation: 66.7; data quality: 65.7,"Context V1: defense fit missing/low reliability for some players; game environment missing for some players; weather, route share, first-read share, and coverage are not sourced.",,usage foundation: 66.7,data quality: 65.7,,role and availability context: 35.0,projection strength: 44.6,missing signal count: 5,1,0,0,5,65.7,DATA_NEEDS_LIVE_CONTEXT,NEEDS DATA,NEEDS DATA,NEEDS DATA,HISTORICAL TEST ONLY,NO-GO
,D.Kincaid,BUF,,TE,receiving,1,51.79,51.79,WATCH,WATCHLIST,WATCH at 51.8. Main support: usage foundation: 66.7; data quality: 65.7. Main caution: role and availability context: 35.0; projection strength: 44.4.,usage foundation: 66.7; data quality: 65.7,"Context V1: defense fit missing/low reliability for some players; game environment missing for some players; weather, route share, first-read share, and coverage are not sourced.",,usage foundation: 66.7,data quality: 65.7,,role and availability context: 35.0,projection strength: 44.4,missing signal count: 5,1,0,0,5,65.7,DATA_NEEDS_LIVE_CONTEXT,NEEDS DATA,NEEDS DATA,NEEDS DATA,HISTORICAL TEST ONLY,NO-GO
,M.Mariota,WAS,DET,QB,rushing,1,51.77,51.77,WATCH,WATCHLIST,WATCH at 51.8. Main support: usage foundation: 66.7; data quality: 65.7. Main caution: role and availability context: 35.0; projection strength: 44.4.,usage foundation: 66.7; data quality: 65.7,"Context V1: defense fit missing/low reliability for some players; game environment missing for some players; weather, route share, first-read share, and coverage are not sourced.",,usage foundation: 66.7,data quality: 65.7,,role and availability context: 35.0,projection strength: 44.4,missing signal count: 5,1,0,0,5,65.7,DATA_NEEDS_LIVE_CONTEXT,NEEDS DATA,NEEDS DATA,NEEDS DATA,HISTORICAL TEST ONLY,NO-GO
,G.Calcaterra,PHI,,TE,receiving,1,51.71,51.71,WATCH,WATCHLIST,WATCH at 51.7. Main support: usage foundation: 66.7; data quality: 65.7. Main caution: role and availability context: 35.0; projection strength: 44.3.,usage foundation: 66.7; data quality: 65.7,"Context V1: defense fit missing/low reliability for some players; game environment missing for some players; weather, route share, first-read share, and coverage are not sourced.",,usage foundation: 66.7,data quality: 65.7,,role and availability context: 35.0,projection strength: 44.3,missing signal count: 5,1,0,0,5,65.7,DATA_NEEDS_LIVE_CONTEXT,NEEDS DATA,NEEDS DATA,NEEDS DATA,HISTORICAL TEST ONLY,NO-GO
,M.Alie-Cox,IND,,TE,receiving,1,51.64,51.64,WATCH,WATCHLIST,WATCH at 51.6. Main support: usage foundation: 66.7; data quality: 65.7. Main caution: role and availability context: 35.0; projection strength: 44.1.,usage foundation: 66.7; data quality: 65.7,"Context V1: defense fit missing/low reliability for some players; game environment missing for some players; weather, route share, first-read share, and coverage are not sourced.",,usage foundation: 66.7,data quality: 65.7,,role and availability context: 35.0,projection strength: 44.1,missing signal count: 5,1,0,0,5,65.7,DATA_NEEDS_LIVE_CONTEXT,NEEDS DATA,NEEDS DATA,NEEDS DATA,HISTORICAL TEST ONLY,NO-GO
,J.Dobbs,SF,ARI,QB,rushing,2,51.61,51.61,WATCH,WATCHLIST,WATCH at 51.6. Main support: usage foundation: 66.7; data quality: 65.7. Main caution: role and availability context: 35.0; projection strength: 44.0.,usage foundation: 66.7; data quality: 65.7,"Context V1: defense fit missing/low reliability for some players; game environment missing for some players; weather, route share, first-read share, and coverage are not sourced.",,usage foundation: 66.7,data quality: 65.7,,role and availability context: 35.0,projection strength: 44.0,missing signal count: 5,1,0,0,5,65.7,DATA_NEEDS_LIVE_CONTEXT,NEEDS DATA,NEEDS DATA,NEEDS DATA,HISTORICAL TEST ONLY,NO-GO
,T.Wesco,TEN,,TE,receiving,1,51.57,51.57,WATCH,WATCHLIST,WATCH at 51.6. Main support: usage foundation: 66.7; data quality: 65.7. Main caution: role and availability context: 35.0; projection strength: 43.9.,usage foundation: 66.7; data quality: 65.7,"Context V1: defense fit missing/low reliability for some players; game environment missing for some players; weather, route share, first-read share, and coverage are not sourced.",,usage foundation: 66.7,data quality: 65.7,,role and availability context: 35.0,projection strength: 43.9,missing signal count: 5,1,0,0,5,65.7,DATA_NEEDS_LIVE_CONTEXT,NEEDS DATA,NEEDS DATA,NEEDS DATA,HISTORICAL TEST ONLY,NO-GO
00-0038391,S.Clifford,GB,MIN,QB,passing,1,51.35,51.35,WATCH,WATCHLIST,WATCH at 51.4. Main support: recent form: 97.2; opponent defense fit: 88.9. Main caution: projection strength: 29.6; usage foundation: 33.3.,recent form: 97.2; opponent defense fit: 88.9,"Context V1: defense fit missing/low reliability for some players; game environment missing for some players; weather, route share, first-read share, and coverage are not sourced.",,recent form: 97.2,opponent defense fit: 88.9,data quality: 79.0,projection strength: 29.6,usage foundation: 33.3,role and availability context: 35.0,2,0,0,3,79.0,DATA_NEEDS_LIVE_CONTEXT,NEEDS DATA,NEEDS DATA,NEEDS DATA,HISTORICAL TEST ONLY,NO-GO
,J.Wiley,KC,,TE,receiving,1,51.35,51.35,WATCH,WATCHLIST,WATCH at 51.4. Main support: usage foundation: 66.7; data quality: 65.7. Main caution: role and availability context: 35.0; projection strength: 43.4.,usage foundation: 66.7; data quality: 65.7,"Context V1: defense fit missing/low reliability for some players; game environment missing for some players; weather, route share, first-read share, and coverage are not sourced.",,usage foundation: 66.7,data quality: 65.7,,role and availability context: 35.0,projection strength: 43.4,missing signal count: 5,1,0,0,5,65.7,DATA_NEEDS_LIVE_CONTEXT,NEEDS DATA,NEEDS DATA,NEEDS DATA,HISTORICAL TEST ONLY,NO-GO
,B.Gabbert,KC,LAC,QB,rushing,1,51.28,51.28,WATCH,WATCHLIST,WATCH at 51.3. Main support: usage foundation: 66.7; data quality: 65.7. Main caution: role and availability context: 35.0; projection strength: 43.3.,usage foundation: 66.7; data quality: 65.7,"Context V1: defense fit missing/low reliability for some players; game environment missing for some players; weather, route share, first-read share, and coverage are not sourced.",,usage foundation: 66.7,data quality: 65.7,,role and availability context: 35.0,projection strength: 43.3,missing signal count: 5,1,0,0,5,65.7,DATA_NEEDS_LIVE_CONTEXT,NEEDS DATA,NEEDS DATA,NEEDS DATA,HISTORICAL TEST ONLY,NO-GO
,H.Hurst,LAC,,TE,receiving,1,51.28,51.28,WATCH,WATCHLIST,WATCH at 51.3. Main support: usage foundation: 66.7; data quality: 65.7. Main caution: role and availability context: 35.0; projection strength: 43.3.,usage foundation: 66.7; data quality: 65.7,"Context V1: defense fit missing/low reliability for some players; game environment missing for some players; weather, route share, first-read share, and coverage are not sourced.",,usage foundation: 66.7,data quality: 65.7,,role and availability context: 35.0,projection strength: 43.3,missing signal count: 5,1,0,0,5,65.7,DATA_NEEDS_LIVE_CONTEXT,NEEDS DATA,NEEDS DATA,NEEDS DATA,HISTORICAL TEST ONLY,NO-GO
,J.Sanders,CAR,,TE,receiving,1,51.28,51.28,WATCH,WATCHLIST,WATCH at 51.3. Main support: usage foundation: 66.7; data quality: 65.7. Main caution: role and availability context: 35.0; projection strength: 43.3.,usage foundation: 66.7; data quality: 65.7,"Context V1: defense fit missing/low reliability for some players; game environment missing for some players; weather, route share, first-read share, and coverage are not sourced.",,usage foundation: 66.7,data quality: 65.7,,role and availability context: 35.0,projection strength: 43.3,missing signal count: 5,1,0,0,5,65.7,DATA_NEEDS_LIVE_CONTEXT,NEEDS DATA,NEEDS DATA,NEEDS DATA,HISTORICAL TEST ONLY,NO-GO
,L.Schoonmaker,DAL,,TE,receiving,1,51.21,51.21,WATCH,WATCHLIST,WATCH at 51.2. Main support: usage foundation: 66.7; data quality: 65.7. Main caution: role and availability context: 35.0; projection strength: 43.1.,usage foundation: 66.7; data quality: 65.7,"Context V1: defense fit missing/low reliability for some players; game environment missing for some players; weather, route share, first-read share, and coverage are not sourced.",,usage foundation: 66.7,data quality: 65.7,,role and availability context: 35.0,projection strength: 43.1,missing signal count: 5,1,0,0,5,65.7,DATA_NEEDS_LIVE_CONTEXT,NEEDS DATA,NEEDS DATA,NEEDS DATA,HISTORICAL TEST ONLY,NO-GO
00-0031280,D.Carr,NO,NYG,QB,passing,1,51.16,51.16,WATCH,WATCHLIST,WATCH at 51.2. Main support: recent form: 98.6; data quality: 79.0. Main caution: usage foundation: 33.3; role and availability context: 35.0.,recent form: 98.6; data quality: 79.0,"Context V1: defense fit missing/low reliability for some players; game environment missing for some players; weather, route share, first-read share, and coverage are not sourced.",,recent form: 98.6,data quality: 79.0,,usage foundation: 33.3,role and availability context: 35.0,projection strength: 37.0,1,0,0,3,79.0,DATA_NEEDS_LIVE_CONTEXT,NEEDS DATA,NEEDS DATA,NEEDS DATA,HISTORICAL TEST ONLY,NO-GO
,T.DeVito,NYG,BAL,QB,rushing,1,51.12,51.12,WATCH,WATCHLIST,WATCH at 51.1. Main support: usage foundation: 66.7; data quality: 65.7. Main caution: role and availability context: 35.0; projection strength: 42.9.,usage foundation: 66.7; data quality: 65.7,"Context V1: defense fit missing/low reliability for some players; game environment missing for some players; weather, route share, first-read share, and coverage are not sourced.",,usage foundation: 66.7,data quality: 65.7,,role and availability context: 35.0,projection strength: 42.9,missing signal count: 5,1,0,0,5,65.7,DATA_NEEDS_LIVE_CONTEXT,NEEDS DATA,NEEDS DATA,NEEDS DATA,HISTORICAL TEST ONLY,NO-GO
,C.Manhertz,NYG,,TE,receiving,1,51.07,51.07,WATCH,WATCHLIST,WATCH at 51.1. Main support: usage foundation: 66.7; data quality: 65.7. Main caution: role and availability context: 35.0; projection strength: 42.8.,usage foundation: 66.7; data quality: 65.7,"Context V1: defense fit missing/low reliability for some players; game environment missing for some players; weather, route share, first-read share, and coverage are not sourced.",,usage foundation: 66.7,data quality: 65.7,,role and availability context: 35.0,projection strength: 42.8,missing signal count: 5,1,0,0,5,65.7,DATA_NEEDS_LIVE_CONTEXT,NEEDS DATA,NEEDS DATA,NEEDS DATA,HISTORICAL TEST ONLY,NO-GO
,J.Horsted,LV,,TE,receiving,1,51.01,51.01,WATCH,WATCHLIST,WATCH at 51.0. Main support: usage foundation: 66.7; data quality: 65.7. Main caution: role and availability context: 35.0; projection strength: 42.7.,usage foundation: 66.7; data quality: 65.7,"Context V1: defense fit missing/low reliability for some players; game environment missing for some players; weather, route share, first-read share, and coverage are not sourced.",,usage foundation: 66.7,data quality: 65.7,,role and availability context: 35.0,projection strength: 42.7,missing signal count: 5,1,0,0,5,65.7,DATA_NEEDS_LIVE_CONTEXT,NEEDS DATA,NEEDS DATA,NEEDS DATA,HISTORICAL TEST ONLY,NO-GO
,C.Beathard,JAX,CAR,QB,rushing,1,51.0,51.0,WATCH,WATCHLIST,WATCH at 51.0. Main support: usage foundation: 66.7; data quality: 65.7. Main caution: role and availability context: 35.0; projection strength: 42.6.,usage foundation: 66.7; data quality: 65.7,"Context V1: defense fit missing/low reliability for some players; game environment missing for some players; weather, route share, first-read share, and coverage are not sourced.",,usage foundation: 66.7,data quality: 65.7,,role and availability context: 35.0,projection strength: 42.6,missing signal count: 5,1,0,0,5,65.7,DATA_NEEDS_LIVE_CONTEXT,NEEDS DATA,NEEDS DATA,NEEDS DATA,HISTORICAL TEST ONLY,NO-GO
,D.Thompson-Robinson,CLE,BAL,QB,rushing,1,50.96,50.96,WATCH,WATCHLIST,WATCH at 51.0. Main support: usage foundation: 66.7; data quality: 65.7. Main caution: role and availability context: 35.0; projection strength: 42.5.,usage foundation: 66.7; data quality: 65.7,"Context V1: defense fit missing/low reliability for some players; game environment missing for some players; weather, route share, first-read share, and coverage are not sourced.",,usage foundation: 66.7,data quality: 65.7,,role and availability context: 35.0,projection strength: 42.5,missing signal count: 5,1,0,0,5,65.7,DATA_NEEDS_LIVE_CONTEXT,NEEDS DATA,NEEDS DATA,NEEDS DATA,HISTORICAL TEST ONLY,NO-GO
,J.Mims,NO,,RB,receiving,2,50.94,50.94,WATCH,WATCHLIST,WATCH at 50.9. Main support: usage foundation: 66.7; data quality: 65.7. Main caution: role and availability context: 35.0; projection strength: 42.5.,usage foundation: 66.7; data quality: 65.7,"Context V1: defense fit missing/low reliability for some players; game environment missing for some players; weather, route share, first-read share, and coverage are not sourced.",,usage foundation: 66.7,data quality: 65.7,,role and availability context: 35.0,projection strength: 42.5,missing signal count: 5,1,0,0,5,65.7,DATA_NEEDS_LIVE_CONTEXT,NEEDS DATA,NEEDS DATA,NEEDS DATA,HISTORICAL TEST ONLY,NO-GO
,T.Lance,DAL,WAS,QB,rushing,1,50.82,50.82,WATCH,WATCHLIST,WATCH at 50.8. Main support: usage foundation: 66.7; data quality: 65.7. Main caution: role and availability context: 35.0; projection strength: 42.2.,usage foundation: 66.7; data quality: 65.7,"Context V1: defense fit missing/low reliability for some players; game environment missing for some players; weather, route share, first-read share, and coverage are not sourced.",,usage foundation: 66.7,data quality: 65.7,,role and availability context: 35.0,projection strength: 42.2,missing signal count: 5,1,0,0,5,65.7,DATA_NEEDS_LIVE_CONTEXT,NEEDS DATA,NEEDS DATA,NEEDS DATA,HISTORICAL TEST ONLY,NO-GO
,B.Whiteheart,CLE,,TE,receiving,1,50.81,50.81,WATCH,WATCHLIST,WATCH at 50.8. Main support: usage foundation: 66.7; data quality: 65.7. Main caution: role and availability context: 35.0; projection strength: 42.2.,usage foundation: 66.7; data quality: 65.7,"Context V1: defense fit missing/low reliability for some players; game environment missing for some players; weather, route share, first-read share, and coverage are not sourced.",,usage foundation: 66.7,data quality: 65.7,,role and availability context: 35.0,projection strength: 42.2,missing signal count: 5,1,0,0,5,65.7,DATA_NEEDS_LIVE_CONTEXT,NEEDS DATA,NEEDS DATA,NEEDS DATA,HISTORICAL TEST ONLY,NO-GO
,M.Jones,JAX,IND,QB,rushing,2,50.64,50.64,WATCH,WATCHLIST,WATCH at 50.6. Main support: usage foundation: 66.7; data quality: 65.7. Main caution: role and availability context: 35.0; projection strength: 41.8.,usage foundation: 66.7; data quality: 65.7,"Context V1: defense fit missing/low reliability for some players; game environment missing for some players; weather, route share, first-read share, and coverage are not sourced.",,usage foundation: 66.7,data quality: 65.7,,role and availability context: 35.0,projection strength: 41.8,missing signal count: 5,1,0,0,5,65.7,DATA_NEEDS_LIVE_CONTEXT,NEEDS DATA,NEEDS DATA,NEEDS DATA,HISTORICAL TEST ONLY,NO-GO
,M.Pruitt,PIT,,TE,receiving,1,50.53,50.53,WATCH,WATCHLIST,WATCH at 50.5. Main support: usage foundation: 66.7; data quality: 65.7. Main caution: role and availability context: 35.0; projection strength: 41.6.,usage foundation: 66.7; data quality: 65.7,"Context V1: defense fit missing/low reliability for some players; game environment missing for some players; weather, route share, first-read share, and coverage are not sourced.",,usage foundation: 66.7,data quality: 65.7,,role and availability context: 35.0,projection strength: 41.6,missing signal count: 5,1,0,0,5,65.7,DATA_NEEDS_LIVE_CONTEXT,NEEDS DATA,NEEDS DATA,NEEDS DATA,HISTORICAL TEST ONLY,NO-GO
,J.Bates,WAS,,TE,receiving,1,50.5,50.5,WATCH,WATCHLIST,WATCH at 50.5. Main support: usage foundation: 66.7; data quality: 65.7. Main caution: role and availability context: 35.0; projection strength: 41.5.,usage foundation: 66.7; data quality: 65.7,"Context V1: defense fit missing/low reliability for some players; game environment missing for some players; weather, route share, first-read share, and coverage are not sourced.",,usage foundation: 66.7,data quality: 65.7,,role and availability context: 35.0,projection strength: 41.5,missing signal count: 5,1,0,0,5,65.7,DATA_NEEDS_LIVE_CONTEXT,NEEDS DATA,NEEDS DATA,NEEDS DATA,HISTORICAL TEST ONLY,NO-GO
,J.FitzPatrick,GB,,TE,receiving,1,50.47,50.47,WATCH,WATCHLIST,WATCH at 50.5. Main support: usage foundation: 66.7; data quality: 65.7. Main caution: role and availability context: 35.0; projection strength: 41.4.,usage foundation: 66.7; data quality: 65.7,"Context V1: defense fit missing/low reliability for some players; game environment missing for some players; weather, route share, first-read share, and coverage are not sourced.",,usage foundation: 66.7,data quality: 65.7,,role and availability context: 35.0,projection strength: 41.4,missing signal count: 5,1,0,0,5,65.7,DATA_NEEDS_LIVE_CONTEXT,NEEDS DATA,NEEDS DATA,NEEDS DATA,HISTORICAL TEST ONLY,NO-GO
,B.Sims,GB,,TE,receiving,1,50.42,50.42,WATCH,WATCHLIST,WATCH at 50.4. Main support: usage foundation: 66.7; data quality: 65.7. Main caution: role and availability context: 35.0; projection strength: 41.3.,usage foundation: 66.7; data quality: 65.7,"Context V1: defense fit missing/low reliability for some players; game environment missing for some players; weather, route share, first-read share, and coverage are not sourced.",,usage foundation: 66.7,data quality: 65.7,,role and availability context: 35.0,projection strength: 41.3,missing signal count: 5,1,0,0,5,65.7,DATA_NEEDS_LIVE_CONTEXT,NEEDS DATA,NEEDS DATA,NEEDS DATA,HISTORICAL TEST ONLY,NO-GO
,C.Kolar,BAL,,TE,receiving,1,50.21,50.21,WATCH,WATCHLIST,WATCH at 50.2. Main support: usage foundation: 66.7; data quality: 65.7. Main caution: role and availability context: 35.0; projection strength: 40.8.,usage foundation: 66.7; data quality: 65.7,"Context V1: defense fit missing/low reliability for some players; game environment missing for some players; weather, route share, first-read share, and coverage are not sourced.",,usage foundation: 66.7,data quality: 65.7,,role and availability context: 35.0,projection strength: 40.8,missing signal count: 5,1,0,0,5,65.7,DATA_NEEDS_LIVE_CONTEXT,NEEDS DATA,NEEDS DATA,NEEDS DATA,HISTORICAL TEST ONLY,NO-GO
,J.Chestnut,TEN,,RB,receiving,2,50.1,50.1,WATCH,WATCHLIST,WATCH at 50.1. Main support: usage foundation: 66.7; data quality: 65.7. Main caution: role and availability context: 35.0; projection strength: 40.6.,usage foundation: 66.7; data quality: 65.7,"Context V1: defense fit missing/low reliability for some players; game environment missing for some players; weather, route share, first-read share, and coverage are not sourced.",,usage foundation: 66.7,data quality: 65.7,,role and availability context: 35.0,projection strength: 40.6,missing signal count: 5,1,0,0,5,65.7,DATA_NEEDS_LIVE_CONTEXT,NEEDS DATA,NEEDS DATA,NEEDS DATA,HISTORICAL TEST ONLY,NO-GO
,J.Hall,MIN,GB,QB,rushing,2,50.09,50.09,WATCH,WATCHLIST,WATCH at 50.1. Main support: usage foundation: 66.7; data quality: 65.7. Main caution: role and availability context: 35.0; projection strength: 40.5.,usage foundation: 66.7; data quality: 65.7,"Context V1: defense fit missing/low reliability for some players; game environment missing for some players; weather, route share, first-read share, and coverage are not sourced.",,usage foundation: 66.7,data quality: 65.7,,role and availability context: 35.0,projection strength: 40.5,missing signal count: 5,1,0,0,5,65.7,DATA_NEEDS_LIVE_CONTEXT,NEEDS DATA,NEEDS DATA,NEEDS DATA,HISTORICAL TEST ONLY,NO-GO
,D.Lock,NYG,PHI,QB,rushing,1,49.98,49.98,WATCH,WATCHLIST,WATCH at 50.0. Main support: usage foundation: 66.7; data quality: 65.7. Main caution: role and availability context: 35.0; projection strength: 40.3.,usage foundation: 66.7; data quality: 65.7,"Context V1: defense fit missing/low reliability for some players; game environment missing for some players; weather, route share, first-read share, and coverage are not sourced.",,usage foundation: 66.7,data quality: 65.7,,role and availability context: 35.0,projection strength: 40.3,missing signal count: 5,1,0,0,5,65.7,DATA_NEEDS_LIVE_CONTEXT,NEEDS DATA,NEEDS DATA,NEEDS DATA,HISTORICAL TEST ONLY,NO-GO
00-0033077,D.Prescott,DAL,ATL,QB,passing,1,49.87,49.87,WATCH,WATCHLIST,WATCH at 49.9. Main support: recent form: 98.2; opponent defense fit: 87.0. Main caution: projection strength: 25.9; usage foundation: 33.3.,recent form: 98.2; opponent defense fit: 87.0,"Context V1: defense fit missing/low reliability for some players; game environment missing for some players; weather, route share, first-read share, and coverage are not sourced.",,recent form: 98.2,opponent defense fit: 87.0,data quality: 79.0,projection strength: 25.9,usage foundation: 33.3,role and availability context: 35.0,2,0,0,3,79.0,DATA_NEEDS_LIVE_CONTEXT,NEEDS DATA,NEEDS DATA,NEEDS DATA,HISTORICAL TEST ONLY,NO-GO
,P.Brown,SEA,,TE,receiving,1,49.85,49.85,WATCH,WATCHLIST,WATCH at 49.9. Main support: usage foundation: 66.7; data quality: 65.7. Main caution: role and availability context: 35.0; projection strength: 40.0.,usage foundation: 66.7; data quality: 65.7,"Context V1: defense fit missing/low reliability for some players; game environment missing for some players; weather, route share, first-read share, and coverage are not sourced.",,usage foundation: 66.7,data quality: 65.7,,role and availability context: 35.0,projection strength: 40.0,missing signal count: 5,1,0,0,5,65.7,DATA_NEEDS_LIVE_CONTEXT,NEEDS DATA,NEEDS DATA,NEEDS DATA,HISTORICAL TEST ONLY,NO-GO
,J.Thrash,CLE,,WR,receiving,1,49.58,49.58,WATCH,WATCHLIST,WATCH at 49.6. Main support: usage foundation: 66.7; data quality: 65.7. Main caution: role and availability context: 35.0; projection strength: 39.4.,usage foundation: 66.7; data quality: 65.7,"Context V1: defense fit missing/low reliability for some players; game environment missing for some players; weather, route share, first-read share, and coverage are not sourced.",,usage foundation: 66.7,data quality: 65.7,,role and availability context: 35.0,projection strength: 39.4,missing signal count: 5,1,0,0,5,65.7,DATA_NEEDS_LIVE_CONTEXT,NEEDS DATA,NEEDS DATA,NEEDS DATA,HISTORICAL TEST ONLY,NO-GO
00-0039163,C.Stroud,HOU,KC,QB,passing,1,49.55,49.55,WATCH,WATCHLIST,WATCH at 49.5. Main support: recent form: 98.8; opponent defense fit: 96.3. Main caution: projection strength: 22.2; usage foundation: 33.3.,recent form: 98.8; opponent defense fit: 96.3,"Context V1: defense fit missing/low reliability for some players; game environment missing for some players; weather, route share, first-read share, and coverage are not sourced.",,recent form: 98.8,opponent defense fit: 96.3,data quality: 79.0,projection strength: 22.2,usage foundation: 33.3,role and availability context: 35.0,2,0,0,3,79.0,DATA_NEEDS_LIVE_CONTEXT,NEEDS DATA,NEEDS DATA,NEEDS DATA,HISTORICAL TEST ONLY,NO-GO
,J.Jefferson,DET,,RB,receiving,2,49.49,49.49,WATCH,WATCHLIST,WATCH at 49.5. Main support: usage foundation: 66.7; data quality: 65.7. Main caution: role and availability context: 35.0; projection strength: 39.2.,usage foundation: 66.7; data quality: 65.7,"Context V1: defense fit missing/low reliability for some players; game environment missing for some players; weather, route share, first-read share, and coverage are not sourced.",,usage foundation: 66.7,data quality: 65.7,,role and availability context: 35.0,projection strength: 39.2,missing signal count: 5,1,0,0,5,65.7,DATA_NEEDS_LIVE_CONTEXT,NEEDS DATA,NEEDS DATA,NEEDS DATA,HISTORICAL TEST ONLY,NO-GO
,Z.Wilson,NYJ,MIA,QB,rushing,1,49.33,49.33,WATCH,WATCHLIST,WATCH at 49.3. Main support: usage foundation: 66.7; data quality: 65.7. Main caution: role and availability context: 35.0; projection strength: 38.8.,usage foundation: 66.7; data quality: 65.7,"Context V1: defense fit missing/low reliability for some players; game environment missing for some players; weather, route share, first-read share, and coverage are not sourced.",,usage foundation: 66.7,data quality: 65.7,,role and availability context: 35.0,projection strength: 38.8,missing signal count: 5,1,0,0,5,65.7,DATA_NEEDS_LIVE_CONTEXT,NEEDS DATA,NEEDS DATA,NEEDS DATA,HISTORICAL TEST ONLY,NO-GO
,B.Jordan,HOU,,TE,receiving,1,49.3,49.3,WATCH,WATCHLIST,WATCH at 49.3. Main support: usage foundation: 66.7; data quality: 65.7. Main caution: role and availability context: 35.0; projection strength: 38.8.,usage foundation: 66.7; data quality: 65.7,"Context V1: defense fit missing/low reliability for some players; game environment missing for some players; weather, route share, first-read share, and coverage are not sourced.",,usage foundation: 66.7,data quality: 65.7,,role and availability context: 35.0,projection strength: 38.8,missing signal count: 5,1,0,0,5,65.7,DATA_NEEDS_LIVE_CONTEXT,NEEDS DATA,NEEDS DATA,NEEDS DATA,HISTORICAL TEST ONLY,NO-GO
,H.Haskins,LAC,,RB,receiving,2,49.28,49.28,WATCH,WATCHLIST,WATCH at 49.3. Main support: usage foundation: 66.7; data quality: 65.7. Main caution: role and availability context: 35.0; projection strength: 38.7.,usage foundation: 66.7; data quality: 65.7,"Context V1: defense fit missing/low reliability for some players; game environment missing for some players; weather, route share, first-read share, and coverage are not sourced.",,usage foundation: 66.7,data quality: 65.7,,role and availability context: 35.0,projection strength: 38.7,missing signal count: 5,1,0,0,5,65.7,DATA_NEEDS_LIVE_CONTEXT,NEEDS DATA,NEEDS DATA,NEEDS DATA,HISTORICAL TEST ONLY,NO-GO
,K.Yeboah,NYJ,,TE,receiving,1,49.2,49.2,WATCH,WATCHLIST,WATCH at 49.2. Main support: usage foundation: 66.7; data quality: 65.7. Main caution: role and availability context: 35.0; projection strength: 38.5.,usage foundation: 66.7; data quality: 65.7,"Context V1: defense fit missing/low reliability for some players; game environment missing for some players; weather, route share, first-read share, and coverage are not sourced.",,usage foundation: 66.7,data quality: 65.7,,role and availability context: 35.0,projection strength: 38.5,missing signal count: 5,1,0,0,5,65.7,DATA_NEEDS_LIVE_CONTEXT,NEEDS DATA,NEEDS DATA,NEEDS DATA,HISTORICAL TEST ONLY,NO-GO
,W.Shipley,PHI,,RB,receiving,2,49.2,49.2,WATCH,WATCHLIST,WATCH at 49.2. Main support: usage foundation: 66.7; data quality: 65.7. Main caution: role and availability context: 35.0; projection strength: 38.5.,usage foundation: 66.7; data quality: 65.7,"Context V1: defense fit missing/low reliability for some players; game environment missing for some players; weather, route share, first-read share, and coverage are not sourced.",,usage foundation: 66.7,data quality: 65.7,,role and availability context: 35.0,projection strength: 38.5,missing signal count: 5,1,0,0,5,65.7,DATA_NEEDS_LIVE_CONTEXT,NEEDS DATA,NEEDS DATA,NEEDS DATA,HISTORICAL TEST ONLY,NO-GO
,C.Patterson,PIT,,RB,receiving,2,49.16,49.16,WATCH,WATCHLIST,WATCH at 49.2. Main support: usage foundation: 66.7; data quality: 65.7. Main caution: role and availability context: 35.0; projection strength: 38.4.,usage foundation: 66.7; data quality: 65.7,"Context V1: defense fit missing/low reliability for some players; game environment missing for some players; weather, route share, first-read share, and coverage are not sourced.",,usage foundation: 66.7,data quality: 65.7,,role and availability context: 35.0,projection strength: 38.4,missing signal count: 5,1,0,0,5,65.7,DATA_NEEDS_LIVE_CONTEXT,NEEDS DATA,NEEDS DATA,NEEDS DATA,HISTORICAL TEST ONLY,NO-GO
,L.Cager,NYG,,TE,receiving,1,49.13,49.13,WATCH,WATCHLIST,WATCH at 49.1. Main support: usage foundation: 66.7; data quality: 65.7. Main caution: role and availability context: 35.0; projection strength: 38.4.,usage foundation: 66.7; data quality: 65.7,"Context V1: defense fit missing/low reliability for some players; game environment missing for some players; weather, route share, first-read share, and coverage are not sourced.",,usage foundation: 66.7,data quality: 65.7,,role and availability context: 35.0,projection strength: 38.4,missing signal count: 5,1,0,0,5,65.7,DATA_NEEDS_LIVE_CONTEXT,NEEDS DATA,NEEDS DATA,NEEDS DATA,HISTORICAL TEST ONLY,NO-GO
,R.Keyton,LV,,WR,receiving,1,49.03,49.03,WATCH,WATCHLIST,WATCH at 49.0. Main support: usage foundation: 66.7; data quality: 65.7. Main caution: role and availability context: 35.0; projection strength: 38.1.,usage foundation: 66.7; data quality: 65.7,"Context V1: defense fit missing/low reliability for some players; game environment missing for some players; weather, route share, first-read share, and coverage are not sourced.",,usage foundation: 66.7,data quality: 65.7,,role and availability context: 35.0,projection strength: 38.1,missing signal count: 5,1,0,0,5,65.7,DATA_NEEDS_LIVE_CONTEXT,NEEDS DATA,NEEDS DATA,NEEDS DATA,HISTORICAL TEST ONLY,NO-GO
,R.Williams,PIT,,TE,receiving,1,48.92,48.92,WATCH,WATCHLIST,WATCH at 48.9. Main support: usage foundation: 66.7; data quality: 65.7. Main caution: role and availability context: 35.0; projection strength: 37.9.,usage foundation: 66.7; data quality: 65.7,"Context V1: defense fit missing/low reliability for some players; game environment missing for some players; weather, route share, first-read share, and coverage are not sourced.",,usage foundation: 66.7,data quality: 65.7,,role and availability context: 35.0,projection strength: 37.9,missing signal count: 5,1,0,0,5,65.7,DATA_NEEDS_LIVE_CONTEXT,NEEDS DATA,NEEDS DATA,NEEDS DATA,HISTORICAL TEST ONLY,NO-GO
00-0036264,J.Love,GB,PHI,QB,passing,1,48.87,48.87,WATCH,WATCHLIST,WATCH at 48.9. Main support: recent form: 97.2; data quality: 79.0. Main caution: projection strength: 33.3; usage foundation: 33.3.,recent form: 97.2; data quality: 79.0,"Context V1: defense fit missing/low reliability for some players; game environment missing for some players; weather, route share, first-read share, and coverage are not sourced.",,recent form: 97.2,data quality: 79.0,,projection strength: 33.3,usage foundation: 33.3,role and availability context: 35.0,1,0,0,3,79.0,DATA_NEEDS_LIVE_CONTEXT,NEEDS DATA,NEEDS DATA,NEEDS DATA,HISTORICAL TEST ONLY,NO-GO
,M.Rudolph,TEN,HOU,QB,rushing,1,48.84,48.84,WATCH,WATCHLIST,WATCH at 48.8. Main support: usage foundation: 66.7; data quality: 65.7. Main caution: role and availability context: 35.0; projection strength: 37.7.,usage foundation: 66.7; data quality: 65.7,"Context V1: defense fit missing/low reliability for some players; game environment missing for some players; weather, route share, first-read share, and coverage are not sourced.",,usage foundation: 66.7,data quality: 65.7,,role and availability context: 35.0,projection strength: 37.7,missing signal count: 5,1,0,0,5,65.7,DATA_NEEDS_LIVE_CONTEXT,NEEDS DATA,NEEDS DATA,NEEDS DATA,HISTORICAL TEST ONLY,NO-GO
,P.Strong,CLE,,RB,receiving,2,48.84,48.84,WATCH,WATCHLIST,WATCH at 48.8. Main support: usage foundation: 66.7; data quality: 65.7. Main caution: role and availability context: 35.0; projection strength: 37.7.,usage foundation: 66.7; data quality: 65.7,"Context V1: defense fit missing/low reliability for some players; game environment missing for some players; weather, route share, first-read share, and coverage are not sourced.",,usage foundation: 66.7,data quality: 65.7,,role and availability context: 35.0,projection strength: 37.7,missing signal count: 5,1,0,0,5,65.7,DATA_NEEDS_LIVE_CONTEXT,NEEDS DATA,NEEDS DATA,NEEDS DATA,HISTORICAL TEST ONLY,NO-GO
,I.Thomas,CAR,,TE,receiving,1,48.83,48.83,WATCH,WATCHLIST,WATCH at 48.8. Main support: usage foundation: 66.7; data quality: 65.7. Main caution: role and availability context: 35.0; projection strength: 37.7.,usage foundation: 66.7; data quality: 65.7,"Context V1: defense fit missing/low reliability for some players; game environment missing for some players; weather, route share, first-read share, and coverage are not sourced.",,usage foundation: 66.7,data quality: 65.7,,role and availability context: 35.0,projection strength: 37.7,missing signal count: 5,1,0,0,5,65.7,DATA_NEEDS_LIVE_CONTEXT,NEEDS DATA,NEEDS DATA,NEEDS DATA,HISTORICAL TEST ONLY,NO-GO
,M.Gaskin,MIN,,RB,receiving,2,48.77,48.77,WATCH,WATCHLIST,WATCH at 48.8. Main support: usage foundation: 66.7; data quality: 65.7. Main caution: role and availability context: 35.0; projection strength: 37.5.,usage foundation: 66.7; data quality: 65.7,"Context V1: defense fit missing/low reliability for some players; game environment missing for some players; weather, route share, first-read share, and coverage are not sourced.",,usage foundation: 66.7,data quality: 65.7,,role and availability context: 35.0,projection strength: 37.5,missing signal count: 5,1,0,0,5,65.7,DATA_NEEDS_LIVE_CONTEXT,NEEDS DATA,NEEDS DATA,NEEDS DATA,HISTORICAL TEST ONLY,NO-GO
,J.Jackson,TEN,,WR,receiving,1,48.7,48.7,WATCH,WATCHLIST,WATCH at 48.7. Main support: usage foundation: 66.7; data quality: 65.7. Main caution: role and availability context: 35.0; projection strength: 37.4.,usage foundation: 66.7; data quality: 65.7,"Context V1: defense fit missing/low reliability for some players; game environment missing for some players; weather, route share, first-read share, and coverage are not sourced.",,usage foundation: 66.7,data quality: 65.7,,role and availability context: 35.0,projection strength: 37.4,missing signal count: 5,1,0,0,5,65.7,DATA_NEEDS_LIVE_CONTEXT,NEEDS DATA,NEEDS DATA,NEEDS DATA,HISTORICAL TEST ONLY,NO-GO
,L.Musgrave,GB,,TE,receiving,1,48.69,48.69,WATCH,WATCHLIST,WATCH at 48.7. Main support: usage foundation: 66.7; data quality: 65.7. Main caution: role and availability context: 35.0; projection strength: 37.3.,usage foundation: 66.7; data quality: 65.7,"Context V1: defense fit missing/low reliability for some players; game environment missing for some players; weather, route share, first-read share, and coverage are not sourced.",,usage foundation: 66.7,data quality: 65.7,,role and availability context: 35.0,projection strength: 37.3,missing signal count: 5,1,0,0,5,65.7,DATA_NEEDS_LIVE_CONTEXT,NEEDS DATA,NEEDS DATA,NEEDS DATA,HISTORICAL TEST ONLY,NO-GO
,R.Tannehill,TEN,JAX,QB,rushing,1,48.67,48.67,WATCH,WATCHLIST,WATCH at 48.7. Main support: usage foundation: 66.7; data quality: 65.7. Main caution: role and availability context: 35.0; projection strength: 37.3.,usage foundation: 66.7; data quality: 65.7,"Context V1: defense fit missing/low reliability for some players; game environment missing for some players; weather, route share, first-read share, and coverage are not sourced.",,usage foundation: 66.7,data quality: 65.7,,role and availability context: 35.0,projection strength: 37.3,missing signal count: 5,1,0,0,5,65.7,DATA_NEEDS_LIVE_CONTEXT,NEEDS DATA,NEEDS DATA,NEEDS DATA,HISTORICAL TEST ONLY,NO-GO
,J.Ross,PHI,,WR,receiving,1,48.62,48.62,WATCH,WATCHLIST,WATCH at 48.6. Main support: usage foundation: 66.7; data quality: 65.7. Main caution: role and availability context: 35.0; projection strength: 37.2.,usage foundation: 66.7; data quality: 65.7,"Context V1: defense fit missing/low reliability for some players; game environment missing for some players; weather, route share, first-read share, and coverage are not sourced.",,usage foundation: 66.7,data quality: 65.7,,role and availability context: 35.0,projection strength: 37.2,missing signal count: 5,1,0,0,5,65.7,DATA_NEEDS_LIVE_CONTEXT,NEEDS DATA,NEEDS DATA,NEEDS DATA,HISTORICAL TEST ONLY,NO-GO
,J.Wilson,MIA,,RB,receiving,2,48.51,48.51,WATCH,WATCHLIST,WATCH at 48.5. Main support: usage foundation: 66.7; data quality: 65.7. Main caution: role and availability context: 35.0; projection strength: 36.9.,usage foundation: 66.7; data quality: 65.7,"Context V1: defense fit missing/low reliability for some players; game environment missing for some players; weather, route share, first-read share, and coverage are not sourced.",,usage foundation: 66.7,data quality: 65.7,,role and availability context: 35.0,projection strength: 36.9,missing signal count: 5,1,0,0,5,65.7,DATA_NEEDS_LIVE_CONTEXT,NEEDS DATA,NEEDS DATA,NEEDS DATA,HISTORICAL TEST ONLY,NO-GO
,T.Kroft,MIA,,TE,receiving,1,48.49,48.49,WATCH,WATCHLIST,WATCH at 48.5. Main support: usage foundation: 66.7; data quality: 65.7. Main caution: role and availability context: 35.0; projection strength: 36.9.,usage foundation: 66.7; data quality: 65.7,"Context V1: defense fit missing/low reliability for some players; game environment missing for some players; weather, route share, first-read share, and coverage are not sourced.",,usage foundation: 66.7,data quality: 65.7,,role and availability context: 35.0,projection strength: 36.9,missing signal count: 5,1,0,0,5,65.7,DATA_NEEDS_LIVE_CONTEXT,NEEDS DATA,NEEDS DATA,NEEDS DATA,HISTORICAL TEST ONLY,NO-GO
,C.Stroud,HOU,KC,QB,rushing,2,48.35,48.35,WATCH,WATCHLIST,WATCH at 48.4. Main support: usage foundation: 66.7; data quality: 65.7. Main caution: role and availability context: 35.0; projection strength: 36.6.,usage foundation: 66.7; data quality: 65.7,"Context V1: defense fit missing/low reliability for some players; game environment missing for some players; weather, route share, first-read share, and coverage are not sourced.",,usage foundation: 66.7,data quality: 65.7,,role and availability context: 35.0,projection strength: 36.6,missing signal count: 5,1,0,0,5,65.7,DATA_NEEDS_LIVE_CONTEXT,NEEDS DATA,NEEDS DATA,NEEDS DATA,HISTORICAL TEST ONLY,NO-GO
,R.Dwelley,ATL,,TE,receiving,1,48.34,48.34,WATCH,WATCHLIST,WATCH at 48.3. Main support: usage foundation: 66.7; data quality: 65.7. Main caution: role and availability context: 35.0; projection strength: 36.6.,usage foundation: 66.7; data quality: 65.7,"Context V1: defense fit missing/low reliability for some players; game environment missing for some players; weather, route share, first-read share, and coverage are not sourced.",,usage foundation: 66.7,data quality: 65.7,,role and availability context: 35.0,projection strength: 36.6,missing signal count: 5,1,0,0,5,65.7,DATA_NEEDS_LIVE_CONTEXT,NEEDS DATA,NEEDS DATA,NEEDS DATA,HISTORICAL TEST ONLY,NO-GO
,D.Young,SEA,,WR,receiving,1,48.2,48.2,WATCH,WATCHLIST,WATCH at 48.2. Main support: usage foundation: 66.7; data quality: 65.7. Main caution: role and availability context: 35.0; projection strength: 36.2.,usage foundation: 66.7; data quality: 65.7,"Context V1: defense fit missing/low reliability for some players; game environment missing for some players; weather, route share, first-read share, and coverage are not sourced.",,usage foundation: 66.7,data quality: 65.7,,role and availability context: 35.0,projection strength: 36.2,missing signal count: 5,1,0,0,5,65.7,DATA_NEEDS_LIVE_CONTEXT,NEEDS DATA,NEEDS DATA,NEEDS DATA,HISTORICAL TEST ONLY,NO-GO
,S.McKeon,DAL,,TE,receiving,1,48.06,48.06,WATCH,WATCHLIST,WATCH at 48.1. Main support: usage foundation: 66.7; data quality: 65.7. Main caution: role and availability context: 35.0; projection strength: 35.9.,usage foundation: 66.7; data quality: 65.7,"Context V1: defense fit missing/low reliability for some players; game environment missing for some players; weather, route share, first-read share, and coverage are not sourced.",,usage foundation: 66.7,data quality: 65.7,,role and availability context: 35.0,projection strength: 35.9,missing signal count: 5,1,0,0,5,65.7,DATA_NEEDS_LIVE_CONTEXT,NEEDS DATA,NEEDS DATA,NEEDS DATA,HISTORICAL TEST ONLY,NO-GO
,D.Daniels,DET,,TE,receiving,1,47.99,47.99,WATCH,WATCHLIST,WATCH at 48.0. Main support: usage foundation: 66.7; data quality: 65.7. Main caution: role and availability context: 35.0; projection strength: 35.7.,usage foundation: 66.7; data quality: 65.7,"Context V1: defense fit missing/low reliability for some players; game environment missing for some players; weather, route share, first-read share, and coverage are not sourced.",,usage foundation: 66.7,data quality: 65.7,,role and availability context: 35.0,projection strength: 35.7,missing signal count: 5,1,0,0,5,65.7,DATA_NEEDS_LIVE_CONTEXT,NEEDS DATA,NEEDS DATA,NEEDS DATA,HISTORICAL TEST ONLY,NO-GO
,B.Rypien,LA,GB,QB,rushing,1,47.86,47.86,WATCH,WATCHLIST,WATCH at 47.9. Main support: usage foundation: 66.7; data quality: 65.7. Main caution: role and availability context: 35.0; projection strength: 35.5.,usage foundation: 66.7; data quality: 65.7,"Context V1: defense fit missing/low reliability for some players; game environment missing for some players; weather, route share, first-read share, and coverage are not sourced.",,usage foundation: 66.7,data quality: 65.7,,role and availability context: 35.0,projection strength: 35.5,missing signal count: 5,1,0,0,5,65.7,DATA_NEEDS_LIVE_CONTEXT,NEEDS DATA,NEEDS DATA,NEEDS DATA,HISTORICAL TEST ONLY,NO-GO
,J.Tonges,SF,,TE,receiving,1,47.84,47.84,WATCH,WATCHLIST,WATCH at 47.8. Main support: usage foundation: 66.7; data quality: 65.7. Main caution: role and availability context: 35.0; projection strength: 35.4.,usage foundation: 66.7; data quality: 65.7,"Context V1: defense fit missing/low reliability for some players; game environment missing for some players; weather, route share, first-read share, and coverage are not sourced.",,usage foundation: 66.7,data quality: 65.7,,role and availability context: 35.0,projection strength: 35.4,missing signal count: 5,1,0,0,5,65.7,DATA_NEEDS_LIVE_CONTEXT,NEEDS DATA,NEEDS DATA,NEEDS DATA,HISTORICAL TEST ONLY,NO-GO
,I.Charles,NYJ,,WR,receiving,1,47.77,47.77,WATCH,WATCHLIST,WATCH at 47.8. Main support: usage foundation: 66.7; data quality: 65.7. Main caution: role and availability context: 35.0; projection strength: 35.2.,usage foundation: 66.7; data quality: 65.7,"Context V1: defense fit missing/low reliability for some players; game environment missing for some players; weather, route share, first-read share, and coverage are not sourced.",,usage foundation: 66.7,data quality: 65.7,,role and availability context: 35.0,projection strength: 35.2,missing signal count: 5,1,0,0,5,65.7,DATA_NEEDS_LIVE_CONTEXT,NEEDS DATA,NEEDS DATA,NEEDS DATA,HISTORICAL TEST ONLY,NO-GO
,J.Love,GB,PHI,QB,rushing,2,47.72,47.72,WATCH,WATCHLIST,WATCH at 47.7. Main support: usage foundation: 66.7; data quality: 65.7. Main caution: role and availability context: 35.0; projection strength: 35.1.,usage foundation: 66.7; data quality: 65.7,"Context V1: defense fit missing/low reliability for some players; game environment missing for some players; weather, route share, first-read share, and coverage are not sourced.",,usage foundation: 66.7,data quality: 65.7,,role and availability context: 35.0,projection strength: 35.1,missing signal count: 5,1,0,0,5,65.7,DATA_NEEDS_LIVE_CONTEXT,NEEDS DATA,NEEDS DATA,NEEDS DATA,HISTORICAL TEST ONLY,NO-GO
00-0035282,E.Stick,LAC,KC,QB,passing,1,47.68,47.68,WATCH,WATCHLIST,WATCH at 47.7. Main support: recent form: 99.7; opponent defense fit: 96.3. Main caution: projection strength: 11.1; usage foundation: 33.3.,recent form: 99.7; opponent defense fit: 96.3,"Context V1: defense fit missing/low reliability for some players; game environment missing for some players; weather, route share, first-read share, and coverage are not sourced.",,recent form: 99.7,opponent defense fit: 96.3,data quality: 87.8,projection strength: 11.1,usage foundation: 33.3,role and availability context: 35.0,2,0,0,2,87.75,DATA_NEEDS_LIVE_CONTEXT,NEEDS DATA,NEEDS DATA,NEEDS DATA,HISTORICAL TEST ONLY,NO-GO
,G.Ricci,CAR,,TE,receiving,1,47.66,47.66,WATCH,WATCHLIST,WATCH at 47.7. Main support: usage foundation: 66.7; data quality: 65.7. Main caution: projection strength: 35.0; role and availability context: 35.0.,usage foundation: 66.7; data quality: 65.7,"Context V1: defense fit missing/low reliability for some players; game environment missing for some players; weather, route share, first-read share, and coverage are not sourced.",,usage foundation: 66.7,data quality: 65.7,,projection strength: 35.0,role and availability context: 35.0,missing signal count: 5,1,0,0,5,65.7,DATA_NEEDS_LIVE_CONTEXT,NEEDS DATA,NEEDS DATA,NEEDS DATA,HISTORICAL TEST ONLY,NO-GO
,A.Firkser,KC,,TE,receiving,1,47.63,47.63,WATCH,WATCHLIST,WATCH at 47.6. Main support: usage foundation: 66.7; data quality: 65.7. Main caution: projection strength: 34.9; role and availability context: 35.0.,usage foundation: 66.7; data quality: 65.7,"Context V1: defense fit missing/low reliability for some players; game environment missing for some players; weather, route share, first-read share, and coverage are not sourced.",,usage foundation: 66.7,data quality: 65.7,,projection strength: 34.9,role and availability context: 35.0,missing signal count: 5,1,0,0,5,65.7,DATA_NEEDS_LIVE_CONTEXT,NEEDS DATA,NEEDS DATA,NEEDS DATA,HISTORICAL TEST ONLY,NO-GO
,S.Vaki,DET,,RB,receiving,2,47.48,47.48,WATCH,WATCHLIST,WATCH at 47.5. Main support: usage foundation: 66.7; data quality: 65.7. Main caution: projection strength: 34.6; role and availability context: 35.0.,usage foundation: 66.7; data quality: 65.7,"Context V1: defense fit missing/low reliability for some players; game environment missing for some players; weather, route share, first-read share, and coverage are not sourced.",,usage foundation: 66.7,data quality: 65.7,,projection strength: 34.6,role and availability context: 35.0,missing signal count: 5,1,0,0,5,65.7,DATA_NEEDS_LIVE_CONTEXT,NEEDS DATA,NEEDS DATA,NEEDS DATA,HISTORICAL TEST ONLY,NO-GO
,M.Boone,CAR,,RB,receiving,2,47.41,47.41,WATCH,WATCHLIST,WATCH at 47.4. Main support: usage foundation: 66.7; data quality: 65.7. Main caution: projection strength: 34.4; role and availability context: 35.0.,usage foundation: 66.7; data quality: 65.7,"Context V1: defense fit missing/low reliability for some players; game environment missing for some players; weather, route share, first-read share, and coverage are not sourced.",,usage foundation: 66.7,data quality: 65.7,,projection strength: 34.4,role and availability context: 35.0,missing signal count: 5,1,0,0,5,65.7,DATA_NEEDS_LIVE_CONTEXT,NEEDS DATA,NEEDS DATA,NEEDS DATA,HISTORICAL TEST ONLY,NO-GO
,G.Everett,CHI,,TE,receiving,1,47.39,47.39,WATCH,WATCHLIST,WATCH at 47.4. Main support: usage foundation: 66.7; data quality: 65.7. Main caution: projection strength: 34.4; role and availability context: 35.0.,usage foundation: 66.7; data quality: 65.7,"Context V1: defense fit missing/low reliability for some players; game environment missing for some players; weather, route share, first-read share, and coverage are not sourced.",,usage foundation: 66.7,data quality: 65.7,,projection strength: 34.4,role and availability context: 35.0,missing signal count: 5,1,0,0,5,65.7,DATA_NEEDS_LIVE_CONTEXT,NEEDS DATA,NEEDS DATA,NEEDS DATA,HISTORICAL TEST ONLY,NO-GO
,J.Bell,NE,,TE,receiving,1,47.27,47.27,WATCH,WATCHLIST,WATCH at 47.3. Main support: usage foundation: 66.7; data quality: 65.7. Main caution: projection strength: 34.1; role and availability context: 35.0.,usage foundation: 66.7; data quality: 65.7,"Context V1: defense fit missing/low reliability for some players; game environment missing for some players; weather, route share, first-read share, and coverage are not sourced.",,usage foundation: 66.7,data quality: 65.7,,projection strength: 34.1,role and availability context: 35.0,missing signal count: 5,1,0,0,5,65.7,DATA_NEEDS_LIVE_CONTEXT,NEEDS DATA,NEEDS DATA,NEEDS DATA,HISTORICAL TEST ONLY,NO-GO
,K.Rader,TEN,,TE,receiving,1,47.12,47.12,WATCH,WATCHLIST,WATCH at 47.1. Main support: usage foundation: 66.7; data quality: 65.7. Main caution: projection strength: 33.8; role and availability context: 35.0.,usage foundation: 66.7; data quality: 65.7,"Context V1: defense fit missing/low reliability for some players; game environment missing for some players; weather, route share, first-read share, and coverage are not sourced.",,usage foundation: 66.7,data quality: 65.7,,projection strength: 33.8,role and availability context: 35.0,missing signal count: 5,1,0,0,5,65.7,DATA_NEEDS_LIVE_CONTEXT,NEEDS DATA,NEEDS DATA,NEEDS DATA,HISTORICAL TEST ONLY,NO-GO
,T.McKitty,LAC,,TE,receiving,1,47.09,47.09,WATCH,WATCHLIST,WATCH at 47.1. Main support: usage foundation: 66.7; data quality: 65.7. Main caution: projection strength: 33.7; role and availability context: 35.0.,usage foundation: 66.7; data quality: 65.7,"Context V1: defense fit missing/low reliability for some players; game environment missing for some players; weather, route share, first-read share, and coverage are not sourced.",,usage foundation: 66.7,data quality: 65.7,,projection strength: 33.7,role and availability context: 35.0,missing signal count: 5,1,0,0,5,65.7,DATA_NEEDS_LIVE_CONTEXT,NEEDS DATA,NEEDS DATA,NEEDS DATA,HISTORICAL TEST ONLY,NO-GO
,S.Anderson,LAC,,TE,receiving,1,47.09,47.09,WATCH,WATCHLIST,WATCH at 47.1. Main support: usage foundation: 66.7; data quality: 65.7. Main caution: projection strength: 33.7; role and availability context: 35.0.,usage foundation: 66.7; data quality: 65.7,"Context V1: defense fit missing/low reliability for some players; game environment missing for some players; weather, route share, first-read share, and coverage are not sourced.",,usage foundation: 66.7,data quality: 65.7,,projection strength: 33.7,role and availability context: 35.0,missing signal count: 5,1,0,0,5,65.7,DATA_NEEDS_LIVE_CONTEXT,NEEDS DATA,NEEDS DATA,NEEDS DATA,HISTORICAL TEST ONLY,NO-GO
,J.Hill,MIA,,TE,receiving,1,46.91,46.91,WATCH,WATCHLIST,WATCH at 46.9. Main support: usage foundation: 66.7; data quality: 65.7. Main caution: projection strength: 33.3; role and availability context: 35.0.,usage foundation: 66.7; data quality: 65.7,"Context V1: defense fit missing/low reliability for some players; game environment missing for some players; weather, route share, first-read share, and coverage are not sourced.",,usage foundation: 66.7,data quality: 65.7,,projection strength: 33.3,role and availability context: 35.0,missing signal count: 5,1,0,0,5,65.7,DATA_NEEDS_LIVE_CONTEXT,NEEDS DATA,NEEDS DATA,NEEDS DATA,HISTORICAL TEST ONLY,NO-GO
,D.Ogunbowale,HOU,,RB,receiving,2,46.87,46.87,WATCH,WATCHLIST,WATCH at 46.9. Main support: usage foundation: 66.7; data quality: 65.7. Main caution: projection strength: 33.2; role and availability context: 35.0.,usage foundation: 66.7; data quality: 65.7,"Context V1: defense fit missing/low reliability for some players; game environment missing for some players; weather, route share, first-read share, and coverage are not sourced.",,usage foundation: 66.7,data quality: 65.7,,projection strength: 33.2,role and availability context: 35.0,missing signal count: 5,1,0,0,5,65.7,DATA_NEEDS_LIVE_CONTEXT,NEEDS DATA,NEEDS DATA,NEEDS DATA,HISTORICAL TEST ONLY,NO-GO
,C.Woerner,ATL,,TE,receiving,1,46.84,46.84,WATCH,WATCHLIST,WATCH at 46.8. Main support: usage foundation: 66.7; data quality: 65.7. Main caution: projection strength: 33.1; role and availability context: 35.0.,usage foundation: 66.7; data quality: 65.7,"Context V1: defense fit missing/low reliability for some players; game environment missing for some players; weather, route share, first-read share, and coverage are not sourced.",,usage foundation: 66.7,data quality: 65.7,,projection strength: 33.1,role and availability context: 35.0,missing signal count: 5,1,0,0,5,65.7,DATA_NEEDS_LIVE_CONTEXT,NEEDS DATA,NEEDS DATA,NEEDS DATA,HISTORICAL TEST ONLY,NO-GO
,B.Spann-Ford,DAL,,TE,receiving,1,46.62,46.62,WATCH,WATCHLIST,WATCH at 46.6. Main support: usage foundation: 66.7; data quality: 65.7. Main caution: projection strength: 32.6; role and availability context: 35.0.,usage foundation: 66.7; data quality: 65.7,"Context V1: defense fit missing/low reliability for some players; game environment missing for some players; weather, route share, first-read share, and coverage are not sourced.",,usage foundation: 66.7,data quality: 65.7,,projection strength: 32.6,role and availability context: 35.0,missing signal count: 5,1,0,0,5,65.7,DATA_NEEDS_LIVE_CONTEXT,NEEDS DATA,NEEDS DATA,NEEDS DATA,HISTORICAL TEST ONLY,NO-GO
,E.Tomlinson,LAC,,TE,receiving,1,46.43,46.43,WATCH,WATCHLIST,WATCH at 46.4. Main support: usage foundation: 66.7; data quality: 65.7. Main caution: projection strength: 32.2; role and availability context: 35.0.,usage foundation: 66.7; data quality: 65.7,"Context V1: defense fit missing/low reliability for some players; game environment missing for some players; weather, route share, first-read share, and coverage are not sourced.",,usage foundation: 66.7,data quality: 65.7,,projection strength: 32.2,role and availability context: 35.0,missing signal count: 5,1,0,0,5,65.7,DATA_NEEDS_LIVE_CONTEXT,NEEDS DATA,NEEDS DATA,NEEDS DATA,HISTORICAL TEST ONLY,NO-GO
,T.Siemian,NYJ,NE,QB,rushing,1,46.39,46.39,WATCH,WATCHLIST,WATCH at 46.4. Main support: usage foundation: 66.7; data quality: 65.7. Main caution: projection strength: 32.1; role and availability context: 35.0.,usage foundation: 66.7; data quality: 65.7,"Context V1: defense fit missing/low reliability for some players; game environment missing for some players; weather, route share, first-read share, and coverage are not sourced.",,usage foundation: 66.7,data quality: 65.7,,projection strength: 32.1,role and availability context: 35.0,missing signal count: 5,1,0,0,5,65.7,DATA_NEEDS_LIVE_CONTEXT,NEEDS DATA,NEEDS DATA,NEEDS DATA,HISTORICAL TEST ONLY,NO-GO
,H.Luepke,DAL,,RB,receiving,2,46.34,46.34,WATCH,WATCHLIST,WATCH at 46.3. Main support: usage foundation: 66.7; data quality: 65.7. Main caution: projection strength: 32.0; role and availability context: 35.0.,usage foundation: 66.7; data quality: 65.7,"Context V1: defense fit missing/low reliability for some players; game environment missing for some players; weather, route share, first-read share, and coverage are not sourced.",,usage foundation: 66.7,data quality: 65.7,,projection strength: 32.0,role and availability context: 35.0,missing signal count: 5,1,0,0,5,65.7,DATA_NEEDS_LIVE_CONTEXT,NEEDS DATA,NEEDS DATA,NEEDS DATA,HISTORICAL TEST ONLY,NO-GO
,D.Smythe,MIA,,TE,receiving,1,46.29,46.29,WATCH,WATCHLIST,WATCH at 46.3. Main support: usage foundation: 66.7; data quality: 65.7. Main caution: projection strength: 31.9; role and availability context: 35.0.,usage foundation: 66.7; data quality: 65.7,"Context V1: defense fit missing/low reliability for some players; game environment missing for some players; weather, route share, first-read share, and coverage are not sourced.",,usage foundation: 66.7,data quality: 65.7,,projection strength: 31.9,role and availability context: 35.0,missing signal count: 5,1,0,0,5,65.7,DATA_NEEDS_LIVE_CONTEXT,NEEDS DATA,NEEDS DATA,NEEDS DATA,HISTORICAL TEST ONLY,NO-GO
,S.Perine,KC,,RB,receiving,2,46.23,46.23,WATCH,WATCHLIST,WATCH at 46.2. Main support: usage foundation: 66.7; data quality: 65.7. Main caution: projection strength: 31.7; role and availability context: 35.0.,usage foundation: 66.7; data quality: 65.7,"Context V1: defense fit missing/low reliability for some players; game environment missing for some players; weather, route share, first-read share, and coverage are not sourced.",,usage foundation: 66.7,data quality: 65.7,,projection strength: 31.7,role and availability context: 35.0,missing signal count: 5,1,0,0,5,65.7,DATA_NEEDS_LIVE_CONTEXT,NEEDS DATA,NEEDS DATA,NEEDS DATA,HISTORICAL TEST ONLY,NO-GO
,C.Yankoff,WAS,,TE,receiving,1,46.19,46.19,WATCH,WATCHLIST,WATCH at 46.2. Main support: usage foundation: 66.7; data quality: 65.7. Main caution: projection strength: 31.6; role and availability context: 35.0.,usage foundation: 66.7; data quality: 65.7,"Context V1: defense fit missing/low reliability for some players; game environment missing for some players; weather, route share, first-read share, and coverage are not sourced.",,usage foundation: 66.7,data quality: 65.7,,projection strength: 31.6,role and availability context: 35.0,missing signal count: 5,1,0,0,5,65.7,DATA_NEEDS_LIVE_CONTEXT,NEEDS DATA,NEEDS DATA,NEEDS DATA,HISTORICAL TEST ONLY,NO-GO
,N.Peterman,CHI,LV,QB,rushing,1,46.16,46.16,WATCH,WATCHLIST,WATCH at 46.2. Main support: usage foundation: 66.7; data quality: 65.7. Main caution: projection strength: 31.6; role and availability context: 35.0.,usage foundation: 66.7; data quality: 65.7,"Context V1: defense fit missing/low reliability for some players; game environment missing for some players; weather, route share, first-read share, and coverage are not sourced.",,usage foundation: 66.7,data quality: 65.7,,projection strength: 31.6,role and availability context: 35.0,missing signal count: 5,1,0,0,5,65.7,DATA_NEEDS_LIVE_CONTEXT,NEEDS DATA,NEEDS DATA,NEEDS DATA,HISTORICAL TEST ONLY,NO-GO
,J.Shorter,LV,,TE,receiving,1,45.69,45.69,WATCH,WATCHLIST,WATCH at 45.7. Main support: usage foundation: 66.7; data quality: 65.7. Main caution: projection strength: 30.5; role and availability context: 35.0.,usage foundation: 66.7; data quality: 65.7,"Context V1: defense fit missing/low reliability for some players; game environment missing for some players; weather, route share, first-read share, and coverage are not sourced.",,usage foundation: 66.7,data quality: 65.7,,projection strength: 30.5,role and availability context: 35.0,missing signal count: 5,1,0,0,5,65.7,DATA_NEEDS_LIVE_CONTEXT,NEEDS DATA,NEEDS DATA,NEEDS DATA,HISTORICAL TEST ONLY,NO-GO
,J.Baker,NE,,WR,receiving,1,45.47,45.47,WATCH,WATCHLIST,WATCH at 45.5. Main support: usage foundation: 66.7; data quality: 65.7. Main caution: projection strength: 30.0; role and availability context: 35.0.,usage foundation: 66.7; data quality: 65.7,"Context V1: defense fit missing/low reliability for some players; game environment missing for some players; weather, route share, first-read share, and coverage are not sourced.",,usage foundation: 66.7,data quality: 65.7,,projection strength: 30.0,role and availability context: 35.0,missing signal count: 5,1,0,0,5,65.7,DATA_NEEDS_LIVE_CONTEXT,NEEDS DATA,NEEDS DATA,NEEDS DATA,HISTORICAL TEST ONLY,NO-GO
,J.Garoppolo,LA,SEA,QB,rushing,2,45.36,45.36,WATCH,WATCHLIST,WATCH at 45.4. Main support: usage foundation: 66.7; data quality: 65.7. Main caution: projection strength: 29.7; role and availability context: 35.0.,usage foundation: 66.7; data quality: 65.7,"Context V1: defense fit missing/low reliability for some players; game environment missing for some players; weather, route share, first-read share, and coverage are not sourced.",,usage foundation: 66.7,data quality: 65.7,,projection strength: 29.7,role and availability context: 35.0,missing signal count: 5,1,0,0,5,65.7,DATA_NEEDS_LIVE_CONTEXT,NEEDS DATA,NEEDS DATA,NEEDS DATA,HISTORICAL TEST ONLY,NO-GO
,C.Rush,DAL,PHI,QB,rushing,1,45.26,45.26,WATCH,WATCHLIST,WATCH at 45.3. Main support: usage foundation: 66.7; data quality: 65.7. Main caution: projection strength: 29.5; role and availability context: 35.0.,usage foundation: 66.7; data quality: 65.7,"Context V1: defense fit missing/low reliability for some players; game environment missing for some players; weather, route share, first-read share, and coverage are not sourced.",,usage foundation: 66.7,data quality: 65.7,,projection strength: 29.5,role and availability context: 35.0,missing signal count: 5,1,0,0,5,65.7,DATA_NEEDS_LIVE_CONTEXT,NEEDS DATA,NEEDS DATA,NEEDS DATA,HISTORICAL TEST ONLY,NO-GO
,D.Dallas,ARI,,RB,receiving,2,45.2,45.2,WATCH,WATCHLIST,WATCH at 45.2. Main support: usage foundation: 66.7; data quality: 65.7. Main caution: projection strength: 29.4; role and availability context: 35.0.,usage foundation: 66.7; data quality: 65.7,"Context V1: defense fit missing/low reliability for some players; game environment missing for some players; weather, route share, first-read share, and coverage are not sourced.",,usage foundation: 66.7,data quality: 65.7,,projection strength: 29.4,role and availability context: 35.0,missing signal count: 5,1,0,0,5,65.7,DATA_NEEDS_LIVE_CONTEXT,NEEDS DATA,NEEDS DATA,NEEDS DATA,HISTORICAL TEST ONLY,NO-GO
,K.Kieft,TB,,TE,receiving,1,45.06,45.06,WATCH,WATCHLIST,WATCH at 45.1. Main support: usage foundation: 66.7; data quality: 65.7. Main caution: projection strength: 29.1; role and availability context: 35.0.,usage foundation: 66.7; data quality: 65.7,"Context V1: defense fit missing/low reliability for some players; game environment missing for some players; weather, route share, first-read share, and coverage are not sourced.",,usage foundation: 66.7,data quality: 65.7,,projection strength: 29.1,role and availability context: 35.0,missing signal count: 5,1,0,0,5,65.7,DATA_NEEDS_LIVE_CONTEXT,NEEDS DATA,NEEDS DATA,NEEDS DATA,HISTORICAL TEST ONLY,NO-GO
,G.Dulcich,NYG,,TE,receiving,1,45.0,45.0,WATCH,WATCHLIST,WATCH at 45.0. Main support: usage foundation: 66.7; data quality: 65.7. Main caution: projection strength: 28.9; role and availability context: 35.0.,usage foundation: 66.7; data quality: 65.7,"Context V1: defense fit missing/low reliability for some players; game environment missing for some players; weather, route share, first-read share, and coverage are not sourced.",,usage foundation: 66.7,data quality: 65.7,,projection strength: 28.9,role and availability context: 35.0,missing signal count: 5,1,0,0,5,65.7,DATA_NEEDS_LIVE_CONTEXT,NEEDS DATA,NEEDS DATA,NEEDS DATA,HISTORICAL TEST ONLY,NO-GO
,P.Walker,CLE,DEN,QB,rushing,1,44.92,44.92,WATCH,WATCHLIST,WATCH at 44.9. Main support: usage foundation: 66.7; data quality: 65.7. Main caution: projection strength: 28.7; role and availability context: 35.0.,usage foundation: 66.7; data quality: 65.7,"Context V1: defense fit missing/low reliability for some players; game environment missing for some players; weather, route share, first-read share, and coverage are not sourced.",,usage foundation: 66.7,data quality: 65.7,,projection strength: 28.7,role and availability context: 35.0,missing signal count: 5,1,0,0,5,65.7,DATA_NEEDS_LIVE_CONTEXT,NEEDS DATA,NEEDS DATA,NEEDS DATA,HISTORICAL TEST ONLY,NO-GO
,B.Bell,KC,,TE,receiving,1,44.83,44.83,WATCH,WATCHLIST,WATCH at 44.8. Main support: usage foundation: 66.7; data quality: 65.7. Main caution: projection strength: 28.5; role and availability context: 35.0.,usage foundation: 66.7; data quality: 65.7,"Context V1: defense fit missing/low reliability for some players; game environment missing for some players; weather, route share, first-read share, and coverage are not sourced.",,usage foundation: 66.7,data quality: 65.7,,projection strength: 28.5,role and availability context: 35.0,missing signal count: 5,1,0,0,5,65.7,DATA_NEEDS_LIVE_CONTEXT,NEEDS DATA,NEEDS DATA,NEEDS DATA,HISTORICAL TEST ONLY,NO-GO
,P.Fant,DAL,,TE,receiving,1,44.61,44.61,WATCH,WATCHLIST,WATCH at 44.6. Main support: usage foundation: 66.7; data quality: 65.7. Main caution: projection strength: 28.0; role and availability context: 35.0.,usage foundation: 66.7; data quality: 65.7,"Context V1: defense fit missing/low reliability for some players; game environment missing for some players; weather, route share, first-read share, and coverage are not sourced.",,usage foundation: 66.7,data quality: 65.7,,projection strength: 28.0,role and availability context: 35.0,missing signal count: 5,1,0,0,5,65.7,DATA_NEEDS_LIVE_CONTEXT,NEEDS DATA,NEEDS DATA,NEEDS DATA,HISTORICAL TEST ONLY,NO-GO
,R.Blackshear,CAR,,RB,receiving,2,44.59,44.59,WATCH,WATCHLIST,WATCH at 44.6. Main support: usage foundation: 66.7; data quality: 65.7. Main caution: projection strength: 28.0; role and availability context: 35.0.,usage foundation: 66.7; data quality: 65.7,"Context V1: defense fit missing/low reliability for some players; game environment missing for some players; weather, route share, first-read share, and coverage are not sourced.",,usage foundation: 66.7,data quality: 65.7,,projection strength: 28.0,role and availability context: 35.0,missing signal count: 5,1,0,0,5,65.7,DATA_NEEDS_LIVE_CONTEXT,NEEDS DATA,NEEDS DATA,NEEDS DATA,HISTORICAL TEST ONLY,NO-GO
,T.Homer,CHI,,RB,receiving,2,44.59,44.59,WATCH,WATCHLIST,WATCH at 44.6. Main support: usage foundation: 66.7; data quality: 65.7. Main caution: projection strength: 28.0; role and availability context: 35.0.,usage foundation: 66.7; data quality: 65.7,"Context V1: defense fit missing/low reliability for some players; game environment missing for some players; weather, route share, first-read share, and coverage are not sourced.",,usage foundation: 66.7,data quality: 65.7,,projection strength: 28.0,role and availability context: 35.0,missing signal count: 5,1,0,0,5,65.7,DATA_NEEDS_LIVE_CONTEXT,NEEDS DATA,NEEDS DATA,NEEDS DATA,HISTORICAL TEST ONLY,NO-GO
,W.Mallory,IND,,TE,receiving,1,44.54,44.54,WATCH,WATCHLIST,WATCH at 44.5. Main support: usage foundation: 66.7; data quality: 65.7. Main caution: projection strength: 27.9; role and availability context: 35.0.,usage foundation: 66.7; data quality: 65.7,"Context V1: defense fit missing/low reliability for some players; game environment missing for some players; weather, route share, first-read share, and coverage are not sourced.",,usage foundation: 66.7,data quality: 65.7,,projection strength: 27.9,role and availability context: 35.0,missing signal count: 5,1,0,0,5,65.7,DATA_NEEDS_LIVE_CONTEXT,NEEDS DATA,NEEDS DATA,NEEDS DATA,HISTORICAL TEST ONLY,NO-GO
,V.Jones,CAR,,RB,receiving,2,44.43,44.43,WATCH,WATCHLIST,WATCH at 44.4. Main support: usage foundation: 66.7; data quality: 65.7. Main caution: projection strength: 27.6; role and availability context: 35.0.,usage foundation: 66.7; data quality: 65.7,"Context V1: defense fit missing/low reliability for some players; game environment missing for some players; weather, route share, first-read share, and coverage are not sourced.",,usage foundation: 66.7,data quality: 65.7,,projection strength: 27.6,role and availability context: 35.0,missing signal count: 5,1,0,0,5,65.7,DATA_NEEDS_LIVE_CONTEXT,NEEDS DATA,NEEDS DATA,NEEDS DATA,HISTORICAL TEST ONLY,NO-GO
,K.Cousins,ATL,LV,QB,rushing,2,44.36,44.36,WATCH,WATCHLIST,WATCH at 44.4. Main support: usage foundation: 66.7; data quality: 65.7. Main caution: projection strength: 27.5; role and availability context: 35.0.,usage foundation: 66.7; data quality: 65.7,"Context V1: defense fit missing/low reliability for some players; game environment missing for some players; weather, route share, first-read share, and coverage are not sourced.",,usage foundation: 66.7,data quality: 65.7,,projection strength: 27.5,role and availability context: 35.0,missing signal count: 5,1,0,0,5,65.7,DATA_NEEDS_LIVE_CONTEXT,NEEDS DATA,NEEDS DATA,NEEDS DATA,HISTORICAL TEST ONLY,NO-GO
,S.Howell,SEA,GB,QB,rushing,2,44.18,44.18,WATCH,WATCHLIST,WATCH at 44.2. Main support: usage foundation: 66.7; data quality: 65.7. Main caution: projection strength: 27.0; role and availability context: 35.0.,usage foundation: 66.7; data quality: 65.7,"Context V1: defense fit missing/low reliability for some players; game environment missing for some players; weather, route share, first-read share, and coverage are not sourced.",,usage foundation: 66.7,data quality: 65.7,,projection strength: 27.0,role and availability context: 35.0,missing signal count: 5,1,0,0,5,65.7,DATA_NEEDS_LIVE_CONTEXT,NEEDS DATA,NEEDS DATA,NEEDS DATA,HISTORICAL TEST ONLY,NO-GO
,J.Ward,PIT,,RB,receiving,2,44.1,44.1,WATCH,WATCHLIST,WATCH at 44.1. Main support: usage foundation: 66.7; data quality: 65.7. Main caution: projection strength: 26.9; role and availability context: 35.0.,usage foundation: 66.7; data quality: 65.7,"Context V1: defense fit missing/low reliability for some players; game environment missing for some players; weather, route share, first-read share, and coverage are not sourced.",,usage foundation: 66.7,data quality: 65.7,,projection strength: 26.9,role and availability context: 35.0,missing signal count: 5,1,0,0,5,65.7,DATA_NEEDS_LIVE_CONTEXT,NEEDS DATA,NEEDS DATA,NEEDS DATA,HISTORICAL TEST ONLY,NO-GO
,J.Polk,NE,,WR,receiving,1,44.04,44.04,WATCH,WATCHLIST,WATCH at 44.0. Main support: usage foundation: 66.7; data quality: 65.7. Main caution: projection strength: 26.7; role and availability context: 35.0.,usage foundation: 66.7; data quality: 65.7,"Context V1: defense fit missing/low reliability for some players; game environment missing for some players; weather, route share, first-read share, and coverage are not sourced.",,usage foundation: 66.7,data quality: 65.7,,projection strength: 26.7,role and availability context: 35.0,missing signal count: 5,1,0,0,5,65.7,DATA_NEEDS_LIVE_CONTEXT,NEEDS DATA,NEEDS DATA,NEEDS DATA,HISTORICAL TEST ONLY,NO-GO
,C.Keenum,HOU,CLE,QB,rushing,2,44.0,44.0,WATCH,WATCHLIST,WATCH at 44.0. Main support: usage foundation: 66.7; data quality: 65.7. Main caution: projection strength: 26.6; role and availability context: 35.0.,usage foundation: 66.7; data quality: 65.7,"Context V1: defense fit missing/low reliability for some players; game environment missing for some players; weather, route share, first-read share, and coverage are not sourced.",,usage foundation: 66.7,data quality: 65.7,,projection strength: 26.6,role and availability context: 35.0,missing signal count: 5,1,0,0,5,65.7,DATA_NEEDS_LIVE_CONTEXT,NEEDS DATA,NEEDS DATA,NEEDS DATA,HISTORICAL TEST ONLY,NO-GO
,H.Pearson,GB,,TE,receiving,1,43.97,43.97,WATCH,WATCHLIST,WATCH at 44.0. Main support: usage foundation: 66.7; data quality: 65.7. Main caution: projection strength: 26.6; role and availability context: 35.0.,usage foundation: 66.7; data quality: 65.7,"Context V1: defense fit missing/low reliability for some players; game environment missing for some players; weather, route share, first-read share, and coverage are not sourced.",,usage foundation: 66.7,data quality: 65.7,,projection strength: 26.6,role and availability context: 35.0,missing signal count: 5,1,0,0,5,65.7,DATA_NEEDS_LIVE_CONTEXT,NEEDS DATA,NEEDS DATA,NEEDS DATA,HISTORICAL TEST ONLY,NO-GO
00-0031345,J.Garoppolo,LA,SEA,QB,passing,1,43.96,43.96,WATCH,WATCHLIST,WATCH at 44.0. Main support: recent form: 97.4; data quality: 79.0. Main caution: projection strength: 14.8; usage foundation: 33.3.,recent form: 97.4; data quality: 79.0,"Context V1: defense fit missing/low reliability for some players; game environment missing for some players; weather, route share, first-read share, and coverage are not sourced.",,recent form: 97.4,data quality: 79.0,opponent defense fit: 74.1,projection strength: 14.8,usage foundation: 33.3,role and availability context: 35.0,2,0,0,3,79.0,DATA_NEEDS_LIVE_CONTEXT,NEEDS DATA,NEEDS DATA,NEEDS DATA,HISTORICAL TEST ONLY,NO-GO
,K.Toney,CLE,,WR,receiving,1,43.89,43.89,WATCH,WATCHLIST,WATCH at 43.9. Main support: usage foundation: 66.7; data quality: 65.7. Main caution: projection strength: 26.4; role and availability context: 35.0.,usage foundation: 66.7; data quality: 65.7,"Context V1: defense fit missing/low reliability for some players; game environment missing for some players; weather, route share, first-read share, and coverage are not sourced.",,usage foundation: 66.7,data quality: 65.7,,projection strength: 26.4,role and availability context: 35.0,missing signal count: 5,1,0,0,5,65.7,DATA_NEEDS_LIVE_CONTEXT,NEEDS DATA,NEEDS DATA,NEEDS DATA,HISTORICAL TEST ONLY,NO-GO
00-0039376,S.Rattler,NO,TB,QB,passing,1,43.83,43.83,WATCH,WATCHLIST,WATCH at 43.8. Main support: recent form: 99.1; opponent defense fit: 96.3. Main caution: projection strength: 7.4; usage foundation: 33.3.,recent form: 99.1; opponent defense fit: 96.3,"Context V1: defense fit missing/low reliability for some players; game environment missing for some players; weather, route share, first-read share, and coverage are not sourced.",,recent form: 99.1,opponent defense fit: 96.3,data quality: 79.0,projection strength: 7.4,usage foundation: 33.3,role and availability context: 35.0,2,0,0,3,79.0,DATA_NEEDS_LIVE_CONTEXT,NEEDS DATA,NEEDS DATA,NEEDS DATA,HISTORICAL TEST ONLY,NO-GO
,C.Schrader,LA,,RB,receiving,2,43.76,43.76,WATCH,WATCHLIST,WATCH at 43.8. Main support: usage foundation: 66.7; data quality: 65.7. Main caution: projection strength: 26.1; role and availability context: 35.0.,usage foundation: 66.7; data quality: 65.7,"Context V1: defense fit missing/low reliability for some players; game environment missing for some players; weather, route share, first-read share, and coverage are not sourced.",,usage foundation: 66.7,data quality: 65.7,,projection strength: 26.1,role and availability context: 35.0,missing signal count: 5,1,0,0,5,65.7,DATA_NEEDS_LIVE_CONTEXT,NEEDS DATA,NEEDS DATA,NEEDS DATA,HISTORICAL TEST ONLY,NO-GO
,G.Brightwell,CLE,,RB,receiving,2,43.49,43.49,WATCH,WATCHLIST,WATCH at 43.5. Main support: usage foundation: 66.7; data quality: 65.7. Main caution: projection strength: 25.5; role and availability context: 35.0.,usage foundation: 66.7; data quality: 65.7,"Context V1: defense fit missing/low reliability for some players; game environment missing for some players; weather, route share, first-read share, and coverage are not sourced.",,usage foundation: 66.7,data quality: 65.7,,projection strength: 25.5,role and availability context: 35.0,missing signal count: 5,1,0,0,5,65.7,DATA_NEEDS_LIVE_CONTEXT,NEEDS DATA,NEEDS DATA,NEEDS DATA,HISTORICAL TEST ONLY,NO-GO
,J.Stidham,DEN,KC,QB,rushing,1,43.47,43.47,WATCH,WATCHLIST,WATCH at 43.5. Main support: usage foundation: 66.7; data quality: 65.7. Main caution: projection strength: 25.4; role and availability context: 35.0.,usage foundation: 66.7; data quality: 65.7,"Context V1: defense fit missing/low reliability for some players; game environment missing for some players; weather, route share, first-read share, and coverage are not sourced.",,usage foundation: 66.7,data quality: 65.7,,projection strength: 25.4,role and availability context: 35.0,missing signal count: 5,1,0,0,5,65.7,DATA_NEEDS_LIVE_CONTEXT,NEEDS DATA,NEEDS DATA,NEEDS DATA,HISTORICAL TEST ONLY,NO-GO
,C.Uzomah,PHI,,TE,receiving,1,43.47,43.47,WATCH,WATCHLIST,WATCH at 43.5. Main support: usage foundation: 66.7; data quality: 65.7. Main caution: projection strength: 25.4; role and availability context: 35.0.,usage foundation: 66.7; data quality: 65.7,"Context V1: defense fit missing/low reliability for some players; game environment missing for some players; weather, route share, first-read share, and coverage are not sourced.",,usage foundation: 66.7,data quality: 65.7,,projection strength: 25.4,role and availability context: 35.0,missing signal count: 5,1,0,0,5,65.7,DATA_NEEDS_LIVE_CONTEXT,NEEDS DATA,NEEDS DATA,NEEDS DATA,HISTORICAL TEST ONLY,NO-GO
,J.Hasty,NE,,RB,receiving,2,43.45,43.45,WATCH,WATCHLIST,WATCH at 43.5. Main support: usage foundation: 66.7; data quality: 65.7. Main caution: projection strength: 25.4; role and availability context: 35.0.,usage foundation: 66.7; data quality: 65.7,"Context V1: defense fit missing/low reliability for some players; game environment missing for some players; weather, route share, first-read share, and coverage are not sourced.",,usage foundation: 66.7,data quality: 65.7,,projection strength: 25.4,role and availability context: 35.0,missing signal count: 5,1,0,0,5,65.7,DATA_NEEDS_LIVE_CONTEXT,NEEDS DATA,NEEDS DATA,NEEDS DATA,HISTORICAL TEST ONLY,NO-GO
,A.Shampklin,PIT,,RB,receiving,2,43.29,43.29,WATCH,WATCHLIST,WATCH at 43.3. Main support: usage foundation: 66.7; data quality: 65.7. Main caution: projection strength: 25.0; role and availability context: 35.0.,usage foundation: 66.7; data quality: 65.7,"Context V1: defense fit missing/low reliability for some players; game environment missing for some players; weather, route share, first-read share, and coverage are not sourced.",,usage foundation: 66.7,data quality: 65.7,,projection strength: 25.0,role and availability context: 35.0,missing signal count: 5,1,0,0,5,65.7,DATA_NEEDS_LIVE_CONTEXT,NEEDS DATA,NEEDS DATA,NEEDS DATA,HISTORICAL TEST ONLY,NO-GO
,Q.Morris,BUF,,TE,receiving,1,43.22,43.22,WATCH,WATCHLIST,WATCH at 43.2. Main support: usage foundation: 66.7; data quality: 65.7. Main caution: projection strength: 24.8; role and availability context: 35.0.,usage foundation: 66.7; data quality: 65.7,"Context V1: defense fit missing/low reliability for some players; game environment missing for some players; weather, route share, first-read share, and coverage are not sourced.",,usage foundation: 66.7,data quality: 65.7,,projection strength: 24.8,role and availability context: 35.0,missing signal count: 5,1,0,0,5,65.7,DATA_NEEDS_LIVE_CONTEXT,NEEDS DATA,NEEDS DATA,NEEDS DATA,HISTORICAL TEST ONLY,NO-GO
,P.Hesse,ATL,,TE,receiving,1,43.18,43.18,WATCH,WATCHLIST,WATCH at 43.2. Main support: usage foundation: 66.7; data quality: 65.7. Main caution: projection strength: 24.8; role and availability context: 35.0.,usage foundation: 66.7; data quality: 65.7,"Context V1: defense fit missing/low reliability for some players; game environment missing for some players; weather, route share, first-read share, and coverage are not sourced.",,usage foundation: 66.7,data quality: 65.7,,projection strength: 24.8,role and availability context: 35.0,missing signal count: 5,1,0,0,5,65.7,DATA_NEEDS_LIVE_CONTEXT,NEEDS DATA,NEEDS DATA,NEEDS DATA,HISTORICAL TEST ONLY,NO-GO
,D.Allen,LA,,TE,receiving,1,43.15,43.15,WATCH,WATCHLIST,WATCH at 43.1. Main support: usage foundation: 66.7; data quality: 65.7. Main caution: projection strength: 24.7; role and availability context: 35.0.,usage foundation: 66.7; data quality: 65.7,"Context V1: defense fit missing/low reliability for some players; game environment missing for some players; weather, route share, first-read share, and coverage are not sourced.",,usage foundation: 66.7,data quality: 65.7,,projection strength: 24.7,role and availability context: 35.0,missing signal count: 5,1,0,0,5,65.7,DATA_NEEDS_LIVE_CONTEXT,NEEDS DATA,NEEDS DATA,NEEDS DATA,HISTORICAL TEST ONLY,NO-GO
,T.McKee,PHI,NYG,QB,rushing,1,43.11,43.11,WATCH,WATCHLIST,WATCH at 43.1. Main support: usage foundation: 66.7; data quality: 65.7. Main caution: projection strength: 24.6; role and availability context: 35.0.,usage foundation: 66.7; data quality: 65.7,"Context V1: defense fit missing/low reliability for some players; game environment missing for some players; weather, route share, first-read share, and coverage are not sourced.",,usage foundation: 66.7,data quality: 65.7,,projection strength: 24.6,role and availability context: 35.0,missing signal count: 5,1,0,0,5,65.7,DATA_NEEDS_LIVE_CONTEXT,NEEDS DATA,NEEDS DATA,NEEDS DATA,HISTORICAL TEST ONLY,NO-GO
,J.Ross,KC,,WR,receiving,1,43.11,43.11,WATCH,WATCHLIST,WATCH at 43.1. Main support: usage foundation: 66.7; data quality: 65.7. Main caution: projection strength: 24.6; role and availability context: 35.0.,usage foundation: 66.7; data quality: 65.7,"Context V1: defense fit missing/low reliability for some players; game environment missing for some players; weather, route share, first-read share, and coverage are not sourced.",,usage foundation: 66.7,data quality: 65.7,,projection strength: 24.6,role and availability context: 35.0,missing signal count: 5,1,0,0,5,65.7,DATA_NEEDS_LIVE_CONTEXT,NEEDS DATA,NEEDS DATA,NEEDS DATA,HISTORICAL TEST ONLY,NO-GO
,E.Gray,NYG,,RB,receiving,2,43.08,43.08,WATCH,WATCHLIST,WATCH at 43.1. Main support: usage foundation: 66.7; data quality: 65.7. Main caution: projection strength: 24.5; role and availability context: 35.0.,usage foundation: 66.7; data quality: 65.7,"Context V1: defense fit missing/low reliability for some players; game environment missing for some players; weather, route share, first-read share, and coverage are not sourced.",,usage foundation: 66.7,data quality: 65.7,,projection strength: 24.5,role and availability context: 35.0,missing signal count: 5,1,0,0,5,65.7,DATA_NEEDS_LIVE_CONTEXT,NEEDS DATA,NEEDS DATA,NEEDS DATA,HISTORICAL TEST ONLY,NO-GO
,F.Franks,CAR,,TE,receiving,1,43.04,43.04,WATCH,WATCHLIST,WATCH at 43.0. Main support: usage foundation: 66.7; data quality: 65.7. Main caution: projection strength: 24.4; role and availability context: 35.0.,usage foundation: 66.7; data quality: 65.7,"Context V1: defense fit missing/low reliability for some players; game environment missing for some players; weather, route share, first-read share, and coverage are not sourced.",,usage foundation: 66.7,data quality: 65.7,,projection strength: 24.4,role and availability context: 35.0,missing signal count: 5,1,0,0,5,65.7,DATA_NEEDS_LIVE_CONTEXT,NEEDS DATA,NEEDS DATA,NEEDS DATA,HISTORICAL TEST ONLY,NO-GO
,T.Taylor,NYJ,BUF,QB,rushing,1,42.96,42.96,WATCH,WATCHLIST,WATCH at 43.0. Main support: usage foundation: 66.7; data quality: 65.7. Main caution: projection strength: 24.2; role and availability context: 35.0.,usage foundation: 66.7; data quality: 65.7,"Context V1: defense fit missing/low reliability for some players; game environment missing for some players; weather, route share, first-read share, and coverage are not sourced.",,usage foundation: 66.7,data quality: 65.7,,projection strength: 24.2,role and availability context: 35.0,missing signal count: 5,1,0,0,5,65.7,DATA_NEEDS_LIVE_CONTEXT,NEEDS DATA,NEEDS DATA,NEEDS DATA,HISTORICAL TEST ONLY,NO-GO
,M.Trubisky,BUF,DEN,QB,rushing,1,42.93,42.93,WATCH,WATCHLIST,WATCH at 42.9. Main support: usage foundation: 66.7; data quality: 65.7. Main caution: projection strength: 24.2; role and availability context: 35.0.,usage foundation: 66.7; data quality: 65.7,"Context V1: defense fit missing/low reliability for some players; game environment missing for some players; weather, route share, first-read share, and coverage are not sourced.",,usage foundation: 66.7,data quality: 65.7,,projection strength: 24.2,role and availability context: 35.0,missing signal count: 5,1,0,0,5,65.7,DATA_NEEDS_LIVE_CONTEXT,NEEDS DATA,NEEDS DATA,NEEDS DATA,HISTORICAL TEST ONLY,NO-GO
,A.Armah,WAS,,RB,receiving,1,42.88,42.88,WATCH,WATCHLIST,WATCH at 42.9. Main support: usage foundation: 66.7; data quality: 65.7. Main caution: projection strength: 24.1; role and availability context: 35.0.,usage foundation: 66.7; data quality: 65.7,"Context V1: defense fit missing/low reliability for some players; game environment missing for some players; weather, route share, first-read share, and coverage are not sourced.",,usage foundation: 66.7,data quality: 65.7,,projection strength: 24.1,role and availability context: 35.0,missing signal count: 5,1,0,0,5,65.7,DATA_NEEDS_LIVE_CONTEXT,NEEDS DATA,NEEDS DATA,NEEDS DATA,HISTORICAL TEST ONLY,NO-GO
,K.Ingram,KC,,RB,receiving,2,42.8,42.8,WATCH,WATCHLIST,WATCH at 42.8. Main support: usage foundation: 66.7; data quality: 65.7. Main caution: projection strength: 23.9; role and availability context: 35.0.,usage foundation: 66.7; data quality: 65.7,"Context V1: defense fit missing/low reliability for some players; game environment missing for some players; weather, route share, first-read share, and coverage are not sourced.",,usage foundation: 66.7,data quality: 65.7,,projection strength: 23.9,role and availability context: 35.0,missing signal count: 5,1,0,0,5,65.7,DATA_NEEDS_LIVE_CONTEXT,NEEDS DATA,NEEDS DATA,NEEDS DATA,HISTORICAL TEST ONLY,NO-GO
,M.Penix,ATL,CAR,QB,rushing,1,42.75,42.75,WATCH,WATCHLIST,WATCH at 42.8. Main support: usage foundation: 66.7; data quality: 65.7. Main caution: projection strength: 23.8; role and availability context: 35.0.,usage foundation: 66.7; data quality: 65.7,"Context V1: defense fit missing/low reliability for some players; game environment missing for some players; weather, route share, first-read share, and coverage are not sourced.",,usage foundation: 66.7,data quality: 65.7,,projection strength: 23.8,role and availability context: 35.0,missing signal count: 5,1,0,0,5,65.7,DATA_NEEDS_LIVE_CONTEXT,NEEDS DATA,NEEDS DATA,NEEDS DATA,HISTORICAL TEST ONLY,NO-GO
,D.Martin-Robinson,TEN,,TE,receiving,1,42.6,42.6,WATCH,WATCHLIST,WATCH at 42.6. Main support: usage foundation: 66.7; data quality: 65.7. Main caution: projection strength: 23.4; role and availability context: 35.0.,usage foundation: 66.7; data quality: 65.7,"Context V1: defense fit missing/low reliability for some players; game environment missing for some players; weather, route share, first-read share, and coverage are not sourced.",,usage foundation: 66.7,data quality: 65.7,,projection strength: 23.4,role and availability context: 35.0,missing signal count: 5,1,0,0,5,65.7,DATA_NEEDS_LIVE_CONTEXT,NEEDS DATA,NEEDS DATA,NEEDS DATA,HISTORICAL TEST ONLY,NO-GO
,K.Vaughn,SF,,RB,receiving,2,42.47,42.47,WATCH,WATCHLIST,WATCH at 42.5. Main support: usage foundation: 66.7; data quality: 65.7. Main caution: projection strength: 23.1; role and availability context: 35.0.,usage foundation: 66.7; data quality: 65.7,"Context V1: defense fit missing/low reliability for some players; game environment missing for some players; weather, route share, first-read share, and coverage are not sourced.",,usage foundation: 66.7,data quality: 65.7,,projection strength: 23.1,role and availability context: 35.0,missing signal count: 5,1,0,0,5,65.7,DATA_NEEDS_LIVE_CONTEXT,NEEDS DATA,NEEDS DATA,NEEDS DATA,HISTORICAL TEST ONLY,NO-GO
,J.Stoll,PHI,,TE,receiving,1,42.46,42.46,WATCH,WATCHLIST,WATCH at 42.5. Main support: usage foundation: 66.7; data quality: 65.7. Main caution: projection strength: 23.1; role and availability context: 35.0.,usage foundation: 66.7; data quality: 65.7,"Context V1: defense fit missing/low reliability for some players; game environment missing for some players; weather, route share, first-read share, and coverage are not sourced.",,usage foundation: 66.7,data quality: 65.7,,projection strength: 23.1,role and availability context: 35.0,missing signal count: 5,1,0,0,5,65.7,DATA_NEEDS_LIVE_CONTEXT,NEEDS DATA,NEEDS DATA,NEEDS DATA,HISTORICAL TEST ONLY,NO-GO
,J.Brissett,NE,LAC,QB,rushing,1,42.14,42.14,WATCH,WATCHLIST,WATCH at 42.1. Main support: usage foundation: 66.7; data quality: 65.7. Main caution: projection strength: 22.4; role and availability context: 35.0.,usage foundation: 66.7; data quality: 65.7,"Context V1: defense fit missing/low reliability for some players; game environment missing for some players; weather, route share, first-read share, and coverage are not sourced.",,usage foundation: 66.7,data quality: 65.7,,projection strength: 22.4,role and availability context: 35.0,missing signal count: 5,1,0,0,5,65.7,DATA_NEEDS_LIVE_CONTEXT,NEEDS DATA,NEEDS DATA,NEEDS DATA,HISTORICAL TEST ONLY,NO-GO
,X.Weaver,ARI,,WR,receiving,1,42.11,42.11,WATCH,WATCHLIST,WATCH at 42.1. Main support: usage foundation: 66.7; data quality: 65.7. Main caution: projection strength: 22.3; role and availability context: 35.0.,usage foundation: 66.7; data quality: 65.7,"Context V1: defense fit missing/low reliability for some players; game environment missing for some players; weather, route share, first-read share, and coverage are not sourced.",,usage foundation: 66.7,data quality: 65.7,,projection strength: 22.3,role and availability context: 35.0,missing signal count: 5,1,0,0,5,65.7,DATA_NEEDS_LIVE_CONTEXT,NEEDS DATA,NEEDS DATA,NEEDS DATA,HISTORICAL TEST ONLY,NO-GO
,K.Pickett,PHI,KC,QB,rushing,1,42.03,42.03,WATCH,WATCHLIST,WATCH at 42.0. Main support: usage foundation: 66.7; data quality: 65.7. Main caution: projection strength: 22.1; role and availability context: 35.0.,usage foundation: 66.7; data quality: 65.7,"Context V1: defense fit missing/low reliability for some players; game environment missing for some players; weather, route share, first-read share, and coverage are not sourced.",,usage foundation: 66.7,data quality: 65.7,,projection strength: 22.1,role and availability context: 35.0,missing signal count: 5,1,0,0,5,65.7,DATA_NEEDS_LIVE_CONTEXT,NEEDS DATA,NEEDS DATA,NEEDS DATA,HISTORICAL TEST ONLY,NO-GO
,J.Wayne,HOU,,WR,receiving,1,41.89,41.89,WATCH,WATCHLIST,WATCH at 41.9. Main support: usage foundation: 66.7; data quality: 65.7. Main caution: projection strength: 21.8; role and availability context: 35.0.,usage foundation: 66.7; data quality: 65.7,"Context V1: defense fit missing/low reliability for some players; game environment missing for some players; weather, route share, first-read share, and coverage are not sourced.",,usage foundation: 66.7,data quality: 65.7,,projection strength: 21.8,role and availability context: 35.0,missing signal count: 5,1,0,0,5,65.7,DATA_NEEDS_LIVE_CONTEXT,NEEDS DATA,NEEDS DATA,NEEDS DATA,HISTORICAL TEST ONLY,NO-GO
,J.Wilson,PHI,,WR,receiving,1,41.82,41.82,WATCH,WATCHLIST,WATCH at 41.8. Main support: usage foundation: 66.7; data quality: 65.7. Main caution: projection strength: 21.6; role and availability context: 35.0.,usage foundation: 66.7; data quality: 65.7,"Context V1: defense fit missing/low reliability for some players; game environment missing for some players; weather, route share, first-read share, and coverage are not sourced.",,usage foundation: 66.7,data quality: 65.7,,projection strength: 21.6,role and availability context: 35.0,missing signal count: 5,1,0,0,5,65.7,DATA_NEEDS_LIVE_CONTEXT,NEEDS DATA,NEEDS DATA,NEEDS DATA,HISTORICAL TEST ONLY,NO-GO
,D.Ridder,LV,LAC,QB,rushing,1,41.82,41.82,WATCH,WATCHLIST,WATCH at 41.8. Main support: usage foundation: 66.7; data quality: 65.7. Main caution: projection strength: 21.6; role and availability context: 35.0.,usage foundation: 66.7; data quality: 65.7,"Context V1: defense fit missing/low reliability for some players; game environment missing for some players; weather, route share, first-read share, and coverage are not sourced.",,usage foundation: 66.7,data quality: 65.7,,projection strength: 21.6,role and availability context: 35.0,missing signal count: 5,1,0,0,5,65.7,DATA_NEEDS_LIVE_CONTEXT,NEEDS DATA,NEEDS DATA,NEEDS DATA,HISTORICAL TEST ONLY,NO-GO
,E.Ezukanma,MIA,,WR,receiving,1,41.75,41.75,WATCH,WATCHLIST,WATCH at 41.8. Main support: usage foundation: 66.7; data quality: 65.7. Main caution: projection strength: 21.5; role and availability context: 35.0.,usage foundation: 66.7; data quality: 65.7,"Context V1: defense fit missing/low reliability for some players; game environment missing for some players; weather, route share, first-read share, and coverage are not sourced.",,usage foundation: 66.7,data quality: 65.7,,projection strength: 21.5,role and availability context: 35.0,missing signal count: 5,1,0,0,5,65.7,DATA_NEEDS_LIVE_CONTEXT,NEEDS DATA,NEEDS DATA,NEEDS DATA,HISTORICAL TEST ONLY,NO-GO
,Z.Davidson,BUF,,TE,receiving,1,41.72,41.72,WATCH,WATCHLIST,WATCH at 41.7. Main support: usage foundation: 66.7; data quality: 65.7. Main caution: projection strength: 21.4; role and availability context: 35.0.,usage foundation: 66.7; data quality: 65.7,"Context V1: defense fit missing/low reliability for some players; game environment missing for some players; weather, route share, first-read share, and coverage are not sourced.",,usage foundation: 66.7,data quality: 65.7,,projection strength: 21.4,role and availability context: 35.0,missing signal count: 5,1,0,0,5,65.7,DATA_NEEDS_LIVE_CONTEXT,NEEDS DATA,NEEDS DATA,NEEDS DATA,HISTORICAL TEST ONLY,NO-GO
00-0033949,J.Dobbs,SF,ARI,QB,passing,1,41.56,41.56,WATCH,WATCHLIST,WATCH at 41.6. Main support: recent form: 99.0; data quality: 79.0. Main caution: projection strength: 18.5; usage foundation: 33.3.,recent form: 99.0; data quality: 79.0,"Context V1: defense fit missing/low reliability for some players; game environment missing for some players; weather, route share, first-read share, and coverage are not sourced.",,recent form: 99.0,data quality: 79.0,,projection strength: 18.5,usage foundation: 33.3,role and availability context: 35.0,1,0,0,3,79.0,DATA_NEEDS_LIVE_CONTEXT,NEEDS DATA,NEEDS DATA,NEEDS DATA,HISTORICAL TEST ONLY,NO-GO
00-0039150,B.Young,CAR,ATL,QB,passing,1,41.38,41.38,WATCH,WATCHLIST,WATCH at 41.4. Main support: recent form: 99.2; opponent defense fit: 87.0. Main caution: projection strength: 3.7; usage foundation: 33.3.,recent form: 99.2; opponent defense fit: 87.0,"Context V1: defense fit missing/low reliability for some players; game environment missing for some players; weather, route share, first-read share, and coverage are not sourced.",,recent form: 99.2,opponent defense fit: 87.0,data quality: 79.0,projection strength: 3.7,usage foundation: 33.3,role and availability context: 35.0,2,0,0,3,79.0,DATA_NEEDS_LIVE_CONTEXT,NEEDS DATA,NEEDS DATA,NEEDS DATA,HISTORICAL TEST ONLY,NO-GO
,G.Holani,SEA,,RB,receiving,2,41.33,41.33,WATCH,WATCHLIST,WATCH at 41.3. Main support: usage foundation: 66.7; data quality: 65.7. Main caution: projection strength: 20.5; role and availability context: 35.0.,usage foundation: 66.7; data quality: 65.7,"Context V1: defense fit missing/low reliability for some players; game environment missing for some players; weather, route share, first-read share, and coverage are not sourced.",,usage foundation: 66.7,data quality: 65.7,,projection strength: 20.5,role and availability context: 35.0,missing signal count: 5,1,0,0,5,65.7,DATA_NEEDS_LIVE_CONTEXT,NEEDS DATA,NEEDS DATA,NEEDS DATA,HISTORICAL TEST ONLY,NO-GO
,S.Clifford,GB,MIN,QB,rushing,1,41.0,41.0,WATCH,WATCHLIST,WATCH at 41.0. Main support: usage foundation: 66.7; data quality: 65.7. Main caution: projection strength: 19.8; role and availability context: 35.0.,usage foundation: 66.7; data quality: 65.7,"Context V1: defense fit missing/low reliability for some players; game environment missing for some players; weather, route share, first-read share, and coverage are not sourced.",,usage foundation: 66.7,data quality: 65.7,,projection strength: 19.8,role and availability context: 35.0,missing signal count: 5,1,0,0,5,65.7,DATA_NEEDS_LIVE_CONTEXT,NEEDS DATA,NEEDS DATA,NEEDS DATA,HISTORICAL TEST ONLY,NO-GO
,B.Hoyer,LV,CHI,QB,rushing,1,40.84,40.84,WATCH,WATCHLIST,WATCH at 40.8. Main support: usage foundation: 66.7; data quality: 65.7. Main caution: projection strength: 19.4; role and availability context: 35.0.,usage foundation: 66.7; data quality: 65.7,"Context V1: defense fit missing/low reliability for some players; game environment missing for some players; weather, route share, first-read share, and coverage are not sourced.",,usage foundation: 66.7,data quality: 65.7,,projection strength: 19.4,role and availability context: 35.0,missing signal count: 5,1,0,0,5,65.7,DATA_NEEDS_LIVE_CONTEXT,NEEDS DATA,NEEDS DATA,NEEDS DATA,HISTORICAL TEST ONLY,NO-GO
,A.Okwuegbunam,PHI,,TE,receiving,1,40.67,40.67,WATCH,WATCHLIST,WATCH at 40.7. Main support: usage foundation: 66.7; data quality: 65.7. Main caution: projection strength: 19.0; role and availability context: 35.0.,usage foundation: 66.7; data quality: 65.7,"Context V1: defense fit missing/low reliability for some players; game environment missing for some players; weather, route share, first-read share, and coverage are not sourced.",,usage foundation: 66.7,data quality: 65.7,,projection strength: 19.0,role and availability context: 35.0,missing signal count: 5,1,0,0,5,65.7,DATA_NEEDS_LIVE_CONTEXT,NEEDS DATA,NEEDS DATA,NEEDS DATA,HISTORICAL TEST ONLY,NO-GO
,T.Williams,CIN,,RB,receiving,2,40.35,40.35,WATCH,WATCHLIST,WATCH at 40.4. Main support: usage foundation: 66.7; data quality: 65.7. Main caution: projection strength: 18.3; role and availability context: 35.0.,usage foundation: 66.7; data quality: 65.7,"Context V1: defense fit missing/low reliability for some players; game environment missing for some players; weather, route share, first-read share, and coverage are not sourced.",,usage foundation: 66.7,data quality: 65.7,,projection strength: 18.3,role and availability context: 35.0,missing signal count: 5,1,0,0,5,65.7,DATA_NEEDS_LIVE_CONTEXT,NEEDS DATA,NEEDS DATA,NEEDS DATA,HISTORICAL TEST ONLY,NO-GO
,T.Bagent,CHI,MIN,QB,rushing,1,40.06,40.06,WATCH,WATCHLIST,WATCH at 40.1. Main support: usage foundation: 66.7; data quality: 65.7. Main caution: projection strength: 17.6; role and availability context: 35.0.,usage foundation: 66.7; data quality: 65.7,"Context V1: defense fit missing/low reliability for some players; game environment missing for some players; weather, route share, first-read share, and coverage are not sourced.",,usage foundation: 66.7,data quality: 65.7,,projection strength: 17.6,role and availability context: 35.0,missing signal count: 5,1,0,0,5,65.7,DATA_NEEDS_LIVE_CONTEXT,NEEDS DATA,NEEDS DATA,NEEDS DATA,HISTORICAL TEST ONLY,NO-GO
,T.Kennedy,DET,,WR,receiving,1,40.02,40.02,WATCH,WATCHLIST,WATCH at 40.0. Main support: usage foundation: 66.7; data quality: 65.7. Main caution: projection strength: 17.5; role and availability context: 35.0.,usage foundation: 66.7; data quality: 65.7,"Context V1: defense fit missing/low reliability for some players; game environment missing for some players; weather, route share, first-read share, and coverage are not sourced.",,usage foundation: 66.7,data quality: 65.7,,projection strength: 17.5,role and availability context: 35.0,missing signal count: 5,1,0,0,5,65.7,DATA_NEEDS_LIVE_CONTEXT,NEEDS DATA,NEEDS DATA,NEEDS DATA,HISTORICAL TEST ONLY,NO-GO
,A.McFarland,PIT,,RB,receiving,1,39.87,39.87,REVIEW,PRIORITY_REVIEW,REVIEW at 39.9. Main support: usage foundation: 66.7; data quality: 65.7. Main caution: projection strength: 17.2; role and availability context: 35.0.,usage foundation: 66.7; data quality: 65.7,"Context V1: defense fit missing/low reliability for some players; game environment missing for some players; weather, route share, first-read share, and coverage are not sourced.",,usage foundation: 66.7,data quality: 65.7,,projection strength: 17.2,role and availability context: 35.0,missing signal count: 5,1,0,0,5,65.7,DATA_NEEDS_LIVE_CONTEXT,NEEDS DATA,NEEDS DATA,NEEDS DATA,HISTORICAL TEST ONLY,NO-GO
,K.Trask,TB,CAR,QB,rushing,1,39.34,39.34,REVIEW,PRIORITY_REVIEW,REVIEW at 39.3. Main support: usage foundation: 66.7; data quality: 65.7. Main caution: projection strength: 16.0; role and availability context: 35.0.,usage foundation: 66.7; data quality: 65.7,"Context V1: defense fit missing/low reliability for some players; game environment missing for some players; weather, route share, first-read share, and coverage are not sourced.",,usage foundation: 66.7,data quality: 65.7,,projection strength: 16.0,role and availability context: 35.0,missing signal count: 5,1,0,0,5,65.7,DATA_NEEDS_LIVE_CONTEXT,NEEDS DATA,NEEDS DATA,NEEDS DATA,HISTORICAL TEST ONLY,NO-GO
,B.Berrios,MIA,,WR,receiving,1,39.16,39.16,REVIEW,PRIORITY_REVIEW,REVIEW at 39.2. Main support: usage foundation: 66.7; data quality: 65.7. Main caution: projection strength: 15.6; role and availability context: 35.0.,usage foundation: 66.7; data quality: 65.7,"Context V1: defense fit missing/low reliability for some players; game environment missing for some players; weather, route share, first-read share, and coverage are not sourced.",,usage foundation: 66.7,data quality: 65.7,,projection strength: 15.6,role and availability context: 35.0,missing signal count: 5,1,0,0,5,65.7,DATA_NEEDS_LIVE_CONTEXT,NEEDS DATA,NEEDS DATA,NEEDS DATA,HISTORICAL TEST ONLY,NO-GO
,A.McCarron,CIN,CLE,QB,passing,1,38.98,38.98,REVIEW,PRIORITY_REVIEW,REVIEW at 39.0. Main support: usage foundation: 66.7; data quality: 65.7. Main caution: projection strength: 15.2; role and availability context: 35.0.,usage foundation: 66.7; data quality: 65.7,"Context V1: defense fit missing/low reliability for some players; game environment missing for some players; weather, route share, first-read share, and coverage are not sourced.",,usage foundation: 66.7,data quality: 65.7,,projection strength: 15.2,role and availability context: 35.0,missing signal count: 5,1,0,0,5,65.7,DATA_NEEDS_LIVE_CONTEXT,NEEDS DATA,NEEDS DATA,NEEDS DATA,HISTORICAL TEST ONLY,NO-GO
,B.Brooks,HOU,,RB,receiving,2,38.98,38.98,REVIEW,PRIORITY_REVIEW,REVIEW at 39.0. Main support: usage foundation: 66.7; data quality: 65.7. Main caution: projection strength: 15.2; role and availability context: 35.0.,usage foundation: 66.7; data quality: 65.7,"Context V1: defense fit missing/low reliability for some players; game environment missing for some players; weather, route share, first-read share, and coverage are not sourced.",,usage foundation: 66.7,data quality: 65.7,,projection strength: 15.2,role and availability context: 35.0,missing signal count: 5,1,0,0,5,65.7,DATA_NEEDS_LIVE_CONTEXT,NEEDS DATA,NEEDS DATA,NEEDS DATA,HISTORICAL TEST ONLY,NO-GO
,G.Minshew,LV,DEN,QB,rushing,1,38.88,38.88,REVIEW,PRIORITY_REVIEW,REVIEW at 38.9. Main support: usage foundation: 66.7; data quality: 65.7. Main caution: projection strength: 14.9; role and availability context: 35.0.,usage foundation: 66.7; data quality: 65.7,"Context V1: defense fit missing/low reliability for some players; game environment missing for some players; weather, route share, first-read share, and coverage are not sourced.",,usage foundation: 66.7,data quality: 65.7,,projection strength: 14.9,role and availability context: 35.0,missing signal count: 5,1,0,0,5,65.7,DATA_NEEDS_LIVE_CONTEXT,NEEDS DATA,NEEDS DATA,NEEDS DATA,HISTORICAL TEST ONLY,NO-GO
,K.Nwangwu,NYJ,,RB,receiving,2,38.39,38.39,REVIEW,PRIORITY_REVIEW,REVIEW at 38.4. Main support: usage foundation: 66.7; data quality: 65.7. Main caution: projection strength: 13.8; role and availability context: 35.0.,usage foundation: 66.7; data quality: 65.7,"Context V1: defense fit missing/low reliability for some players; game environment missing for some players; weather, route share, first-read share, and coverage are not sourced.",,usage foundation: 66.7,data quality: 65.7,,projection strength: 13.8,role and availability context: 35.0,missing signal count: 5,1,0,0,5,65.7,DATA_NEEDS_LIVE_CONTEXT,NEEDS DATA,NEEDS DATA,NEEDS DATA,HISTORICAL TEST ONLY,NO-GO
,M.Stafford,LA,PHI,QB,rushing,2,38.26,38.26,REVIEW,PRIORITY_REVIEW,REVIEW at 38.3. Main support: usage foundation: 66.7; data quality: 65.7. Main caution: projection strength: 13.5; role and availability context: 35.0.,usage foundation: 66.7; data quality: 65.7,"Context V1: defense fit missing/low reliability for some players; game environment missing for some players; weather, route share, first-read share, and coverage are not sourced.",,usage foundation: 66.7,data quality: 65.7,,projection strength: 13.5,role and availability context: 35.0,missing signal count: 5,1,0,0,5,65.7,DATA_NEEDS_LIVE_CONTEXT,NEEDS DATA,NEEDS DATA,NEEDS DATA,HISTORICAL TEST ONLY,NO-GO
,E.Jenkins,PHI,,TE,receiving,1,38.23,38.23,REVIEW,PRIORITY_REVIEW,REVIEW at 38.2. Main support: usage foundation: 66.7; data quality: 65.7. Main caution: projection strength: 13.4; role and availability context: 35.0.,usage foundation: 66.7; data quality: 65.7,"Context V1: defense fit missing/low reliability for some players; game environment missing for some players; weather, route share, first-read share, and coverage are not sourced.",,usage foundation: 66.7,data quality: 65.7,,projection strength: 13.4,role and availability context: 35.0,missing signal count: 5,1,0,0,5,65.7,DATA_NEEDS_LIVE_CONTEXT,NEEDS DATA,NEEDS DATA,NEEDS DATA,HISTORICAL TEST ONLY,NO-GO
,J.Fortson,KC,,TE,receiving,1,37.95,37.95,REVIEW,PRIORITY_REVIEW,REVIEW at 38.0. Main support: usage foundation: 66.7; data quality: 65.7. Main caution: projection strength: 12.8; role and availability context: 35.0.,usage foundation: 66.7; data quality: 65.7,"Context V1: defense fit missing/low reliability for some players; game environment missing for some players; weather, route share, first-read share, and coverage are not sourced.",,usage foundation: 66.7,data quality: 65.7,,projection strength: 12.8,role and availability context: 35.0,missing signal count: 5,1,0,0,5,65.7,DATA_NEEDS_LIVE_CONTEXT,NEEDS DATA,NEEDS DATA,NEEDS DATA,HISTORICAL TEST ONLY,NO-GO
,C.Collier,LV,,RB,receiving,2,37.9,37.9,REVIEW,PRIORITY_REVIEW,REVIEW at 37.9. Main support: usage foundation: 66.7; data quality: 65.7. Main caution: projection strength: 12.7; role and availability context: 35.0.,usage foundation: 66.7; data quality: 65.7,"Context V1: defense fit missing/low reliability for some players; game environment missing for some players; weather, route share, first-read share, and coverage are not sourced.",,usage foundation: 66.7,data quality: 65.7,,projection strength: 12.7,role and availability context: 35.0,missing signal count: 5,1,0,0,5,65.7,DATA_NEEDS_LIVE_CONTEXT,NEEDS DATA,NEEDS DATA,NEEDS DATA,HISTORICAL TEST ONLY,NO-GO
,K.Johnson,TB,,WR,receiving,1,37.87,37.87,REVIEW,PRIORITY_REVIEW,REVIEW at 37.9. Main support: usage foundation: 66.7; data quality: 65.7. Main caution: projection strength: 12.6; role and availability context: 35.0.,usage foundation: 66.7; data quality: 65.7,"Context V1: defense fit missing/low reliability for some players; game environment missing for some players; weather, route share, first-read share, and coverage are not sourced.",,usage foundation: 66.7,data quality: 65.7,,projection strength: 12.6,role and availability context: 35.0,missing signal count: 5,1,0,0,5,65.7,DATA_NEEDS_LIVE_CONTEXT,NEEDS DATA,NEEDS DATA,NEEDS DATA,HISTORICAL TEST ONLY,NO-GO
,C.Wentz,KC,DEN,QB,rushing,1,37.57,37.57,REVIEW,PRIORITY_REVIEW,REVIEW at 37.6. Main support: usage foundation: 66.7; data quality: 65.7. Main caution: projection strength: 11.9; role and availability context: 35.0.,usage foundation: 66.7; data quality: 65.7,"Context V1: defense fit missing/low reliability for some players; game environment missing for some players; weather, route share, first-read share, and coverage are not sourced.",,usage foundation: 66.7,data quality: 65.7,,projection strength: 11.9,role and availability context: 35.0,missing signal count: 5,1,0,0,5,65.7,DATA_NEEDS_LIVE_CONTEXT,NEEDS DATA,NEEDS DATA,NEEDS DATA,HISTORICAL TEST ONLY,NO-GO
,S.Moore,KC,,WR,receiving,1,37.23,37.23,REVIEW,PRIORITY_REVIEW,REVIEW at 37.2. Main support: usage foundation: 66.7; data quality: 65.7. Main caution: projection strength: 11.2; role and availability context: 35.0.,usage foundation: 66.7; data quality: 65.7,"Context V1: defense fit missing/low reliability for some players; game environment missing for some players; weather, route share, first-read share, and coverage are not sourced.",,usage foundation: 66.7,data quality: 65.7,,projection strength: 11.2,role and availability context: 35.0,missing signal count: 5,1,0,0,5,65.7,DATA_NEEDS_LIVE_CONTEXT,NEEDS DATA,NEEDS DATA,NEEDS DATA,HISTORICAL TEST ONLY,NO-GO
,A.Beck,HOU,,RB,receiving,2,36.92,36.92,REVIEW,PRIORITY_REVIEW,REVIEW at 36.9. Main support: usage foundation: 66.7; data quality: 65.7. Main caution: projection strength: 10.4; role and availability context: 35.0.,usage foundation: 66.7; data quality: 65.7,"Context V1: defense fit missing/low reliability for some players; game environment missing for some players; weather, route share, first-read share, and coverage are not sourced.",,usage foundation: 66.7,data quality: 65.7,,projection strength: 10.4,role and availability context: 35.0,missing signal count: 5,1,0,0,5,65.7,DATA_NEEDS_LIVE_CONTEXT,NEEDS DATA,NEEDS DATA,NEEDS DATA,HISTORICAL TEST ONLY,NO-GO
,D.Laube,LV,,RB,receiving,2,36.62,36.62,REVIEW,PRIORITY_REVIEW,REVIEW at 36.6. Main support: usage foundation: 66.7; data quality: 65.7. Main caution: projection strength: 9.8; role and availability context: 35.0.,usage foundation: 66.7; data quality: 65.7,"Context V1: defense fit missing/low reliability for some players; game environment missing for some players; weather, route share, first-read share, and coverage are not sourced.",,usage foundation: 66.7,data quality: 65.7,,projection strength: 9.8,role and availability context: 35.0,missing signal count: 5,1,0,0,5,65.7,DATA_NEEDS_LIVE_CONTEXT,NEEDS DATA,NEEDS DATA,NEEDS DATA,HISTORICAL TEST ONLY,NO-GO
,A.O'Connell,LV,LAC,QB,rushing,1,36.1,36.1,REVIEW,PRIORITY_REVIEW,REVIEW at 36.1. Main support: usage foundation: 66.7; data quality: 65.7. Main caution: projection strength: 8.6; role and availability context: 35.0.,usage foundation: 66.7; data quality: 65.7,"Context V1: defense fit missing/low reliability for some players; game environment missing for some players; weather, route share, first-read share, and coverage are not sourced.",,usage foundation: 66.7,data quality: 65.7,,projection strength: 8.6,role and availability context: 35.0,missing signal count: 5,1,0,0,5,65.7,DATA_NEEDS_LIVE_CONTEXT,NEEDS DATA,NEEDS DATA,NEEDS DATA,HISTORICAL TEST ONLY,NO-GO
,J.Johnson,NYG,,RB,receiving,1,35.97,35.97,REVIEW,PRIORITY_REVIEW,REVIEW at 36.0. Main support: usage foundation: 66.7; data quality: 65.7. Main caution: projection strength: 8.3; role and availability context: 35.0.,usage foundation: 66.7; data quality: 65.7,"Context V1: defense fit missing/low reliability for some players; game environment missing for some players; weather, route share, first-read share, and coverage are not sourced.",,usage foundation: 66.7,data quality: 65.7,,projection strength: 8.3,role and availability context: 35.0,missing signal count: 5,1,0,0,5,65.7,DATA_NEEDS_LIVE_CONTEXT,NEEDS DATA,NEEDS DATA,NEEDS DATA,HISTORICAL TEST ONLY,NO-GO
,T.Heinicke,LAC,NE,QB,rushing,1,35.6,35.6,REVIEW,PRIORITY_REVIEW,REVIEW at 35.6. Main support: data quality: 65.7. Main caution: projection strength: 26.5; usage foundation: 33.3.,data quality: 65.7,"Context V1: defense fit missing/low reliability for some players; game environment missing for some players; weather, route share, first-read share, and coverage are not sourced.",,data quality: 65.7,,,projection strength: 26.5,usage foundation: 33.3,role and availability context: 35.0,0,0,0,5,65.7,DATA_NEEDS_LIVE_CONTEXT,NEEDS DATA,NEEDS DATA,NEEDS DATA,HISTORICAL TEST ONLY,NO-GO
,M.Ibrahim,DET,,RB,receiving,1,35.49,35.49,REVIEW,PRIORITY_REVIEW,REVIEW at 35.5. Main support: usage foundation: 66.7; data quality: 65.7. Main caution: projection strength: 7.2; role and availability context: 35.0.,usage foundation: 66.7; data quality: 65.7,"Context V1: defense fit missing/low reliability for some players; game environment missing for some players; weather, route share, first-read share, and coverage are not sourced.",,usage foundation: 66.7,data quality: 65.7,,projection strength: 7.2,role and availability context: 35.0,missing signal count: 5,1,0,0,5,65.7,DATA_NEEDS_LIVE_CONTEXT,NEEDS DATA,NEEDS DATA,NEEDS DATA,HISTORICAL TEST ONLY,NO-GO
,J.Browning,CIN,CLE,QB,rushing,1,35.4,35.4,REVIEW,PRIORITY_REVIEW,REVIEW at 35.4. Main support: usage foundation: 66.7; data quality: 65.7. Main caution: projection strength: 7.0; role and availability context: 35.0.,usage foundation: 66.7; data quality: 65.7,"Context V1: defense fit missing/low reliability for some players; game environment missing for some players; weather, route share, first-read share, and coverage are not sourced.",,usage foundation: 66.7,data quality: 65.7,,projection strength: 7.0,role and availability context: 35.0,missing signal count: 5,1,0,0,5,65.7,DATA_NEEDS_LIVE_CONTEXT,NEEDS DATA,NEEDS DATA,NEEDS DATA,HISTORICAL TEST ONLY,NO-GO
,K.Robinson,JAX,,RB,receiving,1,35.25,35.25,REVIEW,PRIORITY_REVIEW,REVIEW at 35.2. Main support: usage foundation: 66.7; data quality: 65.7. Main caution: projection strength: 6.6; role and availability context: 35.0.,usage foundation: 66.7; data quality: 65.7,"Context V1: defense fit missing/low reliability for some players; game environment missing for some players; weather, route share, first-read share, and coverage are not sourced.",,usage foundation: 66.7,data quality: 65.7,,projection strength: 6.6,role and availability context: 35.0,missing signal count: 5,1,0,0,5,65.7,DATA_NEEDS_LIVE_CONTEXT,NEEDS DATA,NEEDS DATA,NEEDS DATA,HISTORICAL TEST ONLY,NO-GO
,G.Igwebuike,PIT,,RB,receiving,1,35.25,35.25,REVIEW,PRIORITY_REVIEW,REVIEW at 35.2. Main support: usage foundation: 66.7; data quality: 65.7. Main caution: projection strength: 6.6; role and availability context: 35.0.,usage foundation: 66.7; data quality: 65.7,"Context V1: defense fit missing/low reliability for some players; game environment missing for some players; weather, route share, first-read share, and coverage are not sourced.",,usage foundation: 66.7,data quality: 65.7,,projection strength: 6.6,role and availability context: 35.0,missing signal count: 5,1,0,0,5,65.7,DATA_NEEDS_LIVE_CONTEXT,NEEDS DATA,NEEDS DATA,NEEDS DATA,HISTORICAL TEST ONLY,NO-GO
,S.Sullivan,CAR,,TE,receiving,1,34.93,34.93,REVIEW,PRIORITY_REVIEW,REVIEW at 34.9. Main support: usage foundation: 66.7; data quality: 65.7. Main caution: projection strength: 5.9; role and availability context: 35.0.,usage foundation: 66.7; data quality: 65.7,"Context V1: defense fit missing/low reliability for some players; game environment missing for some players; weather, route share, first-read share, and coverage are not sourced.",,usage foundation: 66.7,data quality: 65.7,,projection strength: 5.9,role and availability context: 35.0,missing signal count: 5,1,0,0,5,65.7,DATA_NEEDS_LIVE_CONTEXT,NEEDS DATA,NEEDS DATA,NEEDS DATA,HISTORICAL TEST ONLY,NO-GO
,T.Hairston,HOU,,RB,receiving,1,34.84,34.84,REVIEW,PRIORITY_REVIEW,REVIEW at 34.8. Main support: usage foundation: 66.7; data quality: 65.7. Main caution: projection strength: 5.7; role and availability context: 35.0.,usage foundation: 66.7; data quality: 65.7,"Context V1: defense fit missing/low reliability for some players; game environment missing for some players; weather, route share, first-read share, and coverage are not sourced.",,usage foundation: 66.7,data quality: 65.7,,projection strength: 5.7,role and availability context: 35.0,missing signal count: 5,1,0,0,5,65.7,DATA_NEEDS_LIVE_CONTEXT,NEEDS DATA,NEEDS DATA,NEEDS DATA,HISTORICAL TEST ONLY,NO-GO
,D.Miller,NYG,,RB,receiving,1,34.54,34.54,REVIEW,PRIORITY_REVIEW,REVIEW at 34.5. Main support: usage foundation: 66.7; data quality: 65.7. Main caution: projection strength: 5.0; role and availability context: 35.0.,usage foundation: 66.7; data quality: 65.7,"Context V1: defense fit missing/low reliability for some players; game environment missing for some players; weather, route share, first-read share, and coverage are not sourced.",,usage foundation: 66.7,data quality: 65.7,,projection strength: 5.0,role and availability context: 35.0,missing signal count: 5,1,0,0,5,65.7,DATA_NEEDS_LIVE_CONTEXT,NEEDS DATA,NEEDS DATA,NEEDS DATA,HISTORICAL TEST ONLY,NO-GO
,D.Williams,TB,,RB,receiving,1,34.47,34.47,REVIEW,PRIORITY_REVIEW,REVIEW at 34.5. Main support: usage foundation: 66.7; data quality: 65.7. Main caution: projection strength: 4.8; role and availability context: 35.0.,usage foundation: 66.7; data quality: 65.7,"Context V1: defense fit missing/low reliability for some players; game environment missing for some players; weather, route share, first-read share, and coverage are not sourced.",,usage foundation: 66.7,data quality: 65.7,,projection strength: 4.8,role and availability context: 35.0,missing signal count: 5,1,0,0,5,65.7,DATA_NEEDS_LIVE_CONTEXT,NEEDS DATA,NEEDS DATA,NEEDS DATA,HISTORICAL TEST ONLY,NO-GO
,M.Davis,DAL,,RB,receiving,1,34.33,34.33,REVIEW,PRIORITY_REVIEW,REVIEW at 34.3. Main support: usage foundation: 66.7; data quality: 65.7. Main caution: projection strength: 4.5; role and availability context: 35.0.,usage foundation: 66.7; data quality: 65.7,"Context V1: defense fit missing/low reliability for some players; game environment missing for some players; weather, route share, first-read share, and coverage are not sourced.",,usage foundation: 66.7,data quality: 65.7,,projection strength: 4.5,role and availability context: 35.0,missing signal count: 5,1,0,0,5,65.7,DATA_NEEDS_LIVE_CONTEXT,NEEDS DATA,NEEDS DATA,NEEDS DATA,HISTORICAL TEST ONLY,NO-GO
,H.Hooker,DET,JAX,QB,rushing,1,34.32,34.32,REVIEW,PRIORITY_REVIEW,REVIEW at 34.3. Main support: usage foundation: 66.7; data quality: 65.7. Main caution: projection strength: 4.5; role and availability context: 35.0.,usage foundation: 66.7; data quality: 65.7,"Context V1: defense fit missing/low reliability for some players; game environment missing for some players; weather, route share, first-read share, and coverage are not sourced.",,usage foundation: 66.7,data quality: 65.7,,projection strength: 4.5,role and availability context: 35.0,missing signal count: 5,1,0,0,5,65.7,DATA_NEEDS_LIVE_CONTEXT,NEEDS DATA,NEEDS DATA,NEEDS DATA,HISTORICAL TEST ONLY,NO-GO
,D.Washington,DEN,,RB,receiving,1,34.13,34.13,REVIEW,PRIORITY_REVIEW,REVIEW at 34.1. Main support: usage foundation: 66.7; data quality: 65.7. Main caution: projection strength: 4.1; role and availability context: 35.0.,usage foundation: 66.7; data quality: 65.7,"Context V1: defense fit missing/low reliability for some players; game environment missing for some players; weather, route share, first-read share, and coverage are not sourced.",,usage foundation: 66.7,data quality: 65.7,,projection strength: 4.1,role and availability context: 35.0,missing signal count: 5,1,0,0,5,65.7,DATA_NEEDS_LIVE_CONTEXT,NEEDS DATA,NEEDS DATA,NEEDS DATA,HISTORICAL TEST ONLY,NO-GO
,B.Bates,CLE,,TE,receiving,1,33.93,33.93,REVIEW,PRIORITY_REVIEW,REVIEW at 33.9. Main support: usage foundation: 66.7; data quality: 65.7. Main caution: projection strength: 3.6; role and availability context: 35.0.,usage foundation: 66.7; data quality: 65.7,"Context V1: defense fit missing/low reliability for some players; game environment missing for some players; weather, route share, first-read share, and coverage are not sourced.",,usage foundation: 66.7,data quality: 65.7,,projection strength: 3.6,role and availability context: 35.0,missing signal count: 5,1,0,0,5,65.7,DATA_NEEDS_LIVE_CONTEXT,NEEDS DATA,NEEDS DATA,NEEDS DATA,HISTORICAL TEST ONLY,NO-GO
,B.Willis,SF,,TE,receiving,1,33.28,33.28,REVIEW,PRIORITY_REVIEW,REVIEW at 33.3. Main support: usage foundation: 66.7; data quality: 65.7. Main caution: projection strength: 2.1; role and availability context: 35.0.,usage foundation: 66.7; data quality: 65.7,"Context V1: defense fit missing/low reliability for some players; game environment missing for some players; weather, route share, first-read share, and coverage are not sourced.",,usage foundation: 66.7,data quality: 65.7,,projection strength: 2.1,role and availability context: 35.0,missing signal count: 5,1,0,0,5,65.7,DATA_NEEDS_LIVE_CONTEXT,NEEDS DATA,NEEDS DATA,NEEDS DATA,HISTORICAL TEST ONLY,NO-GO
,A.Prentice,NO,,RB,receiving,2,32.34,32.34,REVIEW,PRIORITY_REVIEW,REVIEW at 32.3. Main support: data quality: 65.7. Main caution: projection strength: 19.0; usage foundation: 33.3.,data quality: 65.7,"Context V1: defense fit missing/low reliability for some players; game environment missing for some players; weather, route share, first-read share, and coverage are not sourced.",,data quality: 65.7,,,projection strength: 19.0,usage foundation: 33.3,role and availability context: 35.0,0,0,0,5,65.7,DATA_NEEDS_LIVE_CONTEXT,NEEDS DATA,NEEDS DATA,NEEDS DATA,HISTORICAL TEST ONLY,NO-GO
,J.Winston,CLE,KC,QB,rushing,1,31.2,31.2,REVIEW,PRIORITY_REVIEW,REVIEW at 31.2. Main support: data quality: 65.7. Main caution: projection strength: 16.4; usage foundation: 33.3.,data quality: 65.7,"Context V1: defense fit missing/low reliability for some players; game environment missing for some players; weather, route share, first-read share, and coverage are not sourced.",,data quality: 65.7,,,projection strength: 16.4,usage foundation: 33.3,role and availability context: 35.0,0,0,0,5,65.7,DATA_NEEDS_LIVE_CONTEXT,NEEDS DATA,NEEDS DATA,NEEDS DATA,HISTORICAL TEST ONLY,NO-GO
,A.Rodgers,NYJ,MIA,QB,rushing,1,31.03,31.03,REVIEW,PRIORITY_REVIEW,REVIEW at 31.0. Main support: data quality: 65.7. Main caution: projection strength: 16.0; usage foundation: 33.3.,data quality: 65.7,"Context V1: defense fit missing/low reliability for some players; game environment missing for some players; weather, route share, first-read share, and coverage are not sourced.",,data quality: 65.7,,,projection strength: 16.0,usage foundation: 33.3,role and availability context: 35.0,0,0,0,5,65.7,DATA_NEEDS_LIVE_CONTEXT,NEEDS DATA,NEEDS DATA,NEEDS DATA,HISTORICAL TEST ONLY,NO-GO
,C.Oladokun,KC,DEN,QB,rushing,1,29.73,29.73,REVIEW,PRIORITY_REVIEW,REVIEW at 29.7. Main support: data quality: 65.7. Main caution: projection strength: 13.1; usage foundation: 33.3.,data quality: 65.7,"Context V1: defense fit missing/low reliability for some players; game environment missing for some players; weather, route share, first-read share, and coverage are not sourced.",,data quality: 65.7,,,projection strength: 13.1,usage foundation: 33.3,role and availability context: 35.0,0,0,0,5,65.7,DATA_NEEDS_LIVE_CONTEXT,NEEDS DATA,NEEDS DATA,NEEDS DATA,HISTORICAL TEST ONLY,NO-GO
,K.Juszczyk,SF,,FB,receiving,1,29.55,29.55,REVIEW,PRIORITY_REVIEW,REVIEW at 29.6. Main support: data quality: 65.7. Main caution: projection strength: 12.7; usage foundation: 33.3.,data quality: 65.7,"Context V1: defense fit missing/low reliability for some players; game environment missing for some players; weather, route share, first-read share, and coverage are not sourced.",,data quality: 65.7,,,projection strength: 12.7,usage foundation: 33.3,role and availability context: 35.0,0,0,0,5,65.7,DATA_NEEDS_LIVE_CONTEXT,NEEDS DATA,NEEDS DATA,NEEDS DATA,HISTORICAL TEST ONLY,NO-GO
,J.Johnson,BAL,HOU,QB,rushing,1,29.22,29.22,REVIEW,PRIORITY_REVIEW,REVIEW at 29.2. Main support: data quality: 65.7. Main caution: projection strength: 11.9; usage foundation: 33.3.,data quality: 65.7,"Context V1: defense fit missing/low reliability for some players; game environment missing for some players; weather, route share, first-read share, and coverage are not sourced.",,data quality: 65.7,,,projection strength: 11.9,usage foundation: 33.3,role and availability context: 35.0,0,0,0,5,65.7,DATA_NEEDS_LIVE_CONTEXT,NEEDS DATA,NEEDS DATA,NEEDS DATA,HISTORICAL TEST ONLY,NO-GO
,B.Zappe,CLE,BAL,QB,rushing,1,28.75,28.75,REVIEW,PRIORITY_REVIEW,REVIEW at 28.8. Main support: data quality: 65.7. Main caution: projection strength: 10.8; usage foundation: 33.3.,data quality: 65.7,"Context V1: defense fit missing/low reliability for some players; game environment missing for some players; weather, route share, first-read share, and coverage are not sourced.",,data quality: 65.7,,,projection strength: 10.8,usage foundation: 33.3,role and availability context: 35.0,0,0,0,5,65.7,DATA_NEEDS_LIVE_CONTEXT,NEEDS DATA,NEEDS DATA,NEEDS DATA,HISTORICAL TEST ONLY,NO-GO
,B.VanSumeren,PHI,,RB,receiving,1,28.39,28.39,REVIEW,PRIORITY_REVIEW,REVIEW at 28.4. Main support: data quality: 65.7. Main caution: projection strength: 10.0; usage foundation: 33.3.,data quality: 65.7,"Context V1: defense fit missing/low reliability for some players; game environment missing for some players; weather, route share, first-read share, and coverage are not sourced.",,data quality: 65.7,,,projection strength: 10.0,usage foundation: 33.3,role and availability context: 35.0,0,0,0,5,65.7,DATA_NEEDS_LIVE_CONTEXT,NEEDS DATA,NEEDS DATA,NEEDS DATA,HISTORICAL TEST ONLY,NO-GO
,J.Haener,NO,WAS,QB,rushing,1,27.44,27.44,REVIEW,PRIORITY_REVIEW,REVIEW at 27.4. Main support: data quality: 65.7. Main caution: projection strength: 7.8; usage foundation: 33.3.,data quality: 65.7,"Context V1: defense fit missing/low reliability for some players; game environment missing for some players; weather, route share, first-read share, and coverage are not sourced.",,data quality: 65.7,,,projection strength: 7.8,usage foundation: 33.3,role and availability context: 35.0,0,0,0,5,65.7,DATA_NEEDS_LIVE_CONTEXT,NEEDS DATA,NEEDS DATA,NEEDS DATA,HISTORICAL TEST ONLY,NO-GO
,C.Ham,MIN,,FB,receiving,1,27.37,27.37,REVIEW,PRIORITY_REVIEW,REVIEW at 27.4. Main support: data quality: 65.7. Main caution: projection strength: 7.7; usage foundation: 33.3.,data quality: 65.7,"Context V1: defense fit missing/low reliability for some players; game environment missing for some players; weather, route share, first-read share, and coverage are not sourced.",,data quality: 65.7,,,projection strength: 7.7,usage foundation: 33.3,role and availability context: 35.0,0,0,0,5,65.7,DATA_NEEDS_LIVE_CONTEXT,NEEDS DATA,NEEDS DATA,NEEDS DATA,HISTORICAL TEST ONLY,NO-GO
,T.Boyle,NYG,BAL,QB,rushing,1,27.28,27.28,REVIEW,PRIORITY_REVIEW,REVIEW at 27.3. Main support: data quality: 65.7. Main caution: projection strength: 7.5; usage foundation: 33.3.,data quality: 65.7,"Context V1: defense fit missing/low reliability for some players; game environment missing for some players; weather, route share, first-read share, and coverage are not sourced.",,data quality: 65.7,,,projection strength: 7.5,usage foundation: 33.3,role and availability context: 35.0,0,0,0,5,65.7,DATA_NEEDS_LIVE_CONTEXT,NEEDS DATA,NEEDS DATA,NEEDS DATA,HISTORICAL TEST ONLY,NO-GO
,S.Thompson,MIA,SEA,QB,rushing,1,26.95,26.95,REVIEW,PRIORITY_REVIEW,REVIEW at 26.9. Main support: data quality: 65.7. Main caution: projection strength: 6.7; usage foundation: 33.3.,data quality: 65.7,"Context V1: defense fit missing/low reliability for some players; game environment missing for some players; weather, route share, first-read share, and coverage are not sourced.",,data quality: 65.7,,,projection strength: 6.7,usage foundation: 33.3,role and availability context: 35.0,0,0,0,5,65.7,DATA_NEEDS_LIVE_CONTEXT,NEEDS DATA,NEEDS DATA,NEEDS DATA,HISTORICAL TEST ONLY,NO-GO
,D.Mills,HOU,TEN,QB,rushing,1,26.79,26.79,REVIEW,PRIORITY_REVIEW,REVIEW at 26.8. Main support: data quality: 65.7. Main caution: projection strength: 6.3; usage foundation: 33.3.,data quality: 65.7,"Context V1: defense fit missing/low reliability for some players; game environment missing for some players; weather, route share, first-read share, and coverage are not sourced.",,data quality: 65.7,,,projection strength: 6.3,usage foundation: 33.3,role and availability context: 35.0,0,0,0,5,65.7,DATA_NEEDS_LIVE_CONTEXT,NEEDS DATA,NEEDS DATA,NEEDS DATA,HISTORICAL TEST ONLY,NO-GO
,A.Ingold,MIA,,FB,receiving,1,26.07,26.07,REVIEW,PRIORITY_REVIEW,REVIEW at 26.1. Main support: data quality: 65.7. Main caution: projection strength: 4.7; usage foundation: 33.3.,data quality: 65.7,"Context V1: defense fit missing/low reliability for some players; game environment missing for some players; weather, route share, first-read share, and coverage are not sourced.",,data quality: 65.7,,,projection strength: 4.7,usage foundation: 33.3,role and availability context: 35.0,0,0,0,5,65.7,DATA_NEEDS_LIVE_CONTEXT,NEEDS DATA,NEEDS DATA,NEEDS DATA,HISTORICAL TEST ONLY,NO-GO
,K.Allen,PIT,DAL,QB,rushing,1,25.65,25.65,REVIEW,PRIORITY_REVIEW,REVIEW at 25.6. Main support: data quality: 65.7. Main caution: projection strength: 3.7; usage foundation: 33.3.,data quality: 65.7,"Context V1: defense fit missing/low reliability for some players; game environment missing for some players; weather, route share, first-read share, and coverage are not sourced.",,data quality: 65.7,,,projection strength: 3.7,usage foundation: 33.3,role and availability context: 35.0,0,0,0,5,65.7,DATA_NEEDS_LIVE_CONTEXT,NEEDS DATA,NEEDS DATA,NEEDS DATA,HISTORICAL TEST ONLY,NO-GO
,A.Williams,ATL,,RB,receiving,1,25.62,25.62,REVIEW,PRIORITY_REVIEW,REVIEW at 25.6. Main support: data quality: 65.7. Main caution: projection strength: 3.7; usage foundation: 33.3.,data quality: 65.7,"Context V1: defense fit missing/low reliability for some players; game environment missing for some players; weather, route share, first-read share, and coverage are not sourced.",,data quality: 65.7,,,projection strength: 3.7,usage foundation: 33.3,role and availability context: 35.0,0,0,0,5,65.7,DATA_NEEDS_LIVE_CONTEXT,NEEDS DATA,NEEDS DATA,NEEDS DATA,HISTORICAL TEST ONLY,NO-GO
,B.Allen,SF,CHI,QB,rushing,1,25.48,25.48,REVIEW,PRIORITY_REVIEW,REVIEW at 25.5. Main support: data quality: 65.7. Main caution: projection strength: 3.4; usage foundation: 33.3.,data quality: 65.7,"Context V1: defense fit missing/low reliability for some players; game environment missing for some players; weather, route share, first-read share, and coverage are not sourced.",,data quality: 65.7,,,projection strength: 3.4,usage foundation: 33.3,role and availability context: 35.0,0,0,0,5,65.7,DATA_NEEDS_LIVE_CONTEXT,NEEDS DATA,NEEDS DATA,NEEDS DATA,HISTORICAL TEST ONLY,NO-GO
,M.Burton,DEN,,FB,receiving,1,25.24,25.24,REVIEW,PRIORITY_REVIEW,REVIEW at 25.2. Main support: data quality: 65.7. Main caution: projection strength: 2.8; usage foundation: 33.3.,data quality: 65.7,"Context V1: defense fit missing/low reliability for some players; game environment missing for some players; weather, route share, first-read share, and coverage are not sourced.",,data quality: 65.7,,,projection strength: 2.8,usage foundation: 33.3,role and availability context: 35.0,0,0,0,5,65.7,DATA_NEEDS_LIVE_CONTEXT,NEEDS DATA,NEEDS DATA,NEEDS DATA,HISTORICAL TEST ONLY,NO-GO
,J.Kelly,BAL,,RB,receiving,1,24.84,24.84,REVIEW,PRIORITY_REVIEW,REVIEW at 24.8. Main support: data quality: 65.7. Main caution: projection strength: 1.9; usage foundation: 33.3.,data quality: 65.7,"Context V1: defense fit missing/low reliability for some players; game environment missing for some players; weather, route share, first-read share, and coverage are not sourced.",,data quality: 65.7,,,projection strength: 1.9,usage foundation: 33.3,role and availability context: 35.0,0,0,0,5,65.7,DATA_NEEDS_LIVE_CONTEXT,NEEDS DATA,NEEDS DATA,NEEDS DATA,HISTORICAL TEST ONLY,NO-GO
,M.White,BUF,NE,QB,rushing,1,24.83,24.83,REVIEW,PRIORITY_REVIEW,REVIEW at 24.8. Main support: data quality: 65.7. Main caution: projection strength: 1.9; usage foundation: 33.3.,data quality: 65.7,"Context V1: defense fit missing/low reliability for some players; game environment missing for some players; weather, route share, first-read share, and coverage are not sourced.",,data quality: 65.7,,,projection strength: 1.9,usage foundation: 33.3,role and availability context: 35.0,0,0,0,5,65.7,DATA_NEEDS_LIVE_CONTEXT,NEEDS DATA,NEEDS DATA,NEEDS DATA,HISTORICAL TEST ONLY,NO-GO
,J.Cabinda,DET,,FB,receiving,1,24.77,24.77,REVIEW,PRIORITY_REVIEW,REVIEW at 24.8. Main support: data quality: 65.7. Main caution: projection strength: 1.7; usage foundation: 33.3.,data quality: 65.7,"Context V1: defense fit missing/low reliability for some players; game environment missing for some players; weather, route share, first-read share, and coverage are not sourced.",,data quality: 65.7,,,projection strength: 1.7,usage foundation: 33.3,role and availability context: 35.0,0,0,0,5,65.7,DATA_NEEDS_LIVE_CONTEXT,NEEDS DATA,NEEDS DATA,NEEDS DATA,HISTORICAL TEST ONLY,NO-GO
,J.Matthews,CAR,,TE,receiving,1,24.7,24.7,REVIEW,PRIORITY_REVIEW,REVIEW at 24.7. Main support: data quality: 65.7. Main caution: projection strength: 1.6; usage foundation: 33.3.,data quality: 65.7,"Context V1: defense fit missing/low reliability for some players; game environment missing for some players; weather, route share, first-read share, and coverage are not sourced.",,data quality: 65.7,,,projection strength: 1.6,usage foundation: 33.3,role and availability context: 35.0,0,0,0,5,65.7,DATA_NEEDS_LIVE_CONTEXT,NEEDS DATA,NEEDS DATA,NEEDS DATA,HISTORICAL TEST ONLY,NO-GO
,T.Bridgewater,DET,WAS,QB,rushing,1,24.67,24.67,REVIEW,PRIORITY_REVIEW,REVIEW at 24.7. Main support: data quality: 65.7. Main caution: projection strength: 1.5; usage foundation: 33.3.,data quality: 65.7,"Context V1: defense fit missing/low reliability for some players; game environment missing for some players; weather, route share, first-read share, and coverage are not sourced.",,data quality: 65.7,,,projection strength: 1.5,usage foundation: 33.3,role and availability context: 35.0,0,0,0,5,65.7,DATA_NEEDS_LIVE_CONTEXT,NEEDS DATA,NEEDS DATA,NEEDS DATA,HISTORICAL TEST ONLY,NO-GO
,K.Smith,ATL,,FB,receiving,1,24.63,24.63,REVIEW,PRIORITY_REVIEW,REVIEW at 24.6. Main support: data quality: 65.7. Main caution: projection strength: 1.4; usage foundation: 33.3.,data quality: 65.7,"Context V1: defense fit missing/low reliability for some players; game environment missing for some players; weather, route share, first-read share, and coverage are not sourced.",,data quality: 65.7,,,projection strength: 1.4,usage foundation: 33.3,role and availability context: 35.0,0,0,0,5,65.7,DATA_NEEDS_LIVE_CONTEXT,NEEDS DATA,NEEDS DATA,NEEDS DATA,HISTORICAL TEST ONLY,NO-GO
,B.Cupp,KC,,TE,receiving,1,24.56,24.56,REVIEW,PRIORITY_REVIEW,REVIEW at 24.6. Main support: data quality: 65.7. Main caution: projection strength: 1.2; usage foundation: 33.3.,data quality: 65.7,"Context V1: defense fit missing/low reliability for some players; game environment missing for some players; weather, route share, first-read share, and coverage are not sourced.",,data quality: 65.7,,,projection strength: 1.2,usage foundation: 33.3,role and availability context: 35.0,0,0,0,5,65.7,DATA_NEEDS_LIVE_CONTEXT,NEEDS DATA,NEEDS DATA,NEEDS DATA,HISTORICAL TEST ONLY,NO-GO
,C.Tune,ARI,SF,QB,rushing,1,24.5,24.5,REVIEW,PRIORITY_REVIEW,REVIEW at 24.5. Main support: data quality: 65.7. Main caution: projection strength: 1.1; usage foundation: 33.3.,data quality: 65.7,"Context V1: defense fit missing/low reliability for some players; game environment missing for some players; weather, route share, first-read share, and coverage are not sourced.",,data quality: 65.7,,,projection strength: 1.1,usage foundation: 33.3,role and availability context: 35.0,0,0,0,5,65.7,DATA_NEEDS_LIVE_CONTEXT,NEEDS DATA,NEEDS DATA,NEEDS DATA,HISTORICAL TEST ONLY,NO-GO
,P.Ricard,BAL,,FB,receiving,1,24.36,24.36,REVIEW,PRIORITY_REVIEW,REVIEW at 24.4. Main support: data quality: 65.7. Main caution: projection strength: 0.8; usage foundation: 33.3.,data quality: 65.7,"Context V1: defense fit missing/low reliability for some players; game environment missing for some players; weather, route share, first-read share, and coverage are not sourced.",,data quality: 65.7,,,projection strength: 0.8,usage foundation: 33.3,role and availability context: 35.0,0,0,0,5,65.7,DATA_NEEDS_LIVE_CONTEXT,NEEDS DATA,NEEDS DATA,NEEDS DATA,HISTORICAL TEST ONLY,NO-GO
,R.Gilliam,BUF,,FB,receiving,1,24.29,24.29,REVIEW,PRIORITY_REVIEW,REVIEW at 24.3. Main support: data quality: 65.7. Main caution: projection strength: 0.6; usage foundation: 33.3.,data quality: 65.7,"Context V1: defense fit missing/low reliability for some players; game environment missing for some players; weather, route share, first-read share, and coverage are not sourced.",,data quality: 65.7,,,projection strength: 0.6,usage foundation: 33.3,role and availability context: 35.0,0,0,0,5,65.7,DATA_NEEDS_LIVE_CONTEXT,NEEDS DATA,NEEDS DATA,NEEDS DATA,HISTORICAL TEST ONLY,NO-GO
,K.Blasingame,PHI,,FB,receiving,1,24.15,24.15,REVIEW,PRIORITY_REVIEW,REVIEW at 24.1. Main support: data quality: 65.7. Main caution: projection strength: 0.3; usage foundation: 33.3.,data quality: 65.7,"Context V1: defense fit missing/low reliability for some players; game environment missing for some players; weather, route share, first-read share, and coverage are not sourced.",,data quality: 65.7,,,projection strength: 0.3,usage foundation: 33.3,role and availability context: 35.0,0,0,0,5,65.7,DATA_NEEDS_LIVE_CONTEXT,NEEDS DATA,NEEDS DATA,NEEDS DATA,HISTORICAL TEST ONLY,NO-GO
