season,week,player_id,player_name,team,opponent,position,receptions_projection,receiving_yards_projection,rushing_yards_projection,carries_projection,pass_attempts_projection,completions_projection,passing_yards_projection,receiving_market_available,rushing_market_available,passing_market_available,projection_score,usage_foundation_score,recent_form_score,opponent_fit_score,game_script_score,weather_score,role_availability_score,volatility_score,data_quality_score,overall_signal_score,signal_tier,green_signal_count,yellow_signal_count,red_flag_count,missing_signal_count,top_signal_reason,review_reason,blocked_reason,roster_status,role_status,injury_status,readiness_status,usage_status,final_readiness,live_betting_output_created,receptions_confidence_bucket,receptions_quality_flags,receiving_yards_confidence_bucket,receiving_yards_quality_flags,rushing_yards_confidence_bucket,rushing_yards_quality_flags,carries_confidence_bucket,carries_quality_flags,pass_attempts_confidence_bucket,pass_attempts_quality_flags,completions_confidence_bucket,completions_quality_flags,passing_yards_confidence_bucket,passing_yards_quality_flags
2025,1,,J.Taylor,IND,,RB,0.872258025015257,7.774105051191873,85.87558910562794,14.714235572200463,,,,True,True,False,100.0,66.67,,,,,35,55,52,74.28,STRONG_SIGNAL,2,0,0,6,Projection-led limited V1 signal from existing historical-test markets.,"Limited V1: opponent fit, game script, weather, recent form, and live role/injury context are not fully sourced.",,NEEDS DATA,NEEDS DATA,NEEDS DATA,DATA_NEEDS_LIVE_CONTEXT,HISTORICAL TEST ONLY,NO-GO,False,Medium,ROUTE_PROXY_UNVALIDATED|LOW_CURRENT_SAMPLE,Medium,ROUTE_PROXY_UNVALIDATED|LOW_CURRENT_SAMPLE,Medium,ROUTE_PROXY_UNVALIDATED|LOW_CURRENT_SAMPLE,Medium,ROUTE_PROXY_UNVALIDATED|LOW_CURRENT_SAMPLE,,,,,,
2025,1,,S.Barkley,PHI,,RB,1.387257441506324,12.275837977529564,96.84987306664549,11.597620949372056,,,,True,True,False,100.0,66.67,,,,,35,55,52,74.28,STRONG_SIGNAL,2,0,0,6,Projection-led limited V1 signal from existing historical-test markets.,"Limited V1: opponent fit, game script, weather, recent form, and live role/injury context are not fully sourced.",,NEEDS DATA,NEEDS DATA,NEEDS DATA,DATA_NEEDS_LIVE_CONTEXT,HISTORICAL TEST ONLY,NO-GO,False,Medium,ROUTE_PROXY_UNVALIDATED|LOW_CURRENT_SAMPLE,Medium,ROUTE_PROXY_UNVALIDATED|LOW_CURRENT_SAMPLE,Medium,ROUTE_PROXY_UNVALIDATED|LOW_CURRENT_SAMPLE,Medium,ROUTE_PROXY_UNVALIDATED|LOW_CURRENT_SAMPLE,,,,,,
2025,1,,J.Chase,CIN,,WR,5.27720654112724,63.527630601869646,,,,,,True,False,False,100.0,66.67,,,,,35,55,52,74.28,STRONG_SIGNAL,2,0,0,6,Projection-led limited V1 signal from existing historical-test markets.,"Limited V1: opponent fit, game script, weather, recent form, and live role/injury context are not fully sourced.",,NEEDS DATA,NEEDS DATA,NEEDS DATA,DATA_NEEDS_LIVE_CONTEXT,HISTORICAL TEST ONLY,NO-GO,False,Medium,ROUTE_PROXY_UNVALIDATED|LOW_CURRENT_SAMPLE,Medium,ROUTE_PROXY_UNVALIDATED|LOW_CURRENT_SAMPLE,,,,,,,,,,
2025,1,,P.Nacua,LA,,WR,5.176884536794578,61.22063283909125,,,,,,True,False,False,99.84,66.67,,,,,35,55,52,74.21,STRONG_SIGNAL,2,0,0,6,Projection-led limited V1 signal from existing historical-test markets.,"Limited V1: opponent fit, game script, weather, recent form, and live role/injury context are not fully sourced.",,NEEDS DATA,NEEDS DATA,NEEDS DATA,DATA_NEEDS_LIVE_CONTEXT,HISTORICAL TEST ONLY,NO-GO,False,Medium,ROUTE_PROXY_UNVALIDATED|LOW_CURRENT_SAMPLE,Medium,ROUTE_PROXY_UNVALIDATED|LOW_CURRENT_SAMPLE,,,,,,,,,,
2025,1,,T.Higgins,CIN,,WR,4.678326076218257,55.07792274523823,,,,,,True,False,False,99.69,66.67,,,,,35,55,52,74.14,STRONG_SIGNAL,2,0,0,6,Projection-led limited V1 signal from existing historical-test markets.,"Limited V1: opponent fit, game script, weather, recent form, and live role/injury context are not fully sourced.",,NEEDS DATA,NEEDS DATA,NEEDS DATA,DATA_NEEDS_LIVE_CONTEXT,HISTORICAL TEST ONLY,NO-GO,False,Medium,ROUTE_PROXY_UNVALIDATED|LOW_CURRENT_SAMPLE,Medium,ROUTE_PROXY_UNVALIDATED|LOW_CURRENT_SAMPLE,,,,,,,,,,
2025,1,,B.Thomas,JAX,,WR,4.643276467211669,59.96806986613655,,,,,,True,False,False,99.67,66.67,,,,,35,55,52,74.14,STRONG_SIGNAL,2,0,0,6,Projection-led limited V1 signal from existing historical-test markets.,"Limited V1: opponent fit, game script, weather, recent form, and live role/injury context are not fully sourced.",,NEEDS DATA,NEEDS DATA,NEEDS DATA,DATA_NEEDS_LIVE_CONTEXT,HISTORICAL TEST ONLY,NO-GO,False,Medium,ROUTE_PROXY_UNVALIDATED|LOW_CURRENT_SAMPLE,Medium,ROUTE_PROXY_UNVALIDATED|LOW_CURRENT_SAMPLE,,,,,,,,,,
2025,1,,D.Henry,BAL,,RB,0.853633146159767,8.963435255923926,89.29835670086044,14.70748572420501,,,,True,True,False,99.63,66.67,,,,,35,55,52,74.12,STRONG_SIGNAL,2,0,0,6,Projection-led limited V1 signal from existing historical-test markets.,"Limited V1: opponent fit, game script, weather, recent form, and live role/injury context are not fully sourced.",,NEEDS DATA,NEEDS DATA,NEEDS DATA,DATA_NEEDS_LIVE_CONTEXT,HISTORICAL TEST ONLY,NO-GO,False,Medium,ROUTE_PROXY_UNVALIDATED|LOW_CURRENT_SAMPLE,Medium,ROUTE_PROXY_UNVALIDATED|LOW_CURRENT_SAMPLE,Medium,ROUTE_PROXY_UNVALIDATED|LOW_CURRENT_SAMPLE,Medium,ROUTE_PROXY_UNVALIDATED|LOW_CURRENT_SAMPLE,,,,,,
2025,1,,J.Jefferson,MIN,,WR,4.606112699507349,59.82575835858695,,,,,,True,False,False,99.51,66.67,,,,,35,55,52,74.06,STRONG_SIGNAL,2,0,0,6,Projection-led limited V1 signal from existing historical-test markets.,"Limited V1: opponent fit, game script, weather, recent form, and live role/injury context are not fully sourced.",,NEEDS DATA,NEEDS DATA,NEEDS DATA,DATA_NEEDS_LIVE_CONTEXT,HISTORICAL TEST ONLY,NO-GO,False,Medium,ROUTE_PROXY_UNVALIDATED|LOW_CURRENT_SAMPLE,Medium,ROUTE_PROXY_UNVALIDATED|LOW_CURRENT_SAMPLE,,,,,,,,,,
2025,1,,J.Jeudy,CLE,,WR,4.637735465224698,57.01349086518891,,,,,,True,False,False,99.38,66.67,,,,,35,55,52,74.01,STRONG_SIGNAL,2,0,0,6,Projection-led limited V1 signal from existing historical-test markets.,"Limited V1: opponent fit, game script, weather, recent form, and live role/injury context are not fully sourced.",,NEEDS DATA,NEEDS DATA,NEEDS DATA,DATA_NEEDS_LIVE_CONTEXT,HISTORICAL TEST ONLY,NO-GO,False,Medium,ROUTE_PROXY_UNVALIDATED|LOW_CURRENT_SAMPLE,Medium,ROUTE_PROXY_UNVALIDATED|LOW_CURRENT_SAMPLE,,,,,,,,,,
2025,1,,B.Robinson,ATL,,RB,1.316227646115384,11.357287765002628,72.12970822132897,14.253459230476937,,,,True,True,False,99.18,66.67,,,,,35,55,52,73.92,STRONG_SIGNAL,2,0,0,6,Projection-led limited V1 signal from existing historical-test markets.,"Limited V1: opponent fit, game script, weather, recent form, and live role/injury context are not fully sourced.",,NEEDS DATA,NEEDS DATA,NEEDS DATA,DATA_NEEDS_LIVE_CONTEXT,HISTORICAL TEST ONLY,NO-GO,False,Medium,ROUTE_PROXY_UNVALIDATED|LOW_CURRENT_SAMPLE,Medium,ROUTE_PROXY_UNVALIDATED|LOW_CURRENT_SAMPLE,Medium,ROUTE_PROXY_UNVALIDATED|LOW_CURRENT_SAMPLE,Medium,ROUTE_PROXY_UNVALIDATED|LOW_CURRENT_SAMPLE,,,,,,
2025,1,,L.McConkey,LAC,,WR,4.264222073634005,55.21476608866266,,,,,,True,False,False,99.18,66.67,,,,,35,55,52,73.92,STRONG_SIGNAL,2,0,0,6,Projection-led limited V1 signal from existing historical-test markets.,"Limited V1: opponent fit, game script, weather, recent form, and live role/injury context are not fully sourced.",,NEEDS DATA,NEEDS DATA,NEEDS DATA,DATA_NEEDS_LIVE_CONTEXT,HISTORICAL TEST ONLY,NO-GO,False,Medium,ROUTE_PROXY_UNVALIDATED|LOW_CURRENT_SAMPLE,Medium,ROUTE_PROXY_UNVALIDATED|LOW_CURRENT_SAMPLE,,,,,,,,,,
2025,1,,A.St. Brown,DET,,WR,4.437743951508125,53.322559832526856,,,,,,True,False,False,99.06,66.67,,,,,35,55,52,73.86,STRONG_SIGNAL,2,0,0,6,Projection-led limited V1 signal from existing historical-test markets.,"Limited V1: opponent fit, game script, weather, recent form, and live role/injury context are not fully sourced.",,NEEDS DATA,NEEDS DATA,NEEDS DATA,DATA_NEEDS_LIVE_CONTEXT,HISTORICAL TEST ONLY,NO-GO,False,Medium,ROUTE_PROXY_UNVALIDATED|LOW_CURRENT_SAMPLE,Medium,ROUTE_PROXY_UNVALIDATED|LOW_CURRENT_SAMPLE,,,,,,,,,,
2025,1,,D.Moore,CHI,,WR,4.365922746194562,49.38647295358126,,,,,,True,False,False,98.91,66.67,,,,,35,55,52,73.79,STRONG_SIGNAL,2,0,0,6,Projection-led limited V1 signal from existing historical-test markets.,"Limited V1: opponent fit, game script, weather, recent form, and live role/injury context are not fully sourced.",,NEEDS DATA,NEEDS DATA,NEEDS DATA,DATA_NEEDS_LIVE_CONTEXT,HISTORICAL TEST ONLY,NO-GO,False,Medium,ROUTE_PROXY_UNVALIDATED|LOW_CURRENT_SAMPLE,Medium,ROUTE_PROXY_UNVALIDATED|LOW_CURRENT_SAMPLE,,,,,,,,,,
2025,1,,K.Williams,LA,,RB,1.4826477710892152,10.635705427079422,76.13318386342063,5.335681533737034,,,,True,True,False,98.88,66.67,,,,,35,55,52,73.78,STRONG_SIGNAL,2,0,0,6,Projection-led limited V1 signal from existing historical-test markets.,"Limited V1: opponent fit, game script, weather, recent form, and live role/injury context are not fully sourced.",,NEEDS DATA,NEEDS DATA,NEEDS DATA,DATA_NEEDS_LIVE_CONTEXT,HISTORICAL TEST ONLY,NO-GO,False,Medium,ROUTE_PROXY_UNVALIDATED|LOW_CURRENT_SAMPLE,Medium,ROUTE_PROXY_UNVALIDATED|LOW_CURRENT_SAMPLE,Medium,ROUTE_PROXY_UNVALIDATED|LOW_CURRENT_SAMPLE,Medium,ROUTE_PROXY_UNVALIDATED|LOW_CURRENT_SAMPLE,,,,,,
2025,1,,T.Shavers,BUF,,WR,2.2643188594511177,54.22423265330352,,,,,,True,False,False,98.85,66.67,,,,,35,55,52,73.77,STRONG_SIGNAL,2,0,0,6,Projection-led limited V1 signal from existing historical-test markets.,"Limited V1: opponent fit, game script, weather, recent form, and live role/injury context are not fully sourced.",,NEEDS DATA,NEEDS DATA,NEEDS DATA,DATA_NEEDS_LIVE_CONTEXT,HISTORICAL TEST ONLY,NO-GO,False,Medium,ROUTE_PROXY_UNVALIDATED|LOW_CURRENT_SAMPLE|LOW_PLAYER_SAMPLE,Medium,ROUTE_PROXY_UNVALIDATED|LOW_CURRENT_SAMPLE|LOW_PLAYER_SAMPLE|LOW_YARDAGE_SAMPLE,,,,,,,,,,
2025,1,,D.Adams,NYJ,,WR,4.255672653092286,53.007491833515786,,,,,,True,False,False,98.59,66.67,,,,,35,55,52,73.65,STRONG_SIGNAL,2,0,0,6,Projection-led limited V1 signal from existing historical-test markets.,"Limited V1: opponent fit, game script, weather, recent form, and live role/injury context are not fully sourced.",,NEEDS DATA,NEEDS DATA,NEEDS DATA,DATA_NEEDS_LIVE_CONTEXT,HISTORICAL TEST ONLY,NO-GO,False,Medium,ROUTE_PROXY_UNVALIDATED|LOW_CURRENT_SAMPLE,Medium,ROUTE_PROXY_UNVALIDATED|LOW_CURRENT_SAMPLE,,,,,,,,,,
2025,1,,T.McLaurin,WAS,,WR,4.224984020211031,51.75990911384698,,,,,,True,False,False,98.44,66.67,,,,,35,55,52,73.58,STRONG_SIGNAL,2,0,0,6,Projection-led limited V1 signal from existing historical-test markets.,"Limited V1: opponent fit, game script, weather, recent form, and live role/injury context are not fully sourced.",,NEEDS DATA,NEEDS DATA,NEEDS DATA,DATA_NEEDS_LIVE_CONTEXT,HISTORICAL TEST ONLY,NO-GO,False,Medium,ROUTE_PROXY_UNVALIDATED|LOW_CURRENT_SAMPLE,Medium,ROUTE_PROXY_UNVALIDATED|LOW_CURRENT_SAMPLE,,,,,,,,,,
2025,1,,J.Mixon,HOU,,RB,1.129173157633951,10.668431682509429,67.86122304953706,9.958632501037004,,,,True,True,False,98.36,66.67,,,,,35,55,52,73.55,STRONG_SIGNAL,2,0,0,6,Projection-led limited V1 signal from existing historical-test markets.,"Limited V1: opponent fit, game script, weather, recent form, and live role/injury context are not fully sourced.",,NEEDS DATA,NEEDS DATA,NEEDS DATA,DATA_NEEDS_LIVE_CONTEXT,HISTORICAL TEST ONLY,NO-GO,False,Medium,ROUTE_PROXY_UNVALIDATED|LOW_CURRENT_SAMPLE,Medium,ROUTE_PROXY_UNVALIDATED|LOW_CURRENT_SAMPLE,Medium,ROUTE_PROXY_UNVALIDATED|LOW_CURRENT_SAMPLE,Medium,ROUTE_PROXY_UNVALIDATED|LOW_CURRENT_SAMPLE,,,,,,
2025,1,,Ja.Williams,DET,,WR,3.2876504129669515,52.54520537492522,,,,,,True,False,False,98.36,66.67,,,,,35,55,52,73.55,STRONG_SIGNAL,2,0,0,6,Projection-led limited V1 signal from existing historical-test markets.,"Limited V1: opponent fit, game script, weather, recent form, and live role/injury context are not fully sourced.",,NEEDS DATA,NEEDS DATA,NEEDS DATA,DATA_NEEDS_LIVE_CONTEXT,HISTORICAL TEST ONLY,NO-GO,False,Medium,ROUTE_PROXY_UNVALIDATED|LOW_CURRENT_SAMPLE,Medium,ROUTE_PROXY_UNVALIDATED|LOW_CURRENT_SAMPLE,,,,,,,,,,
2025,1,,D.Bell,CLE,,WR,4.151085424530824,43.60161913549275,,,,,,True,False,False,98.28,66.67,,,,,35,55,52,73.51,STRONG_SIGNAL,2,0,0,6,Projection-led limited V1 signal from existing historical-test markets.,"Limited V1: opponent fit, game script, weather, recent form, and live role/injury context are not fully sourced.",,NEEDS DATA,NEEDS DATA,NEEDS DATA,DATA_NEEDS_LIVE_CONTEXT,HISTORICAL TEST ONLY,NO-GO,False,Medium,ROUTE_PROXY_UNVALIDATED|LOW_CURRENT_SAMPLE,Medium,ROUTE_PROXY_UNVALIDATED|LOW_CURRENT_SAMPLE,,,,,,,,,,
2025,1,,J.Jennings,SF,,WR,4.117754558138258,52.41403014396274,,,,,,True,False,False,98.2,66.67,,,,,35,55,52,73.47,STRONG_SIGNAL,2,0,0,6,Projection-led limited V1 signal from existing historical-test markets.,"Limited V1: opponent fit, game script, weather, recent form, and live role/injury context are not fully sourced.",,NEEDS DATA,NEEDS DATA,NEEDS DATA,DATA_NEEDS_LIVE_CONTEXT,HISTORICAL TEST ONLY,NO-GO,False,Medium,ROUTE_PROXY_UNVALIDATED|LOW_CURRENT_SAMPLE,Medium,ROUTE_PROXY_UNVALIDATED|LOW_CURRENT_SAMPLE,,,,,,,,,,
2025,1,,J.Jacobs,GB,,RB,1.200644169911691,12.449262244113166,69.692593594386,7.395037398519733,,,,True,True,False,98.13,66.67,,,,,35,55,52,73.44,STRONG_SIGNAL,2,0,0,6,Projection-led limited V1 signal from existing historical-test markets.,"Limited V1: opponent fit, game script, weather, recent form, and live role/injury context are not fully sourced.",,NEEDS DATA,NEEDS DATA,NEEDS DATA,DATA_NEEDS_LIVE_CONTEXT,HISTORICAL TEST ONLY,NO-GO,False,Medium,ROUTE_PROXY_UNVALIDATED|LOW_CURRENT_SAMPLE,Medium,ROUTE_PROXY_UNVALIDATED|LOW_CURRENT_SAMPLE,Medium,ROUTE_PROXY_UNVALIDATED|LOW_CURRENT_SAMPLE,Medium,ROUTE_PROXY_UNVALIDATED|LOW_CURRENT_SAMPLE,,,,,,
2025,1,,M.Evans,TB,,WR,4.114159134071059,51.191984280767855,,,,,,True,False,False,97.97,66.67,,,,,35,55,52,73.37,STRONG_SIGNAL,2,0,0,6,Projection-led limited V1 signal from existing historical-test markets.,"Limited V1: opponent fit, game script, weather, recent form, and live role/injury context are not fully sourced.",,NEEDS DATA,NEEDS DATA,NEEDS DATA,DATA_NEEDS_LIVE_CONTEXT,HISTORICAL TEST ONLY,NO-GO,False,Medium,ROUTE_PROXY_UNVALIDATED|LOW_CURRENT_SAMPLE,Medium,ROUTE_PROXY_UNVALIDATED|LOW_CURRENT_SAMPLE,,,,,,,,,,
2025,1,,T.Pollard,TEN,,RB,1.0045870587744048,7.493128150666385,59.43814206292419,9.934639469149408,,,,True,True,False,97.95,66.67,,,,,35,55,52,73.36,STRONG_SIGNAL,2,0,0,6,Projection-led limited V1 signal from existing historical-test markets.,"Limited V1: opponent fit, game script, weather, recent form, and live role/injury context are not fully sourced.",,NEEDS DATA,NEEDS DATA,NEEDS DATA,DATA_NEEDS_LIVE_CONTEXT,HISTORICAL TEST ONLY,NO-GO,False,Medium,ROUTE_PROXY_UNVALIDATED|LOW_CURRENT_SAMPLE,Medium,ROUTE_PROXY_UNVALIDATED|LOW_CURRENT_SAMPLE,Medium,ROUTE_PROXY_UNVALIDATED|LOW_CURRENT_SAMPLE,Medium,ROUTE_PROXY_UNVALIDATED|LOW_CURRENT_SAMPLE,,,,,,
2025,1,,N.Collins,HOU,,WR,3.4655037579844,51.36961446257547,,,,,,True,False,False,97.87,66.67,,,,,35,55,52,73.33,STRONG_SIGNAL,2,0,0,6,Projection-led limited V1 signal from existing historical-test markets.,"Limited V1: opponent fit, game script, weather, recent form, and live role/injury context are not fully sourced.",,NEEDS DATA,NEEDS DATA,NEEDS DATA,DATA_NEEDS_LIVE_CONTEXT,HISTORICAL TEST ONLY,NO-GO,False,Medium,ROUTE_PROXY_UNVALIDATED|LOW_CURRENT_SAMPLE,Medium,ROUTE_PROXY_UNVALIDATED|LOW_CURRENT_SAMPLE,,,,,,,,,,
2025,1,,M.Nabers,NYG,,WR,4.059343309199105,47.31450216331351,,,,,,True,False,False,97.81,66.67,,,,,35,55,52,73.3,STRONG_SIGNAL,2,0,0,6,Projection-led limited V1 signal from existing historical-test markets.,"Limited V1: opponent fit, game script, weather, recent form, and live role/injury context are not fully sourced.",,NEEDS DATA,NEEDS DATA,NEEDS DATA,DATA_NEEDS_LIVE_CONTEXT,HISTORICAL TEST ONLY,NO-GO,False,Medium,ROUTE_PROXY_UNVALIDATED|LOW_CURRENT_SAMPLE,Medium,ROUTE_PROXY_UNVALIDATED|LOW_CURRENT_SAMPLE,,,,,,,,,,
2025,1,,J.Gibbs,DET,,RB,2.1787404158944845,18.903761407201777,69.53462764660152,6.177847928971912,,,,True,True,False,97.76,66.67,,,,,35,55,52,73.28,STRONG_SIGNAL,2,0,0,6,Projection-led limited V1 signal from existing historical-test markets.,"Limited V1: opponent fit, game script, weather, recent form, and live role/injury context are not fully sourced.",,NEEDS DATA,NEEDS DATA,NEEDS DATA,DATA_NEEDS_LIVE_CONTEXT,HISTORICAL TEST ONLY,NO-GO,False,Medium,ROUTE_PROXY_UNVALIDATED|LOW_CURRENT_SAMPLE,Medium,ROUTE_PROXY_UNVALIDATED|LOW_CURRENT_SAMPLE,Medium,ROUTE_PROXY_UNVALIDATED|LOW_CURRENT_SAMPLE,Medium,ROUTE_PROXY_UNVALIDATED|LOW_CURRENT_SAMPLE,,,,,,
2025,1,,J.Smith-Njigba,SEA,,WR,4.03912270111702,47.33157115224156,,,,,,True,False,False,97.66,66.67,,,,,35,55,52,73.23,STRONG_SIGNAL,2,0,0,6,Projection-led limited V1 signal from existing historical-test markets.,"Limited V1: opponent fit, game script, weather, recent form, and live role/injury context are not fully sourced.",,NEEDS DATA,NEEDS DATA,NEEDS DATA,DATA_NEEDS_LIVE_CONTEXT,HISTORICAL TEST ONLY,NO-GO,False,Medium,ROUTE_PROXY_UNVALIDATED|LOW_CURRENT_SAMPLE,Medium,ROUTE_PROXY_UNVALIDATED|LOW_CURRENT_SAMPLE,,,,,,,,,,
2025,1,,R.Dowdle,DAL,,RB,1.0851278547673535,8.790320539036735,53.396619306822274,9.510990683979092,,,,True,True,False,97.54,66.67,,,,,35,55,52,73.18,STRONG_SIGNAL,2,0,0,6,Projection-led limited V1 signal from existing historical-test markets.,"Limited V1: opponent fit, game script, weather, recent form, and live role/injury context are not fully sourced.",,NEEDS DATA,NEEDS DATA,NEEDS DATA,DATA_NEEDS_LIVE_CONTEXT,HISTORICAL TEST ONLY,NO-GO,False,Medium,ROUTE_PROXY_UNVALIDATED|LOW_CURRENT_SAMPLE,Medium,ROUTE_PROXY_UNVALIDATED|LOW_CURRENT_SAMPLE,Medium,ROUTE_PROXY_UNVALIDATED|LOW_CURRENT_SAMPLE,Medium,ROUTE_PROXY_UNVALIDATED|LOW_CURRENT_SAMPLE,,,,,,
2025,1,,B.Aiyuk,SF,,WR,3.3601222934759205,50.60863510469353,,,,,,True,False,False,97.54,66.67,,,,,35,55,52,73.18,STRONG_SIGNAL,2,0,0,6,Projection-led limited V1 signal from existing historical-test markets.,"Limited V1: opponent fit, game script, weather, recent form, and live role/injury context are not fully sourced.",,NEEDS DATA,NEEDS DATA,NEEDS DATA,DATA_NEEDS_LIVE_CONTEXT,HISTORICAL TEST ONLY,NO-GO,False,Medium,ROUTE_PROXY_UNVALIDATED|LOW_CURRENT_SAMPLE,Medium,ROUTE_PROXY_UNVALIDATED|LOW_CURRENT_SAMPLE,,,,,,,,,,
2025,1,,J.Meyers,LV,,WR,3.900924662551004,47.24775860148862,,,,,,True,False,False,97.5,66.67,,,,,35,55,52,73.16,STRONG_SIGNAL,2,0,0,6,Projection-led limited V1 signal from existing historical-test markets.,"Limited V1: opponent fit, game script, weather, recent form, and live role/injury context are not fully sourced.",,NEEDS DATA,NEEDS DATA,NEEDS DATA,DATA_NEEDS_LIVE_CONTEXT,HISTORICAL TEST ONLY,NO-GO,False,Medium,ROUTE_PROXY_UNVALIDATED|LOW_CURRENT_SAMPLE,Medium,ROUTE_PROXY_UNVALIDATED|LOW_CURRENT_SAMPLE,,,,,,,,,,
2025,1,,J.Addison,MIN,,WR,3.74291343637547,49.84667597487271,,,,,,True,False,False,97.38,66.67,,,,,35,55,52,73.1,STRONG_SIGNAL,2,0,0,6,Projection-led limited V1 signal from existing historical-test markets.,"Limited V1: opponent fit, game script, weather, recent form, and live role/injury context are not fully sourced.",,NEEDS DATA,NEEDS DATA,NEEDS DATA,DATA_NEEDS_LIVE_CONTEXT,HISTORICAL TEST ONLY,NO-GO,False,Medium,ROUTE_PROXY_UNVALIDATED|LOW_CURRENT_SAMPLE,Medium,ROUTE_PROXY_UNVALIDATED|LOW_CURRENT_SAMPLE,,,,,,,,,,
2025,1,,S.Diggs,HOU,,WR,3.88928212618192,44.18150987212473,,,,,,True,False,False,97.34,66.67,,,,,35,55,52,73.09,STRONG_SIGNAL,2,0,0,6,Projection-led limited V1 signal from existing historical-test markets.,"Limited V1: opponent fit, game script, weather, recent form, and live role/injury context are not fully sourced.",,NEEDS DATA,NEEDS DATA,NEEDS DATA,DATA_NEEDS_LIVE_CONTEXT,HISTORICAL TEST ONLY,NO-GO,False,Medium,ROUTE_PROXY_UNVALIDATED|LOW_CURRENT_SAMPLE,Medium,ROUTE_PROXY_UNVALIDATED|LOW_CURRENT_SAMPLE,,,,,,,,,,
2025,1,,W.Robinson,NYG,,WR,3.860322728810054,32.1056895907056,,,,,,True,False,False,97.19,66.67,,,,,35,55,52,73.02,STRONG_SIGNAL,2,0,0,6,Projection-led limited V1 signal from existing historical-test markets.,"Limited V1: opponent fit, game script, weather, recent form, and live role/injury context are not fully sourced.",,NEEDS DATA,NEEDS DATA,NEEDS DATA,DATA_NEEDS_LIVE_CONTEXT,HISTORICAL TEST ONLY,NO-GO,False,Medium,ROUTE_PROXY_UNVALIDATED|LOW_CURRENT_SAMPLE,Medium,ROUTE_PROXY_UNVALIDATED|LOW_CURRENT_SAMPLE,,,,,,,,,,
2025,1,,B.Irving,TB,,RB,1.539463684615087,13.04197461549636,57.32188876290047,8.649815168553095,,,,True,True,False,97.13,66.67,,,,,35,55,52,72.99,STRONG_SIGNAL,2,0,0,6,Projection-led limited V1 signal from existing historical-test markets.,"Limited V1: opponent fit, game script, weather, recent form, and live role/injury context are not fully sourced.",,NEEDS DATA,NEEDS DATA,NEEDS DATA,DATA_NEEDS_LIVE_CONTEXT,HISTORICAL TEST ONLY,NO-GO,False,Medium,ROUTE_PROXY_UNVALIDATED|LOW_CURRENT_SAMPLE,Medium,ROUTE_PROXY_UNVALIDATED|LOW_CURRENT_SAMPLE,Medium,ROUTE_PROXY_UNVALIDATED|LOW_CURRENT_SAMPLE,Medium,ROUTE_PROXY_UNVALIDATED|LOW_CURRENT_SAMPLE,,,,,,
2025,1,,A.Gould,IND,,WR,2.3382367065158456,49.282563794125295,,,,,,True,False,False,97.05,66.67,,,,,35,55,52,72.96,STRONG_SIGNAL,2,0,0,6,Projection-led limited V1 signal from existing historical-test markets.,"Limited V1: opponent fit, game script, weather, recent form, and live role/injury context are not fully sourced.",,NEEDS DATA,NEEDS DATA,NEEDS DATA,DATA_NEEDS_LIVE_CONTEXT,HISTORICAL TEST ONLY,NO-GO,False,Medium,ROUTE_PROXY_UNVALIDATED|LOW_CURRENT_SAMPLE|LOW_PLAYER_SAMPLE,Medium,ROUTE_PROXY_UNVALIDATED|LOW_CURRENT_SAMPLE|LOW_PLAYER_SAMPLE|LOW_YARDAGE_SAMPLE,,,,,,,,,,
2025,1,,C.Godwin,TB,,WR,3.855401322202437,46.46567505604498,,,,,,True,False,False,97.03,66.67,,,,,35,55,52,72.95,STRONG_SIGNAL,2,0,0,6,Projection-led limited V1 signal from existing historical-test markets.,"Limited V1: opponent fit, game script, weather, recent form, and live role/injury context are not fully sourced.",,NEEDS DATA,NEEDS DATA,NEEDS DATA,DATA_NEEDS_LIVE_CONTEXT,HISTORICAL TEST ONLY,NO-GO,False,Medium,ROUTE_PROXY_UNVALIDATED|LOW_CURRENT_SAMPLE,Medium,ROUTE_PROXY_UNVALIDATED|LOW_CURRENT_SAMPLE,,,,,,,,,,
2025,1,,C.Hubbard,CAR,,RB,1.4786788225054175,9.34905577315836,67.60016897539725,8.479818811072214,,,,True,True,False,97.01,66.67,,,,,35,55,52,72.94,STRONG_SIGNAL,2,0,0,6,Projection-led limited V1 signal from existing historical-test markets.,"Limited V1: opponent fit, game script, weather, recent form, and live role/injury context are not fully sourced.",,NEEDS DATA,NEEDS DATA,NEEDS DATA,DATA_NEEDS_LIVE_CONTEXT,HISTORICAL TEST ONLY,NO-GO,False,Medium,ROUTE_PROXY_UNVALIDATED|LOW_CURRENT_SAMPLE,Medium,ROUTE_PROXY_UNVALIDATED|LOW_CURRENT_SAMPLE,Medium,ROUTE_PROXY_UNVALIDATED|LOW_CURRENT_SAMPLE,Medium,ROUTE_PROXY_UNVALIDATED|LOW_CURRENT_SAMPLE,,,,,,
2025,1,,R.Pearsall,SF,,WR,3.752253231055675,48.28976342293925,,,,,,True,False,False,96.89,66.67,,,,,35,55,52,72.88,STRONG_SIGNAL,2,0,0,6,Projection-led limited V1 signal from existing historical-test markets.,"Limited V1: opponent fit, game script, weather, recent form, and live role/injury context are not fully sourced.",,NEEDS DATA,NEEDS DATA,NEEDS DATA,DATA_NEEDS_LIVE_CONTEXT,HISTORICAL TEST ONLY,NO-GO,False,Medium,ROUTE_PROXY_UNVALIDATED|LOW_CURRENT_SAMPLE,Medium,ROUTE_PROXY_UNVALIDATED|LOW_CURRENT_SAMPLE,,,,,,,,,,
2025,1,,D.Brown,WAS,,WR,3.841183666562065,47.97751977738512,,,,,,True,False,False,96.88,66.67,,,,,35,55,52,72.88,STRONG_SIGNAL,2,0,0,6,Projection-led limited V1 signal from existing historical-test markets.,"Limited V1: opponent fit, game script, weather, recent form, and live role/injury context are not fully sourced.",,NEEDS DATA,NEEDS DATA,NEEDS DATA,DATA_NEEDS_LIVE_CONTEXT,HISTORICAL TEST ONLY,NO-GO,False,Medium,ROUTE_PROXY_UNVALIDATED|LOW_CURRENT_SAMPLE,Medium,ROUTE_PROXY_UNVALIDATED|LOW_CURRENT_SAMPLE,,,,,,,,,,
2025,1,,K.Allen,CHI,,WR,3.812343086402927,43.80548476224246,,,,,,True,False,False,96.72,66.67,,,,,35,55,52,72.81,STRONG_SIGNAL,2,0,0,6,Projection-led limited V1 signal from existing historical-test markets.,"Limited V1: opponent fit, game script, weather, recent form, and live role/injury context are not fully sourced.",,NEEDS DATA,NEEDS DATA,NEEDS DATA,DATA_NEEDS_LIVE_CONTEXT,HISTORICAL TEST ONLY,NO-GO,False,Medium,ROUTE_PROXY_UNVALIDATED|LOW_CURRENT_SAMPLE,Medium,ROUTE_PROXY_UNVALIDATED|LOW_CURRENT_SAMPLE,,,,,,,,,,
2025,1,,D.Swift,CHI,,RB,1.3875615820534035,13.452248254810913,53.80470394801723,8.525546005271234,,,,True,True,False,96.72,66.67,,,,,35,55,52,72.81,STRONG_SIGNAL,2,0,0,6,Projection-led limited V1 signal from existing historical-test markets.,"Limited V1: opponent fit, game script, weather, recent form, and live role/injury context are not fully sourced.",,NEEDS DATA,NEEDS DATA,NEEDS DATA,DATA_NEEDS_LIVE_CONTEXT,HISTORICAL TEST ONLY,NO-GO,False,Medium,ROUTE_PROXY_UNVALIDATED|LOW_CURRENT_SAMPLE,Medium,ROUTE_PROXY_UNVALIDATED|LOW_CURRENT_SAMPLE,Medium,ROUTE_PROXY_UNVALIDATED|LOW_CURRENT_SAMPLE,Medium,ROUTE_PROXY_UNVALIDATED|LOW_CURRENT_SAMPLE,,,,,,
2025,1,,J.Conner,ARI,,RB,1.912928202970164,15.322258095428412,61.15107007352755,6.2613690922643,,,,True,True,False,96.64,66.67,,,,,35,55,52,72.77,STRONG_SIGNAL,2,0,0,6,Projection-led limited V1 signal from existing historical-test markets.,"Limited V1: opponent fit, game script, weather, recent form, and live role/injury context are not fully sourced.",,NEEDS DATA,NEEDS DATA,NEEDS DATA,DATA_NEEDS_LIVE_CONTEXT,HISTORICAL TEST ONLY,NO-GO,False,Medium,ROUTE_PROXY_UNVALIDATED|LOW_CURRENT_SAMPLE,Medium,ROUTE_PROXY_UNVALIDATED|LOW_CURRENT_SAMPLE,Medium,ROUTE_PROXY_UNVALIDATED|LOW_CURRENT_SAMPLE,Medium,ROUTE_PROXY_UNVALIDATED|LOW_CURRENT_SAMPLE,,,,,,
2025,1,,T.McBride,ARI,,TE,3.778743347250189,38.95393692574317,,,,,,True,False,False,96.56,66.67,,,,,35,55,52,72.74,STRONG_SIGNAL,2,0,0,6,Projection-led limited V1 signal from existing historical-test markets.,"Limited V1: opponent fit, game script, weather, recent form, and live role/injury context are not fully sourced.",,NEEDS DATA,NEEDS DATA,NEEDS DATA,DATA_NEEDS_LIVE_CONTEXT,HISTORICAL TEST ONLY,NO-GO,False,Medium,ROUTE_PROXY_UNVALIDATED|LOW_CURRENT_SAMPLE,Medium,ROUTE_PROXY_UNVALIDATED|LOW_CURRENT_SAMPLE,,,,,,,,,,
2025,1,,J.Cowing,SF,,WR,2.5173977820906464,47.7152835748244,,,,,,True,False,False,96.56,66.67,,,,,35,55,52,72.74,STRONG_SIGNAL,2,0,0,6,Projection-led limited V1 signal from existing historical-test markets.,"Limited V1: opponent fit, game script, weather, recent form, and live role/injury context are not fully sourced.",,NEEDS DATA,NEEDS DATA,NEEDS DATA,DATA_NEEDS_LIVE_CONTEXT,HISTORICAL TEST ONLY,NO-GO,False,Medium,ROUTE_PROXY_UNVALIDATED|LOW_CURRENT_SAMPLE|LOW_PLAYER_SAMPLE,Medium,ROUTE_PROXY_UNVALIDATED|LOW_CURRENT_SAMPLE|LOW_PLAYER_SAMPLE|LOW_YARDAGE_SAMPLE,,,,,,,,,,
2025,1,,B.Johnson,PIT,,WR,3.761026139323402,43.08181099156558,,,,,,True,False,False,96.41,66.67,,,,,35,55,52,72.67,STRONG_SIGNAL,2,0,0,6,Projection-led limited V1 signal from existing historical-test markets.,"Limited V1: opponent fit, game script, weather, recent form, and live role/injury context are not fully sourced.",,NEEDS DATA,NEEDS DATA,NEEDS DATA,DATA_NEEDS_LIVE_CONTEXT,HISTORICAL TEST ONLY,NO-GO,False,Medium,ROUTE_PROXY_UNVALIDATED|LOW_CURRENT_SAMPLE,Medium,ROUTE_PROXY_UNVALIDATED|LOW_CURRENT_SAMPLE,,,,,,,,,,
2025,1,,A.Pierce,IND,,WR,2.377318139866354,47.38884569464508,,,,,,True,False,False,96.39,66.67,,,,,35,55,52,72.66,STRONG_SIGNAL,2,0,0,6,Projection-led limited V1 signal from existing historical-test markets.,"Limited V1: opponent fit, game script, weather, recent form, and live role/injury context are not fully sourced.",,NEEDS DATA,NEEDS DATA,NEEDS DATA,DATA_NEEDS_LIVE_CONTEXT,HISTORICAL TEST ONLY,NO-GO,False,Medium,ROUTE_PROXY_UNVALIDATED|LOW_CURRENT_SAMPLE,Medium,ROUTE_PROXY_UNVALIDATED|LOW_CURRENT_SAMPLE,,,,,,,,,,
2025,1,,R.Shaheed,NO,,WR,2.952252357578107,47.319085422039215,,,,,,True,False,False,96.07,66.67,,,,,35,55,52,72.52,STRONG_SIGNAL,2,0,0,6,Projection-led limited V1 signal from existing historical-test markets.,"Limited V1: opponent fit, game script, weather, recent form, and live role/injury context are not fully sourced.",,NEEDS DATA,NEEDS DATA,NEEDS DATA,DATA_NEEDS_LIVE_CONTEXT,HISTORICAL TEST ONLY,NO-GO,False,Medium,ROUTE_PROXY_UNVALIDATED|LOW_CURRENT_SAMPLE,Medium,ROUTE_PROXY_UNVALIDATED|LOW_CURRENT_SAMPLE,,,,,,,,,,
2025,1,,A.Thielen,CAR,,WR,3.5662253687004903,45.48731110037458,,,,,,True,False,False,95.94,66.67,,,,,35,55,52,72.46,STRONG_SIGNAL,2,0,0,6,Projection-led limited V1 signal from existing historical-test markets.,"Limited V1: opponent fit, game script, weather, recent form, and live role/injury context are not fully sourced.",,NEEDS DATA,NEEDS DATA,NEEDS DATA,DATA_NEEDS_LIVE_CONTEXT,HISTORICAL TEST ONLY,NO-GO,False,Medium,ROUTE_PROXY_UNVALIDATED|LOW_CURRENT_SAMPLE,Medium,ROUTE_PROXY_UNVALIDATED|LOW_CURRENT_SAMPLE,,,,,,,,,,
2025,1,,A.Kamara,NO,,RB,2.1029973319023987,15.753794345745618,59.08275557423134,4.621316690248819,,,,True,True,False,95.9,66.67,,,,,35,55,52,72.44,STRONG_SIGNAL,2,0,0,6,Projection-led limited V1 signal from existing historical-test markets.,"Limited V1: opponent fit, game script, weather, recent form, and live role/injury context are not fully sourced.",,NEEDS DATA,NEEDS DATA,NEEDS DATA,DATA_NEEDS_LIVE_CONTEXT,HISTORICAL TEST ONLY,NO-GO,False,Medium,ROUTE_PROXY_UNVALIDATED|LOW_CURRENT_SAMPLE,Medium,ROUTE_PROXY_UNVALIDATED|LOW_CURRENT_SAMPLE,Medium,ROUTE_PROXY_UNVALIDATED|LOW_CURRENT_SAMPLE,Medium,ROUTE_PROXY_UNVALIDATED|LOW_CURRENT_SAMPLE,,,,,,
2025,1,,J.Cook,BUF,,RB,1.090350240105766,10.5096278995268,58.52578684087519,8.302932565854961,,,,True,True,False,95.9,66.67,,,,,35,55,52,72.44,STRONG_SIGNAL,2,0,0,6,Projection-led limited V1 signal from existing historical-test markets.,"Limited V1: opponent fit, game script, weather, recent form, and live role/injury context are not fully sourced.",,NEEDS DATA,NEEDS DATA,NEEDS DATA,DATA_NEEDS_LIVE_CONTEXT,HISTORICAL TEST ONLY,NO-GO,False,Medium,ROUTE_PROXY_UNVALIDATED|LOW_CURRENT_SAMPLE,Medium,ROUTE_PROXY_UNVALIDATED|LOW_CURRENT_SAMPLE,Medium,ROUTE_PROXY_UNVALIDATED|LOW_CURRENT_SAMPLE,Medium,ROUTE_PROXY_UNVALIDATED|LOW_CURRENT_SAMPLE,,,,,,
2025,1,,G.Wilson,NYJ,,WR,3.553069186930048,42.326784989875335,,,,,,True,False,False,95.78,66.67,,,,,35,55,52,72.39,STRONG_SIGNAL,2,0,0,6,Projection-led limited V1 signal from existing historical-test markets.,"Limited V1: opponent fit, game script, weather, recent form, and live role/injury context are not fully sourced.",,NEEDS DATA,NEEDS DATA,NEEDS DATA,DATA_NEEDS_LIVE_CONTEXT,HISTORICAL TEST ONLY,NO-GO,False,Medium,ROUTE_PROXY_UNVALIDATED|LOW_CURRENT_SAMPLE,Medium,ROUTE_PROXY_UNVALIDATED|LOW_CURRENT_SAMPLE,,,,,,,,,,
2025,1,,T.Hill,MIA,,WR,3.519355758205087,45.45626092092608,,,,,,True,False,False,95.62,66.67,,,,,35,55,52,72.31,STRONG_SIGNAL,2,0,0,6,Projection-led limited V1 signal from existing historical-test markets.,"Limited V1: opponent fit, game script, weather, recent form, and live role/injury context are not fully sourced.",,NEEDS DATA,NEEDS DATA,NEEDS DATA,DATA_NEEDS_LIVE_CONTEXT,HISTORICAL TEST ONLY,NO-GO,False,Medium,ROUTE_PROXY_UNVALIDATED|LOW_CURRENT_SAMPLE,Medium,ROUTE_PROXY_UNVALIDATED|LOW_CURRENT_SAMPLE,,,,,,,,,,
2025,1,,J.Nailor,MIN,,WR,3.308182463715205,46.866552460765085,,,,,,True,False,False,95.57,66.67,,,,,35,55,52,72.29,STRONG_SIGNAL,2,0,0,6,Projection-led limited V1 signal from existing historical-test markets.,"Limited V1: opponent fit, game script, weather, recent form, and live role/injury context are not fully sourced.",,NEEDS DATA,NEEDS DATA,NEEDS DATA,DATA_NEEDS_LIVE_CONTEXT,HISTORICAL TEST ONLY,NO-GO,False,Medium,ROUTE_PROXY_UNVALIDATED|LOW_CURRENT_SAMPLE,Medium,ROUTE_PROXY_UNVALIDATED|LOW_CURRENT_SAMPLE,,,,,,,,,,
2025,1,,A.Jones,MIN,,RB,2.18841929327646,16.452714369441125,58.72586283312911,8.171539962267742,,,,True,True,False,95.52,66.67,,,,,35,55,52,72.27,STRONG_SIGNAL,2,0,0,6,Projection-led limited V1 signal from existing historical-test markets.,"Limited V1: opponent fit, game script, weather, recent form, and live role/injury context are not fully sourced.",,NEEDS DATA,NEEDS DATA,NEEDS DATA,DATA_NEEDS_LIVE_CONTEXT,HISTORICAL TEST ONLY,NO-GO,False,Medium,ROUTE_PROXY_UNVALIDATED|LOW_CURRENT_SAMPLE,Medium,ROUTE_PROXY_UNVALIDATED|LOW_CURRENT_SAMPLE,Medium,ROUTE_PROXY_UNVALIDATED|LOW_CURRENT_SAMPLE,Medium,ROUTE_PROXY_UNVALIDATED|LOW_CURRENT_SAMPLE,,,,,,
2025,1,,T.Etienne,JAX,,RB,1.4584993922648424,12.090194817629264,36.55097517210964,8.221121594455049,,,,True,True,False,95.49,66.67,,,,,35,55,52,72.25,STRONG_SIGNAL,2,0,0,6,Projection-led limited V1 signal from existing historical-test markets.,"Limited V1: opponent fit, game script, weather, recent form, and live role/injury context are not fully sourced.",,NEEDS DATA,NEEDS DATA,NEEDS DATA,DATA_NEEDS_LIVE_CONTEXT,HISTORICAL TEST ONLY,NO-GO,False,Medium,ROUTE_PROXY_UNVALIDATED|LOW_CURRENT_SAMPLE,Medium,ROUTE_PROXY_UNVALIDATED|LOW_CURRENT_SAMPLE,Medium,ROUTE_PROXY_UNVALIDATED|LOW_CURRENT_SAMPLE,Medium,ROUTE_PROXY_UNVALIDATED|LOW_CURRENT_SAMPLE,,,,,,
2025,1,,D.London,ATL,,WR,3.492419682297806,45.88706542240399,,,,,,True,False,False,95.47,66.67,,,,,35,55,52,72.25,STRONG_SIGNAL,2,0,0,6,Projection-led limited V1 signal from existing historical-test markets.,"Limited V1: opponent fit, game script, weather, recent form, and live role/injury context are not fully sourced.",,NEEDS DATA,NEEDS DATA,NEEDS DATA,DATA_NEEDS_LIVE_CONTEXT,HISTORICAL TEST ONLY,NO-GO,False,Medium,ROUTE_PROXY_UNVALIDATED|LOW_CURRENT_SAMPLE,Medium,ROUTE_PROXY_UNVALIDATED|LOW_CURRENT_SAMPLE,,,,,,,,,,
2025,1,,C.Lamb,DAL,,WR,3.4733452258178694,43.90329430991658,,,,,,True,False,False,95.31,66.67,,,,,35,55,52,72.17,STRONG_SIGNAL,2,0,0,6,Projection-led limited V1 signal from existing historical-test markets.,"Limited V1: opponent fit, game script, weather, recent form, and live role/injury context are not fully sourced.",,NEEDS DATA,NEEDS DATA,NEEDS DATA,DATA_NEEDS_LIVE_CONTEXT,HISTORICAL TEST ONLY,NO-GO,False,Medium,ROUTE_PROXY_UNVALIDATED|LOW_CURRENT_SAMPLE,Medium,ROUTE_PROXY_UNVALIDATED|LOW_CURRENT_SAMPLE,,,,,,,,,,
2025,1,,T.Martin,TEN,,WR,1.9275507779476864,46.15955981562937,,,,,,True,False,False,95.25,66.67,,,,,35,55,52,72.15,STRONG_SIGNAL,2,0,0,6,Projection-led limited V1 signal from existing historical-test markets.,"Limited V1: opponent fit, game script, weather, recent form, and live role/injury context are not fully sourced.",,NEEDS DATA,NEEDS DATA,NEEDS DATA,DATA_NEEDS_LIVE_CONTEXT,HISTORICAL TEST ONLY,NO-GO,False,Medium,ROUTE_PROXY_UNVALIDATED|LOW_CURRENT_SAMPLE|LOW_PLAYER_SAMPLE,Medium,ROUTE_PROXY_UNVALIDATED|LOW_CURRENT_SAMPLE|LOW_PLAYER_SAMPLE|LOW_YARDAGE_SAMPLE,,,,,,,,,,
2025,1,,J.Downs,IND,,WR,3.466259569545391,41.86146550558082,,,,,,True,False,False,95.16,66.67,,,,,35,55,52,72.11,STRONG_SIGNAL,2,0,0,6,Projection-led limited V1 signal from existing historical-test markets.,"Limited V1: opponent fit, game script, weather, recent form, and live role/injury context are not fully sourced.",,NEEDS DATA,NEEDS DATA,NEEDS DATA,DATA_NEEDS_LIVE_CONTEXT,HISTORICAL TEST ONLY,NO-GO,False,Medium,ROUTE_PROXY_UNVALIDATED|LOW_CURRENT_SAMPLE,Medium,ROUTE_PROXY_UNVALIDATED|LOW_CURRENT_SAMPLE,,,,,,,,,,
2025,1,,J.Palmer,LAC,,WR,3.141318840700431,46.047763200665386,,,,,,True,False,False,95.08,66.67,,,,,35,55,52,72.07,STRONG_SIGNAL,2,0,0,6,Projection-led limited V1 signal from existing historical-test markets.,"Limited V1: opponent fit, game script, weather, recent form, and live role/injury context are not fully sourced.",,NEEDS DATA,NEEDS DATA,NEEDS DATA,DATA_NEEDS_LIVE_CONTEXT,HISTORICAL TEST ONLY,NO-GO,False,Medium,ROUTE_PROXY_UNVALIDATED|LOW_CURRENT_SAMPLE,Medium,ROUTE_PROXY_UNVALIDATED|LOW_CURRENT_SAMPLE,,,,,,,,,,
2025,1,,D.Samuel,SF,,WR,3.399385632038709,45.97203579818561,9.277164458509096,,,,,True,True,False,94.92,66.67,,,,,35,55,52,72.0,STRONG_SIGNAL,2,0,0,6,Projection-led limited V1 signal from existing historical-test markets.,"Limited V1: opponent fit, game script, weather, recent form, and live role/injury context are not fully sourced.",,NEEDS DATA,NEEDS DATA,NEEDS DATA,DATA_NEEDS_LIVE_CONTEXT,HISTORICAL TEST ONLY,NO-GO,False,Medium,ROUTE_PROXY_UNVALIDATED|LOW_CURRENT_SAMPLE,Medium,ROUTE_PROXY_UNVALIDATED|LOW_CURRENT_SAMPLE,Medium,ROUTE_PROXY_UNVALIDATED|LOW_CURRENT_SAMPLE,,,,,,,,
2025,1,,M.Washington,MIA,,WR,3.431272105929496,31.19841262305488,,,,,,True,False,False,94.84,66.67,,,,,35,55,52,71.96,GOOD_SIGNAL,2,0,0,6,Projection-led limited V1 signal from existing historical-test markets.,"Limited V1: opponent fit, game script, weather, recent form, and live role/injury context are not fully sourced.",,NEEDS DATA,NEEDS DATA,NEEDS DATA,DATA_NEEDS_LIVE_CONTEXT,HISTORICAL TEST ONLY,NO-GO,False,Medium,ROUTE_PROXY_UNVALIDATED|LOW_CURRENT_SAMPLE,Medium,ROUTE_PROXY_UNVALIDATED|LOW_CURRENT_SAMPLE,,,,,,,,,,
2025,1,,J.Dobbins,LAC,,RB,1.265633958046925,8.548935638948368,57.97332584470196,6.190958558024488,,,,True,True,False,94.78,66.67,,,,,35,55,52,71.94,GOOD_SIGNAL,2,0,0,6,Projection-led limited V1 signal from existing historical-test markets.,"Limited V1: opponent fit, game script, weather, recent form, and live role/injury context are not fully sourced.",,NEEDS DATA,NEEDS DATA,NEEDS DATA,DATA_NEEDS_LIVE_CONTEXT,HISTORICAL TEST ONLY,NO-GO,False,Medium,ROUTE_PROXY_UNVALIDATED|LOW_CURRENT_SAMPLE,Medium,ROUTE_PROXY_UNVALIDATED|LOW_CURRENT_SAMPLE,Medium,ROUTE_PROXY_UNVALIDATED|LOW_CURRENT_SAMPLE,Medium,ROUTE_PROXY_UNVALIDATED|LOW_CURRENT_SAMPLE,,,,,,
2025,1,,R.Rice,KC,,WR,3.427968641994633,42.95732585653651,,,,,,True,False,False,94.69,66.67,,,,,35,55,52,71.89,GOOD_SIGNAL,2,0,0,6,Projection-led limited V1 signal from existing historical-test markets.,"Limited V1: opponent fit, game script, weather, recent form, and live role/injury context are not fully sourced.",,NEEDS DATA,NEEDS DATA,NEEDS DATA,DATA_NEEDS_LIVE_CONTEXT,HISTORICAL TEST ONLY,NO-GO,False,Medium,ROUTE_PROXY_UNVALIDATED|LOW_CURRENT_SAMPLE,Medium,ROUTE_PROXY_UNVALIDATED|LOW_CURRENT_SAMPLE,,,,,,,,,,
2025,1,,K.Walker,SEA,,RB,1.904325566630939,13.150569773449025,50.82096830114881,7.669896167484988,,,,True,True,False,94.67,66.67,,,,,35,55,52,71.89,GOOD_SIGNAL,2,0,0,6,Projection-led limited V1 signal from existing historical-test markets.,"Limited V1: opponent fit, game script, weather, recent form, and live role/injury context are not fully sourced.",,NEEDS DATA,NEEDS DATA,NEEDS DATA,DATA_NEEDS_LIVE_CONTEXT,HISTORICAL TEST ONLY,NO-GO,False,Medium,ROUTE_PROXY_UNVALIDATED|LOW_CURRENT_SAMPLE,Medium,ROUTE_PROXY_UNVALIDATED|LOW_CURRENT_SAMPLE,Medium,ROUTE_PROXY_UNVALIDATED|LOW_CURRENT_SAMPLE,Medium,ROUTE_PROXY_UNVALIDATED|LOW_CURRENT_SAMPLE,,,,,,
2025,1,,N.Brown,WAS,,WR,3.3428135910826504,45.75197486820886,,,,,,True,False,False,94.59,66.67,,,,,35,55,52,71.85,GOOD_SIGNAL,2,0,0,6,Projection-led limited V1 signal from existing historical-test markets.,"Limited V1: opponent fit, game script, weather, recent form, and live role/injury context are not fully sourced.",,NEEDS DATA,NEEDS DATA,NEEDS DATA,DATA_NEEDS_LIVE_CONTEXT,HISTORICAL TEST ONLY,NO-GO,False,Medium,ROUTE_PROXY_UNVALIDATED|LOW_CURRENT_SAMPLE,Medium,ROUTE_PROXY_UNVALIDATED|LOW_CURRENT_SAMPLE,,,,,,,,,,
2025,1,,M.Pittman,IND,,WR,3.4253158294048,42.09122186429147,,,,,,True,False,False,94.53,66.67,,,,,35,55,52,71.82,GOOD_SIGNAL,2,0,0,6,Projection-led limited V1 signal from existing historical-test markets.,"Limited V1: opponent fit, game script, weather, recent form, and live role/injury context are not fully sourced.",,NEEDS DATA,NEEDS DATA,NEEDS DATA,DATA_NEEDS_LIVE_CONTEXT,HISTORICAL TEST ONLY,NO-GO,False,Medium,ROUTE_PROXY_UNVALIDATED|LOW_CURRENT_SAMPLE,Medium,ROUTE_PROXY_UNVALIDATED|LOW_CURRENT_SAMPLE,,,,,,,,,,
2025,1,,G.Pickens,PIT,,WR,3.018765346798302,45.73042584716385,,,,,,True,False,False,94.43,66.67,,,,,35,55,52,71.78,GOOD_SIGNAL,2,0,0,6,Projection-led limited V1 signal from existing historical-test markets.,"Limited V1: opponent fit, game script, weather, recent form, and live role/injury context are not fully sourced.",,NEEDS DATA,NEEDS DATA,NEEDS DATA,DATA_NEEDS_LIVE_CONTEXT,HISTORICAL TEST ONLY,NO-GO,False,Medium,ROUTE_PROXY_UNVALIDATED|LOW_CURRENT_SAMPLE,Medium,ROUTE_PROXY_UNVALIDATED|LOW_CURRENT_SAMPLE,,,,,,,,,,
2025,1,,D.Njoku,CLE,,TE,3.4148842467279708,28.1401944062052,,,,,,True,False,False,94.38,66.67,,,,,35,55,52,71.76,GOOD_SIGNAL,2,0,0,6,Projection-led limited V1 signal from existing historical-test markets.,"Limited V1: opponent fit, game script, weather, recent form, and live role/injury context are not fully sourced.",,NEEDS DATA,NEEDS DATA,NEEDS DATA,DATA_NEEDS_LIVE_CONTEXT,HISTORICAL TEST ONLY,NO-GO,False,Medium,ROUTE_PROXY_UNVALIDATED|LOW_CURRENT_SAMPLE,Medium,ROUTE_PROXY_UNVALIDATED|LOW_CURRENT_SAMPLE,,,,,,,,,,
2025,1,,T.Allgeier,ATL,,RB,0.9173403819610167,8.063907114192855,33.55969787386731,7.616988634553649,,,,True,True,False,94.26,66.67,,,,,35,55,52,71.7,GOOD_SIGNAL,2,0,0,6,Projection-led limited V1 signal from existing historical-test markets.,"Limited V1: opponent fit, game script, weather, recent form, and live role/injury context are not fully sourced.",,NEEDS DATA,NEEDS DATA,NEEDS DATA,DATA_NEEDS_LIVE_CONTEXT,HISTORICAL TEST ONLY,NO-GO,False,Medium,ROUTE_PROXY_UNVALIDATED|LOW_CURRENT_SAMPLE,Medium,ROUTE_PROXY_UNVALIDATED|LOW_CURRENT_SAMPLE,Medium,ROUTE_PROXY_UNVALIDATED|LOW_CURRENT_SAMPLE,Medium,ROUTE_PROXY_UNVALIDATED|LOW_CURRENT_SAMPLE,,,,,,
2025,1,,M.Harrison,ARI,,WR,3.220800663240928,45.59371398756997,,,,,,True,False,False,94.26,66.67,,,,,35,55,52,71.7,GOOD_SIGNAL,2,0,0,6,Projection-led limited V1 signal from existing historical-test markets.,"Limited V1: opponent fit, game script, weather, recent form, and live role/injury context are not fully sourced.",,NEEDS DATA,NEEDS DATA,NEEDS DATA,DATA_NEEDS_LIVE_CONTEXT,HISTORICAL TEST ONLY,NO-GO,False,Medium,ROUTE_PROXY_UNVALIDATED|LOW_CURRENT_SAMPLE,Medium,ROUTE_PROXY_UNVALIDATED|LOW_CURRENT_SAMPLE,,,,,,,,,,
2025,1,,J.Smith,MIA,,TE,3.414744348506168,31.704378365560423,,,,,,True,False,False,94.22,66.67,,,,,35,55,52,71.68,GOOD_SIGNAL,2,0,0,6,Projection-led limited V1 signal from existing historical-test markets.,"Limited V1: opponent fit, game script, weather, recent form, and live role/injury context are not fully sourced.",,NEEDS DATA,NEEDS DATA,NEEDS DATA,DATA_NEEDS_LIVE_CONTEXT,HISTORICAL TEST ONLY,NO-GO,False,Medium,ROUTE_PROXY_UNVALIDATED|LOW_CURRENT_SAMPLE,Medium,ROUTE_PROXY_UNVALIDATED|LOW_CURRENT_SAMPLE,,,,,,,,,,
2025,1,,K.Pryor,CIN,,WR,3.411976024919269,31.877125680603683,,,,,,True,False,False,94.06,66.67,,,,,35,55,52,71.61,GOOD_SIGNAL,2,0,0,6,Projection-led limited V1 signal from existing historical-test markets.,"Limited V1: opponent fit, game script, weather, recent form, and live role/injury context are not fully sourced.",,NEEDS DATA,NEEDS DATA,NEEDS DATA,DATA_NEEDS_LIVE_CONTEXT,HISTORICAL TEST ONLY,NO-GO,False,Medium,ROUTE_PROXY_UNVALIDATED|LOW_CURRENT_SAMPLE|LOW_PLAYER_SAMPLE,Medium,ROUTE_PROXY_UNVALIDATED|LOW_CURRENT_SAMPLE|LOW_PLAYER_SAMPLE|LOW_YARDAGE_SAMPLE,,,,,,,,,,
2025,1,,C.McCaffrey,SF,,RB,2.3505685095671005,20.12635841979014,55.17417458833264,3.989686528942656,,,,True,True,False,94.03,66.67,,,,,35,55,52,71.6,GOOD_SIGNAL,2,0,0,6,Projection-led limited V1 signal from existing historical-test markets.,"Limited V1: opponent fit, game script, weather, recent form, and live role/injury context are not fully sourced.",,NEEDS DATA,NEEDS DATA,NEEDS DATA,DATA_NEEDS_LIVE_CONTEXT,HISTORICAL TEST ONLY,NO-GO,False,Medium,ROUTE_PROXY_UNVALIDATED|LOW_CURRENT_SAMPLE,Medium,ROUTE_PROXY_UNVALIDATED|LOW_CURRENT_SAMPLE,Medium,ROUTE_PROXY_UNVALIDATED|LOW_CURRENT_SAMPLE,Medium,ROUTE_PROXY_UNVALIDATED|LOW_CURRENT_SAMPLE,,,,,,
2025,1,,K.Shakir,BUF,,WR,3.4100959604671752,40.64381736873165,,,,,,True,False,False,93.91,66.67,,,,,35,55,52,71.54,GOOD_SIGNAL,2,0,0,6,Projection-led limited V1 signal from existing historical-test markets.,"Limited V1: opponent fit, game script, weather, recent form, and live role/injury context are not fully sourced.",,NEEDS DATA,NEEDS DATA,NEEDS DATA,DATA_NEEDS_LIVE_CONTEXT,HISTORICAL TEST ONLY,NO-GO,False,Medium,ROUTE_PROXY_UNVALIDATED|LOW_CURRENT_SAMPLE,Medium,ROUTE_PROXY_UNVALIDATED|LOW_CURRENT_SAMPLE,,,,,,,,,,
2025,1,,R.White,TB,,RB,1.4766151719322405,13.378458609632592,41.02029368471884,7.396247139956839,,,,True,True,False,93.85,66.67,,,,,35,55,52,71.52,GOOD_SIGNAL,2,0,0,6,Projection-led limited V1 signal from existing historical-test markets.,"Limited V1: opponent fit, game script, weather, recent form, and live role/injury context are not fully sourced.",,NEEDS DATA,NEEDS DATA,NEEDS DATA,DATA_NEEDS_LIVE_CONTEXT,HISTORICAL TEST ONLY,NO-GO,False,Medium,ROUTE_PROXY_UNVALIDATED|LOW_CURRENT_SAMPLE,Medium,ROUTE_PROXY_UNVALIDATED|LOW_CURRENT_SAMPLE,Medium,ROUTE_PROXY_UNVALIDATED|LOW_CURRENT_SAMPLE,Medium,ROUTE_PROXY_UNVALIDATED|LOW_CURRENT_SAMPLE,,,,,,
2025,1,,M.Valdes-Scantling,NO,,WR,2.338426272667646,45.06766268763818,,,,,,True,False,False,93.77,66.67,,,,,35,55,52,71.48,GOOD_SIGNAL,2,0,0,6,Projection-led limited V1 signal from existing historical-test markets.,"Limited V1: opponent fit, game script, weather, recent form, and live role/injury context are not fully sourced.",,NEEDS DATA,NEEDS DATA,NEEDS DATA,DATA_NEEDS_LIVE_CONTEXT,HISTORICAL TEST ONLY,NO-GO,False,Medium,ROUTE_PROXY_UNVALIDATED|LOW_CURRENT_SAMPLE,Medium,ROUTE_PROXY_UNVALIDATED|LOW_CURRENT_SAMPLE,,,,,,,,,,
2025,1,,N.Harris,PIT,,RB,1.4219194965470645,13.061280900703254,54.5928160053647,6.209308017185189,,,,True,True,False,93.66,66.67,,,,,35,55,52,71.43,GOOD_SIGNAL,2,0,0,6,Projection-led limited V1 signal from existing historical-test markets.,"Limited V1: opponent fit, game script, weather, recent form, and live role/injury context are not fully sourced.",,NEEDS DATA,NEEDS DATA,NEEDS DATA,DATA_NEEDS_LIVE_CONTEXT,HISTORICAL TEST ONLY,NO-GO,False,Medium,ROUTE_PROXY_UNVALIDATED|LOW_CURRENT_SAMPLE,Medium,ROUTE_PROXY_UNVALIDATED|LOW_CURRENT_SAMPLE,Medium,ROUTE_PROXY_UNVALIDATED|LOW_CURRENT_SAMPLE,Medium,ROUTE_PROXY_UNVALIDATED|LOW_CURRENT_SAMPLE,,,,,,
2025,1,,C.White,SEA,,WR,2.17759151980328,44.35595902389655,,,,,,True,False,False,93.61,66.67,,,,,35,55,52,71.41,GOOD_SIGNAL,2,0,0,6,Projection-led limited V1 signal from existing historical-test markets.,"Limited V1: opponent fit, game script, weather, recent form, and live role/injury context are not fully sourced.",,NEEDS DATA,NEEDS DATA,NEEDS DATA,DATA_NEEDS_LIVE_CONTEXT,HISTORICAL TEST ONLY,NO-GO,False,Medium,ROUTE_PROXY_UNVALIDATED|LOW_CURRENT_SAMPLE|LOW_PLAYER_SAMPLE,Medium,ROUTE_PROXY_UNVALIDATED|LOW_CURRENT_SAMPLE|LOW_PLAYER_SAMPLE|LOW_YARDAGE_SAMPLE,,,,,,,,,,
2025,1,,C.Tillman,CLE,,WR,3.382789611435334,41.71041584367048,,,,,,True,False,False,93.59,66.67,,,,,35,55,52,71.4,GOOD_SIGNAL,2,0,0,6,Projection-led limited V1 signal from existing historical-test markets.,"Limited V1: opponent fit, game script, weather, recent form, and live role/injury context are not fully sourced.",,NEEDS DATA,NEEDS DATA,NEEDS DATA,DATA_NEEDS_LIVE_CONTEXT,HISTORICAL TEST ONLY,NO-GO,False,Medium,ROUTE_PROXY_UNVALIDATED|LOW_CURRENT_SAMPLE,Medium,ROUTE_PROXY_UNVALIDATED|LOW_CURRENT_SAMPLE,,,,,,,,,,
2025,1,,J.Coker,CAR,,WR,3.028713143756761,44.22468153137731,,,,,,True,False,False,93.44,66.67,,,,,35,55,52,71.33,GOOD_SIGNAL,2,0,0,6,Projection-led limited V1 signal from existing historical-test markets.,"Limited V1: opponent fit, game script, weather, recent form, and live role/injury context are not fully sourced.",,NEEDS DATA,NEEDS DATA,NEEDS DATA,DATA_NEEDS_LIVE_CONTEXT,HISTORICAL TEST ONLY,NO-GO,False,Medium,ROUTE_PROXY_UNVALIDATED|LOW_CURRENT_SAMPLE,Medium,ROUTE_PROXY_UNVALIDATED|LOW_CURRENT_SAMPLE,,,,,,,,,,
2025,1,,G.Kittle,SF,,TE,3.3133612255934835,44.190033697508085,,,,,,True,False,False,93.28,66.67,,,,,35,55,52,71.26,GOOD_SIGNAL,2,0,0,6,Projection-led limited V1 signal from existing historical-test markets.,"Limited V1: opponent fit, game script, weather, recent form, and live role/injury context are not fully sourced.",,NEEDS DATA,NEEDS DATA,NEEDS DATA,DATA_NEEDS_LIVE_CONTEXT,HISTORICAL TEST ONLY,NO-GO,False,Medium,ROUTE_PROXY_UNVALIDATED|LOW_CURRENT_SAMPLE,Medium,ROUTE_PROXY_UNVALIDATED|LOW_CURRENT_SAMPLE,,,,,,,,,,
2025,1,,B.Bowers,LV,,TE,3.3203915630074885,31.68791626704805,,,,,,True,False,False,93.12,66.67,,,,,35,55,52,71.19,GOOD_SIGNAL,2,0,0,6,Projection-led limited V1 signal from existing historical-test markets.,"Limited V1: opponent fit, game script, weather, recent form, and live role/injury context are not fully sourced.",,NEEDS DATA,NEEDS DATA,NEEDS DATA,DATA_NEEDS_LIVE_CONTEXT,HISTORICAL TEST ONLY,NO-GO,False,Medium,ROUTE_PROXY_UNVALIDATED|LOW_CURRENT_SAMPLE,Medium,ROUTE_PROXY_UNVALIDATED|LOW_CURRENT_SAMPLE,,,,,,,,,,
2025,1,,T.Bigsby,JAX,,RB,0.842344691026393,7.516741748322797,36.03686705116501,7.309434882654873,,,,True,True,False,93.03,66.67,,,,,35,55,52,71.15,GOOD_SIGNAL,2,0,0,6,Projection-led limited V1 signal from existing historical-test markets.,"Limited V1: opponent fit, game script, weather, recent form, and live role/injury context are not fully sourced.",,NEEDS DATA,NEEDS DATA,NEEDS DATA,DATA_NEEDS_LIVE_CONTEXT,HISTORICAL TEST ONLY,NO-GO,False,Medium,ROUTE_PROXY_UNVALIDATED|LOW_CURRENT_SAMPLE,Medium,ROUTE_PROXY_UNVALIDATED|LOW_CURRENT_SAMPLE|LOW_YARDAGE_SAMPLE,Medium,ROUTE_PROXY_UNVALIDATED|LOW_CURRENT_SAMPLE,Medium,ROUTE_PROXY_UNVALIDATED|LOW_CURRENT_SAMPLE,,,,,,
2025,1,,C.Olave,NO,,WR,3.316477078094759,43.19820355763473,,,,,,True,False,False,92.97,66.67,,,,,35,55,52,71.12,GOOD_SIGNAL,2,0,0,6,Projection-led limited V1 signal from existing historical-test markets.,"Limited V1: opponent fit, game script, weather, recent form, and live role/injury context are not fully sourced.",,NEEDS DATA,NEEDS DATA,NEEDS DATA,DATA_NEEDS_LIVE_CONTEXT,HISTORICAL TEST ONLY,NO-GO,False,Medium,ROUTE_PROXY_UNVALIDATED|LOW_CURRENT_SAMPLE,Medium,ROUTE_PROXY_UNVALIDATED|LOW_CURRENT_SAMPLE,,,,,,,,,,
2025,1,,C.Brown,CIN,,RB,2.169603292611404,15.207186136068923,50.632249537169855,7.113046577439101,,,,True,True,False,92.62,66.67,,,,,35,55,52,70.96,GOOD_SIGNAL,2,0,0,6,Projection-led limited V1 signal from existing historical-test markets.,"Limited V1: opponent fit, game script, weather, recent form, and live role/injury context are not fully sourced.",,NEEDS DATA,NEEDS DATA,NEEDS DATA,DATA_NEEDS_LIVE_CONTEXT,HISTORICAL TEST ONLY,NO-GO,False,Medium,ROUTE_PROXY_UNVALIDATED|LOW_CURRENT_SAMPLE,Medium,ROUTE_PROXY_UNVALIDATED|LOW_CURRENT_SAMPLE,Medium,ROUTE_PROXY_UNVALIDATED|LOW_CURRENT_SAMPLE,Medium,ROUTE_PROXY_UNVALIDATED|LOW_CURRENT_SAMPLE,,,,,,
2025,1,,D.Montgomery,DET,,RB,1.471750443563897,13.608639630004124,51.86371578743624,5.825244157887851,,,,True,True,False,92.54,66.67,,,,,35,55,52,70.93,GOOD_SIGNAL,2,0,0,6,Projection-led limited V1 signal from existing historical-test markets.,"Limited V1: opponent fit, game script, weather, recent form, and live role/injury context are not fully sourced.",,NEEDS DATA,NEEDS DATA,NEEDS DATA,DATA_NEEDS_LIVE_CONTEXT,HISTORICAL TEST ONLY,NO-GO,False,Medium,ROUTE_PROXY_UNVALIDATED|LOW_CURRENT_SAMPLE,Medium,ROUTE_PROXY_UNVALIDATED|LOW_CURRENT_SAMPLE,Medium,ROUTE_PROXY_UNVALIDATED|LOW_CURRENT_SAMPLE,Medium,ROUTE_PROXY_UNVALIDATED|LOW_CURRENT_SAMPLE,,,,,,
2025,1,,M.Gesicki,CIN,,TE,3.3062189478710167,30.37411122708835,,,,,,True,False,False,92.5,66.67,,,,,35,55,52,70.91,GOOD_SIGNAL,2,0,0,6,Projection-led limited V1 signal from existing historical-test markets.,"Limited V1: opponent fit, game script, weather, recent form, and live role/injury context are not fully sourced.",,NEEDS DATA,NEEDS DATA,NEEDS DATA,DATA_NEEDS_LIVE_CONTEXT,HISTORICAL TEST ONLY,NO-GO,False,Medium,ROUTE_PROXY_UNVALIDATED|LOW_CURRENT_SAMPLE,Medium,ROUTE_PROXY_UNVALIDATED|LOW_CURRENT_SAMPLE,,,,,,,,,,
2025,1,,C.Sutton,DEN,,WR,3.194167412969313,43.33394465922593,,,,,,True,False,False,92.46,66.67,,,,,35,55,52,70.89,GOOD_SIGNAL,2,0,0,6,Projection-led limited V1 signal from existing historical-test markets.,"Limited V1: opponent fit, game script, weather, recent form, and live role/injury context are not fully sourced.",,NEEDS DATA,NEEDS DATA,NEEDS DATA,DATA_NEEDS_LIVE_CONTEXT,HISTORICAL TEST ONLY,NO-GO,False,Medium,ROUTE_PROXY_UNVALIDATED|LOW_CURRENT_SAMPLE,Medium,ROUTE_PROXY_UNVALIDATED|LOW_CURRENT_SAMPLE,,,,,,,,,,
2025,1,,Q.Johnston,LAC,,WR,3.249909987980736,42.628604153998914,,,,,,True,False,False,92.19,66.67,,,,,35,55,52,70.77,GOOD_SIGNAL,2,0,0,6,Projection-led limited V1 signal from existing historical-test markets.,"Limited V1: opponent fit, game script, weather, recent form, and live role/injury context are not fully sourced.",,NEEDS DATA,NEEDS DATA,NEEDS DATA,DATA_NEEDS_LIVE_CONTEXT,HISTORICAL TEST ONLY,NO-GO,False,Medium,ROUTE_PROXY_UNVALIDATED|LOW_CURRENT_SAMPLE,Medium,ROUTE_PROXY_UNVALIDATED|LOW_CURRENT_SAMPLE,,,,,,,,,,
2025,1,,B.Hall,NYJ,,RB,1.4902066912199456,12.8638533274415,51.06383727929647,4.8567707399024265,,,,True,True,False,92.16,66.67,,,,,35,55,52,70.76,GOOD_SIGNAL,2,0,0,6,Projection-led limited V1 signal from existing historical-test markets.,"Limited V1: opponent fit, game script, weather, recent form, and live role/injury context are not fully sourced.",,NEEDS DATA,NEEDS DATA,NEEDS DATA,DATA_NEEDS_LIVE_CONTEXT,HISTORICAL TEST ONLY,NO-GO,False,Medium,ROUTE_PROXY_UNVALIDATED|LOW_CURRENT_SAMPLE,Medium,ROUTE_PROXY_UNVALIDATED|LOW_CURRENT_SAMPLE,Medium,ROUTE_PROXY_UNVALIDATED|LOW_CURRENT_SAMPLE,Medium,ROUTE_PROXY_UNVALIDATED|LOW_CURRENT_SAMPLE,,,,,,
2025,1,,E.Engram,JAX,,TE,3.244670129629186,25.69258305162339,,,,,,True,False,False,92.03,66.67,,,,,35,55,52,70.7,GOOD_SIGNAL,2,0,0,6,Projection-led limited V1 signal from existing historical-test markets.,"Limited V1: opponent fit, game script, weather, recent form, and live role/injury context are not fully sourced.",,NEEDS DATA,NEEDS DATA,NEEDS DATA,DATA_NEEDS_LIVE_CONTEXT,HISTORICAL TEST ONLY,NO-GO,False,Medium,ROUTE_PROXY_UNVALIDATED|LOW_CURRENT_SAMPLE,Medium,ROUTE_PROXY_UNVALIDATED|LOW_CURRENT_SAMPLE,,,,,,,,,,
2025,1,,J.Waddle,MIA,,WR,3.211604235651245,42.82293406771647,,,,,,True,False,False,91.8,66.67,,,,,35,55,52,70.59,GOOD_SIGNAL,2,0,0,6,Projection-led limited V1 signal from existing historical-test markets.,"Limited V1: opponent fit, game script, weather, recent form, and live role/injury context are not fully sourced.",,NEEDS DATA,NEEDS DATA,NEEDS DATA,DATA_NEEDS_LIVE_CONTEXT,HISTORICAL TEST ONLY,NO-GO,False,Medium,ROUTE_PROXY_UNVALIDATED|LOW_CURRENT_SAMPLE,Medium,ROUTE_PROXY_UNVALIDATED|LOW_CURRENT_SAMPLE,,,,,,,,,,
2025,1,,P.Freiermuth,PIT,,TE,3.2156308397203017,29.209659842483305,,,,,,True,False,False,91.72,66.67,,,,,35,55,52,70.56,GOOD_SIGNAL,2,0,0,6,Projection-led limited V1 signal from existing historical-test markets.,"Limited V1: opponent fit, game script, weather, recent form, and live role/injury context are not fully sourced.",,NEEDS DATA,NEEDS DATA,NEEDS DATA,DATA_NEEDS_LIVE_CONTEXT,HISTORICAL TEST ONLY,NO-GO,False,Medium,ROUTE_PROXY_UNVALIDATED|LOW_CURRENT_SAMPLE,Medium,ROUTE_PROXY_UNVALIDATED|LOW_CURRENT_SAMPLE,,,,,,,,,,
2025,1,,D.Metcalf,SEA,,WR,2.87613918855559,42.7259113160366,,,,,,True,False,False,91.64,66.67,,,,,35,55,52,70.52,GOOD_SIGNAL,2,0,0,6,Projection-led limited V1 signal from existing historical-test markets.,"Limited V1: opponent fit, game script, weather, recent form, and live role/injury context are not fully sourced.",,NEEDS DATA,NEEDS DATA,NEEDS DATA,DATA_NEEDS_LIVE_CONTEXT,HISTORICAL TEST ONLY,NO-GO,False,Medium,ROUTE_PROXY_UNVALIDATED|LOW_CURRENT_SAMPLE,Medium,ROUTE_PROXY_UNVALIDATED|LOW_CURRENT_SAMPLE,,,,,,,,,,
2025,1,,X.Worthy,KC,,WR,3.195083257776038,40.04342211907966,,,,,,True,False,False,91.41,66.67,,,,,35,55,52,70.42,GOOD_SIGNAL,2,0,0,6,Projection-led limited V1 signal from existing historical-test markets.,"Limited V1: opponent fit, game script, weather, recent form, and live role/injury context are not fully sourced.",,NEEDS DATA,NEEDS DATA,NEEDS DATA,DATA_NEEDS_LIVE_CONTEXT,HISTORICAL TEST ONLY,NO-GO,False,Medium,ROUTE_PROXY_UNVALIDATED|LOW_CURRENT_SAMPLE,Medium,ROUTE_PROXY_UNVALIDATED|LOW_CURRENT_SAMPLE,,,,,,,,,,
2025,1,,D.Achane,MIA,,RB,1.979524341104844,14.654113784862496,50.45564908795905,5.363042030867725,,,,True,True,False,91.04,66.67,,,,,35,55,52,70.25,GOOD_SIGNAL,2,0,0,6,Projection-led limited V1 signal from existing historical-test markets.,"Limited V1: opponent fit, game script, weather, recent form, and live role/injury context are not fully sourced.",,NEEDS DATA,NEEDS DATA,NEEDS DATA,DATA_NEEDS_LIVE_CONTEXT,HISTORICAL TEST ONLY,NO-GO,False,Medium,ROUTE_PROXY_UNVALIDATED|LOW_CURRENT_SAMPLE,Medium,ROUTE_PROXY_UNVALIDATED|LOW_CURRENT_SAMPLE,Medium,ROUTE_PROXY_UNVALIDATED|LOW_CURRENT_SAMPLE,Medium,ROUTE_PROXY_UNVALIDATED|LOW_CURRENT_SAMPLE,,,,,,
2025,1,,J.Burton,CIN,,WR,1.7683165442699045,41.96224809482204,,,,,,True,False,False,90.98,66.67,,,,,35,55,52,70.23,GOOD_SIGNAL,2,0,0,6,Projection-led limited V1 signal from existing historical-test markets.,"Limited V1: opponent fit, game script, weather, recent form, and live role/injury context are not fully sourced.",,NEEDS DATA,NEEDS DATA,NEEDS DATA,DATA_NEEDS_LIVE_CONTEXT,HISTORICAL TEST ONLY,NO-GO,False,Medium,ROUTE_PROXY_UNVALIDATED|LOW_CURRENT_SAMPLE,Medium,ROUTE_PROXY_UNVALIDATED|LOW_CURRENT_SAMPLE|LOW_YARDAGE_SAMPLE,,,,,,,,,,
2025,1,,C.Jones,CIN,,WR,3.124232669294332,23.85614326233568,,,,,,True,False,False,90.94,66.67,,,,,35,55,52,70.21,GOOD_SIGNAL,2,0,0,6,Projection-led limited V1 signal from existing historical-test markets.,"Limited V1: opponent fit, game script, weather, recent form, and live role/injury context are not fully sourced.",,NEEDS DATA,NEEDS DATA,NEEDS DATA,DATA_NEEDS_LIVE_CONTEXT,HISTORICAL TEST ONLY,NO-GO,False,Medium,ROUTE_PROXY_UNVALIDATED|LOW_CURRENT_SAMPLE,Medium,ROUTE_PROXY_UNVALIDATED|LOW_CURRENT_SAMPLE|LOW_YARDAGE_SAMPLE,,,,,,,,,,
2025,1,,L.Bowden,NO,,WR,3.12306410937659,37.44411788800711,,,,,,True,False,False,90.78,66.67,,,,,35,55,52,70.14,GOOD_SIGNAL,2,0,0,6,Projection-led limited V1 signal from existing historical-test markets.,"Limited V1: opponent fit, game script, weather, recent form, and live role/injury context are not fully sourced.",,NEEDS DATA,NEEDS DATA,NEEDS DATA,DATA_NEEDS_LIVE_CONTEXT,HISTORICAL TEST ONLY,NO-GO,False,Medium,ROUTE_PROXY_UNVALIDATED|LOW_CURRENT_SAMPLE,Medium,ROUTE_PROXY_UNVALIDATED|LOW_CURRENT_SAMPLE,,,,,,,,,,
2025,1,,R.Stevenson,NE,,RB,0.9800236315370178,6.961816163475759,50.14759228082217,5.576982004484775,,,,True,True,False,90.67,66.67,,,,,35,55,52,70.09,GOOD_SIGNAL,2,0,0,6,Projection-led limited V1 signal from existing historical-test markets.,"Limited V1: opponent fit, game script, weather, recent form, and live role/injury context are not fully sourced.",,NEEDS DATA,NEEDS DATA,NEEDS DATA,DATA_NEEDS_LIVE_CONTEXT,HISTORICAL TEST ONLY,NO-GO,False,Medium,ROUTE_PROXY_UNVALIDATED|LOW_CURRENT_SAMPLE,Medium,ROUTE_PROXY_UNVALIDATED|LOW_CURRENT_SAMPLE,Medium,ROUTE_PROXY_UNVALIDATED|LOW_CURRENT_SAMPLE,Medium,ROUTE_PROXY_UNVALIDATED|LOW_CURRENT_SAMPLE,,,,,,
2025,1,,G.Dortch,ARI,,WR,3.115682614642303,30.09825623186337,,,,,,True,False,False,90.62,66.67,,,,,35,55,52,70.06,GOOD_SIGNAL,2,0,0,6,Projection-led limited V1 signal from existing historical-test markets.,"Limited V1: opponent fit, game script, weather, recent form, and live role/injury context are not fully sourced.",,NEEDS DATA,NEEDS DATA,NEEDS DATA,DATA_NEEDS_LIVE_CONTEXT,HISTORICAL TEST ONLY,NO-GO,False,Medium,ROUTE_PROXY_UNVALIDATED|LOW_CURRENT_SAMPLE,Medium,ROUTE_PROXY_UNVALIDATED|LOW_CURRENT_SAMPLE,,,,,,,,,,
2025,1,,A.Perry,NO,,WR,2.832083447294264,41.54218787978671,,,,,,True,False,False,90.49,66.67,,,,,35,55,52,70.0,GOOD_SIGNAL,2,0,0,6,Projection-led limited V1 signal from existing historical-test markets.,"Limited V1: opponent fit, game script, weather, recent form, and live role/injury context are not fully sourced.",,NEEDS DATA,NEEDS DATA,NEEDS DATA,DATA_NEEDS_LIVE_CONTEXT,HISTORICAL TEST ONLY,NO-GO,False,Medium,ROUTE_PROXY_UNVALIDATED|LOW_CURRENT_SAMPLE,Medium,ROUTE_PROXY_UNVALIDATED|LOW_CURRENT_SAMPLE,,,,,,,,,,
2025,1,,T.Sherfield,MIN,,WR,3.115223729518777,28.871336324186004,,,,,,True,False,False,90.47,66.67,,,,,35,55,52,70.0,GOOD_SIGNAL,2,0,0,6,Projection-led limited V1 signal from existing historical-test markets.,"Limited V1: opponent fit, game script, weather, recent form, and live role/injury context are not fully sourced.",,NEEDS DATA,NEEDS DATA,NEEDS DATA,DATA_NEEDS_LIVE_CONTEXT,HISTORICAL TEST ONLY,NO-GO,False,Medium,ROUTE_PROXY_UNVALIDATED|LOW_CURRENT_SAMPLE,Medium,ROUTE_PROXY_UNVALIDATED|LOW_CURRENT_SAMPLE,,,,,,,,,,
2025,1,,M.Mims,DEN,,WR,3.072913109154491,40.97735449132519,,,,,,True,False,False,90.33,66.67,,,,,35,55,52,69.93,GOOD_SIGNAL,2,0,0,6,Projection-led limited V1 signal from existing historical-test markets.,"Limited V1: opponent fit, game script, weather, recent form, and live role/injury context are not fully sourced.",,NEEDS DATA,NEEDS DATA,NEEDS DATA,DATA_NEEDS_LIVE_CONTEXT,HISTORICAL TEST ONLY,NO-GO,False,Medium,ROUTE_PROXY_UNVALIDATED|LOW_CURRENT_SAMPLE,Medium,ROUTE_PROXY_UNVALIDATED|LOW_CURRENT_SAMPLE,,,,,,,,,,
2025,1,,Z.Ertz,WAS,,TE,3.1059663323690176,27.376930569132742,,,,,,True,False,False,90.31,66.67,,,,,35,55,52,69.92,GOOD_SIGNAL,2,0,0,6,Projection-led limited V1 signal from existing historical-test markets.,"Limited V1: opponent fit, game script, weather, recent form, and live role/injury context are not fully sourced.",,NEEDS DATA,NEEDS DATA,NEEDS DATA,DATA_NEEDS_LIVE_CONTEXT,HISTORICAL TEST ONLY,NO-GO,False,Medium,ROUTE_PROXY_UNVALIDATED|LOW_CURRENT_SAMPLE,Medium,ROUTE_PROXY_UNVALIDATED|LOW_CURRENT_SAMPLE,,,,,,,,,,
2025,1,,B.Robinson,WAS,,RB,1.2677429806138538,11.691607845253642,49.87698647573922,5.796725935410487,,,,True,True,False,90.3,66.67,,,,,35,55,52,69.92,GOOD_SIGNAL,2,0,0,6,Projection-led limited V1 signal from existing historical-test markets.,"Limited V1: opponent fit, game script, weather, recent form, and live role/injury context are not fully sourced.",,NEEDS DATA,NEEDS DATA,NEEDS DATA,DATA_NEEDS_LIVE_CONTEXT,HISTORICAL TEST ONLY,NO-GO,False,Medium,ROUTE_PROXY_UNVALIDATED|LOW_CURRENT_SAMPLE,Medium,ROUTE_PROXY_UNVALIDATED|LOW_CURRENT_SAMPLE,Medium,ROUTE_PROXY_UNVALIDATED|LOW_CURRENT_SAMPLE,Medium,ROUTE_PROXY_UNVALIDATED|LOW_CURRENT_SAMPLE,,,,,,
2025,1,,D.Eskridge,MIA,,WR,2.8324911923162324,40.84392074642162,,,,,,True,False,False,90.16,66.67,,,,,35,55,52,69.86,GOOD_SIGNAL,2,0,0,6,Projection-led limited V1 signal from existing historical-test markets.,"Limited V1: opponent fit, game script, weather, recent form, and live role/injury context are not fully sourced.",,NEEDS DATA,NEEDS DATA,NEEDS DATA,DATA_NEEDS_LIVE_CONTEXT,HISTORICAL TEST ONLY,NO-GO,False,Medium,ROUTE_PROXY_UNVALIDATED|LOW_CURRENT_SAMPLE|LOW_PLAYER_SAMPLE,Medium,ROUTE_PROXY_UNVALIDATED|LOW_CURRENT_SAMPLE|LOW_PLAYER_SAMPLE|LOW_YARDAGE_SAMPLE,,,,,,,,,,
2025,1,,T.Hill,NO,,TE,3.102138090164462,25.18938003248534,,,,,,True,False,False,90.16,66.67,,,,,35,55,52,69.86,GOOD_SIGNAL,2,0,0,6,Projection-led limited V1 signal from existing historical-test markets.,"Limited V1: opponent fit, game script, weather, recent form, and live role/injury context are not fully sourced.",,NEEDS DATA,NEEDS DATA,NEEDS DATA,DATA_NEEDS_LIVE_CONTEXT,HISTORICAL TEST ONLY,NO-GO,False,Medium,ROUTE_PROXY_UNVALIDATED|LOW_CURRENT_SAMPLE,Medium,ROUTE_PROXY_UNVALIDATED|LOW_CURRENT_SAMPLE,,,,,,,,,,
2025,1,,A.Iosivas,CIN,,WR,3.096429404292562,40.76796474031539,,,,,,True,False,False,90.0,66.67,,,,,35,55,52,69.78,GOOD_SIGNAL,2,0,0,6,Projection-led limited V1 signal from existing historical-test markets.,"Limited V1: opponent fit, game script, weather, recent form, and live role/injury context are not fully sourced.",,NEEDS DATA,NEEDS DATA,NEEDS DATA,DATA_NEEDS_LIVE_CONTEXT,HISTORICAL TEST ONLY,NO-GO,False,Medium,ROUTE_PROXY_UNVALIDATED|LOW_CURRENT_SAMPLE,Medium,ROUTE_PROXY_UNVALIDATED|LOW_CURRENT_SAMPLE,,,,,,,,,,
2025,1,,J.Mason,SF,,RB,0.9994238171726384,9.50326988330166,49.71939025124168,3.246477663058616,,,,True,True,False,89.93,66.67,,,,,35,55,52,69.75,GOOD_SIGNAL,2,0,0,6,Projection-led limited V1 signal from existing historical-test markets.,"Limited V1: opponent fit, game script, weather, recent form, and live role/injury context are not fully sourced.",,NEEDS DATA,NEEDS DATA,NEEDS DATA,DATA_NEEDS_LIVE_CONTEXT,HISTORICAL TEST ONLY,NO-GO,False,Medium,ROUTE_PROXY_UNVALIDATED|LOW_CURRENT_SAMPLE,Medium,ROUTE_PROXY_UNVALIDATED|LOW_CURRENT_SAMPLE,Medium,ROUTE_PROXY_UNVALIDATED|LOW_CURRENT_SAMPLE,Medium,ROUTE_PROXY_UNVALIDATED|LOW_CURRENT_SAMPLE,,,,,,
2025,1,,C.Kupp,LA,,WR,3.089967923568571,37.14899135032646,,,,,,True,False,False,89.84,66.67,,,,,35,55,52,69.71,GOOD_SIGNAL,2,0,0,6,Projection-led limited V1 signal from existing historical-test markets.,"Limited V1: opponent fit, game script, weather, recent form, and live role/injury context are not fully sourced.",,NEEDS DATA,NEEDS DATA,NEEDS DATA,DATA_NEEDS_LIVE_CONTEXT,HISTORICAL TEST ONLY,NO-GO,False,Medium,ROUTE_PROXY_UNVALIDATED|LOW_CURRENT_SAMPLE,Medium,ROUTE_PROXY_UNVALIDATED|LOW_CURRENT_SAMPLE,,,,,,,,,,
2025,1,,M.Gordon,BAL,,RB,0.793016200383899,7.428251541541909,26.894027658541173,5.714763129344935,,,,True,True,False,89.75,66.67,,,,,35,55,52,69.67,GOOD_SIGNAL,2,0,0,6,Projection-led limited V1 signal from existing historical-test markets.,"Limited V1: opponent fit, game script, weather, recent form, and live role/injury context are not fully sourced.",,NEEDS DATA,NEEDS DATA,NEEDS DATA,DATA_NEEDS_LIVE_CONTEXT,HISTORICAL TEST ONLY,NO-GO,False,Medium,ROUTE_PROXY_UNVALIDATED|LOW_CURRENT_SAMPLE|LOW_PLAYER_SAMPLE,Medium,ROUTE_PROXY_UNVALIDATED|LOW_CURRENT_SAMPLE|LOW_PLAYER_SAMPLE|LOW_YARDAGE_SAMPLE,Medium,ROUTE_PROXY_UNVALIDATED|LOW_CURRENT_SAMPLE|LOW_PLAYER_SAMPLE,Medium,ROUTE_PROXY_UNVALIDATED|LOW_CURRENT_SAMPLE|LOW_PLAYER_SAMPLE,,,,,,
2025,1,,C.Ridley,TEN,,WR,2.7044289294614297,40.45618696303106,,,,,,True,False,False,89.67,66.67,,,,,35,55,52,69.64,GOOD_SIGNAL,2,0,0,6,Projection-led limited V1 signal from existing historical-test markets.,"Limited V1: opponent fit, game script, weather, recent form, and live role/injury context are not fully sourced.",,NEEDS DATA,NEEDS DATA,NEEDS DATA,DATA_NEEDS_LIVE_CONTEXT,HISTORICAL TEST ONLY,NO-GO,False,Medium,ROUTE_PROXY_UNVALIDATED|LOW_CURRENT_SAMPLE,Medium,ROUTE_PROXY_UNVALIDATED|LOW_CURRENT_SAMPLE,,,,,,,,,,
2025,1,,K.Hunt,KC,,RB,0.8495145606631439,7.103712012822405,46.97285066191176,3.42854527125294,,,,True,True,False,89.55,66.67,,,,,35,55,52,69.58,GOOD_SIGNAL,2,0,0,6,Projection-led limited V1 signal from existing historical-test markets.,"Limited V1: opponent fit, game script, weather, recent form, and live role/injury context are not fully sourced.",,NEEDS DATA,NEEDS DATA,NEEDS DATA,DATA_NEEDS_LIVE_CONTEXT,HISTORICAL TEST ONLY,NO-GO,False,Medium,ROUTE_PROXY_UNVALIDATED|LOW_CURRENT_SAMPLE,Medium,ROUTE_PROXY_UNVALIDATED|LOW_CURRENT_SAMPLE,Medium,ROUTE_PROXY_UNVALIDATED|LOW_CURRENT_SAMPLE,Medium,ROUTE_PROXY_UNVALIDATED|LOW_CURRENT_SAMPLE,,,,,,
2025,1,,R.Moore,ARI,,WR,3.061305150056781,37.497843824635126,,,,,,True,False,False,89.53,66.67,,,,,35,55,52,69.57,GOOD_SIGNAL,2,0,0,6,Projection-led limited V1 signal from existing historical-test markets.,"Limited V1: opponent fit, game script, weather, recent form, and live role/injury context are not fully sourced.",,NEEDS DATA,NEEDS DATA,NEEDS DATA,DATA_NEEDS_LIVE_CONTEXT,HISTORICAL TEST ONLY,NO-GO,False,Medium,ROUTE_PROXY_UNVALIDATED|LOW_CURRENT_SAMPLE,Medium,ROUTE_PROXY_UNVALIDATED|LOW_CURRENT_SAMPLE,,,,,,,,,,
2025,1,,C.Watson,GB,,WR,2.099538906048682,40.29945728801774,,,,,,True,False,False,89.51,66.67,,,,,35,55,52,69.56,GOOD_SIGNAL,2,0,0,6,Projection-led limited V1 signal from existing historical-test markets.,"Limited V1: opponent fit, game script, weather, recent form, and live role/injury context are not fully sourced.",,NEEDS DATA,NEEDS DATA,NEEDS DATA,DATA_NEEDS_LIVE_CONTEXT,HISTORICAL TEST ONLY,NO-GO,False,Medium,ROUTE_PROXY_UNVALIDATED|LOW_CURRENT_SAMPLE,Medium,ROUTE_PROXY_UNVALIDATED|LOW_CURRENT_SAMPLE,,,,,,,,,,
2025,1,,S.LaPorta,DET,,TE,3.0404011494811884,30.393490551245403,,,,,,True,False,False,89.38,66.67,,,,,35,55,52,69.51,GOOD_SIGNAL,2,0,0,6,Projection-led limited V1 signal from existing historical-test markets.,"Limited V1: opponent fit, game script, weather, recent form, and live role/injury context are not fully sourced.",,NEEDS DATA,NEEDS DATA,NEEDS DATA,DATA_NEEDS_LIVE_CONTEXT,HISTORICAL TEST ONLY,NO-GO,False,Medium,ROUTE_PROXY_UNVALIDATED|LOW_CURRENT_SAMPLE,Medium,ROUTE_PROXY_UNVALIDATED|LOW_CURRENT_SAMPLE,,,,,,,,,,
2025,1,,K.Boutte,NE,,WR,2.92976571473322,40.225620998447255,,,,,,True,False,False,89.34,66.67,,,,,35,55,52,69.49,GOOD_SIGNAL,2,0,0,6,Projection-led limited V1 signal from existing historical-test markets.,"Limited V1: opponent fit, game script, weather, recent form, and live role/injury context are not fully sourced.",,NEEDS DATA,NEEDS DATA,NEEDS DATA,DATA_NEEDS_LIVE_CONTEXT,HISTORICAL TEST ONLY,NO-GO,False,Medium,ROUTE_PROXY_UNVALIDATED|LOW_CURRENT_SAMPLE,Medium,ROUTE_PROXY_UNVALIDATED|LOW_CURRENT_SAMPLE,,,,,,,,,,
2025,1,,T.Tracy,NYG,,RB,1.298245311992472,11.41047602075102,46.1246239813343,3.6662289869783145,,,,True,True,False,89.18,66.67,,,,,35,55,52,69.42,GOOD_SIGNAL,2,0,0,6,Projection-led limited V1 signal from existing historical-test markets.,"Limited V1: opponent fit, game script, weather, recent form, and live role/injury context are not fully sourced.",,NEEDS DATA,NEEDS DATA,NEEDS DATA,DATA_NEEDS_LIVE_CONTEXT,HISTORICAL TEST ONLY,NO-GO,False,Medium,ROUTE_PROXY_UNVALIDATED|LOW_CURRENT_SAMPLE,Medium,ROUTE_PROXY_UNVALIDATED|LOW_CURRENT_SAMPLE,Medium,ROUTE_PROXY_UNVALIDATED|LOW_CURRENT_SAMPLE,Medium,ROUTE_PROXY_UNVALIDATED|LOW_CURRENT_SAMPLE,,,,,,
2025,1,,P.Washington,JAX,,WR,3.021768825694984,37.71833894270933,,,,,,True,False,False,89.06,66.67,,,,,35,55,52,69.36,GOOD_SIGNAL,2,0,0,6,Projection-led limited V1 signal from existing historical-test markets.,"Limited V1: opponent fit, game script, weather, recent form, and live role/injury context are not fully sourced.",,NEEDS DATA,NEEDS DATA,NEEDS DATA,DATA_NEEDS_LIVE_CONTEXT,HISTORICAL TEST ONLY,NO-GO,False,Medium,ROUTE_PROXY_UNVALIDATED|LOW_CURRENT_SAMPLE,Medium,ROUTE_PROXY_UNVALIDATED|LOW_CURRENT_SAMPLE,,,,,,,,,,
2025,1,,T.Atwell,LA,,WR,2.923510193511284,39.70627934981135,,,,,,True,False,False,89.02,66.67,,,,,35,55,52,69.34,GOOD_SIGNAL,2,0,0,6,Projection-led limited V1 signal from existing historical-test markets.,"Limited V1: opponent fit, game script, weather, recent form, and live role/injury context are not fully sourced.",,NEEDS DATA,NEEDS DATA,NEEDS DATA,DATA_NEEDS_LIVE_CONTEXT,HISTORICAL TEST ONLY,NO-GO,False,Medium,ROUTE_PROXY_UNVALIDATED|LOW_CURRENT_SAMPLE,Medium,ROUTE_PROXY_UNVALIDATED|LOW_CURRENT_SAMPLE,,,,,,,,,,
2025,1,,J.McClellan,ATL,,RB,0.6429370012974225,,22.23054561707756,5.5848330098687,,,,True,True,False,88.93,66.67,,,,,35,55,52,69.3,GOOD_SIGNAL,2,0,0,6,Projection-led limited V1 signal from existing historical-test markets.,"Limited V1: opponent fit, game script, weather, recent form, and live role/injury context are not fully sourced.",,NEEDS DATA,NEEDS DATA,NEEDS DATA,DATA_NEEDS_LIVE_CONTEXT,HISTORICAL TEST ONLY,NO-GO,False,Medium,ROUTE_PROXY_UNVALIDATED|LOW_CURRENT_SAMPLE|LOW_PLAYER_SAMPLE,,,Medium,ROUTE_PROXY_UNVALIDATED|LOW_CURRENT_SAMPLE|LOW_PLAYER_SAMPLE|LOW_RUSH_SAMPLE,Medium,ROUTE_PROXY_UNVALIDATED|LOW_CURRENT_SAMPLE|LOW_PLAYER_SAMPLE|LOW_RUSH_SAMPLE|LOW_CARRY_SAMPLE,,,,,,
2025,1,,J.McMillan,TB,,WR,2.981732619338628,39.39915562311164,,,,,,True,False,False,88.85,66.67,,,,,35,55,52,69.27,GOOD_SIGNAL,2,0,0,6,Projection-led limited V1 signal from existing historical-test markets.,"Limited V1: opponent fit, game script, weather, recent form, and live role/injury context are not fully sourced.",,NEEDS DATA,NEEDS DATA,NEEDS DATA,DATA_NEEDS_LIVE_CONTEXT,HISTORICAL TEST ONLY,NO-GO,False,Medium,ROUTE_PROXY_UNVALIDATED|LOW_CURRENT_SAMPLE,Medium,ROUTE_PROXY_UNVALIDATED|LOW_CURRENT_SAMPLE,,,,,,,,,,
2025,1,,N.Chubb,CLE,,RB,0.8268110492264162,6.373725480372225,44.47114304618516,3.982759184292498,,,,True,True,False,88.81,66.67,,,,,35,55,52,69.25,GOOD_SIGNAL,2,0,0,6,Projection-led limited V1 signal from existing historical-test markets.,"Limited V1: opponent fit, game script, weather, recent form, and live role/injury context are not fully sourced.",,NEEDS DATA,NEEDS DATA,NEEDS DATA,DATA_NEEDS_LIVE_CONTEXT,HISTORICAL TEST ONLY,NO-GO,False,Medium,ROUTE_PROXY_UNVALIDATED|LOW_CURRENT_SAMPLE,Medium,ROUTE_PROXY_UNVALIDATED|LOW_CURRENT_SAMPLE|LOW_YARDAGE_SAMPLE,Medium,ROUTE_PROXY_UNVALIDATED|LOW_CURRENT_SAMPLE,Medium,ROUTE_PROXY_UNVALIDATED|LOW_CURRENT_SAMPLE,,,,,,
2025,1,,O.Zaccheaus,WAS,,WR,3.008207924590771,31.40191167514874,,,,,,True,False,False,88.75,66.67,,,,,35,55,52,69.22,GOOD_SIGNAL,2,0,0,6,Projection-led limited V1 signal from existing historical-test markets.,"Limited V1: opponent fit, game script, weather, recent form, and live role/injury context are not fully sourced.",,NEEDS DATA,NEEDS DATA,NEEDS DATA,DATA_NEEDS_LIVE_CONTEXT,HISTORICAL TEST ONLY,NO-GO,False,Medium,ROUTE_PROXY_UNVALIDATED|LOW_CURRENT_SAMPLE,Medium,ROUTE_PROXY_UNVALIDATED|LOW_CURRENT_SAMPLE,,,,,,,,,,
2025,1,,C.Moore,TEN,,WR,2.716088818190508,39.151418992790944,,,,,,True,False,False,88.69,66.67,,,,,35,55,52,69.19,GOOD_SIGNAL,2,0,0,6,Projection-led limited V1 signal from existing historical-test markets.,"Limited V1: opponent fit, game script, weather, recent form, and live role/injury context are not fully sourced.",,NEEDS DATA,NEEDS DATA,NEEDS DATA,DATA_NEEDS_LIVE_CONTEXT,HISTORICAL TEST ONLY,NO-GO,False,Medium,ROUTE_PROXY_UNVALIDATED|LOW_CURRENT_SAMPLE,Medium,ROUTE_PROXY_UNVALIDATED|LOW_CURRENT_SAMPLE,,,,,,,,,,
2025,1,,K.Lassiter,CIN,,WR,3.005972569421199,28.696368475326533,,,,,,True,False,False,88.59,66.67,,,,,35,55,52,69.15,GOOD_SIGNAL,2,0,0,6,Projection-led limited V1 signal from existing historical-test markets.,"Limited V1: opponent fit, game script, weather, recent form, and live role/injury context are not fully sourced.",,NEEDS DATA,NEEDS DATA,NEEDS DATA,DATA_NEEDS_LIVE_CONTEXT,HISTORICAL TEST ONLY,NO-GO,False,Medium,ROUTE_PROXY_UNVALIDATED|LOW_CURRENT_SAMPLE|LOW_PLAYER_SAMPLE,Medium,ROUTE_PROXY_UNVALIDATED|LOW_CURRENT_SAMPLE|LOW_PLAYER_SAMPLE|LOW_YARDAGE_SAMPLE,,,,,,,,,,
2025,1,,J.Reed,GB,,WR,2.694701612729724,39.07974976335331,,,,,,True,False,False,88.52,66.67,,,,,35,55,52,69.12,GOOD_SIGNAL,2,0,0,6,Projection-led limited V1 signal from existing historical-test markets.,"Limited V1: opponent fit, game script, weather, recent form, and live role/injury context are not fully sourced.",,NEEDS DATA,NEEDS DATA,NEEDS DATA,DATA_NEEDS_LIVE_CONTEXT,HISTORICAL TEST ONLY,NO-GO,False,Medium,ROUTE_PROXY_UNVALIDATED|LOW_CURRENT_SAMPLE,Medium,ROUTE_PROXY_UNVALIDATED|LOW_CURRENT_SAMPLE,,,,,,,,,,
2025,1,,K.Doss,LAC,,WR,3.0007409589064373,30.55859844039237,,,,,,True,False,False,88.44,66.67,,,,,35,55,52,69.08,GOOD_SIGNAL,2,0,0,6,Projection-led limited V1 signal from existing historical-test markets.,"Limited V1: opponent fit, game script, weather, recent form, and live role/injury context are not fully sourced.",,NEEDS DATA,NEEDS DATA,NEEDS DATA,DATA_NEEDS_LIVE_CONTEXT,HISTORICAL TEST ONLY,NO-GO,False,Medium,ROUTE_PROXY_UNVALIDATED|LOW_CURRENT_SAMPLE,Medium,ROUTE_PROXY_UNVALIDATED|LOW_CURRENT_SAMPLE|LOW_YARDAGE_SAMPLE,,,,,,,,,,
2025,1,,S.McCormick,LV,,RB,1.3047600493835425,8.816106816837777,42.96616645512049,3.825916576641903,,,,True,True,False,88.43,66.67,,,,,35,55,52,69.08,GOOD_SIGNAL,2,0,0,6,Projection-led limited V1 signal from existing historical-test markets.,"Limited V1: opponent fit, game script, weather, recent form, and live role/injury context are not fully sourced.",,NEEDS DATA,NEEDS DATA,NEEDS DATA,DATA_NEEDS_LIVE_CONTEXT,HISTORICAL TEST ONLY,NO-GO,False,Medium,ROUTE_PROXY_UNVALIDATED|LOW_CURRENT_SAMPLE|LOW_PLAYER_SAMPLE,Medium,ROUTE_PROXY_UNVALIDATED|LOW_CURRENT_SAMPLE|LOW_PLAYER_SAMPLE|LOW_YARDAGE_SAMPLE,Medium,ROUTE_PROXY_UNVALIDATED|LOW_CURRENT_SAMPLE|LOW_PLAYER_SAMPLE,Medium,ROUTE_PROXY_UNVALIDATED|LOW_CURRENT_SAMPLE|LOW_PLAYER_SAMPLE,,,,,,
2025,1,,J.Metchie,HOU,,WR,2.990357588836064,30.72389896338416,,,,,,True,False,False,88.28,66.67,,,,,35,55,52,69.01,GOOD_SIGNAL,2,0,0,6,Projection-led limited V1 signal from existing historical-test markets.,"Limited V1: opponent fit, game script, weather, recent form, and live role/injury context are not fully sourced.",,NEEDS DATA,NEEDS DATA,NEEDS DATA,DATA_NEEDS_LIVE_CONTEXT,HISTORICAL TEST ONLY,NO-GO,False,Medium,ROUTE_PROXY_UNVALIDATED|LOW_CURRENT_SAMPLE,Medium,ROUTE_PROXY_UNVALIDATED|LOW_CURRENT_SAMPLE,,,,,,,,,,
2025,1,,C.Kirk,JAX,,WR,2.778592281536677,38.80125278946243,,,,,,True,False,False,88.2,66.67,,,,,35,55,52,68.97,GOOD_SIGNAL,2,0,0,6,Projection-led limited V1 signal from existing historical-test markets.,"Limited V1: opponent fit, game script, weather, recent form, and live role/injury context are not fully sourced.",,NEEDS DATA,NEEDS DATA,NEEDS DATA,DATA_NEEDS_LIVE_CONTEXT,HISTORICAL TEST ONLY,NO-GO,False,Medium,ROUTE_PROXY_UNVALIDATED|LOW_CURRENT_SAMPLE,Medium,ROUTE_PROXY_UNVALIDATED|LOW_CURRENT_SAMPLE,,,,,,,,,,
2025,1,,J.Williams,DEN,,RB,1.4953348702226206,11.91467664563704,30.762381002685824,5.36667638799949,,,,True,True,False,88.11,66.67,,,,,35,55,52,68.93,GOOD_SIGNAL,2,0,0,6,Projection-led limited V1 signal from existing historical-test markets.,"Limited V1: opponent fit, game script, weather, recent form, and live role/injury context are not fully sourced.",,NEEDS DATA,NEEDS DATA,NEEDS DATA,DATA_NEEDS_LIVE_CONTEXT,HISTORICAL TEST ONLY,NO-GO,False,Medium,ROUTE_PROXY_UNVALIDATED|LOW_CURRENT_SAMPLE,Medium,ROUTE_PROXY_UNVALIDATED|LOW_CURRENT_SAMPLE,Medium,ROUTE_PROXY_UNVALIDATED|LOW_CURRENT_SAMPLE,Medium,ROUTE_PROXY_UNVALIDATED|LOW_CURRENT_SAMPLE,,,,,,
2025,1,,N.Westbrook-Ikhine,TEN,,WR,2.4757796349544128,38.51578198055101,,,,,,True,False,False,88.03,66.67,,,,,35,55,52,68.9,GOOD_SIGNAL,2,0,0,6,Projection-led limited V1 signal from existing historical-test markets.,"Limited V1: opponent fit, game script, weather, recent form, and live role/injury context are not fully sourced.",,NEEDS DATA,NEEDS DATA,NEEDS DATA,DATA_NEEDS_LIVE_CONTEXT,HISTORICAL TEST ONLY,NO-GO,False,Medium,ROUTE_PROXY_UNVALIDATED|LOW_CURRENT_SAMPLE,Medium,ROUTE_PROXY_UNVALIDATED|LOW_CURRENT_SAMPLE,,,,,,,,,,
2025,1,,B.Tremayne,WAS,,WR,2.975814951134529,12.26909936611139,,,,,,True,False,False,87.97,66.67,,,,,35,55,52,68.87,GOOD_SIGNAL,2,0,0,6,Projection-led limited V1 signal from existing historical-test markets.,"Limited V1: opponent fit, game script, weather, recent form, and live role/injury context are not fully sourced.",,NEEDS DATA,NEEDS DATA,NEEDS DATA,DATA_NEEDS_LIVE_CONTEXT,HISTORICAL TEST ONLY,NO-GO,False,Medium,ROUTE_PROXY_UNVALIDATED|LOW_CURRENT_SAMPLE|LOW_PLAYER_SAMPLE,Medium,ROUTE_PROXY_UNVALIDATED|LOW_CURRENT_SAMPLE|LOW_PLAYER_SAMPLE|LOW_YARDAGE_SAMPLE,,,,,,,,,,
2025,1,,J.Whittington,LA,,WR,2.856483027726473,38.49109581763539,,,,,,True,False,False,87.87,66.67,,,,,35,55,52,68.83,GOOD_SIGNAL,2,0,0,6,Projection-led limited V1 signal from existing historical-test markets.,"Limited V1: opponent fit, game script, weather, recent form, and live role/injury context are not fully sourced.",,NEEDS DATA,NEEDS DATA,NEEDS DATA,DATA_NEEDS_LIVE_CONTEXT,HISTORICAL TEST ONLY,NO-GO,False,Medium,ROUTE_PROXY_UNVALIDATED|LOW_CURRENT_SAMPLE,Medium,ROUTE_PROXY_UNVALIDATED|LOW_CURRENT_SAMPLE,,,,,,,,,,
2025,1,,T.Jackson,MIN,,WR,2.9655621786292827,29.66041851500352,,,,,,True,False,False,87.81,66.67,,,,,35,55,52,68.8,GOOD_SIGNAL,2,0,0,6,Projection-led limited V1 signal from existing historical-test markets.,"Limited V1: opponent fit, game script, weather, recent form, and live role/injury context are not fully sourced.",,NEEDS DATA,NEEDS DATA,NEEDS DATA,DATA_NEEDS_LIVE_CONTEXT,HISTORICAL TEST ONLY,NO-GO,False,Medium,ROUTE_PROXY_UNVALIDATED|LOW_CURRENT_SAMPLE|LOW_PLAYER_SAMPLE,Medium,ROUTE_PROXY_UNVALIDATED|LOW_CURRENT_SAMPLE|LOW_PLAYER_SAMPLE|LOW_YARDAGE_SAMPLE,,,,,,,,,,
2025,1,,A.Brown,PHI,,WR,2.44475001509348,38.33210618644214,,,,,,True,False,False,87.7,66.67,,,,,35,55,52,68.75,GOOD_SIGNAL,2,0,0,6,Projection-led limited V1 signal from existing historical-test markets.,"Limited V1: opponent fit, game script, weather, recent form, and live role/injury context are not fully sourced.",,NEEDS DATA,NEEDS DATA,NEEDS DATA,DATA_NEEDS_LIVE_CONTEXT,HISTORICAL TEST ONLY,NO-GO,False,Medium,ROUTE_PROXY_UNVALIDATED|LOW_CURRENT_SAMPLE,Medium,ROUTE_PROXY_UNVALIDATED|LOW_CURRENT_SAMPLE,,,,,,,,,,
2025,1,,I.Pacheco,KC,,RB,0.8175931089362023,6.361922012878563,41.330570620167606,2.9081075068801927,,,,True,True,False,87.69,66.67,,,,,35,55,52,68.74,GOOD_SIGNAL,2,0,0,6,Projection-led limited V1 signal from existing historical-test markets.,"Limited V1: opponent fit, game script, weather, recent form, and live role/injury context are not fully sourced.",,NEEDS DATA,NEEDS DATA,NEEDS DATA,DATA_NEEDS_LIVE_CONTEXT,HISTORICAL TEST ONLY,NO-GO,False,Medium,ROUTE_PROXY_UNVALIDATED|LOW_CURRENT_SAMPLE,Medium,ROUTE_PROXY_UNVALIDATED|LOW_CURRENT_SAMPLE,Medium,ROUTE_PROXY_UNVALIDATED|LOW_CURRENT_SAMPLE,Medium,ROUTE_PROXY_UNVALIDATED|LOW_CURRENT_SAMPLE,,,,,,
2025,1,,E.Moore,CLE,,WR,2.961197439764199,27.853442678759222,,,,,,True,False,False,87.66,66.67,,,,,35,55,52,68.73,GOOD_SIGNAL,2,0,0,6,Projection-led limited V1 signal from existing historical-test markets.,"Limited V1: opponent fit, game script, weather, recent form, and live role/injury context are not fully sourced.",,NEEDS DATA,NEEDS DATA,NEEDS DATA,DATA_NEEDS_LIVE_CONTEXT,HISTORICAL TEST ONLY,NO-GO,False,Medium,ROUTE_PROXY_UNVALIDATED|LOW_CURRENT_SAMPLE,Medium,ROUTE_PROXY_UNVALIDATED|LOW_CURRENT_SAMPLE,,,,,,,,,,
2025,1,,M.Strachan,CAR,,WR,1.839574830585956,38.21930337483458,,,,,,True,False,False,87.54,66.67,,,,,35,55,52,68.68,GOOD_SIGNAL,2,0,0,6,Projection-led limited V1 signal from existing historical-test markets.,"Limited V1: opponent fit, game script, weather, recent form, and live role/injury context are not fully sourced.",,NEEDS DATA,NEEDS DATA,NEEDS DATA,DATA_NEEDS_LIVE_CONTEXT,HISTORICAL TEST ONLY,NO-GO,False,Medium,ROUTE_PROXY_UNVALIDATED|LOW_CURRENT_SAMPLE|LOW_PLAYER_SAMPLE,Medium,ROUTE_PROXY_UNVALIDATED|LOW_CURRENT_SAMPLE|LOW_PLAYER_SAMPLE|LOW_YARDAGE_SAMPLE,,,,,,,,,,
2025,1,,C.Okonkwo,TEN,,TE,2.9610485724020528,25.87495952573109,,,,,,True,False,False,87.5,66.67,,,,,35,55,52,68.66,GOOD_SIGNAL,2,0,0,6,Projection-led limited V1 signal from existing historical-test markets.,"Limited V1: opponent fit, game script, weather, recent form, and live role/injury context are not fully sourced.",,NEEDS DATA,NEEDS DATA,NEEDS DATA,DATA_NEEDS_LIVE_CONTEXT,HISTORICAL TEST ONLY,NO-GO,False,Medium,ROUTE_PROXY_UNVALIDATED|LOW_CURRENT_SAMPLE,Medium,ROUTE_PROXY_UNVALIDATED|LOW_CURRENT_SAMPLE,,,,,,,,,,
2025,1,,C.Austin,PIT,,WR,2.4804084302104785,38.19222956138968,,,,,,True,False,False,87.38,66.67,,,,,35,55,52,68.6,GOOD_SIGNAL,2,0,0,6,Projection-led limited V1 signal from existing historical-test markets.,"Limited V1: opponent fit, game script, weather, recent form, and live role/injury context are not fully sourced.",,NEEDS DATA,NEEDS DATA,NEEDS DATA,DATA_NEEDS_LIVE_CONTEXT,HISTORICAL TEST ONLY,NO-GO,False,Medium,ROUTE_PROXY_UNVALIDATED|LOW_CURRENT_SAMPLE,Medium,ROUTE_PROXY_UNVALIDATED|LOW_CURRENT_SAMPLE,,,,,,,,,,
2025,1,,Mi.Wilson,ARI,,WR,2.959967317171176,37.57816179673085,,,,,,True,False,False,87.34,66.67,,,,,35,55,52,68.59,GOOD_SIGNAL,2,0,0,6,Projection-led limited V1 signal from existing historical-test markets.,"Limited V1: opponent fit, game script, weather, recent form, and live role/injury context are not fully sourced.",,NEEDS DATA,NEEDS DATA,NEEDS DATA,DATA_NEEDS_LIVE_CONTEXT,HISTORICAL TEST ONLY,NO-GO,False,Medium,ROUTE_PROXY_UNVALIDATED|LOW_CURRENT_SAMPLE,Medium,ROUTE_PROXY_UNVALIDATED|LOW_CURRENT_SAMPLE,,,,,,,,,,
2025,1,,R.Doubs,GB,,WR,2.872961691761293,37.93604485935703,,,,,,True,False,False,87.21,66.67,,,,,35,55,52,68.53,GOOD_SIGNAL,2,0,0,6,Projection-led limited V1 signal from existing historical-test markets.,"Limited V1: opponent fit, game script, weather, recent form, and live role/injury context are not fully sourced.",,NEEDS DATA,NEEDS DATA,NEEDS DATA,DATA_NEEDS_LIVE_CONTEXT,HISTORICAL TEST ONLY,NO-GO,False,Medium,ROUTE_PROXY_UNVALIDATED|LOW_CURRENT_SAMPLE,Medium,ROUTE_PROXY_UNVALIDATED|LOW_CURRENT_SAMPLE,,,,,,,,,,
2025,1,,T.Taylor,SF,,WR,2.9597728220179014,31.15501508064518,,,,,,True,False,False,87.19,66.67,,,,,35,55,52,68.52,GOOD_SIGNAL,2,0,0,6,Projection-led limited V1 signal from existing historical-test markets.,"Limited V1: opponent fit, game script, weather, recent form, and live role/injury context are not fully sourced.",,NEEDS DATA,NEEDS DATA,NEEDS DATA,DATA_NEEDS_LIVE_CONTEXT,HISTORICAL TEST ONLY,NO-GO,False,Medium,ROUTE_PROXY_UNVALIDATED|LOW_CURRENT_SAMPLE|LOW_PLAYER_SAMPLE,Medium,ROUTE_PROXY_UNVALIDATED|LOW_CURRENT_SAMPLE|LOW_PLAYER_SAMPLE|LOW_YARDAGE_SAMPLE,,,,,,,,,,
2025,1,,Z.Moss,CIN,,RB,2.0249162933213203,15.509823278896755,33.02983740593047,5.252631080567288,,,,True,True,False,86.89,66.67,,,,,35,55,52,68.38,GOOD_SIGNAL,2,0,0,6,Projection-led limited V1 signal from existing historical-test markets.,"Limited V1: opponent fit, game script, weather, recent form, and live role/injury context are not fully sourced.",,NEEDS DATA,NEEDS DATA,NEEDS DATA,DATA_NEEDS_LIVE_CONTEXT,HISTORICAL TEST ONLY,NO-GO,False,Medium,ROUTE_PROXY_UNVALIDATED|LOW_CURRENT_SAMPLE,Medium,ROUTE_PROXY_UNVALIDATED|LOW_CURRENT_SAMPLE,Medium,ROUTE_PROXY_UNVALIDATED|LOW_CURRENT_SAMPLE,Medium,ROUTE_PROXY_UNVALIDATED|LOW_CURRENT_SAMPLE,,,,,,
2025,1,,A.Bachman,LV,,WR,2.934203539407403,29.728390190711,,,,,,True,False,False,86.88,66.67,,,,,35,55,52,68.38,GOOD_SIGNAL,2,0,0,6,Projection-led limited V1 signal from existing historical-test markets.,"Limited V1: opponent fit, game script, weather, recent form, and live role/injury context are not fully sourced.",,NEEDS DATA,NEEDS DATA,NEEDS DATA,DATA_NEEDS_LIVE_CONTEXT,HISTORICAL TEST ONLY,NO-GO,False,Medium,ROUTE_PROXY_UNVALIDATED|LOW_CURRENT_SAMPLE|LOW_PLAYER_SAMPLE,Medium,ROUTE_PROXY_UNVALIDATED|LOW_CURRENT_SAMPLE|LOW_PLAYER_SAMPLE|LOW_YARDAGE_SAMPLE,,,,,,,,,,
2025,1,,R.Cracraft,MIA,,WR,2.931677547841359,29.62442798984415,,,,,,True,False,False,86.72,66.67,,,,,35,55,52,68.31,GOOD_SIGNAL,2,0,0,6,Projection-led limited V1 signal from existing historical-test markets.,"Limited V1: opponent fit, game script, weather, recent form, and live role/injury context are not fully sourced.",,NEEDS DATA,NEEDS DATA,NEEDS DATA,DATA_NEEDS_LIVE_CONTEXT,HISTORICAL TEST ONLY,NO-GO,False,Medium,ROUTE_PROXY_UNVALIDATED|LOW_CURRENT_SAMPLE,Medium,ROUTE_PROXY_UNVALIDATED|LOW_CURRENT_SAMPLE,,,,,,,,,,
2025,1,,T.Jones,ARI,,RB,1.1242138373124513,9.210440295496136,36.588693602499056,2.6008960340779272,,,,True,True,False,86.57,66.67,,,,,35,55,52,68.24,GOOD_SIGNAL,2,0,0,6,Projection-led limited V1 signal from existing historical-test markets.,"Limited V1: opponent fit, game script, weather, recent form, and live role/injury context are not fully sourced.",,NEEDS DATA,NEEDS DATA,NEEDS DATA,DATA_NEEDS_LIVE_CONTEXT,HISTORICAL TEST ONLY,NO-GO,False,Medium,ROUTE_PROXY_UNVALIDATED|LOW_CURRENT_SAMPLE,Medium,ROUTE_PROXY_UNVALIDATED|LOW_CURRENT_SAMPLE|LOW_YARDAGE_SAMPLE,Medium,ROUTE_PROXY_UNVALIDATED|LOW_CURRENT_SAMPLE,Medium,ROUTE_PROXY_UNVALIDATED|LOW_CURRENT_SAMPLE,,,,,,
2025,1,,B.Skowronek,PIT,,WR,2.8498809901744413,37.19529264982462,,,,,,True,False,False,86.39,66.67,,,,,35,55,52,68.16,GOOD_SIGNAL,2,0,0,6,Projection-led limited V1 signal from existing historical-test markets.,"Limited V1: opponent fit, game script, weather, recent form, and live role/injury context are not fully sourced.",,NEEDS DATA,NEEDS DATA,NEEDS DATA,DATA_NEEDS_LIVE_CONTEXT,HISTORICAL TEST ONLY,NO-GO,False,Medium,ROUTE_PROXY_UNVALIDATED|LOW_CURRENT_SAMPLE,Medium,ROUTE_PROXY_UNVALIDATED|LOW_CURRENT_SAMPLE,,,,,,,,,,
2025,1,,D.Douglas,NE,,WR,2.880018341184106,28.06010453767084,,,,,,True,False,False,86.25,66.67,,,,,35,55,52,68.1,GOOD_SIGNAL,2,0,0,6,Projection-led limited V1 signal from existing historical-test markets.,"Limited V1: opponent fit, game script, weather, recent form, and live role/injury context are not fully sourced.",,NEEDS DATA,NEEDS DATA,NEEDS DATA,DATA_NEEDS_LIVE_CONTEXT,HISTORICAL TEST ONLY,NO-GO,False,Medium,ROUTE_PROXY_UNVALIDATED|LOW_CURRENT_SAMPLE,Medium,ROUTE_PROXY_UNVALIDATED|LOW_CURRENT_SAMPLE,,,,,,,,,,
2025,1,,T.Dell,HOU,,WR,2.7412777806498263,37.148141770759146,,,,,,True,False,False,86.07,66.67,,,,,35,55,52,68.02,GOOD_SIGNAL,2,0,0,6,Projection-led limited V1 signal from existing historical-test markets.,"Limited V1: opponent fit, game script, weather, recent form, and live role/injury context are not fully sourced.",,NEEDS DATA,NEEDS DATA,NEEDS DATA,DATA_NEEDS_LIVE_CONTEXT,HISTORICAL TEST ONLY,NO-GO,False,Medium,ROUTE_PROXY_UNVALIDATED|LOW_CURRENT_SAMPLE,Medium,ROUTE_PROXY_UNVALIDATED|LOW_CURRENT_SAMPLE,,,,,,,,,,
2025,1,,A.Lazard,NYJ,,WR,2.481221267694313,32.487848086156646,,,,,,True,False,False,85.9,66.67,,,,,35,55,52,67.94,GOOD_SIGNAL,2,0,0,6,Projection-led limited V1 signal from existing historical-test markets.,"Limited V1: opponent fit, game script, weather, recent form, and live role/injury context are not fully sourced.",,NEEDS DATA,NEEDS DATA,NEEDS DATA,DATA_NEEDS_LIVE_CONTEXT,HISTORICAL TEST ONLY,NO-GO,False,Medium,ROUTE_PROXY_UNVALIDATED|LOW_CURRENT_SAMPLE,Medium,ROUTE_PROXY_UNVALIDATED|LOW_CURRENT_SAMPLE,,,,,,,,,,
2025,1,,Z.Jones,ARI,,WR,2.86126475922442,28.825053777518683,,,,,,True,False,False,85.78,66.67,,,,,35,55,52,67.89,GOOD_SIGNAL,2,0,0,6,Projection-led limited V1 signal from existing historical-test markets.,"Limited V1: opponent fit, game script, weather, recent form, and live role/injury context are not fully sourced.",,NEEDS DATA,NEEDS DATA,NEEDS DATA,DATA_NEEDS_LIVE_CONTEXT,HISTORICAL TEST ONLY,NO-GO,False,Medium,ROUTE_PROXY_UNVALIDATED|LOW_CURRENT_SAMPLE,Medium,ROUTE_PROXY_UNVALIDATED|LOW_CURRENT_SAMPLE,,,,,,,,,,
2025,1,,A.Trammell,JAX,,WR,2.1552680477434,32.45584148209609,,,,,,True,False,False,85.74,66.67,,,,,35,55,52,67.87,GOOD_SIGNAL,2,0,0,6,Projection-led limited V1 signal from existing historical-test markets.,"Limited V1: opponent fit, game script, weather, recent form, and live role/injury context are not fully sourced.",,NEEDS DATA,NEEDS DATA,NEEDS DATA,DATA_NEEDS_LIVE_CONTEXT,HISTORICAL TEST ONLY,NO-GO,False,Medium,ROUTE_PROXY_UNVALIDATED|LOW_CURRENT_SAMPLE,Medium,ROUTE_PROXY_UNVALIDATED|LOW_CURRENT_SAMPLE|LOW_YARDAGE_SAMPLE,,,,,,,,,,
2025,1,,D.Robinson,LA,,WR,2.1976975374353804,32.29047166346568,,,,,,True,False,False,85.57,66.67,,,,,35,55,52,67.79,GOOD_SIGNAL,2,0,0,6,Projection-led limited V1 signal from existing historical-test markets.,"Limited V1: opponent fit, game script, weather, recent form, and live role/injury context are not fully sourced.",,NEEDS DATA,NEEDS DATA,NEEDS DATA,DATA_NEEDS_LIVE_CONTEXT,HISTORICAL TEST ONLY,NO-GO,False,Medium,ROUTE_PROXY_UNVALIDATED|LOW_CURRENT_SAMPLE,Medium,ROUTE_PROXY_UNVALIDATED|LOW_CURRENT_SAMPLE,,,,,,,,,,
2025,1,,T.Hockenson,MIN,,TE,2.855387059134641,27.888534327578498,,,,,,True,False,False,85.47,66.67,,,,,35,55,52,67.75,GOOD_SIGNAL,2,0,0,6,Projection-led limited V1 signal from existing historical-test markets.,"Limited V1: opponent fit, game script, weather, recent form, and live role/injury context are not fully sourced.",,NEEDS DATA,NEEDS DATA,NEEDS DATA,DATA_NEEDS_LIVE_CONTEXT,HISTORICAL TEST ONLY,NO-GO,False,Medium,ROUTE_PROXY_UNVALIDATED|LOW_CURRENT_SAMPLE,Medium,ROUTE_PROXY_UNVALIDATED|LOW_CURRENT_SAMPLE,,,,,,,,,,
2025,1,,J.Ford,CLE,,RB,1.7440028912410797,12.520923025090582,35.41785895458914,2.79789570076376,,,,True,True,False,85.45,66.67,,,,,35,55,52,67.74,GOOD_SIGNAL,2,0,0,6,Projection-led limited V1 signal from existing historical-test markets.,"Limited V1: opponent fit, game script, weather, recent form, and live role/injury context are not fully sourced.",,NEEDS DATA,NEEDS DATA,NEEDS DATA,DATA_NEEDS_LIVE_CONTEXT,HISTORICAL TEST ONLY,NO-GO,False,Medium,ROUTE_PROXY_UNVALIDATED|LOW_CURRENT_SAMPLE,Medium,ROUTE_PROXY_UNVALIDATED|LOW_CURRENT_SAMPLE,Medium,ROUTE_PROXY_UNVALIDATED|LOW_CURRENT_SAMPLE,Medium,ROUTE_PROXY_UNVALIDATED|LOW_CURRENT_SAMPLE,,,,,,
2025,1,,T.Higbee,LA,,TE,2.8543147111543337,24.86110577687724,,,,,,True,False,False,85.31,66.67,,,,,35,55,52,67.67,GOOD_SIGNAL,2,0,0,6,Projection-led limited V1 signal from existing historical-test markets.,"Limited V1: opponent fit, game script, weather, recent form, and live role/injury context are not fully sourced.",,NEEDS DATA,NEEDS DATA,NEEDS DATA,DATA_NEEDS_LIVE_CONTEXT,HISTORICAL TEST ONLY,NO-GO,False,Medium,ROUTE_PROXY_UNVALIDATED|LOW_CURRENT_SAMPLE,Medium,ROUTE_PROXY_UNVALIDATED|LOW_CURRENT_SAMPLE,,,,,,,,,,
2025,1,,C.Edmonds,TB,,RB,1.1529130190312744,9.720905518048395,25.13447889897375,4.664885226620793,,,,True,True,False,85.25,66.67,,,,,35,55,52,67.65,GOOD_SIGNAL,2,0,0,6,Projection-led limited V1 signal from existing historical-test markets.,"Limited V1: opponent fit, game script, weather, recent form, and live role/injury context are not fully sourced.",,NEEDS DATA,NEEDS DATA,NEEDS DATA,DATA_NEEDS_LIVE_CONTEXT,HISTORICAL TEST ONLY,NO-GO,False,Medium,ROUTE_PROXY_UNVALIDATED|LOW_CURRENT_SAMPLE,Medium,ROUTE_PROXY_UNVALIDATED|LOW_CURRENT_SAMPLE,Medium,ROUTE_PROXY_UNVALIDATED|LOW_CURRENT_SAMPLE,Medium,ROUTE_PROXY_UNVALIDATED|LOW_CURRENT_SAMPLE,,,,,,
2025,1,,D.Montgomery,IND,,WR,2.419245265257643,32.04235859610471,,,,,,True,False,False,85.25,66.67,,,,,35,55,52,67.65,GOOD_SIGNAL,2,0,0,6,Projection-led limited V1 signal from existing historical-test markets.,"Limited V1: opponent fit, game script, weather, recent form, and live role/injury context are not fully sourced.",,NEEDS DATA,NEEDS DATA,NEEDS DATA,DATA_NEEDS_LIVE_CONTEXT,HISTORICAL TEST ONLY,NO-GO,False,Medium,ROUTE_PROXY_UNVALIDATED|LOW_CURRENT_SAMPLE|LOW_PLAYER_SAMPLE,Medium,ROUTE_PROXY_UNVALIDATED|LOW_CURRENT_SAMPLE|LOW_PLAYER_SAMPLE|LOW_YARDAGE_SAMPLE,,,,,,,,,,
2025,1,,T.Tucker,LV,,WR,2.8505418814982164,31.684168034271075,,,,,,True,False,False,85.16,66.67,,,,,35,55,52,67.61,GOOD_SIGNAL,2,0,0,6,Projection-led limited V1 signal from existing historical-test markets.,"Limited V1: opponent fit, game script, weather, recent form, and live role/injury context are not fully sourced.",,NEEDS DATA,NEEDS DATA,NEEDS DATA,DATA_NEEDS_LIVE_CONTEXT,HISTORICAL TEST ONLY,NO-GO,False,Medium,ROUTE_PROXY_UNVALIDATED|LOW_CURRENT_SAMPLE,Medium,ROUTE_PROXY_UNVALIDATED|LOW_CURRENT_SAMPLE,,,,,,,,,,
2025,1,,K.Raymond,DET,,WR,2.7504894353872413,31.99312283385585,,,,,,True,False,False,85.08,66.67,,,,,35,55,52,67.57,GOOD_SIGNAL,2,0,0,6,Projection-led limited V1 signal from existing historical-test markets.,"Limited V1: opponent fit, game script, weather, recent form, and live role/injury context are not fully sourced.",,NEEDS DATA,NEEDS DATA,NEEDS DATA,DATA_NEEDS_LIVE_CONTEXT,HISTORICAL TEST ONLY,NO-GO,False,Medium,ROUTE_PROXY_UNVALIDATED|LOW_CURRENT_SAMPLE,Medium,ROUTE_PROXY_UNVALIDATED|LOW_CURRENT_SAMPLE,,,,,,,,,,
2025,1,,R.Odunze,CHI,,WR,2.5151616694003214,31.93408997400297,,,,,,True,False,False,84.92,66.67,,,,,35,55,52,67.5,GOOD_SIGNAL,2,0,0,6,Projection-led limited V1 signal from existing historical-test markets.,"Limited V1: opponent fit, game script, weather, recent form, and live role/injury context are not fully sourced.",,NEEDS DATA,NEEDS DATA,NEEDS DATA,DATA_NEEDS_LIVE_CONTEXT,HISTORICAL TEST ONLY,NO-GO,False,Medium,ROUTE_PROXY_UNVALIDATED|LOW_CURRENT_SAMPLE,Medium,ROUTE_PROXY_UNVALIDATED|LOW_CURRENT_SAMPLE,,,,,,,,,,
2025,1,,E.Elliott,DAL,,RB,0.8997625969274131,6.781223339901646,24.08001906643652,4.6611898440587405,,,,True,True,False,84.84,66.67,,,,,35,55,52,67.46,GOOD_SIGNAL,2,0,0,6,Projection-led limited V1 signal from existing historical-test markets.,"Limited V1: opponent fit, game script, weather, recent form, and live role/injury context are not fully sourced.",,NEEDS DATA,NEEDS DATA,NEEDS DATA,DATA_NEEDS_LIVE_CONTEXT,HISTORICAL TEST ONLY,NO-GO,False,Medium,ROUTE_PROXY_UNVALIDATED|LOW_CURRENT_SAMPLE,Medium,ROUTE_PROXY_UNVALIDATED|LOW_CURRENT_SAMPLE,Medium,ROUTE_PROXY_UNVALIDATED|LOW_CURRENT_SAMPLE,Medium,ROUTE_PROXY_UNVALIDATED|LOW_CURRENT_SAMPLE,,,,,,
2025,1,,J.Proche,CLE,,WR,2.8434027664364145,23.200127183178463,,,,,,True,False,False,84.84,66.67,,,,,35,55,52,67.46,GOOD_SIGNAL,2,0,0,6,Projection-led limited V1 signal from existing historical-test markets.,"Limited V1: opponent fit, game script, weather, recent form, and live role/injury context are not fully sourced.",,NEEDS DATA,NEEDS DATA,NEEDS DATA,DATA_NEEDS_LIVE_CONTEXT,HISTORICAL TEST ONLY,NO-GO,False,Medium,ROUTE_PROXY_UNVALIDATED|LOW_CURRENT_SAMPLE|LOW_PLAYER_SAMPLE,Medium,ROUTE_PROXY_UNVALIDATED|LOW_CURRENT_SAMPLE|LOW_PLAYER_SAMPLE|LOW_YARDAGE_SAMPLE,,,,,,,,,,
2025,1,,M.Carter,ARI,,RB,1.8725436339957435,11.78345852542022,33.4125176256745,4.129961806588986,,,,True,True,False,84.7,66.67,,,,,35,55,52,67.4,GOOD_SIGNAL,2,0,0,6,Projection-led limited V1 signal from existing historical-test markets.,"Limited V1: opponent fit, game script, weather, recent form, and live role/injury context are not fully sourced.",,NEEDS DATA,NEEDS DATA,NEEDS DATA,DATA_NEEDS_LIVE_CONTEXT,HISTORICAL TEST ONLY,NO-GO,False,Medium,ROUTE_PROXY_UNVALIDATED|LOW_CURRENT_SAMPLE,Medium,ROUTE_PROXY_UNVALIDATED|LOW_CURRENT_SAMPLE,Medium,ROUTE_PROXY_UNVALIDATED|LOW_CURRENT_SAMPLE,Medium,ROUTE_PROXY_UNVALIDATED|LOW_CURRENT_SAMPLE,,,,,,
2025,1,,X.Legette,CAR,,WR,2.8418192092059247,28.472086619906275,,,,,,True,False,False,84.69,66.67,,,,,35,55,52,67.39,GOOD_SIGNAL,2,0,0,6,Projection-led limited V1 signal from existing historical-test markets.,"Limited V1: opponent fit, game script, weather, recent form, and live role/injury context are not fully sourced.",,NEEDS DATA,NEEDS DATA,NEEDS DATA,DATA_NEEDS_LIVE_CONTEXT,HISTORICAL TEST ONLY,NO-GO,False,Medium,ROUTE_PROXY_UNVALIDATED|LOW_CURRENT_SAMPLE,Medium,ROUTE_PROXY_UNVALIDATED|LOW_CURRENT_SAMPLE,,,,,,,,,,
2025,1,,D.Smith,PHI,,WR,2.7953147242468623,31.75605415249759,,,,,,True,False,False,84.59,66.67,,,,,35,55,52,67.35,GOOD_SIGNAL,2,0,0,6,Projection-led limited V1 signal from existing historical-test markets.,"Limited V1: opponent fit, game script, weather, recent form, and live role/injury context are not fully sourced.",,NEEDS DATA,NEEDS DATA,NEEDS DATA,DATA_NEEDS_LIVE_CONTEXT,HISTORICAL TEST ONLY,NO-GO,False,Medium,ROUTE_PROXY_UNVALIDATED|LOW_CURRENT_SAMPLE,Medium,ROUTE_PROXY_UNVALIDATED|LOW_CURRENT_SAMPLE,,,,,,,,,,
2025,1,,C.Wilson,NO,,WR,2.7924828092693987,29.432932689374145,,,,,,True,False,False,84.06,66.67,,,,,35,55,52,67.11,GOOD_SIGNAL,2,0,0,6,Projection-led limited V1 signal from existing historical-test markets.,"Limited V1: opponent fit, game script, weather, recent form, and live role/injury context are not fully sourced.",,NEEDS DATA,NEEDS DATA,NEEDS DATA,DATA_NEEDS_LIVE_CONTEXT,HISTORICAL TEST ONLY,NO-GO,False,Medium,ROUTE_PROXY_UNVALIDATED|LOW_CURRENT_SAMPLE,Medium,ROUTE_PROXY_UNVALIDATED|LOW_CURRENT_SAMPLE,,,,,,,,,,
2025,1,,T.Spears,TEN,,RB,1.5550082819977378,13.644134682171194,25.790134125214426,4.491145046843766,,,,True,True,False,84.02,66.67,,,,,35,55,52,67.09,GOOD_SIGNAL,2,0,0,6,Projection-led limited V1 signal from existing historical-test markets.,"Limited V1: opponent fit, game script, weather, recent form, and live role/injury context are not fully sourced.",,NEEDS DATA,NEEDS DATA,NEEDS DATA,DATA_NEEDS_LIVE_CONTEXT,HISTORICAL TEST ONLY,NO-GO,False,Medium,ROUTE_PROXY_UNVALIDATED|LOW_CURRENT_SAMPLE,Medium,ROUTE_PROXY_UNVALIDATED|LOW_CURRENT_SAMPLE,Medium,ROUTE_PROXY_UNVALIDATED|LOW_CURRENT_SAMPLE,Medium,ROUTE_PROXY_UNVALIDATED|LOW_CURRENT_SAMPLE,,,,,,
2025,1,,A.Dillon,GB,,RB,0.8367366619891201,7.816428434312456,32.43949568078665,3.8039246828711777,,,,True,True,False,83.96,66.67,,,,,35,55,52,67.07,GOOD_SIGNAL,2,0,0,6,Projection-led limited V1 signal from existing historical-test markets.,"Limited V1: opponent fit, game script, weather, recent form, and live role/injury context are not fully sourced.",,NEEDS DATA,NEEDS DATA,NEEDS DATA,DATA_NEEDS_LIVE_CONTEXT,HISTORICAL TEST ONLY,NO-GO,False,Medium,ROUTE_PROXY_UNVALIDATED|LOW_CURRENT_SAMPLE,Medium,ROUTE_PROXY_UNVALIDATED|LOW_CURRENT_SAMPLE,Medium,ROUTE_PROXY_UNVALIDATED|LOW_CURRENT_SAMPLE,Medium,ROUTE_PROXY_UNVALIDATED|LOW_CURRENT_SAMPLE,,,,,,
2025,1,,D.Davis,LAC,,WR,2.788638952009248,23.854392587939543,,,,,,True,False,False,83.91,66.67,,,,,35,55,52,67.04,GOOD_SIGNAL,2,0,0,6,Projection-led limited V1 signal from existing historical-test markets.,"Limited V1: opponent fit, game script, weather, recent form, and live role/injury context are not fully sourced.",,NEEDS DATA,NEEDS DATA,NEEDS DATA,DATA_NEEDS_LIVE_CONTEXT,HISTORICAL TEST ONLY,NO-GO,False,Medium,ROUTE_PROXY_UNVALIDATED|LOW_CURRENT_SAMPLE,Medium,ROUTE_PROXY_UNVALIDATED|LOW_CURRENT_SAMPLE,,,,,,,,,,
2025,1,,M.Williams,PIT,,WR,2.316369361505166,31.33227276515289,,,,,,True,False,False,83.77,66.67,,,,,35,55,52,66.98,GOOD_SIGNAL,2,0,0,6,Projection-led limited V1 signal from existing historical-test markets.,"Limited V1: opponent fit, game script, weather, recent form, and live role/injury context are not fully sourced.",,NEEDS DATA,NEEDS DATA,NEEDS DATA,DATA_NEEDS_LIVE_CONTEXT,HISTORICAL TEST ONLY,NO-GO,False,Medium,ROUTE_PROXY_UNVALIDATED|LOW_CURRENT_SAMPLE,Medium,ROUTE_PROXY_UNVALIDATED|LOW_CURRENT_SAMPLE,,,,,,,,,,
2025,1,,K.Wilkerson,LV,,WR,2.7847690001808334,26.01730808243704,,,,,,True,False,False,83.75,66.67,,,,,35,55,52,66.97,GOOD_SIGNAL,2,0,0,6,Projection-led limited V1 signal from existing historical-test markets.,"Limited V1: opponent fit, game script, weather, recent form, and live role/injury context are not fully sourced.",,NEEDS DATA,NEEDS DATA,NEEDS DATA,DATA_NEEDS_LIVE_CONTEXT,HISTORICAL TEST ONLY,NO-GO,False,Medium,ROUTE_PROXY_UNVALIDATED|LOW_CURRENT_SAMPLE|LOW_PLAYER_SAMPLE,Medium,ROUTE_PROXY_UNVALIDATED|LOW_CURRENT_SAMPLE|LOW_PLAYER_SAMPLE|LOW_YARDAGE_SAMPLE,,,,,,,,,,
2025,1,,J.Agnew,JAX,,WR,2.453601215854316,31.27687554259201,,,,,,True,False,False,83.61,66.67,,,,,35,55,52,66.91,GOOD_SIGNAL,2,0,0,6,Projection-led limited V1 signal from existing historical-test markets.,"Limited V1: opponent fit, game script, weather, recent form, and live role/injury context are not fully sourced.",,NEEDS DATA,NEEDS DATA,NEEDS DATA,DATA_NEEDS_LIVE_CONTEXT,HISTORICAL TEST ONLY,NO-GO,False,Medium,ROUTE_PROXY_UNVALIDATED|LOW_CURRENT_SAMPLE,Medium,ROUTE_PROXY_UNVALIDATED|LOW_CURRENT_SAMPLE,,,,,,,,,,
2025,1,,L.Fournette,BUF,,RB,0.6324827411137246,,26.8008670732614,4.411177281424672,,,,True,True,False,83.61,66.67,,,,,35,55,52,66.91,GOOD_SIGNAL,2,0,0,6,Projection-led limited V1 signal from existing historical-test markets.,"Limited V1: opponent fit, game script, weather, recent form, and live role/injury context are not fully sourced.",,NEEDS DATA,NEEDS DATA,NEEDS DATA,DATA_NEEDS_LIVE_CONTEXT,HISTORICAL TEST ONLY,NO-GO,False,Medium,ROUTE_PROXY_UNVALIDATED|LOW_CURRENT_SAMPLE|LOW_PLAYER_SAMPLE,,,Medium,ROUTE_PROXY_UNVALIDATED|LOW_CURRENT_SAMPLE|LOW_PLAYER_SAMPLE|LOW_RUSH_SAMPLE,Medium,ROUTE_PROXY_UNVALIDATED|LOW_CURRENT_SAMPLE|LOW_PLAYER_SAMPLE|LOW_RUSH_SAMPLE|LOW_CARRY_SAMPLE,,,,,,
2025,1,,W.Snead,SF,,WR,2.7803342919585576,29.07335627454649,,,,,,True,False,False,83.59,66.67,,,,,35,55,52,66.9,GOOD_SIGNAL,2,0,0,6,Projection-led limited V1 signal from existing historical-test markets.,"Limited V1: opponent fit, game script, weather, recent form, and live role/injury context are not fully sourced.",,NEEDS DATA,NEEDS DATA,NEEDS DATA,DATA_NEEDS_LIVE_CONTEXT,HISTORICAL TEST ONLY,NO-GO,False,Medium,ROUTE_PROXY_UNVALIDATED|LOW_CURRENT_SAMPLE|LOW_PLAYER_SAMPLE,Medium,ROUTE_PROXY_UNVALIDATED|LOW_CURRENT_SAMPLE|LOW_PLAYER_SAMPLE|LOW_YARDAGE_SAMPLE,,,,,,,,,,
2025,1,,B.Means,NO,,WR,2.51535871988594,31.18214864854972,,,,,,True,False,False,83.28,66.67,,,,,35,55,52,66.76,GOOD_SIGNAL,2,0,0,6,Projection-led limited V1 signal from existing historical-test markets.,"Limited V1: opponent fit, game script, weather, recent form, and live role/injury context are not fully sourced.",,NEEDS DATA,NEEDS DATA,NEEDS DATA,DATA_NEEDS_LIVE_CONTEXT,HISTORICAL TEST ONLY,NO-GO,False,Medium,ROUTE_PROXY_UNVALIDATED|LOW_CURRENT_SAMPLE,Medium,ROUTE_PROXY_UNVALIDATED|LOW_CURRENT_SAMPLE|LOW_YARDAGE_SAMPLE,,,,,,,,,,
2025,1,,H.Renfrow,LV,,WR,2.760953618930476,30.4792660818878,,,,,,True,False,False,83.28,66.67,,,,,35,55,52,66.76,GOOD_SIGNAL,2,0,0,6,Projection-led limited V1 signal from existing historical-test markets.,"Limited V1: opponent fit, game script, weather, recent form, and live role/injury context are not fully sourced.",,NEEDS DATA,NEEDS DATA,NEEDS DATA,DATA_NEEDS_LIVE_CONTEXT,HISTORICAL TEST ONLY,NO-GO,False,Medium,ROUTE_PROXY_UNVALIDATED|LOW_CURRENT_SAMPLE,Medium,ROUTE_PROXY_UNVALIDATED|LOW_CURRENT_SAMPLE,,,,,,,,,,
2025,1,,G.Edwards,LAC,,RB,0.8781802137591852,5.37065676795106,32.22459708844039,4.3700167874146985,,,,True,True,False,83.21,66.67,,,,,35,55,52,66.73,GOOD_SIGNAL,2,0,0,6,Projection-led limited V1 signal from existing historical-test markets.,"Limited V1: opponent fit, game script, weather, recent form, and live role/injury context are not fully sourced.",,NEEDS DATA,NEEDS DATA,NEEDS DATA,DATA_NEEDS_LIVE_CONTEXT,HISTORICAL TEST ONLY,NO-GO,False,Medium,ROUTE_PROXY_UNVALIDATED|LOW_CURRENT_SAMPLE,Medium,ROUTE_PROXY_UNVALIDATED|LOW_CURRENT_SAMPLE,Medium,ROUTE_PROXY_UNVALIDATED|LOW_CURRENT_SAMPLE,Medium,ROUTE_PROXY_UNVALIDATED|LOW_CURRENT_SAMPLE,,,,,,
2025,1,,J.Funk,IND,,RB,0.918496049486286,8.985581175961983,25.49584928200112,4.410275583071406,,,,True,True,False,83.2,66.67,,,,,35,55,52,66.72,GOOD_SIGNAL,2,0,0,6,Projection-led limited V1 signal from existing historical-test markets.,"Limited V1: opponent fit, game script, weather, recent form, and live role/injury context are not fully sourced.",,NEEDS DATA,NEEDS DATA,NEEDS DATA,DATA_NEEDS_LIVE_CONTEXT,HISTORICAL TEST ONLY,NO-GO,False,Medium,ROUTE_PROXY_UNVALIDATED|LOW_CURRENT_SAMPLE|LOW_PLAYER_SAMPLE,Medium,ROUTE_PROXY_UNVALIDATED|LOW_CURRENT_SAMPLE|LOW_PLAYER_SAMPLE|LOW_YARDAGE_SAMPLE,Medium,ROUTE_PROXY_UNVALIDATED|LOW_CURRENT_SAMPLE|LOW_PLAYER_SAMPLE|LOW_RUSH_SAMPLE,Medium,ROUTE_PROXY_UNVALIDATED|LOW_CURRENT_SAMPLE|LOW_PLAYER_SAMPLE|LOW_RUSH_SAMPLE|LOW_CARRY_SAMPLE,,,,,,
2025,1,,J.Johnson,NO,,TE,2.757947640498683,26.59213410339022,,,,,,True,False,False,83.12,66.67,,,,,35,55,52,66.69,GOOD_SIGNAL,2,0,0,6,Projection-led limited V1 signal from existing historical-test markets.,"Limited V1: opponent fit, game script, weather, recent form, and live role/injury context are not fully sourced.",,NEEDS DATA,NEEDS DATA,NEEDS DATA,DATA_NEEDS_LIVE_CONTEXT,HISTORICAL TEST ONLY,NO-GO,False,Medium,ROUTE_PROXY_UNVALIDATED|LOW_CURRENT_SAMPLE,Medium,ROUTE_PROXY_UNVALIDATED|LOW_CURRENT_SAMPLE,,,,,,,,,,
2025,1,,M.Thomas,NO,,WR,2.757080647362246,31.08263986637456,,,,,,True,False,False,82.97,66.67,,,,,35,55,52,66.62,GOOD_SIGNAL,2,0,0,6,Projection-led limited V1 signal from existing historical-test markets.,"Limited V1: opponent fit, game script, weather, recent form, and live role/injury context are not fully sourced.",,NEEDS DATA,NEEDS DATA,NEEDS DATA,DATA_NEEDS_LIVE_CONTEXT,HISTORICAL TEST ONLY,NO-GO,False,Medium,ROUTE_PROXY_UNVALIDATED|LOW_CURRENT_SAMPLE,Medium,ROUTE_PROXY_UNVALIDATED|LOW_CURRENT_SAMPLE,,,,,,,,,,
2025,1,,D.Mooney,ATL,,WR,2.258366220893562,31.054039091672777,,,,,,True,False,False,82.79,66.67,,,,,35,55,52,66.54,GOOD_SIGNAL,2,0,0,6,Projection-led limited V1 signal from existing historical-test markets.,"Limited V1: opponent fit, game script, weather, recent form, and live role/injury context are not fully sourced.",,NEEDS DATA,NEEDS DATA,NEEDS DATA,DATA_NEEDS_LIVE_CONTEXT,HISTORICAL TEST ONLY,NO-GO,False,Medium,ROUTE_PROXY_UNVALIDATED|LOW_CURRENT_SAMPLE,Medium,ROUTE_PROXY_UNVALIDATED|LOW_CURRENT_SAMPLE,,,,,,,,,,
2025,1,,S.Zylstra,DET,,TE,1.806444731246992,30.90958807814968,,,,,,True,False,False,82.62,66.67,,,,,35,55,52,66.46,GOOD_SIGNAL,2,0,0,6,Projection-led limited V1 signal from existing historical-test markets.,"Limited V1: opponent fit, game script, weather, recent form, and live role/injury context are not fully sourced.",,NEEDS DATA,NEEDS DATA,NEEDS DATA,DATA_NEEDS_LIVE_CONTEXT,HISTORICAL TEST ONLY,NO-GO,False,Medium,ROUTE_PROXY_UNVALIDATED|LOW_CURRENT_SAMPLE|LOW_PLAYER_SAMPLE,Medium,ROUTE_PROXY_UNVALIDATED|LOW_CURRENT_SAMPLE|LOW_PLAYER_SAMPLE|LOW_YARDAGE_SAMPLE,,,,,,,,,,
2025,1,,I.Hodgins,NYG,,WR,2.739546700822449,22.987054762526245,,,,,,True,False,False,82.5,66.67,,,,,35,55,52,66.41,GOOD_SIGNAL,2,0,0,6,Projection-led limited V1 signal from existing historical-test markets.,"Limited V1: opponent fit, game script, weather, recent form, and live role/injury context are not fully sourced.",,NEEDS DATA,NEEDS DATA,NEEDS DATA,DATA_NEEDS_LIVE_CONTEXT,HISTORICAL TEST ONLY,NO-GO,False,Medium,ROUTE_PROXY_UNVALIDATED|LOW_CURRENT_SAMPLE,Medium,ROUTE_PROXY_UNVALIDATED|LOW_CURRENT_SAMPLE,,,,,,,,,,
2025,1,,L.Perine,KC,,RB,0.9464645434610474,9.035043619435957,31.74314282417636,2.667228767216641,,,,True,True,False,82.46,66.67,,,,,35,55,52,66.39,GOOD_SIGNAL,2,0,0,6,Projection-led limited V1 signal from existing historical-test markets.,"Limited V1: opponent fit, game script, weather, recent form, and live role/injury context are not fully sourced.",,NEEDS DATA,NEEDS DATA,NEEDS DATA,DATA_NEEDS_LIVE_CONTEXT,HISTORICAL TEST ONLY,NO-GO,False,Medium,ROUTE_PROXY_UNVALIDATED|LOW_CURRENT_SAMPLE|LOW_PLAYER_SAMPLE,Medium,ROUTE_PROXY_UNVALIDATED|LOW_CURRENT_SAMPLE|LOW_PLAYER_SAMPLE|LOW_YARDAGE_SAMPLE,Medium,ROUTE_PROXY_UNVALIDATED|LOW_CURRENT_SAMPLE|LOW_PLAYER_SAMPLE,Medium,ROUTE_PROXY_UNVALIDATED|LOW_CURRENT_SAMPLE|LOW_PLAYER_SAMPLE,,,,,,
2025,1,,Z.Charbonnet,SEA,,RB,1.2725377877071482,11.55968427643497,30.029958701732657,4.277682911698478,,,,True,True,False,82.38,66.67,,,,,35,55,52,66.36,GOOD_SIGNAL,2,0,0,6,Projection-led limited V1 signal from existing historical-test markets.,"Limited V1: opponent fit, game script, weather, recent form, and live role/injury context are not fully sourced.",,NEEDS DATA,NEEDS DATA,NEEDS DATA,DATA_NEEDS_LIVE_CONTEXT,HISTORICAL TEST ONLY,NO-GO,False,Medium,ROUTE_PROXY_UNVALIDATED|LOW_CURRENT_SAMPLE,Medium,ROUTE_PROXY_UNVALIDATED|LOW_CURRENT_SAMPLE,Medium,ROUTE_PROXY_UNVALIDATED|LOW_CURRENT_SAMPLE,Medium,ROUTE_PROXY_UNVALIDATED|LOW_CURRENT_SAMPLE,,,,,,
2025,1,,T.Lockett,SEA,,WR,2.7394557395301686,30.56807898187654,,,,,,True,False,False,82.34,66.67,,,,,35,55,52,66.34,GOOD_SIGNAL,2,0,0,6,Projection-led limited V1 signal from existing historical-test markets.,"Limited V1: opponent fit, game script, weather, recent form, and live role/injury context are not fully sourced.",,NEEDS DATA,NEEDS DATA,NEEDS DATA,DATA_NEEDS_LIVE_CONTEXT,HISTORICAL TEST ONLY,NO-GO,False,Medium,ROUTE_PROXY_UNVALIDATED|LOW_CURRENT_SAMPLE,Medium,ROUTE_PROXY_UNVALIDATED|LOW_CURRENT_SAMPLE,,,,,,,,,,
2025,1,,J.Warren,PIT,,RB,1.871399943004425,13.800936770121066,31.291496900119217,3.6851832719553386,,,,True,True,False,82.09,66.67,,,,,35,55,52,66.22,GOOD_SIGNAL,2,0,0,6,Projection-led limited V1 signal from existing historical-test markets.,"Limited V1: opponent fit, game script, weather, recent form, and live role/injury context are not fully sourced.",,NEEDS DATA,NEEDS DATA,NEEDS DATA,DATA_NEEDS_LIVE_CONTEXT,HISTORICAL TEST ONLY,NO-GO,False,Medium,ROUTE_PROXY_UNVALIDATED|LOW_CURRENT_SAMPLE,Medium,ROUTE_PROXY_UNVALIDATED|LOW_CURRENT_SAMPLE,Medium,ROUTE_PROXY_UNVALIDATED|LOW_CURRENT_SAMPLE,Medium,ROUTE_PROXY_UNVALIDATED|LOW_CURRENT_SAMPLE,,,,,,
2025,1,,N.Fant,SEA,,TE,2.7147327092041054,26.014209610354047,,,,,,True,False,False,82.03,66.67,,,,,35,55,52,66.2,GOOD_SIGNAL,2,0,0,6,Projection-led limited V1 signal from existing historical-test markets.,"Limited V1: opponent fit, game script, weather, recent form, and live role/injury context are not fully sourced.",,NEEDS DATA,NEEDS DATA,NEEDS DATA,DATA_NEEDS_LIVE_CONTEXT,HISTORICAL TEST ONLY,NO-GO,False,Medium,ROUTE_PROXY_UNVALIDATED|LOW_CURRENT_SAMPLE,Medium,ROUTE_PROXY_UNVALIDATED|LOW_CURRENT_SAMPLE,,,,,,,,,,
2025,1,,E.Hull,IND,,RB,0.918496049486286,7.68041587120814,21.90777916918319,4.23401452422043,,,,True,True,False,81.97,66.67,,,,,35,55,52,66.17,GOOD_SIGNAL,2,0,0,6,Projection-led limited V1 signal from existing historical-test markets.,"Limited V1: opponent fit, game script, weather, recent form, and live role/injury context are not fully sourced.",,NEEDS DATA,NEEDS DATA,NEEDS DATA,DATA_NEEDS_LIVE_CONTEXT,HISTORICAL TEST ONLY,NO-GO,False,Medium,ROUTE_PROXY_UNVALIDATED|LOW_CURRENT_SAMPLE|LOW_PLAYER_SAMPLE,Medium,ROUTE_PROXY_UNVALIDATED|LOW_CURRENT_SAMPLE|LOW_PLAYER_SAMPLE|LOW_YARDAGE_SAMPLE,Medium,ROUTE_PROXY_UNVALIDATED|LOW_CURRENT_SAMPLE|LOW_PLAYER_SAMPLE|LOW_RUSH_SAMPLE,Medium,ROUTE_PROXY_UNVALIDATED|LOW_CURRENT_SAMPLE|LOW_PLAYER_SAMPLE|LOW_RUSH_SAMPLE|LOW_CARRY_SAMPLE,,,,,,
2025,1,,A.Mattison,LV,,RB,1.7836402480484266,13.614165256352273,30.989824968496617,3.826656695686112,,,,True,True,False,81.72,66.67,,,,,35,55,52,66.06,GOOD_SIGNAL,2,0,0,6,Projection-led limited V1 signal from existing historical-test markets.,"Limited V1: opponent fit, game script, weather, recent form, and live role/injury context are not fully sourced.",,NEEDS DATA,NEEDS DATA,NEEDS DATA,DATA_NEEDS_LIVE_CONTEXT,HISTORICAL TEST ONLY,NO-GO,False,Medium,ROUTE_PROXY_UNVALIDATED|LOW_CURRENT_SAMPLE,Medium,ROUTE_PROXY_UNVALIDATED|LOW_CURRENT_SAMPLE,Medium,ROUTE_PROXY_UNVALIDATED|LOW_CURRENT_SAMPLE,Medium,ROUTE_PROXY_UNVALIDATED|LOW_CURRENT_SAMPLE,,,,,,
2025,1,,K.Kirkwood,NO,,WR,2.694584205006243,28.372923802141088,,,,,,True,False,False,81.56,66.67,,,,,35,55,52,65.99,GOOD_SIGNAL,2,0,0,6,Projection-led limited V1 signal from existing historical-test markets.,"Limited V1: opponent fit, game script, weather, recent form, and live role/injury context are not fully sourced.",,NEEDS DATA,NEEDS DATA,NEEDS DATA,DATA_NEEDS_LIVE_CONTEXT,HISTORICAL TEST ONLY,NO-GO,False,Medium,ROUTE_PROXY_UNVALIDATED|LOW_CURRENT_SAMPLE|LOW_PLAYER_SAMPLE,Medium,ROUTE_PROXY_UNVALIDATED|LOW_CURRENT_SAMPLE|LOW_PLAYER_SAMPLE|LOW_YARDAGE_SAMPLE,,,,,,,,,,
2025,1,,L.Murray,BUF,,RB,0.8583179691377899,7.426684474407774,26.287095418617124,4.205532823578348,,,,True,True,False,81.56,66.67,,,,,35,55,52,65.99,GOOD_SIGNAL,2,0,0,6,Projection-led limited V1 signal from existing historical-test markets.,"Limited V1: opponent fit, game script, weather, recent form, and live role/injury context are not fully sourced.",,NEEDS DATA,NEEDS DATA,NEEDS DATA,DATA_NEEDS_LIVE_CONTEXT,HISTORICAL TEST ONLY,NO-GO,False,Medium,ROUTE_PROXY_UNVALIDATED|LOW_CURRENT_SAMPLE,Medium,ROUTE_PROXY_UNVALIDATED|LOW_CURRENT_SAMPLE,Medium,ROUTE_PROXY_UNVALIDATED|LOW_CURRENT_SAMPLE,Medium,ROUTE_PROXY_UNVALIDATED|LOW_CURRENT_SAMPLE,,,,,,
2025,1,,K.Coleman,BUF,,WR,1.9579235235314365,30.310857748252136,,,,,,True,False,False,81.48,66.67,,,,,35,55,52,65.95,GOOD_SIGNAL,2,0,0,6,Projection-led limited V1 signal from existing historical-test markets.,"Limited V1: opponent fit, game script, weather, recent form, and live role/injury context are not fully sourced.",,NEEDS DATA,NEEDS DATA,NEEDS DATA,DATA_NEEDS_LIVE_CONTEXT,HISTORICAL TEST ONLY,NO-GO,False,Medium,ROUTE_PROXY_UNVALIDATED|LOW_CURRENT_SAMPLE,Medium,ROUTE_PROXY_UNVALIDATED|LOW_CURRENT_SAMPLE,,,,,,,,,,
2025,1,,J.Akins,CLE,,TE,2.5478939645554965,24.02674112490369,,,,,,True,False,False,81.41,66.67,,,,,35,55,52,65.92,GOOD_SIGNAL,2,0,0,6,Projection-led limited V1 signal from existing historical-test markets.,"Limited V1: opponent fit, game script, weather, recent form, and live role/injury context are not fully sourced.",,NEEDS DATA,NEEDS DATA,NEEDS DATA,DATA_NEEDS_LIVE_CONTEXT,HISTORICAL TEST ONLY,NO-GO,False,Medium,ROUTE_PROXY_UNVALIDATED|LOW_CURRENT_SAMPLE,Medium,ROUTE_PROXY_UNVALIDATED|LOW_CURRENT_SAMPLE,,,,,,,,,,
2025,1,,Z.Flowers,BAL,,WR,2.339615920257341,30.1445671198948,,,,,,True,False,False,81.31,66.67,,,,,35,55,52,65.87,GOOD_SIGNAL,2,0,0,6,Projection-led limited V1 signal from existing historical-test markets.,"Limited V1: opponent fit, game script, weather, recent form, and live role/injury context are not fully sourced.",,NEEDS DATA,NEEDS DATA,NEEDS DATA,DATA_NEEDS_LIVE_CONTEXT,HISTORICAL TEST ONLY,NO-GO,False,Medium,ROUTE_PROXY_UNVALIDATED|LOW_CURRENT_SAMPLE,Medium,ROUTE_PROXY_UNVALIDATED|LOW_CURRENT_SAMPLE,,,,,,,,,,
2025,1,,T.Johnson,LA,,WR,2.535550364861741,28.152035285491667,,,,,,True,False,False,81.25,66.67,,,,,35,55,52,65.85,GOOD_SIGNAL,2,0,0,6,Projection-led limited V1 signal from existing historical-test markets.,"Limited V1: opponent fit, game script, weather, recent form, and live role/injury context are not fully sourced.",,NEEDS DATA,NEEDS DATA,NEEDS DATA,DATA_NEEDS_LIVE_CONTEXT,HISTORICAL TEST ONLY,NO-GO,False,Medium,ROUTE_PROXY_UNVALIDATED|LOW_CURRENT_SAMPLE,Medium,ROUTE_PROXY_UNVALIDATED|LOW_CURRENT_SAMPLE,,,,,,,,,,
2025,1,,J.McLaughlin,DEN,,RB,1.226975751153154,6.938131968503254,27.000857895142293,4.163391355370579,,,,True,True,False,81.15,66.67,,,,,35,55,52,65.8,GOOD_SIGNAL,2,0,0,6,Projection-led limited V1 signal from existing historical-test markets.,"Limited V1: opponent fit, game script, weather, recent form, and live role/injury context are not fully sourced.",,NEEDS DATA,NEEDS DATA,NEEDS DATA,DATA_NEEDS_LIVE_CONTEXT,HISTORICAL TEST ONLY,NO-GO,False,Medium,ROUTE_PROXY_UNVALIDATED|LOW_CURRENT_SAMPLE,Medium,ROUTE_PROXY_UNVALIDATED|LOW_CURRENT_SAMPLE,Medium,ROUTE_PROXY_UNVALIDATED|LOW_CURRENT_SAMPLE,Medium,ROUTE_PROXY_UNVALIDATED|LOW_CURRENT_SAMPLE,,,,,,
2025,1,,M.Jones,DET,,WR,2.522966140022436,27.77426369361969,,,,,,True,False,False,81.09,66.67,,,,,35,55,52,65.77,GOOD_SIGNAL,2,0,0,6,Projection-led limited V1 signal from existing historical-test markets.,"Limited V1: opponent fit, game script, weather, recent form, and live role/injury context are not fully sourced.",,NEEDS DATA,NEEDS DATA,NEEDS DATA,DATA_NEEDS_LIVE_CONTEXT,HISTORICAL TEST ONLY,NO-GO,False,Medium,ROUTE_PROXY_UNVALIDATED|LOW_CURRENT_SAMPLE,Medium,ROUTE_PROXY_UNVALIDATED|LOW_CURRENT_SAMPLE|LOW_YARDAGE_SAMPLE,,,,,,,,,,
2025,1,,B.Oliver,TEN,,WR,2.13417112622218,30.075774094778893,,,,,,True,False,False,80.98,66.67,,,,,35,55,52,65.73,GOOD_SIGNAL,2,0,0,6,Projection-led limited V1 signal from existing historical-test markets.,"Limited V1: opponent fit, game script, weather, recent form, and live role/injury context are not fully sourced.",,NEEDS DATA,NEEDS DATA,NEEDS DATA,DATA_NEEDS_LIVE_CONTEXT,HISTORICAL TEST ONLY,NO-GO,False,Medium,ROUTE_PROXY_UNVALIDATED|LOW_CURRENT_SAMPLE|LOW_PLAYER_SAMPLE,Medium,ROUTE_PROXY_UNVALIDATED|LOW_CURRENT_SAMPLE|LOW_PLAYER_SAMPLE|LOW_YARDAGE_SAMPLE,,,,,,,,,,
2025,1,,D.Singletary,NYG,,RB,1.1070389196178942,8.322030960906226,30.701811072684126,2.917020461671057,,,,True,True,False,80.97,66.67,,,,,35,55,52,65.72,GOOD_SIGNAL,2,0,0,6,Projection-led limited V1 signal from existing historical-test markets.,"Limited V1: opponent fit, game script, weather, recent form, and live role/injury context are not fully sourced.",,NEEDS DATA,NEEDS DATA,NEEDS DATA,DATA_NEEDS_LIVE_CONTEXT,HISTORICAL TEST ONLY,NO-GO,False,Medium,ROUTE_PROXY_UNVALIDATED|LOW_CURRENT_SAMPLE,Medium,ROUTE_PROXY_UNVALIDATED|LOW_CURRENT_SAMPLE,Medium,ROUTE_PROXY_UNVALIDATED|LOW_CURRENT_SAMPLE,Medium,ROUTE_PROXY_UNVALIDATED|LOW_CURRENT_SAMPLE,,,,,,
2025,1,,R.Bateman,BAL,,WR,2.1052921723365308,29.78137843863804,,,,,,True,False,False,80.82,66.67,,,,,35,55,52,65.65,GOOD_SIGNAL,2,0,0,6,Projection-led limited V1 signal from existing historical-test markets.,"Limited V1: opponent fit, game script, weather, recent form, and live role/injury context are not fully sourced.",,NEEDS DATA,NEEDS DATA,NEEDS DATA,DATA_NEEDS_LIVE_CONTEXT,HISTORICAL TEST ONLY,NO-GO,False,Medium,ROUTE_PROXY_UNVALIDATED|LOW_CURRENT_SAMPLE,Medium,ROUTE_PROXY_UNVALIDATED|LOW_CURRENT_SAMPLE,,,,,,,,,,
2025,1,,D.Henderson,LA,,RB,1.7079296274888542,13.39023905122405,30.103106358652763,2.8005628269526985,,,,True,True,False,80.6,66.67,,,,,35,55,52,65.55,GOOD_SIGNAL,2,0,0,6,Projection-led limited V1 signal from existing historical-test markets.,"Limited V1: opponent fit, game script, weather, recent form, and live role/injury context are not fully sourced.",,NEEDS DATA,NEEDS DATA,NEEDS DATA,DATA_NEEDS_LIVE_CONTEXT,HISTORICAL TEST ONLY,NO-GO,False,Medium,ROUTE_PROXY_UNVALIDATED|LOW_CURRENT_SAMPLE,Medium,ROUTE_PROXY_UNVALIDATED|LOW_CURRENT_SAMPLE,Medium,ROUTE_PROXY_UNVALIDATED|LOW_CURRENT_SAMPLE,Medium,ROUTE_PROXY_UNVALIDATED|LOW_CURRENT_SAMPLE,,,,,,
2025,1,,T.Conklin,NYJ,,TE,2.5042485652110176,22.62347679517474,,,,,,True,False,False,80.47,66.67,,,,,35,55,52,65.5,GOOD_SIGNAL,2,0,0,6,Projection-led limited V1 signal from existing historical-test markets.,"Limited V1: opponent fit, game script, weather, recent form, and live role/injury context are not fully sourced.",,NEEDS DATA,NEEDS DATA,NEEDS DATA,DATA_NEEDS_LIVE_CONTEXT,HISTORICAL TEST ONLY,NO-GO,False,Medium,ROUTE_PROXY_UNVALIDATED|LOW_CURRENT_SAMPLE,Medium,ROUTE_PROXY_UNVALIDATED|LOW_CURRENT_SAMPLE,,,,,,,,,,
2025,1,,D.Harris,BUF,,RB,0.7206299599157221,5.641326740330908,25.959337907648948,4.081848113424401,,,,True,True,False,80.33,66.67,,,,,35,55,52,65.43,GOOD_SIGNAL,2,0,0,6,Projection-led limited V1 signal from existing historical-test markets.,"Limited V1: opponent fit, game script, weather, recent form, and live role/injury context are not fully sourced.",,NEEDS DATA,NEEDS DATA,NEEDS DATA,DATA_NEEDS_LIVE_CONTEXT,HISTORICAL TEST ONLY,NO-GO,False,Medium,ROUTE_PROXY_UNVALIDATED|LOW_CURRENT_SAMPLE|LOW_PLAYER_SAMPLE,Medium,ROUTE_PROXY_UNVALIDATED|LOW_CURRENT_SAMPLE|LOW_PLAYER_SAMPLE|LOW_YARDAGE_SAMPLE,Medium,ROUTE_PROXY_UNVALIDATED|LOW_CURRENT_SAMPLE|LOW_PLAYER_SAMPLE,Medium,ROUTE_PROXY_UNVALIDATED|LOW_CURRENT_SAMPLE|LOW_PLAYER_SAMPLE,,,,,,
2025,1,,A.Ekeler,WAS,,RB,1.9506287903941195,16.759360924554077,30.076306720564915,3.80204387017249,,,,True,True,False,80.22,66.67,,,,,35,55,52,65.38,GOOD_SIGNAL,2,0,0,6,Projection-led limited V1 signal from existing historical-test markets.,"Limited V1: opponent fit, game script, weather, recent form, and live role/injury context are not fully sourced.",,NEEDS DATA,NEEDS DATA,NEEDS DATA,DATA_NEEDS_LIVE_CONTEXT,HISTORICAL TEST ONLY,NO-GO,False,Medium,ROUTE_PROXY_UNVALIDATED|LOW_CURRENT_SAMPLE,Medium,ROUTE_PROXY_UNVALIDATED|LOW_CURRENT_SAMPLE,Medium,ROUTE_PROXY_UNVALIDATED|LOW_CURRENT_SAMPLE,Medium,ROUTE_PROXY_UNVALIDATED|LOW_CURRENT_SAMPLE,,,,,,
2025,1,,K.Philips,TEN,,WR,2.4640579962027624,29.5187371534198,,,,,,True,False,False,80.16,66.67,,,,,35,55,52,65.36,GOOD_SIGNAL,2,0,0,6,Projection-led limited V1 signal from existing historical-test markets.,"Limited V1: opponent fit, game script, weather, recent form, and live role/injury context are not fully sourced.",,NEEDS DATA,NEEDS DATA,NEEDS DATA,DATA_NEEDS_LIVE_CONTEXT,HISTORICAL TEST ONLY,NO-GO,False,Medium,ROUTE_PROXY_UNVALIDATED|LOW_CURRENT_SAMPLE,Medium,ROUTE_PROXY_UNVALIDATED|LOW_CURRENT_SAMPLE,,,,,,,,,,
2025,1,,B.Cooks,DAL,,WR,2.471046996313683,26.37011752062305,,,,,,True,False,False,79.84,66.67,,,,,35,55,52,65.21,GOOD_SIGNAL,2,0,0,6,Projection-led limited V1 signal from existing historical-test markets.,"Limited V1: opponent fit, game script, weather, recent form, and live role/injury context are not fully sourced.",,NEEDS DATA,NEEDS DATA,NEEDS DATA,DATA_NEEDS_LIVE_CONTEXT,HISTORICAL TEST ONLY,NO-GO,False,Medium,ROUTE_PROXY_UNVALIDATED|LOW_CURRENT_SAMPLE,Medium,ROUTE_PROXY_UNVALIDATED|LOW_CURRENT_SAMPLE,,,,,,,,,,
2025,1,,E.All,CIN,,TE,2.4672217455316443,20.54519581465257,,,,,,True,False,False,79.69,66.67,,,,,35,55,52,65.14,GOOD_SIGNAL,2,0,0,6,Projection-led limited V1 signal from existing historical-test markets.,"Limited V1: opponent fit, game script, weather, recent form, and live role/injury context are not fully sourced.",,NEEDS DATA,NEEDS DATA,NEEDS DATA,DATA_NEEDS_LIVE_CONTEXT,HISTORICAL TEST ONLY,NO-GO,False,Medium,ROUTE_PROXY_UNVALIDATED|LOW_CURRENT_SAMPLE,Medium,ROUTE_PROXY_UNVALIDATED|LOW_CURRENT_SAMPLE,,,,,,,,,,
2025,1,,C.Samuel,BUF,,WR,2.467179793645456,24.56274305674929,,,,,,True,False,False,79.53,66.67,,,,,35,55,52,65.07,GOOD_SIGNAL,2,0,0,6,Projection-led limited V1 signal from existing historical-test markets.,"Limited V1: opponent fit, game script, weather, recent form, and live role/injury context are not fully sourced.",,NEEDS DATA,NEEDS DATA,NEEDS DATA,DATA_NEEDS_LIVE_CONTEXT,HISTORICAL TEST ONLY,NO-GO,False,Medium,ROUTE_PROXY_UNVALIDATED|LOW_CURRENT_SAMPLE,Medium,ROUTE_PROXY_UNVALIDATED|LOW_CURRENT_SAMPLE,,,,,,,,,,
2025,1,,D.Gore,WAS,,RB,0.8311136846039853,6.388853308233744,29.52251105690351,2.998359561035329,,,,True,True,False,79.48,66.67,,,,,35,55,52,65.05,GOOD_SIGNAL,2,0,0,6,Projection-led limited V1 signal from existing historical-test markets.,"Limited V1: opponent fit, game script, weather, recent form, and live role/injury context are not fully sourced.",,NEEDS DATA,NEEDS DATA,NEEDS DATA,DATA_NEEDS_LIVE_CONTEXT,HISTORICAL TEST ONLY,NO-GO,False,Medium,ROUTE_PROXY_UNVALIDATED|LOW_CURRENT_SAMPLE|LOW_PLAYER_SAMPLE,Medium,ROUTE_PROXY_UNVALIDATED|LOW_CURRENT_SAMPLE|LOW_PLAYER_SAMPLE|LOW_YARDAGE_SAMPLE,Medium,ROUTE_PROXY_UNVALIDATED|LOW_CURRENT_SAMPLE|LOW_PLAYER_SAMPLE|LOW_RUSH_SAMPLE,Medium,ROUTE_PROXY_UNVALIDATED|LOW_CURRENT_SAMPLE|LOW_PLAYER_SAMPLE|LOW_RUSH_SAMPLE|LOW_CARRY_SAMPLE,,,,,,
2025,1,,D.Wicks,GB,,WR,2.467096021395735,28.32838577132392,,,,,,True,False,False,79.38,66.67,,,,,35,55,52,65.0,GOOD_SIGNAL,2,0,0,6,Projection-led limited V1 signal from existing historical-test markets.,"Limited V1: opponent fit, game script, weather, recent form, and live role/injury context are not fully sourced.",,NEEDS DATA,NEEDS DATA,NEEDS DATA,DATA_NEEDS_LIVE_CONTEXT,HISTORICAL TEST ONLY,NO-GO,False,Medium,ROUTE_PROXY_UNVALIDATED|LOW_CURRENT_SAMPLE,Medium,ROUTE_PROXY_UNVALIDATED|LOW_CURRENT_SAMPLE,,,,,,,,,,
2025,1,,R.Jarrett,TB,,WR,2.237659233523907,28.83017430936411,,,,,,True,False,False,79.34,66.67,,,,,35,55,52,64.99,GOOD_SIGNAL,2,0,0,6,Projection-led limited V1 signal from existing historical-test markets.,"Limited V1: opponent fit, game script, weather, recent form, and live role/injury context are not fully sourced.",,NEEDS DATA,NEEDS DATA,NEEDS DATA,DATA_NEEDS_LIVE_CONTEXT,HISTORICAL TEST ONLY,NO-GO,False,Medium,ROUTE_PROXY_UNVALIDATED|LOW_CURRENT_SAMPLE,Medium,ROUTE_PROXY_UNVALIDATED|LOW_CURRENT_SAMPLE,,,,,,,,,,
2025,1,,T.Scott,CHI,,WR,2.466679907080949,20.958970515626657,,,,,,True,False,False,79.22,66.67,,,,,35,55,52,64.93,GOOD_SIGNAL,2,0,0,6,Projection-led limited V1 signal from existing historical-test markets.,"Limited V1: opponent fit, game script, weather, recent form, and live role/injury context are not fully sourced.",,NEEDS DATA,NEEDS DATA,NEEDS DATA,DATA_NEEDS_LIVE_CONTEXT,HISTORICAL TEST ONLY,NO-GO,False,Medium,ROUTE_PROXY_UNVALIDATED|LOW_CURRENT_SAMPLE,Medium,ROUTE_PROXY_UNVALIDATED|LOW_CURRENT_SAMPLE,,,,,,,,,,
2025,1,,R.Mostert,MIA,,RB,1.316978202622196,12.253915444118666,27.816863404894367,3.949839138235341,,,,True,True,False,79.1,66.67,,,,,35,55,52,64.88,GOOD_SIGNAL,2,0,0,6,Projection-led limited V1 signal from existing historical-test markets.,"Limited V1: opponent fit, game script, weather, recent form, and live role/injury context are not fully sourced.",,NEEDS DATA,NEEDS DATA,NEEDS DATA,DATA_NEEDS_LIVE_CONTEXT,HISTORICAL TEST ONLY,NO-GO,False,Medium,ROUTE_PROXY_UNVALIDATED|LOW_CURRENT_SAMPLE,Medium,ROUTE_PROXY_UNVALIDATED|LOW_CURRENT_SAMPLE,Medium,ROUTE_PROXY_UNVALIDATED|LOW_CURRENT_SAMPLE,Medium,ROUTE_PROXY_UNVALIDATED|LOW_CURRENT_SAMPLE,,,,,,
2025,1,,R.Freeman,LA,,RB,0.9522926748192442,9.541742755404226,29.11657345931349,2.6602352478902427,,,,True,True,False,79.1,66.67,,,,,35,55,52,64.88,GOOD_SIGNAL,2,0,0,6,Projection-led limited V1 signal from existing historical-test markets.,"Limited V1: opponent fit, game script, weather, recent form, and live role/injury context are not fully sourced.",,NEEDS DATA,NEEDS DATA,NEEDS DATA,DATA_NEEDS_LIVE_CONTEXT,HISTORICAL TEST ONLY,NO-GO,False,Medium,ROUTE_PROXY_UNVALIDATED|LOW_CURRENT_SAMPLE|LOW_PLAYER_SAMPLE,Medium,ROUTE_PROXY_UNVALIDATED|LOW_CURRENT_SAMPLE|LOW_PLAYER_SAMPLE|LOW_YARDAGE_SAMPLE,Medium,ROUTE_PROXY_UNVALIDATED|LOW_CURRENT_SAMPLE|LOW_PLAYER_SAMPLE,Medium,ROUTE_PROXY_UNVALIDATED|LOW_CURRENT_SAMPLE|LOW_PLAYER_SAMPLE,,,,,,
2025,1,,D.Culp,TB,,TE,2.005242642663176,28.81491341115072,,,,,,True,False,False,79.02,66.67,,,,,35,55,52,64.84,GOOD_SIGNAL,2,0,0,6,Projection-led limited V1 signal from existing historical-test markets.,"Limited V1: opponent fit, game script, weather, recent form, and live role/injury context are not fully sourced.",,NEEDS DATA,NEEDS DATA,NEEDS DATA,DATA_NEEDS_LIVE_CONTEXT,HISTORICAL TEST ONLY,NO-GO,False,Medium,ROUTE_PROXY_UNVALIDATED|LOW_CURRENT_SAMPLE|LOW_PLAYER_SAMPLE,Medium,ROUTE_PROXY_UNVALIDATED|LOW_CURRENT_SAMPLE|LOW_PLAYER_SAMPLE|LOW_YARDAGE_SAMPLE,,,,,,,,,,
2025,1,,B.Powell,MIN,,WR,2.452245863831424,26.255266516638297,,,,,,True,False,False,78.75,66.67,,,,,35,55,52,64.72,GOOD_SIGNAL,2,0,0,6,Projection-led limited V1 signal from existing historical-test markets.,"Limited V1: opponent fit, game script, weather, recent form, and live role/injury context are not fully sourced.",,NEEDS DATA,NEEDS DATA,NEEDS DATA,DATA_NEEDS_LIVE_CONTEXT,HISTORICAL TEST ONLY,NO-GO,False,Medium,ROUTE_PROXY_UNVALIDATED|LOW_CURRENT_SAMPLE,Medium,ROUTE_PROXY_UNVALIDATED|LOW_CURRENT_SAMPLE,,,,,,,,,,
2025,1,,B.Bolden,LV,,RB,0.8154322943284383,6.268308906191598,28.02580319548024,2.696043889876261,,,,True,True,False,78.73,66.67,,,,,35,55,52,64.71,GOOD_SIGNAL,2,0,0,6,Projection-led limited V1 signal from existing historical-test markets.,"Limited V1: opponent fit, game script, weather, recent form, and live role/injury context are not fully sourced.",,NEEDS DATA,NEEDS DATA,NEEDS DATA,DATA_NEEDS_LIVE_CONTEXT,HISTORICAL TEST ONLY,NO-GO,False,Medium,ROUTE_PROXY_UNVALIDATED|LOW_CURRENT_SAMPLE|LOW_PLAYER_SAMPLE,Medium,ROUTE_PROXY_UNVALIDATED|LOW_CURRENT_SAMPLE|LOW_PLAYER_SAMPLE|LOW_YARDAGE_SAMPLE,Medium,ROUTE_PROXY_UNVALIDATED|LOW_CURRENT_SAMPLE|LOW_PLAYER_SAMPLE|LOW_RUSH_SAMPLE,Medium,ROUTE_PROXY_UNVALIDATED|LOW_CURRENT_SAMPLE|LOW_PLAYER_SAMPLE|LOW_RUSH_SAMPLE|LOW_CARRY_SAMPLE,,,,,,
2025,1,,J.Brownlee,NYJ,,WR,2.4184156277977875,28.570212623599065,,,,,,True,False,False,78.69,66.67,,,,,35,55,52,64.69,GOOD_SIGNAL,2,0,0,6,Projection-led limited V1 signal from existing historical-test markets.,"Limited V1: opponent fit, game script, weather, recent form, and live role/injury context are not fully sourced.",,NEEDS DATA,NEEDS DATA,NEEDS DATA,DATA_NEEDS_LIVE_CONTEXT,HISTORICAL TEST ONLY,NO-GO,False,Medium,ROUTE_PROXY_UNVALIDATED|LOW_CURRENT_SAMPLE|LOW_PLAYER_SAMPLE,Medium,ROUTE_PROXY_UNVALIDATED|LOW_CURRENT_SAMPLE|LOW_PLAYER_SAMPLE|LOW_YARDAGE_SAMPLE,,,,,,,,,,
2025,1,,A.Estime,DEN,,RB,0.9187746042882224,6.608784295611836,23.9360529714678,3.913689029394693,,,,True,True,False,78.69,66.67,,,,,35,55,52,64.69,GOOD_SIGNAL,2,0,0,6,Projection-led limited V1 signal from existing historical-test markets.,"Limited V1: opponent fit, game script, weather, recent form, and live role/injury context are not fully sourced.",,NEEDS DATA,NEEDS DATA,NEEDS DATA,DATA_NEEDS_LIVE_CONTEXT,HISTORICAL TEST ONLY,NO-GO,False,Medium,ROUTE_PROXY_UNVALIDATED|LOW_CURRENT_SAMPLE|LOW_PLAYER_SAMPLE,Medium,ROUTE_PROXY_UNVALIDATED|LOW_CURRENT_SAMPLE|LOW_PLAYER_SAMPLE|LOW_YARDAGE_SAMPLE,Medium,ROUTE_PROXY_UNVALIDATED|LOW_CURRENT_SAMPLE|LOW_PLAYER_SAMPLE,Medium,ROUTE_PROXY_UNVALIDATED|LOW_CURRENT_SAMPLE|LOW_PLAYER_SAMPLE,,,,,,
2025,1,,R.McCloud,ATL,,WR,2.450332297235219,27.289763556663164,,,,,,True,False,False,78.59,66.67,,,,,35,55,52,64.65,GOOD_SIGNAL,2,0,0,6,Projection-led limited V1 signal from existing historical-test markets.,"Limited V1: opponent fit, game script, weather, recent form, and live role/injury context are not fully sourced.",,NEEDS DATA,NEEDS DATA,NEEDS DATA,DATA_NEEDS_LIVE_CONTEXT,HISTORICAL TEST ONLY,NO-GO,False,Medium,ROUTE_PROXY_UNVALIDATED|LOW_CURRENT_SAMPLE,Medium,ROUTE_PROXY_UNVALIDATED|LOW_CURRENT_SAMPLE,,,,,,,,,,
2025,1,,T.Wallace,BAL,,WR,1.820418002854144,28.533980528889288,,,,,,True,False,False,78.52,66.67,,,,,35,55,52,64.62,GOOD_SIGNAL,2,0,0,6,Projection-led limited V1 signal from existing historical-test markets.,"Limited V1: opponent fit, game script, weather, recent form, and live role/injury context are not fully sourced.",,NEEDS DATA,NEEDS DATA,NEEDS DATA,DATA_NEEDS_LIVE_CONTEXT,HISTORICAL TEST ONLY,NO-GO,False,Medium,ROUTE_PROXY_UNVALIDATED|LOW_CURRENT_SAMPLE,Medium,ROUTE_PROXY_UNVALIDATED|LOW_CURRENT_SAMPLE,,,,,,,,,,
2025,1,,R.Davis,BUF,,RB,0.8446586015174873,9.792890132154149,24.00860777381424,3.902361667758951,,,,True,True,False,78.28,66.67,,,,,35,55,52,64.51,GOOD_SIGNAL,2,0,0,6,Projection-led limited V1 signal from existing historical-test markets.,"Limited V1: opponent fit, game script, weather, recent form, and live role/injury context are not fully sourced.",,NEEDS DATA,NEEDS DATA,NEEDS DATA,DATA_NEEDS_LIVE_CONTEXT,HISTORICAL TEST ONLY,NO-GO,False,Medium,ROUTE_PROXY_UNVALIDATED|LOW_CURRENT_SAMPLE,Medium,ROUTE_PROXY_UNVALIDATED|LOW_CURRENT_SAMPLE,Medium,ROUTE_PROXY_UNVALIDATED|LOW_CURRENT_SAMPLE,Medium,ROUTE_PROXY_UNVALIDATED|LOW_CURRENT_SAMPLE,,,,,,
2025,1,,I.Williams,CIN,,WR,2.441689920206928,15.376492246883984,,,,,,True,False,False,78.28,66.67,,,,,35,55,52,64.51,GOOD_SIGNAL,2,0,0,6,Projection-led limited V1 signal from existing historical-test markets.,"Limited V1: opponent fit, game script, weather, recent form, and live role/injury context are not fully sourced.",,NEEDS DATA,NEEDS DATA,NEEDS DATA,DATA_NEEDS_LIVE_CONTEXT,HISTORICAL TEST ONLY,NO-GO,False,Medium,ROUTE_PROXY_UNVALIDATED|LOW_CURRENT_SAMPLE|LOW_PLAYER_SAMPLE,Medium,ROUTE_PROXY_UNVALIDATED|LOW_CURRENT_SAMPLE|LOW_PLAYER_SAMPLE|LOW_YARDAGE_SAMPLE,,,,,,,,,,
2025,1,,E.St. Brown,CHI,,WR,2.3611655183147926,28.43697173983749,,,,,,True,False,False,78.2,66.67,,,,,35,55,52,64.47,GOOD_SIGNAL,2,0,0,6,Projection-led limited V1 signal from existing historical-test markets.,"Limited V1: opponent fit, game script, weather, recent form, and live role/injury context are not fully sourced.",,NEEDS DATA,NEEDS DATA,NEEDS DATA,DATA_NEEDS_LIVE_CONTEXT,HISTORICAL TEST ONLY,NO-GO,False,Medium,ROUTE_PROXY_UNVALIDATED|LOW_CURRENT_SAMPLE|LOW_PLAYER_SAMPLE,Medium,ROUTE_PROXY_UNVALIDATED|LOW_CURRENT_SAMPLE|LOW_PLAYER_SAMPLE|LOW_YARDAGE_SAMPLE,,,,,,,,,,
2025,1,,L.Shenault,SEA,,WR,2.440692456561257,20.89497961441524,,,,,,True,False,False,78.12,66.67,,,,,35,55,52,64.44,GOOD_SIGNAL,2,0,0,6,Projection-led limited V1 signal from existing historical-test markets.,"Limited V1: opponent fit, game script, weather, recent form, and live role/injury context are not fully sourced.",,NEEDS DATA,NEEDS DATA,NEEDS DATA,DATA_NEEDS_LIVE_CONTEXT,HISTORICAL TEST ONLY,NO-GO,False,Medium,ROUTE_PROXY_UNVALIDATED|LOW_CURRENT_SAMPLE,Medium,ROUTE_PROXY_UNVALIDATED|LOW_CURRENT_SAMPLE,,,,,,,,,,
2025,1,,E.Mitchell,SF,,RB,1.0694052632857127,8.013663676264818,27.55186890964556,2.588918364068929,,,,True,True,False,77.99,66.67,,,,,35,55,52,64.38,GOOD_SIGNAL,2,0,0,6,Projection-led limited V1 signal from existing historical-test markets.,"Limited V1: opponent fit, game script, weather, recent form, and live role/injury context are not fully sourced.",,NEEDS DATA,NEEDS DATA,NEEDS DATA,DATA_NEEDS_LIVE_CONTEXT,HISTORICAL TEST ONLY,NO-GO,False,Medium,ROUTE_PROXY_UNVALIDATED|LOW_CURRENT_SAMPLE|LOW_PLAYER_SAMPLE,Medium,ROUTE_PROXY_UNVALIDATED|LOW_CURRENT_SAMPLE|LOW_PLAYER_SAMPLE|LOW_YARDAGE_SAMPLE,Medium,ROUTE_PROXY_UNVALIDATED|LOW_CURRENT_SAMPLE|LOW_PLAYER_SAMPLE,Medium,ROUTE_PROXY_UNVALIDATED|LOW_CURRENT_SAMPLE|LOW_PLAYER_SAMPLE,,,,,,
2025,1,,D.Duvernay,JAX,,WR,2.4367761002106048,20.87348186514545,,,,,,True,False,False,77.97,66.67,,,,,35,55,52,64.37,GOOD_SIGNAL,2,0,0,6,Projection-led limited V1 signal from existing historical-test markets.,"Limited V1: opponent fit, game script, weather, recent form, and live role/injury context are not fully sourced.",,NEEDS DATA,NEEDS DATA,NEEDS DATA,DATA_NEEDS_LIVE_CONTEXT,HISTORICAL TEST ONLY,NO-GO,False,Medium,ROUTE_PROXY_UNVALIDATED|LOW_CURRENT_SAMPLE,Medium,ROUTE_PROXY_UNVALIDATED|LOW_CURRENT_SAMPLE,,,,,,,,,,
2025,1,,R.Penny,PHI,,RB,0.7490573290276635,5.392339310033563,24.136441582954905,3.89606556882958,,,,True,True,False,77.87,66.67,,,,,35,55,52,64.33,GOOD_SIGNAL,2,0,0,6,Projection-led limited V1 signal from existing historical-test markets.,"Limited V1: opponent fit, game script, weather, recent form, and live role/injury context are not fully sourced.",,NEEDS DATA,NEEDS DATA,NEEDS DATA,DATA_NEEDS_LIVE_CONTEXT,HISTORICAL TEST ONLY,NO-GO,False,Medium,ROUTE_PROXY_UNVALIDATED|LOW_CURRENT_SAMPLE|LOW_PLAYER_SAMPLE,Medium,ROUTE_PROXY_UNVALIDATED|LOW_CURRENT_SAMPLE|LOW_PLAYER_SAMPLE|LOW_YARDAGE_SAMPLE,Medium,ROUTE_PROXY_UNVALIDATED|LOW_CURRENT_SAMPLE|LOW_PLAYER_SAMPLE|LOW_RUSH_SAMPLE,Medium,ROUTE_PROXY_UNVALIDATED|LOW_CURRENT_SAMPLE|LOW_PLAYER_SAMPLE|LOW_RUSH_SAMPLE|LOW_CARRY_SAMPLE,,,,,,
2025,1,,C.Conley,SF,,WR,2.2115615106279525,28.370909507164026,,,,,,True,False,False,77.87,66.67,,,,,35,55,52,64.33,GOOD_SIGNAL,2,0,0,6,Projection-led limited V1 signal from existing historical-test markets.,"Limited V1: opponent fit, game script, weather, recent form, and live role/injury context are not fully sourced.",,NEEDS DATA,NEEDS DATA,NEEDS DATA,DATA_NEEDS_LIVE_CONTEXT,HISTORICAL TEST ONLY,NO-GO,False,Medium,ROUTE_PROXY_UNVALIDATED|LOW_CURRENT_SAMPLE,Medium,ROUTE_PROXY_UNVALIDATED|LOW_CURRENT_SAMPLE,,,,,,,,,,
2025,1,,K.Bourne,NE,,WR,2.4342230058271683,26.833900598093024,,,,,,True,False,False,77.81,66.67,,,,,35,55,52,64.3,GOOD_SIGNAL,2,0,0,6,Projection-led limited V1 signal from existing historical-test markets.,"Limited V1: opponent fit, game script, weather, recent form, and live role/injury context are not fully sourced.",,NEEDS DATA,NEEDS DATA,NEEDS DATA,DATA_NEEDS_LIVE_CONTEXT,HISTORICAL TEST ONLY,NO-GO,False,Medium,ROUTE_PROXY_UNVALIDATED|LOW_CURRENT_SAMPLE,Medium,ROUTE_PROXY_UNVALIDATED|LOW_CURRENT_SAMPLE,,,,,,,,,,
2025,1,,K.Hodge,ATL,,WR,1.8166614091456568,28.36413102582315,,,,,,True,False,False,77.7,66.67,,,,,35,55,52,64.25,GOOD_SIGNAL,2,0,0,6,Projection-led limited V1 signal from existing historical-test markets.,"Limited V1: opponent fit, game script, weather, recent form, and live role/injury context are not fully sourced.",,NEEDS DATA,NEEDS DATA,NEEDS DATA,DATA_NEEDS_LIVE_CONTEXT,HISTORICAL TEST ONLY,NO-GO,False,Medium,ROUTE_PROXY_UNVALIDATED|LOW_CURRENT_SAMPLE,Medium,ROUTE_PROXY_UNVALIDATED|LOW_CURRENT_SAMPLE,,,,,,,,,,
2025,1,,J.Guyton,LAC,,WR,2.433820717755571,27.67925080616822,,,,,,True,False,False,77.66,66.67,,,,,35,55,52,64.23,GOOD_SIGNAL,2,0,0,6,Projection-led limited V1 signal from existing historical-test markets.,"Limited V1: opponent fit, game script, weather, recent form, and live role/injury context are not fully sourced.",,NEEDS DATA,NEEDS DATA,NEEDS DATA,DATA_NEEDS_LIVE_CONTEXT,HISTORICAL TEST ONLY,NO-GO,False,Medium,ROUTE_PROXY_UNVALIDATED|LOW_CURRENT_SAMPLE,Medium,ROUTE_PROXY_UNVALIDATED|LOW_CURRENT_SAMPLE,,,,,,,,,,
2025,1,,A.Gibson,NE,,RB,1.1893382941955852,11.64840126572974,27.43674312920316,3.136305574531609,,,,True,True,False,77.61,66.67,,,,,35,55,52,64.21,GOOD_SIGNAL,2,0,0,6,Projection-led limited V1 signal from existing historical-test markets.,"Limited V1: opponent fit, game script, weather, recent form, and live role/injury context are not fully sourced.",,NEEDS DATA,NEEDS DATA,NEEDS DATA,DATA_NEEDS_LIVE_CONTEXT,HISTORICAL TEST ONLY,NO-GO,False,Medium,ROUTE_PROXY_UNVALIDATED|LOW_CURRENT_SAMPLE,Medium,ROUTE_PROXY_UNVALIDATED|LOW_CURRENT_SAMPLE,Medium,ROUTE_PROXY_UNVALIDATED|LOW_CURRENT_SAMPLE,Medium,ROUTE_PROXY_UNVALIDATED|LOW_CURRENT_SAMPLE,,,,,,
2025,1,,R.Cobb,NYJ,,WR,2.4305533729967714,27.12963026352985,,,,,,True,False,False,77.5,66.67,,,,,35,55,52,64.16,GOOD_SIGNAL,2,0,0,6,Projection-led limited V1 signal from existing historical-test markets.,"Limited V1: opponent fit, game script, weather, recent form, and live role/injury context are not fully sourced.",,NEEDS DATA,NEEDS DATA,NEEDS DATA,DATA_NEEDS_LIVE_CONTEXT,HISTORICAL TEST ONLY,NO-GO,False,Medium,ROUTE_PROXY_UNVALIDATED|LOW_CURRENT_SAMPLE,Medium,ROUTE_PROXY_UNVALIDATED|LOW_CURRENT_SAMPLE|LOW_YARDAGE_SAMPLE,,,,,,,,,,
2025,1,,C.Akers,MIN,,RB,1.239957535863207,8.595621838603204,26.666881851612523,3.8922176144927056,,,,True,True,False,77.46,66.67,,,,,35,55,52,64.14,GOOD_SIGNAL,2,0,0,6,Projection-led limited V1 signal from existing historical-test markets.,"Limited V1: opponent fit, game script, weather, recent form, and live role/injury context are not fully sourced.",,NEEDS DATA,NEEDS DATA,NEEDS DATA,DATA_NEEDS_LIVE_CONTEXT,HISTORICAL TEST ONLY,NO-GO,False,Medium,ROUTE_PROXY_UNVALIDATED|LOW_CURRENT_SAMPLE,Medium,ROUTE_PROXY_UNVALIDATED|LOW_CURRENT_SAMPLE,Medium,ROUTE_PROXY_UNVALIDATED|LOW_CURRENT_SAMPLE,Medium,ROUTE_PROXY_UNVALIDATED|LOW_CURRENT_SAMPLE,,,,,,
2025,1,,J.Tolbert,DAL,,WR,2.364032105768626,28.29359732803829,,,,,,True,False,False,77.38,66.67,,,,,35,55,52,64.1,GOOD_SIGNAL,2,0,0,6,Projection-led limited V1 signal from existing historical-test markets.,"Limited V1: opponent fit, game script, weather, recent form, and live role/injury context are not fully sourced.",,NEEDS DATA,NEEDS DATA,NEEDS DATA,DATA_NEEDS_LIVE_CONTEXT,HISTORICAL TEST ONLY,NO-GO,False,Medium,ROUTE_PROXY_UNVALIDATED|LOW_CURRENT_SAMPLE,Medium,ROUTE_PROXY_UNVALIDATED|LOW_CURRENT_SAMPLE,,,,,,,,,,
2025,1,,M.Kinsey,TEN,,WR,2.424136633601142,22.700878489377725,,,,,,True,False,False,77.34,66.67,,,,,35,55,52,64.09,GOOD_SIGNAL,2,0,0,6,Projection-led limited V1 signal from existing historical-test markets.,"Limited V1: opponent fit, game script, weather, recent form, and live role/injury context are not fully sourced.",,NEEDS DATA,NEEDS DATA,NEEDS DATA,DATA_NEEDS_LIVE_CONTEXT,HISTORICAL TEST ONLY,NO-GO,False,Medium,ROUTE_PROXY_UNVALIDATED|LOW_CURRENT_SAMPLE|LOW_PLAYER_SAMPLE,Medium,ROUTE_PROXY_UNVALIDATED|LOW_CURRENT_SAMPLE|LOW_PLAYER_SAMPLE|LOW_YARDAGE_SAMPLE,,,,,,,,,,
2025,1,,M.Goodwin,CLE,,WR,2.1946384390823868,28.26123524944781,,,,,,True,False,False,77.21,66.67,,,,,35,55,52,64.03,GOOD_SIGNAL,2,0,0,6,Projection-led limited V1 signal from existing historical-test markets.,"Limited V1: opponent fit, game script, weather, recent form, and live role/injury context are not fully sourced.",,NEEDS DATA,NEEDS DATA,NEEDS DATA,DATA_NEEDS_LIVE_CONTEXT,HISTORICAL TEST ONLY,NO-GO,False,Medium,ROUTE_PROXY_UNVALIDATED|LOW_CURRENT_SAMPLE,Medium,ROUTE_PROXY_UNVALIDATED|LOW_CURRENT_SAMPLE|LOW_YARDAGE_SAMPLE,,,,,,,,,,
2025,1,,T.Boyd,TEN,,WR,2.423602063478202,25.334485666161783,,,,,,True,False,False,77.19,66.67,,,,,35,55,52,64.02,GOOD_SIGNAL,2,0,0,6,Projection-led limited V1 signal from existing historical-test markets.,"Limited V1: opponent fit, game script, weather, recent form, and live role/injury context are not fully sourced.",,NEEDS DATA,NEEDS DATA,NEEDS DATA,DATA_NEEDS_LIVE_CONTEXT,HISTORICAL TEST ONLY,NO-GO,False,Medium,ROUTE_PROXY_UNVALIDATED|LOW_CURRENT_SAMPLE,Medium,ROUTE_PROXY_UNVALIDATED|LOW_CURRENT_SAMPLE,,,,,,,,,,
2025,1,,D.Peoples-Jones,DET,,WR,2.3615643128409265,28.22589497773643,,,,,,True,False,False,77.05,66.67,,,,,35,55,52,63.96,GOOD_SIGNAL,2,0,0,6,Projection-led limited V1 signal from existing historical-test markets.,"Limited V1: opponent fit, game script, weather, recent form, and live role/injury context are not fully sourced.",,NEEDS DATA,NEEDS DATA,NEEDS DATA,DATA_NEEDS_LIVE_CONTEXT,HISTORICAL TEST ONLY,NO-GO,False,Medium,ROUTE_PROXY_UNVALIDATED|LOW_CURRENT_SAMPLE,Medium,ROUTE_PROXY_UNVALIDATED|LOW_CURRENT_SAMPLE,,,,,,,,,,
2025,1,,V.Jefferson,PIT,,WR,2.4228588766019628,28.09577657054825,,,,,,True,False,False,77.03,66.67,,,,,35,55,52,63.95,GOOD_SIGNAL,2,0,0,6,Projection-led limited V1 signal from existing historical-test markets.,"Limited V1: opponent fit, game script, weather, recent form, and live role/injury context are not fully sourced.",,NEEDS DATA,NEEDS DATA,NEEDS DATA,DATA_NEEDS_LIVE_CONTEXT,HISTORICAL TEST ONLY,NO-GO,False,Medium,ROUTE_PROXY_UNVALIDATED|LOW_CURRENT_SAMPLE,Medium,ROUTE_PROXY_UNVALIDATED|LOW_CURRENT_SAMPLE,,,,,,,,,,
2025,1,,D.Parker,NE,,WR,2.35860121757138,28.19785610885927,,,,,,True,False,False,76.89,66.67,,,,,35,55,52,63.88,GOOD_SIGNAL,2,0,0,6,Projection-led limited V1 signal from existing historical-test markets.,"Limited V1: opponent fit, game script, weather, recent form, and live role/injury context are not fully sourced.",,NEEDS DATA,NEEDS DATA,NEEDS DATA,DATA_NEEDS_LIVE_CONTEXT,HISTORICAL TEST ONLY,NO-GO,False,Medium,ROUTE_PROXY_UNVALIDATED|LOW_CURRENT_SAMPLE,Medium,ROUTE_PROXY_UNVALIDATED|LOW_CURRENT_SAMPLE,,,,,,,,,,
2025,1,,D.Pettis,NO,,WR,2.4158753561165147,25.26682206608941,,,,,,True,False,False,76.56,66.67,,,,,35,55,52,63.74,GOOD_SIGNAL,2,0,0,6,Projection-led limited V1 signal from existing historical-test markets.,"Limited V1: opponent fit, game script, weather, recent form, and live role/injury context are not fully sourced.",,NEEDS DATA,NEEDS DATA,NEEDS DATA,DATA_NEEDS_LIVE_CONTEXT,HISTORICAL TEST ONLY,NO-GO,False,Medium,ROUTE_PROXY_UNVALIDATED|LOW_CURRENT_SAMPLE,Medium,ROUTE_PROXY_UNVALIDATED|LOW_CURRENT_SAMPLE,,,,,,,,,,
2025,1,,D.Thompkins,CAR,,WR,2.406880783134068,18.18906283173063,,,,,,True,False,False,76.41,66.67,,,,,35,55,52,63.67,GOOD_SIGNAL,2,0,0,6,Projection-led limited V1 signal from existing historical-test markets.,"Limited V1: opponent fit, game script, weather, recent form, and live role/injury context are not fully sourced.",,NEEDS DATA,NEEDS DATA,NEEDS DATA,DATA_NEEDS_LIVE_CONTEXT,HISTORICAL TEST ONLY,NO-GO,False,Medium,ROUTE_PROXY_UNVALIDATED|LOW_CURRENT_SAMPLE,Medium,ROUTE_PROXY_UNVALIDATED|LOW_CURRENT_SAMPLE,,,,,,,,,,
2025,1,,S.Smartt,LAC,,TE,2.395456338157953,27.76201674646349,,,,,,True,False,False,76.25,66.67,,,,,35,55,52,63.6,GOOD_SIGNAL,2,0,0,6,Projection-led limited V1 signal from existing historical-test markets.,"Limited V1: opponent fit, game script, weather, recent form, and live role/injury context are not fully sourced.",,NEEDS DATA,NEEDS DATA,NEEDS DATA,DATA_NEEDS_LIVE_CONTEXT,HISTORICAL TEST ONLY,NO-GO,False,Medium,ROUTE_PROXY_UNVALIDATED|LOW_CURRENT_SAMPLE,Medium,ROUTE_PROXY_UNVALIDATED|LOW_CURRENT_SAMPLE,,,,,,,,,,
2025,1,,T.Kelce,KC,,TE,2.388992727066813,22.038292220067188,,,,,,True,False,False,76.09,66.67,,,,,35,55,52,63.52,GOOD_SIGNAL,2,0,0,6,Projection-led limited V1 signal from existing historical-test markets.,"Limited V1: opponent fit, game script, weather, recent form, and live role/injury context are not fully sourced.",,NEEDS DATA,NEEDS DATA,NEEDS DATA,DATA_NEEDS_LIVE_CONTEXT,HISTORICAL TEST ONLY,NO-GO,False,Medium,ROUTE_PROXY_UNVALIDATED|LOW_CURRENT_SAMPLE,Medium,ROUTE_PROXY_UNVALIDATED|LOW_CURRENT_SAMPLE,,,,,,,,,,
2025,1,,K.Austin,NO,,WR,2.1833421296532376,27.90427595579392,,,,,,True,False,False,76.07,66.67,,,,,35,55,52,63.52,GOOD_SIGNAL,2,0,0,6,Projection-led limited V1 signal from existing historical-test markets.,"Limited V1: opponent fit, game script, weather, recent form, and live role/injury context are not fully sourced.",,NEEDS DATA,NEEDS DATA,NEEDS DATA,DATA_NEEDS_LIVE_CONTEXT,HISTORICAL TEST ONLY,NO-GO,False,Medium,ROUTE_PROXY_UNVALIDATED|LOW_CURRENT_SAMPLE,Medium,ROUTE_PROXY_UNVALIDATED|LOW_CURRENT_SAMPLE,,,,,,,,,,
2025,1,,J.Crowder,WAS,,WR,2.384547379711303,22.98444183909337,,,,,,True,False,False,75.94,66.67,,,,,35,55,52,63.46,GOOD_SIGNAL,2,0,0,6,Projection-led limited V1 signal from existing historical-test markets.,"Limited V1: opponent fit, game script, weather, recent form, and live role/injury context are not fully sourced.",,NEEDS DATA,NEEDS DATA,NEEDS DATA,DATA_NEEDS_LIVE_CONTEXT,HISTORICAL TEST ONLY,NO-GO,False,Medium,ROUTE_PROXY_UNVALIDATED|LOW_CURRENT_SAMPLE,Medium,ROUTE_PROXY_UNVALIDATED|LOW_CURRENT_SAMPLE,,,,,,,,,,
2025,1,,D.Sample,CIN,,TE,2.3845297788118303,17.23197995070564,,,,,,True,False,False,75.78,66.67,,,,,35,55,52,63.39,GOOD_SIGNAL,2,0,0,6,Projection-led limited V1 signal from existing historical-test markets.,"Limited V1: opponent fit, game script, weather, recent form, and live role/injury context are not fully sourced.",,NEEDS DATA,NEEDS DATA,NEEDS DATA,DATA_NEEDS_LIVE_CONTEXT,HISTORICAL TEST ONLY,NO-GO,False,Medium,ROUTE_PROXY_UNVALIDATED|LOW_CURRENT_SAMPLE,Medium,ROUTE_PROXY_UNVALIDATED|LOW_CURRENT_SAMPLE,,,,,,,,,,
2025,1,,D.Foreman,CLE,,RB,0.9649082938535388,9.318571533128743,26.6592707539564,2.9534073917191965,,,,True,True,False,75.75,66.67,,,,,35,55,52,63.37,GOOD_SIGNAL,2,0,0,6,Projection-led limited V1 signal from existing historical-test markets.,"Limited V1: opponent fit, game script, weather, recent form, and live role/injury context are not fully sourced.",,NEEDS DATA,NEEDS DATA,NEEDS DATA,DATA_NEEDS_LIVE_CONTEXT,HISTORICAL TEST ONLY,NO-GO,False,Medium,ROUTE_PROXY_UNVALIDATED|LOW_CURRENT_SAMPLE,Medium,ROUTE_PROXY_UNVALIDATED|LOW_CURRENT_SAMPLE,Medium,ROUTE_PROXY_UNVALIDATED|LOW_CURRENT_SAMPLE,Medium,ROUTE_PROXY_UNVALIDATED|LOW_CURRENT_SAMPLE,,,,,,
2025,1,,J.Bobo,SEA,,WR,2.3667284309706624,22.70597504537424,,,,,,True,False,False,75.47,66.67,,,,,35,55,52,63.25,GOOD_SIGNAL,2,0,0,6,Projection-led limited V1 signal from existing historical-test markets.,"Limited V1: opponent fit, game script, weather, recent form, and live role/injury context are not fully sourced.",,NEEDS DATA,NEEDS DATA,NEEDS DATA,DATA_NEEDS_LIVE_CONTEXT,HISTORICAL TEST ONLY,NO-GO,False,Medium,ROUTE_PROXY_UNVALIDATED|LOW_CURRENT_SAMPLE,Medium,ROUTE_PROXY_UNVALIDATED|LOW_CURRENT_SAMPLE,,,,,,,,,,
2025,1,,D.Pierce,HOU,,RB,0.5848098780282955,,26.54964056996263,3.309734555916667,,,,True,True,False,75.37,66.67,,,,,35,55,52,63.2,GOOD_SIGNAL,2,0,0,6,Projection-led limited V1 signal from existing historical-test markets.,"Limited V1: opponent fit, game script, weather, recent form, and live role/injury context are not fully sourced.",,NEEDS DATA,NEEDS DATA,NEEDS DATA,DATA_NEEDS_LIVE_CONTEXT,HISTORICAL TEST ONLY,NO-GO,False,Medium,ROUTE_PROXY_UNVALIDATED|LOW_CURRENT_SAMPLE,,,Medium,ROUTE_PROXY_UNVALIDATED|LOW_CURRENT_SAMPLE,Medium,ROUTE_PROXY_UNVALIDATED|LOW_CURRENT_SAMPLE,,,,,,
2025,1,,J.Reagor,LAC,,WR,2.030207218105434,27.709623705238823,,,,,,True,False,False,75.25,66.67,,,,,35,55,52,63.15,GOOD_SIGNAL,2,0,0,6,Projection-led limited V1 signal from existing historical-test markets.,"Limited V1: opponent fit, game script, weather, recent form, and live role/injury context are not fully sourced.",,NEEDS DATA,NEEDS DATA,NEEDS DATA,DATA_NEEDS_LIVE_CONTEXT,HISTORICAL TEST ONLY,NO-GO,False,Medium,ROUTE_PROXY_UNVALIDATED|LOW_CURRENT_SAMPLE,Medium,ROUTE_PROXY_UNVALIDATED|LOW_CURRENT_SAMPLE,,,,,,,,,,
2025,1,,E.Demercado,ARI,,RB,1.125652690493684,8.923831747701163,26.41878241898297,1.9263209249888824,,,,True,True,False,75.0,66.67,,,,,35,55,52,63.03,GOOD_SIGNAL,2,0,0,6,Projection-led limited V1 signal from existing historical-test markets.,"Limited V1: opponent fit, game script, weather, recent form, and live role/injury context are not fully sourced.",,NEEDS DATA,NEEDS DATA,NEEDS DATA,DATA_NEEDS_LIVE_CONTEXT,HISTORICAL TEST ONLY,NO-GO,False,Medium,ROUTE_PROXY_UNVALIDATED|LOW_CURRENT_SAMPLE,Medium,ROUTE_PROXY_UNVALIDATED|LOW_CURRENT_SAMPLE,Medium,ROUTE_PROXY_UNVALIDATED|LOW_CURRENT_SAMPLE,Medium,ROUTE_PROXY_UNVALIDATED|LOW_CURRENT_SAMPLE,,,,,,
2025,1,,D.Turner,LV,,WR,2.359657249490453,24.495114975097817,,,,,,True,False,False,74.84,66.67,,,,,35,55,52,62.96,GOOD_SIGNAL,1,1,0,6,Projection-led limited V1 signal from existing historical-test markets.,"Limited V1: opponent fit, game script, weather, recent form, and live role/injury context are not fully sourced.",,NEEDS DATA,NEEDS DATA,NEEDS DATA,DATA_NEEDS_LIVE_CONTEXT,HISTORICAL TEST ONLY,NO-GO,False,Medium,ROUTE_PROXY_UNVALIDATED|LOW_CURRENT_SAMPLE,Medium,ROUTE_PROXY_UNVALIDATED|LOW_CURRENT_SAMPLE,,,,,,,,,,
2025,1,,F.Moreau,NO,,TE,2.358917557994032,26.334151652145827,,,,,,True,False,False,74.69,66.67,,,,,35,55,52,62.89,GOOD_SIGNAL,1,1,0,6,Projection-led limited V1 signal from existing historical-test markets.,"Limited V1: opponent fit, game script, weather, recent form, and live role/injury context are not fully sourced.",,NEEDS DATA,NEEDS DATA,NEEDS DATA,DATA_NEEDS_LIVE_CONTEXT,HISTORICAL TEST ONLY,NO-GO,False,Medium,ROUTE_PROXY_UNVALIDATED|LOW_CURRENT_SAMPLE,Medium,ROUTE_PROXY_UNVALIDATED|LOW_CURRENT_SAMPLE,,,,,,,,,,
2025,1,,D.Cook,DAL,,RB,0.930701909829294,8.99794878936927,17.763637768998088,3.742382389615147,,,,True,True,False,74.59,66.67,,,,,35,55,52,62.85,GOOD_SIGNAL,1,1,0,6,Projection-led limited V1 signal from existing historical-test markets.,"Limited V1: opponent fit, game script, weather, recent form, and live role/injury context are not fully sourced.",,NEEDS DATA,NEEDS DATA,NEEDS DATA,DATA_NEEDS_LIVE_CONTEXT,HISTORICAL TEST ONLY,NO-GO,False,Medium,ROUTE_PROXY_UNVALIDATED|LOW_CURRENT_SAMPLE,Medium,ROUTE_PROXY_UNVALIDATED|LOW_CURRENT_SAMPLE,Medium,ROUTE_PROXY_UNVALIDATED|LOW_CURRENT_SAMPLE,Medium,ROUTE_PROXY_UNVALIDATED|LOW_CURRENT_SAMPLE,,,,,,
2025,1,,M.Gallup,DAL,,WR,2.211068361390237,26.89413714272,,,,,,True,False,False,74.43,66.67,,,,,35,55,52,62.78,GOOD_SIGNAL,1,1,0,6,Projection-led limited V1 signal from existing historical-test markets.,"Limited V1: opponent fit, game script, weather, recent form, and live role/injury context are not fully sourced.",,NEEDS DATA,NEEDS DATA,NEEDS DATA,DATA_NEEDS_LIVE_CONTEXT,HISTORICAL TEST ONLY,NO-GO,False,Medium,ROUTE_PROXY_UNVALIDATED|LOW_CURRENT_SAMPLE,Medium,ROUTE_PROXY_UNVALIDATED|LOW_CURRENT_SAMPLE,,,,,,,,,,
2025,1,,J.Hill,BAL,,RB,1.1764145347839876,11.057599232571592,23.474318462745348,3.7085881851510014,,,,True,True,False,74.18,66.67,,,,,35,55,52,62.67,GOOD_SIGNAL,1,1,0,6,Projection-led limited V1 signal from existing historical-test markets.,"Limited V1: opponent fit, game script, weather, recent form, and live role/injury context are not fully sourced.",,NEEDS DATA,NEEDS DATA,NEEDS DATA,DATA_NEEDS_LIVE_CONTEXT,HISTORICAL TEST ONLY,NO-GO,False,Medium,ROUTE_PROXY_UNVALIDATED|LOW_CURRENT_SAMPLE,Medium,ROUTE_PROXY_UNVALIDATED|LOW_CURRENT_SAMPLE,Medium,ROUTE_PROXY_UNVALIDATED|LOW_CURRENT_SAMPLE,Medium,ROUTE_PROXY_UNVALIDATED|LOW_CURRENT_SAMPLE,,,,,,
2025,1,,T.Patrick,DET,,WR,2.258051948287982,26.760440130397747,,,,,,True,False,False,74.1,66.67,,,,,35,55,52,62.63,GOOD_SIGNAL,1,1,0,6,Projection-led limited V1 signal from existing historical-test markets.,"Limited V1: opponent fit, game script, weather, recent form, and live role/injury context are not fully sourced.",,NEEDS DATA,NEEDS DATA,NEEDS DATA,DATA_NEEDS_LIVE_CONTEXT,HISTORICAL TEST ONLY,NO-GO,False,Medium,ROUTE_PROXY_UNVALIDATED|LOW_CURRENT_SAMPLE,Medium,ROUTE_PROXY_UNVALIDATED|LOW_CURRENT_SAMPLE,,,,,,,,,,
2025,1,,D.Vele,DEN,,WR,2.319508233561719,26.549673312913285,,,,,,True,False,False,73.77,66.67,,,,,35,55,52,62.48,GOOD_SIGNAL,1,1,0,6,Projection-led limited V1 signal from existing historical-test markets.,"Limited V1: opponent fit, game script, weather, recent form, and live role/injury context are not fully sourced.",,NEEDS DATA,NEEDS DATA,NEEDS DATA,DATA_NEEDS_LIVE_CONTEXT,HISTORICAL TEST ONLY,NO-GO,False,Medium,ROUTE_PROXY_UNVALIDATED|LOW_CURRENT_SAMPLE,Medium,ROUTE_PROXY_UNVALIDATED|LOW_CURRENT_SAMPLE,,,,,,,,,,
2025,1,,X.Smith,LA,,WR,2.320376440031983,14.612523090966564,,,,,,True,False,False,73.75,66.67,,,,,35,55,52,62.47,GOOD_SIGNAL,1,1,0,6,Projection-led limited V1 signal from existing historical-test markets.,"Limited V1: opponent fit, game script, weather, recent form, and live role/injury context are not fully sourced.",,NEEDS DATA,NEEDS DATA,NEEDS DATA,DATA_NEEDS_LIVE_CONTEXT,HISTORICAL TEST ONLY,NO-GO,False,Medium,ROUTE_PROXY_UNVALIDATED|LOW_CURRENT_SAMPLE|LOW_PLAYER_SAMPLE,Medium,ROUTE_PROXY_UNVALIDATED|LOW_CURRENT_SAMPLE|LOW_PLAYER_SAMPLE|LOW_YARDAGE_SAMPLE,,,,,,,,,,
2025,1,,M.Hollins,BUF,,WR,2.097574196692189,26.44041550313019,,,,,,True,False,False,73.61,66.67,,,,,35,55,52,62.41,GOOD_SIGNAL,1,1,0,6,Projection-led limited V1 signal from existing historical-test markets.,"Limited V1: opponent fit, game script, weather, recent form, and live role/injury context are not fully sourced.",,NEEDS DATA,NEEDS DATA,NEEDS DATA,DATA_NEEDS_LIVE_CONTEXT,HISTORICAL TEST ONLY,NO-GO,False,Medium,ROUTE_PROXY_UNVALIDATED|LOW_CURRENT_SAMPLE,Medium,ROUTE_PROXY_UNVALIDATED|LOW_CURRENT_SAMPLE,,,,,,,,,,
2025,1,,T.Hudson,CIN,,TE,2.3201402553792447,20.54277586615144,,,,,,True,False,False,73.59,66.67,,,,,35,55,52,62.4,GOOD_SIGNAL,1,1,0,6,Projection-led limited V1 signal from existing historical-test markets.,"Limited V1: opponent fit, game script, weather, recent form, and live role/injury context are not fully sourced.",,NEEDS DATA,NEEDS DATA,NEEDS DATA,DATA_NEEDS_LIVE_CONTEXT,HISTORICAL TEST ONLY,NO-GO,False,Medium,ROUTE_PROXY_UNVALIDATED|LOW_CURRENT_SAMPLE,Medium,ROUTE_PROXY_UNVALIDATED|LOW_CURRENT_SAMPLE,,,,,,,,,,
2025,1,,K.Harris,NE,,RB,0.8431496714172521,9.712816833717516,26.082591134684023,3.093241008476692,,,,True,True,False,73.51,66.67,,,,,35,55,52,62.36,GOOD_SIGNAL,1,1,0,6,Projection-led limited V1 signal from existing historical-test markets.,"Limited V1: opponent fit, game script, weather, recent form, and live role/injury context are not fully sourced.",,NEEDS DATA,NEEDS DATA,NEEDS DATA,DATA_NEEDS_LIVE_CONTEXT,HISTORICAL TEST ONLY,NO-GO,False,Medium,ROUTE_PROXY_UNVALIDATED|LOW_CURRENT_SAMPLE|LOW_PLAYER_SAMPLE,Medium,ROUTE_PROXY_UNVALIDATED|LOW_CURRENT_SAMPLE|LOW_PLAYER_SAMPLE|LOW_YARDAGE_SAMPLE,Medium,ROUTE_PROXY_UNVALIDATED|LOW_CURRENT_SAMPLE|LOW_PLAYER_SAMPLE|LOW_RUSH_SAMPLE,Medium,ROUTE_PROXY_UNVALIDATED|LOW_CURRENT_SAMPLE|LOW_PLAYER_SAMPLE|LOW_RUSH_SAMPLE|LOW_CARRY_SAMPLE,,,,,,
2025,1,,M.Taylor,NYJ,,WR,2.3173240142734186,25.28835116924148,,,,,,True,False,False,73.28,66.67,,,,,35,55,52,62.26,GOOD_SIGNAL,1,1,0,6,Projection-led limited V1 signal from existing historical-test markets.,"Limited V1: opponent fit, game script, weather, recent form, and live role/injury context are not fully sourced.",,NEEDS DATA,NEEDS DATA,NEEDS DATA,DATA_NEEDS_LIVE_CONTEXT,HISTORICAL TEST ONLY,NO-GO,False,Medium,ROUTE_PROXY_UNVALIDATED|LOW_CURRENT_SAMPLE|LOW_PLAYER_SAMPLE,Medium,ROUTE_PROXY_UNVALIDATED|LOW_CURRENT_SAMPLE|LOW_PLAYER_SAMPLE|LOW_YARDAGE_SAMPLE,,,,,,,,,,
2025,1,,Em.Wilson,GB,,RB,0.9105239308164434,6.967555527950683,26.069288084509367,2.9453717195449336,,,,True,True,False,73.13,66.67,,,,,35,55,52,62.19,GOOD_SIGNAL,1,1,0,6,Projection-led limited V1 signal from existing historical-test markets.,"Limited V1: opponent fit, game script, weather, recent form, and live role/injury context are not fully sourced.",,NEEDS DATA,NEEDS DATA,NEEDS DATA,DATA_NEEDS_LIVE_CONTEXT,HISTORICAL TEST ONLY,NO-GO,False,Medium,ROUTE_PROXY_UNVALIDATED|LOW_CURRENT_SAMPLE,Medium,ROUTE_PROXY_UNVALIDATED|LOW_CURRENT_SAMPLE,Medium,ROUTE_PROXY_UNVALIDATED|LOW_CURRENT_SAMPLE,Medium,ROUTE_PROXY_UNVALIDATED|LOW_CURRENT_SAMPLE,,,,,,
2025,1,,C.Claypool,MIA,,WR,2.283053597186385,26.28187483119104,,,,,,True,False,False,73.11,66.67,,,,,35,55,52,62.18,GOOD_SIGNAL,1,1,0,6,Projection-led limited V1 signal from existing historical-test markets.,"Limited V1: opponent fit, game script, weather, recent form, and live role/injury context are not fully sourced.",,NEEDS DATA,NEEDS DATA,NEEDS DATA,DATA_NEEDS_LIVE_CONTEXT,HISTORICAL TEST ONLY,NO-GO,False,Medium,ROUTE_PROXY_UNVALIDATED|LOW_CURRENT_SAMPLE,Medium,ROUTE_PROXY_UNVALIDATED|LOW_CURRENT_SAMPLE|LOW_YARDAGE_SAMPLE,,,,,,,,,,
2025,1,,R.Woods,HOU,,WR,2.304828994710425,24.5246112196394,,,,,,True,False,False,72.97,66.67,,,,,35,55,52,62.12,GOOD_SIGNAL,1,1,0,6,Projection-led limited V1 signal from existing historical-test markets.,"Limited V1: opponent fit, game script, weather, recent form, and live role/injury context are not fully sourced.",,NEEDS DATA,NEEDS DATA,NEEDS DATA,DATA_NEEDS_LIVE_CONTEXT,HISTORICAL TEST ONLY,NO-GO,False,Medium,ROUTE_PROXY_UNVALIDATED|LOW_CURRENT_SAMPLE,Medium,ROUTE_PROXY_UNVALIDATED|LOW_CURRENT_SAMPLE,,,,,,,,,,
2025,1,,S.Morgan,CIN,,WR,2.173714077943906,26.266226877728062,,,,,,True,False,False,72.95,66.67,,,,,35,55,52,62.11,GOOD_SIGNAL,1,1,0,6,Projection-led limited V1 signal from existing historical-test markets.,"Limited V1: opponent fit, game script, weather, recent form, and live role/injury context are not fully sourced.",,NEEDS DATA,NEEDS DATA,NEEDS DATA,DATA_NEEDS_LIVE_CONTEXT,HISTORICAL TEST ONLY,NO-GO,False,Medium,ROUTE_PROXY_UNVALIDATED|LOW_CURRENT_SAMPLE|LOW_PLAYER_SAMPLE,Medium,ROUTE_PROXY_UNVALIDATED|LOW_CURRENT_SAMPLE|LOW_PLAYER_SAMPLE|LOW_YARDAGE_SAMPLE,,,,,,,,,,
2025,1,,M.Tipton,NO,,WR,2.302027536049982,20.526432427684654,,,,,,True,False,False,72.81,66.67,,,,,35,55,52,62.05,GOOD_SIGNAL,1,1,0,6,Projection-led limited V1 signal from existing historical-test markets.,"Limited V1: opponent fit, game script, weather, recent form, and live role/injury context are not fully sourced.",,NEEDS DATA,NEEDS DATA,NEEDS DATA,DATA_NEEDS_LIVE_CONTEXT,HISTORICAL TEST ONLY,NO-GO,False,Medium,ROUTE_PROXY_UNVALIDATED|LOW_CURRENT_SAMPLE,Medium,ROUTE_PROXY_UNVALIDATED|LOW_CURRENT_SAMPLE,,,,,,,,,,
2025,1,,Z.White,LV,,RB,0.9681758398361584,6.917178939582091,26.0505577571082,3.31276737265679,,,,True,True,False,72.76,66.67,,,,,35,55,52,62.03,GOOD_SIGNAL,1,1,0,6,Projection-led limited V1 signal from existing historical-test markets.,"Limited V1: opponent fit, game script, weather, recent form, and live role/injury context are not fully sourced.",,NEEDS DATA,NEEDS DATA,NEEDS DATA,DATA_NEEDS_LIVE_CONTEXT,HISTORICAL TEST ONLY,NO-GO,False,Medium,ROUTE_PROXY_UNVALIDATED|LOW_CURRENT_SAMPLE,Medium,ROUTE_PROXY_UNVALIDATED|LOW_CURRENT_SAMPLE,Medium,ROUTE_PROXY_UNVALIDATED|LOW_CURRENT_SAMPLE,Medium,ROUTE_PROXY_UNVALIDATED|LOW_CURRENT_SAMPLE,,,,,,
2025,1,,T.Johnson,NYG,,TE,2.2915162527579414,24.09791929169944,,,,,,True,False,False,72.66,66.67,,,,,35,55,52,61.98,GOOD_SIGNAL,1,1,0,6,Projection-led limited V1 signal from existing historical-test markets.,"Limited V1: opponent fit, game script, weather, recent form, and live role/injury context are not fully sourced.",,NEEDS DATA,NEEDS DATA,NEEDS DATA,DATA_NEEDS_LIVE_CONTEXT,HISTORICAL TEST ONLY,NO-GO,False,Medium,ROUTE_PROXY_UNVALIDATED|LOW_CURRENT_SAMPLE,Medium,ROUTE_PROXY_UNVALIDATED|LOW_CURRENT_SAMPLE,,,,,,,,,,
2025,1,,N.Remigio,KC,,WR,1.2475196474814712,26.110762413029267,,,,,,True,False,False,72.62,66.67,,,,,35,55,52,61.96,GOOD_SIGNAL,1,1,0,6,Projection-led limited V1 signal from existing historical-test markets.,"Limited V1: opponent fit, game script, weather, recent form, and live role/injury context are not fully sourced.",,NEEDS DATA,NEEDS DATA,NEEDS DATA,DATA_NEEDS_LIVE_CONTEXT,HISTORICAL TEST ONLY,NO-GO,False,Medium,ROUTE_PROXY_UNVALIDATED|LOW_CURRENT_SAMPLE|LOW_PLAYER_SAMPLE,Medium,ROUTE_PROXY_UNVALIDATED|LOW_CURRENT_SAMPLE|LOW_PLAYER_SAMPLE|LOW_YARDAGE_SAMPLE,,,,,,,,,,
2025,1,,K.Mitchell,BAL,,RB,0.8105803025849402,13.639294882610102,19.988143794290423,3.647151908449358,,,,True,True,False,72.54,66.67,,,,,35,55,52,61.93,GOOD_SIGNAL,1,1,0,6,Projection-led limited V1 signal from existing historical-test markets.,"Limited V1: opponent fit, game script, weather, recent form, and live role/injury context are not fully sourced.",,NEEDS DATA,NEEDS DATA,NEEDS DATA,DATA_NEEDS_LIVE_CONTEXT,HISTORICAL TEST ONLY,NO-GO,False,Medium,ROUTE_PROXY_UNVALIDATED|LOW_CURRENT_SAMPLE,Medium,ROUTE_PROXY_UNVALIDATED|LOW_CURRENT_SAMPLE,Medium,ROUTE_PROXY_UNVALIDATED|LOW_CURRENT_SAMPLE,Medium,ROUTE_PROXY_UNVALIDATED|LOW_CURRENT_SAMPLE,,,,,,
2025,1,,D.Goedert,PHI,,TE,2.287997848314314,24.443351742407813,,,,,,True,False,False,72.5,66.67,,,,,35,55,52,61.91,GOOD_SIGNAL,1,1,0,6,Projection-led limited V1 signal from existing historical-test markets.,"Limited V1: opponent fit, game script, weather, recent form, and live role/injury context are not fully sourced.",,NEEDS DATA,NEEDS DATA,NEEDS DATA,DATA_NEEDS_LIVE_CONTEXT,HISTORICAL TEST ONLY,NO-GO,False,Medium,ROUTE_PROXY_UNVALIDATED|LOW_CURRENT_SAMPLE,Medium,ROUTE_PROXY_UNVALIDATED|LOW_CURRENT_SAMPLE,,,,,,,,,,
2025,1,,B.Pringle,WAS,,WR,2.198264143126589,26.095834587319324,,,,,,True,False,False,72.46,66.67,,,,,35,55,52,61.89,GOOD_SIGNAL,1,1,0,6,Projection-led limited V1 signal from existing historical-test markets.,"Limited V1: opponent fit, game script, weather, recent form, and live role/injury context are not fully sourced.",,NEEDS DATA,NEEDS DATA,NEEDS DATA,DATA_NEEDS_LIVE_CONTEXT,HISTORICAL TEST ONLY,NO-GO,False,Medium,ROUTE_PROXY_UNVALIDATED|LOW_CURRENT_SAMPLE,Medium,ROUTE_PROXY_UNVALIDATED|LOW_CURRENT_SAMPLE,,,,,,,,,,
2025,1,,B.Strange,JAX,,TE,2.2835996188609657,22.23540195248114,,,,,,True,False,False,72.34,66.67,,,,,35,55,52,61.84,GOOD_SIGNAL,1,1,0,6,Projection-led limited V1 signal from existing historical-test markets.,"Limited V1: opponent fit, game script, weather, recent form, and live role/injury context are not fully sourced.",,NEEDS DATA,NEEDS DATA,NEEDS DATA,DATA_NEEDS_LIVE_CONTEXT,HISTORICAL TEST ONLY,NO-GO,False,Medium,ROUTE_PROXY_UNVALIDATED|LOW_CURRENT_SAMPLE,Medium,ROUTE_PROXY_UNVALIDATED|LOW_CURRENT_SAMPLE,,,,,,,,,,
2025,1,,S.Fehoko,LAC,,WR,1.7385212417925056,26.073007544431388,,,,,,True,False,False,72.3,66.67,,,,,35,55,52,61.82,GOOD_SIGNAL,1,1,0,6,Projection-led limited V1 signal from existing historical-test markets.,"Limited V1: opponent fit, game script, weather, recent form, and live role/injury context are not fully sourced.",,NEEDS DATA,NEEDS DATA,NEEDS DATA,DATA_NEEDS_LIVE_CONTEXT,HISTORICAL TEST ONLY,NO-GO,False,Medium,ROUTE_PROXY_UNVALIDATED|LOW_CURRENT_SAMPLE,Medium,ROUTE_PROXY_UNVALIDATED|LOW_CURRENT_SAMPLE|LOW_YARDAGE_SAMPLE,,,,,,,,,,
2025,1,,D.Chisena,CAR,,WR,2.186133101732841,26.04163436356168,,,,,,True,False,False,72.13,66.67,,,,,35,55,52,61.74,GOOD_SIGNAL,1,1,0,6,Projection-led limited V1 signal from existing historical-test markets.,"Limited V1: opponent fit, game script, weather, recent form, and live role/injury context are not fully sourced.",,NEEDS DATA,NEEDS DATA,NEEDS DATA,DATA_NEEDS_LIVE_CONTEXT,HISTORICAL TEST ONLY,NO-GO,False,Medium,ROUTE_PROXY_UNVALIDATED|LOW_CURRENT_SAMPLE|LOW_PLAYER_SAMPLE,Medium,ROUTE_PROXY_UNVALIDATED|LOW_CURRENT_SAMPLE|LOW_PLAYER_SAMPLE|LOW_YARDAGE_SAMPLE,,,,,,,,,,
2025,1,,B.Scott,PHI,,RB,0.5326705918732769,,24.04070801609836,3.5853773819497547,,,,True,True,False,72.13,66.67,,,,,35,55,52,61.74,GOOD_SIGNAL,1,1,0,6,Projection-led limited V1 signal from existing historical-test markets.,"Limited V1: opponent fit, game script, weather, recent form, and live role/injury context are not fully sourced.",,NEEDS DATA,NEEDS DATA,NEEDS DATA,DATA_NEEDS_LIVE_CONTEXT,HISTORICAL TEST ONLY,NO-GO,False,Medium,ROUTE_PROXY_UNVALIDATED|LOW_CURRENT_SAMPLE|LOW_PLAYER_SAMPLE,,,Medium,ROUTE_PROXY_UNVALIDATED|LOW_CURRENT_SAMPLE|LOW_PLAYER_SAMPLE,Medium,ROUTE_PROXY_UNVALIDATED|LOW_CURRENT_SAMPLE|LOW_PLAYER_SAMPLE,,,,,,
2025,1,,I.McKenzie,IND,,WR,2.27798263625391,25.275812666395044,,,,,,True,False,False,72.03,66.67,,,,,35,55,52,61.7,GOOD_SIGNAL,1,1,0,6,Projection-led limited V1 signal from existing historical-test markets.,"Limited V1: opponent fit, game script, weather, recent form, and live role/injury context are not fully sourced.",,NEEDS DATA,NEEDS DATA,NEEDS DATA,DATA_NEEDS_LIVE_CONTEXT,HISTORICAL TEST ONLY,NO-GO,False,Medium,ROUTE_PROXY_UNVALIDATED|LOW_CURRENT_SAMPLE,Medium,ROUTE_PROXY_UNVALIDATED|LOW_CURRENT_SAMPLE,,,,,,,,,,
2025,1,,M.Boykin,PIT,,WR,2.2737431858101727,24.44958338205379,,,,,,True,False,False,71.88,66.67,,,,,35,55,52,61.63,GOOD_SIGNAL,1,1,0,6,Projection-led limited V1 signal from existing historical-test markets.,"Limited V1: opponent fit, game script, weather, recent form, and live role/injury context are not fully sourced.",,NEEDS DATA,NEEDS DATA,NEEDS DATA,DATA_NEEDS_LIVE_CONTEXT,HISTORICAL TEST ONLY,NO-GO,False,Medium,ROUTE_PROXY_UNVALIDATED|LOW_CURRENT_SAMPLE|LOW_PLAYER_SAMPLE,Medium,ROUTE_PROXY_UNVALIDATED|LOW_CURRENT_SAMPLE|LOW_PLAYER_SAMPLE|LOW_YARDAGE_SAMPLE,,,,,,,,,,
2025,1,,C.Grandy,CIN,,TE,2.2634713609024475,16.115789712457723,,,,,,True,False,False,71.56,66.67,,,,,35,55,52,61.49,GOOD_SIGNAL,1,1,0,6,Projection-led limited V1 signal from existing historical-test markets.,"Limited V1: opponent fit, game script, weather, recent form, and live role/injury context are not fully sourced.",,NEEDS DATA,NEEDS DATA,NEEDS DATA,DATA_NEEDS_LIVE_CONTEXT,HISTORICAL TEST ONLY,NO-GO,False,Medium,ROUTE_PROXY_UNVALIDATED|LOW_CURRENT_SAMPLE|LOW_PLAYER_SAMPLE,Medium,ROUTE_PROXY_UNVALIDATED|LOW_CURRENT_SAMPLE|LOW_PLAYER_SAMPLE|LOW_YARDAGE_SAMPLE,,,,,,,,,,
2025,1,,T.Jones,JAX,,WR,2.166476055575328,25.609734178166264,,,,,,True,False,False,71.31,66.67,,,,,35,55,52,61.37,GOOD_SIGNAL,1,1,0,6,Projection-led limited V1 signal from existing historical-test markets.,"Limited V1: opponent fit, game script, weather, recent form, and live role/injury context are not fully sourced.",,NEEDS DATA,NEEDS DATA,NEEDS DATA,DATA_NEEDS_LIVE_CONTEXT,HISTORICAL TEST ONLY,NO-GO,False,Medium,ROUTE_PROXY_UNVALIDATED|LOW_CURRENT_SAMPLE,Medium,ROUTE_PROXY_UNVALIDATED|LOW_CURRENT_SAMPLE,,,,,,,,,,
2025,1,,T.Sermon,IND,,RB,1.0363686415204516,8.010967908174164,17.705252467087796,3.366047772316472,,,,True,True,False,71.31,66.67,,,,,35,55,52,61.37,GOOD_SIGNAL,1,1,0,6,Projection-led limited V1 signal from existing historical-test markets.,"Limited V1: opponent fit, game script, weather, recent form, and live role/injury context are not fully sourced.",,NEEDS DATA,NEEDS DATA,NEEDS DATA,DATA_NEEDS_LIVE_CONTEXT,HISTORICAL TEST ONLY,NO-GO,False,Medium,ROUTE_PROXY_UNVALIDATED|LOW_CURRENT_SAMPLE,Medium,ROUTE_PROXY_UNVALIDATED|LOW_CURRENT_SAMPLE,Medium,ROUTE_PROXY_UNVALIDATED|LOW_CURRENT_SAMPLE,Medium,ROUTE_PROXY_UNVALIDATED|LOW_CURRENT_SAMPLE,,,,,,
2025,1,,E.Dotson,LAC,,RB,1.1562069825643115,9.805054579046578,25.53753561998537,3.28337070529198,,,,True,True,False,71.27,66.67,,,,,35,55,52,61.36,GOOD_SIGNAL,1,1,0,6,Projection-led limited V1 signal from existing historical-test markets.,"Limited V1: opponent fit, game script, weather, recent form, and live role/injury context are not fully sourced.",,NEEDS DATA,NEEDS DATA,NEEDS DATA,DATA_NEEDS_LIVE_CONTEXT,HISTORICAL TEST ONLY,NO-GO,False,Medium,ROUTE_PROXY_UNVALIDATED|LOW_CURRENT_SAMPLE|LOW_PLAYER_SAMPLE,Medium,ROUTE_PROXY_UNVALIDATED|LOW_CURRENT_SAMPLE|LOW_PLAYER_SAMPLE|LOW_YARDAGE_SAMPLE,Medium,ROUTE_PROXY_UNVALIDATED|LOW_CURRENT_SAMPLE|LOW_PLAYER_SAMPLE|LOW_RUSH_SAMPLE,Medium,ROUTE_PROXY_UNVALIDATED|LOW_CURRENT_SAMPLE|LOW_PLAYER_SAMPLE|LOW_RUSH_SAMPLE|LOW_CARRY_SAMPLE,,,,,,
2025,1,,X.Hutchinson,HOU,,WR,2.243601123808631,25.521276963582856,,,,,,True,False,False,71.15,66.67,,,,,35,55,52,61.3,GOOD_SIGNAL,1,1,0,6,Projection-led limited V1 signal from existing historical-test markets.,"Limited V1: opponent fit, game script, weather, recent form, and live role/injury context are not fully sourced.",,NEEDS DATA,NEEDS DATA,NEEDS DATA,DATA_NEEDS_LIVE_CONTEXT,HISTORICAL TEST ONLY,NO-GO,False,Medium,ROUTE_PROXY_UNVALIDATED|LOW_CURRENT_SAMPLE,Medium,ROUTE_PROXY_UNVALIDATED|LOW_CURRENT_SAMPLE,,,,,,,,,,
2025,1,,L.Thomas,WAS,,TE,2.256396080387253,21.466791045663207,,,,,,True,False,False,71.09,66.67,,,,,35,55,52,61.27,GOOD_SIGNAL,1,1,0,6,Projection-led limited V1 signal from existing historical-test markets.,"Limited V1: opponent fit, game script, weather, recent form, and live role/injury context are not fully sourced.",,NEEDS DATA,NEEDS DATA,NEEDS DATA,DATA_NEEDS_LIVE_CONTEXT,HISTORICAL TEST ONLY,NO-GO,False,Medium,ROUTE_PROXY_UNVALIDATED|LOW_CURRENT_SAMPLE,Medium,ROUTE_PROXY_UNVALIDATED|LOW_CURRENT_SAMPLE,,,,,,,,,,
2025,1,,K.Turpin,DAL,,WR,2.035728928256013,25.46797770933589,,,,,,True,False,False,70.98,66.67,,,,,35,55,52,61.23,GOOD_SIGNAL,1,1,0,6,Projection-led limited V1 signal from existing historical-test markets.,"Limited V1: opponent fit, game script, weather, recent form, and live role/injury context are not fully sourced.",,NEEDS DATA,NEEDS DATA,NEEDS DATA,DATA_NEEDS_LIVE_CONTEXT,HISTORICAL TEST ONLY,NO-GO,False,Medium,ROUTE_PROXY_UNVALIDATED|LOW_CURRENT_SAMPLE,Medium,ROUTE_PROXY_UNVALIDATED|LOW_CURRENT_SAMPLE,,,,,,,,,,
2025,1,,S.Shepard,TB,,WR,2.255494827859031,23.71651482976557,,,,,,True,False,False,70.94,66.67,,,,,35,55,52,61.21,GOOD_SIGNAL,1,1,0,6,Projection-led limited V1 signal from existing historical-test markets.,"Limited V1: opponent fit, game script, weather, recent form, and live role/injury context are not fully sourced.",,NEEDS DATA,NEEDS DATA,NEEDS DATA,DATA_NEEDS_LIVE_CONTEXT,HISTORICAL TEST ONLY,NO-GO,False,Medium,ROUTE_PROXY_UNVALIDATED|LOW_CURRENT_SAMPLE,Medium,ROUTE_PROXY_UNVALIDATED|LOW_CURRENT_SAMPLE,,,,,,,,,,
2025,1,,S.Ahmed,MIA,,RB,1.3118036867653324,10.813896412233747,23.32206619833322,3.316086703742719,,,,True,True,False,70.9,66.67,,,,,35,55,52,61.19,GOOD_SIGNAL,1,1,0,6,Projection-led limited V1 signal from existing historical-test markets.,"Limited V1: opponent fit, game script, weather, recent form, and live role/injury context are not fully sourced.",,NEEDS DATA,NEEDS DATA,NEEDS DATA,DATA_NEEDS_LIVE_CONTEXT,HISTORICAL TEST ONLY,NO-GO,False,Medium,ROUTE_PROXY_UNVALIDATED|LOW_CURRENT_SAMPLE,Medium,ROUTE_PROXY_UNVALIDATED|LOW_CURRENT_SAMPLE,Medium,ROUTE_PROXY_UNVALIDATED|LOW_CURRENT_SAMPLE,Medium,ROUTE_PROXY_UNVALIDATED|LOW_CURRENT_SAMPLE,,,,,,
2025,1,,D.Williams,ARI,,RB,0.991680471061944,8.292380172316726,25.52629888941479,3.183878892393251,,,,True,True,False,70.9,66.67,,,,,35,55,52,61.19,GOOD_SIGNAL,1,1,0,6,Projection-led limited V1 signal from existing historical-test markets.,"Limited V1: opponent fit, game script, weather, recent form, and live role/injury context are not fully sourced.",,NEEDS DATA,NEEDS DATA,NEEDS DATA,DATA_NEEDS_LIVE_CONTEXT,HISTORICAL TEST ONLY,NO-GO,False,Medium,ROUTE_PROXY_UNVALIDATED|LOW_CURRENT_SAMPLE|LOW_PLAYER_SAMPLE,Medium,ROUTE_PROXY_UNVALIDATED|LOW_CURRENT_SAMPLE|LOW_PLAYER_SAMPLE|LOW_YARDAGE_SAMPLE,Medium,ROUTE_PROXY_UNVALIDATED|LOW_CURRENT_SAMPLE|LOW_PLAYER_SAMPLE|LOW_RUSH_SAMPLE,Medium,ROUTE_PROXY_UNVALIDATED|LOW_CURRENT_SAMPLE|LOW_PLAYER_SAMPLE|LOW_RUSH_SAMPLE|LOW_CARRY_SAMPLE,,,,,,
2025,1,,S.Jackson,CIN,,WR,2.09658228808138,25.33419947238931,,,,,,True,False,False,70.66,66.67,,,,,35,55,52,61.08,GOOD_SIGNAL,1,1,0,6,Projection-led limited V1 signal from existing historical-test markets.,"Limited V1: opponent fit, game script, weather, recent form, and live role/injury context are not fully sourced.",,NEEDS DATA,NEEDS DATA,NEEDS DATA,DATA_NEEDS_LIVE_CONTEXT,HISTORICAL TEST ONLY,NO-GO,False,Medium,ROUTE_PROXY_UNVALIDATED|LOW_CURRENT_SAMPLE|LOW_PLAYER_SAMPLE,Medium,ROUTE_PROXY_UNVALIDATED|LOW_CURRENT_SAMPLE|LOW_PLAYER_SAMPLE|LOW_YARDAGE_SAMPLE,,,,,,,,,,
2025,1,,M.Sanders,CAR,,RB,1.3426348534578156,10.371984674488468,24.934933615695385,3.3157522346816024,,,,True,True,False,70.49,66.67,,,,,35,55,52,61.0,GOOD_SIGNAL,1,1,0,6,Projection-led limited V1 signal from existing historical-test markets.,"Limited V1: opponent fit, game script, weather, recent form, and live role/injury context are not fully sourced.",,NEEDS DATA,NEEDS DATA,NEEDS DATA,DATA_NEEDS_LIVE_CONTEXT,HISTORICAL TEST ONLY,NO-GO,False,Medium,ROUTE_PROXY_UNVALIDATED|LOW_CURRENT_SAMPLE,Medium,ROUTE_PROXY_UNVALIDATED|LOW_CURRENT_SAMPLE,Medium,ROUTE_PROXY_UNVALIDATED|LOW_CURRENT_SAMPLE,Medium,ROUTE_PROXY_UNVALIDATED|LOW_CURRENT_SAMPLE,,,,,,
2025,1,,D.Waller,NYG,,TE,2.2228838281645986,21.82848319836911,,,,,,True,False,False,70.47,66.67,,,,,35,55,52,61.0,GOOD_SIGNAL,1,1,0,6,Projection-led limited V1 signal from existing historical-test markets.,"Limited V1: opponent fit, game script, weather, recent form, and live role/injury context are not fully sourced.",,NEEDS DATA,NEEDS DATA,NEEDS DATA,DATA_NEEDS_LIVE_CONTEXT,HISTORICAL TEST ONLY,NO-GO,False,Medium,ROUTE_PROXY_UNVALIDATED|LOW_CURRENT_SAMPLE,Medium,ROUTE_PROXY_UNVALIDATED|LOW_CURRENT_SAMPLE,,,,,,,,,,
2025,1,,J.McKinnon,KC,,RB,1.0186421669053294,8.91990774469304,25.49556632769462,1.931485628879847,,,,True,True,False,70.15,66.67,,,,,35,55,52,60.85,GOOD_SIGNAL,1,1,0,6,Projection-led limited V1 signal from existing historical-test markets.,"Limited V1: opponent fit, game script, weather, recent form, and live role/injury context are not fully sourced.",,NEEDS DATA,NEEDS DATA,NEEDS DATA,DATA_NEEDS_LIVE_CONTEXT,HISTORICAL TEST ONLY,NO-GO,False,Medium,ROUTE_PROXY_UNVALIDATED|LOW_CURRENT_SAMPLE,Medium,ROUTE_PROXY_UNVALIDATED|LOW_CURRENT_SAMPLE,Medium,ROUTE_PROXY_UNVALIDATED|LOW_CURRENT_SAMPLE,Medium,ROUTE_PROXY_UNVALIDATED|LOW_CURRENT_SAMPLE,,,,,,
2025,1,,S.Miller,PIT,,WR,1.948068165740967,25.200307968587904,,,,,,True,False,False,70.0,66.67,,,,,35,55,52,60.78,GOOD_SIGNAL,1,1,0,6,Projection-led limited V1 signal from existing historical-test markets.,"Limited V1: opponent fit, game script, weather, recent form, and live role/injury context are not fully sourced.",,NEEDS DATA,NEEDS DATA,NEEDS DATA,DATA_NEEDS_LIVE_CONTEXT,HISTORICAL TEST ONLY,NO-GO,False,Medium,ROUTE_PROXY_UNVALIDATED|LOW_CURRENT_SAMPLE,Medium,ROUTE_PROXY_UNVALIDATED|LOW_CURRENT_SAMPLE,,,,,,,,,,
2025,1,,W.Dissly,LAC,,TE,2.2073585502768567,20.71903478387276,,,,,,True,False,False,70.0,66.67,,,,,35,55,52,60.78,GOOD_SIGNAL,1,1,0,6,Projection-led limited V1 signal from existing historical-test markets.,"Limited V1: opponent fit, game script, weather, recent form, and live role/injury context are not fully sourced.",,NEEDS DATA,NEEDS DATA,NEEDS DATA,DATA_NEEDS_LIVE_CONTEXT,HISTORICAL TEST ONLY,NO-GO,False,Medium,ROUTE_PROXY_UNVALIDATED|LOW_CURRENT_SAMPLE,Medium,ROUTE_PROXY_UNVALIDATED|LOW_CURRENT_SAMPLE,,,,,,,,,,
2025,1,,C.Evans,CIN,,RB,1.092741744841346,7.325889965610205,25.49421185677645,3.286807657509208,,,,True,True,False,69.78,66.67,,,,,35,55,52,60.68,GOOD_SIGNAL,1,1,0,6,Projection-led limited V1 signal from existing historical-test markets.,"Limited V1: opponent fit, game script, weather, recent form, and live role/injury context are not fully sourced.",,NEEDS DATA,NEEDS DATA,NEEDS DATA,DATA_NEEDS_LIVE_CONTEXT,HISTORICAL TEST ONLY,NO-GO,False,Medium,ROUTE_PROXY_UNVALIDATED|LOW_CURRENT_SAMPLE|LOW_PLAYER_SAMPLE,Medium,ROUTE_PROXY_UNVALIDATED|LOW_CURRENT_SAMPLE|LOW_PLAYER_SAMPLE|LOW_YARDAGE_SAMPLE,Medium,ROUTE_PROXY_UNVALIDATED|LOW_CURRENT_SAMPLE|LOW_PLAYER_SAMPLE|LOW_RUSH_SAMPLE,Medium,ROUTE_PROXY_UNVALIDATED|LOW_CURRENT_SAMPLE|LOW_PLAYER_SAMPLE|LOW_RUSH_SAMPLE|LOW_CARRY_SAMPLE,,,,,,
2025,1,,T.Kraft,GB,,TE,2.1904354377465904,25.180924686876704,,,,,,True,False,False,69.67,66.67,,,,,35,55,52,60.64,GOOD_SIGNAL,1,1,0,6,Projection-led limited V1 signal from existing historical-test markets.,"Limited V1: opponent fit, game script, weather, recent form, and live role/injury context are not fully sourced.",,NEEDS DATA,NEEDS DATA,NEEDS DATA,DATA_NEEDS_LIVE_CONTEXT,HISTORICAL TEST ONLY,NO-GO,False,Medium,ROUTE_PROXY_UNVALIDATED|LOW_CURRENT_SAMPLE,Medium,ROUTE_PROXY_UNVALIDATED|LOW_CURRENT_SAMPLE,,,,,,,,,,
2025,1,,M.Heath,GB,,WR,2.1974215024289934,22.226052910523,,,,,,True,False,False,69.53,66.67,,,,,35,55,52,60.57,GOOD_SIGNAL,1,1,0,6,Projection-led limited V1 signal from existing historical-test markets.,"Limited V1: opponent fit, game script, weather, recent form, and live role/injury context are not fully sourced.",,NEEDS DATA,NEEDS DATA,NEEDS DATA,DATA_NEEDS_LIVE_CONTEXT,HISTORICAL TEST ONLY,NO-GO,False,Medium,ROUTE_PROXY_UNVALIDATED|LOW_CURRENT_SAMPLE,Medium,ROUTE_PROXY_UNVALIDATED|LOW_CURRENT_SAMPLE,,,,,,,,,,
2025,1,,E.Cooks,JAX,,WR,2.0812333252782564,25.17195412305677,,,,,,True,False,False,69.51,66.67,,,,,35,55,52,60.56,GOOD_SIGNAL,1,1,0,6,Projection-led limited V1 signal from existing historical-test markets.,"Limited V1: opponent fit, game script, weather, recent form, and live role/injury context are not fully sourced.",,NEEDS DATA,NEEDS DATA,NEEDS DATA,DATA_NEEDS_LIVE_CONTEXT,HISTORICAL TEST ONLY,NO-GO,False,Medium,ROUTE_PROXY_UNVALIDATED|LOW_CURRENT_SAMPLE|LOW_PLAYER_SAMPLE,Medium,ROUTE_PROXY_UNVALIDATED|LOW_CURRENT_SAMPLE|LOW_PLAYER_SAMPLE|LOW_YARDAGE_SAMPLE,,,,,,,,,,
2025,1,,I.Guerendo,SF,,RB,1.799912449518096,16.30168100963712,25.451499037494028,2.073092854933573,,,,True,True,False,69.4,66.67,,,,,35,55,52,60.51,GOOD_SIGNAL,1,1,0,6,Projection-led limited V1 signal from existing historical-test markets.,"Limited V1: opponent fit, game script, weather, recent form, and live role/injury context are not fully sourced.",,NEEDS DATA,NEEDS DATA,NEEDS DATA,DATA_NEEDS_LIVE_CONTEXT,HISTORICAL TEST ONLY,NO-GO,False,Medium,ROUTE_PROXY_UNVALIDATED|LOW_CURRENT_SAMPLE,Medium,ROUTE_PROXY_UNVALIDATED|LOW_CURRENT_SAMPLE,Medium,ROUTE_PROXY_UNVALIDATED|LOW_CURRENT_SAMPLE,Medium,ROUTE_PROXY_UNVALIDATED|LOW_CURRENT_SAMPLE,,,,,,
2025,1,,D.Slayton,NYG,,WR,1.865314402727954,25.103212360862685,,,,,,True,False,False,69.34,66.67,,,,,35,55,52,60.49,GOOD_SIGNAL,1,1,0,6,Projection-led limited V1 signal from existing historical-test markets.,"Limited V1: opponent fit, game script, weather, recent form, and live role/injury context are not fully sourced.",,NEEDS DATA,NEEDS DATA,NEEDS DATA,DATA_NEEDS_LIVE_CONTEXT,HISTORICAL TEST ONLY,NO-GO,False,Medium,ROUTE_PROXY_UNVALIDATED|LOW_CURRENT_SAMPLE,Medium,ROUTE_PROXY_UNVALIDATED|LOW_CURRENT_SAMPLE,,,,,,,,,,
2025,1,,D.Vaughn,DAL,,RB,0.8727191455376262,5.882320292048573,18.33556935745731,3.297073065952117,,,,True,True,False,69.26,66.67,,,,,35,55,52,60.45,GOOD_SIGNAL,1,1,0,6,Projection-led limited V1 signal from existing historical-test markets.,"Limited V1: opponent fit, game script, weather, recent form, and live role/injury context are not fully sourced.",,NEEDS DATA,NEEDS DATA,NEEDS DATA,DATA_NEEDS_LIVE_CONTEXT,HISTORICAL TEST ONLY,NO-GO,False,Medium,ROUTE_PROXY_UNVALIDATED|LOW_CURRENT_SAMPLE,Medium,ROUTE_PROXY_UNVALIDATED|LOW_CURRENT_SAMPLE,Medium,ROUTE_PROXY_UNVALIDATED|LOW_CURRENT_SAMPLE,Medium,ROUTE_PROXY_UNVALIDATED|LOW_CURRENT_SAMPLE,,,,,,
2025,1,,J.Smith-Schuster,KC,,WR,2.0172481013100145,24.97020345479833,,,,,,True,False,False,69.18,66.67,,,,,35,55,52,60.42,GOOD_SIGNAL,1,1,0,6,Projection-led limited V1 signal from existing historical-test markets.,"Limited V1: opponent fit, game script, weather, recent form, and live role/injury context are not fully sourced.",,NEEDS DATA,NEEDS DATA,NEEDS DATA,DATA_NEEDS_LIVE_CONTEXT,HISTORICAL TEST ONLY,NO-GO,False,Medium,ROUTE_PROXY_UNVALIDATED|LOW_CURRENT_SAMPLE,Medium,ROUTE_PROXY_UNVALIDATED|LOW_CURRENT_SAMPLE,,,,,,,,,,
2025,1,,L.Humphrey,DEN,,WR,2.189259019803939,22.52200989563773,,,,,,True,False,False,69.06,66.67,,,,,35,55,52,60.36,GOOD_SIGNAL,1,1,0,6,Projection-led limited V1 signal from existing historical-test markets.,"Limited V1: opponent fit, game script, weather, recent form, and live role/injury context are not fully sourced.",,NEEDS DATA,NEEDS DATA,NEEDS DATA,DATA_NEEDS_LIVE_CONTEXT,HISTORICAL TEST ONLY,NO-GO,False,Medium,ROUTE_PROXY_UNVALIDATED|LOW_CURRENT_SAMPLE,Medium,ROUTE_PROXY_UNVALIDATED|LOW_CURRENT_SAMPLE,,,,,,,,,,
2025,1,,Ju.Watson,KC,,WR,1.94384247922146,24.917012899731947,,,,,,True,False,False,69.02,66.67,,,,,35,55,52,60.34,GOOD_SIGNAL,1,1,0,6,Projection-led limited V1 signal from existing historical-test markets.,"Limited V1: opponent fit, game script, weather, recent form, and live role/injury context are not fully sourced.",,NEEDS DATA,NEEDS DATA,NEEDS DATA,DATA_NEEDS_LIVE_CONTEXT,HISTORICAL TEST ONLY,NO-GO,False,Medium,ROUTE_PROXY_UNVALIDATED|LOW_CURRENT_SAMPLE,Medium,ROUTE_PROXY_UNVALIDATED|LOW_CURRENT_SAMPLE,,,,,,,,,,
2025,1,,I.Spiller,LAC,,RB,0.9731750107645716,8.06081275662792,23.90827197912477,3.296871882855491,,,,True,True,False,68.85,66.67,,,,,35,55,52,60.27,GOOD_SIGNAL,1,1,0,6,Projection-led limited V1 signal from existing historical-test markets.,"Limited V1: opponent fit, game script, weather, recent form, and live role/injury context are not fully sourced.",,NEEDS DATA,NEEDS DATA,NEEDS DATA,DATA_NEEDS_LIVE_CONTEXT,HISTORICAL TEST ONLY,NO-GO,False,Medium,ROUTE_PROXY_UNVALIDATED|LOW_CURRENT_SAMPLE|LOW_PLAYER_SAMPLE,Medium,ROUTE_PROXY_UNVALIDATED|LOW_CURRENT_SAMPLE|LOW_PLAYER_SAMPLE|LOW_YARDAGE_SAMPLE,Medium,ROUTE_PROXY_UNVALIDATED|LOW_CURRENT_SAMPLE|LOW_PLAYER_SAMPLE,Medium,ROUTE_PROXY_UNVALIDATED|LOW_CURRENT_SAMPLE|LOW_PLAYER_SAMPLE,,,,,,
2025,1,,J.Reynolds,JAX,,WR,1.819054833502726,24.738953917469853,,,,,,True,False,False,68.69,66.67,,,,,35,55,52,60.19,GOOD_SIGNAL,1,1,0,6,Projection-led limited V1 signal from existing historical-test markets.,"Limited V1: opponent fit, game script, weather, recent form, and live role/injury context are not fully sourced.",,NEEDS DATA,NEEDS DATA,NEEDS DATA,DATA_NEEDS_LIVE_CONTEXT,HISTORICAL TEST ONLY,NO-GO,False,Medium,ROUTE_PROXY_UNVALIDATED|LOW_CURRENT_SAMPLE,Medium,ROUTE_PROXY_UNVALIDATED|LOW_CURRENT_SAMPLE,,,,,,,,,,
2025,1,,C.Edwards-Helaire,NO,,RB,1.0765471368219728,10.184879373748457,25.04518736165033,2.293338753500458,,,,True,True,False,68.66,66.67,,,,,35,55,52,60.18,GOOD_SIGNAL,1,1,0,6,Projection-led limited V1 signal from existing historical-test markets.,"Limited V1: opponent fit, game script, weather, recent form, and live role/injury context are not fully sourced.",,NEEDS DATA,NEEDS DATA,NEEDS DATA,DATA_NEEDS_LIVE_CONTEXT,HISTORICAL TEST ONLY,NO-GO,False,Medium,ROUTE_PROXY_UNVALIDATED|LOW_CURRENT_SAMPLE,Medium,ROUTE_PROXY_UNVALIDATED|LOW_CURRENT_SAMPLE,Medium,ROUTE_PROXY_UNVALIDATED|LOW_CURRENT_SAMPLE,Medium,ROUTE_PROXY_UNVALIDATED|LOW_CURRENT_SAMPLE,,,,,,
2025,1,,R.Flournoy,DAL,,WR,2.184658295261188,23.120783860530786,,,,,,True,False,False,68.59,66.67,,,,,35,55,52,60.15,GOOD_SIGNAL,1,1,0,6,Projection-led limited V1 signal from existing historical-test markets.,"Limited V1: opponent fit, game script, weather, recent form, and live role/injury context are not fully sourced.",,NEEDS DATA,NEEDS DATA,NEEDS DATA,DATA_NEEDS_LIVE_CONTEXT,HISTORICAL TEST ONLY,NO-GO,False,Medium,ROUTE_PROXY_UNVALIDATED|LOW_CURRENT_SAMPLE,Medium,ROUTE_PROXY_UNVALIDATED|LOW_CURRENT_SAMPLE,,,,,,,,,,
2025,1,,G.Davis,JAX,,WR,2.011382849166582,24.714849126883266,,,,,,True,False,False,68.52,66.67,,,,,35,55,52,60.12,GOOD_SIGNAL,1,1,0,6,Projection-led limited V1 signal from existing historical-test markets.,"Limited V1: opponent fit, game script, weather, recent form, and live role/injury context are not fully sourced.",,NEEDS DATA,NEEDS DATA,NEEDS DATA,DATA_NEEDS_LIVE_CONTEXT,HISTORICAL TEST ONLY,NO-GO,False,Medium,ROUTE_PROXY_UNVALIDATED|LOW_CURRENT_SAMPLE,Medium,ROUTE_PROXY_UNVALIDATED|LOW_CURRENT_SAMPLE,,,,,,,,,,
2025,1,,Z.Evans,LA,,RB,0.8102051642365893,6.228127438844215,24.9051965858644,2.239329758743105,,,,True,True,False,67.91,66.67,,,,,35,55,52,59.84,GOOD_SIGNAL,1,1,0,6,Projection-led limited V1 signal from existing historical-test markets.,"Limited V1: opponent fit, game script, weather, recent form, and live role/injury context are not fully sourced.",,NEEDS DATA,NEEDS DATA,NEEDS DATA,DATA_NEEDS_LIVE_CONTEXT,HISTORICAL TEST ONLY,NO-GO,False,Medium,ROUTE_PROXY_UNVALIDATED|LOW_CURRENT_SAMPLE|LOW_PLAYER_SAMPLE,Medium,ROUTE_PROXY_UNVALIDATED|LOW_CURRENT_SAMPLE|LOW_PLAYER_SAMPLE|LOW_YARDAGE_SAMPLE,Medium,ROUTE_PROXY_UNVALIDATED|LOW_CURRENT_SAMPLE|LOW_PLAYER_SAMPLE|LOW_RUSH_SAMPLE,Medium,ROUTE_PROXY_UNVALIDATED|LOW_CURRENT_SAMPLE|LOW_PLAYER_SAMPLE|LOW_RUSH_SAMPLE|LOW_CARRY_SAMPLE,,,,,,
2025,1,,D.Moore,CAR,,WR,2.1313948016889777,24.428038348175804,,,,,,True,False,False,67.54,66.67,,,,,35,55,52,59.68,GOOD_SIGNAL,1,1,0,6,Projection-led limited V1 signal from existing historical-test markets.,"Limited V1: opponent fit, game script, weather, recent form, and live role/injury context are not fully sourced.",,NEEDS DATA,NEEDS DATA,NEEDS DATA,DATA_NEEDS_LIVE_CONTEXT,HISTORICAL TEST ONLY,NO-GO,False,Medium,ROUTE_PROXY_UNVALIDATED|LOW_CURRENT_SAMPLE,Medium,ROUTE_PROXY_UNVALIDATED|LOW_CURRENT_SAMPLE,,,,,,,,,,
2025,1,,D.Ozigbo,DET,,RB,1.0053015383872288,8.882450238352678,24.8793237054211,3.202201922523946,,,,True,True,False,67.54,66.67,,,,,35,55,52,59.68,GOOD_SIGNAL,1,1,0,6,Projection-led limited V1 signal from existing historical-test markets.,"Limited V1: opponent fit, game script, weather, recent form, and live role/injury context are not fully sourced.",,NEEDS DATA,NEEDS DATA,NEEDS DATA,DATA_NEEDS_LIVE_CONTEXT,HISTORICAL TEST ONLY,NO-GO,False,Medium,ROUTE_PROXY_UNVALIDATED|LOW_CURRENT_SAMPLE|LOW_PLAYER_SAMPLE,Medium,ROUTE_PROXY_UNVALIDATED|LOW_CURRENT_SAMPLE|LOW_PLAYER_SAMPLE|LOW_YARDAGE_SAMPLE,Medium,ROUTE_PROXY_UNVALIDATED|LOW_CURRENT_SAMPLE|LOW_PLAYER_SAMPLE|LOW_RUSH_SAMPLE,Medium,ROUTE_PROXY_UNVALIDATED|LOW_CURRENT_SAMPLE|LOW_PLAYER_SAMPLE|LOW_RUSH_SAMPLE|LOW_CARRY_SAMPLE,,,,,,
2025,1,,A.Miller,BAL,,WR,2.1439896163991072,20.820565929256475,,,,,,True,False,False,67.34,66.67,,,,,35,55,52,59.59,GOOD_SIGNAL,1,1,0,6,Projection-led limited V1 signal from existing historical-test markets.,"Limited V1: opponent fit, game script, weather, recent form, and live role/injury context are not fully sourced.",,NEEDS DATA,NEEDS DATA,NEEDS DATA,DATA_NEEDS_LIVE_CONTEXT,HISTORICAL TEST ONLY,NO-GO,False,Medium,ROUTE_PROXY_UNVALIDATED|LOW_CURRENT_SAMPLE|LOW_PLAYER_SAMPLE,Medium,ROUTE_PROXY_UNVALIDATED|LOW_CURRENT_SAMPLE|LOW_PLAYER_SAMPLE|LOW_YARDAGE_SAMPLE,,,,,,,,,,
2025,1,,A.Green,DET,,WR,2.1351036194767063,21.458228331187904,,,,,,True,False,False,67.19,66.67,,,,,35,55,52,59.52,GOOD_SIGNAL,1,1,0,6,Projection-led limited V1 signal from existing historical-test markets.,"Limited V1: opponent fit, game script, weather, recent form, and live role/injury context are not fully sourced.",,NEEDS DATA,NEEDS DATA,NEEDS DATA,DATA_NEEDS_LIVE_CONTEXT,HISTORICAL TEST ONLY,NO-GO,False,Medium,ROUTE_PROXY_UNVALIDATED|LOW_CURRENT_SAMPLE|LOW_PLAYER_SAMPLE,Medium,ROUTE_PROXY_UNVALIDATED|LOW_CURRENT_SAMPLE|LOW_PLAYER_SAMPLE|LOW_YARDAGE_SAMPLE,,,,,,,,,,
2025,1,,C.Rodriguez,WAS,,RB,1.0681437106474192,12.097505102628212,24.769785342407552,2.876969431893104,,,,True,True,False,67.16,66.67,,,,,35,55,52,59.51,GOOD_SIGNAL,1,1,0,6,Projection-led limited V1 signal from existing historical-test markets.,"Limited V1: opponent fit, game script, weather, recent form, and live role/injury context are not fully sourced.",,NEEDS DATA,NEEDS DATA,NEEDS DATA,DATA_NEEDS_LIVE_CONTEXT,HISTORICAL TEST ONLY,NO-GO,False,Medium,ROUTE_PROXY_UNVALIDATED|LOW_CURRENT_SAMPLE|LOW_PLAYER_SAMPLE,Medium,ROUTE_PROXY_UNVALIDATED|LOW_CURRENT_SAMPLE|LOW_PLAYER_SAMPLE|LOW_YARDAGE_SAMPLE,Medium,ROUTE_PROXY_UNVALIDATED|LOW_CURRENT_SAMPLE|LOW_PLAYER_SAMPLE,Medium,ROUTE_PROXY_UNVALIDATED|LOW_CURRENT_SAMPLE|LOW_PLAYER_SAMPLE,,,,,,
2025,1,,C.Thompson,TB,,WR,2.074096259327533,24.02549789973553,,,,,,True,False,False,67.05,66.67,,,,,35,55,52,59.46,GOOD_SIGNAL,1,1,0,6,Projection-led limited V1 signal from existing historical-test markets.,"Limited V1: opponent fit, game script, weather, recent form, and live role/injury context are not fully sourced.",,NEEDS DATA,NEEDS DATA,NEEDS DATA,DATA_NEEDS_LIVE_CONTEXT,HISTORICAL TEST ONLY,NO-GO,False,Medium,ROUTE_PROXY_UNVALIDATED|LOW_CURRENT_SAMPLE|LOW_PLAYER_SAMPLE,Medium,ROUTE_PROXY_UNVALIDATED|LOW_CURRENT_SAMPLE|LOW_PLAYER_SAMPLE|LOW_YARDAGE_SAMPLE,,,,,,,,,,
2025,1,,T.Marshall,LV,,WR,2.047155116751922,23.93426272495552,,,,,,True,False,False,66.89,66.67,,,,,35,55,52,59.38,GOOD_SIGNAL,1,1,0,6,Projection-led limited V1 signal from existing historical-test markets.,"Limited V1: opponent fit, game script, weather, recent form, and live role/injury context are not fully sourced.",,NEEDS DATA,NEEDS DATA,NEEDS DATA,DATA_NEEDS_LIVE_CONTEXT,HISTORICAL TEST ONLY,NO-GO,False,Medium,ROUTE_PROXY_UNVALIDATED|LOW_CURRENT_SAMPLE,Medium,ROUTE_PROXY_UNVALIDATED|LOW_CURRENT_SAMPLE,,,,,,,,,,
2025,1,,K.Davis,CLE,,WR,1.9783240484658016,23.90521772017947,,,,,,True,False,False,66.72,66.67,,,,,35,55,52,59.31,GOOD_SIGNAL,1,1,0,6,Projection-led limited V1 signal from existing historical-test markets.,"Limited V1: opponent fit, game script, weather, recent form, and live role/injury context are not fully sourced.",,NEEDS DATA,NEEDS DATA,NEEDS DATA,DATA_NEEDS_LIVE_CONTEXT,HISTORICAL TEST ONLY,NO-GO,False,Medium,ROUTE_PROXY_UNVALIDATED|LOW_CURRENT_SAMPLE|LOW_PLAYER_SAMPLE,Medium,ROUTE_PROXY_UNVALIDATED|LOW_CURRENT_SAMPLE|LOW_PLAYER_SAMPLE|LOW_YARDAGE_SAMPLE,,,,,,,,,,
2025,1,,J.Ferguson,DAL,,TE,2.128897832430176,19.484362201539,,,,,,True,False,False,66.72,66.67,,,,,35,55,52,59.31,GOOD_SIGNAL,1,1,0,6,Projection-led limited V1 signal from existing historical-test markets.,"Limited V1: opponent fit, game script, weather, recent form, and live role/injury context are not fully sourced.",,NEEDS DATA,NEEDS DATA,NEEDS DATA,DATA_NEEDS_LIVE_CONTEXT,HISTORICAL TEST ONLY,NO-GO,False,Medium,ROUTE_PROXY_UNVALIDATED|LOW_CURRENT_SAMPLE,Medium,ROUTE_PROXY_UNVALIDATED|LOW_CURRENT_SAMPLE,,,,,,,,,,
2025,1,,A.Hooper,NE,,TE,2.121335346238391,21.026664261069044,,,,,,True,False,False,66.56,66.67,,,,,35,55,52,59.24,GOOD_SIGNAL,1,1,0,6,Projection-led limited V1 signal from existing historical-test markets.,"Limited V1: opponent fit, game script, weather, recent form, and live role/injury context are not fully sourced.",,NEEDS DATA,NEEDS DATA,NEEDS DATA,DATA_NEEDS_LIVE_CONTEXT,HISTORICAL TEST ONLY,NO-GO,False,Medium,ROUTE_PROXY_UNVALIDATED|LOW_CURRENT_SAMPLE,Medium,ROUTE_PROXY_UNVALIDATED|LOW_CURRENT_SAMPLE,,,,,,,,,,
2025,1,,A.Cooper,BUF,,WR,1.9611567395458007,23.900049897719104,,,,,,True,False,False,66.56,66.67,,,,,35,55,52,59.24,GOOD_SIGNAL,1,1,0,6,Projection-led limited V1 signal from existing historical-test markets.,"Limited V1: opponent fit, game script, weather, recent form, and live role/injury context are not fully sourced.",,NEEDS DATA,NEEDS DATA,NEEDS DATA,DATA_NEEDS_LIVE_CONTEXT,HISTORICAL TEST ONLY,NO-GO,False,Medium,ROUTE_PROXY_UNVALIDATED|LOW_CURRENT_SAMPLE,Medium,ROUTE_PROXY_UNVALIDATED|LOW_CURRENT_SAMPLE,,,,,,,,,,
2025,1,,T.Badie,DEN,,RB,0.988648924923892,,24.721280935856765,2.954265228418224,,,,True,True,False,66.42,66.67,,,,,35,55,52,59.17,GOOD_SIGNAL,1,1,0,6,Projection-led limited V1 signal from existing historical-test markets.,"Limited V1: opponent fit, game script, weather, recent form, and live role/injury context are not fully sourced.",,NEEDS DATA,NEEDS DATA,NEEDS DATA,DATA_NEEDS_LIVE_CONTEXT,HISTORICAL TEST ONLY,NO-GO,False,Medium,ROUTE_PROXY_UNVALIDATED|LOW_CURRENT_SAMPLE|LOW_PLAYER_SAMPLE,,,Medium,ROUTE_PROXY_UNVALIDATED|LOW_CURRENT_SAMPLE|LOW_PLAYER_SAMPLE|LOW_RUSH_SAMPLE,Medium,ROUTE_PROXY_UNVALIDATED|LOW_CURRENT_SAMPLE|LOW_PLAYER_SAMPLE|LOW_RUSH_SAMPLE|LOW_CARRY_SAMPLE,,,,,,
2025,1,,G.DuBose,MIA,,WR,2.120998743015185,16.76810219229791,,,,,,True,False,False,66.41,66.67,,,,,35,55,52,59.17,GOOD_SIGNAL,1,1,0,6,Projection-led limited V1 signal from existing historical-test markets.,"Limited V1: opponent fit, game script, weather, recent form, and live role/injury context are not fully sourced.",,NEEDS DATA,NEEDS DATA,NEEDS DATA,DATA_NEEDS_LIVE_CONTEXT,HISTORICAL TEST ONLY,NO-GO,False,Medium,ROUTE_PROXY_UNVALIDATED|LOW_CURRENT_SAMPLE|LOW_PLAYER_SAMPLE,Medium,ROUTE_PROXY_UNVALIDATED|LOW_CURRENT_SAMPLE|LOW_PLAYER_SAMPLE|LOW_YARDAGE_SAMPLE,,,,,,,,,,
2025,1,,J.Darden,SEA,,WR,2.1107940519000614,17.366375192918166,,,,,,True,False,False,66.25,66.67,,,,,35,55,52,59.1,GOOD_SIGNAL,1,1,0,6,Projection-led limited V1 signal from existing historical-test markets.,"Limited V1: opponent fit, game script, weather, recent form, and live role/injury context are not fully sourced.",,NEEDS DATA,NEEDS DATA,NEEDS DATA,DATA_NEEDS_LIVE_CONTEXT,HISTORICAL TEST ONLY,NO-GO,False,Medium,ROUTE_PROXY_UNVALIDATED|LOW_CURRENT_SAMPLE|LOW_PLAYER_SAMPLE,Medium,ROUTE_PROXY_UNVALIDATED|LOW_CURRENT_SAMPLE|LOW_PLAYER_SAMPLE|LOW_YARDAGE_SAMPLE,,,,,,,,,,
2025,1,,T.Jennings,NE,,RB,0.2614073388448888,,22.59004653028277,3.11069679606735,,,,True,True,False,65.98,66.67,,,,,35,55,52,58.98,GOOD_SIGNAL,1,1,0,6,Projection-led limited V1 signal from existing historical-test markets.,"Limited V1: opponent fit, game script, weather, recent form, and live role/injury context are not fully sourced.",,NEEDS DATA,NEEDS DATA,NEEDS DATA,DATA_NEEDS_LIVE_CONTEXT,HISTORICAL TEST ONLY,NO-GO,False,Medium,ROUTE_PROXY_UNVALIDATED|LOW_CURRENT_SAMPLE|LOW_PLAYER_SAMPLE,,,Medium,ROUTE_PROXY_UNVALIDATED|LOW_CURRENT_SAMPLE|LOW_PLAYER_SAMPLE|LOW_RUSH_SAMPLE,Medium,ROUTE_PROXY_UNVALIDATED|LOW_CURRENT_SAMPLE|LOW_PLAYER_SAMPLE|LOW_RUSH_SAMPLE|LOW_CARRY_SAMPLE,,,,,,
2025,1,,S.Toure,GB,,WR,2.043770056847033,23.576276851754933,,,,,,True,False,False,65.9,66.67,,,,,35,55,52,58.94,GOOD_SIGNAL,1,1,0,6,Projection-led limited V1 signal from existing historical-test markets.,"Limited V1: opponent fit, game script, weather, recent form, and live role/injury context are not fully sourced.",,NEEDS DATA,NEEDS DATA,NEEDS DATA,DATA_NEEDS_LIVE_CONTEXT,HISTORICAL TEST ONLY,NO-GO,False,Medium,ROUTE_PROXY_UNVALIDATED|LOW_CURRENT_SAMPLE,Medium,ROUTE_PROXY_UNVALIDATED|LOW_CURRENT_SAMPLE|LOW_YARDAGE_SAMPLE,,,,,,,,,,
2025,1,,R.Miller,TB,,WR,2.099619420164783,22.831167934419945,,,,,,True,False,False,65.78,66.67,,,,,35,55,52,58.89,GOOD_SIGNAL,1,1,0,6,Projection-led limited V1 signal from existing historical-test markets.,"Limited V1: opponent fit, game script, weather, recent form, and live role/injury context are not fully sourced.",,NEEDS DATA,NEEDS DATA,NEEDS DATA,DATA_NEEDS_LIVE_CONTEXT,HISTORICAL TEST ONLY,NO-GO,False,Medium,ROUTE_PROXY_UNVALIDATED|LOW_CURRENT_SAMPLE,Medium,ROUTE_PROXY_UNVALIDATED|LOW_CURRENT_SAMPLE,,,,,,,,,,
2025,1,,N.Muse,MIN,,TE,1.9353467823182549,23.22809196983096,,,,,,True,False,False,65.74,66.67,,,,,35,55,52,58.87,GOOD_SIGNAL,1,1,0,6,Projection-led limited V1 signal from existing historical-test markets.,"Limited V1: opponent fit, game script, weather, recent form, and live role/injury context are not fully sourced.",,NEEDS DATA,NEEDS DATA,NEEDS DATA,DATA_NEEDS_LIVE_CONTEXT,HISTORICAL TEST ONLY,NO-GO,False,Medium,ROUTE_PROXY_UNVALIDATED|LOW_CURRENT_SAMPLE|LOW_PLAYER_SAMPLE,Medium,ROUTE_PROXY_UNVALIDATED|LOW_CURRENT_SAMPLE|LOW_PLAYER_SAMPLE|LOW_YARDAGE_SAMPLE,,,,,,,,,,
2025,1,,I.Abanikanda,NYJ,,RB,1.1566351660052765,9.71085498999499,24.41441304424689,2.764301870983532,,,,True,True,False,65.67,66.67,,,,,35,55,52,58.84,GOOD_SIGNAL,1,1,0,6,Projection-led limited V1 signal from existing historical-test markets.,"Limited V1: opponent fit, game script, weather, recent form, and live role/injury context are not fully sourced.",,NEEDS DATA,NEEDS DATA,NEEDS DATA,DATA_NEEDS_LIVE_CONTEXT,HISTORICAL TEST ONLY,NO-GO,False,Medium,ROUTE_PROXY_UNVALIDATED|LOW_CURRENT_SAMPLE,Medium,ROUTE_PROXY_UNVALIDATED|LOW_CURRENT_SAMPLE|LOW_YARDAGE_SAMPLE,Medium,ROUTE_PROXY_UNVALIDATED|LOW_CURRENT_SAMPLE,Medium,ROUTE_PROXY_UNVALIDATED|LOW_CURRENT_SAMPLE,,,,,,
2025,1,,J.Brooks,DAL,,WR,1.764753675575231,23.21840871051776,,,,,,True,False,False,65.57,66.67,,,,,35,55,52,58.79,GOOD_SIGNAL,1,1,0,6,Projection-led limited V1 signal from existing historical-test markets.,"Limited V1: opponent fit, game script, weather, recent form, and live role/injury context are not fully sourced.",,NEEDS DATA,NEEDS DATA,NEEDS DATA,DATA_NEEDS_LIVE_CONTEXT,HISTORICAL TEST ONLY,NO-GO,False,Medium,ROUTE_PROXY_UNVALIDATED|LOW_CURRENT_SAMPLE,Medium,ROUTE_PROXY_UNVALIDATED|LOW_CURRENT_SAMPLE,,,,,,,,,,
2025,1,,R.Johnson,CHI,,RB,1.1954956637884693,9.543487071643735,19.47158318330759,3.0970720170077373,,,,True,True,False,65.57,66.67,,,,,35,55,52,58.79,GOOD_SIGNAL,1,1,0,6,Projection-led limited V1 signal from existing historical-test markets.,"Limited V1: opponent fit, game script, weather, recent form, and live role/injury context are not fully sourced.",,NEEDS DATA,NEEDS DATA,NEEDS DATA,DATA_NEEDS_LIVE_CONTEXT,HISTORICAL TEST ONLY,NO-GO,False,Medium,ROUTE_PROXY_UNVALIDATED|LOW_CURRENT_SAMPLE,Medium,ROUTE_PROXY_UNVALIDATED|LOW_CURRENT_SAMPLE,Medium,ROUTE_PROXY_UNVALIDATED|LOW_CURRENT_SAMPLE,Medium,ROUTE_PROXY_UNVALIDATED|LOW_CURRENT_SAMPLE,,,,,,
2025,1,,L.McCaffrey,WAS,,WR,2.0975257373011886,21.06622114249195,,,,,,True,False,False,65.31,66.67,,,,,35,55,52,58.67,GOOD_SIGNAL,1,1,0,6,Projection-led limited V1 signal from existing historical-test markets.,"Limited V1: opponent fit, game script, weather, recent form, and live role/injury context are not fully sourced.",,NEEDS DATA,NEEDS DATA,NEEDS DATA,DATA_NEEDS_LIVE_CONTEXT,HISTORICAL TEST ONLY,NO-GO,False,Medium,ROUTE_PROXY_UNVALIDATED|LOW_CURRENT_SAMPLE,Medium,ROUTE_PROXY_UNVALIDATED|LOW_CURRENT_SAMPLE,,,,,,,,,,
2025,1,,B.Allen,NYJ,,RB,1.012372564096109,9.143966667611435,24.366260082823874,2.70498729060565,,,,True,True,False,65.3,66.67,,,,,35,55,52,58.67,GOOD_SIGNAL,1,1,0,6,Projection-led limited V1 signal from existing historical-test markets.,"Limited V1: opponent fit, game script, weather, recent form, and live role/injury context are not fully sourced.",,NEEDS DATA,NEEDS DATA,NEEDS DATA,DATA_NEEDS_LIVE_CONTEXT,HISTORICAL TEST ONLY,NO-GO,False,Medium,ROUTE_PROXY_UNVALIDATED|LOW_CURRENT_SAMPLE,Medium,ROUTE_PROXY_UNVALIDATED|LOW_CURRENT_SAMPLE,Medium,ROUTE_PROXY_UNVALIDATED|LOW_CURRENT_SAMPLE,Medium,ROUTE_PROXY_UNVALIDATED|LOW_CURRENT_SAMPLE,,,,,,
2025,1,,T.McAllister,LV,,WR,1.9050527874115128,23.019839286098748,,,,,,True,False,False,65.08,66.67,,,,,35,55,52,58.57,GOOD_SIGNAL,1,1,0,6,Projection-led limited V1 signal from existing historical-test markets.,"Limited V1: opponent fit, game script, weather, recent form, and live role/injury context are not fully sourced.",,NEEDS DATA,NEEDS DATA,NEEDS DATA,DATA_NEEDS_LIVE_CONTEXT,HISTORICAL TEST ONLY,NO-GO,False,Medium,ROUTE_PROXY_UNVALIDATED|LOW_CURRENT_SAMPLE|LOW_PLAYER_SAMPLE,Medium,ROUTE_PROXY_UNVALIDATED|LOW_CURRENT_SAMPLE|LOW_PLAYER_SAMPLE|LOW_YARDAGE_SAMPLE,,,,,,,,,,
2025,1,,H.Henry,NE,,TE,2.0964469876850265,20.440334562113907,,,,,,True,False,False,65.0,66.67,,,,,35,55,52,58.53,GOOD_SIGNAL,1,1,0,6,Projection-led limited V1 signal from existing historical-test markets.,"Limited V1: opponent fit, game script, weather, recent form, and live role/injury context are not fully sourced.",,NEEDS DATA,NEEDS DATA,NEEDS DATA,DATA_NEEDS_LIVE_CONTEXT,HISTORICAL TEST ONLY,NO-GO,False,Medium,ROUTE_PROXY_UNVALIDATED|LOW_CURRENT_SAMPLE,Medium,ROUTE_PROXY_UNVALIDATED|LOW_CURRENT_SAMPLE,,,,,,,,,,
2025,1,,K.Miller,NO,,RB,0.9548752048218488,8.519303019516101,24.34244547733451,2.446318509181014,,,,True,True,False,64.93,66.67,,,,,35,55,52,58.5,GOOD_SIGNAL,1,1,0,6,Projection-led limited V1 signal from existing historical-test markets.,"Limited V1: opponent fit, game script, weather, recent form, and live role/injury context are not fully sourced.",,NEEDS DATA,NEEDS DATA,NEEDS DATA,DATA_NEEDS_LIVE_CONTEXT,HISTORICAL TEST ONLY,NO-GO,False,Medium,ROUTE_PROXY_UNVALIDATED|LOW_CURRENT_SAMPLE,Medium,ROUTE_PROXY_UNVALIDATED|LOW_CURRENT_SAMPLE,Medium,ROUTE_PROXY_UNVALIDATED|LOW_CURRENT_SAMPLE,Medium,ROUTE_PROXY_UNVALIDATED|LOW_CURRENT_SAMPLE,,,,,,
2025,1,,Q.Watkins,PHI,,WR,2.033248041338833,22.989397924531023,,,,,,True,False,False,64.92,66.67,,,,,35,55,52,58.5,GOOD_SIGNAL,1,1,0,6,Projection-led limited V1 signal from existing historical-test markets.,"Limited V1: opponent fit, game script, weather, recent form, and live role/injury context are not fully sourced.",,NEEDS DATA,NEEDS DATA,NEEDS DATA,DATA_NEEDS_LIVE_CONTEXT,HISTORICAL TEST ONLY,NO-GO,False,Medium,ROUTE_PROXY_UNVALIDATED|LOW_CURRENT_SAMPLE,Medium,ROUTE_PROXY_UNVALIDATED|LOW_CURRENT_SAMPLE,,,,,,,,,,
2025,1,,A.Smith,PHI,,WR,2.0872129356674707,16.980545368604844,,,,,,True,False,False,64.84,66.67,,,,,35,55,52,58.46,GOOD_SIGNAL,1,1,0,6,Projection-led limited V1 signal from existing historical-test markets.,"Limited V1: opponent fit, game script, weather, recent form, and live role/injury context are not fully sourced.",,NEEDS DATA,NEEDS DATA,NEEDS DATA,DATA_NEEDS_LIVE_CONTEXT,HISTORICAL TEST ONLY,NO-GO,False,Medium,ROUTE_PROXY_UNVALIDATED|LOW_CURRENT_SAMPLE|LOW_PLAYER_SAMPLE,Medium,ROUTE_PROXY_UNVALIDATED|LOW_CURRENT_SAMPLE|LOW_PLAYER_SAMPLE|LOW_YARDAGE_SAMPLE,,,,,,,,,,
2025,1,,B.Watson,DEN,,RB,0.8595959050311229,9.933353617898035,16.22501877995557,3.053954438692908,,,,True,True,False,64.75,66.67,,,,,35,55,52,58.42,GOOD_SIGNAL,1,1,0,6,Projection-led limited V1 signal from existing historical-test markets.,"Limited V1: opponent fit, game script, weather, recent form, and live role/injury context are not fully sourced.",,NEEDS DATA,NEEDS DATA,NEEDS DATA,DATA_NEEDS_LIVE_CONTEXT,HISTORICAL TEST ONLY,NO-GO,False,Medium,ROUTE_PROXY_UNVALIDATED|LOW_CURRENT_SAMPLE|LOW_PLAYER_SAMPLE,Medium,ROUTE_PROXY_UNVALIDATED|LOW_CURRENT_SAMPLE|LOW_PLAYER_SAMPLE|LOW_YARDAGE_SAMPLE,Medium,ROUTE_PROXY_UNVALIDATED|LOW_CURRENT_SAMPLE|LOW_PLAYER_SAMPLE|LOW_RUSH_SAMPLE,Medium,ROUTE_PROXY_UNVALIDATED|LOW_CURRENT_SAMPLE|LOW_PLAYER_SAMPLE|LOW_RUSH_SAMPLE|LOW_CARRY_SAMPLE,,,,,,
2025,1,,M.Hardman,KC,,WR,2.0846361767926767,19.6269850361729,,,,,,True,False,False,64.69,66.67,,,,,35,55,52,58.39,GOOD_SIGNAL,1,1,0,6,Projection-led limited V1 signal from existing historical-test markets.,"Limited V1: opponent fit, game script, weather, recent form, and live role/injury context are not fully sourced.",,NEEDS DATA,NEEDS DATA,NEEDS DATA,DATA_NEEDS_LIVE_CONTEXT,HISTORICAL TEST ONLY,NO-GO,False,Medium,ROUTE_PROXY_UNVALIDATED|LOW_CURRENT_SAMPLE,Medium,ROUTE_PROXY_UNVALIDATED|LOW_CURRENT_SAMPLE,,,,,,,,,,
2025,1,,J.Whyle,TEN,,TE,2.08173663985594,19.34292724909445,,,,,,True,False,False,64.53,66.67,,,,,35,55,52,58.32,GOOD_SIGNAL,1,1,0,6,Projection-led limited V1 signal from existing historical-test markets.,"Limited V1: opponent fit, game script, weather, recent form, and live role/injury context are not fully sourced.",,NEEDS DATA,NEEDS DATA,NEEDS DATA,DATA_NEEDS_LIVE_CONTEXT,HISTORICAL TEST ONLY,NO-GO,False,Medium,ROUTE_PROXY_UNVALIDATED|LOW_CURRENT_SAMPLE,Medium,ROUTE_PROXY_UNVALIDATED|LOW_CURRENT_SAMPLE,,,,,,,,,,
2025,1,,C.Blair,ATL,,WR,1.4077889477017609,22.766223370407456,,,,,,True,False,False,64.26,66.67,,,,,35,55,52,58.2,GOOD_SIGNAL,1,1,0,6,Projection-led limited V1 signal from existing historical-test markets.,"Limited V1: opponent fit, game script, weather, recent form, and live role/injury context are not fully sourced.",,NEEDS DATA,NEEDS DATA,NEEDS DATA,DATA_NEEDS_LIVE_CONTEXT,HISTORICAL TEST ONLY,NO-GO,False,Medium,ROUTE_PROXY_UNVALIDATED|LOW_CURRENT_SAMPLE|LOW_PLAYER_SAMPLE,Medium,ROUTE_PROXY_UNVALIDATED|LOW_CURRENT_SAMPLE|LOW_PLAYER_SAMPLE|LOW_YARDAGE_SAMPLE,,,,,,,,,,
2025,1,,A.Baccellia,ARI,,WR,1.88062903372675,22.72471314140518,,,,,,True,False,False,64.1,66.67,,,,,35,55,52,58.13,GOOD_SIGNAL,1,1,0,6,Projection-led limited V1 signal from existing historical-test markets.,"Limited V1: opponent fit, game script, weather, recent form, and live role/injury context are not fully sourced.",,NEEDS DATA,NEEDS DATA,NEEDS DATA,DATA_NEEDS_LIVE_CONTEXT,HISTORICAL TEST ONLY,NO-GO,False,Medium,ROUTE_PROXY_UNVALIDATED|LOW_CURRENT_SAMPLE|LOW_PLAYER_SAMPLE,Medium,ROUTE_PROXY_UNVALIDATED|LOW_CURRENT_SAMPLE|LOW_PLAYER_SAMPLE|LOW_YARDAGE_SAMPLE,,,,,,,,,,
2025,1,,C.Otton,TB,,TE,2.0669352586042007,21.00388859071267,,,,,,True,False,False,64.06,66.67,,,,,35,55,52,58.11,GOOD_SIGNAL,1,1,0,6,Projection-led limited V1 signal from existing historical-test markets.,"Limited V1: opponent fit, game script, weather, recent form, and live role/injury context are not fully sourced.",,NEEDS DATA,NEEDS DATA,NEEDS DATA,DATA_NEEDS_LIVE_CONTEXT,HISTORICAL TEST ONLY,NO-GO,False,Medium,ROUTE_PROXY_UNVALIDATED|LOW_CURRENT_SAMPLE,Medium,ROUTE_PROXY_UNVALIDATED|LOW_CURRENT_SAMPLE,,,,,,,,,,
2025,1,,K.Gainwell,PHI,,RB,0.8732186872185582,6.634067998563273,21.86022955063981,3.01990877111344,,,,True,True,False,63.93,66.67,,,,,35,55,52,58.05,GOOD_SIGNAL,1,1,0,6,Projection-led limited V1 signal from existing historical-test markets.,"Limited V1: opponent fit, game script, weather, recent form, and live role/injury context are not fully sourced.",,NEEDS DATA,NEEDS DATA,NEEDS DATA,DATA_NEEDS_LIVE_CONTEXT,HISTORICAL TEST ONLY,NO-GO,False,Medium,ROUTE_PROXY_UNVALIDATED|LOW_CURRENT_SAMPLE,Medium,ROUTE_PROXY_UNVALIDATED|LOW_CURRENT_SAMPLE,Medium,ROUTE_PROXY_UNVALIDATED|LOW_CURRENT_SAMPLE,Medium,ROUTE_PROXY_UNVALIDATED|LOW_CURRENT_SAMPLE,,,,,,
2025,1,,D.Schultz,HOU,,TE,2.0364906990147014,20.996895208609928,,,,,,True,False,False,63.59,66.67,,,,,35,55,52,57.9,WATCH,1,1,0,6,Projection-led limited V1 signal from existing historical-test markets.,"Limited V1: opponent fit, game script, weather, recent form, and live role/injury context are not fully sourced.",,NEEDS DATA,NEEDS DATA,NEEDS DATA,DATA_NEEDS_LIVE_CONTEXT,HISTORICAL TEST ONLY,NO-GO,False,Medium,ROUTE_PROXY_UNVALIDATED|LOW_CURRENT_SAMPLE,Medium,ROUTE_PROXY_UNVALIDATED|LOW_CURRENT_SAMPLE,,,,,,,,,,
2025,1,,Z.Knight,DET,,RB,0.9689403667807636,8.56117718238902,24.049883407994784,3.017610515461036,,,,True,True,False,63.52,66.67,,,,,35,55,52,57.87,WATCH,1,1,0,6,Projection-led limited V1 signal from existing historical-test markets.,"Limited V1: opponent fit, game script, weather, recent form, and live role/injury context are not fully sourced.",,NEEDS DATA,NEEDS DATA,NEEDS DATA,DATA_NEEDS_LIVE_CONTEXT,HISTORICAL TEST ONLY,NO-GO,False,Medium,ROUTE_PROXY_UNVALIDATED|LOW_CURRENT_SAMPLE|LOW_PLAYER_SAMPLE,Medium,ROUTE_PROXY_UNVALIDATED|LOW_CURRENT_SAMPLE|LOW_PLAYER_SAMPLE|LOW_YARDAGE_SAMPLE,Medium,ROUTE_PROXY_UNVALIDATED|LOW_CURRENT_SAMPLE|LOW_PLAYER_SAMPLE|LOW_RUSH_SAMPLE,Medium,ROUTE_PROXY_UNVALIDATED|LOW_CURRENT_SAMPLE|LOW_PLAYER_SAMPLE|LOW_RUSH_SAMPLE|LOW_CARRY_SAMPLE,,,,,,
2025,1,,J.Jackson,NO,,WR,1.8684171568843684,22.57715006905839,,,,,,True,False,False,63.44,66.67,,,,,35,55,52,57.83,WATCH,1,1,0,6,Projection-led limited V1 signal from existing historical-test markets.,"Limited V1: opponent fit, game script, weather, recent form, and live role/injury context are not fully sourced.",,NEEDS DATA,NEEDS DATA,NEEDS DATA,DATA_NEEDS_LIVE_CONTEXT,HISTORICAL TEST ONLY,NO-GO,False,Medium,ROUTE_PROXY_UNVALIDATED|LOW_CURRENT_SAMPLE|LOW_PLAYER_SAMPLE,Medium,ROUTE_PROXY_UNVALIDATED|LOW_CURRENT_SAMPLE|LOW_PLAYER_SAMPLE|LOW_YARDAGE_SAMPLE,,,,,,,,,,
2025,1,,T.Benson,ARI,,RB,1.0305334245186568,10.929187873812491,24.122427103419543,2.7944612196445635,,,,True,True,False,63.43,66.67,,,,,35,55,52,57.83,WATCH,1,1,0,6,Projection-led limited V1 signal from existing historical-test markets.,"Limited V1: opponent fit, game script, weather, recent form, and live role/injury context are not fully sourced.",,NEEDS DATA,NEEDS DATA,NEEDS DATA,DATA_NEEDS_LIVE_CONTEXT,HISTORICAL TEST ONLY,NO-GO,False,Medium,ROUTE_PROXY_UNVALIDATED|LOW_CURRENT_SAMPLE|LOW_PLAYER_SAMPLE,Medium,ROUTE_PROXY_UNVALIDATED|LOW_CURRENT_SAMPLE|LOW_PLAYER_SAMPLE|LOW_YARDAGE_SAMPLE,Medium,ROUTE_PROXY_UNVALIDATED|LOW_CURRENT_SAMPLE|LOW_PLAYER_SAMPLE,Medium,ROUTE_PROXY_UNVALIDATED|LOW_CURRENT_SAMPLE|LOW_PLAYER_SAMPLE,,,,,,
2025,1,,T.Franklin,DEN,,WR,2.034803613323694,21.99960744751613,,,,,,True,False,False,63.28,66.67,,,,,35,55,52,57.76,WATCH,1,1,0,6,Projection-led limited V1 signal from existing historical-test markets.,"Limited V1: opponent fit, game script, weather, recent form, and live role/injury context are not fully sourced.",,NEEDS DATA,NEEDS DATA,NEEDS DATA,DATA_NEEDS_LIVE_CONTEXT,HISTORICAL TEST ONLY,NO-GO,False,Medium,ROUTE_PROXY_UNVALIDATED|LOW_CURRENT_SAMPLE,Medium,ROUTE_PROXY_UNVALIDATED|LOW_CURRENT_SAMPLE,,,,,,,,,,
2025,1,,J.Williams,WAS,,RB,0.8218938225099323,7.130922147749489,17.140862693393238,2.998359561035329,,,,True,True,False,62.91,66.67,,,,,35,55,52,57.59,WATCH,1,1,0,6,Projection-led limited V1 signal from existing historical-test markets.,"Limited V1: opponent fit, game script, weather, recent form, and live role/injury context are not fully sourced.",,NEEDS DATA,NEEDS DATA,NEEDS DATA,DATA_NEEDS_LIVE_CONTEXT,HISTORICAL TEST ONLY,NO-GO,False,Medium,ROUTE_PROXY_UNVALIDATED|LOW_CURRENT_SAMPLE|LOW_PLAYER_SAMPLE,Medium,ROUTE_PROXY_UNVALIDATED|LOW_CURRENT_SAMPLE|LOW_PLAYER_SAMPLE|LOW_YARDAGE_SAMPLE,Medium,ROUTE_PROXY_UNVALIDATED|LOW_CURRENT_SAMPLE|LOW_PLAYER_SAMPLE|LOW_RUSH_SAMPLE,Medium,ROUTE_PROXY_UNVALIDATED|LOW_CURRENT_SAMPLE|LOW_PLAYER_SAMPLE|LOW_RUSH_SAMPLE|LOW_CARRY_SAMPLE,,,,,,
2025,1,,A.Barner,SEA,,TE,2.029668981486609,17.802449486892847,,,,,,True,False,False,62.81,66.67,,,,,35,55,52,57.55,WATCH,1,1,0,6,Projection-led limited V1 signal from existing historical-test markets.,"Limited V1: opponent fit, game script, weather, recent form, and live role/injury context are not fully sourced.",,NEEDS DATA,NEEDS DATA,NEEDS DATA,DATA_NEEDS_LIVE_CONTEXT,HISTORICAL TEST ONLY,NO-GO,False,Medium,ROUTE_PROXY_UNVALIDATED|LOW_CURRENT_SAMPLE,Medium,ROUTE_PROXY_UNVALIDATED|LOW_CURRENT_SAMPLE,,,,,,,,,,
2025,1,,M.Alexander,DET,,WR,1.831781526357224,22.13446085201803,,,,,,True,False,False,62.79,66.67,,,,,35,55,52,57.54,WATCH,1,1,0,6,Projection-led limited V1 signal from existing historical-test markets.,"Limited V1: opponent fit, game script, weather, recent form, and live role/injury context are not fully sourced.",,NEEDS DATA,NEEDS DATA,NEEDS DATA,DATA_NEEDS_LIVE_CONTEXT,HISTORICAL TEST ONLY,NO-GO,False,Medium,ROUTE_PROXY_UNVALIDATED|LOW_CURRENT_SAMPLE|LOW_PLAYER_SAMPLE,Medium,ROUTE_PROXY_UNVALIDATED|LOW_CURRENT_SAMPLE|LOW_PLAYER_SAMPLE|LOW_YARDAGE_SAMPLE,,,,,,,,,,
2025,1,,H.Bryant,LV,,TE,2.0187237147110606,19.25742036787868,,,,,,True,False,False,62.5,66.67,,,,,35,55,52,57.41,WATCH,1,1,0,6,Projection-led limited V1 signal from existing historical-test markets.,"Limited V1: opponent fit, game script, weather, recent form, and live role/injury context are not fully sourced.",,NEEDS DATA,NEEDS DATA,NEEDS DATA,DATA_NEEDS_LIVE_CONTEXT,HISTORICAL TEST ONLY,NO-GO,False,Medium,ROUTE_PROXY_UNVALIDATED|LOW_CURRENT_SAMPLE,Medium,ROUTE_PROXY_UNVALIDATED|LOW_CURRENT_SAMPLE,,,,,,,,,,
2025,1,,K.Herbert,CIN,,RB,1.5345406431260682,8.630321455491416,23.00205619579202,2.9864905179349592,,,,True,True,False,62.3,66.67,,,,,35,55,52,57.32,WATCH,1,1,0,6,Projection-led limited V1 signal from existing historical-test markets.,"Limited V1: opponent fit, game script, weather, recent form, and live role/injury context are not fully sourced.",,NEEDS DATA,NEEDS DATA,NEEDS DATA,DATA_NEEDS_LIVE_CONTEXT,HISTORICAL TEST ONLY,NO-GO,False,Medium,ROUTE_PROXY_UNVALIDATED|LOW_CURRENT_SAMPLE,Medium,ROUTE_PROXY_UNVALIDATED|LOW_CURRENT_SAMPLE,Medium,ROUTE_PROXY_UNVALIDATED|LOW_CURRENT_SAMPLE,Medium,ROUTE_PROXY_UNVALIDATED|LOW_CURRENT_SAMPLE,,,,,,
2025,1,,D.Hopkins,KC,,WR,1.9271785878276155,21.82733292636487,,,,,,True,False,False,62.13,66.67,,,,,35,55,52,57.24,WATCH,1,1,0,6,Projection-led limited V1 signal from existing historical-test markets.,"Limited V1: opponent fit, game script, weather, recent form, and live role/injury context are not fully sourced.",,NEEDS DATA,NEEDS DATA,NEEDS DATA,DATA_NEEDS_LIVE_CONTEXT,HISTORICAL TEST ONLY,NO-GO,False,Medium,ROUTE_PROXY_UNVALIDATED|LOW_CURRENT_SAMPLE,Medium,ROUTE_PROXY_UNVALIDATED|LOW_CURRENT_SAMPLE,,,,,,,,,,
2025,1,,X.Gipson,NYJ,,WR,2.008340774621236,18.53136884240544,,,,,,True,False,False,62.03,66.67,,,,,35,55,52,57.2,WATCH,1,1,0,6,Projection-led limited V1 signal from existing historical-test markets.,"Limited V1: opponent fit, game script, weather, recent form, and live role/injury context are not fully sourced.",,NEEDS DATA,NEEDS DATA,NEEDS DATA,DATA_NEEDS_LIVE_CONTEXT,HISTORICAL TEST ONLY,NO-GO,False,Medium,ROUTE_PROXY_UNVALIDATED|LOW_CURRENT_SAMPLE,Medium,ROUTE_PROXY_UNVALIDATED|LOW_CURRENT_SAMPLE,,,,,,,,,,
2025,1,,A.Mitchell,IND,,WR,1.703347437494286,21.597733467450784,,,,,,True,False,False,61.97,66.67,,,,,35,55,52,57.17,WATCH,1,1,0,6,Projection-led limited V1 signal from existing historical-test markets.,"Limited V1: opponent fit, game script, weather, recent form, and live role/injury context are not fully sourced.",,NEEDS DATA,NEEDS DATA,NEEDS DATA,DATA_NEEDS_LIVE_CONTEXT,HISTORICAL TEST ONLY,NO-GO,False,Medium,ROUTE_PROXY_UNVALIDATED|LOW_CURRENT_SAMPLE,Medium,ROUTE_PROXY_UNVALIDATED|LOW_CURRENT_SAMPLE,,,,,,,,,,
2025,1,,J.Wright,MIA,,RB,0.8094715086420392,,23.93879393056455,2.961455373804364,,,,True,True,False,61.89,66.67,,,,,35,55,52,57.13,WATCH,1,1,0,6,Projection-led limited V1 signal from existing historical-test markets.,"Limited V1: opponent fit, game script, weather, recent form, and live role/injury context are not fully sourced.",,NEEDS DATA,NEEDS DATA,NEEDS DATA,DATA_NEEDS_LIVE_CONTEXT,HISTORICAL TEST ONLY,NO-GO,False,Medium,ROUTE_PROXY_UNVALIDATED|LOW_CURRENT_SAMPLE|LOW_PLAYER_SAMPLE,,,Medium,ROUTE_PROXY_UNVALIDATED|LOW_CURRENT_SAMPLE|LOW_PLAYER_SAMPLE,Medium,ROUTE_PROXY_UNVALIDATED|LOW_CURRENT_SAMPLE|LOW_PLAYER_SAMPLE,,,,,,
2025,1,,O.Beckham,MIA,,WR,2.006336801151242,19.634425426294246,,,,,,True,False,False,61.88,66.67,,,,,35,55,52,57.13,WATCH,1,1,0,6,Projection-led limited V1 signal from existing historical-test markets.,"Limited V1: opponent fit, game script, weather, recent form, and live role/injury context are not fully sourced.",,NEEDS DATA,NEEDS DATA,NEEDS DATA,DATA_NEEDS_LIVE_CONTEXT,HISTORICAL TEST ONLY,NO-GO,False,Medium,ROUTE_PROXY_UNVALIDATED|LOW_CURRENT_SAMPLE,Medium,ROUTE_PROXY_UNVALIDATED|LOW_CURRENT_SAMPLE,,,,,,,,,,
2025,1,,J.Kibodi,CLE,,RB,0.9142808915556312,13.33217419059791,23.96115195654426,2.1362139531614592,,,,True,True,False,61.57,66.67,,,,,35,55,52,56.99,WATCH,1,1,0,6,Projection-led limited V1 signal from existing historical-test markets.,"Limited V1: opponent fit, game script, weather, recent form, and live role/injury context are not fully sourced.",,NEEDS DATA,NEEDS DATA,NEEDS DATA,DATA_NEEDS_LIVE_CONTEXT,HISTORICAL TEST ONLY,NO-GO,False,Medium,ROUTE_PROXY_UNVALIDATED|LOW_CURRENT_SAMPLE|LOW_PLAYER_SAMPLE,Medium,ROUTE_PROXY_UNVALIDATED|LOW_CURRENT_SAMPLE|LOW_PLAYER_SAMPLE|LOW_YARDAGE_SAMPLE,Medium,ROUTE_PROXY_UNVALIDATED|LOW_CURRENT_SAMPLE|LOW_PLAYER_SAMPLE|LOW_RUSH_SAMPLE,Medium,ROUTE_PROXY_UNVALIDATED|LOW_CURRENT_SAMPLE|LOW_PLAYER_SAMPLE|LOW_RUSH_SAMPLE|LOW_CARRY_SAMPLE,,,,,,
2025,1,,A.Abdullah,LV,,RB,1.9972331636907392,13.49973221372938,23.28796857473809,2.1601901368644505,,,,True,True,False,61.56,66.67,,,,,35,55,52,56.99,WATCH,1,1,0,6,Projection-led limited V1 signal from existing historical-test markets.,"Limited V1: opponent fit, game script, weather, recent form, and live role/injury context are not fully sourced.",,NEEDS DATA,NEEDS DATA,NEEDS DATA,DATA_NEEDS_LIVE_CONTEXT,HISTORICAL TEST ONLY,NO-GO,False,Medium,ROUTE_PROXY_UNVALIDATED|LOW_CURRENT_SAMPLE,Medium,ROUTE_PROXY_UNVALIDATED|LOW_CURRENT_SAMPLE,Medium,ROUTE_PROXY_UNVALIDATED|LOW_CURRENT_SAMPLE,Medium,ROUTE_PROXY_UNVALIDATED|LOW_CURRENT_SAMPLE,,,,,,
2025,1,,T.Palmer,TB,,WR,1.5400796380446675,21.344227738642186,,,,,,True,False,False,61.48,66.67,,,,,35,55,52,56.95,WATCH,1,1,0,6,Projection-led limited V1 signal from existing historical-test markets.,"Limited V1: opponent fit, game script, weather, recent form, and live role/injury context are not fully sourced.",,NEEDS DATA,NEEDS DATA,NEEDS DATA,DATA_NEEDS_LIVE_CONTEXT,HISTORICAL TEST ONLY,NO-GO,False,Medium,ROUTE_PROXY_UNVALIDATED|LOW_CURRENT_SAMPLE,Medium,ROUTE_PROXY_UNVALIDATED|LOW_CURRENT_SAMPLE,,,,,,,,,,
2025,1,,M.Woods,CLE,,WR,1.9879182192107103,20.55736137080433,,,,,,True,False,False,61.41,66.67,,,,,35,55,52,56.92,WATCH,1,1,0,6,Projection-led limited V1 signal from existing historical-test markets.,"Limited V1: opponent fit, game script, weather, recent form, and live role/injury context are not fully sourced.",,NEEDS DATA,NEEDS DATA,NEEDS DATA,DATA_NEEDS_LIVE_CONTEXT,HISTORICAL TEST ONLY,NO-GO,False,Medium,ROUTE_PROXY_UNVALIDATED|LOW_CURRENT_SAMPLE,Medium,ROUTE_PROXY_UNVALIDATED|LOW_CURRENT_SAMPLE|LOW_YARDAGE_SAMPLE,,,,,,,,,,
2025,1,,M.Andrews,BAL,,TE,1.936444859797794,21.340921118998807,,,,,,True,False,False,61.31,66.67,,,,,35,55,52,56.87,WATCH,1,1,0,6,Projection-led limited V1 signal from existing historical-test markets.,"Limited V1: opponent fit, game script, weather, recent form, and live role/injury context are not fully sourced.",,NEEDS DATA,NEEDS DATA,NEEDS DATA,DATA_NEEDS_LIVE_CONTEXT,HISTORICAL TEST ONLY,NO-GO,False,Medium,ROUTE_PROXY_UNVALIDATED|LOW_CURRENT_SAMPLE,Medium,ROUTE_PROXY_UNVALIDATED|LOW_CURRENT_SAMPLE,,,,,,,,,,
2025,1,,B.Covey,PHI,,WR,1.9838924187272453,15.669510478200284,,,,,,True,False,False,61.25,66.67,,,,,35,55,52,56.85,WATCH,1,1,0,6,Projection-led limited V1 signal from existing historical-test markets.,"Limited V1: opponent fit, game script, weather, recent form, and live role/injury context are not fully sourced.",,NEEDS DATA,NEEDS DATA,NEEDS DATA,DATA_NEEDS_LIVE_CONTEXT,HISTORICAL TEST ONLY,NO-GO,False,Medium,ROUTE_PROXY_UNVALIDATED|LOW_CURRENT_SAMPLE,Medium,ROUTE_PROXY_UNVALIDATED|LOW_CURRENT_SAMPLE,,,,,,,,,,
2025,1,,D.Jackson,NYG,,RB,1.1419066908181223,8.683162595920242,23.95718514066882,2.892985080276197,,,,True,True,False,61.19,66.67,,,,,35,55,52,56.82,WATCH,1,1,0,6,Projection-led limited V1 signal from existing historical-test markets.,"Limited V1: opponent fit, game script, weather, recent form, and live role/injury context are not fully sourced.",,NEEDS DATA,NEEDS DATA,NEEDS DATA,DATA_NEEDS_LIVE_CONTEXT,HISTORICAL TEST ONLY,NO-GO,False,Medium,ROUTE_PROXY_UNVALIDATED|LOW_CURRENT_SAMPLE|LOW_PLAYER_SAMPLE,Medium,ROUTE_PROXY_UNVALIDATED|LOW_CURRENT_SAMPLE|LOW_PLAYER_SAMPLE|LOW_YARDAGE_SAMPLE,Medium,ROUTE_PROXY_UNVALIDATED|LOW_CURRENT_SAMPLE|LOW_PLAYER_SAMPLE|LOW_RUSH_SAMPLE,Medium,ROUTE_PROXY_UNVALIDATED|LOW_CURRENT_SAMPLE|LOW_PLAYER_SAMPLE|LOW_RUSH_SAMPLE|LOW_CARRY_SAMPLE,,,,,,
2025,1,,A.Erickson,NE,,WR,1.5582473934177163,21.16401457030468,,,,,,True,False,False,61.15,66.67,,,,,35,55,52,56.8,WATCH,1,1,0,6,Projection-led limited V1 signal from existing historical-test markets.,"Limited V1: opponent fit, game script, weather, recent form, and live role/injury context are not fully sourced.",,NEEDS DATA,NEEDS DATA,NEEDS DATA,DATA_NEEDS_LIVE_CONTEXT,HISTORICAL TEST ONLY,NO-GO,False,Medium,ROUTE_PROXY_UNVALIDATED|LOW_CURRENT_SAMPLE,Medium,ROUTE_PROXY_UNVALIDATED|LOW_CURRENT_SAMPLE,,,,,,,,,,
2025,1,,D.Johnson,HOU,,WR,1.8169176967400715,21.110909975888607,,,,,,True,False,False,60.98,66.67,,,,,35,55,52,56.72,WATCH,1,1,0,6,Projection-led limited V1 signal from existing historical-test markets.,"Limited V1: opponent fit, game script, weather, recent form, and live role/injury context are not fully sourced.",,NEEDS DATA,NEEDS DATA,NEEDS DATA,DATA_NEEDS_LIVE_CONTEXT,HISTORICAL TEST ONLY,NO-GO,False,Medium,ROUTE_PROXY_UNVALIDATED|LOW_CURRENT_SAMPLE,Medium,ROUTE_PROXY_UNVALIDATED|LOW_CURRENT_SAMPLE,,,,,,,,,,
2025,1,,E.Saubert,SF,,TE,1.975878778985948,17.754986337407885,,,,,,True,False,False,60.78,66.67,,,,,35,55,52,56.64,WATCH,1,1,0,6,Projection-led limited V1 signal from existing historical-test markets.,"Limited V1: opponent fit, game script, weather, recent form, and live role/injury context are not fully sourced.",,NEEDS DATA,NEEDS DATA,NEEDS DATA,DATA_NEEDS_LIVE_CONTEXT,HISTORICAL TEST ONLY,NO-GO,False,Medium,ROUTE_PROXY_UNVALIDATED|LOW_CURRENT_SAMPLE,Medium,ROUTE_PROXY_UNVALIDATED|LOW_CURRENT_SAMPLE,,,,,,,,,,
2025,1,,K.Jackson,TEN,,WR,1.544309239733838,21.029595135312537,,,,,,True,False,False,60.66,66.67,,,,,35,55,52,56.58,WATCH,1,1,0,6,Projection-led limited V1 signal from existing historical-test markets.,"Limited V1: opponent fit, game script, weather, recent form, and live role/injury context are not fully sourced.",,NEEDS DATA,NEEDS DATA,NEEDS DATA,DATA_NEEDS_LIVE_CONTEXT,HISTORICAL TEST ONLY,NO-GO,False,Medium,ROUTE_PROXY_UNVALIDATED|LOW_CURRENT_SAMPLE|LOW_PLAYER_SAMPLE,Medium,ROUTE_PROXY_UNVALIDATED|LOW_CURRENT_SAMPLE|LOW_PLAYER_SAMPLE|LOW_YARDAGE_SAMPLE,,,,,,,,,,
2025,1,,B.Sinnott,WAS,,TE,1.9597231994580964,17.609184702367163,,,,,,True,False,False,60.47,66.67,,,,,35,55,52,56.5,WATCH,1,1,0,6,Projection-led limited V1 signal from existing historical-test markets.,"Limited V1: opponent fit, game script, weather, recent form, and live role/injury context are not fully sourced.",,NEEDS DATA,NEEDS DATA,NEEDS DATA,DATA_NEEDS_LIVE_CONTEXT,HISTORICAL TEST ONLY,NO-GO,False,Medium,ROUTE_PROXY_UNVALIDATED|LOW_CURRENT_SAMPLE|LOW_PLAYER_SAMPLE,Medium,ROUTE_PROXY_UNVALIDATED|LOW_CURRENT_SAMPLE|LOW_PLAYER_SAMPLE|LOW_YARDAGE_SAMPLE,,,,,,,,,,
2025,1,,J.Jones,PHI,,WR,1.912863892147208,21.00552882930748,,,,,,True,False,False,60.33,66.67,,,,,35,55,52,56.43,WATCH,1,1,0,6,Projection-led limited V1 signal from existing historical-test markets.,"Limited V1: opponent fit, game script, weather, recent form, and live role/injury context are not fully sourced.",,NEEDS DATA,NEEDS DATA,NEEDS DATA,DATA_NEEDS_LIVE_CONTEXT,HISTORICAL TEST ONLY,NO-GO,False,Medium,ROUTE_PROXY_UNVALIDATED|LOW_CURRENT_SAMPLE,Medium,ROUTE_PROXY_UNVALIDATED|LOW_CURRENT_SAMPLE,,,,,,,,,,
2025,1,,K.Vidal,LAC,,RB,0.8006725385354857,10.07320334347444,22.33033954050072,2.920849679786484,,,,True,True,False,60.25,66.67,,,,,35,55,52,56.4,WATCH,1,1,0,6,Projection-led limited V1 signal from existing historical-test markets.,"Limited V1: opponent fit, game script, weather, recent form, and live role/injury context are not fully sourced.",,NEEDS DATA,NEEDS DATA,NEEDS DATA,DATA_NEEDS_LIVE_CONTEXT,HISTORICAL TEST ONLY,NO-GO,False,Medium,ROUTE_PROXY_UNVALIDATED|LOW_CURRENT_SAMPLE|LOW_PLAYER_SAMPLE,Medium,ROUTE_PROXY_UNVALIDATED|LOW_CURRENT_SAMPLE|LOW_PLAYER_SAMPLE|LOW_YARDAGE_SAMPLE,Medium,ROUTE_PROXY_UNVALIDATED|LOW_CURRENT_SAMPLE|LOW_PLAYER_SAMPLE,Medium,ROUTE_PROXY_UNVALIDATED|LOW_CURRENT_SAMPLE|LOW_PLAYER_SAMPLE,,,,,,
2025,1,,M.Breida,NYG,,RB,0.967942398303516,7.90509946776309,23.747281537146144,2.5717700374178967,,,,True,True,False,59.7,66.67,,,,,35,55,52,56.15,WATCH,1,1,0,6,Projection-led limited V1 signal from existing historical-test markets.,"Limited V1: opponent fit, game script, weather, recent form, and live role/injury context are not fully sourced.",,NEEDS DATA,NEEDS DATA,NEEDS DATA,DATA_NEEDS_LIVE_CONTEXT,HISTORICAL TEST ONLY,NO-GO,False,Medium,ROUTE_PROXY_UNVALIDATED|LOW_CURRENT_SAMPLE,Medium,ROUTE_PROXY_UNVALIDATED|LOW_CURRENT_SAMPLE,Medium,ROUTE_PROXY_UNVALIDATED|LOW_CURRENT_SAMPLE,Medium,ROUTE_PROXY_UNVALIDATED|LOW_CURRENT_SAMPLE,,,,,,
2025,1,,M.Brown,KC,,WR,1.940570390611529,20.727504560867484,,,,,,True,False,False,59.69,66.67,,,,,35,55,52,56.14,WATCH,1,1,0,6,Projection-led limited V1 signal from existing historical-test markets.,"Limited V1: opponent fit, game script, weather, recent form, and live role/injury context are not fully sourced.",,NEEDS DATA,NEEDS DATA,NEEDS DATA,DATA_NEEDS_LIVE_CONTEXT,HISTORICAL TEST ONLY,NO-GO,False,Medium,ROUTE_PROXY_UNVALIDATED|LOW_CURRENT_SAMPLE,Medium,ROUTE_PROXY_UNVALIDATED|LOW_CURRENT_SAMPLE,,,,,,,,,,
2025,1,,J.Robinson,GB,,RB,0.8799521187477743,5.690920051329021,23.49675132777984,2.860783665730158,,,,True,True,False,59.33,66.67,,,,,35,55,52,55.98,WATCH,1,1,0,6,Projection-led limited V1 signal from existing historical-test markets.,"Limited V1: opponent fit, game script, weather, recent form, and live role/injury context are not fully sourced.",,NEEDS DATA,NEEDS DATA,NEEDS DATA,DATA_NEEDS_LIVE_CONTEXT,HISTORICAL TEST ONLY,NO-GO,False,Medium,ROUTE_PROXY_UNVALIDATED|LOW_CURRENT_SAMPLE|LOW_PLAYER_SAMPLE,Medium,ROUTE_PROXY_UNVALIDATED|LOW_CURRENT_SAMPLE|LOW_PLAYER_SAMPLE|LOW_YARDAGE_SAMPLE,Medium,ROUTE_PROXY_UNVALIDATED|LOW_CURRENT_SAMPLE|LOW_PLAYER_SAMPLE|LOW_RUSH_SAMPLE,Medium,ROUTE_PROXY_UNVALIDATED|LOW_CURRENT_SAMPLE|LOW_PLAYER_SAMPLE|LOW_RUSH_SAMPLE|LOW_CARRY_SAMPLE,,,,,,
2025,1,,C.Dowell,TEN,,WR,1.9352644517175823,20.468880488896453,,,,,,True,False,False,59.22,66.67,,,,,35,55,52,55.93,WATCH,1,1,0,6,Projection-led limited V1 signal from existing historical-test markets.,"Limited V1: opponent fit, game script, weather, recent form, and live role/injury context are not fully sourced.",,NEEDS DATA,NEEDS DATA,NEEDS DATA,DATA_NEEDS_LIVE_CONTEXT,HISTORICAL TEST ONLY,NO-GO,False,Medium,ROUTE_PROXY_UNVALIDATED|LOW_CURRENT_SAMPLE|LOW_PLAYER_SAMPLE,Medium,ROUTE_PROXY_UNVALIDATED|LOW_CURRENT_SAMPLE|LOW_PLAYER_SAMPLE|LOW_YARDAGE_SAMPLE,,,,,,,,,,
2025,1,,P.Dorsett,DEN,,WR,1.5231715070149807,20.741752551897942,,,,,,True,False,False,59.18,66.67,,,,,35,55,52,55.92,WATCH,1,1,0,6,Projection-led limited V1 signal from existing historical-test markets.,"Limited V1: opponent fit, game script, weather, recent form, and live role/injury context are not fully sourced.",,NEEDS DATA,NEEDS DATA,NEEDS DATA,DATA_NEEDS_LIVE_CONTEXT,HISTORICAL TEST ONLY,NO-GO,False,Medium,ROUTE_PROXY_UNVALIDATED|LOW_CURRENT_SAMPLE|LOW_PLAYER_SAMPLE,Medium,ROUTE_PROXY_UNVALIDATED|LOW_CURRENT_SAMPLE|LOW_PLAYER_SAMPLE|LOW_YARDAGE_SAMPLE,,,,,,,,,,
2025,1,,C.Fotheringham,LV,,TE,1.931676745998164,17.824402796239248,,,,,,True,False,False,59.06,66.67,,,,,35,55,52,55.86,WATCH,1,1,0,6,Projection-led limited V1 signal from existing historical-test markets.,"Limited V1: opponent fit, game script, weather, recent form, and live role/injury context are not fully sourced.",,NEEDS DATA,NEEDS DATA,NEEDS DATA,DATA_NEEDS_LIVE_CONTEXT,HISTORICAL TEST ONLY,NO-GO,False,Medium,ROUTE_PROXY_UNVALIDATED|LOW_CURRENT_SAMPLE|LOW_PLAYER_SAMPLE,Medium,ROUTE_PROXY_UNVALIDATED|LOW_CURRENT_SAMPLE|LOW_PLAYER_SAMPLE|LOW_YARDAGE_SAMPLE,,,,,,,,,,
2025,1,,D.Carter,CHI,,WR,1.931401751654736,18.581282419468145,,,,,,True,False,False,58.91,66.67,,,,,35,55,52,55.79,WATCH,1,1,0,6,Projection-led limited V1 signal from existing historical-test markets.,"Limited V1: opponent fit, game script, weather, recent form, and live role/injury context are not fully sourced.",,NEEDS DATA,NEEDS DATA,NEEDS DATA,DATA_NEEDS_LIVE_CONTEXT,HISTORICAL TEST ONLY,NO-GO,False,Medium,ROUTE_PROXY_UNVALIDATED|LOW_CURRENT_SAMPLE,Medium,ROUTE_PROXY_UNVALIDATED|LOW_CURRENT_SAMPLE,,,,,,,,,,
2025,1,,M.Corley,NYJ,,WR,1.9287396996274395,15.041352106413465,,,,,,True,False,False,58.75,66.67,,,,,35,55,52,55.72,WATCH,1,1,0,6,Projection-led limited V1 signal from existing historical-test markets.,"Limited V1: opponent fit, game script, weather, recent form, and live role/injury context are not fully sourced.",,NEEDS DATA,NEEDS DATA,NEEDS DATA,DATA_NEEDS_LIVE_CONTEXT,HISTORICAL TEST ONLY,NO-GO,False,Medium,ROUTE_PROXY_UNVALIDATED|LOW_CURRENT_SAMPLE|LOW_PLAYER_SAMPLE,Medium,ROUTE_PROXY_UNVALIDATED|LOW_CURRENT_SAMPLE|LOW_PLAYER_SAMPLE|LOW_YARDAGE_SAMPLE,,,,,,,,,,
2025,1,,A.Dulin,IND,,WR,0.8679527437363341,20.623093285421493,,,,,,True,False,False,58.69,66.67,,,,,35,55,52,55.69,WATCH,1,1,0,6,Projection-led limited V1 signal from existing historical-test markets.,"Limited V1: opponent fit, game script, weather, recent form, and live role/injury context are not fully sourced.",,NEEDS DATA,NEEDS DATA,NEEDS DATA,DATA_NEEDS_LIVE_CONTEXT,HISTORICAL TEST ONLY,NO-GO,False,Medium,ROUTE_PROXY_UNVALIDATED|LOW_CURRENT_SAMPLE|LOW_PLAYER_SAMPLE,Medium,ROUTE_PROXY_UNVALIDATED|LOW_CURRENT_SAMPLE|LOW_PLAYER_SAMPLE|LOW_YARDAGE_SAMPLE,,,,,,,,,,
2025,1,,S.Tucker,TB,,RB,0.8292415776651739,9.976469341255374,23.25204146210809,2.9013651885390126,,,,True,True,False,58.61,66.67,,,,,35,55,52,55.66,WATCH,1,1,0,6,Projection-led limited V1 signal from existing historical-test markets.,"Limited V1: opponent fit, game script, weather, recent form, and live role/injury context are not fully sourced.",,NEEDS DATA,NEEDS DATA,NEEDS DATA,DATA_NEEDS_LIVE_CONTEXT,HISTORICAL TEST ONLY,NO-GO,False,Medium,ROUTE_PROXY_UNVALIDATED|LOW_CURRENT_SAMPLE,Medium,ROUTE_PROXY_UNVALIDATED|LOW_CURRENT_SAMPLE,Medium,ROUTE_PROXY_UNVALIDATED|LOW_CURRENT_SAMPLE,Medium,ROUTE_PROXY_UNVALIDATED|LOW_CURRENT_SAMPLE,,,,,,
2025,1,,J.Oliver,MIN,,TE,1.925845933140512,20.61404007278879,,,,,,True,False,False,58.52,66.67,,,,,35,55,52,55.62,WATCH,1,1,0,6,Projection-led limited V1 signal from existing historical-test markets.,"Limited V1: opponent fit, game script, weather, recent form, and live role/injury context are not fully sourced.",,NEEDS DATA,NEEDS DATA,NEEDS DATA,DATA_NEEDS_LIVE_CONTEXT,HISTORICAL TEST ONLY,NO-GO,False,Medium,ROUTE_PROXY_UNVALIDATED|LOW_CURRENT_SAMPLE,Medium,ROUTE_PROXY_UNVALIDATED|LOW_CURRENT_SAMPLE,,,,,,,,,,
2025,1,,A.Rodgers,IND,,WR,1.7042519571170918,20.59344833649496,,,,,,True,False,False,58.36,66.67,,,,,35,55,52,55.55,WATCH,1,1,0,6,Projection-led limited V1 signal from existing historical-test markets.,"Limited V1: opponent fit, game script, weather, recent form, and live role/injury context are not fully sourced.",,NEEDS DATA,NEEDS DATA,NEEDS DATA,DATA_NEEDS_LIVE_CONTEXT,HISTORICAL TEST ONLY,NO-GO,False,Medium,ROUTE_PROXY_UNVALIDATED|LOW_CURRENT_SAMPLE|LOW_PLAYER_SAMPLE,Medium,ROUTE_PROXY_UNVALIDATED|LOW_CURRENT_SAMPLE|LOW_PLAYER_SAMPLE|LOW_YARDAGE_SAMPLE,,,,,,,,,,
2025,1,,T.Reiman,ARI,,TE,1.9268804533648087,14.421712142634837,,,,,,True,False,False,58.28,66.67,,,,,35,55,52,55.51,WATCH,1,1,0,6,Projection-led limited V1 signal from existing historical-test markets.,"Limited V1: opponent fit, game script, weather, recent form, and live role/injury context are not fully sourced.",,NEEDS DATA,NEEDS DATA,NEEDS DATA,DATA_NEEDS_LIVE_CONTEXT,HISTORICAL TEST ONLY,NO-GO,False,Medium,ROUTE_PROXY_UNVALIDATED|LOW_CURRENT_SAMPLE|LOW_PLAYER_SAMPLE,Medium,ROUTE_PROXY_UNVALIDATED|LOW_CURRENT_SAMPLE|LOW_PLAYER_SAMPLE|LOW_YARDAGE_SAMPLE,,,,,,,,,,
2025,1,,T.Davis-Price,PHI,,RB,0.5488486596441412,,14.868617671389597,2.8979333526677347,,,,True,True,False,58.2,66.67,,,,,35,55,52,55.47,WATCH,1,1,0,6,Projection-led limited V1 signal from existing historical-test markets.,"Limited V1: opponent fit, game script, weather, recent form, and live role/injury context are not fully sourced.",,NEEDS DATA,NEEDS DATA,NEEDS DATA,DATA_NEEDS_LIVE_CONTEXT,HISTORICAL TEST ONLY,NO-GO,False,Medium,ROUTE_PROXY_UNVALIDATED|LOW_CURRENT_SAMPLE|LOW_PLAYER_SAMPLE,,,Medium,ROUTE_PROXY_UNVALIDATED|LOW_CURRENT_SAMPLE|LOW_PLAYER_SAMPLE|LOW_RUSH_SAMPLE,Medium,ROUTE_PROXY_UNVALIDATED|LOW_CURRENT_SAMPLE|LOW_PLAYER_SAMPLE|LOW_RUSH_SAMPLE|LOW_CARRY_SAMPLE,,,,,,
2025,1,,J.Winfree,IND,,WR,1.5107137404834872,20.572109206053096,,,,,,True,False,False,58.2,66.67,,,,,35,55,52,55.47,WATCH,1,1,0,6,Projection-led limited V1 signal from existing historical-test markets.,"Limited V1: opponent fit, game script, weather, recent form, and live role/injury context are not fully sourced.",,NEEDS DATA,NEEDS DATA,NEEDS DATA,DATA_NEEDS_LIVE_CONTEXT,HISTORICAL TEST ONLY,NO-GO,False,Medium,ROUTE_PROXY_UNVALIDATED|LOW_CURRENT_SAMPLE|LOW_PLAYER_SAMPLE,Medium,ROUTE_PROXY_UNVALIDATED|LOW_CURRENT_SAMPLE|LOW_PLAYER_SAMPLE|LOW_YARDAGE_SAMPLE,,,,,,,,,,
2025,1,,K.Pitts,ATL,,TE,1.809657990423604,20.56179999817555,,,,,,True,False,False,58.03,66.67,,,,,35,55,52,55.4,WATCH,1,1,0,6,Projection-led limited V1 signal from existing historical-test markets.,"Limited V1: opponent fit, game script, weather, recent form, and live role/injury context are not fully sourced.",,NEEDS DATA,NEEDS DATA,NEEDS DATA,DATA_NEEDS_LIVE_CONTEXT,HISTORICAL TEST ONLY,NO-GO,False,Medium,ROUTE_PROXY_UNVALIDATED|LOW_CURRENT_SAMPLE,Medium,ROUTE_PROXY_UNVALIDATED|LOW_CURRENT_SAMPLE,,,,,,,,,,
2025,1,,G.Swaim,CLE,,TE,1.922700600606902,16.251536987329235,,,,,,True,False,False,57.97,66.67,,,,,35,55,52,55.37,WATCH,1,1,0,6,Projection-led limited V1 signal from existing historical-test markets.,"Limited V1: opponent fit, game script, weather, recent form, and live role/injury context are not fully sourced.",,NEEDS DATA,NEEDS DATA,NEEDS DATA,DATA_NEEDS_LIVE_CONTEXT,HISTORICAL TEST ONLY,NO-GO,False,Medium,ROUTE_PROXY_UNVALIDATED|LOW_CURRENT_SAMPLE,Medium,ROUTE_PROXY_UNVALIDATED|LOW_CURRENT_SAMPLE,,,,,,,,,,
2025,1,,P.Taylor,SF,,RB,0.7939365678372686,6.140242467959303,23.133571450042844,1.9928072117561808,,,,True,True,False,57.46,66.67,,,,,35,55,52,55.14,WATCH,1,1,0,6,Projection-led limited V1 signal from existing historical-test markets.,"Limited V1: opponent fit, game script, weather, recent form, and live role/injury context are not fully sourced.",,NEEDS DATA,NEEDS DATA,NEEDS DATA,DATA_NEEDS_LIVE_CONTEXT,HISTORICAL TEST ONLY,NO-GO,False,Medium,ROUTE_PROXY_UNVALIDATED|LOW_CURRENT_SAMPLE,Medium,ROUTE_PROXY_UNVALIDATED|LOW_CURRENT_SAMPLE,Medium,ROUTE_PROXY_UNVALIDATED|LOW_CURRENT_SAMPLE,Medium,ROUTE_PROXY_UNVALIDATED|LOW_CURRENT_SAMPLE,,,,,,
2025,1,,R.Ali,BAL,,RB,0.2147574535322947,,12.248393042508372,2.891235520038644,,,,True,True,False,57.38,66.67,,,,,35,55,52,55.1,WATCH,1,1,0,6,Projection-led limited V1 signal from existing historical-test markets.,"Limited V1: opponent fit, game script, weather, recent form, and live role/injury context are not fully sourced.",,NEEDS DATA,NEEDS DATA,NEEDS DATA,DATA_NEEDS_LIVE_CONTEXT,HISTORICAL TEST ONLY,NO-GO,False,Medium,ROUTE_PROXY_UNVALIDATED|LOW_CURRENT_SAMPLE|LOW_PLAYER_SAMPLE,,,Medium,ROUTE_PROXY_UNVALIDATED|LOW_CURRENT_SAMPLE|LOW_PLAYER_SAMPLE|LOW_RUSH_SAMPLE,Medium,ROUTE_PROXY_UNVALIDATED|LOW_CURRENT_SAMPLE|LOW_PLAYER_SAMPLE|LOW_RUSH_SAMPLE|LOW_CARRY_SAMPLE,,,,,,
2025,1,,J.Dotson,PHI,,WR,1.765309626412718,20.525400591979007,,,,,,True,False,False,57.21,66.67,,,,,35,55,52,55.03,WATCH,1,1,0,6,Projection-led limited V1 signal from existing historical-test markets.,"Limited V1: opponent fit, game script, weather, recent form, and live role/injury context are not fully sourced.",,NEEDS DATA,NEEDS DATA,NEEDS DATA,DATA_NEEDS_LIVE_CONTEXT,HISTORICAL TEST ONLY,NO-GO,False,Medium,ROUTE_PROXY_UNVALIDATED|LOW_CURRENT_SAMPLE,Medium,ROUTE_PROXY_UNVALIDATED|LOW_CURRENT_SAMPLE,,,,,,,,,,
2025,1,,I.Smith,HOU,,TE,1.8819116278448973,11.610517332597873,,,,,,True,False,False,57.19,66.67,,,,,35,55,52,55.02,WATCH,1,1,0,6,Projection-led limited V1 signal from existing historical-test markets.,"Limited V1: opponent fit, game script, weather, recent form, and live role/injury context are not fully sourced.",,NEEDS DATA,NEEDS DATA,NEEDS DATA,DATA_NEEDS_LIVE_CONTEXT,HISTORICAL TEST ONLY,NO-GO,False,Medium,ROUTE_PROXY_UNVALIDATED|LOW_CURRENT_SAMPLE,Medium,ROUTE_PROXY_UNVALIDATED|LOW_CURRENT_SAMPLE,,,,,,,,,,
2025,1,,T.Fisk,LAC,,TE,1.8818659166356249,14.884124716846893,,,,,,True,False,False,57.03,66.67,,,,,35,55,52,54.95,WATCH,1,1,0,6,Projection-led limited V1 signal from existing historical-test markets.,"Limited V1: opponent fit, game script, weather, recent form, and live role/injury context are not fully sourced.",,NEEDS DATA,NEEDS DATA,NEEDS DATA,DATA_NEEDS_LIVE_CONTEXT,HISTORICAL TEST ONLY,NO-GO,False,Medium,ROUTE_PROXY_UNVALIDATED|LOW_CURRENT_SAMPLE,Medium,ROUTE_PROXY_UNVALIDATED|LOW_CURRENT_SAMPLE|LOW_YARDAGE_SAMPLE,,,,,,,,,,
2025,1,,B.Hopkins,LA,,TE,1.8393407013442944,20.46757233386905,,,,,,True,False,False,56.89,66.67,,,,,35,55,52,54.88,WATCH,1,1,0,6,Projection-led limited V1 signal from existing historical-test markets.,"Limited V1: opponent fit, game script, weather, recent form, and live role/injury context are not fully sourced.",,NEEDS DATA,NEEDS DATA,NEEDS DATA,DATA_NEEDS_LIVE_CONTEXT,HISTORICAL TEST ONLY,NO-GO,False,Medium,ROUTE_PROXY_UNVALIDATED|LOW_CURRENT_SAMPLE|LOW_PLAYER_SAMPLE,Medium,ROUTE_PROXY_UNVALIDATED|LOW_CURRENT_SAMPLE|LOW_PLAYER_SAMPLE|LOW_YARDAGE_SAMPLE,,,,,,,,,,
2025,1,,T.Burks,TEN,,WR,1.876593265012184,20.0362826903341,,,,,,True,False,False,56.72,66.67,,,,,35,55,52,54.81,WATCH,1,1,0,6,Projection-led limited V1 signal from existing historical-test markets.,"Limited V1: opponent fit, game script, weather, recent form, and live role/injury context are not fully sourced.",,NEEDS DATA,NEEDS DATA,NEEDS DATA,DATA_NEEDS_LIVE_CONTEXT,HISTORICAL TEST ONLY,NO-GO,False,Medium,ROUTE_PROXY_UNVALIDATED|LOW_CURRENT_SAMPLE,Medium,ROUTE_PROXY_UNVALIDATED|LOW_CURRENT_SAMPLE,,,,,,,,,,
2025,1,,B.Ford-Wheaton,NYG,,WR,1.4995466530748864,20.42004165312957,,,,,,True,False,False,56.56,66.67,,,,,35,55,52,54.74,WATCH,1,1,0,6,Projection-led limited V1 signal from existing historical-test markets.,"Limited V1: opponent fit, game script, weather, recent form, and live role/injury context are not fully sourced.",,NEEDS DATA,NEEDS DATA,NEEDS DATA,DATA_NEEDS_LIVE_CONTEXT,HISTORICAL TEST ONLY,NO-GO,False,Medium,ROUTE_PROXY_UNVALIDATED|LOW_CURRENT_SAMPLE|LOW_PLAYER_SAMPLE,Medium,ROUTE_PROXY_UNVALIDATED|LOW_CURRENT_SAMPLE|LOW_PLAYER_SAMPLE|LOW_YARDAGE_SAMPLE,,,,,,,,,,
2025,1,,J.Taylor,HOU,,RB,0.8019092268457043,,20.350932676095702,2.869153939551892,,,,True,True,False,56.56,66.67,,,,,35,55,52,54.74,WATCH,1,1,0,6,Projection-led limited V1 signal from existing historical-test markets.,"Limited V1: opponent fit, game script, weather, recent form, and live role/injury context are not fully sourced.",,NEEDS DATA,NEEDS DATA,NEEDS DATA,DATA_NEEDS_LIVE_CONTEXT,HISTORICAL TEST ONLY,NO-GO,False,Medium,ROUTE_PROXY_UNVALIDATED|LOW_CURRENT_SAMPLE|LOW_PLAYER_SAMPLE,,,Medium,ROUTE_PROXY_UNVALIDATED|LOW_CURRENT_SAMPLE|LOW_PLAYER_SAMPLE|LOW_RUSH_SAMPLE,Medium,ROUTE_PROXY_UNVALIDATED|LOW_CURRENT_SAMPLE|LOW_PLAYER_SAMPLE|LOW_RUSH_SAMPLE|LOW_CARRY_SAMPLE,,,,,,
2025,1,,A.Robinson,DET,,WR,1.8740805446238875,19.594503438956465,,,,,,True,False,False,56.56,66.67,,,,,35,55,52,54.74,WATCH,1,1,0,6,Projection-led limited V1 signal from existing historical-test markets.,"Limited V1: opponent fit, game script, weather, recent form, and live role/injury context are not fully sourced.",,NEEDS DATA,NEEDS DATA,NEEDS DATA,DATA_NEEDS_LIVE_CONTEXT,HISTORICAL TEST ONLY,NO-GO,False,Medium,ROUTE_PROXY_UNVALIDATED|LOW_CURRENT_SAMPLE,Medium,ROUTE_PROXY_UNVALIDATED|LOW_CURRENT_SAMPLE,,,,,,,,,,
2025,1,,Cas.Washington,ATL,,WR,1.3986318283680022,20.41215366891817,,,,,,True,False,False,56.39,66.67,,,,,35,55,52,54.66,WATCH,1,1,0,6,Projection-led limited V1 signal from existing historical-test markets.,"Limited V1: opponent fit, game script, weather, recent form, and live role/injury context are not fully sourced.",,NEEDS DATA,NEEDS DATA,NEEDS DATA,DATA_NEEDS_LIVE_CONTEXT,HISTORICAL TEST ONLY,NO-GO,False,Medium,ROUTE_PROXY_UNVALIDATED|LOW_CURRENT_SAMPLE|LOW_PLAYER_SAMPLE,Medium,ROUTE_PROXY_UNVALIDATED|LOW_CURRENT_SAMPLE|LOW_PLAYER_SAMPLE|LOW_YARDAGE_SAMPLE,,,,,,,,,,
2025,1,,N.Bawden,NYJ,,RB,0.983999219012452,8.461190620688685,22.84464172905252,2.6422590410684146,,,,True,True,False,56.34,66.67,,,,,35,55,52,54.64,WATCH,1,1,0,6,Projection-led limited V1 signal from existing historical-test markets.,"Limited V1: opponent fit, game script, weather, recent form, and live role/injury context are not fully sourced.",,NEEDS DATA,NEEDS DATA,NEEDS DATA,DATA_NEEDS_LIVE_CONTEXT,HISTORICAL TEST ONLY,NO-GO,False,Medium,ROUTE_PROXY_UNVALIDATED|LOW_CURRENT_SAMPLE|LOW_PLAYER_SAMPLE,Medium,ROUTE_PROXY_UNVALIDATED|LOW_CURRENT_SAMPLE|LOW_PLAYER_SAMPLE|LOW_YARDAGE_SAMPLE,Medium,ROUTE_PROXY_UNVALIDATED|LOW_CURRENT_SAMPLE|LOW_PLAYER_SAMPLE|LOW_RUSH_SAMPLE,Medium,ROUTE_PROXY_UNVALIDATED|LOW_CURRENT_SAMPLE|LOW_PLAYER_SAMPLE|LOW_RUSH_SAMPLE|LOW_CARRY_SAMPLE,,,,,,
2025,1,,C.Kmet,CHI,,TE,1.8716282749886688,18.672993820792684,,,,,,True,False,False,56.25,66.67,,,,,35,55,52,54.6,WATCH,1,1,0,6,Projection-led limited V1 signal from existing historical-test markets.,"Limited V1: opponent fit, game script, weather, recent form, and live role/injury context are not fully sourced.",,NEEDS DATA,NEEDS DATA,NEEDS DATA,DATA_NEEDS_LIVE_CONTEXT,HISTORICAL TEST ONLY,NO-GO,False,Medium,ROUTE_PROXY_UNVALIDATED|LOW_CURRENT_SAMPLE,Medium,ROUTE_PROXY_UNVALIDATED|LOW_CURRENT_SAMPLE,,,,,,,,,,
2025,1,,Z.Pascal,ARI,,WR,1.8667717671624464,20.39109465543088,,,,,,True,False,False,56.23,66.67,,,,,35,55,52,54.59,WATCH,1,1,0,6,Projection-led limited V1 signal from existing historical-test markets.,"Limited V1: opponent fit, game script, weather, recent form, and live role/injury context are not fully sourced.",,NEEDS DATA,NEEDS DATA,NEEDS DATA,DATA_NEEDS_LIVE_CONTEXT,HISTORICAL TEST ONLY,NO-GO,False,Medium,ROUTE_PROXY_UNVALIDATED|LOW_CURRENT_SAMPLE,Medium,ROUTE_PROXY_UNVALIDATED|LOW_CURRENT_SAMPLE|LOW_YARDAGE_SAMPLE,,,,,,,,,,
2025,1,,D.Walker,BAL,,WR,1.041982533823054,20.32751634591082,,,,,,True,False,False,56.07,66.67,,,,,35,55,52,54.52,WATCH,1,1,0,6,Projection-led limited V1 signal from existing historical-test markets.,"Limited V1: opponent fit, game script, weather, recent form, and live role/injury context are not fully sourced.",,NEEDS DATA,NEEDS DATA,NEEDS DATA,DATA_NEEDS_LIVE_CONTEXT,HISTORICAL TEST ONLY,NO-GO,False,Medium,ROUTE_PROXY_UNVALIDATED|LOW_CURRENT_SAMPLE|LOW_PLAYER_SAMPLE,Medium,ROUTE_PROXY_UNVALIDATED|LOW_CURRENT_SAMPLE|LOW_PLAYER_SAMPLE|LOW_YARDAGE_SAMPLE,,,,,,,,,,
2025,1,,D.Byrd,ATL,,WR,1.4898042077432323,20.287374130536804,,,,,,True,False,False,55.9,66.67,,,,,35,55,52,54.44,WATCH,1,1,0,6,Projection-led limited V1 signal from existing historical-test markets.,"Limited V1: opponent fit, game script, weather, recent form, and live role/injury context are not fully sourced.",,NEEDS DATA,NEEDS DATA,NEEDS DATA,DATA_NEEDS_LIVE_CONTEXT,HISTORICAL TEST ONLY,NO-GO,False,Medium,ROUTE_PROXY_UNVALIDATED|LOW_CURRENT_SAMPLE|LOW_PLAYER_SAMPLE,Medium,ROUTE_PROXY_UNVALIDATED|LOW_CURRENT_SAMPLE|LOW_PLAYER_SAMPLE|LOW_YARDAGE_SAMPLE,,,,,,,,,,
2025,1,,E.Higgins,ARI,,TE,1.866048402021698,17.35030833315881,,,,,,True,False,False,55.62,66.67,,,,,35,55,52,54.31,WATCH,1,1,0,6,Projection-led limited V1 signal from existing historical-test markets.,"Limited V1: opponent fit, game script, weather, recent form, and live role/injury context are not fully sourced.",,NEEDS DATA,NEEDS DATA,NEEDS DATA,DATA_NEEDS_LIVE_CONTEXT,HISTORICAL TEST ONLY,NO-GO,False,Medium,ROUTE_PROXY_UNVALIDATED|LOW_CURRENT_SAMPLE,Medium,ROUTE_PROXY_UNVALIDATED|LOW_CURRENT_SAMPLE,,,,,,,,,,
2025,1,,K.Drake,GB,,RB,0.9150208146823804,9.7100489888966,20.31880701058654,2.860783665730158,,,,True,True,False,55.53,66.67,,,,,35,55,52,54.27,WATCH,1,1,0,6,Projection-led limited V1 signal from existing historical-test markets.,"Limited V1: opponent fit, game script, weather, recent form, and live role/injury context are not fully sourced.",,NEEDS DATA,NEEDS DATA,NEEDS DATA,DATA_NEEDS_LIVE_CONTEXT,HISTORICAL TEST ONLY,NO-GO,False,Medium,ROUTE_PROXY_UNVALIDATED|LOW_CURRENT_SAMPLE|LOW_PLAYER_SAMPLE,Medium,ROUTE_PROXY_UNVALIDATED|LOW_CURRENT_SAMPLE|LOW_PLAYER_SAMPLE|LOW_YARDAGE_SAMPLE,Medium,ROUTE_PROXY_UNVALIDATED|LOW_CURRENT_SAMPLE|LOW_PLAYER_SAMPLE|LOW_RUSH_SAMPLE,Medium,ROUTE_PROXY_UNVALIDATED|LOW_CURRENT_SAMPLE|LOW_PLAYER_SAMPLE|LOW_RUSH_SAMPLE|LOW_CARRY_SAMPLE,,,,,,
2025,1,,M.Bandy,DEN,,WR,1.4435934197511966,19.65809980040085,,,,,,True,False,False,55.41,66.67,,,,,35,55,52,54.22,WATCH,1,1,0,6,Projection-led limited V1 signal from existing historical-test markets.,"Limited V1: opponent fit, game script, weather, recent form, and live role/injury context are not fully sourced.",,NEEDS DATA,NEEDS DATA,NEEDS DATA,DATA_NEEDS_LIVE_CONTEXT,HISTORICAL TEST ONLY,NO-GO,False,Medium,ROUTE_PROXY_UNVALIDATED|LOW_CURRENT_SAMPLE|LOW_PLAYER_SAMPLE,Medium,ROUTE_PROXY_UNVALIDATED|LOW_CURRENT_SAMPLE|LOW_PLAYER_SAMPLE|LOW_YARDAGE_SAMPLE,,,,,,,,,,
2025,1,,J.Shenker,LV,,TE,1.84888184556835,14.829104687625914,,,,,,True,False,False,55.31,66.67,,,,,35,55,52,54.17,WATCH,1,1,0,6,Projection-led limited V1 signal from existing historical-test markets.,"Limited V1: opponent fit, game script, weather, recent form, and live role/injury context are not fully sourced.",,NEEDS DATA,NEEDS DATA,NEEDS DATA,DATA_NEEDS_LIVE_CONTEXT,HISTORICAL TEST ONLY,NO-GO,False,Medium,ROUTE_PROXY_UNVALIDATED|LOW_CURRENT_SAMPLE|LOW_PLAYER_SAMPLE,Medium,ROUTE_PROXY_UNVALIDATED|LOW_CURRENT_SAMPLE|LOW_PLAYER_SAMPLE|LOW_YARDAGE_SAMPLE,,,,,,,,,,
2025,1,,M.Wilcox,CIN,,TE,1.839886521321371,17.058346624331985,,,,,,True,False,False,55.16,66.67,,,,,35,55,52,54.11,WATCH,1,1,0,6,Projection-led limited V1 signal from existing historical-test markets.,"Limited V1: opponent fit, game script, weather, recent form, and live role/injury context are not fully sourced.",,NEEDS DATA,NEEDS DATA,NEEDS DATA,DATA_NEEDS_LIVE_CONTEXT,HISTORICAL TEST ONLY,NO-GO,False,Medium,ROUTE_PROXY_UNVALIDATED|LOW_CURRENT_SAMPLE,Medium,ROUTE_PROXY_UNVALIDATED|LOW_CURRENT_SAMPLE|LOW_YARDAGE_SAMPLE,,,,,,,,,,
2025,1,,T.Chandler,MIN,,RB,0.9935236176076754,8.474574207961798,20.3972738103567,2.860224115544069,,,,True,True,False,54.92,66.67,,,,,35,55,52,54.0,WATCH,1,1,0,6,Projection-led limited V1 signal from existing historical-test markets.,"Limited V1: opponent fit, game script, weather, recent form, and live role/injury context are not fully sourced.",,NEEDS DATA,NEEDS DATA,NEEDS DATA,DATA_NEEDS_LIVE_CONTEXT,HISTORICAL TEST ONLY,NO-GO,False,Medium,ROUTE_PROXY_UNVALIDATED|LOW_CURRENT_SAMPLE,Medium,ROUTE_PROXY_UNVALIDATED|LOW_CURRENT_SAMPLE,Medium,ROUTE_PROXY_UNVALIDATED|LOW_CURRENT_SAMPLE,Medium,ROUTE_PROXY_UNVALIDATED|LOW_CURRENT_SAMPLE,,,,,,
2025,1,,I.Likely,BAL,,TE,1.5534624937683268,19.555540351861247,,,,,,True,False,False,54.75,66.67,,,,,35,55,52,53.92,WATCH,1,1,0,6,Projection-led limited V1 signal from existing historical-test markets.,"Limited V1: opponent fit, game script, weather, recent form, and live role/injury context are not fully sourced.",,NEEDS DATA,NEEDS DATA,NEEDS DATA,DATA_NEEDS_LIVE_CONTEXT,HISTORICAL TEST ONLY,NO-GO,False,Medium,ROUTE_PROXY_UNVALIDATED|LOW_CURRENT_SAMPLE,Medium,ROUTE_PROXY_UNVALIDATED|LOW_CURRENT_SAMPLE,,,,,,,,,,
2025,1,,P.Durham,TB,,TE,1.827796109613968,19.004456929883744,,,,,,True,False,False,54.53,66.67,,,,,35,55,52,53.82,WATCH,1,1,0,6,Projection-led limited V1 signal from existing historical-test markets.,"Limited V1: opponent fit, game script, weather, recent form, and live role/injury context are not fully sourced.",,NEEDS DATA,NEEDS DATA,NEEDS DATA,DATA_NEEDS_LIVE_CONTEXT,HISTORICAL TEST ONLY,NO-GO,False,Medium,ROUTE_PROXY_UNVALIDATED|LOW_CURRENT_SAMPLE,Medium,ROUTE_PROXY_UNVALIDATED|LOW_CURRENT_SAMPLE,,,,,,,,,,
2025,1,,Ty.Johnson,BUF,,RB,0.98066066675096,13.581566084833335,21.363098249793584,2.8544668518790752,,,,True,True,False,54.51,66.67,,,,,35,55,52,53.81,WATCH,1,1,0,6,Projection-led limited V1 signal from existing historical-test markets.,"Limited V1: opponent fit, game script, weather, recent form, and live role/injury context are not fully sourced.",,NEEDS DATA,NEEDS DATA,NEEDS DATA,DATA_NEEDS_LIVE_CONTEXT,HISTORICAL TEST ONLY,NO-GO,False,Medium,ROUTE_PROXY_UNVALIDATED|LOW_CURRENT_SAMPLE,Medium,ROUTE_PROXY_UNVALIDATED|LOW_CURRENT_SAMPLE,Medium,ROUTE_PROXY_UNVALIDATED|LOW_CURRENT_SAMPLE,Medium,ROUTE_PROXY_UNVALIDATED|LOW_CURRENT_SAMPLE,,,,,,
2025,1,,C.Brooks,GB,,RB,0.995940329684784,7.623784544501433,21.908000985538973,2.0378440994897176,,,,True,True,False,54.48,66.67,,,,,35,55,52,53.8,WATCH,1,1,0,6,Projection-led limited V1 signal from existing historical-test markets.,"Limited V1: opponent fit, game script, weather, recent form, and live role/injury context are not fully sourced.",,NEEDS DATA,NEEDS DATA,NEEDS DATA,DATA_NEEDS_LIVE_CONTEXT,HISTORICAL TEST ONLY,NO-GO,False,Medium,ROUTE_PROXY_UNVALIDATED|LOW_CURRENT_SAMPLE,Medium,ROUTE_PROXY_UNVALIDATED|LOW_CURRENT_SAMPLE,Medium,ROUTE_PROXY_UNVALIDATED|LOW_CURRENT_SAMPLE,Medium,ROUTE_PROXY_UNVALIDATED|LOW_CURRENT_SAMPLE,,,,,,
2025,1,,D.Chark,LAC,,WR,1.79345363928186,19.405980265158327,,,,,,True,False,False,54.43,66.67,,,,,35,55,52,53.78,WATCH,1,1,0,6,Projection-led limited V1 signal from existing historical-test markets.,"Limited V1: opponent fit, game script, weather, recent form, and live role/injury context are not fully sourced.",,NEEDS DATA,NEEDS DATA,NEEDS DATA,DATA_NEEDS_LIVE_CONTEXT,HISTORICAL TEST ONLY,NO-GO,False,Medium,ROUTE_PROXY_UNVALIDATED|LOW_CURRENT_SAMPLE,Medium,ROUTE_PROXY_UNVALIDATED|LOW_CURRENT_SAMPLE,,,,,,,,,,
2025,1,,J.Graham,NO,,TE,1.82533567499008,17.023803748177144,,,,,,True,False,False,54.37,66.67,,,,,35,55,52,53.75,WATCH,1,1,0,6,Projection-led limited V1 signal from existing historical-test markets.,"Limited V1: opponent fit, game script, weather, recent form, and live role/injury context are not fully sourced.",,NEEDS DATA,NEEDS DATA,NEEDS DATA,DATA_NEEDS_LIVE_CONTEXT,HISTORICAL TEST ONLY,NO-GO,False,Medium,ROUTE_PROXY_UNVALIDATED|LOW_CURRENT_SAMPLE|LOW_PLAYER_SAMPLE,Medium,ROUTE_PROXY_UNVALIDATED|LOW_CURRENT_SAMPLE|LOW_PLAYER_SAMPLE|LOW_YARDAGE_SAMPLE,,,,,,,,,,
2025,1,,D.Johnson,JAX,,RB,1.0350512890539445,10.185067265443088,17.099809544934644,2.832782325405085,,,,True,True,False,54.1,66.67,,,,,35,55,52,53.63,WATCH,1,1,0,6,Projection-led limited V1 signal from existing historical-test markets.,"Limited V1: opponent fit, game script, weather, recent form, and live role/injury context are not fully sourced.",,NEEDS DATA,NEEDS DATA,NEEDS DATA,DATA_NEEDS_LIVE_CONTEXT,HISTORICAL TEST ONLY,NO-GO,False,Medium,ROUTE_PROXY_UNVALIDATED|LOW_CURRENT_SAMPLE,Medium,ROUTE_PROXY_UNVALIDATED|LOW_CURRENT_SAMPLE,Medium,ROUTE_PROXY_UNVALIDATED|LOW_CURRENT_SAMPLE,Medium,ROUTE_PROXY_UNVALIDATED|LOW_CURRENT_SAMPLE,,,,,,
2025,1,,R.Bell,SF,,WR,1.515609099137765,19.009252795480435,,,,,,True,False,False,53.93,66.67,,,,,35,55,52,53.55,WATCH,1,1,0,6,Projection-led limited V1 signal from existing historical-test markets.,"Limited V1: opponent fit, game script, weather, recent form, and live role/injury context are not fully sourced.",,NEEDS DATA,NEEDS DATA,NEEDS DATA,DATA_NEEDS_LIVE_CONTEXT,HISTORICAL TEST ONLY,NO-GO,False,Medium,ROUTE_PROXY_UNVALIDATED|LOW_CURRENT_SAMPLE,Medium,ROUTE_PROXY_UNVALIDATED|LOW_CURRENT_SAMPLE|LOW_YARDAGE_SAMPLE,,,,,,,,,,
2025,1,,R.James,KC,,WR,1.4186719775654248,18.79798007358995,,,,,,True,False,False,53.44,66.67,,,,,35,55,52,53.33,WATCH,1,1,0,6,Projection-led limited V1 signal from existing historical-test markets.,"Limited V1: opponent fit, game script, weather, recent form, and live role/injury context are not fully sourced.",,NEEDS DATA,NEEDS DATA,NEEDS DATA,DATA_NEEDS_LIVE_CONTEXT,HISTORICAL TEST ONLY,NO-GO,False,Medium,ROUTE_PROXY_UNVALIDATED|LOW_CURRENT_SAMPLE,Medium,ROUTE_PROXY_UNVALIDATED|LOW_CURRENT_SAMPLE,,,,,,,,,,
2025,1,,K.McIntosh,SEA,,RB,0.8184941510665459,7.105449798751712,21.75682534578186,2.437214482303657,,,,True,True,False,53.36,66.67,,,,,35,55,52,53.3,WATCH,1,1,0,6,Projection-led limited V1 signal from existing historical-test markets.,"Limited V1: opponent fit, game script, weather, recent form, and live role/injury context are not fully sourced.",,NEEDS DATA,NEEDS DATA,NEEDS DATA,DATA_NEEDS_LIVE_CONTEXT,HISTORICAL TEST ONLY,NO-GO,False,Medium,ROUTE_PROXY_UNVALIDATED|LOW_CURRENT_SAMPLE|LOW_PLAYER_SAMPLE,Medium,ROUTE_PROXY_UNVALIDATED|LOW_CURRENT_SAMPLE|LOW_PLAYER_SAMPLE|LOW_YARDAGE_SAMPLE,Medium,ROUTE_PROXY_UNVALIDATED|LOW_CURRENT_SAMPLE|LOW_PLAYER_SAMPLE,Medium,ROUTE_PROXY_UNVALIDATED|LOW_CURRENT_SAMPLE|LOW_PLAYER_SAMPLE,,,,,,
2025,1,,M.Lloyd,GB,,RB,1.2734421549338215,6.807524870892865,21.17324061493524,2.799278079411242,,,,True,True,False,53.28,66.67,,,,,35,55,52,53.26,WATCH,1,1,0,6,Projection-led limited V1 signal from existing historical-test markets.,"Limited V1: opponent fit, game script, weather, recent form, and live role/injury context are not fully sourced.",,NEEDS DATA,NEEDS DATA,NEEDS DATA,DATA_NEEDS_LIVE_CONTEXT,HISTORICAL TEST ONLY,NO-GO,False,Medium,ROUTE_PROXY_UNVALIDATED|LOW_CURRENT_SAMPLE|LOW_PLAYER_SAMPLE,Medium,ROUTE_PROXY_UNVALIDATED|LOW_CURRENT_SAMPLE|LOW_PLAYER_SAMPLE|LOW_YARDAGE_SAMPLE,Medium,ROUTE_PROXY_UNVALIDATED|LOW_CURRENT_SAMPLE|LOW_PLAYER_SAMPLE|LOW_RUSH_SAMPLE,Medium,ROUTE_PROXY_UNVALIDATED|LOW_CURRENT_SAMPLE|LOW_PLAYER_SAMPLE|LOW_RUSH_SAMPLE|LOW_CARRY_SAMPLE,,,,,,
2025,1,,N.Agholor,BAL,,WR,1.1837860024450264,18.78044517687791,,,,,,True,False,False,53.28,66.67,,,,,35,55,52,53.26,WATCH,1,1,0,6,Projection-led limited V1 signal from existing historical-test markets.,"Limited V1: opponent fit, game script, weather, recent form, and live role/injury context are not fully sourced.",,NEEDS DATA,NEEDS DATA,NEEDS DATA,DATA_NEEDS_LIVE_CONTEXT,HISTORICAL TEST ONLY,NO-GO,False,Medium,ROUTE_PROXY_UNVALIDATED|LOW_CURRENT_SAMPLE,Medium,ROUTE_PROXY_UNVALIDATED|LOW_CURRENT_SAMPLE,,,,,,,,,,
2025,1,,J.Mundt,MIN,,TE,1.8043642722693547,16.066509328592105,,,,,,True,False,False,53.28,66.67,,,,,35,55,52,53.26,WATCH,1,1,0,6,Projection-led limited V1 signal from existing historical-test markets.,"Limited V1: opponent fit, game script, weather, recent form, and live role/injury context are not fully sourced.",,NEEDS DATA,NEEDS DATA,NEEDS DATA,DATA_NEEDS_LIVE_CONTEXT,HISTORICAL TEST ONLY,NO-GO,False,Medium,ROUTE_PROXY_UNVALIDATED|LOW_CURRENT_SAMPLE,Medium,ROUTE_PROXY_UNVALIDATED|LOW_CURRENT_SAMPLE,,,,,,,,,,
2025,1,,N.Adkins,DEN,,TE,1.8040278962770928,15.663201821319392,,,,,,True,False,False,53.12,66.67,,,,,35,55,52,53.19,WATCH,1,1,0,6,Projection-led limited V1 signal from existing historical-test markets.,"Limited V1: opponent fit, game script, weather, recent form, and live role/injury context are not fully sourced.",,NEEDS DATA,NEEDS DATA,NEEDS DATA,DATA_NEEDS_LIVE_CONTEXT,HISTORICAL TEST ONLY,NO-GO,False,Medium,ROUTE_PROXY_UNVALIDATED|LOW_CURRENT_SAMPLE,Medium,ROUTE_PROXY_UNVALIDATED|LOW_CURRENT_SAMPLE,,,,,,,,,,
2025,1,,N.Vannett,TEN,,TE,1.803131428919248,15.455924041329126,,,,,,True,False,False,52.97,66.67,,,,,35,55,52,53.12,WATCH,1,1,0,6,Projection-led limited V1 signal from existing historical-test markets.,"Limited V1: opponent fit, game script, weather, recent form, and live role/injury context are not fully sourced.",,NEEDS DATA,NEEDS DATA,NEEDS DATA,DATA_NEEDS_LIVE_CONTEXT,HISTORICAL TEST ONLY,NO-GO,False,Medium,ROUTE_PROXY_UNVALIDATED|LOW_CURRENT_SAMPLE,Medium,ROUTE_PROXY_UNVALIDATED|LOW_CURRENT_SAMPLE,,,,,,,,,,
2025,1,,T.Montgomery,NE,,WR,1.4783990564350251,18.66039177800615,,,,,,True,False,False,52.95,66.67,,,,,35,55,52,53.11,WATCH,1,1,0,6,Projection-led limited V1 signal from existing historical-test markets.,"Limited V1: opponent fit, game script, weather, recent form, and live role/injury context are not fully sourced.",,NEEDS DATA,NEEDS DATA,NEEDS DATA,DATA_NEEDS_LIVE_CONTEXT,HISTORICAL TEST ONLY,NO-GO,False,Medium,ROUTE_PROXY_UNVALIDATED|LOW_CURRENT_SAMPLE,Medium,ROUTE_PROXY_UNVALIDATED|LOW_CURRENT_SAMPLE|LOW_YARDAGE_SAMPLE,,,,,,,,,,
2025,1,,L.Treadwell,BAL,,WR,1.3001283779623134,18.656934824344724,,,,,,True,False,False,52.79,66.67,,,,,35,55,52,53.04,WATCH,1,1,0,6,Projection-led limited V1 signal from existing historical-test markets.,"Limited V1: opponent fit, game script, weather, recent form, and live role/injury context are not fully sourced.",,NEEDS DATA,NEEDS DATA,NEEDS DATA,DATA_NEEDS_LIVE_CONTEXT,HISTORICAL TEST ONLY,NO-GO,False,Medium,ROUTE_PROXY_UNVALIDATED|LOW_CURRENT_SAMPLE|LOW_PLAYER_SAMPLE,Medium,ROUTE_PROXY_UNVALIDATED|LOW_CURRENT_SAMPLE|LOW_PLAYER_SAMPLE|LOW_YARDAGE_SAMPLE,,,,,,,,,,
2025,1,,P.Campbell,PHI,,WR,1.799063458892021,13.69906709070919,,,,,,True,False,False,52.66,66.67,,,,,35,55,52,52.98,WATCH,1,1,0,6,Projection-led limited V1 signal from existing historical-test markets.,"Limited V1: opponent fit, game script, weather, recent form, and live role/injury context are not fully sourced.",,NEEDS DATA,NEEDS DATA,NEEDS DATA,DATA_NEEDS_LIVE_CONTEXT,HISTORICAL TEST ONLY,NO-GO,False,Medium,ROUTE_PROXY_UNVALIDATED|LOW_CURRENT_SAMPLE,Medium,ROUTE_PROXY_UNVALIDATED|LOW_CURRENT_SAMPLE,,,,,,,,,,
2025,1,,J.Corbin,NYG,,RB,0.97591240321105,7.698277466483466,21.299768602797684,2.250554994559596,,,,True,True,False,52.61,66.67,,,,,35,55,52,52.96,WATCH,1,1,0,6,Projection-led limited V1 signal from existing historical-test markets.,"Limited V1: opponent fit, game script, weather, recent form, and live role/injury context are not fully sourced.",,NEEDS DATA,NEEDS DATA,NEEDS DATA,DATA_NEEDS_LIVE_CONTEXT,HISTORICAL TEST ONLY,NO-GO,False,Medium,ROUTE_PROXY_UNVALIDATED|LOW_CURRENT_SAMPLE|LOW_PLAYER_SAMPLE,Medium,ROUTE_PROXY_UNVALIDATED|LOW_CURRENT_SAMPLE|LOW_PLAYER_SAMPLE|LOW_YARDAGE_SAMPLE,Medium,ROUTE_PROXY_UNVALIDATED|LOW_CURRENT_SAMPLE|LOW_PLAYER_SAMPLE|LOW_RUSH_SAMPLE,Medium,ROUTE_PROXY_UNVALIDATED|LOW_CURRENT_SAMPLE|LOW_PLAYER_SAMPLE|LOW_RUSH_SAMPLE|LOW_CARRY_SAMPLE,,,,,,
2025,1,,M.Slater,NE,,WR,1.3652588930980307,18.59138120658065,,,,,,True,False,False,52.54,66.67,,,,,35,55,52,52.93,WATCH,1,1,0,6,Projection-led limited V1 signal from existing historical-test markets.,"Limited V1: opponent fit, game script, weather, recent form, and live role/injury context are not fully sourced.",,NEEDS DATA,NEEDS DATA,NEEDS DATA,DATA_NEEDS_LIVE_CONTEXT,HISTORICAL TEST ONLY,NO-GO,False,Medium,ROUTE_PROXY_UNVALIDATED|LOW_CURRENT_SAMPLE|LOW_PLAYER_SAMPLE,Medium,ROUTE_PROXY_UNVALIDATED|LOW_CURRENT_SAMPLE|LOW_PLAYER_SAMPLE|LOW_YARDAGE_SAMPLE,,,,,,,,,,
2025,1,,M.Cunningham,NE,,WR,1.3652588930980307,18.59138120658065,,,,,,True,False,False,52.54,66.67,,,,,35,55,52,52.93,WATCH,1,1,0,6,Projection-led limited V1 signal from existing historical-test markets.,"Limited V1: opponent fit, game script, weather, recent form, and live role/injury context are not fully sourced.",,NEEDS DATA,NEEDS DATA,NEEDS DATA,DATA_NEEDS_LIVE_CONTEXT,HISTORICAL TEST ONLY,NO-GO,False,Medium,ROUTE_PROXY_UNVALIDATED|LOW_CURRENT_SAMPLE|LOW_PLAYER_SAMPLE,Medium,ROUTE_PROXY_UNVALIDATED|LOW_CURRENT_SAMPLE|LOW_PLAYER_SAMPLE|LOW_YARDAGE_SAMPLE,,,,,,,,,,
2025,1,,C.Turner,WAS,,TE,1.793861022050275,18.29584007195344,,,,,,True,False,False,52.5,66.67,,,,,35,55,52,52.91,WATCH,1,1,0,6,Projection-led limited V1 signal from existing historical-test markets.,"Limited V1: opponent fit, game script, weather, recent form, and live role/injury context are not fully sourced.",,NEEDS DATA,NEEDS DATA,NEEDS DATA,DATA_NEEDS_LIVE_CONTEXT,HISTORICAL TEST ONLY,NO-GO,False,Medium,ROUTE_PROXY_UNVALIDATED|LOW_CURRENT_SAMPLE,Medium,ROUTE_PROXY_UNVALIDATED|LOW_CURRENT_SAMPLE,,,,,,,,,,
2025,1,,D.Parham,LAC,,TE,1.7895375057712335,18.126513034387767,,,,,,True,False,False,52.19,66.67,,,,,35,55,52,52.77,WATCH,1,1,0,6,Projection-led limited V1 signal from existing historical-test markets.,"Limited V1: opponent fit, game script, weather, recent form, and live role/injury context are not fully sourced.",,NEEDS DATA,NEEDS DATA,NEEDS DATA,DATA_NEEDS_LIVE_CONTEXT,HISTORICAL TEST ONLY,NO-GO,False,Medium,ROUTE_PROXY_UNVALIDATED|LOW_CURRENT_SAMPLE,Medium,ROUTE_PROXY_UNVALIDATED|LOW_CURRENT_SAMPLE,,,,,,,,,,
2025,1,,J.Mitchell,DET,,TE,1.7162971408226917,18.554820985310563,,,,,,True,False,False,52.13,66.67,,,,,35,55,52,52.74,WATCH,1,1,0,6,Projection-led limited V1 signal from existing historical-test markets.,"Limited V1: opponent fit, game script, weather, recent form, and live role/injury context are not fully sourced.",,NEEDS DATA,NEEDS DATA,NEEDS DATA,DATA_NEEDS_LIVE_CONTEXT,HISTORICAL TEST ONLY,NO-GO,False,Medium,ROUTE_PROXY_UNVALIDATED|LOW_CURRENT_SAMPLE|LOW_PLAYER_SAMPLE,Medium,ROUTE_PROXY_UNVALIDATED|LOW_CURRENT_SAMPLE|LOW_PLAYER_SAMPLE|LOW_YARDAGE_SAMPLE,,,,,,,,,,
2025,1,,T.Goodson,IND,,RB,0.8677411603847778,5.623992597684315,18.170682033271607,2.7906962831976894,,,,True,True,False,52.05,66.67,,,,,35,55,52,52.71,WATCH,1,1,0,6,Projection-led limited V1 signal from existing historical-test markets.,"Limited V1: opponent fit, game script, weather, recent form, and live role/injury context are not fully sourced.",,NEEDS DATA,NEEDS DATA,NEEDS DATA,DATA_NEEDS_LIVE_CONTEXT,HISTORICAL TEST ONLY,NO-GO,False,Medium,ROUTE_PROXY_UNVALIDATED|LOW_CURRENT_SAMPLE,Medium,ROUTE_PROXY_UNVALIDATED|LOW_CURRENT_SAMPLE,Medium,ROUTE_PROXY_UNVALIDATED|LOW_CURRENT_SAMPLE,Medium,ROUTE_PROXY_UNVALIDATED|LOW_CURRENT_SAMPLE,,,,,,
2025,1,,D.Holker,NO,,TE,1.776821288785191,14.25113722964723,,,,,,True,False,False,51.88,66.67,,,,,35,55,52,52.63,WATCH,1,1,0,6,Projection-led limited V1 signal from existing historical-test markets.,"Limited V1: opponent fit, game script, weather, recent form, and live role/injury context are not fully sourced.",,NEEDS DATA,NEEDS DATA,NEEDS DATA,DATA_NEEDS_LIVE_CONTEXT,HISTORICAL TEST ONLY,NO-GO,False,Medium,ROUTE_PROXY_UNVALIDATED|LOW_CURRENT_SAMPLE|LOW_PLAYER_SAMPLE,Medium,ROUTE_PROXY_UNVALIDATED|LOW_CURRENT_SAMPLE|LOW_PLAYER_SAMPLE|LOW_YARDAGE_SAMPLE,,,,,,,,,,
2025,1,,J.Virgil,BUF,,WR,1.3540682464332927,18.438992836034902,,,,,,True,False,False,51.8,66.67,,,,,35,55,52,52.59,WATCH,1,1,0,6,Projection-led limited V1 signal from existing historical-test markets.,"Limited V1: opponent fit, game script, weather, recent form, and live role/injury context are not fully sourced.",,NEEDS DATA,NEEDS DATA,NEEDS DATA,DATA_NEEDS_LIVE_CONTEXT,HISTORICAL TEST ONLY,NO-GO,False,Medium,ROUTE_PROXY_UNVALIDATED|LOW_CURRENT_SAMPLE|LOW_PLAYER_SAMPLE,Medium,ROUTE_PROXY_UNVALIDATED|LOW_CURRENT_SAMPLE|LOW_PLAYER_SAMPLE|LOW_YARDAGE_SAMPLE,,,,,,,,,,
2025,1,,I.Smith-Marsette,NYG,,WR,1.4995466530748864,18.40096274132125,,,,,,True,False,False,51.64,66.67,,,,,35,55,52,52.52,WATCH,1,1,0,6,Projection-led limited V1 signal from existing historical-test markets.,"Limited V1: opponent fit, game script, weather, recent form, and live role/injury context are not fully sourced.",,NEEDS DATA,NEEDS DATA,NEEDS DATA,DATA_NEEDS_LIVE_CONTEXT,HISTORICAL TEST ONLY,NO-GO,False,Medium,ROUTE_PROXY_UNVALIDATED|LOW_CURRENT_SAMPLE,Medium,ROUTE_PROXY_UNVALIDATED|LOW_CURRENT_SAMPLE|LOW_YARDAGE_SAMPLE,,,,,,,,,,
2025,1,,M.Washington,KC,,WR,1.342877599768555,18.28660446548916,,,,,,True,False,False,51.31,66.67,,,,,35,55,52,52.37,WATCH,1,1,0,6,Projection-led limited V1 signal from existing historical-test markets.,"Limited V1: opponent fit, game script, weather, recent form, and live role/injury context are not fully sourced.",,NEEDS DATA,NEEDS DATA,NEEDS DATA,DATA_NEEDS_LIVE_CONTEXT,HISTORICAL TEST ONLY,NO-GO,False,Medium,ROUTE_PROXY_UNVALIDATED|LOW_CURRENT_SAMPLE|LOW_PLAYER_SAMPLE,Medium,ROUTE_PROXY_UNVALIDATED|LOW_CURRENT_SAMPLE|LOW_PLAYER_SAMPLE|LOW_YARDAGE_SAMPLE,,,,,,,,,,
2025,1,,T.Tremble,CAR,,TE,1.7636865679716411,17.443337446785037,,,,,,True,False,False,51.25,66.67,,,,,35,55,52,52.35,WATCH,1,1,0,6,Projection-led limited V1 signal from existing historical-test markets.,"Limited V1: opponent fit, game script, weather, recent form, and live role/injury context are not fully sourced.",,NEEDS DATA,NEEDS DATA,NEEDS DATA,DATA_NEEDS_LIVE_CONTEXT,HISTORICAL TEST ONLY,NO-GO,False,Medium,ROUTE_PROXY_UNVALIDATED|LOW_CURRENT_SAMPLE,Medium,ROUTE_PROXY_UNVALIDATED|LOW_CURRENT_SAMPLE,,,,,,,,,,
2025,1,,D.Evans,CHI,,RB,0.8997353982850406,7.736624751299367,13.248609129898648,2.754990596632456,,,,True,True,False,51.23,66.67,,,,,35,55,52,52.34,WATCH,1,1,0,6,Projection-led limited V1 signal from existing historical-test markets.,"Limited V1: opponent fit, game script, weather, recent form, and live role/injury context are not fully sourced.",,NEEDS DATA,NEEDS DATA,NEEDS DATA,DATA_NEEDS_LIVE_CONTEXT,HISTORICAL TEST ONLY,NO-GO,False,Medium,ROUTE_PROXY_UNVALIDATED|LOW_CURRENT_SAMPLE,Medium,ROUTE_PROXY_UNVALIDATED|LOW_CURRENT_SAMPLE|LOW_YARDAGE_SAMPLE,Medium,ROUTE_PROXY_UNVALIDATED|LOW_CURRENT_SAMPLE,Medium,ROUTE_PROXY_UNVALIDATED|LOW_CURRENT_SAMPLE,,,,,,
2025,1,,H.Long,LA,,TE,1.754203068777318,16.467785574250573,,,,,,True,False,False,51.09,66.67,,,,,35,55,52,52.27,WATCH,1,1,0,6,Projection-led limited V1 signal from existing historical-test markets.,"Limited V1: opponent fit, game script, weather, recent form, and live role/injury context are not fully sourced.",,NEEDS DATA,NEEDS DATA,NEEDS DATA,DATA_NEEDS_LIVE_CONTEXT,HISTORICAL TEST ONLY,NO-GO,False,Medium,ROUTE_PROXY_UNVALIDATED|LOW_CURRENT_SAMPLE,Medium,ROUTE_PROXY_UNVALIDATED|LOW_CURRENT_SAMPLE|LOW_YARDAGE_SAMPLE,,,,,,,,,,
2025,1,,T.Conner,MIA,,TE,1.754081160487711,13.36306521754842,,,,,,True,False,False,50.94,66.67,,,,,35,55,52,52.21,WATCH,1,1,0,6,Projection-led limited V1 signal from existing historical-test markets.,"Limited V1: opponent fit, game script, weather, recent form, and live role/injury context are not fully sourced.",,NEEDS DATA,NEEDS DATA,NEEDS DATA,DATA_NEEDS_LIVE_CONTEXT,HISTORICAL TEST ONLY,NO-GO,False,Medium,ROUTE_PROXY_UNVALIDATED|LOW_CURRENT_SAMPLE|LOW_PLAYER_SAMPLE,Medium,ROUTE_PROXY_UNVALIDATED|LOW_CURRENT_SAMPLE|LOW_PLAYER_SAMPLE|LOW_YARDAGE_SAMPLE,,,,,,,,,,
2025,1,,J.Kelley,TEN,,RB,0.8218754914741292,5.744090278667617,12.94746018660622,2.7442041867026084,,,,True,True,False,50.82,66.67,,,,,35,55,52,52.15,WATCH,1,1,0,6,Projection-led limited V1 signal from existing historical-test markets.,"Limited V1: opponent fit, game script, weather, recent form, and live role/injury context are not fully sourced.",,NEEDS DATA,NEEDS DATA,NEEDS DATA,DATA_NEEDS_LIVE_CONTEXT,HISTORICAL TEST ONLY,NO-GO,False,Medium,ROUTE_PROXY_UNVALIDATED|LOW_CURRENT_SAMPLE,Medium,ROUTE_PROXY_UNVALIDATED|LOW_CURRENT_SAMPLE|LOW_YARDAGE_SAMPLE,Medium,ROUTE_PROXY_UNVALIDATED|LOW_CURRENT_SAMPLE,Medium,ROUTE_PROXY_UNVALIDATED|LOW_CURRENT_SAMPLE,,,,,,
2025,1,,D.Knox,BUF,,TE,1.3996005544142929,18.04181262124709,,,,,,True,False,False,50.82,66.67,,,,,35,55,52,52.15,WATCH,1,1,0,6,Projection-led limited V1 signal from existing historical-test markets.,"Limited V1: opponent fit, game script, weather, recent form, and live role/injury context are not fully sourced.",,NEEDS DATA,NEEDS DATA,NEEDS DATA,DATA_NEEDS_LIVE_CONTEXT,HISTORICAL TEST ONLY,NO-GO,False,Medium,ROUTE_PROXY_UNVALIDATED|LOW_CURRENT_SAMPLE,Medium,ROUTE_PROXY_UNVALIDATED|LOW_CURRENT_SAMPLE,,,,,,,,,,
2025,1,,S.Sims,BAL,,WR,1.7520775359820653,13.287934885817576,,,,,,True,False,False,50.78,66.67,,,,,35,55,52,52.14,WATCH,1,1,0,6,Projection-led limited V1 signal from existing historical-test markets.,"Limited V1: opponent fit, game script, weather, recent form, and live role/injury context are not fully sourced.",,NEEDS DATA,NEEDS DATA,NEEDS DATA,DATA_NEEDS_LIVE_CONTEXT,HISTORICAL TEST ONLY,NO-GO,False,Medium,ROUTE_PROXY_UNVALIDATED|LOW_CURRENT_SAMPLE|LOW_PLAYER_SAMPLE,Medium,ROUTE_PROXY_UNVALIDATED|LOW_CURRENT_SAMPLE|LOW_PLAYER_SAMPLE|LOW_YARDAGE_SAMPLE,,,,,,,,,,
2025,1,,T.Thornton,NE,,WR,1.4672541293338728,17.944844683495603,,,,,,True,False,False,50.66,66.67,,,,,35,55,52,52.08,WATCH,1,1,0,6,Projection-led limited V1 signal from existing historical-test markets.,"Limited V1: opponent fit, game script, weather, recent form, and live role/injury context are not fully sourced.",,NEEDS DATA,NEEDS DATA,NEEDS DATA,DATA_NEEDS_LIVE_CONTEXT,HISTORICAL TEST ONLY,NO-GO,False,Medium,ROUTE_PROXY_UNVALIDATED|LOW_CURRENT_SAMPLE,Medium,ROUTE_PROXY_UNVALIDATED|LOW_CURRENT_SAMPLE,,,,,,,,,,
2025,1,,L.Krull,DEN,,TE,1.7409033169658723,15.158070098532582,,,,,,True,False,False,50.47,66.67,,,,,35,55,52,52.0,WATCH,1,1,0,6,Projection-led limited V1 signal from existing historical-test markets.,"Limited V1: opponent fit, game script, weather, recent form, and live role/injury context are not fully sourced.",,NEEDS DATA,NEEDS DATA,NEEDS DATA,DATA_NEEDS_LIVE_CONTEXT,HISTORICAL TEST ONLY,NO-GO,False,Medium,ROUTE_PROXY_UNVALIDATED|LOW_CURRENT_SAMPLE,Medium,ROUTE_PROXY_UNVALIDATED|LOW_CURRENT_SAMPLE,,,,,,,,,,
2025,1,,C.Reynolds,DET,,RB,0.9498627579417952,12.079504488375058,20.5453317991764,2.384086499442367,,,,True,True,False,50.37,66.67,,,,,35,55,52,51.95,WATCH,1,1,0,6,Projection-led limited V1 signal from existing historical-test markets.,"Limited V1: opponent fit, game script, weather, recent form, and live role/injury context are not fully sourced.",,NEEDS DATA,NEEDS DATA,NEEDS DATA,DATA_NEEDS_LIVE_CONTEXT,HISTORICAL TEST ONLY,NO-GO,False,Medium,ROUTE_PROXY_UNVALIDATED|LOW_CURRENT_SAMPLE,Medium,ROUTE_PROXY_UNVALIDATED|LOW_CURRENT_SAMPLE|LOW_YARDAGE_SAMPLE,Medium,ROUTE_PROXY_UNVALIDATED|LOW_CURRENT_SAMPLE,Medium,ROUTE_PROXY_UNVALIDATED|LOW_CURRENT_SAMPLE,,,,,,
2025,1,,A.Isabella,BUF,,WR,1.3080299260545611,17.812067079609726,,,,,,True,False,False,50.33,66.67,,,,,35,55,52,51.93,WATCH,1,1,0,6,Projection-led limited V1 signal from existing historical-test markets.,"Limited V1: opponent fit, game script, weather, recent form, and live role/injury context are not fully sourced.",,NEEDS DATA,NEEDS DATA,NEEDS DATA,DATA_NEEDS_LIVE_CONTEXT,HISTORICAL TEST ONLY,NO-GO,False,Medium,ROUTE_PROXY_UNVALIDATED|LOW_CURRENT_SAMPLE|LOW_PLAYER_SAMPLE,Medium,ROUTE_PROXY_UNVALIDATED|LOW_CURRENT_SAMPLE|LOW_PLAYER_SAMPLE|LOW_YARDAGE_SAMPLE,,,,,,,,,,
2025,1,,M.Mayer,LV,,TE,1.7405791318410035,15.18272807012051,,,,,,True,False,False,50.31,66.67,,,,,35,55,52,51.92,WATCH,1,1,0,6,Projection-led limited V1 signal from existing historical-test markets.,"Limited V1: opponent fit, game script, weather, recent form, and live role/injury context are not fully sourced.",,NEEDS DATA,NEEDS DATA,NEEDS DATA,DATA_NEEDS_LIVE_CONTEXT,HISTORICAL TEST ONLY,NO-GO,False,Medium,ROUTE_PROXY_UNVALIDATED|LOW_CURRENT_SAMPLE,Medium,ROUTE_PROXY_UNVALIDATED|LOW_CURRENT_SAMPLE,,,,,,,,,,
2025,1,,D.Bellinger,NYG,,TE,1.73090486628552,16.309586162448745,,,,,,True,False,False,50.0,66.67,,,,,35,55,52,51.78,WATCH,1,1,0,6,Projection-led limited V1 signal from existing historical-test markets.,"Limited V1: opponent fit, game script, weather, recent form, and live role/injury context are not fully sourced.",,NEEDS DATA,NEEDS DATA,NEEDS DATA,DATA_NEEDS_LIVE_CONTEXT,HISTORICAL TEST ONLY,NO-GO,False,Medium,ROUTE_PROXY_UNVALIDATED|LOW_CURRENT_SAMPLE,Medium,ROUTE_PROXY_UNVALIDATED|LOW_CURRENT_SAMPLE,,,,,,,,,,
2025,1,,R.Rivers,LA,,RB,1.1239317277040344,9.34884742742484,20.507736146620584,1.625672189332735,,,,True,True,False,50.0,66.67,,,,,35,55,52,51.78,WATCH,1,1,0,6,Projection-led limited V1 signal from existing historical-test markets.,"Limited V1: opponent fit, game script, weather, recent form, and live role/injury context are not fully sourced.",,NEEDS DATA,NEEDS DATA,NEEDS DATA,DATA_NEEDS_LIVE_CONTEXT,HISTORICAL TEST ONLY,NO-GO,False,Medium,ROUTE_PROXY_UNVALIDATED|LOW_CURRENT_SAMPLE,Medium,ROUTE_PROXY_UNVALIDATED|LOW_CURRENT_SAMPLE,Medium,ROUTE_PROXY_UNVALIDATED|LOW_CURRENT_SAMPLE,Medium,ROUTE_PROXY_UNVALIDATED|LOW_CURRENT_SAMPLE,,,,,,
2025,1,,T.Irwin,CIN,,WR,1.725301815079184,15.414448273724831,,,,,,True,False,False,49.84,66.67,,,,,35,55,52,51.71,WATCH,1,1,0,6,Projection-led limited V1 signal from existing historical-test markets.,"Limited V1: opponent fit, game script, weather, recent form, and live role/injury context are not fully sourced.",,NEEDS DATA,NEEDS DATA,NEEDS DATA,DATA_NEEDS_LIVE_CONTEXT,HISTORICAL TEST ONLY,NO-GO,False,Medium,ROUTE_PROXY_UNVALIDATED|LOW_CURRENT_SAMPLE,Medium,ROUTE_PROXY_UNVALIDATED|LOW_CURRENT_SAMPLE,,,,,,,,,,
2025,1,,C.Parkinson,LA,,TE,1.7086658440286453,16.31015841816434,,,,,,True,False,False,49.53,66.67,,,,,35,55,52,51.57,WATCH,1,1,0,6,Projection-led limited V1 signal from existing historical-test markets.,"Limited V1: opponent fit, game script, weather, recent form, and live role/injury context are not fully sourced.",,NEEDS DATA,NEEDS DATA,NEEDS DATA,DATA_NEEDS_LIVE_CONTEXT,HISTORICAL TEST ONLY,NO-GO,False,Medium,ROUTE_PROXY_UNVALIDATED|LOW_CURRENT_SAMPLE,Medium,ROUTE_PROXY_UNVALIDATED|LOW_CURRENT_SAMPLE,,,,,,,,,,
2025,1,,A.Trautman,DEN,,TE,1.358656612842504,17.388545620147998,,,,,,True,False,False,49.51,66.67,,,,,35,55,52,51.56,WATCH,1,1,0,6,Projection-led limited V1 signal from existing historical-test markets.,"Limited V1: opponent fit, game script, weather, recent form, and live role/injury context are not fully sourced.",,NEEDS DATA,NEEDS DATA,NEEDS DATA,DATA_NEEDS_LIVE_CONTEXT,HISTORICAL TEST ONLY,NO-GO,False,Medium,ROUTE_PROXY_UNVALIDATED|LOW_CURRENT_SAMPLE,Medium,ROUTE_PROXY_UNVALIDATED|LOW_CURRENT_SAMPLE,,,,,,,,,,
2025,1,,C.Johnson,CHI,,WR,1.706490195272302,14.884465161899453,,,,,,True,False,False,49.22,66.67,,,,,35,55,52,51.43,WATCH,1,1,0,6,Projection-led limited V1 signal from existing historical-test markets.,"Limited V1: opponent fit, game script, weather, recent form, and live role/injury context are not fully sourced.",,NEEDS DATA,NEEDS DATA,NEEDS DATA,DATA_NEEDS_LIVE_CONTEXT,HISTORICAL TEST ONLY,NO-GO,False,Medium,ROUTE_PROXY_UNVALIDATED|LOW_CURRENT_SAMPLE|LOW_PLAYER_SAMPLE,Medium,ROUTE_PROXY_UNVALIDATED|LOW_CURRENT_SAMPLE|LOW_PLAYER_SAMPLE|LOW_YARDAGE_SAMPLE,,,,,,,,,,
2025,1,,D.Wells,TB,,TE,1.7060081886135414,13.187003053440618,,,,,,True,False,False,49.06,66.67,,,,,35,55,52,51.36,WATCH,1,1,0,6,Projection-led limited V1 signal from existing historical-test markets.,"Limited V1: opponent fit, game script, weather, recent form, and live role/injury context are not fully sourced.",,NEEDS DATA,NEEDS DATA,NEEDS DATA,DATA_NEEDS_LIVE_CONTEXT,HISTORICAL TEST ONLY,NO-GO,False,Medium,ROUTE_PROXY_UNVALIDATED|LOW_CURRENT_SAMPLE|LOW_PLAYER_SAMPLE,Medium,ROUTE_PROXY_UNVALIDATED|LOW_CURRENT_SAMPLE|LOW_PLAYER_SAMPLE|LOW_YARDAGE_SAMPLE,,,,,,,,,,
2025,1,,J.Mingo,DAL,,WR,1.4815475441752617,17.254889408330794,,,,,,True,False,False,49.02,66.67,,,,,35,55,52,51.34,WATCH,1,1,0,6,Projection-led limited V1 signal from existing historical-test markets.,"Limited V1: opponent fit, game script, weather, recent form, and live role/injury context are not fully sourced.",,NEEDS DATA,NEEDS DATA,NEEDS DATA,DATA_NEEDS_LIVE_CONTEXT,HISTORICAL TEST ONLY,NO-GO,False,Medium,ROUTE_PROXY_UNVALIDATED|LOW_CURRENT_SAMPLE,Medium,ROUTE_PROXY_UNVALIDATED|LOW_CURRENT_SAMPLE,,,,,,,,,,
2025,1,,I.Davis,NYJ,,RB,1.0140220229136765,9.58334232570261,20.32256114916081,1.6514352567731705,,,,True,True,False,48.88,66.67,,,,,35,55,52,51.28,WATCH,1,1,0,6,Projection-led limited V1 signal from existing historical-test markets.,"Limited V1: opponent fit, game script, weather, recent form, and live role/injury context are not fully sourced.",,NEEDS DATA,NEEDS DATA,NEEDS DATA,DATA_NEEDS_LIVE_CONTEXT,HISTORICAL TEST ONLY,NO-GO,False,Medium,ROUTE_PROXY_UNVALIDATED|LOW_CURRENT_SAMPLE,Medium,ROUTE_PROXY_UNVALIDATED|LOW_CURRENT_SAMPLE|LOW_YARDAGE_SAMPLE,Medium,ROUTE_PROXY_UNVALIDATED|LOW_CURRENT_SAMPLE,Medium,ROUTE_PROXY_UNVALIDATED|LOW_CURRENT_SAMPLE,,,,,,
2025,1,,J.Deguara,JAX,,TE,1.703572457604401,13.107117293206022,,,,,,True,False,False,48.75,66.67,,,,,35,55,52,51.22,WATCH,1,1,0,6,Projection-led limited V1 signal from existing historical-test markets.,"Limited V1: opponent fit, game script, weather, recent form, and live role/injury context are not fully sourced.",,NEEDS DATA,NEEDS DATA,NEEDS DATA,DATA_NEEDS_LIVE_CONTEXT,HISTORICAL TEST ONLY,NO-GO,False,Medium,ROUTE_PROXY_UNVALIDATED|LOW_CURRENT_SAMPLE,Medium,ROUTE_PROXY_UNVALIDATED|LOW_CURRENT_SAMPLE,,,,,,,,,,
2025,1,,D.Harty,BAL,,WR,1.2877755993267517,17.088837769316857,,,,,,True,False,False,48.69,66.67,,,,,35,55,52,51.19,WATCH,1,1,0,6,Projection-led limited V1 signal from existing historical-test markets.,"Limited V1: opponent fit, game script, weather, recent form, and live role/injury context are not fully sourced.",,NEEDS DATA,NEEDS DATA,NEEDS DATA,DATA_NEEDS_LIVE_CONTEXT,HISTORICAL TEST ONLY,NO-GO,False,Medium,ROUTE_PROXY_UNVALIDATED|LOW_CURRENT_SAMPLE,Medium,ROUTE_PROXY_UNVALIDATED|LOW_CURRENT_SAMPLE,,,,,,,,,,
2025,1,,K.Granson,IND,,TE,1.3234502603831426,17.015103094902035,,,,,,True,False,False,48.2,66.67,,,,,35,55,52,50.97,WATCH,1,1,0,6,Projection-led limited V1 signal from existing historical-test markets.,"Limited V1: opponent fit, game script, weather, recent form, and live role/injury context are not fully sourced.",,NEEDS DATA,NEEDS DATA,NEEDS DATA,DATA_NEEDS_LIVE_CONTEXT,HISTORICAL TEST ONLY,NO-GO,False,Medium,ROUTE_PROXY_UNVALIDATED|LOW_CURRENT_SAMPLE,Medium,ROUTE_PROXY_UNVALIDATED|LOW_CURRENT_SAMPLE,,,,,,,,,,
2025,1,,J.McNichols,WAS,,RB,1.0016162894073417,5.35440716707407,20.2653382512929,2.364176347330408,,,,True,True,False,48.13,66.67,,,,,35,55,52,50.94,WATCH,1,1,0,6,Projection-led limited V1 signal from existing historical-test markets.,"Limited V1: opponent fit, game script, weather, recent form, and live role/injury context are not fully sourced.",,NEEDS DATA,NEEDS DATA,NEEDS DATA,DATA_NEEDS_LIVE_CONTEXT,HISTORICAL TEST ONLY,NO-GO,False,Medium,ROUTE_PROXY_UNVALIDATED|LOW_CURRENT_SAMPLE,Medium,ROUTE_PROXY_UNVALIDATED|LOW_CURRENT_SAMPLE|LOW_YARDAGE_SAMPLE,Medium,ROUTE_PROXY_UNVALIDATED|LOW_CURRENT_SAMPLE,Medium,ROUTE_PROXY_UNVALIDATED|LOW_CURRENT_SAMPLE,,,,,,
2025,1,,R.Chosen,MIA,,WR,1.32311239637455,17.009307318697324,,,,,,True,False,False,48.03,66.67,,,,,35,55,52,50.9,WATCH,1,1,0,6,Projection-led limited V1 signal from existing historical-test markets.,"Limited V1: opponent fit, game script, weather, recent form, and live role/injury context are not fully sourced.",,NEEDS DATA,NEEDS DATA,NEEDS DATA,DATA_NEEDS_LIVE_CONTEXT,HISTORICAL TEST ONLY,NO-GO,False,Medium,ROUTE_PROXY_UNVALIDATED|LOW_CURRENT_SAMPLE,Medium,ROUTE_PROXY_UNVALIDATED|LOW_CURRENT_SAMPLE|LOW_YARDAGE_SAMPLE,,,,,,,,,,
2025,1,,B.Wright,DET,,TE,1.54971226765805,14.469655053051728,,,,,,True,False,False,47.97,66.67,,,,,35,55,52,50.87,WATCH,1,1,0,6,Projection-led limited V1 signal from existing historical-test markets.,"Limited V1: opponent fit, game script, weather, recent form, and live role/injury context are not fully sourced.",,NEEDS DATA,NEEDS DATA,NEEDS DATA,DATA_NEEDS_LIVE_CONTEXT,HISTORICAL TEST ONLY,NO-GO,False,Medium,ROUTE_PROXY_UNVALIDATED|LOW_CURRENT_SAMPLE,Medium,ROUTE_PROXY_UNVALIDATED|LOW_CURRENT_SAMPLE,,,,,,,,,,
2025,1,,D.Washington,PIT,,TE,1.5329788623587657,16.98123346490427,,,,,,True,False,False,47.87,66.67,,,,,35,55,52,50.83,WATCH,1,1,0,6,Projection-led limited V1 signal from existing historical-test markets.,"Limited V1: opponent fit, game script, weather, recent form, and live role/injury context are not fully sourced.",,NEEDS DATA,NEEDS DATA,NEEDS DATA,DATA_NEEDS_LIVE_CONTEXT,HISTORICAL TEST ONLY,NO-GO,False,Medium,ROUTE_PROXY_UNVALIDATED|LOW_CURRENT_SAMPLE,Medium,ROUTE_PROXY_UNVALIDATED|LOW_CURRENT_SAMPLE,,,,,,,,,,
2025,1,,N.Gray,KC,,TE,1.5166760206232048,16.764158449475367,,,,,,True,False,False,47.38,66.67,,,,,35,55,52,50.6,WATCH,1,1,0,6,Projection-led limited V1 signal from existing historical-test markets.,"Limited V1: opponent fit, game script, weather, recent form, and live role/injury context are not fully sourced.",,NEEDS DATA,NEEDS DATA,NEEDS DATA,DATA_NEEDS_LIVE_CONTEXT,HISTORICAL TEST ONLY,NO-GO,False,Medium,ROUTE_PROXY_UNVALIDATED|LOW_CURRENT_SAMPLE,Medium,ROUTE_PROXY_UNVALIDATED|LOW_CURRENT_SAMPLE,,,,,,,,,,
2025,1,,M.Lewis,CHI,,TE,1.5350010183525535,10.349777592252329,,,,,,True,False,False,47.34,66.67,,,,,35,55,52,50.59,WATCH,1,1,0,6,Projection-led limited V1 signal from existing historical-test markets.,"Limited V1: opponent fit, game script, weather, recent form, and live role/injury context are not fully sourced.",,NEEDS DATA,NEEDS DATA,NEEDS DATA,DATA_NEEDS_LIVE_CONTEXT,HISTORICAL TEST ONLY,NO-GO,False,Medium,ROUTE_PROXY_UNVALIDATED|LOW_CURRENT_SAMPLE|LOW_PLAYER_SAMPLE,Medium,ROUTE_PROXY_UNVALIDATED|LOW_CURRENT_SAMPLE|LOW_PLAYER_SAMPLE|LOW_YARDAGE_SAMPLE,,,,,,,,,,
2025,1,,A.Ogletree,IND,,TE,1.2972425170475526,16.60032340442677,,,,,,True,False,False,47.05,66.67,,,,,35,55,52,50.46,WATCH,1,1,0,6,Projection-led limited V1 signal from existing historical-test markets.,"Limited V1: opponent fit, game script, weather, recent form, and live role/injury context are not fully sourced.",,NEEDS DATA,NEEDS DATA,NEEDS DATA,DATA_NEEDS_LIVE_CONTEXT,HISTORICAL TEST ONLY,NO-GO,False,Medium,ROUTE_PROXY_UNVALIDATED|LOW_CURRENT_SAMPLE,Medium,ROUTE_PROXY_UNVALIDATED|LOW_CURRENT_SAMPLE,,,,,,,,,,
2025,1,,C.Steele,KC,,RB,0.8719249015845163,5.140477831294714,19.70631908407884,1.614768258306044,,,,True,True,False,47.01,66.67,,,,,35,55,52,50.44,WATCH,1,1,0,6,Projection-led limited V1 signal from existing historical-test markets.,"Limited V1: opponent fit, game script, weather, recent form, and live role/injury context are not fully sourced.",,NEEDS DATA,NEEDS DATA,NEEDS DATA,DATA_NEEDS_LIVE_CONTEXT,HISTORICAL TEST ONLY,NO-GO,False,Medium,ROUTE_PROXY_UNVALIDATED|LOW_CURRENT_SAMPLE,Medium,ROUTE_PROXY_UNVALIDATED|LOW_CURRENT_SAMPLE|LOW_YARDAGE_SAMPLE,Medium,ROUTE_PROXY_UNVALIDATED|LOW_CURRENT_SAMPLE,Medium,ROUTE_PROXY_UNVALIDATED|LOW_CURRENT_SAMPLE,,,,,,
2025,1,,P.Hendershot,KC,,TE,1.5107082850547622,16.51472231301619,,,,,,True,False,False,46.89,66.67,,,,,35,55,52,50.38,WATCH,1,1,0,6,Projection-led limited V1 signal from existing historical-test markets.,"Limited V1: opponent fit, game script, weather, recent form, and live role/injury context are not fully sourced.",,NEEDS DATA,NEEDS DATA,NEEDS DATA,DATA_NEEDS_LIVE_CONTEXT,HISTORICAL TEST ONLY,NO-GO,False,Medium,ROUTE_PROXY_UNVALIDATED|LOW_CURRENT_SAMPLE,Medium,ROUTE_PROXY_UNVALIDATED|LOW_CURRENT_SAMPLE|LOW_YARDAGE_SAMPLE,,,,,,,,,,
2025,1,,J.Ruckert,NYJ,,TE,1.531495087032963,12.711193325330072,,,,,,True,False,False,46.88,66.67,,,,,35,55,52,50.38,WATCH,1,1,0,6,Projection-led limited V1 signal from existing historical-test markets.,"Limited V1: opponent fit, game script, weather, recent form, and live role/injury context are not fully sourced.",,NEEDS DATA,NEEDS DATA,NEEDS DATA,DATA_NEEDS_LIVE_CONTEXT,HISTORICAL TEST ONLY,NO-GO,False,Medium,ROUTE_PROXY_UNVALIDATED|LOW_CURRENT_SAMPLE,Medium,ROUTE_PROXY_UNVALIDATED|LOW_CURRENT_SAMPLE,,,,,,,,,,
2025,1,,C.Stover,HOU,,TE,1.5297629318516737,14.971898523643988,,,,,,True,False,False,46.72,66.67,,,,,35,55,52,50.31,WATCH,1,1,0,6,Projection-led limited V1 signal from existing historical-test markets.,"Limited V1: opponent fit, game script, weather, recent form, and live role/injury context are not fully sourced.",,NEEDS DATA,NEEDS DATA,NEEDS DATA,DATA_NEEDS_LIVE_CONTEXT,HISTORICAL TEST ONLY,NO-GO,False,Medium,ROUTE_PROXY_UNVALIDATED|LOW_CURRENT_SAMPLE,Medium,ROUTE_PROXY_UNVALIDATED|LOW_CURRENT_SAMPLE,,,,,,,,,,
2025,1,,K.Osborn,WAS,,WR,1.483602063161926,16.4209394657002,,,,,,True,False,False,46.39,66.67,,,,,35,55,52,50.16,WATCH,1,1,0,6,Projection-led limited V1 signal from existing historical-test markets.,"Limited V1: opponent fit, game script, weather, recent form, and live role/injury context are not fully sourced.",,NEEDS DATA,NEEDS DATA,NEEDS DATA,DATA_NEEDS_LIVE_CONTEXT,HISTORICAL TEST ONLY,NO-GO,False,Medium,ROUTE_PROXY_UNVALIDATED|LOW_CURRENT_SAMPLE,Medium,ROUTE_PROXY_UNVALIDATED|LOW_CURRENT_SAMPLE,,,,,,,,,,
2025,1,,J.Hyatt,NYG,,WR,1.41304986573235,16.340171353791693,,,,,,True,False,False,46.23,66.67,,,,,35,55,52,50.09,WATCH,1,1,0,6,Projection-led limited V1 signal from existing historical-test markets.,"Limited V1: opponent fit, game script, weather, recent form, and live role/injury context are not fully sourced.",,NEEDS DATA,NEEDS DATA,NEEDS DATA,DATA_NEEDS_LIVE_CONTEXT,HISTORICAL TEST ONLY,NO-GO,False,Medium,ROUTE_PROXY_UNVALIDATED|LOW_CURRENT_SAMPLE,Medium,ROUTE_PROXY_UNVALIDATED|LOW_CURRENT_SAMPLE,,,,,,,,,,
2025,1,,G.Olszewski,NYG,,WR,1.4995466530748864,16.336033322503653,,,,,,True,False,False,46.07,66.67,,,,,35,55,52,50.02,WATCH,1,1,0,6,Projection-led limited V1 signal from existing historical-test markets.,"Limited V1: opponent fit, game script, weather, recent form, and live role/injury context are not fully sourced.",,NEEDS DATA,NEEDS DATA,NEEDS DATA,DATA_NEEDS_LIVE_CONTEXT,HISTORICAL TEST ONLY,NO-GO,False,Medium,ROUTE_PROXY_UNVALIDATED|LOW_CURRENT_SAMPLE|LOW_PLAYER_SAMPLE,Medium,ROUTE_PROXY_UNVALIDATED|LOW_CURRENT_SAMPLE|LOW_PLAYER_SAMPLE|LOW_YARDAGE_SAMPLE,,,,,,,,,,
2025,1,,T.Quitoriano,HOU,,TE,1.3220927175781605,16.311392625136254,,,,,,True,False,False,45.9,66.67,,,,,35,55,52,49.94,WATCH,1,1,0,6,Projection-led limited V1 signal from existing historical-test markets.,"Limited V1: opponent fit, game script, weather, recent form, and live role/injury context are not fully sourced.",,NEEDS DATA,NEEDS DATA,NEEDS DATA,DATA_NEEDS_LIVE_CONTEXT,HISTORICAL TEST ONLY,NO-GO,False,Medium,ROUTE_PROXY_UNVALIDATED|LOW_CURRENT_SAMPLE|LOW_PLAYER_SAMPLE,Medium,ROUTE_PROXY_UNVALIDATED|LOW_CURRENT_SAMPLE|LOW_PLAYER_SAMPLE|LOW_YARDAGE_SAMPLE,,,,,,,,,,
2025,1,,L.Farrell,JAX,,TE,1.5079706713054113,12.7726480762148,,,,,,True,False,False,45.78,66.67,,,,,35,55,52,49.89,WATCH,1,1,0,6,Projection-led limited V1 signal from existing historical-test markets.,"Limited V1: opponent fit, game script, weather, recent form, and live role/injury context are not fully sourced.",,NEEDS DATA,NEEDS DATA,NEEDS DATA,DATA_NEEDS_LIVE_CONTEXT,HISTORICAL TEST ONLY,NO-GO,False,Medium,ROUTE_PROXY_UNVALIDATED|LOW_CURRENT_SAMPLE,Medium,ROUTE_PROXY_UNVALIDATED|LOW_CURRENT_SAMPLE,,,,,,,,,,
2025,1,,Co.Heyward,PIT,,TE,1.5026767237823349,12.930404003882654,,,,,,True,False,False,45.62,66.67,,,,,35,55,52,49.81,WATCH,1,1,0,6,Projection-led limited V1 signal from existing historical-test markets.,"Limited V1: opponent fit, game script, weather, recent form, and live role/injury context are not fully sourced.",,NEEDS DATA,NEEDS DATA,NEEDS DATA,DATA_NEEDS_LIVE_CONTEXT,HISTORICAL TEST ONLY,NO-GO,False,Medium,ROUTE_PROXY_UNVALIDATED|LOW_CURRENT_SAMPLE,Medium,ROUTE_PROXY_UNVALIDATED|LOW_CURRENT_SAMPLE,,,,,,,,,,
2025,1,,B.Corum,LA,,RB,1.1854296202930232,11.159836430289248,19.43856633262508,1.707880001808353,,,,True,True,False,45.52,66.67,,,,,35,55,52,49.77,WATCH,1,1,0,6,Projection-led limited V1 signal from existing historical-test markets.,"Limited V1: opponent fit, game script, weather, recent form, and live role/injury context are not fully sourced.",,NEEDS DATA,NEEDS DATA,NEEDS DATA,DATA_NEEDS_LIVE_CONTEXT,HISTORICAL TEST ONLY,NO-GO,False,Medium,ROUTE_PROXY_UNVALIDATED|LOW_CURRENT_SAMPLE|LOW_PLAYER_SAMPLE,Medium,ROUTE_PROXY_UNVALIDATED|LOW_CURRENT_SAMPLE|LOW_PLAYER_SAMPLE|LOW_YARDAGE_SAMPLE,Medium,ROUTE_PROXY_UNVALIDATED|LOW_CURRENT_SAMPLE|LOW_PLAYER_SAMPLE,Medium,ROUTE_PROXY_UNVALIDATED|LOW_CURRENT_SAMPLE|LOW_PLAYER_SAMPLE,,,,,,
2025,1,,R.Tonyan,CHI,,TE,1.4800982340178592,16.24081155941672,,,,,,True,False,False,45.08,66.67,,,,,35,55,52,49.57,WATCH,1,1,0,6,Projection-led limited V1 signal from existing historical-test markets.,"Limited V1: opponent fit, game script, weather, recent form, and live role/injury context are not fully sourced.",,NEEDS DATA,NEEDS DATA,NEEDS DATA,DATA_NEEDS_LIVE_CONTEXT,HISTORICAL TEST ONLY,NO-GO,False,Medium,ROUTE_PROXY_UNVALIDATED|LOW_CURRENT_SAMPLE,Medium,ROUTE_PROXY_UNVALIDATED|LOW_CURRENT_SAMPLE,,,,,,,,,,
2025,1,,J.Brooks,CAR,,RB,0.984655374168218,8.800545177462102,13.120870086188392,2.4659513622920675,,,,True,True,False,45.08,66.67,,,,,35,55,52,49.57,WATCH,1,1,0,6,Projection-led limited V1 signal from existing historical-test markets.,"Limited V1: opponent fit, game script, weather, recent form, and live role/injury context are not fully sourced.",,NEEDS DATA,NEEDS DATA,NEEDS DATA,DATA_NEEDS_LIVE_CONTEXT,HISTORICAL TEST ONLY,NO-GO,False,Medium,ROUTE_PROXY_UNVALIDATED|LOW_CURRENT_SAMPLE|LOW_PLAYER_SAMPLE,Medium,ROUTE_PROXY_UNVALIDATED|LOW_CURRENT_SAMPLE|LOW_PLAYER_SAMPLE|LOW_YARDAGE_SAMPLE,Medium,ROUTE_PROXY_UNVALIDATED|LOW_CURRENT_SAMPLE|LOW_PLAYER_SAMPLE|LOW_RUSH_SAMPLE,Medium,ROUTE_PROXY_UNVALIDATED|LOW_CURRENT_SAMPLE|LOW_PLAYER_SAMPLE|LOW_RUSH_SAMPLE|LOW_CARRY_SAMPLE,,,,,,
2025,1,,Ja.Williams,NO,,RB,1.0314510177608365,7.689786500573949,19.38944586391824,1.845125141333048,,,,True,True,False,44.78,66.67,,,,,35,55,52,49.44,WATCH,1,0,0,6,Projection-led limited V1 signal from existing historical-test markets.,"Limited V1: opponent fit, game script, weather, recent form, and live role/injury context are not fully sourced.",,NEEDS DATA,NEEDS DATA,NEEDS DATA,DATA_NEEDS_LIVE_CONTEXT,HISTORICAL TEST ONLY,NO-GO,False,Medium,ROUTE_PROXY_UNVALIDATED|LOW_CURRENT_SAMPLE,Medium,ROUTE_PROXY_UNVALIDATED|LOW_CURRENT_SAMPLE,Medium,ROUTE_PROXY_UNVALIDATED|LOW_CURRENT_SAMPLE,Medium,ROUTE_PROXY_UNVALIDATED|LOW_CURRENT_SAMPLE,,,,,,
2025,1,,D.Allen,PHI,,WR,1.1750178997974854,16.000778907303015,,,,,,True,False,False,44.59,66.67,,,,,35,55,52,49.35,WATCH,1,0,0,6,Projection-led limited V1 signal from existing historical-test markets.,"Limited V1: opponent fit, game script, weather, recent form, and live role/injury context are not fully sourced.",,NEEDS DATA,NEEDS DATA,NEEDS DATA,DATA_NEEDS_LIVE_CONTEXT,HISTORICAL TEST ONLY,NO-GO,False,Medium,ROUTE_PROXY_UNVALIDATED|LOW_CURRENT_SAMPLE|LOW_PLAYER_SAMPLE,Medium,ROUTE_PROXY_UNVALIDATED|LOW_CURRENT_SAMPLE|LOW_PLAYER_SAMPLE|LOW_YARDAGE_SAMPLE,,,,,,,,,,
2025,1,,D.Kincaid,BUF,,TE,1.4459719556628758,15.934860861755602,,,,,,True,False,False,44.43,66.67,,,,,35,55,52,49.28,WATCH,1,0,0,6,Projection-led limited V1 signal from existing historical-test markets.,"Limited V1: opponent fit, game script, weather, recent form, and live role/injury context are not fully sourced.",,NEEDS DATA,NEEDS DATA,NEEDS DATA,DATA_NEEDS_LIVE_CONTEXT,HISTORICAL TEST ONLY,NO-GO,False,Medium,ROUTE_PROXY_UNVALIDATED|LOW_CURRENT_SAMPLE,Medium,ROUTE_PROXY_UNVALIDATED|LOW_CURRENT_SAMPLE,,,,,,,,,,
2025,1,,G.Calcaterra,PHI,,TE,1.2979564578792993,15.89912400530487,,,,,,True,False,False,44.26,66.67,,,,,35,55,52,49.2,WATCH,1,0,0,6,Projection-led limited V1 signal from existing historical-test markets.,"Limited V1: opponent fit, game script, weather, recent form, and live role/injury context are not fully sourced.",,NEEDS DATA,NEEDS DATA,NEEDS DATA,DATA_NEEDS_LIVE_CONTEXT,HISTORICAL TEST ONLY,NO-GO,False,Medium,ROUTE_PROXY_UNVALIDATED|LOW_CURRENT_SAMPLE,Medium,ROUTE_PROXY_UNVALIDATED|LOW_CURRENT_SAMPLE,,,,,,,,,,
2025,1,,M.Alie-Cox,IND,,TE,1.2748192315861373,15.875622267184443,,,,,,True,False,False,44.1,66.67,,,,,35,55,52,49.13,WATCH,1,0,0,6,Projection-led limited V1 signal from existing historical-test markets.,"Limited V1: opponent fit, game script, weather, recent form, and live role/injury context are not fully sourced.",,NEEDS DATA,NEEDS DATA,NEEDS DATA,DATA_NEEDS_LIVE_CONTEXT,HISTORICAL TEST ONLY,NO-GO,False,Medium,ROUTE_PROXY_UNVALIDATED|LOW_CURRENT_SAMPLE,Medium,ROUTE_PROXY_UNVALIDATED|LOW_CURRENT_SAMPLE,,,,,,,,,,
2025,1,,T.Wesco,TEN,,TE,1.191588474352839,15.859543352931782,,,,,,True,False,False,43.93,66.67,,,,,35,55,52,49.05,WATCH,1,0,0,6,Projection-led limited V1 signal from existing historical-test markets.,"Limited V1: opponent fit, game script, weather, recent form, and live role/injury context are not fully sourced.",,NEEDS DATA,NEEDS DATA,NEEDS DATA,DATA_NEEDS_LIVE_CONTEXT,HISTORICAL TEST ONLY,NO-GO,False,Medium,ROUTE_PROXY_UNVALIDATED|LOW_CURRENT_SAMPLE|LOW_PLAYER_SAMPLE,Medium,ROUTE_PROXY_UNVALIDATED|LOW_CURRENT_SAMPLE|LOW_PLAYER_SAMPLE|LOW_YARDAGE_SAMPLE,,,,,,,,,,
2025,1,,J.Wiley,KC,,TE,1.476258242454869,12.920976624493628,,,,,,True,False,False,43.44,66.67,,,,,35,55,52,48.83,WATCH,1,0,0,6,Projection-led limited V1 signal from existing historical-test markets.,"Limited V1: opponent fit, game script, weather, recent form, and live role/injury context are not fully sourced.",,NEEDS DATA,NEEDS DATA,NEEDS DATA,DATA_NEEDS_LIVE_CONTEXT,HISTORICAL TEST ONLY,NO-GO,False,Medium,ROUTE_PROXY_UNVALIDATED|LOW_CURRENT_SAMPLE|LOW_PLAYER_SAMPLE,Medium,ROUTE_PROXY_UNVALIDATED|LOW_CURRENT_SAMPLE|LOW_PLAYER_SAMPLE|LOW_YARDAGE_SAMPLE,,,,,,,,,,
2025,1,,J.Sanders,CAR,,TE,1.4000576428755953,15.56003338398671,,,,,,True,False,False,43.28,66.67,,,,,35,55,52,48.76,WATCH,1,0,0,6,Projection-led limited V1 signal from existing historical-test markets.,"Limited V1: opponent fit, game script, weather, recent form, and live role/injury context are not fully sourced.",,NEEDS DATA,NEEDS DATA,NEEDS DATA,DATA_NEEDS_LIVE_CONTEXT,HISTORICAL TEST ONLY,NO-GO,False,Medium,ROUTE_PROXY_UNVALIDATED|LOW_CURRENT_SAMPLE,Medium,ROUTE_PROXY_UNVALIDATED|LOW_CURRENT_SAMPLE,,,,,,,,,,
2025,1,,H.Hurst,LAC,,TE,1.4752249153421737,15.354713042627615,,,,,,True,False,False,43.28,66.67,,,,,35,55,52,48.76,WATCH,1,0,0,6,Projection-led limited V1 signal from existing historical-test markets.,"Limited V1: opponent fit, game script, weather, recent form, and live role/injury context are not fully sourced.",,NEEDS DATA,NEEDS DATA,NEEDS DATA,DATA_NEEDS_LIVE_CONTEXT,HISTORICAL TEST ONLY,NO-GO,False,Medium,ROUTE_PROXY_UNVALIDATED|LOW_CURRENT_SAMPLE,Medium,ROUTE_PROXY_UNVALIDATED|LOW_CURRENT_SAMPLE,,,,,,,,,,
2025,1,,L.Schoonmaker,DAL,,TE,1.4741134537935232,14.82154993338488,,,,,,True,False,False,43.12,66.67,,,,,35,55,52,48.69,WATCH,1,0,0,6,Projection-led limited V1 signal from existing historical-test markets.,"Limited V1: opponent fit, game script, weather, recent form, and live role/injury context are not fully sourced.",,NEEDS DATA,NEEDS DATA,NEEDS DATA,DATA_NEEDS_LIVE_CONTEXT,HISTORICAL TEST ONLY,NO-GO,False,Medium,ROUTE_PROXY_UNVALIDATED|LOW_CURRENT_SAMPLE,Medium,ROUTE_PROXY_UNVALIDATED|LOW_CURRENT_SAMPLE,,,,,,,,,,
2025,1,,C.Manhertz,NYG,,TE,1.4451563232240956,15.442605350868543,,,,,,True,False,False,42.79,66.67,,,,,35,55,52,48.54,WATCH,1,0,0,6,Projection-led limited V1 signal from existing historical-test markets.,"Limited V1: opponent fit, game script, weather, recent form, and live role/injury context are not fully sourced.",,NEEDS DATA,NEEDS DATA,NEEDS DATA,DATA_NEEDS_LIVE_CONTEXT,HISTORICAL TEST ONLY,NO-GO,False,Medium,ROUTE_PROXY_UNVALIDATED|LOW_CURRENT_SAMPLE|LOW_PLAYER_SAMPLE,Medium,ROUTE_PROXY_UNVALIDATED|LOW_CURRENT_SAMPLE|LOW_PLAYER_SAMPLE|LOW_YARDAGE_SAMPLE,,,,,,,,,,
2025,1,,J.Horsted,LV,,TE,1.4669551072912697,14.13775868376236,,,,,,True,False,False,42.66,66.67,,,,,35,55,52,48.48,WATCH,1,0,0,6,Projection-led limited V1 signal from existing historical-test markets.,"Limited V1: opponent fit, game script, weather, recent form, and live role/injury context are not fully sourced.",,NEEDS DATA,NEEDS DATA,NEEDS DATA,DATA_NEEDS_LIVE_CONTEXT,HISTORICAL TEST ONLY,NO-GO,False,Medium,ROUTE_PROXY_UNVALIDATED|LOW_CURRENT_SAMPLE|LOW_PLAYER_SAMPLE,Medium,ROUTE_PROXY_UNVALIDATED|LOW_CURRENT_SAMPLE|LOW_PLAYER_SAMPLE|LOW_YARDAGE_SAMPLE,,,,,,,,,,
2025,1,,J.Mims,NO,,RB,1.463728481983816,11.110751977264671,14.118664299039237,1.3380503228314882,,,,True,True,False,42.5,66.67,,,,,35,55,52,48.41,WATCH,1,0,0,6,Projection-led limited V1 signal from existing historical-test markets.,"Limited V1: opponent fit, game script, weather, recent form, and live role/injury context are not fully sourced.",,NEEDS DATA,NEEDS DATA,NEEDS DATA,DATA_NEEDS_LIVE_CONTEXT,HISTORICAL TEST ONLY,NO-GO,False,Medium,ROUTE_PROXY_UNVALIDATED|LOW_CURRENT_SAMPLE,Medium,ROUTE_PROXY_UNVALIDATED|LOW_CURRENT_SAMPLE,Medium,ROUTE_PROXY_UNVALIDATED|LOW_CURRENT_SAMPLE,Medium,ROUTE_PROXY_UNVALIDATED|LOW_CURRENT_SAMPLE,,,,,,
2025,1,,B.Whiteheart,CLE,,TE,1.4537856931621576,14.25516136537714,,,,,,True,False,False,42.19,66.67,,,,,35,55,52,48.27,WATCH,1,0,0,6,Projection-led limited V1 signal from existing historical-test markets.,"Limited V1: opponent fit, game script, weather, recent form, and live role/injury context are not fully sourced.",,NEEDS DATA,NEEDS DATA,NEEDS DATA,DATA_NEEDS_LIVE_CONTEXT,HISTORICAL TEST ONLY,NO-GO,False,Medium,ROUTE_PROXY_UNVALIDATED|LOW_CURRENT_SAMPLE|LOW_PLAYER_SAMPLE,Medium,ROUTE_PROXY_UNVALIDATED|LOW_CURRENT_SAMPLE|LOW_PLAYER_SAMPLE|LOW_YARDAGE_SAMPLE,,,,,,,,,,
2025,1,,M.Pruitt,PIT,,TE,1.430480192392254,13.215534869930996,,,,,,True,False,False,41.56,66.67,,,,,35,55,52,47.99,WATCH,1,0,0,6,Projection-led limited V1 signal from existing historical-test markets.,"Limited V1: opponent fit, game script, weather, recent form, and live role/injury context are not fully sourced.",,NEEDS DATA,NEEDS DATA,NEEDS DATA,DATA_NEEDS_LIVE_CONTEXT,HISTORICAL TEST ONLY,NO-GO,False,Medium,ROUTE_PROXY_UNVALIDATED|LOW_CURRENT_SAMPLE,Medium,ROUTE_PROXY_UNVALIDATED|LOW_CURRENT_SAMPLE,,,,,,,,,,
2025,1,,J.Bates,WAS,,TE,1.3932696387927883,15.095632181712933,,,,,,True,False,False,41.48,66.67,,,,,35,55,52,47.95,WATCH,1,0,0,6,Projection-led limited V1 signal from existing historical-test markets.,"Limited V1: opponent fit, game script, weather, recent form, and live role/injury context are not fully sourced.",,NEEDS DATA,NEEDS DATA,NEEDS DATA,DATA_NEEDS_LIVE_CONTEXT,HISTORICAL TEST ONLY,NO-GO,False,Medium,ROUTE_PROXY_UNVALIDATED|LOW_CURRENT_SAMPLE,Medium,ROUTE_PROXY_UNVALIDATED|LOW_CURRENT_SAMPLE,,,,,,,,,,
2025,1,,J.FitzPatrick,GB,,TE,1.4279251983282142,9.898357141208212,,,,,,True,False,False,41.41,66.67,,,,,35,55,52,47.92,WATCH,1,0,0,6,Projection-led limited V1 signal from existing historical-test markets.,"Limited V1: opponent fit, game script, weather, recent form, and live role/injury context are not fully sourced.",,NEEDS DATA,NEEDS DATA,NEEDS DATA,DATA_NEEDS_LIVE_CONTEXT,HISTORICAL TEST ONLY,NO-GO,False,Medium,ROUTE_PROXY_UNVALIDATED|LOW_CURRENT_SAMPLE|LOW_PLAYER_SAMPLE,Medium,ROUTE_PROXY_UNVALIDATED|LOW_CURRENT_SAMPLE|LOW_PLAYER_SAMPLE|LOW_YARDAGE_SAMPLE,,,,,,,,,,
2025,1,,B.Sims,GB,,TE,1.427372652356917,15.05815995886602,,,,,,True,False,False,41.31,66.67,,,,,35,55,52,47.87,WATCH,1,0,0,6,Projection-led limited V1 signal from existing historical-test markets.,"Limited V1: opponent fit, game script, weather, recent form, and live role/injury context are not fully sourced.",,NEEDS DATA,NEEDS DATA,NEEDS DATA,DATA_NEEDS_LIVE_CONTEXT,HISTORICAL TEST ONLY,NO-GO,False,Medium,ROUTE_PROXY_UNVALIDATED|LOW_CURRENT_SAMPLE,Medium,ROUTE_PROXY_UNVALIDATED|LOW_CURRENT_SAMPLE|LOW_YARDAGE_SAMPLE,,,,,,,,,,
2025,1,,C.Kolar,BAL,,TE,1.085835555201564,14.912163210411393,,,,,,True,False,False,40.82,66.67,,,,,35,55,52,47.65,WATCH,1,0,0,6,Projection-led limited V1 signal from existing historical-test markets.,"Limited V1: opponent fit, game script, weather, recent form, and live role/injury context are not fully sourced.",,NEEDS DATA,NEEDS DATA,NEEDS DATA,DATA_NEEDS_LIVE_CONTEXT,HISTORICAL TEST ONLY,NO-GO,False,Medium,ROUTE_PROXY_UNVALIDATED|LOW_CURRENT_SAMPLE,Medium,ROUTE_PROXY_UNVALIDATED|LOW_CURRENT_SAMPLE,,,,,,,,,,
2025,1,,J.Chestnut,TEN,,RB,0.6895749483353861,,14.998604535456929,2.2818061961471496,,,,True,True,False,40.57,66.67,,,,,35,55,52,47.54,WATCH,1,0,0,6,Projection-led limited V1 signal from existing historical-test markets.,"Limited V1: opponent fit, game script, weather, recent form, and live role/injury context are not fully sourced.",,NEEDS DATA,NEEDS DATA,NEEDS DATA,DATA_NEEDS_LIVE_CONTEXT,HISTORICAL TEST ONLY,NO-GO,False,Medium,ROUTE_PROXY_UNVALIDATED|LOW_CURRENT_SAMPLE|LOW_PLAYER_SAMPLE,,,Medium,ROUTE_PROXY_UNVALIDATED|LOW_CURRENT_SAMPLE|LOW_PLAYER_SAMPLE,Medium,ROUTE_PROXY_UNVALIDATED|LOW_CURRENT_SAMPLE|LOW_PLAYER_SAMPLE,,,,,,
2025,1,,P.Brown,SEA,,TE,1.3879059751953973,14.705302048855152,,,,,,True,False,False,40.0,66.67,,,,,35,55,52,47.28,WATCH,1,0,0,6,Projection-led limited V1 signal from existing historical-test markets.,"Limited V1: opponent fit, game script, weather, recent form, and live role/injury context are not fully sourced.",,NEEDS DATA,NEEDS DATA,NEEDS DATA,DATA_NEEDS_LIVE_CONTEXT,HISTORICAL TEST ONLY,NO-GO,False,Medium,ROUTE_PROXY_UNVALIDATED|LOW_CURRENT_SAMPLE,Medium,ROUTE_PROXY_UNVALIDATED|LOW_CURRENT_SAMPLE,,,,,,,,,,
2025,1,,J.Thrash,CLE,,WR,1.3858628076118829,13.739791283193906,,,,,,True,False,False,39.38,66.67,,,,,35,55,52,47.0,WATCH,1,0,0,6,Projection-led limited V1 signal from existing historical-test markets.,"Limited V1: opponent fit, game script, weather, recent form, and live role/injury context are not fully sourced.",,NEEDS DATA,NEEDS DATA,NEEDS DATA,DATA_NEEDS_LIVE_CONTEXT,HISTORICAL TEST ONLY,NO-GO,False,Medium,ROUTE_PROXY_UNVALIDATED|LOW_CURRENT_SAMPLE|LOW_PLAYER_SAMPLE,Medium,ROUTE_PROXY_UNVALIDATED|LOW_CURRENT_SAMPLE|LOW_PLAYER_SAMPLE|LOW_YARDAGE_SAMPLE,,,,,,,,,,
2025,1,,J.Jefferson,DET,,RB,1.0665922798586351,11.448431014003807,17.096507109281248,2.241228361893683,,,,True,True,False,39.18,66.67,,,,,35,55,52,46.92,WATCH,1,0,0,6,Projection-led limited V1 signal from existing historical-test markets.,"Limited V1: opponent fit, game script, weather, recent form, and live role/injury context are not fully sourced.",,NEEDS DATA,NEEDS DATA,NEEDS DATA,DATA_NEEDS_LIVE_CONTEXT,HISTORICAL TEST ONLY,NO-GO,False,Medium,ROUTE_PROXY_UNVALIDATED|LOW_CURRENT_SAMPLE|LOW_PLAYER_SAMPLE,Medium,ROUTE_PROXY_UNVALIDATED|LOW_CURRENT_SAMPLE|LOW_PLAYER_SAMPLE|LOW_YARDAGE_SAMPLE,Medium,ROUTE_PROXY_UNVALIDATED|LOW_CURRENT_SAMPLE|LOW_PLAYER_SAMPLE|LOW_RUSH_SAMPLE,Medium,ROUTE_PROXY_UNVALIDATED|LOW_CURRENT_SAMPLE|LOW_PLAYER_SAMPLE|LOW_RUSH_SAMPLE|LOW_CARRY_SAMPLE,,,,,,
2025,1,,B.Jordan,HOU,,TE,1.3570045819016254,13.09456722473169,,,,,,True,False,False,38.75,66.67,,,,,35,55,52,46.72,WATCH,1,0,0,6,Projection-led limited V1 signal from existing historical-test markets.,"Limited V1: opponent fit, game script, weather, recent form, and live role/injury context are not fully sourced.",,NEEDS DATA,NEEDS DATA,NEEDS DATA,DATA_NEEDS_LIVE_CONTEXT,HISTORICAL TEST ONLY,NO-GO,False,Medium,ROUTE_PROXY_UNVALIDATED|LOW_CURRENT_SAMPLE,Medium,ROUTE_PROXY_UNVALIDATED|LOW_CURRENT_SAMPLE,,,,,,,,,,
2025,1,,H.Haskins,LAC,,RB,0.9867283317146636,14.047020808649442,13.025425043817464,2.0904793840005667,,,,True,True,False,38.69,66.67,,,,,35,55,52,46.69,WATCH,1,0,0,6,Projection-led limited V1 signal from existing historical-test markets.,"Limited V1: opponent fit, game script, weather, recent form, and live role/injury context are not fully sourced.",,NEEDS DATA,NEEDS DATA,NEEDS DATA,DATA_NEEDS_LIVE_CONTEXT,HISTORICAL TEST ONLY,NO-GO,False,Medium,ROUTE_PROXY_UNVALIDATED|LOW_CURRENT_SAMPLE|LOW_PLAYER_SAMPLE,Medium,ROUTE_PROXY_UNVALIDATED|LOW_CURRENT_SAMPLE|LOW_PLAYER_SAMPLE|LOW_YARDAGE_SAMPLE,Medium,ROUTE_PROXY_UNVALIDATED|LOW_CURRENT_SAMPLE|LOW_PLAYER_SAMPLE,Medium,ROUTE_PROXY_UNVALIDATED|LOW_CURRENT_SAMPLE|LOW_PLAYER_SAMPLE,,,,,,
2025,1,,W.Shipley,PHI,,RB,0.7892275899821595,7.711961197827609,16.844833055887484,2.2401730860150204,,,,True,True,False,38.52,66.67,,,,,35,55,52,46.62,WATCH,1,0,0,6,Projection-led limited V1 signal from existing historical-test markets.,"Limited V1: opponent fit, game script, weather, recent form, and live role/injury context are not fully sourced.",,NEEDS DATA,NEEDS DATA,NEEDS DATA,DATA_NEEDS_LIVE_CONTEXT,HISTORICAL TEST ONLY,NO-GO,False,Medium,ROUTE_PROXY_UNVALIDATED|LOW_CURRENT_SAMPLE|LOW_PLAYER_SAMPLE,Medium,ROUTE_PROXY_UNVALIDATED|LOW_CURRENT_SAMPLE|LOW_PLAYER_SAMPLE|LOW_YARDAGE_SAMPLE,Medium,ROUTE_PROXY_UNVALIDATED|LOW_CURRENT_SAMPLE|LOW_PLAYER_SAMPLE,Medium,ROUTE_PROXY_UNVALIDATED|LOW_CURRENT_SAMPLE|LOW_PLAYER_SAMPLE,,,,,,
2025,1,,K.Yeboah,NYJ,,TE,1.2990496817870516,13.927442565508809,,,,,,True,False,False,38.52,66.67,,,,,35,55,52,46.62,WATCH,1,0,0,6,Projection-led limited V1 signal from existing historical-test markets.,"Limited V1: opponent fit, game script, weather, recent form, and live role/injury context are not fully sourced.",,NEEDS DATA,NEEDS DATA,NEEDS DATA,DATA_NEEDS_LIVE_CONTEXT,HISTORICAL TEST ONLY,NO-GO,False,Medium,ROUTE_PROXY_UNVALIDATED|LOW_CURRENT_SAMPLE,Medium,ROUTE_PROXY_UNVALIDATED|LOW_CURRENT_SAMPLE|LOW_YARDAGE_SAMPLE,,,,,,,,,,
2025,1,,C.Patterson,PIT,,RB,0.9845031687557972,7.797151842430453,16.87972063896478,1.9911814568550208,,,,True,True,False,38.43,66.67,,,,,35,55,52,46.58,WATCH,1,0,0,6,Projection-led limited V1 signal from existing historical-test markets.,"Limited V1: opponent fit, game script, weather, recent form, and live role/injury context are not fully sourced.",,NEEDS DATA,NEEDS DATA,NEEDS DATA,DATA_NEEDS_LIVE_CONTEXT,HISTORICAL TEST ONLY,NO-GO,False,Medium,ROUTE_PROXY_UNVALIDATED|LOW_CURRENT_SAMPLE,Medium,ROUTE_PROXY_UNVALIDATED|LOW_CURRENT_SAMPLE,Medium,ROUTE_PROXY_UNVALIDATED|LOW_CURRENT_SAMPLE,Medium,ROUTE_PROXY_UNVALIDATED|LOW_CURRENT_SAMPLE,,,,,,
2025,1,,L.Cager,NYG,,TE,1.2951597590123451,13.88089239466105,,,,,,True,False,False,38.36,66.67,,,,,35,55,52,46.55,WATCH,1,0,0,6,Projection-led limited V1 signal from existing historical-test markets.,"Limited V1: opponent fit, game script, weather, recent form, and live role/injury context are not fully sourced.",,NEEDS DATA,NEEDS DATA,NEEDS DATA,DATA_NEEDS_LIVE_CONTEXT,HISTORICAL TEST ONLY,NO-GO,False,Medium,ROUTE_PROXY_UNVALIDATED|LOW_CURRENT_SAMPLE|LOW_PLAYER_SAMPLE,Medium,ROUTE_PROXY_UNVALIDATED|LOW_CURRENT_SAMPLE|LOW_PLAYER_SAMPLE|LOW_YARDAGE_SAMPLE,,,,,,,,,,
2025,1,,R.Keyton,LV,,WR,1.3425036704893296,12.9957639031969,,,,,,True,False,False,38.12,66.67,,,,,35,55,52,46.44,WATCH,1,0,0,6,Projection-led limited V1 signal from existing historical-test markets.,"Limited V1: opponent fit, game script, weather, recent form, and live role/injury context are not fully sourced.",,NEEDS DATA,NEEDS DATA,NEEDS DATA,DATA_NEEDS_LIVE_CONTEXT,HISTORICAL TEST ONLY,NO-GO,False,Medium,ROUTE_PROXY_UNVALIDATED|LOW_CURRENT_SAMPLE|LOW_PLAYER_SAMPLE,Medium,ROUTE_PROXY_UNVALIDATED|LOW_CURRENT_SAMPLE|LOW_PLAYER_SAMPLE|LOW_YARDAGE_SAMPLE,,,,,,,,,,
2025,1,,R.Williams,PIT,,TE,1.2495248389507083,13.703325104996576,,,,,,True,False,False,37.87,66.67,,,,,35,55,52,46.33,WATCH,1,0,0,6,Projection-led limited V1 signal from existing historical-test markets.,"Limited V1: opponent fit, game script, weather, recent form, and live role/injury context are not fully sourced.",,NEEDS DATA,NEEDS DATA,NEEDS DATA,DATA_NEEDS_LIVE_CONTEXT,HISTORICAL TEST ONLY,NO-GO,False,Medium,ROUTE_PROXY_UNVALIDATED|LOW_CURRENT_SAMPLE|LOW_PLAYER_SAMPLE,Medium,ROUTE_PROXY_UNVALIDATED|LOW_CURRENT_SAMPLE|LOW_PLAYER_SAMPLE|LOW_YARDAGE_SAMPLE,,,,,,,,,,
2025,1,,P.Strong,CLE,,RB,1.2331325067358068,10.946882322211708,16.6729147774845,1.3889894539780552,,,,True,True,False,37.69,66.67,,,,,35,55,52,46.24,WATCH,1,0,0,6,Projection-led limited V1 signal from existing historical-test markets.,"Limited V1: opponent fit, game script, weather, recent form, and live role/injury context are not fully sourced.",,NEEDS DATA,NEEDS DATA,NEEDS DATA,DATA_NEEDS_LIVE_CONTEXT,HISTORICAL TEST ONLY,NO-GO,False,Medium,ROUTE_PROXY_UNVALIDATED|LOW_CURRENT_SAMPLE,Medium,ROUTE_PROXY_UNVALIDATED|LOW_CURRENT_SAMPLE,Medium,ROUTE_PROXY_UNVALIDATED|LOW_CURRENT_SAMPLE,Medium,ROUTE_PROXY_UNVALIDATED|LOW_CURRENT_SAMPLE,,,,,,
2025,1,,I.Thomas,CAR,,TE,1.3225466679994895,9.676855408990216,,,,,,True,False,False,37.66,66.67,,,,,35,55,52,46.23,WATCH,1,0,0,6,Projection-led limited V1 signal from existing historical-test markets.,"Limited V1: opponent fit, game script, weather, recent form, and live role/injury context are not fully sourced.",,NEEDS DATA,NEEDS DATA,NEEDS DATA,DATA_NEEDS_LIVE_CONTEXT,HISTORICAL TEST ONLY,NO-GO,False,Medium,ROUTE_PROXY_UNVALIDATED|LOW_CURRENT_SAMPLE,Medium,ROUTE_PROXY_UNVALIDATED|LOW_CURRENT_SAMPLE|LOW_YARDAGE_SAMPLE,,,,,,,,,,
2025,1,,M.Gaskin,MIN,,RB,1.1900988785516635,13.690124624926204,3.802243569175823,1.5319981082489225,,,,True,True,False,37.54,66.67,,,,,35,55,52,46.18,WATCH,1,0,0,6,Projection-led limited V1 signal from existing historical-test markets.,"Limited V1: opponent fit, game script, weather, recent form, and live role/injury context are not fully sourced.",,NEEDS DATA,NEEDS DATA,NEEDS DATA,DATA_NEEDS_LIVE_CONTEXT,HISTORICAL TEST ONLY,NO-GO,False,Medium,ROUTE_PROXY_UNVALIDATED|LOW_CURRENT_SAMPLE|LOW_PLAYER_SAMPLE,Medium,ROUTE_PROXY_UNVALIDATED|LOW_CURRENT_SAMPLE|LOW_PLAYER_SAMPLE|LOW_YARDAGE_SAMPLE,Medium,ROUTE_PROXY_UNVALIDATED|LOW_CURRENT_SAMPLE|LOW_PLAYER_SAMPLE|LOW_RUSH_SAMPLE,Medium,ROUTE_PROXY_UNVALIDATED|LOW_CURRENT_SAMPLE|LOW_PLAYER_SAMPLE|LOW_RUSH_SAMPLE|LOW_CARRY_SAMPLE,,,,,,
2025,1,,J.Jackson,TEN,,WR,1.3176819763863925,13.680520626576769,,,,,,True,False,False,37.38,66.67,,,,,35,55,52,46.1,WATCH,1,0,0,6,Projection-led limited V1 signal from existing historical-test markets.,"Limited V1: opponent fit, game script, weather, recent form, and live role/injury context are not fully sourced.",,NEEDS DATA,NEEDS DATA,NEEDS DATA,DATA_NEEDS_LIVE_CONTEXT,HISTORICAL TEST ONLY,NO-GO,False,Medium,ROUTE_PROXY_UNVALIDATED|LOW_CURRENT_SAMPLE|LOW_PLAYER_SAMPLE,Medium,ROUTE_PROXY_UNVALIDATED|LOW_CURRENT_SAMPLE|LOW_PLAYER_SAMPLE|LOW_YARDAGE_SAMPLE,,,,,,,,,,
2025,1,,L.Musgrave,GB,,TE,1.321873219607829,13.175172277625146,,,,,,True,False,False,37.34,66.67,,,,,35,55,52,46.09,WATCH,1,0,0,6,Projection-led limited V1 signal from existing historical-test markets.,"Limited V1: opponent fit, game script, weather, recent form, and live role/injury context are not fully sourced.",,NEEDS DATA,NEEDS DATA,NEEDS DATA,DATA_NEEDS_LIVE_CONTEXT,HISTORICAL TEST ONLY,NO-GO,False,Medium,ROUTE_PROXY_UNVALIDATED|LOW_CURRENT_SAMPLE,Medium,ROUTE_PROXY_UNVALIDATED|LOW_CURRENT_SAMPLE,,,,,,,,,,
2025,1,,J.Ross,PHI,,WR,1.3178992902156748,12.973128230156291,,,,,,True,False,False,37.19,66.67,,,,,35,55,52,46.02,WATCH,1,0,0,6,Projection-led limited V1 signal from existing historical-test markets.,"Limited V1: opponent fit, game script, weather, recent form, and live role/injury context are not fully sourced.",,NEEDS DATA,NEEDS DATA,NEEDS DATA,DATA_NEEDS_LIVE_CONTEXT,HISTORICAL TEST ONLY,NO-GO,False,Medium,ROUTE_PROXY_UNVALIDATED|LOW_CURRENT_SAMPLE|LOW_PLAYER_SAMPLE,Medium,ROUTE_PROXY_UNVALIDATED|LOW_CURRENT_SAMPLE|LOW_PLAYER_SAMPLE|LOW_YARDAGE_SAMPLE,,,,,,,,,,
2025,1,,J.Wilson,MIA,,RB,1.0099475227316348,7.936973393094118,16.473298508811226,2.159357193674805,,,,True,True,False,36.94,66.67,,,,,35,55,52,45.91,WATCH,1,0,0,6,Projection-led limited V1 signal from existing historical-test markets.,"Limited V1: opponent fit, game script, weather, recent form, and live role/injury context are not fully sourced.",,NEEDS DATA,NEEDS DATA,NEEDS DATA,DATA_NEEDS_LIVE_CONTEXT,HISTORICAL TEST ONLY,NO-GO,False,Medium,ROUTE_PROXY_UNVALIDATED|LOW_CURRENT_SAMPLE,Medium,ROUTE_PROXY_UNVALIDATED|LOW_CURRENT_SAMPLE,Medium,ROUTE_PROXY_UNVALIDATED|LOW_CURRENT_SAMPLE,Medium,ROUTE_PROXY_UNVALIDATED|LOW_CURRENT_SAMPLE,,,,,,
2025,1,,T.Kroft,MIA,,TE,1.1339855286934457,13.635168727802066,,,,,,True,False,False,36.89,66.67,,,,,35,55,52,45.88,WATCH,1,0,0,6,Projection-led limited V1 signal from existing historical-test markets.,"Limited V1: opponent fit, game script, weather, recent form, and live role/injury context are not fully sourced.",,NEEDS DATA,NEEDS DATA,NEEDS DATA,DATA_NEEDS_LIVE_CONTEXT,HISTORICAL TEST ONLY,NO-GO,False,Medium,ROUTE_PROXY_UNVALIDATED|LOW_CURRENT_SAMPLE|LOW_PLAYER_SAMPLE,Medium,ROUTE_PROXY_UNVALIDATED|LOW_CURRENT_SAMPLE|LOW_PLAYER_SAMPLE|LOW_YARDAGE_SAMPLE,,,,,,,,,,
2025,1,,R.Dwelley,ATL,,TE,1.3146507717673233,11.681769104623044,,,,,,True,False,False,36.56,66.67,,,,,35,55,52,45.74,WATCH,1,0,0,6,Projection-led limited V1 signal from existing historical-test markets.,"Limited V1: opponent fit, game script, weather, recent form, and live role/injury context are not fully sourced.",,NEEDS DATA,NEEDS DATA,NEEDS DATA,DATA_NEEDS_LIVE_CONTEXT,HISTORICAL TEST ONLY,NO-GO,False,Medium,ROUTE_PROXY_UNVALIDATED|LOW_CURRENT_SAMPLE|LOW_PLAYER_SAMPLE,Medium,ROUTE_PROXY_UNVALIDATED|LOW_CURRENT_SAMPLE|LOW_PLAYER_SAMPLE|LOW_YARDAGE_SAMPLE,,,,,,,,,,
2025,1,,D.Young,SEA,,WR,0.9072816783436298,13.54598901870379,,,,,,True,False,False,36.23,66.67,,,,,35,55,52,45.59,WATCH,1,0,0,6,Projection-led limited V1 signal from existing historical-test markets.,"Limited V1: opponent fit, game script, weather, recent form, and live role/injury context are not fully sourced.",,NEEDS DATA,NEEDS DATA,NEEDS DATA,DATA_NEEDS_LIVE_CONTEXT,HISTORICAL TEST ONLY,NO-GO,False,Medium,ROUTE_PROXY_UNVALIDATED|LOW_CURRENT_SAMPLE|LOW_PLAYER_SAMPLE,Medium,ROUTE_PROXY_UNVALIDATED|LOW_CURRENT_SAMPLE|LOW_PLAYER_SAMPLE|LOW_YARDAGE_SAMPLE,,,,,,,,,,
2025,1,,S.McKeon,DAL,,TE,1.1220223043639015,13.491321581489872,,,,,,True,False,False,35.9,66.67,,,,,35,55,52,45.44,WATCH,1,0,0,6,Projection-led limited V1 signal from existing historical-test markets.,"Limited V1: opponent fit, game script, weather, recent form, and live role/injury context are not fully sourced.",,NEEDS DATA,NEEDS DATA,NEEDS DATA,DATA_NEEDS_LIVE_CONTEXT,HISTORICAL TEST ONLY,NO-GO,False,Medium,ROUTE_PROXY_UNVALIDATED|LOW_CURRENT_SAMPLE|LOW_PLAYER_SAMPLE,Medium,ROUTE_PROXY_UNVALIDATED|LOW_CURRENT_SAMPLE|LOW_PLAYER_SAMPLE|LOW_YARDAGE_SAMPLE,,,,,,,,,,
2025,1,,D.Daniels,DET,,TE,1.1190646664737949,13.455758612962564,,,,,,True,False,False,35.74,66.67,,,,,35,55,52,45.37,WATCH,1,0,0,6,Projection-led limited V1 signal from existing historical-test markets.,"Limited V1: opponent fit, game script, weather, recent form, and live role/injury context are not fully sourced.",,NEEDS DATA,NEEDS DATA,NEEDS DATA,DATA_NEEDS_LIVE_CONTEXT,HISTORICAL TEST ONLY,NO-GO,False,Medium,ROUTE_PROXY_UNVALIDATED|LOW_CURRENT_SAMPLE|LOW_PLAYER_SAMPLE,Medium,ROUTE_PROXY_UNVALIDATED|LOW_CURRENT_SAMPLE|LOW_PLAYER_SAMPLE|LOW_YARDAGE_SAMPLE,,,,,,,,,,
2025,1,,J.Tonges,SF,,TE,1.2235107020113491,13.418032516411223,,,,,,True,False,False,35.41,66.67,,,,,35,55,52,45.22,WATCH,1,0,0,6,Projection-led limited V1 signal from existing historical-test markets.,"Limited V1: opponent fit, game script, weather, recent form, and live role/injury context are not fully sourced.",,NEEDS DATA,NEEDS DATA,NEEDS DATA,DATA_NEEDS_LIVE_CONTEXT,HISTORICAL TEST ONLY,NO-GO,False,Medium,ROUTE_PROXY_UNVALIDATED|LOW_CURRENT_SAMPLE|LOW_PLAYER_SAMPLE,Medium,ROUTE_PROXY_UNVALIDATED|LOW_CURRENT_SAMPLE|LOW_PLAYER_SAMPLE|LOW_YARDAGE_SAMPLE,,,,,,,,,,
2025,1,,I.Charles,NYJ,,WR,0.984497140330322,13.406366898761744,,,,,,True,False,False,35.25,66.67,,,,,35,55,52,45.15,WATCH,1,0,0,6,Projection-led limited V1 signal from existing historical-test markets.,"Limited V1: opponent fit, game script, weather, recent form, and live role/injury context are not fully sourced.",,NEEDS DATA,NEEDS DATA,NEEDS DATA,DATA_NEEDS_LIVE_CONTEXT,HISTORICAL TEST ONLY,NO-GO,False,Medium,ROUTE_PROXY_UNVALIDATED|LOW_CURRENT_SAMPLE|LOW_PLAYER_SAMPLE,Medium,ROUTE_PROXY_UNVALIDATED|LOW_CURRENT_SAMPLE|LOW_PLAYER_SAMPLE|LOW_YARDAGE_SAMPLE,,,,,,,,,,
2025,1,,G.Ricci,CAR,,TE,1.2890495488276832,13.010312246404853,,,,,,True,False,False,35.0,66.67,,,,,35,55,52,45.03,WATCH,1,0,0,6,Projection-led limited V1 signal from existing historical-test markets.,"Limited V1: opponent fit, game script, weather, recent form, and live role/injury context are not fully sourced.",,NEEDS DATA,NEEDS DATA,NEEDS DATA,DATA_NEEDS_LIVE_CONTEXT,HISTORICAL TEST ONLY,NO-GO,False,Medium,ROUTE_PROXY_UNVALIDATED|LOW_CURRENT_SAMPLE|LOW_PLAYER_SAMPLE,Medium,ROUTE_PROXY_UNVALIDATED|LOW_CURRENT_SAMPLE|LOW_PLAYER_SAMPLE|LOW_YARDAGE_SAMPLE,,,,,,,,,,
2025,1,,A.Firkser,KC,,TE,1.1628302679747866,13.388746946892384,,,,,,True,False,False,34.92,66.67,,,,,35,55,52,45.0,WATCH,1,0,0,6,Projection-led limited V1 signal from existing historical-test markets.,"Limited V1: opponent fit, game script, weather, recent form, and live role/injury context are not fully sourced.",,NEEDS DATA,NEEDS DATA,NEEDS DATA,DATA_NEEDS_LIVE_CONTEXT,HISTORICAL TEST ONLY,NO-GO,False,Medium,ROUTE_PROXY_UNVALIDATED|LOW_CURRENT_SAMPLE|LOW_PLAYER_SAMPLE,Medium,ROUTE_PROXY_UNVALIDATED|LOW_CURRENT_SAMPLE|LOW_PLAYER_SAMPLE|LOW_YARDAGE_SAMPLE,,,,,,,,,,
2025,1,,S.Vaki,DET,,RB,1.0665922798586351,13.363990130814663,7.43398890810408,1.3003127195844009,,,,True,True,False,34.59,66.67,,,,,35,55,52,44.85,WATCH,1,0,0,6,Projection-led limited V1 signal from existing historical-test markets.,"Limited V1: opponent fit, game script, weather, recent form, and live role/injury context are not fully sourced.",,NEEDS DATA,NEEDS DATA,NEEDS DATA,DATA_NEEDS_LIVE_CONTEXT,HISTORICAL TEST ONLY,NO-GO,False,Medium,ROUTE_PROXY_UNVALIDATED|LOW_CURRENT_SAMPLE|LOW_PLAYER_SAMPLE,Medium,ROUTE_PROXY_UNVALIDATED|LOW_CURRENT_SAMPLE|LOW_PLAYER_SAMPLE|LOW_YARDAGE_SAMPLE,Medium,ROUTE_PROXY_UNVALIDATED|LOW_CURRENT_SAMPLE|LOW_PLAYER_SAMPLE|LOW_RUSH_SAMPLE,Medium,ROUTE_PROXY_UNVALIDATED|LOW_CURRENT_SAMPLE|LOW_PLAYER_SAMPLE|LOW_RUSH_SAMPLE|LOW_CARRY_SAMPLE,,,,,,
2025,1,,M.Boone,CAR,,RB,0.6582554438932624,,14.788460833498208,2.0941031712211866,,,,True,True,False,34.43,66.67,,,,,35,55,52,44.78,WATCH,1,0,0,6,Projection-led limited V1 signal from existing historical-test markets.,"Limited V1: opponent fit, game script, weather, recent form, and live role/injury context are not fully sourced.",,NEEDS DATA,NEEDS DATA,NEEDS DATA,DATA_NEEDS_LIVE_CONTEXT,HISTORICAL TEST ONLY,NO-GO,False,Medium,ROUTE_PROXY_UNVALIDATED|LOW_CURRENT_SAMPLE,,,Medium,ROUTE_PROXY_UNVALIDATED|LOW_CURRENT_SAMPLE|LOW_RUSH_SAMPLE,Medium,ROUTE_PROXY_UNVALIDATED|LOW_CURRENT_SAMPLE|LOW_RUSH_SAMPLE|LOW_CARRY_SAMPLE,,,,,,
2025,1,,G.Everett,CHI,,TE,1.27263564583197,10.690945897027367,,,,,,True,False,False,34.38,66.67,,,,,35,55,52,44.76,WATCH,1,0,0,6,Projection-led limited V1 signal from existing historical-test markets.,"Limited V1: opponent fit, game script, weather, recent form, and live role/injury context are not fully sourced.",,NEEDS DATA,NEEDS DATA,NEEDS DATA,DATA_NEEDS_LIVE_CONTEXT,HISTORICAL TEST ONLY,NO-GO,False,Medium,ROUTE_PROXY_UNVALIDATED|LOW_CURRENT_SAMPLE,Medium,ROUTE_PROXY_UNVALIDATED|LOW_CURRENT_SAMPLE,,,,,,,,,,
2025,1,,J.Bell,NE,,TE,1.117595040209416,13.305436962400124,,,,,,True,False,False,34.1,66.67,,,,,35,55,52,44.63,WATCH,1,0,0,6,Projection-led limited V1 signal from existing historical-test markets.,"Limited V1: opponent fit, game script, weather, recent form, and live role/injury context are not fully sourced.",,NEEDS DATA,NEEDS DATA,NEEDS DATA,DATA_NEEDS_LIVE_CONTEXT,HISTORICAL TEST ONLY,NO-GO,False,Medium,ROUTE_PROXY_UNVALIDATED|LOW_CURRENT_SAMPLE|LOW_PLAYER_SAMPLE,Medium,ROUTE_PROXY_UNVALIDATED|LOW_CURRENT_SAMPLE|LOW_PLAYER_SAMPLE|LOW_YARDAGE_SAMPLE,,,,,,,,,,
2025,1,,K.Rader,TEN,,TE,1.2634506550755011,12.722312332981396,,,,,,True,False,False,33.75,66.67,,,,,35,55,52,44.47,WATCH,1,0,0,6,Projection-led limited V1 signal from existing historical-test markets.,"Limited V1: opponent fit, game script, weather, recent form, and live role/injury context are not fully sourced.",,NEEDS DATA,NEEDS DATA,NEEDS DATA,DATA_NEEDS_LIVE_CONTEXT,HISTORICAL TEST ONLY,NO-GO,False,Medium,ROUTE_PROXY_UNVALIDATED|LOW_CURRENT_SAMPLE|LOW_PLAYER_SAMPLE,Medium,ROUTE_PROXY_UNVALIDATED|LOW_CURRENT_SAMPLE|LOW_PLAYER_SAMPLE|LOW_YARDAGE_SAMPLE,,,,,,,,,,
2025,1,,T.McKitty,LAC,,TE,1.1041438042541445,13.276348498123063,,,,,,True,False,False,33.69,66.67,,,,,35,55,52,44.44,WATCH,1,0,0,6,Projection-led limited V1 signal from existing historical-test markets.,"Limited V1: opponent fit, game script, weather, recent form, and live role/injury context are not fully sourced.",,NEEDS DATA,NEEDS DATA,NEEDS DATA,DATA_NEEDS_LIVE_CONTEXT,HISTORICAL TEST ONLY,NO-GO,False,Medium,ROUTE_PROXY_UNVALIDATED|LOW_CURRENT_SAMPLE|LOW_PLAYER_SAMPLE,Medium,ROUTE_PROXY_UNVALIDATED|LOW_CURRENT_SAMPLE|LOW_PLAYER_SAMPLE|LOW_YARDAGE_SAMPLE,,,,,,,,,,
2025,1,,S.Anderson,LAC,,TE,1.1041438042541445,13.276348498123063,,,,,,True,False,False,33.69,66.67,,,,,35,55,52,44.44,WATCH,1,0,0,6,Projection-led limited V1 signal from existing historical-test markets.,"Limited V1: opponent fit, game script, weather, recent form, and live role/injury context are not fully sourced.",,NEEDS DATA,NEEDS DATA,NEEDS DATA,DATA_NEEDS_LIVE_CONTEXT,HISTORICAL TEST ONLY,NO-GO,False,Medium,ROUTE_PROXY_UNVALIDATED|LOW_CURRENT_SAMPLE|LOW_PLAYER_SAMPLE,Medium,ROUTE_PROXY_UNVALIDATED|LOW_CURRENT_SAMPLE|LOW_PLAYER_SAMPLE|LOW_YARDAGE_SAMPLE,,,,,,,,,,
2025,1,,J.Hill,MIA,,TE,1.243682567992342,13.178401709999118,,,,,,True,False,False,33.28,66.67,,,,,35,55,52,44.26,WATCH,1,0,0,6,Projection-led limited V1 signal from existing historical-test markets.,"Limited V1: opponent fit, game script, weather, recent form, and live role/injury context are not fully sourced.",,NEEDS DATA,NEEDS DATA,NEEDS DATA,DATA_NEEDS_LIVE_CONTEXT,HISTORICAL TEST ONLY,NO-GO,False,Medium,ROUTE_PROXY_UNVALIDATED|LOW_CURRENT_SAMPLE,Medium,ROUTE_PROXY_UNVALIDATED|LOW_CURRENT_SAMPLE,,,,,,,,,,
2025,1,,D.Ogunbowale,HOU,,RB,1.008681049982984,10.7626962714066,13.169481011060968,2.058076986235672,,,,True,True,False,33.2,66.67,,,,,35,55,52,44.22,WATCH,1,0,0,6,Projection-led limited V1 signal from existing historical-test markets.,"Limited V1: opponent fit, game script, weather, recent form, and live role/injury context are not fully sourced.",,NEEDS DATA,NEEDS DATA,NEEDS DATA,DATA_NEEDS_LIVE_CONTEXT,HISTORICAL TEST ONLY,NO-GO,False,Medium,ROUTE_PROXY_UNVALIDATED|LOW_CURRENT_SAMPLE,Medium,ROUTE_PROXY_UNVALIDATED|LOW_CURRENT_SAMPLE,Medium,ROUTE_PROXY_UNVALIDATED|LOW_CURRENT_SAMPLE,Medium,ROUTE_PROXY_UNVALIDATED|LOW_CURRENT_SAMPLE,,,,,,
2025,1,,C.Woerner,ATL,,TE,1.2413778962719717,11.864366283926447,,,,,,True,False,False,33.12,66.67,,,,,35,55,52,44.19,WATCH,1,0,0,6,Projection-led limited V1 signal from existing historical-test markets.,"Limited V1: opponent fit, game script, weather, recent form, and live role/injury context are not fully sourced.",,NEEDS DATA,NEEDS DATA,NEEDS DATA,DATA_NEEDS_LIVE_CONTEXT,HISTORICAL TEST ONLY,NO-GO,False,Medium,ROUTE_PROXY_UNVALIDATED|LOW_CURRENT_SAMPLE,Medium,ROUTE_PROXY_UNVALIDATED|LOW_CURRENT_SAMPLE,,,,,,,,,,
2025,1,,B.Spann-Ford,DAL,,TE,1.225469100140007,13.115667044611602,,,,,,True,False,False,32.62,66.67,,,,,35,55,52,43.96,WATCH,1,0,0,6,Projection-led limited V1 signal from existing historical-test markets.,"Limited V1: opponent fit, game script, weather, recent form, and live role/injury context are not fully sourced.",,NEEDS DATA,NEEDS DATA,NEEDS DATA,DATA_NEEDS_LIVE_CONTEXT,HISTORICAL TEST ONLY,NO-GO,False,Medium,ROUTE_PROXY_UNVALIDATED|LOW_CURRENT_SAMPLE,Medium,ROUTE_PROXY_UNVALIDATED|LOW_CURRENT_SAMPLE|LOW_YARDAGE_SAMPLE,,,,,,,,,,
2025,1,,E.Tomlinson,LAC,,TE,1.2009423009484774,9.213725356707997,,,,,,True,False,False,32.19,66.67,,,,,35,55,52,43.77,WATCH,1,0,0,6,Projection-led limited V1 signal from existing historical-test markets.,"Limited V1: opponent fit, game script, weather, recent form, and live role/injury context are not fully sourced.",,NEEDS DATA,NEEDS DATA,NEEDS DATA,DATA_NEEDS_LIVE_CONTEXT,HISTORICAL TEST ONLY,NO-GO,False,Medium,ROUTE_PROXY_UNVALIDATED|LOW_CURRENT_SAMPLE|LOW_PLAYER_SAMPLE,Medium,ROUTE_PROXY_UNVALIDATED|LOW_CURRENT_SAMPLE|LOW_PLAYER_SAMPLE|LOW_YARDAGE_SAMPLE,,,,,,,,,,
2025,1,,H.Luepke,DAL,,RB,0.8090775578755778,8.092749362680726,9.19345898028048,2.0160150385889133,,,,True,True,False,31.97,66.67,,,,,35,55,52,43.67,WATCH,1,0,0,6,Projection-led limited V1 signal from existing historical-test markets.,"Limited V1: opponent fit, game script, weather, recent form, and live role/injury context are not fully sourced.",,NEEDS DATA,NEEDS DATA,NEEDS DATA,DATA_NEEDS_LIVE_CONTEXT,HISTORICAL TEST ONLY,NO-GO,False,Medium,ROUTE_PROXY_UNVALIDATED|LOW_CURRENT_SAMPLE,Medium,ROUTE_PROXY_UNVALIDATED|LOW_CURRENT_SAMPLE,Medium,ROUTE_PROXY_UNVALIDATED|LOW_CURRENT_SAMPLE|LOW_RUSH_SAMPLE,Medium,ROUTE_PROXY_UNVALIDATED|LOW_CURRENT_SAMPLE|LOW_RUSH_SAMPLE|LOW_CARRY_SAMPLE,,,,,,
2025,1,,D.Smythe,MIA,,TE,1.19657236229192,11.389240559582984,,,,,,True,False,False,31.87,66.67,,,,,35,55,52,43.63,WATCH,1,0,0,6,Projection-led limited V1 signal from existing historical-test markets.,"Limited V1: opponent fit, game script, weather, recent form, and live role/injury context are not fully sourced.",,NEEDS DATA,NEEDS DATA,NEEDS DATA,DATA_NEEDS_LIVE_CONTEXT,HISTORICAL TEST ONLY,NO-GO,False,Medium,ROUTE_PROXY_UNVALIDATED|LOW_CURRENT_SAMPLE,Medium,ROUTE_PROXY_UNVALIDATED|LOW_CURRENT_SAMPLE,,,,,,,,,,
2025,1,,S.Perine,KC,,RB,0.8296394550123695,9.661986806160536,13.649020723219246,,,,,True,True,False,31.72,66.67,,,,,35,55,52,43.56,WATCH,1,0,0,6,Projection-led limited V1 signal from existing historical-test markets.,"Limited V1: opponent fit, game script, weather, recent form, and live role/injury context are not fully sourced.",,NEEDS DATA,NEEDS DATA,NEEDS DATA,DATA_NEEDS_LIVE_CONTEXT,HISTORICAL TEST ONLY,NO-GO,False,Medium,ROUTE_PROXY_UNVALIDATED|LOW_CURRENT_SAMPLE,Medium,ROUTE_PROXY_UNVALIDATED|LOW_CURRENT_SAMPLE,Medium,ROUTE_PROXY_UNVALIDATED|LOW_CURRENT_SAMPLE,,,,,,,,
2025,1,,C.Yankoff,WAS,,TE,1.1862085464622223,13.008946159203566,,,,,,True,False,False,31.64,66.67,,,,,35,55,52,43.52,WATCH,1,0,0,6,Projection-led limited V1 signal from existing historical-test markets.,"Limited V1: opponent fit, game script, weather, recent form, and live role/injury context are not fully sourced.",,NEEDS DATA,NEEDS DATA,NEEDS DATA,DATA_NEEDS_LIVE_CONTEXT,HISTORICAL TEST ONLY,NO-GO,False,Medium,ROUTE_PROXY_UNVALIDATED|LOW_CURRENT_SAMPLE|LOW_PLAYER_SAMPLE,Medium,ROUTE_PROXY_UNVALIDATED|LOW_CURRENT_SAMPLE|LOW_PLAYER_SAMPLE|LOW_YARDAGE_SAMPLE,,,,,,,,,,
2025,1,,J.Shorter,LV,,TE,1.1638272531327467,12.76349434487897,,,,,,True,False,False,30.49,66.67,,,,,35,55,52,43.0,WATCH,1,0,0,6,Projection-led limited V1 signal from existing historical-test markets.,"Limited V1: opponent fit, game script, weather, recent form, and live role/injury context are not fully sourced.",,NEEDS DATA,NEEDS DATA,NEEDS DATA,DATA_NEEDS_LIVE_CONTEXT,HISTORICAL TEST ONLY,NO-GO,False,Medium,ROUTE_PROXY_UNVALIDATED|LOW_CURRENT_SAMPLE|LOW_PLAYER_SAMPLE,Medium,ROUTE_PROXY_UNVALIDATED|LOW_CURRENT_SAMPLE|LOW_PLAYER_SAMPLE|LOW_YARDAGE_SAMPLE,,,,,,,,,,
2025,1,,J.Baker,NE,,WR,0.9602373082047828,12.665852582917802,,,,,,True,False,False,30.0,66.67,,,,,35,55,52,42.78,WATCH,1,0,0,6,Projection-led limited V1 signal from existing historical-test markets.,"Limited V1: opponent fit, game script, weather, recent form, and live role/injury context are not fully sourced.",,NEEDS DATA,NEEDS DATA,NEEDS DATA,DATA_NEEDS_LIVE_CONTEXT,HISTORICAL TEST ONLY,NO-GO,False,Medium,ROUTE_PROXY_UNVALIDATED|LOW_CURRENT_SAMPLE|LOW_PLAYER_SAMPLE,Medium,ROUTE_PROXY_UNVALIDATED|LOW_CURRENT_SAMPLE|LOW_PLAYER_SAMPLE|LOW_YARDAGE_SAMPLE,,,,,,,,,,
2025,1,,D.Dallas,ARI,,RB,1.1404103269315276,6.80158586781735,11.465183717545557,1.221582329242359,,,,True,True,False,29.38,66.67,,,,,35,55,52,42.5,WATCH,1,0,0,6,Projection-led limited V1 signal from existing historical-test markets.,"Limited V1: opponent fit, game script, weather, recent form, and live role/injury context are not fully sourced.",,NEEDS DATA,NEEDS DATA,NEEDS DATA,DATA_NEEDS_LIVE_CONTEXT,HISTORICAL TEST ONLY,NO-GO,False,Medium,ROUTE_PROXY_UNVALIDATED|LOW_CURRENT_SAMPLE,Medium,ROUTE_PROXY_UNVALIDATED|LOW_CURRENT_SAMPLE|LOW_YARDAGE_SAMPLE,Medium,ROUTE_PROXY_UNVALIDATED|LOW_CURRENT_SAMPLE|LOW_RUSH_SAMPLE,Medium,ROUTE_PROXY_UNVALIDATED|LOW_CURRENT_SAMPLE|LOW_RUSH_SAMPLE|LOW_CARRY_SAMPLE,,,,,,
2025,1,,K.Kieft,TB,,TE,1.1305224733363557,11.4103064487012,,,,,,True,False,False,29.06,66.67,,,,,35,55,52,42.36,WATCH,1,0,0,6,Projection-led limited V1 signal from existing historical-test markets.,"Limited V1: opponent fit, game script, weather, recent form, and live role/injury context are not fully sourced.",,NEEDS DATA,NEEDS DATA,NEEDS DATA,DATA_NEEDS_LIVE_CONTEXT,HISTORICAL TEST ONLY,NO-GO,False,Medium,ROUTE_PROXY_UNVALIDATED|LOW_CURRENT_SAMPLE|LOW_PLAYER_SAMPLE,Medium,ROUTE_PROXY_UNVALIDATED|LOW_CURRENT_SAMPLE|LOW_PLAYER_SAMPLE|LOW_YARDAGE_SAMPLE,,,,,,,,,,
2025,1,,G.Dulcich,NYG,,TE,1.1303592153216675,9.903640699618869,,,,,,True,False,False,28.91,66.67,,,,,35,55,52,42.29,WATCH,1,0,0,6,Projection-led limited V1 signal from existing historical-test markets.,"Limited V1: opponent fit, game script, weather, recent form, and live role/injury context are not fully sourced.",,NEEDS DATA,NEEDS DATA,NEEDS DATA,DATA_NEEDS_LIVE_CONTEXT,HISTORICAL TEST ONLY,NO-GO,False,Medium,ROUTE_PROXY_UNVALIDATED|LOW_CURRENT_SAMPLE,Medium,ROUTE_PROXY_UNVALIDATED|LOW_CURRENT_SAMPLE|LOW_YARDAGE_SAMPLE,,,,,,,,,,
2025,1,,B.Bell,KC,,TE,1.1041187575057605,11.980578603665384,,,,,,True,False,False,28.52,66.67,,,,,35,55,52,42.12,WATCH,1,0,0,6,Projection-led limited V1 signal from existing historical-test markets.,"Limited V1: opponent fit, game script, weather, recent form, and live role/injury context are not fully sourced.",,NEEDS DATA,NEEDS DATA,NEEDS DATA,DATA_NEEDS_LIVE_CONTEXT,HISTORICAL TEST ONLY,NO-GO,False,Medium,ROUTE_PROXY_UNVALIDATED|LOW_CURRENT_SAMPLE|LOW_PLAYER_SAMPLE,Medium,ROUTE_PROXY_UNVALIDATED|LOW_CURRENT_SAMPLE|LOW_PLAYER_SAMPLE|LOW_YARDAGE_SAMPLE,,,,,,,,,,
2025,1,,P.Fant,DAL,,TE,0.9847769064969396,11.84106757940706,,,,,,True,False,False,28.03,66.67,,,,,35,55,52,41.9,WATCH,1,0,0,6,Projection-led limited V1 signal from existing historical-test markets.,"Limited V1: opponent fit, game script, weather, recent form, and live role/injury context are not fully sourced.",,NEEDS DATA,NEEDS DATA,NEEDS DATA,DATA_NEEDS_LIVE_CONTEXT,HISTORICAL TEST ONLY,NO-GO,False,Medium,ROUTE_PROXY_UNVALIDATED|LOW_CURRENT_SAMPLE|LOW_PLAYER_SAMPLE,Medium,ROUTE_PROXY_UNVALIDATED|LOW_CURRENT_SAMPLE|LOW_PLAYER_SAMPLE|LOW_YARDAGE_SAMPLE,,,,,,,,,,
2025,1,,R.Blackshear,CAR,,RB,0.6847540420322142,5.288637050429644,12.887296454764304,1.5837626567145302,,,,True,True,False,27.99,66.67,,,,,35,55,52,41.88,WATCH,1,0,0,6,Projection-led limited V1 signal from existing historical-test markets.,"Limited V1: opponent fit, game script, weather, recent form, and live role/injury context are not fully sourced.",,NEEDS DATA,NEEDS DATA,NEEDS DATA,DATA_NEEDS_LIVE_CONTEXT,HISTORICAL TEST ONLY,NO-GO,False,Medium,ROUTE_PROXY_UNVALIDATED|LOW_CURRENT_SAMPLE|LOW_PLAYER_SAMPLE,Medium,ROUTE_PROXY_UNVALIDATED|LOW_CURRENT_SAMPLE|LOW_PLAYER_SAMPLE|LOW_YARDAGE_SAMPLE,Medium,ROUTE_PROXY_UNVALIDATED|LOW_CURRENT_SAMPLE|LOW_PLAYER_SAMPLE,Medium,ROUTE_PROXY_UNVALIDATED|LOW_CURRENT_SAMPLE|LOW_PLAYER_SAMPLE,,,,,,
2025,1,,T.Homer,CHI,,RB,1.1202713831122648,6.5635567040162295,9.741434638102126,1.5427772974799692,,,,True,True,False,27.97,66.67,,,,,35,55,52,41.87,WATCH,1,0,0,6,Projection-led limited V1 signal from existing historical-test markets.,"Limited V1: opponent fit, game script, weather, recent form, and live role/injury context are not fully sourced.",,NEEDS DATA,NEEDS DATA,NEEDS DATA,DATA_NEEDS_LIVE_CONTEXT,HISTORICAL TEST ONLY,NO-GO,False,Medium,ROUTE_PROXY_UNVALIDATED|LOW_CURRENT_SAMPLE|LOW_PLAYER_SAMPLE,Medium,ROUTE_PROXY_UNVALIDATED|LOW_CURRENT_SAMPLE|LOW_PLAYER_SAMPLE|LOW_YARDAGE_SAMPLE,Medium,ROUTE_PROXY_UNVALIDATED|LOW_CURRENT_SAMPLE|LOW_PLAYER_SAMPLE|LOW_RUSH_SAMPLE,Medium,ROUTE_PROXY_UNVALIDATED|LOW_CURRENT_SAMPLE|LOW_PLAYER_SAMPLE|LOW_RUSH_SAMPLE|LOW_CARRY_SAMPLE,,,,,,
2025,1,,W.Mallory,IND,,TE,1.1153204163603736,11.836084024885524,,,,,,True,False,False,27.87,66.67,,,,,35,55,52,41.83,WATCH,1,0,0,6,Projection-led limited V1 signal from existing historical-test markets.,"Limited V1: opponent fit, game script, weather, recent form, and live role/injury context are not fully sourced.",,NEEDS DATA,NEEDS DATA,NEEDS DATA,DATA_NEEDS_LIVE_CONTEXT,HISTORICAL TEST ONLY,NO-GO,False,Medium,ROUTE_PROXY_UNVALIDATED|LOW_CURRENT_SAMPLE,Medium,ROUTE_PROXY_UNVALIDATED|LOW_CURRENT_SAMPLE,,,,,,,,,,
2025,1,,V.Jones,CAR,,RB,0.8890065889957848,7.668450235812672,12.726009956058732,1.6870420832685928,,,,True,True,False,27.61,66.67,,,,,35,55,52,41.71,WATCH,1,0,0,6,Projection-led limited V1 signal from existing historical-test markets.,"Limited V1: opponent fit, game script, weather, recent form, and live role/injury context are not fully sourced.",,NEEDS DATA,NEEDS DATA,NEEDS DATA,DATA_NEEDS_LIVE_CONTEXT,HISTORICAL TEST ONLY,NO-GO,False,Medium,ROUTE_PROXY_UNVALIDATED|LOW_CURRENT_SAMPLE|LOW_PLAYER_SAMPLE,Medium,ROUTE_PROXY_UNVALIDATED|LOW_CURRENT_SAMPLE|LOW_PLAYER_SAMPLE|LOW_YARDAGE_SAMPLE,Medium,ROUTE_PROXY_UNVALIDATED|LOW_CURRENT_SAMPLE|LOW_PLAYER_SAMPLE|LOW_RUSH_SAMPLE,Medium,ROUTE_PROXY_UNVALIDATED|LOW_CURRENT_SAMPLE|LOW_PLAYER_SAMPLE|LOW_RUSH_SAMPLE|LOW_CARRY_SAMPLE,,,,,,
2025,1,,J.Ward,PIT,,RB,0.7683881235017976,5.906675700065159,12.589182458702355,1.4879315253257377,,,,True,True,False,26.87,66.67,,,,,35,55,52,41.38,WATCH,1,0,0,6,Projection-led limited V1 signal from existing historical-test markets.,"Limited V1: opponent fit, game script, weather, recent form, and live role/injury context are not fully sourced.",,NEEDS DATA,NEEDS DATA,NEEDS DATA,DATA_NEEDS_LIVE_CONTEXT,HISTORICAL TEST ONLY,NO-GO,False,Medium,ROUTE_PROXY_UNVALIDATED|LOW_CURRENT_SAMPLE|LOW_PLAYER_SAMPLE,Medium,ROUTE_PROXY_UNVALIDATED|LOW_CURRENT_SAMPLE|LOW_PLAYER_SAMPLE|LOW_YARDAGE_SAMPLE,Medium,ROUTE_PROXY_UNVALIDATED|LOW_CURRENT_SAMPLE|LOW_PLAYER_SAMPLE|LOW_RUSH_SAMPLE,Medium,ROUTE_PROXY_UNVALIDATED|LOW_CURRENT_SAMPLE|LOW_PLAYER_SAMPLE|LOW_RUSH_SAMPLE|LOW_CARRY_SAMPLE,,,,,,
2025,1,,J.Polk,NE,,WR,1.0656433171214468,11.515251932793852,,,,,,True,False,False,26.72,66.67,,,,,35,55,52,41.31,WATCH,1,0,0,6,Projection-led limited V1 signal from existing historical-test markets.,"Limited V1: opponent fit, game script, weather, recent form, and live role/injury context are not fully sourced.",,NEEDS DATA,NEEDS DATA,NEEDS DATA,DATA_NEEDS_LIVE_CONTEXT,HISTORICAL TEST ONLY,NO-GO,False,Medium,ROUTE_PROXY_UNVALIDATED|LOW_CURRENT_SAMPLE,Medium,ROUTE_PROXY_UNVALIDATED|LOW_CURRENT_SAMPLE,,,,,,,,,,
2025,1,,H.Pearson,GB,,TE,0.9549351820576384,11.482247349728055,,,,,,True,False,False,26.56,66.67,,,,,35,55,52,41.24,WATCH,1,0,0,6,Projection-led limited V1 signal from existing historical-test markets.,"Limited V1: opponent fit, game script, weather, recent form, and live role/injury context are not fully sourced.",,NEEDS DATA,NEEDS DATA,NEEDS DATA,DATA_NEEDS_LIVE_CONTEXT,HISTORICAL TEST ONLY,NO-GO,False,Medium,ROUTE_PROXY_UNVALIDATED|LOW_CURRENT_SAMPLE|LOW_PLAYER_SAMPLE,Medium,ROUTE_PROXY_UNVALIDATED|LOW_CURRENT_SAMPLE|LOW_PLAYER_SAMPLE|LOW_YARDAGE_SAMPLE,,,,,,,,,,
2025,1,,K.Toney,CLE,,WR,0.8535773597225488,11.460660966068858,,,,,,True,False,False,26.39,66.67,,,,,35,55,52,41.16,WATCH,1,0,0,6,Projection-led limited V1 signal from existing historical-test markets.,"Limited V1: opponent fit, game script, weather, recent form, and live role/injury context are not fully sourced.",,NEEDS DATA,NEEDS DATA,NEEDS DATA,DATA_NEEDS_LIVE_CONTEXT,HISTORICAL TEST ONLY,NO-GO,False,Medium,ROUTE_PROXY_UNVALIDATED|LOW_CURRENT_SAMPLE,Medium,ROUTE_PROXY_UNVALIDATED|LOW_CURRENT_SAMPLE,,,,,,,,,,
2025,1,,C.Schrader,LA,,RB,1.0797183929234473,8.265093952956995,8.065165103276732,,,,,True,True,False,26.09,66.67,,,,,35,55,52,41.02,WATCH,1,0,0,6,Projection-led limited V1 signal from existing historical-test markets.,"Limited V1: opponent fit, game script, weather, recent form, and live role/injury context are not fully sourced.",,NEEDS DATA,NEEDS DATA,NEEDS DATA,DATA_NEEDS_LIVE_CONTEXT,HISTORICAL TEST ONLY,NO-GO,False,Medium,ROUTE_PROXY_UNVALIDATED|LOW_CURRENT_SAMPLE|LOW_PLAYER_SAMPLE,Medium,ROUTE_PROXY_UNVALIDATED|LOW_CURRENT_SAMPLE|LOW_PLAYER_SAMPLE|LOW_YARDAGE_SAMPLE,Medium,ROUTE_PROXY_UNVALIDATED|LOW_CURRENT_SAMPLE|LOW_PLAYER_SAMPLE|LOW_RUSH_SAMPLE,,,,,,,,
2025,1,,G.Brightwell,CLE,,RB,1.0673871240044377,9.784919353961408,9.013166343774513,,,,,True,True,False,25.47,66.67,,,,,35,55,52,40.75,WATCH,1,0,0,6,Projection-led limited V1 signal from existing historical-test markets.,"Limited V1: opponent fit, game script, weather, recent form, and live role/injury context are not fully sourced.",,NEEDS DATA,NEEDS DATA,NEEDS DATA,DATA_NEEDS_LIVE_CONTEXT,HISTORICAL TEST ONLY,NO-GO,False,Medium,ROUTE_PROXY_UNVALIDATED|LOW_CURRENT_SAMPLE|LOW_PLAYER_SAMPLE,Medium,ROUTE_PROXY_UNVALIDATED|LOW_CURRENT_SAMPLE|LOW_PLAYER_SAMPLE|LOW_YARDAGE_SAMPLE,Medium,ROUTE_PROXY_UNVALIDATED|LOW_CURRENT_SAMPLE|LOW_PLAYER_SAMPLE|LOW_RUSH_SAMPLE,,,,,,,,
2025,1,,C.Uzomah,PHI,,TE,0.9925806101575922,11.252199454704485,,,,,,True,False,False,25.41,66.67,,,,,35,55,52,40.72,WATCH,1,0,0,6,Projection-led limited V1 signal from existing historical-test markets.,"Limited V1: opponent fit, game script, weather, recent form, and live role/injury context are not fully sourced.",,NEEDS DATA,NEEDS DATA,NEEDS DATA,DATA_NEEDS_LIVE_CONTEXT,HISTORICAL TEST ONLY,NO-GO,False,Medium,ROUTE_PROXY_UNVALIDATED|LOW_CURRENT_SAMPLE,Medium,ROUTE_PROXY_UNVALIDATED|LOW_CURRENT_SAMPLE|LOW_YARDAGE_SAMPLE,,,,,,,,,,
2025,1,,J.Hasty,NE,,RB,0.8279333324144181,6.273988514346153,11.966820141028144,1.5686649302754083,,,,True,True,False,25.37,66.67,,,,,35,55,52,40.7,WATCH,1,0,0,6,Projection-led limited V1 signal from existing historical-test markets.,"Limited V1: opponent fit, game script, weather, recent form, and live role/injury context are not fully sourced.",,NEEDS DATA,NEEDS DATA,NEEDS DATA,DATA_NEEDS_LIVE_CONTEXT,HISTORICAL TEST ONLY,NO-GO,False,Medium,ROUTE_PROXY_UNVALIDATED|LOW_CURRENT_SAMPLE,Medium,ROUTE_PROXY_UNVALIDATED|LOW_CURRENT_SAMPLE,Medium,ROUTE_PROXY_UNVALIDATED|LOW_CURRENT_SAMPLE,Medium,ROUTE_PROXY_UNVALIDATED|LOW_CURRENT_SAMPLE,,,,,,
2025,1,,A.Shampklin,PIT,,RB,0.7683881235017976,5.906675700065159,11.642992921564256,1.7680937225018047,,,,True,True,False,25.0,66.67,,,,,35,55,52,40.53,WATCH,1,0,0,6,Projection-led limited V1 signal from existing historical-test markets.,"Limited V1: opponent fit, game script, weather, recent form, and live role/injury context are not fully sourced.",,NEEDS DATA,NEEDS DATA,NEEDS DATA,DATA_NEEDS_LIVE_CONTEXT,HISTORICAL TEST ONLY,NO-GO,False,Medium,ROUTE_PROXY_UNVALIDATED|LOW_CURRENT_SAMPLE|LOW_PLAYER_SAMPLE,Medium,ROUTE_PROXY_UNVALIDATED|LOW_CURRENT_SAMPLE|LOW_PLAYER_SAMPLE|LOW_YARDAGE_SAMPLE,Medium,ROUTE_PROXY_UNVALIDATED|LOW_CURRENT_SAMPLE|LOW_PLAYER_SAMPLE|LOW_RUSH_SAMPLE,Medium,ROUTE_PROXY_UNVALIDATED|LOW_CURRENT_SAMPLE|LOW_PLAYER_SAMPLE|LOW_RUSH_SAMPLE|LOW_CARRY_SAMPLE,,,,,,
2025,1,,Q.Morris,BUF,,TE,1.062719654803851,10.778874105863569,,,,,,True,False,False,24.84,66.67,,,,,35,55,52,40.46,WATCH,1,0,0,6,Projection-led limited V1 signal from existing historical-test markets.,"Limited V1: opponent fit, game script, weather, recent form, and live role/injury context are not fully sourced.",,NEEDS DATA,NEEDS DATA,NEEDS DATA,DATA_NEEDS_LIVE_CONTEXT,HISTORICAL TEST ONLY,NO-GO,False,Medium,ROUTE_PROXY_UNVALIDATED|LOW_CURRENT_SAMPLE,Medium,ROUTE_PROXY_UNVALIDATED|LOW_CURRENT_SAMPLE|LOW_YARDAGE_SAMPLE,,,,,,,,,,
2025,1,,P.Hesse,ATL,,TE,0.917633026508512,11.033722062629304,,,,,,True,False,False,24.75,66.67,,,,,35,55,52,40.42,WATCH,1,0,0,6,Projection-led limited V1 signal from existing historical-test markets.,"Limited V1: opponent fit, game script, weather, recent form, and live role/injury context are not fully sourced.",,NEEDS DATA,NEEDS DATA,NEEDS DATA,DATA_NEEDS_LIVE_CONTEXT,HISTORICAL TEST ONLY,NO-GO,False,Medium,ROUTE_PROXY_UNVALIDATED|LOW_CURRENT_SAMPLE|LOW_PLAYER_SAMPLE,Medium,ROUTE_PROXY_UNVALIDATED|LOW_CURRENT_SAMPLE|LOW_PLAYER_SAMPLE|LOW_YARDAGE_SAMPLE,,,,,,,,,,
2025,1,,D.Allen,LA,,TE,1.059785057909094,10.966884752814137,,,,,,True,False,False,24.69,66.67,,,,,35,55,52,40.39,WATCH,1,0,0,6,Projection-led limited V1 signal from existing historical-test markets.,"Limited V1: opponent fit, game script, weather, recent form, and live role/injury context are not fully sourced.",,NEEDS DATA,NEEDS DATA,NEEDS DATA,DATA_NEEDS_LIVE_CONTEXT,HISTORICAL TEST ONLY,NO-GO,False,Medium,ROUTE_PROXY_UNVALIDATED|LOW_CURRENT_SAMPLE,Medium,ROUTE_PROXY_UNVALIDATED|LOW_CURRENT_SAMPLE,,,,,,,,,,
2025,1,,J.Ross,KC,,WR,0.7840718507623127,11.005421310205971,,,,,,True,False,False,24.59,66.67,,,,,35,55,52,40.35,WATCH,1,0,0,6,Projection-led limited V1 signal from existing historical-test markets.,"Limited V1: opponent fit, game script, weather, recent form, and live role/injury context are not fully sourced.",,NEEDS DATA,NEEDS DATA,NEEDS DATA,DATA_NEEDS_LIVE_CONTEXT,HISTORICAL TEST ONLY,NO-GO,False,Medium,ROUTE_PROXY_UNVALIDATED|LOW_CURRENT_SAMPLE,Medium,ROUTE_PROXY_UNVALIDATED|LOW_CURRENT_SAMPLE|LOW_YARDAGE_SAMPLE,,,,,,,,,,
2025,1,,E.Gray,NYG,,RB,1.056601911103337,9.451922244034224,8.44380544521943,1.0566776849138255,,,,True,True,False,24.53,66.67,,,,,35,55,52,40.32,WATCH,1,0,0,6,Projection-led limited V1 signal from existing historical-test markets.,"Limited V1: opponent fit, game script, weather, recent form, and live role/injury context are not fully sourced.",,NEEDS DATA,NEEDS DATA,NEEDS DATA,DATA_NEEDS_LIVE_CONTEXT,HISTORICAL TEST ONLY,NO-GO,False,Medium,ROUTE_PROXY_UNVALIDATED|LOW_CURRENT_SAMPLE,Medium,ROUTE_PROXY_UNVALIDATED|LOW_CURRENT_SAMPLE,Medium,ROUTE_PROXY_UNVALIDATED|LOW_CURRENT_SAMPLE,Medium,ROUTE_PROXY_UNVALIDATED|LOW_CURRENT_SAMPLE,,,,,,
2025,1,,F.Franks,CAR,,TE,0.8182892310969417,11.001747078161,,,,,,True,False,False,24.43,66.67,,,,,35,55,52,40.28,WATCH,1,0,0,6,Projection-led limited V1 signal from existing historical-test markets.,"Limited V1: opponent fit, game script, weather, recent form, and live role/injury context are not fully sourced.",,NEEDS DATA,NEEDS DATA,NEEDS DATA,DATA_NEEDS_LIVE_CONTEXT,HISTORICAL TEST ONLY,NO-GO,False,Medium,ROUTE_PROXY_UNVALIDATED|LOW_CURRENT_SAMPLE|LOW_PLAYER_SAMPLE,Medium,ROUTE_PROXY_UNVALIDATED|LOW_CURRENT_SAMPLE|LOW_PLAYER_SAMPLE|LOW_YARDAGE_SAMPLE,,,,,,,,,,
2025,1,,A.Armah,WAS,,RB,1.0353764553738332,8.249083115044716,,,,,,True,False,False,24.06,66.67,,,,,35,55,52,40.11,WATCH,1,0,0,6,Projection-led limited V1 signal from existing historical-test markets.,"Limited V1: opponent fit, game script, weather, recent form, and live role/injury context are not fully sourced.",,NEEDS DATA,NEEDS DATA,NEEDS DATA,DATA_NEEDS_LIVE_CONTEXT,HISTORICAL TEST ONLY,NO-GO,False,Medium,ROUTE_PROXY_UNVALIDATED|LOW_CURRENT_SAMPLE|LOW_PLAYER_SAMPLE,Medium,ROUTE_PROXY_UNVALIDATED|LOW_CURRENT_SAMPLE|LOW_PLAYER_SAMPLE|LOW_YARDAGE_SAMPLE,,,,,,,,,,
2025,1,,K.Ingram,KC,,RB,0.8101755471723389,6.087319031029587,11.465418828003267,,,,,True,True,False,23.88,66.67,,,,,35,55,52,40.03,WATCH,1,0,0,6,Projection-led limited V1 signal from existing historical-test markets.,"Limited V1: opponent fit, game script, weather, recent form, and live role/injury context are not fully sourced.",,NEEDS DATA,NEEDS DATA,NEEDS DATA,DATA_NEEDS_LIVE_CONTEXT,HISTORICAL TEST ONLY,NO-GO,False,Medium,ROUTE_PROXY_UNVALIDATED|LOW_CURRENT_SAMPLE|LOW_PLAYER_SAMPLE,Medium,ROUTE_PROXY_UNVALIDATED|LOW_CURRENT_SAMPLE|LOW_PLAYER_SAMPLE|LOW_YARDAGE_SAMPLE,Medium,ROUTE_PROXY_UNVALIDATED|LOW_CURRENT_SAMPLE|LOW_PLAYER_SAMPLE,,,,,,,,
2025,1,,D.Martin-Robinson,TEN,,TE,1.023031040048654,9.029913302181264,,,,,,True,False,False,23.44,66.67,,,,,35,55,52,39.83,REVIEW,1,0,0,6,Projection-led limited V1 signal from existing historical-test markets.,"Limited V1: opponent fit, game script, weather, recent form, and live role/injury context are not fully sourced.",,NEEDS DATA,NEEDS DATA,NEEDS DATA,DATA_NEEDS_LIVE_CONTEXT,HISTORICAL TEST ONLY,NO-GO,False,Medium,ROUTE_PROXY_UNVALIDATED|LOW_CURRENT_SAMPLE|LOW_PLAYER_SAMPLE,Medium,ROUTE_PROXY_UNVALIDATED|LOW_CURRENT_SAMPLE|LOW_PLAYER_SAMPLE|LOW_YARDAGE_SAMPLE,,,,,,,,,,
2025,1,,K.Vaughn,SF,,RB,0.909902061688486,6.531092218080343,11.179192870598076,1.4166892368296995,,,,True,True,False,23.13,66.67,,,,,35,55,52,39.69,REVIEW,1,0,0,6,Projection-led limited V1 signal from existing historical-test markets.,"Limited V1: opponent fit, game script, weather, recent form, and live role/injury context are not fully sourced.",,NEEDS DATA,NEEDS DATA,NEEDS DATA,DATA_NEEDS_LIVE_CONTEXT,HISTORICAL TEST ONLY,NO-GO,False,Medium,ROUTE_PROXY_UNVALIDATED|LOW_CURRENT_SAMPLE|LOW_PLAYER_SAMPLE,Medium,ROUTE_PROXY_UNVALIDATED|LOW_CURRENT_SAMPLE|LOW_PLAYER_SAMPLE|LOW_YARDAGE_SAMPLE,Medium,ROUTE_PROXY_UNVALIDATED|LOW_CURRENT_SAMPLE|LOW_PLAYER_SAMPLE,Medium,ROUTE_PROXY_UNVALIDATED|LOW_CURRENT_SAMPLE|LOW_PLAYER_SAMPLE,,,,,,
2025,1,,J.Stoll,PHI,,TE,1.0161020513731538,8.633571555278408,,,,,,True,False,False,23.12,66.67,,,,,35,55,52,39.69,REVIEW,1,0,0,6,Projection-led limited V1 signal from existing historical-test markets.,"Limited V1: opponent fit, game script, weather, recent form, and live role/injury context are not fully sourced.",,NEEDS DATA,NEEDS DATA,NEEDS DATA,DATA_NEEDS_LIVE_CONTEXT,HISTORICAL TEST ONLY,NO-GO,False,Medium,ROUTE_PROXY_UNVALIDATED|LOW_CURRENT_SAMPLE,Medium,ROUTE_PROXY_UNVALIDATED|LOW_CURRENT_SAMPLE|LOW_YARDAGE_SAMPLE,,,,,,,,,,
2025,1,,X.Weaver,ARI,,WR,0.7721295548629767,10.21389195028739,,,,,,True,False,False,22.3,66.67,,,,,35,55,52,39.32,REVIEW,1,0,0,6,Projection-led limited V1 signal from existing historical-test markets.,"Limited V1: opponent fit, game script, weather, recent form, and live role/injury context are not fully sourced.",,NEEDS DATA,NEEDS DATA,NEEDS DATA,DATA_NEEDS_LIVE_CONTEXT,HISTORICAL TEST ONLY,NO-GO,False,Medium,ROUTE_PROXY_UNVALIDATED|LOW_CURRENT_SAMPLE|LOW_PLAYER_SAMPLE,Medium,ROUTE_PROXY_UNVALIDATED|LOW_CURRENT_SAMPLE|LOW_PLAYER_SAMPLE|LOW_YARDAGE_SAMPLE,,,,,,,,,,
2025,1,,J.Wayne,HOU,,WR,0.7681594214507468,10.161374191518348,,,,,,True,False,False,21.8,66.67,,,,,35,55,52,39.09,REVIEW,1,0,0,6,Projection-led limited V1 signal from existing historical-test markets.,"Limited V1: opponent fit, game script, weather, recent form, and live role/injury context are not fully sourced.",,NEEDS DATA,NEEDS DATA,NEEDS DATA,DATA_NEEDS_LIVE_CONTEXT,HISTORICAL TEST ONLY,NO-GO,False,Medium,ROUTE_PROXY_UNVALIDATED|LOW_CURRENT_SAMPLE|LOW_PLAYER_SAMPLE,Medium,ROUTE_PROXY_UNVALIDATED|LOW_CURRENT_SAMPLE|LOW_PLAYER_SAMPLE|LOW_YARDAGE_SAMPLE,,,,,,,,,,
2025,1,,J.Wilson,PHI,,WR,0.9154459199116074,10.138847410210136,,,,,,True,False,False,21.64,66.67,,,,,35,55,52,39.02,REVIEW,1,0,0,6,Projection-led limited V1 signal from existing historical-test markets.,"Limited V1: opponent fit, game script, weather, recent form, and live role/injury context are not fully sourced.",,NEEDS DATA,NEEDS DATA,NEEDS DATA,DATA_NEEDS_LIVE_CONTEXT,HISTORICAL TEST ONLY,NO-GO,False,Medium,ROUTE_PROXY_UNVALIDATED|LOW_CURRENT_SAMPLE,Medium,ROUTE_PROXY_UNVALIDATED|LOW_CURRENT_SAMPLE|LOW_YARDAGE_SAMPLE,,,,,,,,,,
2025,1,,E.Ezukanma,MIA,,WR,0.7657592123582534,10.129623721439302,,,,,,True,False,False,21.48,66.67,,,,,35,55,52,38.95,REVIEW,1,0,0,6,Projection-led limited V1 signal from existing historical-test markets.,"Limited V1: opponent fit, game script, weather, recent form, and live role/injury context are not fully sourced.",,NEEDS DATA,NEEDS DATA,NEEDS DATA,DATA_NEEDS_LIVE_CONTEXT,HISTORICAL TEST ONLY,NO-GO,False,Medium,ROUTE_PROXY_UNVALIDATED|LOW_CURRENT_SAMPLE|LOW_PLAYER_SAMPLE,Medium,ROUTE_PROXY_UNVALIDATED|LOW_CURRENT_SAMPLE|LOW_PLAYER_SAMPLE|LOW_YARDAGE_SAMPLE,,,,,,,,,,
2025,1,,Z.Davidson,BUF,,TE,0.993449754966016,8.004154080756809,,,,,,True,False,False,21.41,66.67,,,,,35,55,52,38.92,REVIEW,1,0,0,6,Projection-led limited V1 signal from existing historical-test markets.,"Limited V1: opponent fit, game script, weather, recent form, and live role/injury context are not fully sourced.",,NEEDS DATA,NEEDS DATA,NEEDS DATA,DATA_NEEDS_LIVE_CONTEXT,HISTORICAL TEST ONLY,NO-GO,False,Medium,ROUTE_PROXY_UNVALIDATED|LOW_CURRENT_SAMPLE|LOW_PLAYER_SAMPLE,Medium,ROUTE_PROXY_UNVALIDATED|LOW_CURRENT_SAMPLE|LOW_PLAYER_SAMPLE|LOW_YARDAGE_SAMPLE,,,,,,,,,,
2025,1,,G.Holani,SEA,,RB,0.97562950510511,,9.974619799465607,1.6129555482024898,,,,True,True,False,20.52,66.67,,,,,35,55,52,38.52,REVIEW,1,0,0,6,Projection-led limited V1 signal from existing historical-test markets.,"Limited V1: opponent fit, game script, weather, recent form, and live role/injury context are not fully sourced.",,NEEDS DATA,NEEDS DATA,NEEDS DATA,DATA_NEEDS_LIVE_CONTEXT,HISTORICAL TEST ONLY,NO-GO,False,Medium,ROUTE_PROXY_UNVALIDATED|LOW_CURRENT_SAMPLE|LOW_PLAYER_SAMPLE,,,Medium,ROUTE_PROXY_UNVALIDATED|LOW_CURRENT_SAMPLE|LOW_PLAYER_SAMPLE|LOW_RUSH_SAMPLE,Medium,ROUTE_PROXY_UNVALIDATED|LOW_CURRENT_SAMPLE|LOW_PLAYER_SAMPLE|LOW_RUSH_SAMPLE|LOW_CARRY_SAMPLE,,,,,,
2025,1,,A.Okwuegbunam,PHI,,TE,0.7978931071958165,9.593955891042317,,,,,,True,False,False,19.02,66.67,,,,,35,55,52,37.84,REVIEW,1,0,0,6,Projection-led limited V1 signal from existing historical-test markets.,"Limited V1: opponent fit, game script, weather, recent form, and live role/injury context are not fully sourced.",,NEEDS DATA,NEEDS DATA,NEEDS DATA,DATA_NEEDS_LIVE_CONTEXT,HISTORICAL TEST ONLY,NO-GO,False,Medium,ROUTE_PROXY_UNVALIDATED|LOW_CURRENT_SAMPLE|LOW_PLAYER_SAMPLE,Medium,ROUTE_PROXY_UNVALIDATED|LOW_CURRENT_SAMPLE|LOW_PLAYER_SAMPLE|LOW_YARDAGE_SAMPLE,,,,,,,,,,
2025,1,,T.Williams,CIN,,RB,0.9392462080074868,6.837050747135228,9.31338581022101,1.27127673733842,,,,True,True,False,18.28,66.67,,,,,35,55,52,37.51,REVIEW,1,0,0,6,Projection-led limited V1 signal from existing historical-test markets.,"Limited V1: opponent fit, game script, weather, recent form, and live role/injury context are not fully sourced.",,NEEDS DATA,NEEDS DATA,NEEDS DATA,DATA_NEEDS_LIVE_CONTEXT,HISTORICAL TEST ONLY,NO-GO,False,Medium,ROUTE_PROXY_UNVALIDATED|LOW_CURRENT_SAMPLE|LOW_PLAYER_SAMPLE,Medium,ROUTE_PROXY_UNVALIDATED|LOW_CURRENT_SAMPLE|LOW_PLAYER_SAMPLE|LOW_YARDAGE_SAMPLE,Medium,ROUTE_PROXY_UNVALIDATED|LOW_CURRENT_SAMPLE|LOW_PLAYER_SAMPLE|LOW_RUSH_SAMPLE,Medium,ROUTE_PROXY_UNVALIDATED|LOW_CURRENT_SAMPLE|LOW_PLAYER_SAMPLE|LOW_RUSH_SAMPLE|LOW_CARRY_SAMPLE,,,,,,
2025,1,,T.Kennedy,DET,,WR,0.7005845227727218,9.267479236582384,,,,,,True,False,False,17.54,66.67,,,,,35,55,52,37.18,REVIEW,1,0,0,6,Projection-led limited V1 signal from existing historical-test markets.,"Limited V1: opponent fit, game script, weather, recent form, and live role/injury context are not fully sourced.",,NEEDS DATA,NEEDS DATA,NEEDS DATA,DATA_NEEDS_LIVE_CONTEXT,HISTORICAL TEST ONLY,NO-GO,False,Medium,ROUTE_PROXY_UNVALIDATED|LOW_CURRENT_SAMPLE|LOW_PLAYER_SAMPLE,Medium,ROUTE_PROXY_UNVALIDATED|LOW_CURRENT_SAMPLE|LOW_PLAYER_SAMPLE|LOW_YARDAGE_SAMPLE,,,,,,,,,,
2025,1,,A.McFarland,PIT,,RB,0.9270847613659516,7.642453421893212,,,,,,True,False,False,17.19,66.67,,,,,35,55,52,37.02,REVIEW,1,0,0,6,Projection-led limited V1 signal from existing historical-test markets.,"Limited V1: opponent fit, game script, weather, recent form, and live role/injury context are not fully sourced.",,NEEDS DATA,NEEDS DATA,NEEDS DATA,DATA_NEEDS_LIVE_CONTEXT,HISTORICAL TEST ONLY,NO-GO,False,Medium,ROUTE_PROXY_UNVALIDATED|LOW_CURRENT_SAMPLE|LOW_PLAYER_SAMPLE,Medium,ROUTE_PROXY_UNVALIDATED|LOW_CURRENT_SAMPLE|LOW_PLAYER_SAMPLE|LOW_YARDAGE_SAMPLE,,,,,,,,,,
2025,1,,B.Berrios,MIA,,WR,0.7136364319624101,8.872062816117946,,,,,,True,False,False,15.57,66.67,,,,,35,55,52,36.29,REVIEW,1,0,0,6,Projection-led limited V1 signal from existing historical-test markets.,"Limited V1: opponent fit, game script, weather, recent form, and live role/injury context are not fully sourced.",,NEEDS DATA,NEEDS DATA,NEEDS DATA,DATA_NEEDS_LIVE_CONTEXT,HISTORICAL TEST ONLY,NO-GO,False,Medium,ROUTE_PROXY_UNVALIDATED|LOW_CURRENT_SAMPLE,Medium,ROUTE_PROXY_UNVALIDATED|LOW_CURRENT_SAMPLE,,,,,,,,,,
2025,1,,B.Brooks,HOU,,RB,0.7213439526751569,5.5450424939387215,6.542048538013387,1.4892657333156702,,,,True,True,False,15.16,66.67,,,,,35,55,52,36.11,REVIEW,1,0,0,6,Projection-led limited V1 signal from existing historical-test markets.,"Limited V1: opponent fit, game script, weather, recent form, and live role/injury context are not fully sourced.",,NEEDS DATA,NEEDS DATA,NEEDS DATA,DATA_NEEDS_LIVE_CONTEXT,HISTORICAL TEST ONLY,NO-GO,False,Medium,ROUTE_PROXY_UNVALIDATED|LOW_CURRENT_SAMPLE|LOW_PLAYER_SAMPLE,Medium,ROUTE_PROXY_UNVALIDATED|LOW_CURRENT_SAMPLE|LOW_PLAYER_SAMPLE|LOW_YARDAGE_SAMPLE,Medium,ROUTE_PROXY_UNVALIDATED|LOW_CURRENT_SAMPLE|LOW_PLAYER_SAMPLE|LOW_RUSH_SAMPLE,Medium,ROUTE_PROXY_UNVALIDATED|LOW_CURRENT_SAMPLE|LOW_PLAYER_SAMPLE|LOW_RUSH_SAMPLE|LOW_CARRY_SAMPLE,,,,,,
2025,1,,K.Nwangwu,NYJ,,RB,0.7997509040528914,6.147764504149452,8.03154781452421,,,,,True,True,False,13.81,66.67,,,,,35,55,52,35.5,REVIEW,1,0,0,6,Projection-led limited V1 signal from existing historical-test markets.,"Limited V1: opponent fit, game script, weather, recent form, and live role/injury context are not fully sourced.",,NEEDS DATA,NEEDS DATA,NEEDS DATA,DATA_NEEDS_LIVE_CONTEXT,HISTORICAL TEST ONLY,NO-GO,False,Medium,ROUTE_PROXY_UNVALIDATED|LOW_CURRENT_SAMPLE|LOW_PLAYER_SAMPLE,Medium,ROUTE_PROXY_UNVALIDATED|LOW_CURRENT_SAMPLE|LOW_PLAYER_SAMPLE|LOW_YARDAGE_SAMPLE,Medium,ROUTE_PROXY_UNVALIDATED|LOW_CURRENT_SAMPLE|LOW_PLAYER_SAMPLE|LOW_RUSH_SAMPLE,,,,,,,,
2025,1,,E.Jenkins,PHI,,TE,0.8589305304349889,8.242576410273193,,,,,,True,False,False,13.44,66.67,,,,,35,55,52,35.33,REVIEW,1,0,0,6,Projection-led limited V1 signal from existing historical-test markets.,"Limited V1: opponent fit, game script, weather, recent form, and live role/injury context are not fully sourced.",,NEEDS DATA,NEEDS DATA,NEEDS DATA,DATA_NEEDS_LIVE_CONTEXT,HISTORICAL TEST ONLY,NO-GO,False,Medium,ROUTE_PROXY_UNVALIDATED|LOW_CURRENT_SAMPLE|LOW_PLAYER_SAMPLE,Medium,ROUTE_PROXY_UNVALIDATED|LOW_CURRENT_SAMPLE|LOW_PLAYER_SAMPLE|LOW_YARDAGE_SAMPLE,,,,,,,,,,
2025,1,,J.Fortson,KC,,TE,0.8513104497451056,6.077010716553586,,,,,,True,False,False,12.81,66.67,,,,,35,55,52,35.05,REVIEW,1,0,0,6,Projection-led limited V1 signal from existing historical-test markets.,"Limited V1: opponent fit, game script, weather, recent form, and live role/injury context are not fully sourced.",,NEEDS DATA,NEEDS DATA,NEEDS DATA,DATA_NEEDS_LIVE_CONTEXT,HISTORICAL TEST ONLY,NO-GO,False,Medium,ROUTE_PROXY_UNVALIDATED|LOW_CURRENT_SAMPLE|LOW_PLAYER_SAMPLE,Medium,ROUTE_PROXY_UNVALIDATED|LOW_CURRENT_SAMPLE|LOW_PLAYER_SAMPLE|LOW_YARDAGE_SAMPLE,,,,,,,,,,
2025,1,,C.Collier,LV,,RB,0.8385861120776503,,7.930833510987915,1.1514455124441023,,,,True,True,False,12.69,66.67,,,,,35,55,52,34.99,REVIEW,1,0,0,6,Projection-led limited V1 signal from existing historical-test markets.,"Limited V1: opponent fit, game script, weather, recent form, and live role/injury context are not fully sourced.",,NEEDS DATA,NEEDS DATA,NEEDS DATA,DATA_NEEDS_LIVE_CONTEXT,HISTORICAL TEST ONLY,NO-GO,False,Medium,ROUTE_PROXY_UNVALIDATED|LOW_CURRENT_SAMPLE|LOW_PLAYER_SAMPLE,,,Medium,ROUTE_PROXY_UNVALIDATED|LOW_CURRENT_SAMPLE|LOW_PLAYER_SAMPLE|LOW_RUSH_SAMPLE,Medium,ROUTE_PROXY_UNVALIDATED|LOW_CURRENT_SAMPLE|LOW_PLAYER_SAMPLE|LOW_RUSH_SAMPLE|LOW_CARRY_SAMPLE,,,,,,
2025,1,,K.Johnson,TB,,WR,0.6194104790489617,8.193691934256517,,,,,,True,False,False,12.62,66.67,,,,,35,55,52,34.96,REVIEW,1,0,0,6,Projection-led limited V1 signal from existing historical-test markets.,"Limited V1: opponent fit, game script, weather, recent form, and live role/injury context are not fully sourced.",,NEEDS DATA,NEEDS DATA,NEEDS DATA,DATA_NEEDS_LIVE_CONTEXT,HISTORICAL TEST ONLY,NO-GO,False,Medium,ROUTE_PROXY_UNVALIDATED|LOW_CURRENT_SAMPLE|LOW_PLAYER_SAMPLE,Medium,ROUTE_PROXY_UNVALIDATED|LOW_CURRENT_SAMPLE|LOW_PLAYER_SAMPLE|LOW_YARDAGE_SAMPLE,,,,,,,,,,
2025,1,,S.Moore,KC,,WR,0.6066389041093033,7.898804631044973,,,,,,True,False,False,11.15,66.67,,,,,35,55,52,34.3,REVIEW,1,0,0,6,Projection-led limited V1 signal from existing historical-test markets.,"Limited V1: opponent fit, game script, weather, recent form, and live role/injury context are not fully sourced.",,NEEDS DATA,NEEDS DATA,NEEDS DATA,DATA_NEEDS_LIVE_CONTEXT,HISTORICAL TEST ONLY,NO-GO,False,Medium,ROUTE_PROXY_UNVALIDATED|LOW_CURRENT_SAMPLE,Medium,ROUTE_PROXY_UNVALIDATED|LOW_CURRENT_SAMPLE,,,,,,,,,,
2025,1,,A.Beck,HOU,,RB,0.4108325335727472,,6.845153786608376,1.299869312851876,,,,True,True,False,10.45,66.67,,,,,35,55,52,33.99,REVIEW,1,0,0,6,Projection-led limited V1 signal from existing historical-test markets.,"Limited V1: opponent fit, game script, weather, recent form, and live role/injury context are not fully sourced.",,NEEDS DATA,NEEDS DATA,NEEDS DATA,DATA_NEEDS_LIVE_CONTEXT,HISTORICAL TEST ONLY,NO-GO,False,Medium,ROUTE_PROXY_UNVALIDATED|LOW_CURRENT_SAMPLE,,,Medium,ROUTE_PROXY_UNVALIDATED|LOW_CURRENT_SAMPLE|LOW_RUSH_SAMPLE,Medium,ROUTE_PROXY_UNVALIDATED|LOW_CURRENT_SAMPLE|LOW_RUSH_SAMPLE|LOW_CARRY_SAMPLE,,,,,,
2025,1,,D.Laube,LV,,RB,0.8154322943284383,6.268308906191598,3.131738797645112,,,,,True,True,False,9.77,66.67,,,,,35,55,52,33.68,REVIEW,1,0,0,6,Projection-led limited V1 signal from existing historical-test markets.,"Limited V1: opponent fit, game script, weather, recent form, and live role/injury context are not fully sourced.",,NEEDS DATA,NEEDS DATA,NEEDS DATA,DATA_NEEDS_LIVE_CONTEXT,HISTORICAL TEST ONLY,NO-GO,False,Medium,ROUTE_PROXY_UNVALIDATED|LOW_CURRENT_SAMPLE|LOW_PLAYER_SAMPLE,Medium,ROUTE_PROXY_UNVALIDATED|LOW_CURRENT_SAMPLE|LOW_PLAYER_SAMPLE|LOW_YARDAGE_SAMPLE,Medium,ROUTE_PROXY_UNVALIDATED|LOW_CURRENT_SAMPLE|LOW_PLAYER_SAMPLE|LOW_RUSH_SAMPLE,,,,,,,,
2025,1,,J.Johnson,NYG,,RB,0.7980530134603863,6.917244483535848,,,,,,True,False,False,8.28,66.67,,,,,35,55,52,33.01,REVIEW,1,0,0,6,Projection-led limited V1 signal from existing historical-test markets.,"Limited V1: opponent fit, game script, weather, recent form, and live role/injury context are not fully sourced.",,NEEDS DATA,NEEDS DATA,NEEDS DATA,DATA_NEEDS_LIVE_CONTEXT,HISTORICAL TEST ONLY,NO-GO,False,Medium,ROUTE_PROXY_UNVALIDATED|LOW_CURRENT_SAMPLE|LOW_PLAYER_SAMPLE,Medium,ROUTE_PROXY_UNVALIDATED|LOW_CURRENT_SAMPLE|LOW_PLAYER_SAMPLE|LOW_YARDAGE_SAMPLE,,,,,,,,,,
2025,1,,M.Ibrahim,DET,,RB,0.7840695137773446,6.027220102107306,,,,,,True,False,False,7.19,66.67,,,,,35,55,52,32.52,REVIEW,1,0,0,6,Projection-led limited V1 signal from existing historical-test markets.,"Limited V1: opponent fit, game script, weather, recent form, and live role/injury context are not fully sourced.",,NEEDS DATA,NEEDS DATA,NEEDS DATA,DATA_NEEDS_LIVE_CONTEXT,HISTORICAL TEST ONLY,NO-GO,False,Medium,ROUTE_PROXY_UNVALIDATED|LOW_CURRENT_SAMPLE|LOW_PLAYER_SAMPLE,Medium,ROUTE_PROXY_UNVALIDATED|LOW_CURRENT_SAMPLE|LOW_PLAYER_SAMPLE|LOW_YARDAGE_SAMPLE,,,,,,,,,,
2025,1,,G.Igwebuike,PIT,,RB,0.7683881235017976,5.906675700065159,,,,,,True,False,False,6.64,66.67,,,,,35,55,52,32.27,REVIEW,1,0,0,6,Projection-led limited V1 signal from existing historical-test markets.,"Limited V1: opponent fit, game script, weather, recent form, and live role/injury context are not fully sourced.",,NEEDS DATA,NEEDS DATA,NEEDS DATA,DATA_NEEDS_LIVE_CONTEXT,HISTORICAL TEST ONLY,NO-GO,False,Medium,ROUTE_PROXY_UNVALIDATED|LOW_CURRENT_SAMPLE|LOW_PLAYER_SAMPLE,Medium,ROUTE_PROXY_UNVALIDATED|LOW_CURRENT_SAMPLE|LOW_PLAYER_SAMPLE|LOW_YARDAGE_SAMPLE,,,,,,,,,,
2025,1,,K.Robinson,JAX,,RB,0.7683881235017976,5.906675700065159,,,,,,True,False,False,6.64,66.67,,,,,35,55,52,32.27,REVIEW,1,0,0,6,Projection-led limited V1 signal from existing historical-test markets.,"Limited V1: opponent fit, game script, weather, recent form, and live role/injury context are not fully sourced.",,NEEDS DATA,NEEDS DATA,NEEDS DATA,DATA_NEEDS_LIVE_CONTEXT,HISTORICAL TEST ONLY,NO-GO,False,Medium,ROUTE_PROXY_UNVALIDATED|LOW_CURRENT_SAMPLE|LOW_PLAYER_SAMPLE,Medium,ROUTE_PROXY_UNVALIDATED|LOW_CURRENT_SAMPLE|LOW_PLAYER_SAMPLE|LOW_YARDAGE_SAMPLE,,,,,,,,,,
2025,1,,S.Sullivan,CAR,,TE,0.6104775393779095,6.537240894006096,,,,,,True,False,False,5.9,66.67,,,,,35,55,52,31.94,REVIEW,1,0,0,6,Projection-led limited V1 signal from existing historical-test markets.,"Limited V1: opponent fit, game script, weather, recent form, and live role/injury context are not fully sourced.",,NEEDS DATA,NEEDS DATA,NEEDS DATA,DATA_NEEDS_LIVE_CONTEXT,HISTORICAL TEST ONLY,NO-GO,False,Medium,ROUTE_PROXY_UNVALIDATED|LOW_CURRENT_SAMPLE,Medium,ROUTE_PROXY_UNVALIDATED|LOW_CURRENT_SAMPLE,,,,,,,,,,
2025,1,,T.Hairston,HOU,,RB,0.7213439526751569,5.5450424939387215,,,,,,True,False,False,5.7,66.67,,,,,35,55,52,31.85,REVIEW,1,0,0,6,Projection-led limited V1 signal from existing historical-test markets.,"Limited V1: opponent fit, game script, weather, recent form, and live role/injury context are not fully sourced.",,NEEDS DATA,NEEDS DATA,NEEDS DATA,DATA_NEEDS_LIVE_CONTEXT,HISTORICAL TEST ONLY,NO-GO,False,Medium,ROUTE_PROXY_UNVALIDATED|LOW_CURRENT_SAMPLE|LOW_PLAYER_SAMPLE,Medium,ROUTE_PROXY_UNVALIDATED|LOW_CURRENT_SAMPLE|LOW_PLAYER_SAMPLE|LOW_YARDAGE_SAMPLE,,,,,,,,,,
2025,1,,D.Miller,NYG,,RB,0.7004354323077611,5.384316624549193,,,,,,True,False,False,5.0,66.67,,,,,35,55,52,31.53,REVIEW,1,0,0,6,Projection-led limited V1 signal from existing historical-test markets.,"Limited V1: opponent fit, game script, weather, recent form, and live role/injury context are not fully sourced.",,NEEDS DATA,NEEDS DATA,NEEDS DATA,DATA_NEEDS_LIVE_CONTEXT,HISTORICAL TEST ONLY,NO-GO,False,Medium,ROUTE_PROXY_UNVALIDATED|LOW_CURRENT_SAMPLE|LOW_PLAYER_SAMPLE,Medium,ROUTE_PROXY_UNVALIDATED|LOW_CURRENT_SAMPLE|LOW_PLAYER_SAMPLE|LOW_YARDAGE_SAMPLE,,,,,,,,,,
2025,1,,D.Williams,TB,,RB,0.6952083022159121,5.34413515720181,,,,,,True,False,False,4.84,66.67,,,,,35,55,52,31.46,REVIEW,1,0,0,6,Projection-led limited V1 signal from existing historical-test markets.,"Limited V1: opponent fit, game script, weather, recent form, and live role/injury context are not fully sourced.",,NEEDS DATA,NEEDS DATA,NEEDS DATA,DATA_NEEDS_LIVE_CONTEXT,HISTORICAL TEST ONLY,NO-GO,False,Medium,ROUTE_PROXY_UNVALIDATED|LOW_CURRENT_SAMPLE|LOW_PLAYER_SAMPLE,Medium,ROUTE_PROXY_UNVALIDATED|LOW_CURRENT_SAMPLE|LOW_PLAYER_SAMPLE|LOW_YARDAGE_SAMPLE,,,,,,,,,,
2025,1,,M.Davis,DAL,,RB,0.6899811721240633,5.3039536898544295,,,,,,True,False,False,4.53,66.67,,,,,35,55,52,31.32,REVIEW,1,0,0,6,Projection-led limited V1 signal from existing historical-test markets.,"Limited V1: opponent fit, game script, weather, recent form, and live role/injury context are not fully sourced.",,NEEDS DATA,NEEDS DATA,NEEDS DATA,DATA_NEEDS_LIVE_CONTEXT,HISTORICAL TEST ONLY,NO-GO,False,Medium,ROUTE_PROXY_UNVALIDATED|LOW_CURRENT_SAMPLE|LOW_PLAYER_SAMPLE,Medium,ROUTE_PROXY_UNVALIDATED|LOW_CURRENT_SAMPLE|LOW_PLAYER_SAMPLE|LOW_YARDAGE_SAMPLE,,,,,,,,,,
2025,1,,A.Prentice,NO,,RB,0.3245152490634904,,9.366303347416514,,,,,True,True,False,19.03,33.33,,,,,35,55,52,31.18,REVIEW,0,0,0,6,Projection-led limited V1 signal from existing historical-test markets.,"Limited V1: opponent fit, game script, weather, recent form, and live role/injury context are not fully sourced.",,NEEDS DATA,NEEDS DATA,NEEDS DATA,DATA_NEEDS_LIVE_CONTEXT,HISTORICAL TEST ONLY,NO-GO,False,Medium,ROUTE_PROXY_UNVALIDATED|LOW_CURRENT_SAMPLE|LOW_PLAYER_SAMPLE,,,Medium,ROUTE_PROXY_UNVALIDATED|LOW_CURRENT_SAMPLE|LOW_PLAYER_SAMPLE|LOW_RUSH_SAMPLE,,,,,,,,
2025,1,,D.Washington,DEN,,RB,0.6742997818485164,5.183409287812284,,,,,,True,False,False,4.06,66.67,,,,,35,55,52,31.11,REVIEW,1,0,0,6,Projection-led limited V1 signal from existing historical-test markets.,"Limited V1: opponent fit, game script, weather, recent form, and live role/injury context are not fully sourced.",,NEEDS DATA,NEEDS DATA,NEEDS DATA,DATA_NEEDS_LIVE_CONTEXT,HISTORICAL TEST ONLY,NO-GO,False,Medium,ROUTE_PROXY_UNVALIDATED|LOW_CURRENT_SAMPLE|LOW_PLAYER_SAMPLE,Medium,ROUTE_PROXY_UNVALIDATED|LOW_CURRENT_SAMPLE|LOW_PLAYER_SAMPLE|LOW_YARDAGE_SAMPLE,,,,,,,,,,
2025,1,,B.Bates,CLE,,TE,0.5625906016205192,5.9934651095789215,,,,,,True,False,False,3.61,66.67,,,,,35,55,52,30.91,REVIEW,1,0,0,6,Projection-led limited V1 signal from existing historical-test markets.,"Limited V1: opponent fit, game script, weather, recent form, and live role/injury context are not fully sourced.",,NEEDS DATA,NEEDS DATA,NEEDS DATA,DATA_NEEDS_LIVE_CONTEXT,HISTORICAL TEST ONLY,NO-GO,False,Medium,ROUTE_PROXY_UNVALIDATED|LOW_CURRENT_SAMPLE|LOW_PLAYER_SAMPLE,Medium,ROUTE_PROXY_UNVALIDATED|LOW_CURRENT_SAMPLE|LOW_PLAYER_SAMPLE|LOW_YARDAGE_SAMPLE,,,,,,,,,,
2025,1,,B.Willis,SF,,TE,0.528041386896663,5.625400814842523,,,,,,True,False,False,2.13,66.67,,,,,35,55,52,30.24,REVIEW,1,0,0,6,Projection-led limited V1 signal from existing historical-test markets.,"Limited V1: opponent fit, game script, weather, recent form, and live role/injury context are not fully sourced.",,NEEDS DATA,NEEDS DATA,NEEDS DATA,DATA_NEEDS_LIVE_CONTEXT,HISTORICAL TEST ONLY,NO-GO,False,Medium,ROUTE_PROXY_UNVALIDATED|LOW_CURRENT_SAMPLE|LOW_PLAYER_SAMPLE,Medium,ROUTE_PROXY_UNVALIDATED|LOW_CURRENT_SAMPLE|LOW_PLAYER_SAMPLE|LOW_YARDAGE_SAMPLE,,,,,,,,,,
2025,1,,K.Juszczyk,SF,,FB,0.8507267725781267,,,,,,,True,False,False,12.66,33.33,,,,,35,55,52,28.31,REVIEW,0,0,0,6,Projection-led limited V1 signal from existing historical-test markets.,"Limited V1: opponent fit, game script, weather, recent form, and live role/injury context are not fully sourced.",,NEEDS DATA,NEEDS DATA,NEEDS DATA,DATA_NEEDS_LIVE_CONTEXT,HISTORICAL TEST ONLY,NO-GO,False,Medium,ROUTE_PROXY_UNVALIDATED|LOW_CURRENT_SAMPLE,,,,,,,,,,,,
2025,1,,B.VanSumeren,PHI,,RB,0.8165887864856181,,,,,,,True,False,False,10.0,33.33,,,,,35,55,52,27.12,REVIEW,0,0,0,6,Projection-led limited V1 signal from existing historical-test markets.,"Limited V1: opponent fit, game script, weather, recent form, and live role/injury context are not fully sourced.",,NEEDS DATA,NEEDS DATA,NEEDS DATA,DATA_NEEDS_LIVE_CONTEXT,HISTORICAL TEST ONLY,NO-GO,False,Medium,ROUTE_PROXY_UNVALIDATED|LOW_CURRENT_SAMPLE|LOW_PLAYER_SAMPLE,,,,,,,,,,,,
2025,1,,C.Ham,MIN,,FB,0.7896591242193229,,,,,,,True,False,False,7.66,33.33,,,,,35,55,52,26.06,REVIEW,0,0,0,6,Projection-led limited V1 signal from existing historical-test markets.,"Limited V1: opponent fit, game script, weather, recent form, and live role/injury context are not fully sourced.",,NEEDS DATA,NEEDS DATA,NEEDS DATA,DATA_NEEDS_LIVE_CONTEXT,HISTORICAL TEST ONLY,NO-GO,False,Medium,ROUTE_PROXY_UNVALIDATED|LOW_CURRENT_SAMPLE,,,,,,,,,,,,
2025,1,,A.Ingold,MIA,,FB,0.6901365533616668,,,,,,,True,False,False,4.69,33.33,,,,,35,55,52,24.73,REVIEW,0,0,0,6,Projection-led limited V1 signal from existing historical-test markets.,"Limited V1: opponent fit, game script, weather, recent form, and live role/injury context are not fully sourced.",,NEEDS DATA,NEEDS DATA,NEEDS DATA,DATA_NEEDS_LIVE_CONTEXT,HISTORICAL TEST ONLY,NO-GO,False,Medium,ROUTE_PROXY_UNVALIDATED|LOW_CURRENT_SAMPLE,,,,,,,,,,,,
2025,1,,A.Williams,ATL,,RB,0.6429370012974225,,,,,,,True,False,False,3.67,33.33,,,,,35,55,52,24.27,REVIEW,0,0,0,6,Projection-led limited V1 signal from existing historical-test markets.,"Limited V1: opponent fit, game script, weather, recent form, and live role/injury context are not fully sourced.",,NEEDS DATA,NEEDS DATA,NEEDS DATA,DATA_NEEDS_LIVE_CONTEXT,HISTORICAL TEST ONLY,NO-GO,False,Medium,ROUTE_PROXY_UNVALIDATED|LOW_CURRENT_SAMPLE|LOW_PLAYER_SAMPLE,,,,,,,,,,,,
2025,1,,M.Burton,DEN,,FB,0.5941882382948683,,,,,,,True,False,False,2.81,33.33,,,,,35,55,52,23.88,REVIEW,0,0,0,6,Projection-led limited V1 signal from existing historical-test markets.,"Limited V1: opponent fit, game script, weather, recent form, and live role/injury context are not fully sourced.",,NEEDS DATA,NEEDS DATA,NEEDS DATA,DATA_NEEDS_LIVE_CONTEXT,HISTORICAL TEST ONLY,NO-GO,False,Medium,ROUTE_PROXY_UNVALIDATED|LOW_CURRENT_SAMPLE,,,,,,,,,,,,
2025,1,,J.Kelly,BAL,,RB,0.5279401392767453,,,,,,,True,False,False,1.88,33.33,,,,,35,55,52,23.46,REVIEW,0,0,0,6,Projection-led limited V1 signal from existing historical-test markets.,"Limited V1: opponent fit, game script, weather, recent form, and live role/injury context are not fully sourced.",,NEEDS DATA,NEEDS DATA,NEEDS DATA,DATA_NEEDS_LIVE_CONTEXT,HISTORICAL TEST ONLY,NO-GO,False,Medium,ROUTE_PROXY_UNVALIDATED|LOW_CURRENT_SAMPLE|LOW_PLAYER_SAMPLE,,,,,,,,,,,,
2025,1,,J.Cabinda,DET,,FB,0.4784407765489266,,,,,,,True,False,False,1.72,33.33,,,,,35,55,52,23.39,REVIEW,0,0,0,6,Projection-led limited V1 signal from existing historical-test markets.,"Limited V1: opponent fit, game script, weather, recent form, and live role/injury context are not fully sourced.",,NEEDS DATA,NEEDS DATA,NEEDS DATA,DATA_NEEDS_LIVE_CONTEXT,HISTORICAL TEST ONLY,NO-GO,False,Medium,ROUTE_PROXY_UNVALIDATED|LOW_CURRENT_SAMPLE|LOW_PLAYER_SAMPLE,,,,,,,,,,,,
2025,1,,J.Matthews,CAR,,TE,0.4314032870025371,,,,,,,True,False,False,1.56,33.33,,,,,35,55,52,23.32,REVIEW,0,0,0,6,Projection-led limited V1 signal from existing historical-test markets.,"Limited V1: opponent fit, game script, weather, recent form, and live role/injury context are not fully sourced.",,NEEDS DATA,NEEDS DATA,NEEDS DATA,DATA_NEEDS_LIVE_CONTEXT,HISTORICAL TEST ONLY,NO-GO,False,Medium,ROUTE_PROXY_UNVALIDATED|LOW_CURRENT_SAMPLE|LOW_PLAYER_SAMPLE,,,,,,,,,,,,
2025,1,,K.Smith,ATL,,FB,0.4298478350698713,,,,,,,True,False,False,1.41,33.33,,,,,35,55,52,23.25,REVIEW,0,0,0,6,Projection-led limited V1 signal from existing historical-test markets.,"Limited V1: opponent fit, game script, weather, recent form, and live role/injury context are not fully sourced.",,NEEDS DATA,NEEDS DATA,NEEDS DATA,DATA_NEEDS_LIVE_CONTEXT,HISTORICAL TEST ONLY,NO-GO,False,Medium,ROUTE_PROXY_UNVALIDATED|LOW_CURRENT_SAMPLE|LOW_PLAYER_SAMPLE,,,,,,,,,,,,
2025,1,,B.Cupp,KC,,TE,0.412566441188381,,,,,,,True,False,False,1.25,33.33,,,,,35,55,52,23.18,REVIEW,0,0,0,6,Projection-led limited V1 signal from existing historical-test markets.,"Limited V1: opponent fit, game script, weather, recent form, and live role/injury context are not fully sourced.",,NEEDS DATA,NEEDS DATA,NEEDS DATA,DATA_NEEDS_LIVE_CONTEXT,HISTORICAL TEST ONLY,NO-GO,False,Medium,ROUTE_PROXY_UNVALIDATED|LOW_CURRENT_SAMPLE|LOW_PLAYER_SAMPLE,,,,,,,,,,,,
2025,1,,P.Ricard,BAL,,FB,0.3158763881294203,,,,,,,True,False,False,0.78,33.33,,,,,35,55,52,22.97,REVIEW,0,0,0,6,Projection-led limited V1 signal from existing historical-test markets.,"Limited V1: opponent fit, game script, weather, recent form, and live role/injury context are not fully sourced.",,NEEDS DATA,NEEDS DATA,NEEDS DATA,DATA_NEEDS_LIVE_CONTEXT,HISTORICAL TEST ONLY,NO-GO,False,Medium,ROUTE_PROXY_UNVALIDATED|LOW_CURRENT_SAMPLE,,,,,,,,,,,,
2025,1,,R.Gilliam,BUF,,FB,0.2865558779183831,,,,,,,True,False,False,0.62,33.33,,,,,35,55,52,22.9,REVIEW,0,0,0,6,Projection-led limited V1 signal from existing historical-test markets.,"Limited V1: opponent fit, game script, weather, recent form, and live role/injury context are not fully sourced.",,NEEDS DATA,NEEDS DATA,NEEDS DATA,DATA_NEEDS_LIVE_CONTEXT,HISTORICAL TEST ONLY,NO-GO,False,Medium,ROUTE_PROXY_UNVALIDATED|LOW_CURRENT_SAMPLE|LOW_PLAYER_SAMPLE,,,,,,,,,,,,
2025,1,,K.Blasingame,PHI,,FB,0.2592738637562357,,,,,,,True,False,False,0.31,33.33,,,,,35,55,52,22.76,REVIEW,0,0,0,6,Projection-led limited V1 signal from existing historical-test markets.,"Limited V1: opponent fit, game script, weather, recent form, and live role/injury context are not fully sourced.",,NEEDS DATA,NEEDS DATA,NEEDS DATA,DATA_NEEDS_LIVE_CONTEXT,HISTORICAL TEST ONLY,NO-GO,False,Medium,ROUTE_PROXY_UNVALIDATED|LOW_CURRENT_SAMPLE|LOW_PLAYER_SAMPLE,,,,,,,,,,,,
