season,week,player_id,player_name,team,opponent,position,receptions_projection,receiving_yards_projection,rushing_yards_projection,carries_projection,pass_attempts_projection,completions_projection,passing_yards_projection,receiving_market_available,rushing_market_available,passing_market_available,projection_score,usage_foundation_score,recent_form_score,opponent_fit_score,game_script_score,weather_score,role_availability_score,volatility_score,data_quality_score,overall_signal_score,signal_tier,green_signal_count,yellow_signal_count,red_flag_count,missing_signal_count,top_signal_reason,review_reason,blocked_reason,roster_status,role_status,injury_status,readiness_status,usage_status,final_readiness,live_betting_output_created,receptions_confidence_bucket,receptions_quality_flags,receiving_yards_confidence_bucket,receiving_yards_quality_flags,rushing_yards_confidence_bucket,rushing_yards_quality_flags,carries_confidence_bucket,carries_quality_flags,pass_attempts_confidence_bucket,pass_attempts_quality_flags,completions_confidence_bucket,completions_quality_flags,passing_yards_confidence_bucket,passing_yards_quality_flags
2025,1,,J.Taylor,IND,,RB,0.872258025015257,7.774105051191873,85.87558910562794,14.714235572200463,,,,True,True,False,100.0,66.67,,,,,35,55,52,74.28,STRONG_SIGNAL,2,0,0,6,Projection-led limited V1 signal from existing historical-test markets.,"Limited V1: opponent fit, game script, weather, recent form, and live role/injury context are not fully sourced.",,NEEDS DATA,NEEDS DATA,NEEDS DATA,DATA_NEEDS_LIVE_CONTEXT,HISTORICAL TEST ONLY,NO-GO,False,Medium,ROUTE_PROXY_UNVALIDATED|LOW_CURRENT_SAMPLE,Medium,ROUTE_PROXY_UNVALIDATED|LOW_CURRENT_SAMPLE,Medium,ROUTE_PROXY_UNVALIDATED|LOW_CURRENT_SAMPLE,Medium,ROUTE_PROXY_UNVALIDATED|LOW_CURRENT_SAMPLE,,,,,,
2025,1,,K.Murray,ARI,SF,QB,,,24.74752719502078,2.28815918004479,32.49919987521579,21.465659706411053,,False,True,True,100.0,66.67,,,,,35,55,52,74.28,STRONG_SIGNAL,2,0,0,6,Projection-led limited V1 signal from existing historical-test markets.,"Limited V1: opponent fit, game script, weather, recent form, and live role/injury context are not fully sourced.",,NEEDS DATA,NEEDS DATA,NEEDS DATA,DATA_NEEDS_LIVE_CONTEXT,HISTORICAL TEST ONLY,NO-GO,False,,,,,Medium,ROUTE_PROXY_UNVALIDATED|LOW_CURRENT_SAMPLE|LOW_PLAYER_SAMPLE,Medium,ROUTE_PROXY_UNVALIDATED|LOW_CURRENT_SAMPLE|LOW_PLAYER_SAMPLE,Medium,ROUTE_PROXY_UNVALIDATED|LOW_CURRENT_SAMPLE|LOW_PLAYER_SAMPLE,Medium,ROUTE_PROXY_UNVALIDATED|LOW_CURRENT_SAMPLE|LOW_PLAYER_SAMPLE,,
2025,1,,S.Barkley,PHI,,RB,1.387257441506324,12.275837977529564,96.84987306664549,11.597620949372056,,,,True,True,False,100.0,66.67,,,,,35,55,52,74.28,STRONG_SIGNAL,2,0,0,6,Projection-led limited V1 signal from existing historical-test markets.,"Limited V1: opponent fit, game script, weather, recent form, and live role/injury context are not fully sourced.",,NEEDS DATA,NEEDS DATA,NEEDS DATA,DATA_NEEDS_LIVE_CONTEXT,HISTORICAL TEST ONLY,NO-GO,False,Medium,ROUTE_PROXY_UNVALIDATED|LOW_CURRENT_SAMPLE,Medium,ROUTE_PROXY_UNVALIDATED|LOW_CURRENT_SAMPLE,Medium,ROUTE_PROXY_UNVALIDATED|LOW_CURRENT_SAMPLE,Medium,ROUTE_PROXY_UNVALIDATED|LOW_CURRENT_SAMPLE,,,,,,
2025,1,,D.Henry,BAL,,RB,0.853633146159767,8.963435255923926,89.29835670086044,14.70748572420501,,,,True,True,False,99.63,66.67,,,,,35,55,52,74.12,STRONG_SIGNAL,2,0,0,6,Projection-led limited V1 signal from existing historical-test markets.,"Limited V1: opponent fit, game script, weather, recent form, and live role/injury context are not fully sourced.",,NEEDS DATA,NEEDS DATA,NEEDS DATA,DATA_NEEDS_LIVE_CONTEXT,HISTORICAL TEST ONLY,NO-GO,False,Medium,ROUTE_PROXY_UNVALIDATED|LOW_CURRENT_SAMPLE,Medium,ROUTE_PROXY_UNVALIDATED|LOW_CURRENT_SAMPLE,Medium,ROUTE_PROXY_UNVALIDATED|LOW_CURRENT_SAMPLE,Medium,ROUTE_PROXY_UNVALIDATED|LOW_CURRENT_SAMPLE,,,,,,
2025,1,,B.Robinson,ATL,,RB,1.316227646115384,11.357287765002628,72.12970822132897,14.253459230476937,,,,True,True,False,99.18,66.67,,,,,35,55,52,73.92,STRONG_SIGNAL,2,0,0,6,Projection-led limited V1 signal from existing historical-test markets.,"Limited V1: opponent fit, game script, weather, recent form, and live role/injury context are not fully sourced.",,NEEDS DATA,NEEDS DATA,NEEDS DATA,DATA_NEEDS_LIVE_CONTEXT,HISTORICAL TEST ONLY,NO-GO,False,Medium,ROUTE_PROXY_UNVALIDATED|LOW_CURRENT_SAMPLE,Medium,ROUTE_PROXY_UNVALIDATED|LOW_CURRENT_SAMPLE,Medium,ROUTE_PROXY_UNVALIDATED|LOW_CURRENT_SAMPLE,Medium,ROUTE_PROXY_UNVALIDATED|LOW_CURRENT_SAMPLE,,,,,,
2025,1,,K.Williams,LA,,RB,1.4826477710892152,10.635705427079422,76.13318386342063,5.335681533737034,,,,True,True,False,98.88,66.67,,,,,35,55,52,73.78,STRONG_SIGNAL,2,0,0,6,Projection-led limited V1 signal from existing historical-test markets.,"Limited V1: opponent fit, game script, weather, recent form, and live role/injury context are not fully sourced.",,NEEDS DATA,NEEDS DATA,NEEDS DATA,DATA_NEEDS_LIVE_CONTEXT,HISTORICAL TEST ONLY,NO-GO,False,Medium,ROUTE_PROXY_UNVALIDATED|LOW_CURRENT_SAMPLE,Medium,ROUTE_PROXY_UNVALIDATED|LOW_CURRENT_SAMPLE,Medium,ROUTE_PROXY_UNVALIDATED|LOW_CURRENT_SAMPLE,Medium,ROUTE_PROXY_UNVALIDATED|LOW_CURRENT_SAMPLE,,,,,,
2025,1,,J.Mixon,HOU,,RB,1.129173157633951,10.668431682509429,67.86122304953706,9.958632501037004,,,,True,True,False,98.36,66.67,,,,,35,55,52,73.55,STRONG_SIGNAL,2,0,0,6,Projection-led limited V1 signal from existing historical-test markets.,"Limited V1: opponent fit, game script, weather, recent form, and live role/injury context are not fully sourced.",,NEEDS DATA,NEEDS DATA,NEEDS DATA,DATA_NEEDS_LIVE_CONTEXT,HISTORICAL TEST ONLY,NO-GO,False,Medium,ROUTE_PROXY_UNVALIDATED|LOW_CURRENT_SAMPLE,Medium,ROUTE_PROXY_UNVALIDATED|LOW_CURRENT_SAMPLE,Medium,ROUTE_PROXY_UNVALIDATED|LOW_CURRENT_SAMPLE,Medium,ROUTE_PROXY_UNVALIDATED|LOW_CURRENT_SAMPLE,,,,,,
2025,1,,J.Jacobs,GB,,RB,1.200644169911691,12.449262244113166,69.692593594386,7.395037398519733,,,,True,True,False,98.13,66.67,,,,,35,55,52,73.44,STRONG_SIGNAL,2,0,0,6,Projection-led limited V1 signal from existing historical-test markets.,"Limited V1: opponent fit, game script, weather, recent form, and live role/injury context are not fully sourced.",,NEEDS DATA,NEEDS DATA,NEEDS DATA,DATA_NEEDS_LIVE_CONTEXT,HISTORICAL TEST ONLY,NO-GO,False,Medium,ROUTE_PROXY_UNVALIDATED|LOW_CURRENT_SAMPLE,Medium,ROUTE_PROXY_UNVALIDATED|LOW_CURRENT_SAMPLE,Medium,ROUTE_PROXY_UNVALIDATED|LOW_CURRENT_SAMPLE,Medium,ROUTE_PROXY_UNVALIDATED|LOW_CURRENT_SAMPLE,,,,,,
2025,1,,T.Pollard,TEN,,RB,1.0045870587744048,7.493128150666385,59.43814206292419,9.934639469149408,,,,True,True,False,97.95,66.67,,,,,35,55,52,73.36,STRONG_SIGNAL,2,0,0,6,Projection-led limited V1 signal from existing historical-test markets.,"Limited V1: opponent fit, game script, weather, recent form, and live role/injury context are not fully sourced.",,NEEDS DATA,NEEDS DATA,NEEDS DATA,DATA_NEEDS_LIVE_CONTEXT,HISTORICAL TEST ONLY,NO-GO,False,Medium,ROUTE_PROXY_UNVALIDATED|LOW_CURRENT_SAMPLE,Medium,ROUTE_PROXY_UNVALIDATED|LOW_CURRENT_SAMPLE,Medium,ROUTE_PROXY_UNVALIDATED|LOW_CURRENT_SAMPLE,Medium,ROUTE_PROXY_UNVALIDATED|LOW_CURRENT_SAMPLE,,,,,,
2025,1,,J.Gibbs,DET,,RB,2.1787404158944845,18.903761407201777,69.53462764660152,6.177847928971912,,,,True,True,False,97.76,66.67,,,,,35,55,52,73.28,STRONG_SIGNAL,2,0,0,6,Projection-led limited V1 signal from existing historical-test markets.,"Limited V1: opponent fit, game script, weather, recent form, and live role/injury context are not fully sourced.",,NEEDS DATA,NEEDS DATA,NEEDS DATA,DATA_NEEDS_LIVE_CONTEXT,HISTORICAL TEST ONLY,NO-GO,False,Medium,ROUTE_PROXY_UNVALIDATED|LOW_CURRENT_SAMPLE,Medium,ROUTE_PROXY_UNVALIDATED|LOW_CURRENT_SAMPLE,Medium,ROUTE_PROXY_UNVALIDATED|LOW_CURRENT_SAMPLE,Medium,ROUTE_PROXY_UNVALIDATED|LOW_CURRENT_SAMPLE,,,,,,
2025,1,,R.Dowdle,DAL,,RB,1.0851278547673535,8.790320539036735,53.396619306822274,9.510990683979092,,,,True,True,False,97.54,66.67,,,,,35,55,52,73.18,STRONG_SIGNAL,2,0,0,6,Projection-led limited V1 signal from existing historical-test markets.,"Limited V1: opponent fit, game script, weather, recent form, and live role/injury context are not fully sourced.",,NEEDS DATA,NEEDS DATA,NEEDS DATA,DATA_NEEDS_LIVE_CONTEXT,HISTORICAL TEST ONLY,NO-GO,False,Medium,ROUTE_PROXY_UNVALIDATED|LOW_CURRENT_SAMPLE,Medium,ROUTE_PROXY_UNVALIDATED|LOW_CURRENT_SAMPLE,Medium,ROUTE_PROXY_UNVALIDATED|LOW_CURRENT_SAMPLE,Medium,ROUTE_PROXY_UNVALIDATED|LOW_CURRENT_SAMPLE,,,,,,
2025,1,,C.Williams,CHI,GB,QB,,,25.75424542269534,2.867948587606745,30.41695015325381,18.4865441378234,,False,True,True,97.3,66.67,,,,,35,55,52,73.07,STRONG_SIGNAL,2,0,0,6,Projection-led limited V1 signal from existing historical-test markets.,"Limited V1: opponent fit, game script, weather, recent form, and live role/injury context are not fully sourced.",,NEEDS DATA,NEEDS DATA,NEEDS DATA,DATA_NEEDS_LIVE_CONTEXT,HISTORICAL TEST ONLY,NO-GO,False,,,,,Medium,ROUTE_PROXY_UNVALIDATED|LOW_CURRENT_SAMPLE|LOW_PLAYER_SAMPLE,Medium,ROUTE_PROXY_UNVALIDATED|LOW_CURRENT_SAMPLE|LOW_PLAYER_SAMPLE,Medium,ROUTE_PROXY_UNVALIDATED|LOW_CURRENT_SAMPLE|LOW_PLAYER_SAMPLE,Medium,ROUTE_PROXY_UNVALIDATED|LOW_CURRENT_SAMPLE|LOW_PLAYER_SAMPLE,,
2025,1,,B.Irving,TB,,RB,1.539463684615087,13.04197461549636,57.32188876290047,8.649815168553095,,,,True,True,False,97.13,66.67,,,,,35,55,52,72.99,STRONG_SIGNAL,2,0,0,6,Projection-led limited V1 signal from existing historical-test markets.,"Limited V1: opponent fit, game script, weather, recent form, and live role/injury context are not fully sourced.",,NEEDS DATA,NEEDS DATA,NEEDS DATA,DATA_NEEDS_LIVE_CONTEXT,HISTORICAL TEST ONLY,NO-GO,False,Medium,ROUTE_PROXY_UNVALIDATED|LOW_CURRENT_SAMPLE,Medium,ROUTE_PROXY_UNVALIDATED|LOW_CURRENT_SAMPLE,Medium,ROUTE_PROXY_UNVALIDATED|LOW_CURRENT_SAMPLE,Medium,ROUTE_PROXY_UNVALIDATED|LOW_CURRENT_SAMPLE,,,,,,
2025,1,,C.Hubbard,CAR,,RB,1.4786788225054175,9.34905577315836,67.60016897539725,8.479818811072214,,,,True,True,False,97.01,66.67,,,,,35,55,52,72.94,STRONG_SIGNAL,2,0,0,6,Projection-led limited V1 signal from existing historical-test markets.,"Limited V1: opponent fit, game script, weather, recent form, and live role/injury context are not fully sourced.",,NEEDS DATA,NEEDS DATA,NEEDS DATA,DATA_NEEDS_LIVE_CONTEXT,HISTORICAL TEST ONLY,NO-GO,False,Medium,ROUTE_PROXY_UNVALIDATED|LOW_CURRENT_SAMPLE,Medium,ROUTE_PROXY_UNVALIDATED|LOW_CURRENT_SAMPLE,Medium,ROUTE_PROXY_UNVALIDATED|LOW_CURRENT_SAMPLE,Medium,ROUTE_PROXY_UNVALIDATED|LOW_CURRENT_SAMPLE,,,,,,
2025,1,,B.Mayfield,TB,WAS,QB,,,19.460001286116217,2.742167396805231,28.574253190116945,21.056661495149434,,False,True,True,96.97,66.67,,,,,35,55,52,72.92,STRONG_SIGNAL,2,0,0,6,Projection-led limited V1 signal from existing historical-test markets.,"Limited V1: opponent fit, game script, weather, recent form, and live role/injury context are not fully sourced.",,NEEDS DATA,NEEDS DATA,NEEDS DATA,DATA_NEEDS_LIVE_CONTEXT,HISTORICAL TEST ONLY,NO-GO,False,,,,,Medium,ROUTE_PROXY_UNVALIDATED|LOW_CURRENT_SAMPLE|LOW_PLAYER_SAMPLE,Medium,ROUTE_PROXY_UNVALIDATED|LOW_CURRENT_SAMPLE|LOW_PLAYER_SAMPLE,Medium,ROUTE_PROXY_UNVALIDATED|LOW_CURRENT_SAMPLE|LOW_PLAYER_SAMPLE,Medium,ROUTE_PROXY_UNVALIDATED|LOW_CURRENT_SAMPLE|LOW_PLAYER_SAMPLE,,
2025,1,,D.Swift,CHI,,RB,1.3875615820534035,13.452248254810913,53.80470394801723,8.525546005271234,,,,True,True,False,96.72,66.67,,,,,35,55,52,72.81,STRONG_SIGNAL,2,0,0,6,Projection-led limited V1 signal from existing historical-test markets.,"Limited V1: opponent fit, game script, weather, recent form, and live role/injury context are not fully sourced.",,NEEDS DATA,NEEDS DATA,NEEDS DATA,DATA_NEEDS_LIVE_CONTEXT,HISTORICAL TEST ONLY,NO-GO,False,Medium,ROUTE_PROXY_UNVALIDATED|LOW_CURRENT_SAMPLE,Medium,ROUTE_PROXY_UNVALIDATED|LOW_CURRENT_SAMPLE,Medium,ROUTE_PROXY_UNVALIDATED|LOW_CURRENT_SAMPLE,Medium,ROUTE_PROXY_UNVALIDATED|LOW_CURRENT_SAMPLE,,,,,,
2025,1,,J.Conner,ARI,,RB,1.912928202970164,15.322258095428412,61.15107007352755,6.2613690922643,,,,True,True,False,96.64,66.67,,,,,35,55,52,72.77,STRONG_SIGNAL,2,0,0,6,Projection-led limited V1 signal from existing historical-test markets.,"Limited V1: opponent fit, game script, weather, recent form, and live role/injury context are not fully sourced.",,NEEDS DATA,NEEDS DATA,NEEDS DATA,DATA_NEEDS_LIVE_CONTEXT,HISTORICAL TEST ONLY,NO-GO,False,Medium,ROUTE_PROXY_UNVALIDATED|LOW_CURRENT_SAMPLE,Medium,ROUTE_PROXY_UNVALIDATED|LOW_CURRENT_SAMPLE,Medium,ROUTE_PROXY_UNVALIDATED|LOW_CURRENT_SAMPLE,Medium,ROUTE_PROXY_UNVALIDATED|LOW_CURRENT_SAMPLE,,,,,,
2025,1,,A.Kamara,NO,,RB,2.1029973319023987,15.753794345745618,59.08275557423134,4.621316690248819,,,,True,True,False,95.9,66.67,,,,,35,55,52,72.44,STRONG_SIGNAL,2,0,0,6,Projection-led limited V1 signal from existing historical-test markets.,"Limited V1: opponent fit, game script, weather, recent form, and live role/injury context are not fully sourced.",,NEEDS DATA,NEEDS DATA,NEEDS DATA,DATA_NEEDS_LIVE_CONTEXT,HISTORICAL TEST ONLY,NO-GO,False,Medium,ROUTE_PROXY_UNVALIDATED|LOW_CURRENT_SAMPLE,Medium,ROUTE_PROXY_UNVALIDATED|LOW_CURRENT_SAMPLE,Medium,ROUTE_PROXY_UNVALIDATED|LOW_CURRENT_SAMPLE,Medium,ROUTE_PROXY_UNVALIDATED|LOW_CURRENT_SAMPLE,,,,,,
2025,1,,J.Cook,BUF,,RB,1.090350240105766,10.5096278995268,58.52578684087519,8.302932565854961,,,,True,True,False,95.9,66.67,,,,,35,55,52,72.44,STRONG_SIGNAL,2,0,0,6,Projection-led limited V1 signal from existing historical-test markets.,"Limited V1: opponent fit, game script, weather, recent form, and live role/injury context are not fully sourced.",,NEEDS DATA,NEEDS DATA,NEEDS DATA,DATA_NEEDS_LIVE_CONTEXT,HISTORICAL TEST ONLY,NO-GO,False,Medium,ROUTE_PROXY_UNVALIDATED|LOW_CURRENT_SAMPLE,Medium,ROUTE_PROXY_UNVALIDATED|LOW_CURRENT_SAMPLE,Medium,ROUTE_PROXY_UNVALIDATED|LOW_CURRENT_SAMPLE,Medium,ROUTE_PROXY_UNVALIDATED|LOW_CURRENT_SAMPLE,,,,,,
2025,1,,A.Jones,MIN,,RB,2.18841929327646,16.452714369441125,58.72586283312911,8.171539962267742,,,,True,True,False,95.52,66.67,,,,,35,55,52,72.27,STRONG_SIGNAL,2,0,0,6,Projection-led limited V1 signal from existing historical-test markets.,"Limited V1: opponent fit, game script, weather, recent form, and live role/injury context are not fully sourced.",,NEEDS DATA,NEEDS DATA,NEEDS DATA,DATA_NEEDS_LIVE_CONTEXT,HISTORICAL TEST ONLY,NO-GO,False,Medium,ROUTE_PROXY_UNVALIDATED|LOW_CURRENT_SAMPLE,Medium,ROUTE_PROXY_UNVALIDATED|LOW_CURRENT_SAMPLE,Medium,ROUTE_PROXY_UNVALIDATED|LOW_CURRENT_SAMPLE,Medium,ROUTE_PROXY_UNVALIDATED|LOW_CURRENT_SAMPLE,,,,,,
2025,1,,T.Etienne,JAX,,RB,1.4584993922648424,12.090194817629264,36.55097517210964,8.221121594455049,,,,True,True,False,95.49,66.67,,,,,35,55,52,72.25,STRONG_SIGNAL,2,0,0,6,Projection-led limited V1 signal from existing historical-test markets.,"Limited V1: opponent fit, game script, weather, recent form, and live role/injury context are not fully sourced.",,NEEDS DATA,NEEDS DATA,NEEDS DATA,DATA_NEEDS_LIVE_CONTEXT,HISTORICAL TEST ONLY,NO-GO,False,Medium,ROUTE_PROXY_UNVALIDATED|LOW_CURRENT_SAMPLE,Medium,ROUTE_PROXY_UNVALIDATED|LOW_CURRENT_SAMPLE,Medium,ROUTE_PROXY_UNVALIDATED|LOW_CURRENT_SAMPLE,Medium,ROUTE_PROXY_UNVALIDATED|LOW_CURRENT_SAMPLE,,,,,,
2025,1,,D.Samuel,SF,,WR,3.399385632038709,45.97203579818561,9.277164458509096,,,,,True,True,False,94.92,66.67,,,,,35,55,52,72.0,STRONG_SIGNAL,2,0,0,6,Projection-led limited V1 signal from existing historical-test markets.,"Limited V1: opponent fit, game script, weather, recent form, and live role/injury context are not fully sourced.",,NEEDS DATA,NEEDS DATA,NEEDS DATA,DATA_NEEDS_LIVE_CONTEXT,HISTORICAL TEST ONLY,NO-GO,False,Medium,ROUTE_PROXY_UNVALIDATED|LOW_CURRENT_SAMPLE,Medium,ROUTE_PROXY_UNVALIDATED|LOW_CURRENT_SAMPLE,Medium,ROUTE_PROXY_UNVALIDATED|LOW_CURRENT_SAMPLE,,,,,,,,
2025,1,,J.Dobbins,LAC,,RB,1.265633958046925,8.548935638948368,57.97332584470196,6.190958558024488,,,,True,True,False,94.78,66.67,,,,,35,55,52,71.94,GOOD_SIGNAL,2,0,0,6,Projection-led limited V1 signal from existing historical-test markets.,"Limited V1: opponent fit, game script, weather, recent form, and live role/injury context are not fully sourced.",,NEEDS DATA,NEEDS DATA,NEEDS DATA,DATA_NEEDS_LIVE_CONTEXT,HISTORICAL TEST ONLY,NO-GO,False,Medium,ROUTE_PROXY_UNVALIDATED|LOW_CURRENT_SAMPLE,Medium,ROUTE_PROXY_UNVALIDATED|LOW_CURRENT_SAMPLE,Medium,ROUTE_PROXY_UNVALIDATED|LOW_CURRENT_SAMPLE,Medium,ROUTE_PROXY_UNVALIDATED|LOW_CURRENT_SAMPLE,,,,,,
2025,1,,K.Walker,SEA,,RB,1.904325566630939,13.150569773449025,50.82096830114881,7.669896167484988,,,,True,True,False,94.67,66.67,,,,,35,55,52,71.89,GOOD_SIGNAL,2,0,0,6,Projection-led limited V1 signal from existing historical-test markets.,"Limited V1: opponent fit, game script, weather, recent form, and live role/injury context are not fully sourced.",,NEEDS DATA,NEEDS DATA,NEEDS DATA,DATA_NEEDS_LIVE_CONTEXT,HISTORICAL TEST ONLY,NO-GO,False,Medium,ROUTE_PROXY_UNVALIDATED|LOW_CURRENT_SAMPLE,Medium,ROUTE_PROXY_UNVALIDATED|LOW_CURRENT_SAMPLE,Medium,ROUTE_PROXY_UNVALIDATED|LOW_CURRENT_SAMPLE,Medium,ROUTE_PROXY_UNVALIDATED|LOW_CURRENT_SAMPLE,,,,,,
2025,1,,J.Goff,DET,WAS,QB,,,6.152201237173452,1.280902092096401,30.137947366577308,19.938766084842687,,False,True,True,94.59,66.67,,,,,35,55,52,71.85,GOOD_SIGNAL,2,0,0,6,Projection-led limited V1 signal from existing historical-test markets.,"Limited V1: opponent fit, game script, weather, recent form, and live role/injury context are not fully sourced.",,NEEDS DATA,NEEDS DATA,NEEDS DATA,DATA_NEEDS_LIVE_CONTEXT,HISTORICAL TEST ONLY,NO-GO,False,,,,,Medium,ROUTE_PROXY_UNVALIDATED|LOW_CURRENT_SAMPLE|LOW_PLAYER_SAMPLE,Medium,ROUTE_PROXY_UNVALIDATED|LOW_CURRENT_SAMPLE|LOW_PLAYER_SAMPLE,Medium,ROUTE_PROXY_UNVALIDATED|LOW_CURRENT_SAMPLE|LOW_PLAYER_SAMPLE,Medium,ROUTE_PROXY_UNVALIDATED|LOW_CURRENT_SAMPLE|LOW_PLAYER_SAMPLE,,
2025,1,,T.Allgeier,ATL,,RB,0.9173403819610167,8.063907114192855,33.55969787386731,7.616988634553649,,,,True,True,False,94.26,66.67,,,,,35,55,52,71.7,GOOD_SIGNAL,2,0,0,6,Projection-led limited V1 signal from existing historical-test markets.,"Limited V1: opponent fit, game script, weather, recent form, and live role/injury context are not fully sourced.",,NEEDS DATA,NEEDS DATA,NEEDS DATA,DATA_NEEDS_LIVE_CONTEXT,HISTORICAL TEST ONLY,NO-GO,False,Medium,ROUTE_PROXY_UNVALIDATED|LOW_CURRENT_SAMPLE,Medium,ROUTE_PROXY_UNVALIDATED|LOW_CURRENT_SAMPLE,Medium,ROUTE_PROXY_UNVALIDATED|LOW_CURRENT_SAMPLE,Medium,ROUTE_PROXY_UNVALIDATED|LOW_CURRENT_SAMPLE,,,,,,
2025,1,,C.McCaffrey,SF,,RB,2.3505685095671005,20.12635841979014,55.17417458833264,3.989686528942656,,,,True,True,False,94.03,66.67,,,,,35,55,52,71.6,GOOD_SIGNAL,2,0,0,6,Projection-led limited V1 signal from existing historical-test markets.,"Limited V1: opponent fit, game script, weather, recent form, and live role/injury context are not fully sourced.",,NEEDS DATA,NEEDS DATA,NEEDS DATA,DATA_NEEDS_LIVE_CONTEXT,HISTORICAL TEST ONLY,NO-GO,False,Medium,ROUTE_PROXY_UNVALIDATED|LOW_CURRENT_SAMPLE,Medium,ROUTE_PROXY_UNVALIDATED|LOW_CURRENT_SAMPLE,Medium,ROUTE_PROXY_UNVALIDATED|LOW_CURRENT_SAMPLE,Medium,ROUTE_PROXY_UNVALIDATED|LOW_CURRENT_SAMPLE,,,,,,
2025,1,,J.Daniels,WAS,PHI,QB,,,41.152863175239375,3.8635894667120447,27.73747045986438,20.0856527002261,,False,True,True,93.94,66.67,,,,,35,55,52,71.56,GOOD_SIGNAL,2,0,0,6,Projection-led limited V1 signal from existing historical-test markets.,"Limited V1: opponent fit, game script, weather, recent form, and live role/injury context are not fully sourced.",,NEEDS DATA,NEEDS DATA,NEEDS DATA,DATA_NEEDS_LIVE_CONTEXT,HISTORICAL TEST ONLY,NO-GO,False,,,,,Medium,ROUTE_PROXY_UNVALIDATED|LOW_CURRENT_SAMPLE|LOW_PLAYER_SAMPLE,Medium,ROUTE_PROXY_UNVALIDATED|LOW_CURRENT_SAMPLE|LOW_PLAYER_SAMPLE,Medium,ROUTE_PROXY_UNVALIDATED|LOW_CURRENT_SAMPLE|LOW_PLAYER_SAMPLE,Medium,ROUTE_PROXY_UNVALIDATED|LOW_CURRENT_SAMPLE|LOW_PLAYER_SAMPLE,,
2025,1,,R.White,TB,,RB,1.4766151719322405,13.378458609632592,41.02029368471884,7.396247139956839,,,,True,True,False,93.85,66.67,,,,,35,55,52,71.52,GOOD_SIGNAL,2,0,0,6,Projection-led limited V1 signal from existing historical-test markets.,"Limited V1: opponent fit, game script, weather, recent form, and live role/injury context are not fully sourced.",,NEEDS DATA,NEEDS DATA,NEEDS DATA,DATA_NEEDS_LIVE_CONTEXT,HISTORICAL TEST ONLY,NO-GO,False,Medium,ROUTE_PROXY_UNVALIDATED|LOW_CURRENT_SAMPLE,Medium,ROUTE_PROXY_UNVALIDATED|LOW_CURRENT_SAMPLE,Medium,ROUTE_PROXY_UNVALIDATED|LOW_CURRENT_SAMPLE,Medium,ROUTE_PROXY_UNVALIDATED|LOW_CURRENT_SAMPLE,,,,,,
2025,1,,N.Harris,PIT,,RB,1.4219194965470645,13.061280900703254,54.5928160053647,6.209308017185189,,,,True,True,False,93.66,66.67,,,,,35,55,52,71.43,GOOD_SIGNAL,2,0,0,6,Projection-led limited V1 signal from existing historical-test markets.,"Limited V1: opponent fit, game script, weather, recent form, and live role/injury context are not fully sourced.",,NEEDS DATA,NEEDS DATA,NEEDS DATA,DATA_NEEDS_LIVE_CONTEXT,HISTORICAL TEST ONLY,NO-GO,False,Medium,ROUTE_PROXY_UNVALIDATED|LOW_CURRENT_SAMPLE,Medium,ROUTE_PROXY_UNVALIDATED|LOW_CURRENT_SAMPLE,Medium,ROUTE_PROXY_UNVALIDATED|LOW_CURRENT_SAMPLE,Medium,ROUTE_PROXY_UNVALIDATED|LOW_CURRENT_SAMPLE,,,,,,
2025,1,,T.Bigsby,JAX,,RB,0.842344691026393,7.516741748322797,36.03686705116501,7.309434882654873,,,,True,True,False,93.03,66.67,,,,,35,55,52,71.15,GOOD_SIGNAL,2,0,0,6,Projection-led limited V1 signal from existing historical-test markets.,"Limited V1: opponent fit, game script, weather, recent form, and live role/injury context are not fully sourced.",,NEEDS DATA,NEEDS DATA,NEEDS DATA,DATA_NEEDS_LIVE_CONTEXT,HISTORICAL TEST ONLY,NO-GO,False,Medium,ROUTE_PROXY_UNVALIDATED|LOW_CURRENT_SAMPLE,Medium,ROUTE_PROXY_UNVALIDATED|LOW_CURRENT_SAMPLE|LOW_YARDAGE_SAMPLE,Medium,ROUTE_PROXY_UNVALIDATED|LOW_CURRENT_SAMPLE,Medium,ROUTE_PROXY_UNVALIDATED|LOW_CURRENT_SAMPLE,,,,,,
2025,1,,C.Brown,CIN,,RB,2.169603292611404,15.207186136068923,50.632249537169855,7.113046577439101,,,,True,True,False,92.62,66.67,,,,,35,55,52,70.96,GOOD_SIGNAL,2,0,0,6,Projection-led limited V1 signal from existing historical-test markets.,"Limited V1: opponent fit, game script, weather, recent form, and live role/injury context are not fully sourced.",,NEEDS DATA,NEEDS DATA,NEEDS DATA,DATA_NEEDS_LIVE_CONTEXT,HISTORICAL TEST ONLY,NO-GO,False,Medium,ROUTE_PROXY_UNVALIDATED|LOW_CURRENT_SAMPLE,Medium,ROUTE_PROXY_UNVALIDATED|LOW_CURRENT_SAMPLE,Medium,ROUTE_PROXY_UNVALIDATED|LOW_CURRENT_SAMPLE,Medium,ROUTE_PROXY_UNVALIDATED|LOW_CURRENT_SAMPLE,,,,,,
2025,1,,D.Montgomery,DET,,RB,1.471750443563897,13.608639630004124,51.86371578743624,5.825244157887851,,,,True,True,False,92.54,66.67,,,,,35,55,52,70.93,GOOD_SIGNAL,2,0,0,6,Projection-led limited V1 signal from existing historical-test markets.,"Limited V1: opponent fit, game script, weather, recent form, and live role/injury context are not fully sourced.",,NEEDS DATA,NEEDS DATA,NEEDS DATA,DATA_NEEDS_LIVE_CONTEXT,HISTORICAL TEST ONLY,NO-GO,False,Medium,ROUTE_PROXY_UNVALIDATED|LOW_CURRENT_SAMPLE,Medium,ROUTE_PROXY_UNVALIDATED|LOW_CURRENT_SAMPLE,Medium,ROUTE_PROXY_UNVALIDATED|LOW_CURRENT_SAMPLE,Medium,ROUTE_PROXY_UNVALIDATED|LOW_CURRENT_SAMPLE,,,,,,
2025,1,,B.Hall,NYJ,,RB,1.4902066912199456,12.8638533274415,51.06383727929647,4.8567707399024265,,,,True,True,False,92.16,66.67,,,,,35,55,52,70.76,GOOD_SIGNAL,2,0,0,6,Projection-led limited V1 signal from existing historical-test markets.,"Limited V1: opponent fit, game script, weather, recent form, and live role/injury context are not fully sourced.",,NEEDS DATA,NEEDS DATA,NEEDS DATA,DATA_NEEDS_LIVE_CONTEXT,HISTORICAL TEST ONLY,NO-GO,False,Medium,ROUTE_PROXY_UNVALIDATED|LOW_CURRENT_SAMPLE,Medium,ROUTE_PROXY_UNVALIDATED|LOW_CURRENT_SAMPLE,Medium,ROUTE_PROXY_UNVALIDATED|LOW_CURRENT_SAMPLE,Medium,ROUTE_PROXY_UNVALIDATED|LOW_CURRENT_SAMPLE,,,,,,
2025,1,,D.Achane,MIA,,RB,1.979524341104844,14.654113784862496,50.45564908795905,5.363042030867725,,,,True,True,False,91.04,66.67,,,,,35,55,52,70.25,GOOD_SIGNAL,2,0,0,6,Projection-led limited V1 signal from existing historical-test markets.,"Limited V1: opponent fit, game script, weather, recent form, and live role/injury context are not fully sourced.",,NEEDS DATA,NEEDS DATA,NEEDS DATA,DATA_NEEDS_LIVE_CONTEXT,HISTORICAL TEST ONLY,NO-GO,False,Medium,ROUTE_PROXY_UNVALIDATED|LOW_CURRENT_SAMPLE,Medium,ROUTE_PROXY_UNVALIDATED|LOW_CURRENT_SAMPLE,Medium,ROUTE_PROXY_UNVALIDATED|LOW_CURRENT_SAMPLE,Medium,ROUTE_PROXY_UNVALIDATED|LOW_CURRENT_SAMPLE,,,,,,
2025,1,,R.Stevenson,NE,,RB,0.9800236315370178,6.961816163475759,50.14759228082217,5.576982004484775,,,,True,True,False,90.67,66.67,,,,,35,55,52,70.09,GOOD_SIGNAL,2,0,0,6,Projection-led limited V1 signal from existing historical-test markets.,"Limited V1: opponent fit, game script, weather, recent form, and live role/injury context are not fully sourced.",,NEEDS DATA,NEEDS DATA,NEEDS DATA,DATA_NEEDS_LIVE_CONTEXT,HISTORICAL TEST ONLY,NO-GO,False,Medium,ROUTE_PROXY_UNVALIDATED|LOW_CURRENT_SAMPLE,Medium,ROUTE_PROXY_UNVALIDATED|LOW_CURRENT_SAMPLE,Medium,ROUTE_PROXY_UNVALIDATED|LOW_CURRENT_SAMPLE,Medium,ROUTE_PROXY_UNVALIDATED|LOW_CURRENT_SAMPLE,,,,,,
2025,1,,B.Robinson,WAS,,RB,1.2677429806138538,11.691607845253642,49.87698647573922,5.796725935410487,,,,True,True,False,90.3,66.67,,,,,35,55,52,69.92,GOOD_SIGNAL,2,0,0,6,Projection-led limited V1 signal from existing historical-test markets.,"Limited V1: opponent fit, game script, weather, recent form, and live role/injury context are not fully sourced.",,NEEDS DATA,NEEDS DATA,NEEDS DATA,DATA_NEEDS_LIVE_CONTEXT,HISTORICAL TEST ONLY,NO-GO,False,Medium,ROUTE_PROXY_UNVALIDATED|LOW_CURRENT_SAMPLE,Medium,ROUTE_PROXY_UNVALIDATED|LOW_CURRENT_SAMPLE,Medium,ROUTE_PROXY_UNVALIDATED|LOW_CURRENT_SAMPLE,Medium,ROUTE_PROXY_UNVALIDATED|LOW_CURRENT_SAMPLE,,,,,,
2025,1,,J.Mason,SF,,RB,0.9994238171726384,9.50326988330166,49.71939025124168,3.246477663058616,,,,True,True,False,89.93,66.67,,,,,35,55,52,69.75,GOOD_SIGNAL,2,0,0,6,Projection-led limited V1 signal from existing historical-test markets.,"Limited V1: opponent fit, game script, weather, recent form, and live role/injury context are not fully sourced.",,NEEDS DATA,NEEDS DATA,NEEDS DATA,DATA_NEEDS_LIVE_CONTEXT,HISTORICAL TEST ONLY,NO-GO,False,Medium,ROUTE_PROXY_UNVALIDATED|LOW_CURRENT_SAMPLE,Medium,ROUTE_PROXY_UNVALIDATED|LOW_CURRENT_SAMPLE,Medium,ROUTE_PROXY_UNVALIDATED|LOW_CURRENT_SAMPLE,Medium,ROUTE_PROXY_UNVALIDATED|LOW_CURRENT_SAMPLE,,,,,,
2025,1,,M.Gordon,BAL,,RB,0.793016200383899,7.428251541541909,26.894027658541173,5.714763129344935,,,,True,True,False,89.75,66.67,,,,,35,55,52,69.67,GOOD_SIGNAL,2,0,0,6,Projection-led limited V1 signal from existing historical-test markets.,"Limited V1: opponent fit, game script, weather, recent form, and live role/injury context are not fully sourced.",,NEEDS DATA,NEEDS DATA,NEEDS DATA,DATA_NEEDS_LIVE_CONTEXT,HISTORICAL TEST ONLY,NO-GO,False,Medium,ROUTE_PROXY_UNVALIDATED|LOW_CURRENT_SAMPLE|LOW_PLAYER_SAMPLE,Medium,ROUTE_PROXY_UNVALIDATED|LOW_CURRENT_SAMPLE|LOW_PLAYER_SAMPLE|LOW_YARDAGE_SAMPLE,Medium,ROUTE_PROXY_UNVALIDATED|LOW_CURRENT_SAMPLE|LOW_PLAYER_SAMPLE,Medium,ROUTE_PROXY_UNVALIDATED|LOW_CURRENT_SAMPLE|LOW_PLAYER_SAMPLE,,,,,,
2025,1,,K.Hunt,KC,,RB,0.8495145606631439,7.103712012822405,46.97285066191176,3.42854527125294,,,,True,True,False,89.55,66.67,,,,,35,55,52,69.58,GOOD_SIGNAL,2,0,0,6,Projection-led limited V1 signal from existing historical-test markets.,"Limited V1: opponent fit, game script, weather, recent form, and live role/injury context are not fully sourced.",,NEEDS DATA,NEEDS DATA,NEEDS DATA,DATA_NEEDS_LIVE_CONTEXT,HISTORICAL TEST ONLY,NO-GO,False,Medium,ROUTE_PROXY_UNVALIDATED|LOW_CURRENT_SAMPLE,Medium,ROUTE_PROXY_UNVALIDATED|LOW_CURRENT_SAMPLE,Medium,ROUTE_PROXY_UNVALIDATED|LOW_CURRENT_SAMPLE,Medium,ROUTE_PROXY_UNVALIDATED|LOW_CURRENT_SAMPLE,,,,,,
2025,1,,L.Jackson,BAL,BUF,QB,,,42.38790924215537,5.649276014081842,23.54693264688178,13.41352667170872,,False,True,True,89.34,66.67,,,,,35,55,52,69.49,GOOD_SIGNAL,2,0,0,6,Projection-led limited V1 signal from existing historical-test markets.,"Limited V1: opponent fit, game script, weather, recent form, and live role/injury context are not fully sourced.",,NEEDS DATA,NEEDS DATA,NEEDS DATA,DATA_NEEDS_LIVE_CONTEXT,HISTORICAL TEST ONLY,NO-GO,False,,,,,Medium,ROUTE_PROXY_UNVALIDATED|LOW_CURRENT_SAMPLE|LOW_PLAYER_SAMPLE,Medium,ROUTE_PROXY_UNVALIDATED|LOW_CURRENT_SAMPLE|LOW_PLAYER_SAMPLE,Medium,ROUTE_PROXY_UNVALIDATED|LOW_CURRENT_SAMPLE|LOW_PLAYER_SAMPLE,Medium,ROUTE_PROXY_UNVALIDATED|LOW_CURRENT_SAMPLE|LOW_PLAYER_SAMPLE,,
2025,1,,T.Tracy,NYG,,RB,1.298245311992472,11.41047602075102,46.1246239813343,3.6662289869783145,,,,True,True,False,89.18,66.67,,,,,35,55,52,69.42,GOOD_SIGNAL,2,0,0,6,Projection-led limited V1 signal from existing historical-test markets.,"Limited V1: opponent fit, game script, weather, recent form, and live role/injury context are not fully sourced.",,NEEDS DATA,NEEDS DATA,NEEDS DATA,DATA_NEEDS_LIVE_CONTEXT,HISTORICAL TEST ONLY,NO-GO,False,Medium,ROUTE_PROXY_UNVALIDATED|LOW_CURRENT_SAMPLE,Medium,ROUTE_PROXY_UNVALIDATED|LOW_CURRENT_SAMPLE,Medium,ROUTE_PROXY_UNVALIDATED|LOW_CURRENT_SAMPLE,Medium,ROUTE_PROXY_UNVALIDATED|LOW_CURRENT_SAMPLE,,,,,,
2025,1,,J.McClellan,ATL,,RB,0.6429370012974225,,22.23054561707756,5.5848330098687,,,,True,True,False,88.93,66.67,,,,,35,55,52,69.3,GOOD_SIGNAL,2,0,0,6,Projection-led limited V1 signal from existing historical-test markets.,"Limited V1: opponent fit, game script, weather, recent form, and live role/injury context are not fully sourced.",,NEEDS DATA,NEEDS DATA,NEEDS DATA,DATA_NEEDS_LIVE_CONTEXT,HISTORICAL TEST ONLY,NO-GO,False,Medium,ROUTE_PROXY_UNVALIDATED|LOW_CURRENT_SAMPLE|LOW_PLAYER_SAMPLE,,,Medium,ROUTE_PROXY_UNVALIDATED|LOW_CURRENT_SAMPLE|LOW_PLAYER_SAMPLE|LOW_RUSH_SAMPLE,Medium,ROUTE_PROXY_UNVALIDATED|LOW_CURRENT_SAMPLE|LOW_PLAYER_SAMPLE|LOW_RUSH_SAMPLE|LOW_CARRY_SAMPLE,,,,,,
2025,1,,N.Chubb,CLE,,RB,0.8268110492264162,6.373725480372225,44.47114304618516,3.982759184292498,,,,True,True,False,88.81,66.67,,,,,35,55,52,69.25,GOOD_SIGNAL,2,0,0,6,Projection-led limited V1 signal from existing historical-test markets.,"Limited V1: opponent fit, game script, weather, recent form, and live role/injury context are not fully sourced.",,NEEDS DATA,NEEDS DATA,NEEDS DATA,DATA_NEEDS_LIVE_CONTEXT,HISTORICAL TEST ONLY,NO-GO,False,Medium,ROUTE_PROXY_UNVALIDATED|LOW_CURRENT_SAMPLE,Medium,ROUTE_PROXY_UNVALIDATED|LOW_CURRENT_SAMPLE|LOW_YARDAGE_SAMPLE,Medium,ROUTE_PROXY_UNVALIDATED|LOW_CURRENT_SAMPLE,Medium,ROUTE_PROXY_UNVALIDATED|LOW_CURRENT_SAMPLE,,,,,,
2025,1,,S.McCormick,LV,,RB,1.3047600493835425,8.816106816837777,42.96616645512049,3.825916576641903,,,,True,True,False,88.43,66.67,,,,,35,55,52,69.08,GOOD_SIGNAL,2,0,0,6,Projection-led limited V1 signal from existing historical-test markets.,"Limited V1: opponent fit, game script, weather, recent form, and live role/injury context are not fully sourced.",,NEEDS DATA,NEEDS DATA,NEEDS DATA,DATA_NEEDS_LIVE_CONTEXT,HISTORICAL TEST ONLY,NO-GO,False,Medium,ROUTE_PROXY_UNVALIDATED|LOW_CURRENT_SAMPLE|LOW_PLAYER_SAMPLE,Medium,ROUTE_PROXY_UNVALIDATED|LOW_CURRENT_SAMPLE|LOW_PLAYER_SAMPLE|LOW_YARDAGE_SAMPLE,Medium,ROUTE_PROXY_UNVALIDATED|LOW_CURRENT_SAMPLE|LOW_PLAYER_SAMPLE,Medium,ROUTE_PROXY_UNVALIDATED|LOW_CURRENT_SAMPLE|LOW_PLAYER_SAMPLE,,,,,,
2025,1,,J.Williams,DEN,,RB,1.4953348702226206,11.91467664563704,30.762381002685824,5.36667638799949,,,,True,True,False,88.11,66.67,,,,,35,55,52,68.93,GOOD_SIGNAL,2,0,0,6,Projection-led limited V1 signal from existing historical-test markets.,"Limited V1: opponent fit, game script, weather, recent form, and live role/injury context are not fully sourced.",,NEEDS DATA,NEEDS DATA,NEEDS DATA,DATA_NEEDS_LIVE_CONTEXT,HISTORICAL TEST ONLY,NO-GO,False,Medium,ROUTE_PROXY_UNVALIDATED|LOW_CURRENT_SAMPLE,Medium,ROUTE_PROXY_UNVALIDATED|LOW_CURRENT_SAMPLE,Medium,ROUTE_PROXY_UNVALIDATED|LOW_CURRENT_SAMPLE,Medium,ROUTE_PROXY_UNVALIDATED|LOW_CURRENT_SAMPLE,,,,,,
2025,1,,I.Pacheco,KC,,RB,0.8175931089362023,6.361922012878563,41.330570620167606,2.9081075068801927,,,,True,True,False,87.69,66.67,,,,,35,55,52,68.74,GOOD_SIGNAL,2,0,0,6,Projection-led limited V1 signal from existing historical-test markets.,"Limited V1: opponent fit, game script, weather, recent form, and live role/injury context are not fully sourced.",,NEEDS DATA,NEEDS DATA,NEEDS DATA,DATA_NEEDS_LIVE_CONTEXT,HISTORICAL TEST ONLY,NO-GO,False,Medium,ROUTE_PROXY_UNVALIDATED|LOW_CURRENT_SAMPLE,Medium,ROUTE_PROXY_UNVALIDATED|LOW_CURRENT_SAMPLE,Medium,ROUTE_PROXY_UNVALIDATED|LOW_CURRENT_SAMPLE,Medium,ROUTE_PROXY_UNVALIDATED|LOW_CURRENT_SAMPLE,,,,,,
2025,1,,Z.Moss,CIN,,RB,2.0249162933213203,15.509823278896755,33.02983740593047,5.252631080567288,,,,True,True,False,86.89,66.67,,,,,35,55,52,68.38,GOOD_SIGNAL,2,0,0,6,Projection-led limited V1 signal from existing historical-test markets.,"Limited V1: opponent fit, game script, weather, recent form, and live role/injury context are not fully sourced.",,NEEDS DATA,NEEDS DATA,NEEDS DATA,DATA_NEEDS_LIVE_CONTEXT,HISTORICAL TEST ONLY,NO-GO,False,Medium,ROUTE_PROXY_UNVALIDATED|LOW_CURRENT_SAMPLE,Medium,ROUTE_PROXY_UNVALIDATED|LOW_CURRENT_SAMPLE,Medium,ROUTE_PROXY_UNVALIDATED|LOW_CURRENT_SAMPLE,Medium,ROUTE_PROXY_UNVALIDATED|LOW_CURRENT_SAMPLE,,,,,,
2025,1,,T.Jones,ARI,,RB,1.1242138373124513,9.210440295496136,36.588693602499056,2.6008960340779272,,,,True,True,False,86.57,66.67,,,,,35,55,52,68.24,GOOD_SIGNAL,2,0,0,6,Projection-led limited V1 signal from existing historical-test markets.,"Limited V1: opponent fit, game script, weather, recent form, and live role/injury context are not fully sourced.",,NEEDS DATA,NEEDS DATA,NEEDS DATA,DATA_NEEDS_LIVE_CONTEXT,HISTORICAL TEST ONLY,NO-GO,False,Medium,ROUTE_PROXY_UNVALIDATED|LOW_CURRENT_SAMPLE,Medium,ROUTE_PROXY_UNVALIDATED|LOW_CURRENT_SAMPLE|LOW_YARDAGE_SAMPLE,Medium,ROUTE_PROXY_UNVALIDATED|LOW_CURRENT_SAMPLE,Medium,ROUTE_PROXY_UNVALIDATED|LOW_CURRENT_SAMPLE,,,,,,
2025,1,,B.Nix,DEN,BUF,QB,,,24.49976064734797,3.0274532326485355,27.48940802056919,17.371664965839578,,False,True,True,86.49,66.67,,,,,35,55,52,68.2,GOOD_SIGNAL,2,0,0,6,Projection-led limited V1 signal from existing historical-test markets.,"Limited V1: opponent fit, game script, weather, recent form, and live role/injury context are not fully sourced.",,NEEDS DATA,NEEDS DATA,NEEDS DATA,DATA_NEEDS_LIVE_CONTEXT,HISTORICAL TEST ONLY,NO-GO,False,,,,,Medium,ROUTE_PROXY_UNVALIDATED|LOW_CURRENT_SAMPLE|LOW_PLAYER_SAMPLE,Medium,ROUTE_PROXY_UNVALIDATED|LOW_CURRENT_SAMPLE|LOW_PLAYER_SAMPLE,Medium,ROUTE_PROXY_UNVALIDATED|LOW_CURRENT_SAMPLE|LOW_PLAYER_SAMPLE,Medium,ROUTE_PROXY_UNVALIDATED|LOW_CURRENT_SAMPLE|LOW_PLAYER_SAMPLE,,
2025,1,,J.Hurts,PHI,KC,QB,,,32.26576802968242,4.688296900799044,,,,False,True,False,86.07,66.67,,,,,35,55,52,68.02,GOOD_SIGNAL,2,0,0,6,Projection-led limited V1 signal from existing historical-test markets.,"Limited V1: opponent fit, game script, weather, recent form, and live role/injury context are not fully sourced.",,NEEDS DATA,NEEDS DATA,NEEDS DATA,DATA_NEEDS_LIVE_CONTEXT,HISTORICAL TEST ONLY,NO-GO,False,,,,,Medium,ROUTE_PROXY_UNVALIDATED|LOW_CURRENT_SAMPLE|LOW_PLAYER_SAMPLE,Medium,ROUTE_PROXY_UNVALIDATED|LOW_CURRENT_SAMPLE|LOW_PLAYER_SAMPLE,,,,,,
2025,1,,A.Richardson,IND,TEN,QB,,,32.207745688186115,4.677862397350377,11.663055809269215,,,False,True,True,85.66,66.67,,,,,35,55,52,67.83,GOOD_SIGNAL,2,0,0,6,Projection-led limited V1 signal from existing historical-test markets.,"Limited V1: opponent fit, game script, weather, recent form, and live role/injury context are not fully sourced.",,NEEDS DATA,NEEDS DATA,NEEDS DATA,DATA_NEEDS_LIVE_CONTEXT,HISTORICAL TEST ONLY,NO-GO,False,,,,,Medium,ROUTE_PROXY_UNVALIDATED|LOW_CURRENT_SAMPLE|LOW_PLAYER_SAMPLE,Medium,ROUTE_PROXY_UNVALIDATED|LOW_CURRENT_SAMPLE|LOW_PLAYER_SAMPLE,Medium,ROUTE_PROXY_UNVALIDATED|LOW_CURRENT_SAMPLE|LOW_PLAYER_SAMPLE,,,,
2025,1,,J.Ford,CLE,,RB,1.7440028912410797,12.520923025090582,35.41785895458914,2.79789570076376,,,,True,True,False,85.45,66.67,,,,,35,55,52,67.74,GOOD_SIGNAL,2,0,0,6,Projection-led limited V1 signal from existing historical-test markets.,"Limited V1: opponent fit, game script, weather, recent form, and live role/injury context are not fully sourced.",,NEEDS DATA,NEEDS DATA,NEEDS DATA,DATA_NEEDS_LIVE_CONTEXT,HISTORICAL TEST ONLY,NO-GO,False,Medium,ROUTE_PROXY_UNVALIDATED|LOW_CURRENT_SAMPLE,Medium,ROUTE_PROXY_UNVALIDATED|LOW_CURRENT_SAMPLE,Medium,ROUTE_PROXY_UNVALIDATED|LOW_CURRENT_SAMPLE,Medium,ROUTE_PROXY_UNVALIDATED|LOW_CURRENT_SAMPLE,,,,,,
2025,1,,C.Edmonds,TB,,RB,1.1529130190312744,9.720905518048395,25.13447889897375,4.664885226620793,,,,True,True,False,85.25,66.67,,,,,35,55,52,67.65,GOOD_SIGNAL,2,0,0,6,Projection-led limited V1 signal from existing historical-test markets.,"Limited V1: opponent fit, game script, weather, recent form, and live role/injury context are not fully sourced.",,NEEDS DATA,NEEDS DATA,NEEDS DATA,DATA_NEEDS_LIVE_CONTEXT,HISTORICAL TEST ONLY,NO-GO,False,Medium,ROUTE_PROXY_UNVALIDATED|LOW_CURRENT_SAMPLE,Medium,ROUTE_PROXY_UNVALIDATED|LOW_CURRENT_SAMPLE,Medium,ROUTE_PROXY_UNVALIDATED|LOW_CURRENT_SAMPLE,Medium,ROUTE_PROXY_UNVALIDATED|LOW_CURRENT_SAMPLE,,,,,,
2025,1,,E.Elliott,DAL,,RB,0.8997625969274131,6.781223339901646,24.08001906643652,4.6611898440587405,,,,True,True,False,84.84,66.67,,,,,35,55,52,67.46,GOOD_SIGNAL,2,0,0,6,Projection-led limited V1 signal from existing historical-test markets.,"Limited V1: opponent fit, game script, weather, recent form, and live role/injury context are not fully sourced.",,NEEDS DATA,NEEDS DATA,NEEDS DATA,DATA_NEEDS_LIVE_CONTEXT,HISTORICAL TEST ONLY,NO-GO,False,Medium,ROUTE_PROXY_UNVALIDATED|LOW_CURRENT_SAMPLE,Medium,ROUTE_PROXY_UNVALIDATED|LOW_CURRENT_SAMPLE,Medium,ROUTE_PROXY_UNVALIDATED|LOW_CURRENT_SAMPLE,Medium,ROUTE_PROXY_UNVALIDATED|LOW_CURRENT_SAMPLE,,,,,,
2025,1,,M.Carter,ARI,,RB,1.8725436339957435,11.78345852542022,33.4125176256745,4.129961806588986,,,,True,True,False,84.7,66.67,,,,,35,55,52,67.4,GOOD_SIGNAL,2,0,0,6,Projection-led limited V1 signal from existing historical-test markets.,"Limited V1: opponent fit, game script, weather, recent form, and live role/injury context are not fully sourced.",,NEEDS DATA,NEEDS DATA,NEEDS DATA,DATA_NEEDS_LIVE_CONTEXT,HISTORICAL TEST ONLY,NO-GO,False,Medium,ROUTE_PROXY_UNVALIDATED|LOW_CURRENT_SAMPLE,Medium,ROUTE_PROXY_UNVALIDATED|LOW_CURRENT_SAMPLE,Medium,ROUTE_PROXY_UNVALIDATED|LOW_CURRENT_SAMPLE,Medium,ROUTE_PROXY_UNVALIDATED|LOW_CURRENT_SAMPLE,,,,,,
2025,1,,T.Spears,TEN,,RB,1.5550082819977378,13.644134682171194,25.790134125214426,4.491145046843766,,,,True,True,False,84.02,66.67,,,,,35,55,52,67.09,GOOD_SIGNAL,2,0,0,6,Projection-led limited V1 signal from existing historical-test markets.,"Limited V1: opponent fit, game script, weather, recent form, and live role/injury context are not fully sourced.",,NEEDS DATA,NEEDS DATA,NEEDS DATA,DATA_NEEDS_LIVE_CONTEXT,HISTORICAL TEST ONLY,NO-GO,False,Medium,ROUTE_PROXY_UNVALIDATED|LOW_CURRENT_SAMPLE,Medium,ROUTE_PROXY_UNVALIDATED|LOW_CURRENT_SAMPLE,Medium,ROUTE_PROXY_UNVALIDATED|LOW_CURRENT_SAMPLE,Medium,ROUTE_PROXY_UNVALIDATED|LOW_CURRENT_SAMPLE,,,,,,
2025,1,,A.Dillon,GB,,RB,0.8367366619891201,7.816428434312456,32.43949568078665,3.8039246828711777,,,,True,True,False,83.96,66.67,,,,,35,55,52,67.07,GOOD_SIGNAL,2,0,0,6,Projection-led limited V1 signal from existing historical-test markets.,"Limited V1: opponent fit, game script, weather, recent form, and live role/injury context are not fully sourced.",,NEEDS DATA,NEEDS DATA,NEEDS DATA,DATA_NEEDS_LIVE_CONTEXT,HISTORICAL TEST ONLY,NO-GO,False,Medium,ROUTE_PROXY_UNVALIDATED|LOW_CURRENT_SAMPLE,Medium,ROUTE_PROXY_UNVALIDATED|LOW_CURRENT_SAMPLE,Medium,ROUTE_PROXY_UNVALIDATED|LOW_CURRENT_SAMPLE,Medium,ROUTE_PROXY_UNVALIDATED|LOW_CURRENT_SAMPLE,,,,,,
2025,1,,J.Burrow,CIN,PIT,QB,,,12.668783544540773,1.689558026367739,26.284503997069507,17.307441183790203,,False,True,True,83.78,66.67,,,,,35,55,52,66.98,GOOD_SIGNAL,2,0,0,6,Projection-led limited V1 signal from existing historical-test markets.,"Limited V1: opponent fit, game script, weather, recent form, and live role/injury context are not fully sourced.",,NEEDS DATA,NEEDS DATA,NEEDS DATA,DATA_NEEDS_LIVE_CONTEXT,HISTORICAL TEST ONLY,NO-GO,False,,,,,Medium,ROUTE_PROXY_UNVALIDATED|LOW_CURRENT_SAMPLE|LOW_PLAYER_SAMPLE,Medium,ROUTE_PROXY_UNVALIDATED|LOW_CURRENT_SAMPLE|LOW_PLAYER_SAMPLE,Medium,ROUTE_PROXY_UNVALIDATED|LOW_CURRENT_SAMPLE|LOW_PLAYER_SAMPLE,Medium,ROUTE_PROXY_UNVALIDATED|LOW_CURRENT_SAMPLE|LOW_PLAYER_SAMPLE,,
2025,1,,L.Fournette,BUF,,RB,0.6324827411137246,,26.8008670732614,4.411177281424672,,,,True,True,False,83.61,66.67,,,,,35,55,52,66.91,GOOD_SIGNAL,2,0,0,6,Projection-led limited V1 signal from existing historical-test markets.,"Limited V1: opponent fit, game script, weather, recent form, and live role/injury context are not fully sourced.",,NEEDS DATA,NEEDS DATA,NEEDS DATA,DATA_NEEDS_LIVE_CONTEXT,HISTORICAL TEST ONLY,NO-GO,False,Medium,ROUTE_PROXY_UNVALIDATED|LOW_CURRENT_SAMPLE|LOW_PLAYER_SAMPLE,,,Medium,ROUTE_PROXY_UNVALIDATED|LOW_CURRENT_SAMPLE|LOW_PLAYER_SAMPLE|LOW_RUSH_SAMPLE,Medium,ROUTE_PROXY_UNVALIDATED|LOW_CURRENT_SAMPLE|LOW_PLAYER_SAMPLE|LOW_RUSH_SAMPLE|LOW_CARRY_SAMPLE,,,,,,
2025,1,,G.Edwards,LAC,,RB,0.8781802137591852,5.37065676795106,32.22459708844039,4.3700167874146985,,,,True,True,False,83.21,66.67,,,,,35,55,52,66.73,GOOD_SIGNAL,2,0,0,6,Projection-led limited V1 signal from existing historical-test markets.,"Limited V1: opponent fit, game script, weather, recent form, and live role/injury context are not fully sourced.",,NEEDS DATA,NEEDS DATA,NEEDS DATA,DATA_NEEDS_LIVE_CONTEXT,HISTORICAL TEST ONLY,NO-GO,False,Medium,ROUTE_PROXY_UNVALIDATED|LOW_CURRENT_SAMPLE,Medium,ROUTE_PROXY_UNVALIDATED|LOW_CURRENT_SAMPLE,Medium,ROUTE_PROXY_UNVALIDATED|LOW_CURRENT_SAMPLE,Medium,ROUTE_PROXY_UNVALIDATED|LOW_CURRENT_SAMPLE,,,,,,
2025,1,,J.Funk,IND,,RB,0.918496049486286,8.985581175961983,25.49584928200112,4.410275583071406,,,,True,True,False,83.2,66.67,,,,,35,55,52,66.72,GOOD_SIGNAL,2,0,0,6,Projection-led limited V1 signal from existing historical-test markets.,"Limited V1: opponent fit, game script, weather, recent form, and live role/injury context are not fully sourced.",,NEEDS DATA,NEEDS DATA,NEEDS DATA,DATA_NEEDS_LIVE_CONTEXT,HISTORICAL TEST ONLY,NO-GO,False,Medium,ROUTE_PROXY_UNVALIDATED|LOW_CURRENT_SAMPLE|LOW_PLAYER_SAMPLE,Medium,ROUTE_PROXY_UNVALIDATED|LOW_CURRENT_SAMPLE|LOW_PLAYER_SAMPLE|LOW_YARDAGE_SAMPLE,Medium,ROUTE_PROXY_UNVALIDATED|LOW_CURRENT_SAMPLE|LOW_PLAYER_SAMPLE|LOW_RUSH_SAMPLE,Medium,ROUTE_PROXY_UNVALIDATED|LOW_CURRENT_SAMPLE|LOW_PLAYER_SAMPLE|LOW_RUSH_SAMPLE|LOW_CARRY_SAMPLE,,,,,,
2025,1,,L.Perine,KC,,RB,0.9464645434610474,9.035043619435957,31.74314282417636,2.667228767216641,,,,True,True,False,82.46,66.67,,,,,35,55,52,66.39,GOOD_SIGNAL,2,0,0,6,Projection-led limited V1 signal from existing historical-test markets.,"Limited V1: opponent fit, game script, weather, recent form, and live role/injury context are not fully sourced.",,NEEDS DATA,NEEDS DATA,NEEDS DATA,DATA_NEEDS_LIVE_CONTEXT,HISTORICAL TEST ONLY,NO-GO,False,Medium,ROUTE_PROXY_UNVALIDATED|LOW_CURRENT_SAMPLE|LOW_PLAYER_SAMPLE,Medium,ROUTE_PROXY_UNVALIDATED|LOW_CURRENT_SAMPLE|LOW_PLAYER_SAMPLE|LOW_YARDAGE_SAMPLE,Medium,ROUTE_PROXY_UNVALIDATED|LOW_CURRENT_SAMPLE|LOW_PLAYER_SAMPLE,Medium,ROUTE_PROXY_UNVALIDATED|LOW_CURRENT_SAMPLE|LOW_PLAYER_SAMPLE,,,,,,
2025,1,,Z.Charbonnet,SEA,,RB,1.2725377877071482,11.55968427643497,30.029958701732657,4.277682911698478,,,,True,True,False,82.38,66.67,,,,,35,55,52,66.36,GOOD_SIGNAL,2,0,0,6,Projection-led limited V1 signal from existing historical-test markets.,"Limited V1: opponent fit, game script, weather, recent form, and live role/injury context are not fully sourced.",,NEEDS DATA,NEEDS DATA,NEEDS DATA,DATA_NEEDS_LIVE_CONTEXT,HISTORICAL TEST ONLY,NO-GO,False,Medium,ROUTE_PROXY_UNVALIDATED|LOW_CURRENT_SAMPLE,Medium,ROUTE_PROXY_UNVALIDATED|LOW_CURRENT_SAMPLE,Medium,ROUTE_PROXY_UNVALIDATED|LOW_CURRENT_SAMPLE,Medium,ROUTE_PROXY_UNVALIDATED|LOW_CURRENT_SAMPLE,,,,,,
2025,1,,J.Warren,PIT,,RB,1.871399943004425,13.800936770121066,31.291496900119217,3.6851832719553386,,,,True,True,False,82.09,66.67,,,,,35,55,52,66.22,GOOD_SIGNAL,2,0,0,6,Projection-led limited V1 signal from existing historical-test markets.,"Limited V1: opponent fit, game script, weather, recent form, and live role/injury context are not fully sourced.",,NEEDS DATA,NEEDS DATA,NEEDS DATA,DATA_NEEDS_LIVE_CONTEXT,HISTORICAL TEST ONLY,NO-GO,False,Medium,ROUTE_PROXY_UNVALIDATED|LOW_CURRENT_SAMPLE,Medium,ROUTE_PROXY_UNVALIDATED|LOW_CURRENT_SAMPLE,Medium,ROUTE_PROXY_UNVALIDATED|LOW_CURRENT_SAMPLE,Medium,ROUTE_PROXY_UNVALIDATED|LOW_CURRENT_SAMPLE,,,,,,
2025,1,,E.Hull,IND,,RB,0.918496049486286,7.68041587120814,21.90777916918319,4.23401452422043,,,,True,True,False,81.97,66.67,,,,,35,55,52,66.17,GOOD_SIGNAL,2,0,0,6,Projection-led limited V1 signal from existing historical-test markets.,"Limited V1: opponent fit, game script, weather, recent form, and live role/injury context are not fully sourced.",,NEEDS DATA,NEEDS DATA,NEEDS DATA,DATA_NEEDS_LIVE_CONTEXT,HISTORICAL TEST ONLY,NO-GO,False,Medium,ROUTE_PROXY_UNVALIDATED|LOW_CURRENT_SAMPLE|LOW_PLAYER_SAMPLE,Medium,ROUTE_PROXY_UNVALIDATED|LOW_CURRENT_SAMPLE|LOW_PLAYER_SAMPLE|LOW_YARDAGE_SAMPLE,Medium,ROUTE_PROXY_UNVALIDATED|LOW_CURRENT_SAMPLE|LOW_PLAYER_SAMPLE|LOW_RUSH_SAMPLE,Medium,ROUTE_PROXY_UNVALIDATED|LOW_CURRENT_SAMPLE|LOW_PLAYER_SAMPLE|LOW_RUSH_SAMPLE|LOW_CARRY_SAMPLE,,,,,,
2025,1,,A.Mattison,LV,,RB,1.7836402480484266,13.614165256352273,30.989824968496617,3.826656695686112,,,,True,True,False,81.72,66.67,,,,,35,55,52,66.06,GOOD_SIGNAL,2,0,0,6,Projection-led limited V1 signal from existing historical-test markets.,"Limited V1: opponent fit, game script, weather, recent form, and live role/injury context are not fully sourced.",,NEEDS DATA,NEEDS DATA,NEEDS DATA,DATA_NEEDS_LIVE_CONTEXT,HISTORICAL TEST ONLY,NO-GO,False,Medium,ROUTE_PROXY_UNVALIDATED|LOW_CURRENT_SAMPLE,Medium,ROUTE_PROXY_UNVALIDATED|LOW_CURRENT_SAMPLE,Medium,ROUTE_PROXY_UNVALIDATED|LOW_CURRENT_SAMPLE,Medium,ROUTE_PROXY_UNVALIDATED|LOW_CURRENT_SAMPLE,,,,,,
2025,1,,L.Murray,BUF,,RB,0.8583179691377899,7.426684474407774,26.287095418617124,4.205532823578348,,,,True,True,False,81.56,66.67,,,,,35,55,52,65.99,GOOD_SIGNAL,2,0,0,6,Projection-led limited V1 signal from existing historical-test markets.,"Limited V1: opponent fit, game script, weather, recent form, and live role/injury context are not fully sourced.",,NEEDS DATA,NEEDS DATA,NEEDS DATA,DATA_NEEDS_LIVE_CONTEXT,HISTORICAL TEST ONLY,NO-GO,False,Medium,ROUTE_PROXY_UNVALIDATED|LOW_CURRENT_SAMPLE,Medium,ROUTE_PROXY_UNVALIDATED|LOW_CURRENT_SAMPLE,Medium,ROUTE_PROXY_UNVALIDATED|LOW_CURRENT_SAMPLE,Medium,ROUTE_PROXY_UNVALIDATED|LOW_CURRENT_SAMPLE,,,,,,
2025,1,,J.McLaughlin,DEN,,RB,1.226975751153154,6.938131968503254,27.000857895142293,4.163391355370579,,,,True,True,False,81.15,66.67,,,,,35,55,52,65.8,GOOD_SIGNAL,2,0,0,6,Projection-led limited V1 signal from existing historical-test markets.,"Limited V1: opponent fit, game script, weather, recent form, and live role/injury context are not fully sourced.",,NEEDS DATA,NEEDS DATA,NEEDS DATA,DATA_NEEDS_LIVE_CONTEXT,HISTORICAL TEST ONLY,NO-GO,False,Medium,ROUTE_PROXY_UNVALIDATED|LOW_CURRENT_SAMPLE,Medium,ROUTE_PROXY_UNVALIDATED|LOW_CURRENT_SAMPLE,Medium,ROUTE_PROXY_UNVALIDATED|LOW_CURRENT_SAMPLE,Medium,ROUTE_PROXY_UNVALIDATED|LOW_CURRENT_SAMPLE,,,,,,
2025,1,,D.Singletary,NYG,,RB,1.1070389196178942,8.322030960906226,30.701811072684126,2.917020461671057,,,,True,True,False,80.97,66.67,,,,,35,55,52,65.72,GOOD_SIGNAL,2,0,0,6,Projection-led limited V1 signal from existing historical-test markets.,"Limited V1: opponent fit, game script, weather, recent form, and live role/injury context are not fully sourced.",,NEEDS DATA,NEEDS DATA,NEEDS DATA,DATA_NEEDS_LIVE_CONTEXT,HISTORICAL TEST ONLY,NO-GO,False,Medium,ROUTE_PROXY_UNVALIDATED|LOW_CURRENT_SAMPLE,Medium,ROUTE_PROXY_UNVALIDATED|LOW_CURRENT_SAMPLE,Medium,ROUTE_PROXY_UNVALIDATED|LOW_CURRENT_SAMPLE,Medium,ROUTE_PROXY_UNVALIDATED|LOW_CURRENT_SAMPLE,,,,,,
2025,1,,D.Henderson,LA,,RB,1.7079296274888542,13.39023905122405,30.103106358652763,2.8005628269526985,,,,True,True,False,80.6,66.67,,,,,35,55,52,65.55,GOOD_SIGNAL,2,0,0,6,Projection-led limited V1 signal from existing historical-test markets.,"Limited V1: opponent fit, game script, weather, recent form, and live role/injury context are not fully sourced.",,NEEDS DATA,NEEDS DATA,NEEDS DATA,DATA_NEEDS_LIVE_CONTEXT,HISTORICAL TEST ONLY,NO-GO,False,Medium,ROUTE_PROXY_UNVALIDATED|LOW_CURRENT_SAMPLE,Medium,ROUTE_PROXY_UNVALIDATED|LOW_CURRENT_SAMPLE,Medium,ROUTE_PROXY_UNVALIDATED|LOW_CURRENT_SAMPLE,Medium,ROUTE_PROXY_UNVALIDATED|LOW_CURRENT_SAMPLE,,,,,,
2025,1,,D.Harris,BUF,,RB,0.7206299599157221,5.641326740330908,25.959337907648948,4.081848113424401,,,,True,True,False,80.33,66.67,,,,,35,55,52,65.43,GOOD_SIGNAL,2,0,0,6,Projection-led limited V1 signal from existing historical-test markets.,"Limited V1: opponent fit, game script, weather, recent form, and live role/injury context are not fully sourced.",,NEEDS DATA,NEEDS DATA,NEEDS DATA,DATA_NEEDS_LIVE_CONTEXT,HISTORICAL TEST ONLY,NO-GO,False,Medium,ROUTE_PROXY_UNVALIDATED|LOW_CURRENT_SAMPLE|LOW_PLAYER_SAMPLE,Medium,ROUTE_PROXY_UNVALIDATED|LOW_CURRENT_SAMPLE|LOW_PLAYER_SAMPLE|LOW_YARDAGE_SAMPLE,Medium,ROUTE_PROXY_UNVALIDATED|LOW_CURRENT_SAMPLE|LOW_PLAYER_SAMPLE,Medium,ROUTE_PROXY_UNVALIDATED|LOW_CURRENT_SAMPLE|LOW_PLAYER_SAMPLE,,,,,,
2025,1,,A.Ekeler,WAS,,RB,1.9506287903941195,16.759360924554077,30.076306720564915,3.80204387017249,,,,True,True,False,80.22,66.67,,,,,35,55,52,65.38,GOOD_SIGNAL,2,0,0,6,Projection-led limited V1 signal from existing historical-test markets.,"Limited V1: opponent fit, game script, weather, recent form, and live role/injury context are not fully sourced.",,NEEDS DATA,NEEDS DATA,NEEDS DATA,DATA_NEEDS_LIVE_CONTEXT,HISTORICAL TEST ONLY,NO-GO,False,Medium,ROUTE_PROXY_UNVALIDATED|LOW_CURRENT_SAMPLE,Medium,ROUTE_PROXY_UNVALIDATED|LOW_CURRENT_SAMPLE,Medium,ROUTE_PROXY_UNVALIDATED|LOW_CURRENT_SAMPLE,Medium,ROUTE_PROXY_UNVALIDATED|LOW_CURRENT_SAMPLE,,,,,,
2025,1,,D.Gore,WAS,,RB,0.8311136846039853,6.388853308233744,29.52251105690351,2.998359561035329,,,,True,True,False,79.48,66.67,,,,,35,55,52,65.05,GOOD_SIGNAL,2,0,0,6,Projection-led limited V1 signal from existing historical-test markets.,"Limited V1: opponent fit, game script, weather, recent form, and live role/injury context are not fully sourced.",,NEEDS DATA,NEEDS DATA,NEEDS DATA,DATA_NEEDS_LIVE_CONTEXT,HISTORICAL TEST ONLY,NO-GO,False,Medium,ROUTE_PROXY_UNVALIDATED|LOW_CURRENT_SAMPLE|LOW_PLAYER_SAMPLE,Medium,ROUTE_PROXY_UNVALIDATED|LOW_CURRENT_SAMPLE|LOW_PLAYER_SAMPLE|LOW_YARDAGE_SAMPLE,Medium,ROUTE_PROXY_UNVALIDATED|LOW_CURRENT_SAMPLE|LOW_PLAYER_SAMPLE|LOW_RUSH_SAMPLE,Medium,ROUTE_PROXY_UNVALIDATED|LOW_CURRENT_SAMPLE|LOW_PLAYER_SAMPLE|LOW_RUSH_SAMPLE|LOW_CARRY_SAMPLE,,,,,,
2025,1,,R.Mostert,MIA,,RB,1.316978202622196,12.253915444118666,27.816863404894367,3.949839138235341,,,,True,True,False,79.1,66.67,,,,,35,55,52,64.88,GOOD_SIGNAL,2,0,0,6,Projection-led limited V1 signal from existing historical-test markets.,"Limited V1: opponent fit, game script, weather, recent form, and live role/injury context are not fully sourced.",,NEEDS DATA,NEEDS DATA,NEEDS DATA,DATA_NEEDS_LIVE_CONTEXT,HISTORICAL TEST ONLY,NO-GO,False,Medium,ROUTE_PROXY_UNVALIDATED|LOW_CURRENT_SAMPLE,Medium,ROUTE_PROXY_UNVALIDATED|LOW_CURRENT_SAMPLE,Medium,ROUTE_PROXY_UNVALIDATED|LOW_CURRENT_SAMPLE,Medium,ROUTE_PROXY_UNVALIDATED|LOW_CURRENT_SAMPLE,,,,,,
2025,1,,R.Freeman,LA,,RB,0.9522926748192442,9.541742755404226,29.11657345931349,2.6602352478902427,,,,True,True,False,79.1,66.67,,,,,35,55,52,64.88,GOOD_SIGNAL,2,0,0,6,Projection-led limited V1 signal from existing historical-test markets.,"Limited V1: opponent fit, game script, weather, recent form, and live role/injury context are not fully sourced.",,NEEDS DATA,NEEDS DATA,NEEDS DATA,DATA_NEEDS_LIVE_CONTEXT,HISTORICAL TEST ONLY,NO-GO,False,Medium,ROUTE_PROXY_UNVALIDATED|LOW_CURRENT_SAMPLE|LOW_PLAYER_SAMPLE,Medium,ROUTE_PROXY_UNVALIDATED|LOW_CURRENT_SAMPLE|LOW_PLAYER_SAMPLE|LOW_YARDAGE_SAMPLE,Medium,ROUTE_PROXY_UNVALIDATED|LOW_CURRENT_SAMPLE|LOW_PLAYER_SAMPLE,Medium,ROUTE_PROXY_UNVALIDATED|LOW_CURRENT_SAMPLE|LOW_PLAYER_SAMPLE,,,,,,
2025,1,,G.Smith,SEA,LA,QB,,,15.887053331716004,1.896607630058907,23.049590702648366,13.428567798106926,,False,True,True,78.79,66.67,,,,,35,55,52,64.74,GOOD_SIGNAL,2,0,0,6,Projection-led limited V1 signal from existing historical-test markets.,"Limited V1: opponent fit, game script, weather, recent form, and live role/injury context are not fully sourced.",,NEEDS DATA,NEEDS DATA,NEEDS DATA,DATA_NEEDS_LIVE_CONTEXT,HISTORICAL TEST ONLY,NO-GO,False,,,,,Medium,ROUTE_PROXY_UNVALIDATED|LOW_CURRENT_SAMPLE|LOW_PLAYER_SAMPLE,Medium,ROUTE_PROXY_UNVALIDATED|LOW_CURRENT_SAMPLE|LOW_PLAYER_SAMPLE,Medium,ROUTE_PROXY_UNVALIDATED|LOW_CURRENT_SAMPLE|LOW_PLAYER_SAMPLE,Medium,ROUTE_PROXY_UNVALIDATED|LOW_CURRENT_SAMPLE|LOW_PLAYER_SAMPLE,,
2025,1,,B.Bolden,LV,,RB,0.8154322943284383,6.268308906191598,28.02580319548024,2.696043889876261,,,,True,True,False,78.73,66.67,,,,,35,55,52,64.71,GOOD_SIGNAL,2,0,0,6,Projection-led limited V1 signal from existing historical-test markets.,"Limited V1: opponent fit, game script, weather, recent form, and live role/injury context are not fully sourced.",,NEEDS DATA,NEEDS DATA,NEEDS DATA,DATA_NEEDS_LIVE_CONTEXT,HISTORICAL TEST ONLY,NO-GO,False,Medium,ROUTE_PROXY_UNVALIDATED|LOW_CURRENT_SAMPLE|LOW_PLAYER_SAMPLE,Medium,ROUTE_PROXY_UNVALIDATED|LOW_CURRENT_SAMPLE|LOW_PLAYER_SAMPLE|LOW_YARDAGE_SAMPLE,Medium,ROUTE_PROXY_UNVALIDATED|LOW_CURRENT_SAMPLE|LOW_PLAYER_SAMPLE|LOW_RUSH_SAMPLE,Medium,ROUTE_PROXY_UNVALIDATED|LOW_CURRENT_SAMPLE|LOW_PLAYER_SAMPLE|LOW_RUSH_SAMPLE|LOW_CARRY_SAMPLE,,,,,,
2025,1,,A.Estime,DEN,,RB,0.9187746042882224,6.608784295611836,23.9360529714678,3.913689029394693,,,,True,True,False,78.69,66.67,,,,,35,55,52,64.69,GOOD_SIGNAL,2,0,0,6,Projection-led limited V1 signal from existing historical-test markets.,"Limited V1: opponent fit, game script, weather, recent form, and live role/injury context are not fully sourced.",,NEEDS DATA,NEEDS DATA,NEEDS DATA,DATA_NEEDS_LIVE_CONTEXT,HISTORICAL TEST ONLY,NO-GO,False,Medium,ROUTE_PROXY_UNVALIDATED|LOW_CURRENT_SAMPLE|LOW_PLAYER_SAMPLE,Medium,ROUTE_PROXY_UNVALIDATED|LOW_CURRENT_SAMPLE|LOW_PLAYER_SAMPLE|LOW_YARDAGE_SAMPLE,Medium,ROUTE_PROXY_UNVALIDATED|LOW_CURRENT_SAMPLE|LOW_PLAYER_SAMPLE,Medium,ROUTE_PROXY_UNVALIDATED|LOW_CURRENT_SAMPLE|LOW_PLAYER_SAMPLE,,,,,,
2025,1,,R.Davis,BUF,,RB,0.8446586015174873,9.792890132154149,24.00860777381424,3.902361667758951,,,,True,True,False,78.28,66.67,,,,,35,55,52,64.51,GOOD_SIGNAL,2,0,0,6,Projection-led limited V1 signal from existing historical-test markets.,"Limited V1: opponent fit, game script, weather, recent form, and live role/injury context are not fully sourced.",,NEEDS DATA,NEEDS DATA,NEEDS DATA,DATA_NEEDS_LIVE_CONTEXT,HISTORICAL TEST ONLY,NO-GO,False,Medium,ROUTE_PROXY_UNVALIDATED|LOW_CURRENT_SAMPLE,Medium,ROUTE_PROXY_UNVALIDATED|LOW_CURRENT_SAMPLE,Medium,ROUTE_PROXY_UNVALIDATED|LOW_CURRENT_SAMPLE,Medium,ROUTE_PROXY_UNVALIDATED|LOW_CURRENT_SAMPLE,,,,,,
2025,1,,E.Mitchell,SF,,RB,1.0694052632857127,8.013663676264818,27.55186890964556,2.588918364068929,,,,True,True,False,77.99,66.67,,,,,35,55,52,64.38,GOOD_SIGNAL,2,0,0,6,Projection-led limited V1 signal from existing historical-test markets.,"Limited V1: opponent fit, game script, weather, recent form, and live role/injury context are not fully sourced.",,NEEDS DATA,NEEDS DATA,NEEDS DATA,DATA_NEEDS_LIVE_CONTEXT,HISTORICAL TEST ONLY,NO-GO,False,Medium,ROUTE_PROXY_UNVALIDATED|LOW_CURRENT_SAMPLE|LOW_PLAYER_SAMPLE,Medium,ROUTE_PROXY_UNVALIDATED|LOW_CURRENT_SAMPLE|LOW_PLAYER_SAMPLE|LOW_YARDAGE_SAMPLE,Medium,ROUTE_PROXY_UNVALIDATED|LOW_CURRENT_SAMPLE|LOW_PLAYER_SAMPLE,Medium,ROUTE_PROXY_UNVALIDATED|LOW_CURRENT_SAMPLE|LOW_PLAYER_SAMPLE,,,,,,
2025,1,,R.Penny,PHI,,RB,0.7490573290276635,5.392339310033563,24.136441582954905,3.89606556882958,,,,True,True,False,77.87,66.67,,,,,35,55,52,64.33,GOOD_SIGNAL,2,0,0,6,Projection-led limited V1 signal from existing historical-test markets.,"Limited V1: opponent fit, game script, weather, recent form, and live role/injury context are not fully sourced.",,NEEDS DATA,NEEDS DATA,NEEDS DATA,DATA_NEEDS_LIVE_CONTEXT,HISTORICAL TEST ONLY,NO-GO,False,Medium,ROUTE_PROXY_UNVALIDATED|LOW_CURRENT_SAMPLE|LOW_PLAYER_SAMPLE,Medium,ROUTE_PROXY_UNVALIDATED|LOW_CURRENT_SAMPLE|LOW_PLAYER_SAMPLE|LOW_YARDAGE_SAMPLE,Medium,ROUTE_PROXY_UNVALIDATED|LOW_CURRENT_SAMPLE|LOW_PLAYER_SAMPLE|LOW_RUSH_SAMPLE,Medium,ROUTE_PROXY_UNVALIDATED|LOW_CURRENT_SAMPLE|LOW_PLAYER_SAMPLE|LOW_RUSH_SAMPLE|LOW_CARRY_SAMPLE,,,,,,
2025,1,,A.Gibson,NE,,RB,1.1893382941955852,11.64840126572974,27.43674312920316,3.136305574531609,,,,True,True,False,77.61,66.67,,,,,35,55,52,64.21,GOOD_SIGNAL,2,0,0,6,Projection-led limited V1 signal from existing historical-test markets.,"Limited V1: opponent fit, game script, weather, recent form, and live role/injury context are not fully sourced.",,NEEDS DATA,NEEDS DATA,NEEDS DATA,DATA_NEEDS_LIVE_CONTEXT,HISTORICAL TEST ONLY,NO-GO,False,Medium,ROUTE_PROXY_UNVALIDATED|LOW_CURRENT_SAMPLE,Medium,ROUTE_PROXY_UNVALIDATED|LOW_CURRENT_SAMPLE,Medium,ROUTE_PROXY_UNVALIDATED|LOW_CURRENT_SAMPLE,Medium,ROUTE_PROXY_UNVALIDATED|LOW_CURRENT_SAMPLE,,,,,,
2025,1,,C.Akers,MIN,,RB,1.239957535863207,8.595621838603204,26.666881851612523,3.8922176144927056,,,,True,True,False,77.46,66.67,,,,,35,55,52,64.14,GOOD_SIGNAL,2,0,0,6,Projection-led limited V1 signal from existing historical-test markets.,"Limited V1: opponent fit, game script, weather, recent form, and live role/injury context are not fully sourced.",,NEEDS DATA,NEEDS DATA,NEEDS DATA,DATA_NEEDS_LIVE_CONTEXT,HISTORICAL TEST ONLY,NO-GO,False,Medium,ROUTE_PROXY_UNVALIDATED|LOW_CURRENT_SAMPLE,Medium,ROUTE_PROXY_UNVALIDATED|LOW_CURRENT_SAMPLE,Medium,ROUTE_PROXY_UNVALIDATED|LOW_CURRENT_SAMPLE,Medium,ROUTE_PROXY_UNVALIDATED|LOW_CURRENT_SAMPLE,,,,,,
2025,1,,J.Milton,NE,BUF,QB,,,22.915740426963303,3.835236427915821,,,,False,True,False,76.64,66.67,,,,,35,55,52,63.77,GOOD_SIGNAL,2,0,0,6,Projection-led limited V1 signal from existing historical-test markets.,"Limited V1: opponent fit, game script, weather, recent form, and live role/injury context are not fully sourced.",,NEEDS DATA,NEEDS DATA,NEEDS DATA,DATA_NEEDS_LIVE_CONTEXT,HISTORICAL TEST ONLY,NO-GO,False,,,,,Medium,ROUTE_PROXY_UNVALIDATED|LOW_CURRENT_SAMPLE|LOW_PLAYER_SAMPLE|LOW_RUSH_SAMPLE,Medium,ROUTE_PROXY_UNVALIDATED|LOW_CURRENT_SAMPLE|LOW_PLAYER_SAMPLE|LOW_RUSH_SAMPLE|LOW_CARRY_SAMPLE,,,,,,
2025,1,,D.Foreman,CLE,,RB,0.9649082938535388,9.318571533128743,26.6592707539564,2.9534073917191965,,,,True,True,False,75.75,66.67,,,,,35,55,52,63.37,GOOD_SIGNAL,2,0,0,6,Projection-led limited V1 signal from existing historical-test markets.,"Limited V1: opponent fit, game script, weather, recent form, and live role/injury context are not fully sourced.",,NEEDS DATA,NEEDS DATA,NEEDS DATA,DATA_NEEDS_LIVE_CONTEXT,HISTORICAL TEST ONLY,NO-GO,False,Medium,ROUTE_PROXY_UNVALIDATED|LOW_CURRENT_SAMPLE,Medium,ROUTE_PROXY_UNVALIDATED|LOW_CURRENT_SAMPLE,Medium,ROUTE_PROXY_UNVALIDATED|LOW_CURRENT_SAMPLE,Medium,ROUTE_PROXY_UNVALIDATED|LOW_CURRENT_SAMPLE,,,,,,
2025,1,,S.Darnold,MIN,LA,QB,,,13.177911812401986,2.2658871604784,23.02994032353384,12.93846180494894,,False,True,True,75.68,66.67,,,,,35,55,52,63.34,GOOD_SIGNAL,2,0,0,6,Projection-led limited V1 signal from existing historical-test markets.,"Limited V1: opponent fit, game script, weather, recent form, and live role/injury context are not fully sourced.",,NEEDS DATA,NEEDS DATA,NEEDS DATA,DATA_NEEDS_LIVE_CONTEXT,HISTORICAL TEST ONLY,NO-GO,False,,,,,Medium,ROUTE_PROXY_UNVALIDATED|LOW_CURRENT_SAMPLE|LOW_PLAYER_SAMPLE,Medium,ROUTE_PROXY_UNVALIDATED|LOW_CURRENT_SAMPLE|LOW_PLAYER_SAMPLE,Medium,ROUTE_PROXY_UNVALIDATED|LOW_CURRENT_SAMPLE|LOW_PLAYER_SAMPLE,Medium,ROUTE_PROXY_UNVALIDATED|LOW_CURRENT_SAMPLE|LOW_PLAYER_SAMPLE,,
2025,1,,D.Pierce,HOU,,RB,0.5848098780282955,,26.54964056996263,3.309734555916667,,,,True,True,False,75.37,66.67,,,,,35,55,52,63.2,GOOD_SIGNAL,2,0,0,6,Projection-led limited V1 signal from existing historical-test markets.,"Limited V1: opponent fit, game script, weather, recent form, and live role/injury context are not fully sourced.",,NEEDS DATA,NEEDS DATA,NEEDS DATA,DATA_NEEDS_LIVE_CONTEXT,HISTORICAL TEST ONLY,NO-GO,False,Medium,ROUTE_PROXY_UNVALIDATED|LOW_CURRENT_SAMPLE,,,Medium,ROUTE_PROXY_UNVALIDATED|LOW_CURRENT_SAMPLE,Medium,ROUTE_PROXY_UNVALIDATED|LOW_CURRENT_SAMPLE,,,,,,
2025,1,,E.Demercado,ARI,,RB,1.125652690493684,8.923831747701163,26.41878241898297,1.9263209249888824,,,,True,True,False,75.0,66.67,,,,,35,55,52,63.03,GOOD_SIGNAL,2,0,0,6,Projection-led limited V1 signal from existing historical-test markets.,"Limited V1: opponent fit, game script, weather, recent form, and live role/injury context are not fully sourced.",,NEEDS DATA,NEEDS DATA,NEEDS DATA,DATA_NEEDS_LIVE_CONTEXT,HISTORICAL TEST ONLY,NO-GO,False,Medium,ROUTE_PROXY_UNVALIDATED|LOW_CURRENT_SAMPLE,Medium,ROUTE_PROXY_UNVALIDATED|LOW_CURRENT_SAMPLE,Medium,ROUTE_PROXY_UNVALIDATED|LOW_CURRENT_SAMPLE,Medium,ROUTE_PROXY_UNVALIDATED|LOW_CURRENT_SAMPLE,,,,,,
2025,1,,D.Jones,NYG,CAR,QB,,,26.3883954021324,2.273290354516176,,,,False,True,False,74.63,66.67,,,,,35,55,52,62.87,GOOD_SIGNAL,1,1,0,6,Projection-led limited V1 signal from existing historical-test markets.,"Limited V1: opponent fit, game script, weather, recent form, and live role/injury context are not fully sourced.",,NEEDS DATA,NEEDS DATA,NEEDS DATA,DATA_NEEDS_LIVE_CONTEXT,HISTORICAL TEST ONLY,NO-GO,False,,,,,Medium,ROUTE_PROXY_UNVALIDATED|LOW_CURRENT_SAMPLE|LOW_PLAYER_SAMPLE,Medium,ROUTE_PROXY_UNVALIDATED|LOW_CURRENT_SAMPLE|LOW_PLAYER_SAMPLE,,,,,,
2025,1,,D.Cook,DAL,,RB,0.930701909829294,8.99794878936927,17.763637768998088,3.742382389615147,,,,True,True,False,74.59,66.67,,,,,35,55,52,62.85,GOOD_SIGNAL,1,1,0,6,Projection-led limited V1 signal from existing historical-test markets.,"Limited V1: opponent fit, game script, weather, recent form, and live role/injury context are not fully sourced.",,NEEDS DATA,NEEDS DATA,NEEDS DATA,DATA_NEEDS_LIVE_CONTEXT,HISTORICAL TEST ONLY,NO-GO,False,Medium,ROUTE_PROXY_UNVALIDATED|LOW_CURRENT_SAMPLE,Medium,ROUTE_PROXY_UNVALIDATED|LOW_CURRENT_SAMPLE,Medium,ROUTE_PROXY_UNVALIDATED|LOW_CURRENT_SAMPLE,Medium,ROUTE_PROXY_UNVALIDATED|LOW_CURRENT_SAMPLE,,,,,,
2025,1,,J.Hill,BAL,,RB,1.1764145347839876,11.057599232571592,23.474318462745348,3.7085881851510014,,,,True,True,False,74.18,66.67,,,,,35,55,52,62.67,GOOD_SIGNAL,1,1,0,6,Projection-led limited V1 signal from existing historical-test markets.,"Limited V1: opponent fit, game script, weather, recent form, and live role/injury context are not fully sourced.",,NEEDS DATA,NEEDS DATA,NEEDS DATA,DATA_NEEDS_LIVE_CONTEXT,HISTORICAL TEST ONLY,NO-GO,False,Medium,ROUTE_PROXY_UNVALIDATED|LOW_CURRENT_SAMPLE,Medium,ROUTE_PROXY_UNVALIDATED|LOW_CURRENT_SAMPLE,Medium,ROUTE_PROXY_UNVALIDATED|LOW_CURRENT_SAMPLE,Medium,ROUTE_PROXY_UNVALIDATED|LOW_CURRENT_SAMPLE,,,,,,
2025,1,,J.Allen,BUF,KC,QB,,,26.23318744507668,3.676414728197042,15.341667010111776,11.187325300567217,,False,True,True,73.88,66.67,,,,,35,55,52,62.53,GOOD_SIGNAL,1,1,0,6,Projection-led limited V1 signal from existing historical-test markets.,"Limited V1: opponent fit, game script, weather, recent form, and live role/injury context are not fully sourced.",,NEEDS DATA,NEEDS DATA,NEEDS DATA,DATA_NEEDS_LIVE_CONTEXT,HISTORICAL TEST ONLY,NO-GO,False,,,,,Medium,ROUTE_PROXY_UNVALIDATED|LOW_CURRENT_SAMPLE|LOW_PLAYER_SAMPLE,Medium,ROUTE_PROXY_UNVALIDATED|LOW_CURRENT_SAMPLE|LOW_PLAYER_SAMPLE,Medium,ROUTE_PROXY_UNVALIDATED|LOW_CURRENT_SAMPLE|LOW_PLAYER_SAMPLE,Medium,ROUTE_PROXY_UNVALIDATED|LOW_CURRENT_SAMPLE|LOW_PLAYER_SAMPLE,,
2025,1,,K.Harris,NE,,RB,0.8431496714172521,9.712816833717516,26.082591134684023,3.093241008476692,,,,True,True,False,73.51,66.67,,,,,35,55,52,62.36,GOOD_SIGNAL,1,1,0,6,Projection-led limited V1 signal from existing historical-test markets.,"Limited V1: opponent fit, game script, weather, recent form, and live role/injury context are not fully sourced.",,NEEDS DATA,NEEDS DATA,NEEDS DATA,DATA_NEEDS_LIVE_CONTEXT,HISTORICAL TEST ONLY,NO-GO,False,Medium,ROUTE_PROXY_UNVALIDATED|LOW_CURRENT_SAMPLE|LOW_PLAYER_SAMPLE,Medium,ROUTE_PROXY_UNVALIDATED|LOW_CURRENT_SAMPLE|LOW_PLAYER_SAMPLE|LOW_YARDAGE_SAMPLE,Medium,ROUTE_PROXY_UNVALIDATED|LOW_CURRENT_SAMPLE|LOW_PLAYER_SAMPLE|LOW_RUSH_SAMPLE,Medium,ROUTE_PROXY_UNVALIDATED|LOW_CURRENT_SAMPLE|LOW_PLAYER_SAMPLE|LOW_RUSH_SAMPLE|LOW_CARRY_SAMPLE,,,,,,
2025,1,,Em.Wilson,GB,,RB,0.9105239308164434,6.967555527950683,26.069288084509367,2.9453717195449336,,,,True,True,False,73.13,66.67,,,,,35,55,52,62.19,GOOD_SIGNAL,1,1,0,6,Projection-led limited V1 signal from existing historical-test markets.,"Limited V1: opponent fit, game script, weather, recent form, and live role/injury context are not fully sourced.",,NEEDS DATA,NEEDS DATA,NEEDS DATA,DATA_NEEDS_LIVE_CONTEXT,HISTORICAL TEST ONLY,NO-GO,False,Medium,ROUTE_PROXY_UNVALIDATED|LOW_CURRENT_SAMPLE,Medium,ROUTE_PROXY_UNVALIDATED|LOW_CURRENT_SAMPLE,Medium,ROUTE_PROXY_UNVALIDATED|LOW_CURRENT_SAMPLE,Medium,ROUTE_PROXY_UNVALIDATED|LOW_CURRENT_SAMPLE,,,,,,
2025,1,,R.Wilson,PIT,BAL,QB,,,16.513976204767435,2.047731496886453,22.463631047680163,12.463500428762382,,False,True,True,72.97,66.67,,,,,35,55,52,62.12,GOOD_SIGNAL,1,1,0,6,Projection-led limited V1 signal from existing historical-test markets.,"Limited V1: opponent fit, game script, weather, recent form, and live role/injury context are not fully sourced.",,NEEDS DATA,NEEDS DATA,NEEDS DATA,DATA_NEEDS_LIVE_CONTEXT,HISTORICAL TEST ONLY,NO-GO,False,,,,,Medium,ROUTE_PROXY_UNVALIDATED|LOW_CURRENT_SAMPLE|LOW_PLAYER_SAMPLE,Medium,ROUTE_PROXY_UNVALIDATED|LOW_CURRENT_SAMPLE|LOW_PLAYER_SAMPLE,Medium,ROUTE_PROXY_UNVALIDATED|LOW_CURRENT_SAMPLE|LOW_PLAYER_SAMPLE,Medium,ROUTE_PROXY_UNVALIDATED|LOW_CURRENT_SAMPLE|LOW_PLAYER_SAMPLE,,
2025,1,,Z.White,LV,,RB,0.9681758398361584,6.917178939582091,26.0505577571082,3.31276737265679,,,,True,True,False,72.76,66.67,,,,,35,55,52,62.03,GOOD_SIGNAL,1,1,0,6,Projection-led limited V1 signal from existing historical-test markets.,"Limited V1: opponent fit, game script, weather, recent form, and live role/injury context are not fully sourced.",,NEEDS DATA,NEEDS DATA,NEEDS DATA,DATA_NEEDS_LIVE_CONTEXT,HISTORICAL TEST ONLY,NO-GO,False,Medium,ROUTE_PROXY_UNVALIDATED|LOW_CURRENT_SAMPLE,Medium,ROUTE_PROXY_UNVALIDATED|LOW_CURRENT_SAMPLE,Medium,ROUTE_PROXY_UNVALIDATED|LOW_CURRENT_SAMPLE,Medium,ROUTE_PROXY_UNVALIDATED|LOW_CURRENT_SAMPLE,,,,,,
2025,1,,K.Mitchell,BAL,,RB,0.8105803025849402,13.639294882610102,19.988143794290423,3.647151908449358,,,,True,True,False,72.54,66.67,,,,,35,55,52,61.93,GOOD_SIGNAL,1,1,0,6,Projection-led limited V1 signal from existing historical-test markets.,"Limited V1: opponent fit, game script, weather, recent form, and live role/injury context are not fully sourced.",,NEEDS DATA,NEEDS DATA,NEEDS DATA,DATA_NEEDS_LIVE_CONTEXT,HISTORICAL TEST ONLY,NO-GO,False,Medium,ROUTE_PROXY_UNVALIDATED|LOW_CURRENT_SAMPLE,Medium,ROUTE_PROXY_UNVALIDATED|LOW_CURRENT_SAMPLE,Medium,ROUTE_PROXY_UNVALIDATED|LOW_CURRENT_SAMPLE,Medium,ROUTE_PROXY_UNVALIDATED|LOW_CURRENT_SAMPLE,,,,,,
2025,1,,B.Scott,PHI,,RB,0.5326705918732769,,24.04070801609836,3.5853773819497547,,,,True,True,False,72.13,66.67,,,,,35,55,52,61.74,GOOD_SIGNAL,1,1,0,6,Projection-led limited V1 signal from existing historical-test markets.,"Limited V1: opponent fit, game script, weather, recent form, and live role/injury context are not fully sourced.",,NEEDS DATA,NEEDS DATA,NEEDS DATA,DATA_NEEDS_LIVE_CONTEXT,HISTORICAL TEST ONLY,NO-GO,False,Medium,ROUTE_PROXY_UNVALIDATED|LOW_CURRENT_SAMPLE|LOW_PLAYER_SAMPLE,,,Medium,ROUTE_PROXY_UNVALIDATED|LOW_CURRENT_SAMPLE|LOW_PLAYER_SAMPLE,Medium,ROUTE_PROXY_UNVALIDATED|LOW_CURRENT_SAMPLE|LOW_PLAYER_SAMPLE,,,,,,
2025,1,,T.Sermon,IND,,RB,1.0363686415204516,8.010967908174164,17.705252467087796,3.366047772316472,,,,True,True,False,71.31,66.67,,,,,35,55,52,61.37,GOOD_SIGNAL,1,1,0,6,Projection-led limited V1 signal from existing historical-test markets.,"Limited V1: opponent fit, game script, weather, recent form, and live role/injury context are not fully sourced.",,NEEDS DATA,NEEDS DATA,NEEDS DATA,DATA_NEEDS_LIVE_CONTEXT,HISTORICAL TEST ONLY,NO-GO,False,Medium,ROUTE_PROXY_UNVALIDATED|LOW_CURRENT_SAMPLE,Medium,ROUTE_PROXY_UNVALIDATED|LOW_CURRENT_SAMPLE,Medium,ROUTE_PROXY_UNVALIDATED|LOW_CURRENT_SAMPLE,Medium,ROUTE_PROXY_UNVALIDATED|LOW_CURRENT_SAMPLE,,,,,,
2025,1,,E.Dotson,LAC,,RB,1.1562069825643115,9.805054579046578,25.53753561998537,3.28337070529198,,,,True,True,False,71.27,66.67,,,,,35,55,52,61.36,GOOD_SIGNAL,1,1,0,6,Projection-led limited V1 signal from existing historical-test markets.,"Limited V1: opponent fit, game script, weather, recent form, and live role/injury context are not fully sourced.",,NEEDS DATA,NEEDS DATA,NEEDS DATA,DATA_NEEDS_LIVE_CONTEXT,HISTORICAL TEST ONLY,NO-GO,False,Medium,ROUTE_PROXY_UNVALIDATED|LOW_CURRENT_SAMPLE|LOW_PLAYER_SAMPLE,Medium,ROUTE_PROXY_UNVALIDATED|LOW_CURRENT_SAMPLE|LOW_PLAYER_SAMPLE|LOW_YARDAGE_SAMPLE,Medium,ROUTE_PROXY_UNVALIDATED|LOW_CURRENT_SAMPLE|LOW_PLAYER_SAMPLE|LOW_RUSH_SAMPLE,Medium,ROUTE_PROXY_UNVALIDATED|LOW_CURRENT_SAMPLE|LOW_PLAYER_SAMPLE|LOW_RUSH_SAMPLE|LOW_CARRY_SAMPLE,,,,,,
2025,1,,S.Ahmed,MIA,,RB,1.3118036867653324,10.813896412233747,23.32206619833322,3.316086703742719,,,,True,True,False,70.9,66.67,,,,,35,55,52,61.19,GOOD_SIGNAL,1,1,0,6,Projection-led limited V1 signal from existing historical-test markets.,"Limited V1: opponent fit, game script, weather, recent form, and live role/injury context are not fully sourced.",,NEEDS DATA,NEEDS DATA,NEEDS DATA,DATA_NEEDS_LIVE_CONTEXT,HISTORICAL TEST ONLY,NO-GO,False,Medium,ROUTE_PROXY_UNVALIDATED|LOW_CURRENT_SAMPLE,Medium,ROUTE_PROXY_UNVALIDATED|LOW_CURRENT_SAMPLE,Medium,ROUTE_PROXY_UNVALIDATED|LOW_CURRENT_SAMPLE,Medium,ROUTE_PROXY_UNVALIDATED|LOW_CURRENT_SAMPLE,,,,,,
2025,1,,D.Williams,ARI,,RB,0.991680471061944,8.292380172316726,25.52629888941479,3.183878892393251,,,,True,True,False,70.9,66.67,,,,,35,55,52,61.19,GOOD_SIGNAL,1,1,0,6,Projection-led limited V1 signal from existing historical-test markets.,"Limited V1: opponent fit, game script, weather, recent form, and live role/injury context are not fully sourced.",,NEEDS DATA,NEEDS DATA,NEEDS DATA,DATA_NEEDS_LIVE_CONTEXT,HISTORICAL TEST ONLY,NO-GO,False,Medium,ROUTE_PROXY_UNVALIDATED|LOW_CURRENT_SAMPLE|LOW_PLAYER_SAMPLE,Medium,ROUTE_PROXY_UNVALIDATED|LOW_CURRENT_SAMPLE|LOW_PLAYER_SAMPLE|LOW_YARDAGE_SAMPLE,Medium,ROUTE_PROXY_UNVALIDATED|LOW_CURRENT_SAMPLE|LOW_PLAYER_SAMPLE|LOW_RUSH_SAMPLE,Medium,ROUTE_PROXY_UNVALIDATED|LOW_CURRENT_SAMPLE|LOW_PLAYER_SAMPLE|LOW_RUSH_SAMPLE|LOW_CARRY_SAMPLE,,,,,,
2025,1,,M.Sanders,CAR,,RB,1.3426348534578156,10.371984674488468,24.934933615695385,3.3157522346816024,,,,True,True,False,70.49,66.67,,,,,35,55,52,61.0,GOOD_SIGNAL,1,1,0,6,Projection-led limited V1 signal from existing historical-test markets.,"Limited V1: opponent fit, game script, weather, recent form, and live role/injury context are not fully sourced.",,NEEDS DATA,NEEDS DATA,NEEDS DATA,DATA_NEEDS_LIVE_CONTEXT,HISTORICAL TEST ONLY,NO-GO,False,Medium,ROUTE_PROXY_UNVALIDATED|LOW_CURRENT_SAMPLE,Medium,ROUTE_PROXY_UNVALIDATED|LOW_CURRENT_SAMPLE,Medium,ROUTE_PROXY_UNVALIDATED|LOW_CURRENT_SAMPLE,Medium,ROUTE_PROXY_UNVALIDATED|LOW_CURRENT_SAMPLE,,,,,,
2025,1,,J.Flacco,IND,JAX,QB,,,6.263318059194613,1.480493597589215,22.027239923762806,12.237210779827205,,False,True,True,70.27,66.67,,,,,35,55,52,60.91,GOOD_SIGNAL,1,1,0,6,Projection-led limited V1 signal from existing historical-test markets.,"Limited V1: opponent fit, game script, weather, recent form, and live role/injury context are not fully sourced.",,NEEDS DATA,NEEDS DATA,NEEDS DATA,DATA_NEEDS_LIVE_CONTEXT,HISTORICAL TEST ONLY,NO-GO,False,,,,,Medium,ROUTE_PROXY_UNVALIDATED|LOW_CURRENT_SAMPLE|LOW_PLAYER_SAMPLE,Medium,ROUTE_PROXY_UNVALIDATED|LOW_CURRENT_SAMPLE|LOW_PLAYER_SAMPLE,Medium,ROUTE_PROXY_UNVALIDATED|LOW_CURRENT_SAMPLE|LOW_PLAYER_SAMPLE,Medium,ROUTE_PROXY_UNVALIDATED|LOW_CURRENT_SAMPLE|LOW_PLAYER_SAMPLE,,
2025,1,,J.McKinnon,KC,,RB,1.0186421669053294,8.91990774469304,25.49556632769462,1.931485628879847,,,,True,True,False,70.15,66.67,,,,,35,55,52,60.85,GOOD_SIGNAL,1,1,0,6,Projection-led limited V1 signal from existing historical-test markets.,"Limited V1: opponent fit, game script, weather, recent form, and live role/injury context are not fully sourced.",,NEEDS DATA,NEEDS DATA,NEEDS DATA,DATA_NEEDS_LIVE_CONTEXT,HISTORICAL TEST ONLY,NO-GO,False,Medium,ROUTE_PROXY_UNVALIDATED|LOW_CURRENT_SAMPLE,Medium,ROUTE_PROXY_UNVALIDATED|LOW_CURRENT_SAMPLE,Medium,ROUTE_PROXY_UNVALIDATED|LOW_CURRENT_SAMPLE,Medium,ROUTE_PROXY_UNVALIDATED|LOW_CURRENT_SAMPLE,,,,,,
2025,1,,C.Evans,CIN,,RB,1.092741744841346,7.325889965610205,25.49421185677645,3.286807657509208,,,,True,True,False,69.78,66.67,,,,,35,55,52,60.68,GOOD_SIGNAL,1,1,0,6,Projection-led limited V1 signal from existing historical-test markets.,"Limited V1: opponent fit, game script, weather, recent form, and live role/injury context are not fully sourced.",,NEEDS DATA,NEEDS DATA,NEEDS DATA,DATA_NEEDS_LIVE_CONTEXT,HISTORICAL TEST ONLY,NO-GO,False,Medium,ROUTE_PROXY_UNVALIDATED|LOW_CURRENT_SAMPLE|LOW_PLAYER_SAMPLE,Medium,ROUTE_PROXY_UNVALIDATED|LOW_CURRENT_SAMPLE|LOW_PLAYER_SAMPLE|LOW_YARDAGE_SAMPLE,Medium,ROUTE_PROXY_UNVALIDATED|LOW_CURRENT_SAMPLE|LOW_PLAYER_SAMPLE|LOW_RUSH_SAMPLE,Medium,ROUTE_PROXY_UNVALIDATED|LOW_CURRENT_SAMPLE|LOW_PLAYER_SAMPLE|LOW_RUSH_SAMPLE|LOW_CARRY_SAMPLE,,,,,,
2025,1,,I.Guerendo,SF,,RB,1.799912449518096,16.30168100963712,25.451499037494028,2.073092854933573,,,,True,True,False,69.4,66.67,,,,,35,55,52,60.51,GOOD_SIGNAL,1,1,0,6,Projection-led limited V1 signal from existing historical-test markets.,"Limited V1: opponent fit, game script, weather, recent form, and live role/injury context are not fully sourced.",,NEEDS DATA,NEEDS DATA,NEEDS DATA,DATA_NEEDS_LIVE_CONTEXT,HISTORICAL TEST ONLY,NO-GO,False,Medium,ROUTE_PROXY_UNVALIDATED|LOW_CURRENT_SAMPLE,Medium,ROUTE_PROXY_UNVALIDATED|LOW_CURRENT_SAMPLE,Medium,ROUTE_PROXY_UNVALIDATED|LOW_CURRENT_SAMPLE,Medium,ROUTE_PROXY_UNVALIDATED|LOW_CURRENT_SAMPLE,,,,,,
2025,1,,D.Vaughn,DAL,,RB,0.8727191455376262,5.882320292048573,18.33556935745731,3.297073065952117,,,,True,True,False,69.26,66.67,,,,,35,55,52,60.45,GOOD_SIGNAL,1,1,0,6,Projection-led limited V1 signal from existing historical-test markets.,"Limited V1: opponent fit, game script, weather, recent form, and live role/injury context are not fully sourced.",,NEEDS DATA,NEEDS DATA,NEEDS DATA,DATA_NEEDS_LIVE_CONTEXT,HISTORICAL TEST ONLY,NO-GO,False,Medium,ROUTE_PROXY_UNVALIDATED|LOW_CURRENT_SAMPLE,Medium,ROUTE_PROXY_UNVALIDATED|LOW_CURRENT_SAMPLE,Medium,ROUTE_PROXY_UNVALIDATED|LOW_CURRENT_SAMPLE,Medium,ROUTE_PROXY_UNVALIDATED|LOW_CURRENT_SAMPLE,,,,,,
2025,1,,I.Spiller,LAC,,RB,0.9731750107645716,8.06081275662792,23.90827197912477,3.296871882855491,,,,True,True,False,68.85,66.67,,,,,35,55,52,60.27,GOOD_SIGNAL,1,1,0,6,Projection-led limited V1 signal from existing historical-test markets.,"Limited V1: opponent fit, game script, weather, recent form, and live role/injury context are not fully sourced.",,NEEDS DATA,NEEDS DATA,NEEDS DATA,DATA_NEEDS_LIVE_CONTEXT,HISTORICAL TEST ONLY,NO-GO,False,Medium,ROUTE_PROXY_UNVALIDATED|LOW_CURRENT_SAMPLE|LOW_PLAYER_SAMPLE,Medium,ROUTE_PROXY_UNVALIDATED|LOW_CURRENT_SAMPLE|LOW_PLAYER_SAMPLE|LOW_YARDAGE_SAMPLE,Medium,ROUTE_PROXY_UNVALIDATED|LOW_CURRENT_SAMPLE|LOW_PLAYER_SAMPLE,Medium,ROUTE_PROXY_UNVALIDATED|LOW_CURRENT_SAMPLE|LOW_PLAYER_SAMPLE,,,,,,
2025,1,,C.Edwards-Helaire,NO,,RB,1.0765471368219728,10.184879373748457,25.04518736165033,2.293338753500458,,,,True,True,False,68.66,66.67,,,,,35,55,52,60.18,GOOD_SIGNAL,1,1,0,6,Projection-led limited V1 signal from existing historical-test markets.,"Limited V1: opponent fit, game script, weather, recent form, and live role/injury context are not fully sourced.",,NEEDS DATA,NEEDS DATA,NEEDS DATA,DATA_NEEDS_LIVE_CONTEXT,HISTORICAL TEST ONLY,NO-GO,False,Medium,ROUTE_PROXY_UNVALIDATED|LOW_CURRENT_SAMPLE,Medium,ROUTE_PROXY_UNVALIDATED|LOW_CURRENT_SAMPLE,Medium,ROUTE_PROXY_UNVALIDATED|LOW_CURRENT_SAMPLE,Medium,ROUTE_PROXY_UNVALIDATED|LOW_CURRENT_SAMPLE,,,,,,
2025,1,,Z.Evans,LA,,RB,0.8102051642365893,6.228127438844215,24.9051965858644,2.239329758743105,,,,True,True,False,67.91,66.67,,,,,35,55,52,59.84,GOOD_SIGNAL,1,1,0,6,Projection-led limited V1 signal from existing historical-test markets.,"Limited V1: opponent fit, game script, weather, recent form, and live role/injury context are not fully sourced.",,NEEDS DATA,NEEDS DATA,NEEDS DATA,DATA_NEEDS_LIVE_CONTEXT,HISTORICAL TEST ONLY,NO-GO,False,Medium,ROUTE_PROXY_UNVALIDATED|LOW_CURRENT_SAMPLE|LOW_PLAYER_SAMPLE,Medium,ROUTE_PROXY_UNVALIDATED|LOW_CURRENT_SAMPLE|LOW_PLAYER_SAMPLE|LOW_YARDAGE_SAMPLE,Medium,ROUTE_PROXY_UNVALIDATED|LOW_CURRENT_SAMPLE|LOW_PLAYER_SAMPLE|LOW_RUSH_SAMPLE,Medium,ROUTE_PROXY_UNVALIDATED|LOW_CURRENT_SAMPLE|LOW_PLAYER_SAMPLE|LOW_RUSH_SAMPLE|LOW_CARRY_SAMPLE,,,,,,
2025,1,,D.Ozigbo,DET,,RB,1.0053015383872288,8.882450238352678,24.8793237054211,3.202201922523946,,,,True,True,False,67.54,66.67,,,,,35,55,52,59.68,GOOD_SIGNAL,1,1,0,6,Projection-led limited V1 signal from existing historical-test markets.,"Limited V1: opponent fit, game script, weather, recent form, and live role/injury context are not fully sourced.",,NEEDS DATA,NEEDS DATA,NEEDS DATA,DATA_NEEDS_LIVE_CONTEXT,HISTORICAL TEST ONLY,NO-GO,False,Medium,ROUTE_PROXY_UNVALIDATED|LOW_CURRENT_SAMPLE|LOW_PLAYER_SAMPLE,Medium,ROUTE_PROXY_UNVALIDATED|LOW_CURRENT_SAMPLE|LOW_PLAYER_SAMPLE|LOW_YARDAGE_SAMPLE,Medium,ROUTE_PROXY_UNVALIDATED|LOW_CURRENT_SAMPLE|LOW_PLAYER_SAMPLE|LOW_RUSH_SAMPLE,Medium,ROUTE_PROXY_UNVALIDATED|LOW_CURRENT_SAMPLE|LOW_PLAYER_SAMPLE|LOW_RUSH_SAMPLE|LOW_CARRY_SAMPLE,,,,,,
2025,1,,C.Rodriguez,WAS,,RB,1.0681437106474192,12.097505102628212,24.769785342407552,2.876969431893104,,,,True,True,False,67.16,66.67,,,,,35,55,52,59.51,GOOD_SIGNAL,1,1,0,6,Projection-led limited V1 signal from existing historical-test markets.,"Limited V1: opponent fit, game script, weather, recent form, and live role/injury context are not fully sourced.",,NEEDS DATA,NEEDS DATA,NEEDS DATA,DATA_NEEDS_LIVE_CONTEXT,HISTORICAL TEST ONLY,NO-GO,False,Medium,ROUTE_PROXY_UNVALIDATED|LOW_CURRENT_SAMPLE|LOW_PLAYER_SAMPLE,Medium,ROUTE_PROXY_UNVALIDATED|LOW_CURRENT_SAMPLE|LOW_PLAYER_SAMPLE|LOW_YARDAGE_SAMPLE,Medium,ROUTE_PROXY_UNVALIDATED|LOW_CURRENT_SAMPLE|LOW_PLAYER_SAMPLE,Medium,ROUTE_PROXY_UNVALIDATED|LOW_CURRENT_SAMPLE|LOW_PLAYER_SAMPLE,,,,,,
2025,1,,T.Badie,DEN,,RB,0.988648924923892,,24.721280935856765,2.954265228418224,,,,True,True,False,66.42,66.67,,,,,35,55,52,59.17,GOOD_SIGNAL,1,1,0,6,Projection-led limited V1 signal from existing historical-test markets.,"Limited V1: opponent fit, game script, weather, recent form, and live role/injury context are not fully sourced.",,NEEDS DATA,NEEDS DATA,NEEDS DATA,DATA_NEEDS_LIVE_CONTEXT,HISTORICAL TEST ONLY,NO-GO,False,Medium,ROUTE_PROXY_UNVALIDATED|LOW_CURRENT_SAMPLE|LOW_PLAYER_SAMPLE,,,Medium,ROUTE_PROXY_UNVALIDATED|LOW_CURRENT_SAMPLE|LOW_PLAYER_SAMPLE|LOW_RUSH_SAMPLE,Medium,ROUTE_PROXY_UNVALIDATED|LOW_CURRENT_SAMPLE|LOW_PLAYER_SAMPLE|LOW_RUSH_SAMPLE|LOW_CARRY_SAMPLE,,,,,,
2025,1,,T.Jennings,NE,,RB,0.2614073388448888,,22.59004653028277,3.11069679606735,,,,True,True,False,65.98,66.67,,,,,35,55,52,58.98,GOOD_SIGNAL,1,1,0,6,Projection-led limited V1 signal from existing historical-test markets.,"Limited V1: opponent fit, game script, weather, recent form, and live role/injury context are not fully sourced.",,NEEDS DATA,NEEDS DATA,NEEDS DATA,DATA_NEEDS_LIVE_CONTEXT,HISTORICAL TEST ONLY,NO-GO,False,Medium,ROUTE_PROXY_UNVALIDATED|LOW_CURRENT_SAMPLE|LOW_PLAYER_SAMPLE,,,Medium,ROUTE_PROXY_UNVALIDATED|LOW_CURRENT_SAMPLE|LOW_PLAYER_SAMPLE|LOW_RUSH_SAMPLE,Medium,ROUTE_PROXY_UNVALIDATED|LOW_CURRENT_SAMPLE|LOW_PLAYER_SAMPLE|LOW_RUSH_SAMPLE|LOW_CARRY_SAMPLE,,,,,,
2025,1,,I.Abanikanda,NYJ,,RB,1.1566351660052765,9.71085498999499,24.41441304424689,2.764301870983532,,,,True,True,False,65.67,66.67,,,,,35,55,52,58.84,GOOD_SIGNAL,1,1,0,6,Projection-led limited V1 signal from existing historical-test markets.,"Limited V1: opponent fit, game script, weather, recent form, and live role/injury context are not fully sourced.",,NEEDS DATA,NEEDS DATA,NEEDS DATA,DATA_NEEDS_LIVE_CONTEXT,HISTORICAL TEST ONLY,NO-GO,False,Medium,ROUTE_PROXY_UNVALIDATED|LOW_CURRENT_SAMPLE,Medium,ROUTE_PROXY_UNVALIDATED|LOW_CURRENT_SAMPLE|LOW_YARDAGE_SAMPLE,Medium,ROUTE_PROXY_UNVALIDATED|LOW_CURRENT_SAMPLE,Medium,ROUTE_PROXY_UNVALIDATED|LOW_CURRENT_SAMPLE,,,,,,
2025,1,,R.Johnson,CHI,,RB,1.1954956637884693,9.543487071643735,19.47158318330759,3.0970720170077373,,,,True,True,False,65.57,66.67,,,,,35,55,52,58.79,GOOD_SIGNAL,1,1,0,6,Projection-led limited V1 signal from existing historical-test markets.,"Limited V1: opponent fit, game script, weather, recent form, and live role/injury context are not fully sourced.",,NEEDS DATA,NEEDS DATA,NEEDS DATA,DATA_NEEDS_LIVE_CONTEXT,HISTORICAL TEST ONLY,NO-GO,False,Medium,ROUTE_PROXY_UNVALIDATED|LOW_CURRENT_SAMPLE,Medium,ROUTE_PROXY_UNVALIDATED|LOW_CURRENT_SAMPLE,Medium,ROUTE_PROXY_UNVALIDATED|LOW_CURRENT_SAMPLE,Medium,ROUTE_PROXY_UNVALIDATED|LOW_CURRENT_SAMPLE,,,,,,
2025,1,,B.Allen,NYJ,,RB,1.012372564096109,9.143966667611435,24.366260082823874,2.70498729060565,,,,True,True,False,65.3,66.67,,,,,35,55,52,58.67,GOOD_SIGNAL,1,1,0,6,Projection-led limited V1 signal from existing historical-test markets.,"Limited V1: opponent fit, game script, weather, recent form, and live role/injury context are not fully sourced.",,NEEDS DATA,NEEDS DATA,NEEDS DATA,DATA_NEEDS_LIVE_CONTEXT,HISTORICAL TEST ONLY,NO-GO,False,Medium,ROUTE_PROXY_UNVALIDATED|LOW_CURRENT_SAMPLE,Medium,ROUTE_PROXY_UNVALIDATED|LOW_CURRENT_SAMPLE,Medium,ROUTE_PROXY_UNVALIDATED|LOW_CURRENT_SAMPLE,Medium,ROUTE_PROXY_UNVALIDATED|LOW_CURRENT_SAMPLE,,,,,,
2025,1,,K.Miller,NO,,RB,0.9548752048218488,8.519303019516101,24.34244547733451,2.446318509181014,,,,True,True,False,64.93,66.67,,,,,35,55,52,58.5,GOOD_SIGNAL,1,1,0,6,Projection-led limited V1 signal from existing historical-test markets.,"Limited V1: opponent fit, game script, weather, recent form, and live role/injury context are not fully sourced.",,NEEDS DATA,NEEDS DATA,NEEDS DATA,DATA_NEEDS_LIVE_CONTEXT,HISTORICAL TEST ONLY,NO-GO,False,Medium,ROUTE_PROXY_UNVALIDATED|LOW_CURRENT_SAMPLE,Medium,ROUTE_PROXY_UNVALIDATED|LOW_CURRENT_SAMPLE,Medium,ROUTE_PROXY_UNVALIDATED|LOW_CURRENT_SAMPLE,Medium,ROUTE_PROXY_UNVALIDATED|LOW_CURRENT_SAMPLE,,,,,,
2025,1,,B.Purdy,SF,DET,QB,,,19.398240046640435,1.3986295214092797,14.847993243551516,10.977394403845588,,False,True,True,64.86,66.67,,,,,35,55,52,58.47,GOOD_SIGNAL,1,1,0,6,Projection-led limited V1 signal from existing historical-test markets.,"Limited V1: opponent fit, game script, weather, recent form, and live role/injury context are not fully sourced.",,NEEDS DATA,NEEDS DATA,NEEDS DATA,DATA_NEEDS_LIVE_CONTEXT,HISTORICAL TEST ONLY,NO-GO,False,,,,,Medium,ROUTE_PROXY_UNVALIDATED|LOW_CURRENT_SAMPLE|LOW_PLAYER_SAMPLE,Medium,ROUTE_PROXY_UNVALIDATED|LOW_CURRENT_SAMPLE|LOW_PLAYER_SAMPLE,Medium,ROUTE_PROXY_UNVALIDATED|LOW_CURRENT_SAMPLE|LOW_PLAYER_SAMPLE,Medium,ROUTE_PROXY_UNVALIDATED|LOW_CURRENT_SAMPLE|LOW_PLAYER_SAMPLE,,
2025,1,,B.Watson,DEN,,RB,0.8595959050311229,9.933353617898035,16.22501877995557,3.053954438692908,,,,True,True,False,64.75,66.67,,,,,35,55,52,58.42,GOOD_SIGNAL,1,1,0,6,Projection-led limited V1 signal from existing historical-test markets.,"Limited V1: opponent fit, game script, weather, recent form, and live role/injury context are not fully sourced.",,NEEDS DATA,NEEDS DATA,NEEDS DATA,DATA_NEEDS_LIVE_CONTEXT,HISTORICAL TEST ONLY,NO-GO,False,Medium,ROUTE_PROXY_UNVALIDATED|LOW_CURRENT_SAMPLE|LOW_PLAYER_SAMPLE,Medium,ROUTE_PROXY_UNVALIDATED|LOW_CURRENT_SAMPLE|LOW_PLAYER_SAMPLE|LOW_YARDAGE_SAMPLE,Medium,ROUTE_PROXY_UNVALIDATED|LOW_CURRENT_SAMPLE|LOW_PLAYER_SAMPLE|LOW_RUSH_SAMPLE,Medium,ROUTE_PROXY_UNVALIDATED|LOW_CURRENT_SAMPLE|LOW_PLAYER_SAMPLE|LOW_RUSH_SAMPLE|LOW_CARRY_SAMPLE,,,,,,
2025,1,,D.Maye,NE,BUF,QB,,,24.190254360013547,1.9961709403016616,,,,False,True,False,64.55,66.67,,,,,35,55,52,58.33,GOOD_SIGNAL,1,1,0,6,Projection-led limited V1 signal from existing historical-test markets.,"Limited V1: opponent fit, game script, weather, recent form, and live role/injury context are not fully sourced.",,NEEDS DATA,NEEDS DATA,NEEDS DATA,DATA_NEEDS_LIVE_CONTEXT,HISTORICAL TEST ONLY,NO-GO,False,,,,,Medium,ROUTE_PROXY_UNVALIDATED|LOW_CURRENT_SAMPLE|LOW_PLAYER_SAMPLE,Medium,ROUTE_PROXY_UNVALIDATED|LOW_CURRENT_SAMPLE|LOW_PLAYER_SAMPLE,,,,,,
2025,1,,J.Fields,PIT,BAL,QB,,,24.16200229737064,2.9127077909650083,10.869867110915155,,,False,True,True,64.18,66.67,,,,,35,55,52,58.17,GOOD_SIGNAL,1,1,0,6,Projection-led limited V1 signal from existing historical-test markets.,"Limited V1: opponent fit, game script, weather, recent form, and live role/injury context are not fully sourced.",,NEEDS DATA,NEEDS DATA,NEEDS DATA,DATA_NEEDS_LIVE_CONTEXT,HISTORICAL TEST ONLY,NO-GO,False,,,,,Medium,ROUTE_PROXY_UNVALIDATED|LOW_CURRENT_SAMPLE|LOW_PLAYER_SAMPLE,Medium,ROUTE_PROXY_UNVALIDATED|LOW_CURRENT_SAMPLE|LOW_PLAYER_SAMPLE,Medium,ROUTE_PROXY_UNVALIDATED|LOW_CURRENT_SAMPLE|LOW_PLAYER_SAMPLE,,,,
2025,1,,K.Gainwell,PHI,,RB,0.8732186872185582,6.634067998563273,21.86022955063981,3.01990877111344,,,,True,True,False,63.93,66.67,,,,,35,55,52,58.05,GOOD_SIGNAL,1,1,0,6,Projection-led limited V1 signal from existing historical-test markets.,"Limited V1: opponent fit, game script, weather, recent form, and live role/injury context are not fully sourced.",,NEEDS DATA,NEEDS DATA,NEEDS DATA,DATA_NEEDS_LIVE_CONTEXT,HISTORICAL TEST ONLY,NO-GO,False,Medium,ROUTE_PROXY_UNVALIDATED|LOW_CURRENT_SAMPLE,Medium,ROUTE_PROXY_UNVALIDATED|LOW_CURRENT_SAMPLE,Medium,ROUTE_PROXY_UNVALIDATED|LOW_CURRENT_SAMPLE,Medium,ROUTE_PROXY_UNVALIDATED|LOW_CURRENT_SAMPLE,,,,,,
2025,1,,T.Tagovailoa,MIA,SF,QB,,,7.31018625473594,1.1753983346591192,14.32380278730248,11.18951920621108,,False,True,True,63.64,66.67,,,,,35,55,52,57.92,WATCH,1,1,0,6,Projection-led limited V1 signal from existing historical-test markets.,"Limited V1: opponent fit, game script, weather, recent form, and live role/injury context are not fully sourced.",,NEEDS DATA,NEEDS DATA,NEEDS DATA,DATA_NEEDS_LIVE_CONTEXT,HISTORICAL TEST ONLY,NO-GO,False,,,,,Medium,ROUTE_PROXY_UNVALIDATED|LOW_CURRENT_SAMPLE|LOW_PLAYER_SAMPLE,Medium,ROUTE_PROXY_UNVALIDATED|LOW_CURRENT_SAMPLE|LOW_PLAYER_SAMPLE,Medium,ROUTE_PROXY_UNVALIDATED|LOW_CURRENT_SAMPLE|LOW_PLAYER_SAMPLE,Medium,ROUTE_PROXY_UNVALIDATED|LOW_CURRENT_SAMPLE|LOW_PLAYER_SAMPLE,,
2025,1,,Z.Knight,DET,,RB,0.9689403667807636,8.56117718238902,24.049883407994784,3.017610515461036,,,,True,True,False,63.52,66.67,,,,,35,55,52,57.87,WATCH,1,1,0,6,Projection-led limited V1 signal from existing historical-test markets.,"Limited V1: opponent fit, game script, weather, recent form, and live role/injury context are not fully sourced.",,NEEDS DATA,NEEDS DATA,NEEDS DATA,DATA_NEEDS_LIVE_CONTEXT,HISTORICAL TEST ONLY,NO-GO,False,Medium,ROUTE_PROXY_UNVALIDATED|LOW_CURRENT_SAMPLE|LOW_PLAYER_SAMPLE,Medium,ROUTE_PROXY_UNVALIDATED|LOW_CURRENT_SAMPLE|LOW_PLAYER_SAMPLE|LOW_YARDAGE_SAMPLE,Medium,ROUTE_PROXY_UNVALIDATED|LOW_CURRENT_SAMPLE|LOW_PLAYER_SAMPLE|LOW_RUSH_SAMPLE,Medium,ROUTE_PROXY_UNVALIDATED|LOW_CURRENT_SAMPLE|LOW_PLAYER_SAMPLE|LOW_RUSH_SAMPLE|LOW_CARRY_SAMPLE,,,,,,
2025,1,,T.Benson,ARI,,RB,1.0305334245186568,10.929187873812491,24.122427103419543,2.7944612196445635,,,,True,True,False,63.43,66.67,,,,,35,55,52,57.83,WATCH,1,1,0,6,Projection-led limited V1 signal from existing historical-test markets.,"Limited V1: opponent fit, game script, weather, recent form, and live role/injury context are not fully sourced.",,NEEDS DATA,NEEDS DATA,NEEDS DATA,DATA_NEEDS_LIVE_CONTEXT,HISTORICAL TEST ONLY,NO-GO,False,Medium,ROUTE_PROXY_UNVALIDATED|LOW_CURRENT_SAMPLE|LOW_PLAYER_SAMPLE,Medium,ROUTE_PROXY_UNVALIDATED|LOW_CURRENT_SAMPLE|LOW_PLAYER_SAMPLE|LOW_YARDAGE_SAMPLE,Medium,ROUTE_PROXY_UNVALIDATED|LOW_CURRENT_SAMPLE|LOW_PLAYER_SAMPLE,Medium,ROUTE_PROXY_UNVALIDATED|LOW_CURRENT_SAMPLE|LOW_PLAYER_SAMPLE,,,,,,
2025,1,,J.Williams,WAS,,RB,0.8218938225099323,7.130922147749489,17.140862693393238,2.998359561035329,,,,True,True,False,62.91,66.67,,,,,35,55,52,57.59,WATCH,1,1,0,6,Projection-led limited V1 signal from existing historical-test markets.,"Limited V1: opponent fit, game script, weather, recent form, and live role/injury context are not fully sourced.",,NEEDS DATA,NEEDS DATA,NEEDS DATA,DATA_NEEDS_LIVE_CONTEXT,HISTORICAL TEST ONLY,NO-GO,False,Medium,ROUTE_PROXY_UNVALIDATED|LOW_CURRENT_SAMPLE|LOW_PLAYER_SAMPLE,Medium,ROUTE_PROXY_UNVALIDATED|LOW_CURRENT_SAMPLE|LOW_PLAYER_SAMPLE|LOW_YARDAGE_SAMPLE,Medium,ROUTE_PROXY_UNVALIDATED|LOW_CURRENT_SAMPLE|LOW_PLAYER_SAMPLE|LOW_RUSH_SAMPLE,Medium,ROUTE_PROXY_UNVALIDATED|LOW_CURRENT_SAMPLE|LOW_PLAYER_SAMPLE|LOW_RUSH_SAMPLE|LOW_CARRY_SAMPLE,,,,,,
2025,1,,K.Herbert,CIN,,RB,1.5345406431260682,8.630321455491416,23.00205619579202,2.9864905179349592,,,,True,True,False,62.3,66.67,,,,,35,55,52,57.32,WATCH,1,1,0,6,Projection-led limited V1 signal from existing historical-test markets.,"Limited V1: opponent fit, game script, weather, recent form, and live role/injury context are not fully sourced.",,NEEDS DATA,NEEDS DATA,NEEDS DATA,DATA_NEEDS_LIVE_CONTEXT,HISTORICAL TEST ONLY,NO-GO,False,Medium,ROUTE_PROXY_UNVALIDATED|LOW_CURRENT_SAMPLE,Medium,ROUTE_PROXY_UNVALIDATED|LOW_CURRENT_SAMPLE,Medium,ROUTE_PROXY_UNVALIDATED|LOW_CURRENT_SAMPLE,Medium,ROUTE_PROXY_UNVALIDATED|LOW_CURRENT_SAMPLE,,,,,,
2025,1,,S.Rattler,NO,TB,QB,,,20.233930172587403,1.022869538583731,14.81676074619008,9.867107442191791,,False,True,True,62.16,66.67,,,,,35,55,52,57.26,WATCH,1,1,0,6,Projection-led limited V1 signal from existing historical-test markets.,"Limited V1: opponent fit, game script, weather, recent form, and live role/injury context are not fully sourced.",,NEEDS DATA,NEEDS DATA,NEEDS DATA,DATA_NEEDS_LIVE_CONTEXT,HISTORICAL TEST ONLY,NO-GO,False,,,,,Medium,ROUTE_PROXY_UNVALIDATED|LOW_CURRENT_SAMPLE|LOW_PLAYER_SAMPLE|LOW_RUSH_SAMPLE,Medium,ROUTE_PROXY_UNVALIDATED|LOW_CURRENT_SAMPLE|LOW_PLAYER_SAMPLE|LOW_RUSH_SAMPLE|LOW_CARRY_SAMPLE,Medium,ROUTE_PROXY_UNVALIDATED|LOW_CURRENT_SAMPLE|LOW_PLAYER_SAMPLE,Medium,ROUTE_PROXY_UNVALIDATED|LOW_CURRENT_SAMPLE|LOW_PLAYER_SAMPLE,,
2025,1,,J.Wright,MIA,,RB,0.8094715086420392,,23.93879393056455,2.961455373804364,,,,True,True,False,61.89,66.67,,,,,35,55,52,57.13,WATCH,1,1,0,6,Projection-led limited V1 signal from existing historical-test markets.,"Limited V1: opponent fit, game script, weather, recent form, and live role/injury context are not fully sourced.",,NEEDS DATA,NEEDS DATA,NEEDS DATA,DATA_NEEDS_LIVE_CONTEXT,HISTORICAL TEST ONLY,NO-GO,False,Medium,ROUTE_PROXY_UNVALIDATED|LOW_CURRENT_SAMPLE|LOW_PLAYER_SAMPLE,,,Medium,ROUTE_PROXY_UNVALIDATED|LOW_CURRENT_SAMPLE|LOW_PLAYER_SAMPLE,Medium,ROUTE_PROXY_UNVALIDATED|LOW_CURRENT_SAMPLE|LOW_PLAYER_SAMPLE,,,,,,
2025,1,,J.Kibodi,CLE,,RB,0.9142808915556312,13.33217419059791,23.96115195654426,2.1362139531614592,,,,True,True,False,61.57,66.67,,,,,35,55,52,56.99,WATCH,1,1,0,6,Projection-led limited V1 signal from existing historical-test markets.,"Limited V1: opponent fit, game script, weather, recent form, and live role/injury context are not fully sourced.",,NEEDS DATA,NEEDS DATA,NEEDS DATA,DATA_NEEDS_LIVE_CONTEXT,HISTORICAL TEST ONLY,NO-GO,False,Medium,ROUTE_PROXY_UNVALIDATED|LOW_CURRENT_SAMPLE|LOW_PLAYER_SAMPLE,Medium,ROUTE_PROXY_UNVALIDATED|LOW_CURRENT_SAMPLE|LOW_PLAYER_SAMPLE|LOW_YARDAGE_SAMPLE,Medium,ROUTE_PROXY_UNVALIDATED|LOW_CURRENT_SAMPLE|LOW_PLAYER_SAMPLE|LOW_RUSH_SAMPLE,Medium,ROUTE_PROXY_UNVALIDATED|LOW_CURRENT_SAMPLE|LOW_PLAYER_SAMPLE|LOW_RUSH_SAMPLE|LOW_CARRY_SAMPLE,,,,,,
2025,1,,A.Abdullah,LV,,RB,1.9972331636907392,13.49973221372938,23.28796857473809,2.1601901368644505,,,,True,True,False,61.56,66.67,,,,,35,55,52,56.99,WATCH,1,1,0,6,Projection-led limited V1 signal from existing historical-test markets.,"Limited V1: opponent fit, game script, weather, recent form, and live role/injury context are not fully sourced.",,NEEDS DATA,NEEDS DATA,NEEDS DATA,DATA_NEEDS_LIVE_CONTEXT,HISTORICAL TEST ONLY,NO-GO,False,Medium,ROUTE_PROXY_UNVALIDATED|LOW_CURRENT_SAMPLE,Medium,ROUTE_PROXY_UNVALIDATED|LOW_CURRENT_SAMPLE,Medium,ROUTE_PROXY_UNVALIDATED|LOW_CURRENT_SAMPLE,Medium,ROUTE_PROXY_UNVALIDATED|LOW_CURRENT_SAMPLE,,,,,,
2025,1,,D.Jackson,NYG,,RB,1.1419066908181223,8.683162595920242,23.95718514066882,2.892985080276197,,,,True,True,False,61.19,66.67,,,,,35,55,52,56.82,WATCH,1,1,0,6,Projection-led limited V1 signal from existing historical-test markets.,"Limited V1: opponent fit, game script, weather, recent form, and live role/injury context are not fully sourced.",,NEEDS DATA,NEEDS DATA,NEEDS DATA,DATA_NEEDS_LIVE_CONTEXT,HISTORICAL TEST ONLY,NO-GO,False,Medium,ROUTE_PROXY_UNVALIDATED|LOW_CURRENT_SAMPLE|LOW_PLAYER_SAMPLE,Medium,ROUTE_PROXY_UNVALIDATED|LOW_CURRENT_SAMPLE|LOW_PLAYER_SAMPLE|LOW_YARDAGE_SAMPLE,Medium,ROUTE_PROXY_UNVALIDATED|LOW_CURRENT_SAMPLE|LOW_PLAYER_SAMPLE|LOW_RUSH_SAMPLE,Medium,ROUTE_PROXY_UNVALIDATED|LOW_CURRENT_SAMPLE|LOW_PLAYER_SAMPLE|LOW_RUSH_SAMPLE|LOW_CARRY_SAMPLE,,,,,,
2025,1,,K.Vidal,LAC,,RB,0.8006725385354857,10.07320334347444,22.33033954050072,2.920849679786484,,,,True,True,False,60.25,66.67,,,,,35,55,52,56.4,WATCH,1,1,0,6,Projection-led limited V1 signal from existing historical-test markets.,"Limited V1: opponent fit, game script, weather, recent form, and live role/injury context are not fully sourced.",,NEEDS DATA,NEEDS DATA,NEEDS DATA,DATA_NEEDS_LIVE_CONTEXT,HISTORICAL TEST ONLY,NO-GO,False,Medium,ROUTE_PROXY_UNVALIDATED|LOW_CURRENT_SAMPLE|LOW_PLAYER_SAMPLE,Medium,ROUTE_PROXY_UNVALIDATED|LOW_CURRENT_SAMPLE|LOW_PLAYER_SAMPLE|LOW_YARDAGE_SAMPLE,Medium,ROUTE_PROXY_UNVALIDATED|LOW_CURRENT_SAMPLE|LOW_PLAYER_SAMPLE,Medium,ROUTE_PROXY_UNVALIDATED|LOW_CURRENT_SAMPLE|LOW_PLAYER_SAMPLE,,,,,,
2025,1,,M.Breida,NYG,,RB,0.967942398303516,7.90509946776309,23.747281537146144,2.5717700374178967,,,,True,True,False,59.7,66.67,,,,,35,55,52,56.15,WATCH,1,1,0,6,Projection-led limited V1 signal from existing historical-test markets.,"Limited V1: opponent fit, game script, weather, recent form, and live role/injury context are not fully sourced.",,NEEDS DATA,NEEDS DATA,NEEDS DATA,DATA_NEEDS_LIVE_CONTEXT,HISTORICAL TEST ONLY,NO-GO,False,Medium,ROUTE_PROXY_UNVALIDATED|LOW_CURRENT_SAMPLE,Medium,ROUTE_PROXY_UNVALIDATED|LOW_CURRENT_SAMPLE,Medium,ROUTE_PROXY_UNVALIDATED|LOW_CURRENT_SAMPLE,Medium,ROUTE_PROXY_UNVALIDATED|LOW_CURRENT_SAMPLE,,,,,,
2025,1,,J.Robinson,GB,,RB,0.8799521187477743,5.690920051329021,23.49675132777984,2.860783665730158,,,,True,True,False,59.33,66.67,,,,,35,55,52,55.98,WATCH,1,1,0,6,Projection-led limited V1 signal from existing historical-test markets.,"Limited V1: opponent fit, game script, weather, recent form, and live role/injury context are not fully sourced.",,NEEDS DATA,NEEDS DATA,NEEDS DATA,DATA_NEEDS_LIVE_CONTEXT,HISTORICAL TEST ONLY,NO-GO,False,Medium,ROUTE_PROXY_UNVALIDATED|LOW_CURRENT_SAMPLE|LOW_PLAYER_SAMPLE,Medium,ROUTE_PROXY_UNVALIDATED|LOW_CURRENT_SAMPLE|LOW_PLAYER_SAMPLE|LOW_YARDAGE_SAMPLE,Medium,ROUTE_PROXY_UNVALIDATED|LOW_CURRENT_SAMPLE|LOW_PLAYER_SAMPLE|LOW_RUSH_SAMPLE,Medium,ROUTE_PROXY_UNVALIDATED|LOW_CURRENT_SAMPLE|LOW_PLAYER_SAMPLE|LOW_RUSH_SAMPLE|LOW_CARRY_SAMPLE,,,,,,
2025,1,,S.Tucker,TB,,RB,0.8292415776651739,9.976469341255374,23.25204146210809,2.9013651885390126,,,,True,True,False,58.61,66.67,,,,,35,55,52,55.66,WATCH,1,1,0,6,Projection-led limited V1 signal from existing historical-test markets.,"Limited V1: opponent fit, game script, weather, recent form, and live role/injury context are not fully sourced.",,NEEDS DATA,NEEDS DATA,NEEDS DATA,DATA_NEEDS_LIVE_CONTEXT,HISTORICAL TEST ONLY,NO-GO,False,Medium,ROUTE_PROXY_UNVALIDATED|LOW_CURRENT_SAMPLE,Medium,ROUTE_PROXY_UNVALIDATED|LOW_CURRENT_SAMPLE,Medium,ROUTE_PROXY_UNVALIDATED|LOW_CURRENT_SAMPLE,Medium,ROUTE_PROXY_UNVALIDATED|LOW_CURRENT_SAMPLE,,,,,,
2025,1,,T.Davis-Price,PHI,,RB,0.5488486596441412,,14.868617671389597,2.8979333526677347,,,,True,True,False,58.2,66.67,,,,,35,55,52,55.47,WATCH,1,1,0,6,Projection-led limited V1 signal from existing historical-test markets.,"Limited V1: opponent fit, game script, weather, recent form, and live role/injury context are not fully sourced.",,NEEDS DATA,NEEDS DATA,NEEDS DATA,DATA_NEEDS_LIVE_CONTEXT,HISTORICAL TEST ONLY,NO-GO,False,Medium,ROUTE_PROXY_UNVALIDATED|LOW_CURRENT_SAMPLE|LOW_PLAYER_SAMPLE,,,Medium,ROUTE_PROXY_UNVALIDATED|LOW_CURRENT_SAMPLE|LOW_PLAYER_SAMPLE|LOW_RUSH_SAMPLE,Medium,ROUTE_PROXY_UNVALIDATED|LOW_CURRENT_SAMPLE|LOW_PLAYER_SAMPLE|LOW_RUSH_SAMPLE|LOW_CARRY_SAMPLE,,,,,,
2025,1,,P.Taylor,SF,,RB,0.7939365678372686,6.140242467959303,23.133571450042844,1.9928072117561808,,,,True,True,False,57.46,66.67,,,,,35,55,52,55.14,WATCH,1,1,0,6,Projection-led limited V1 signal from existing historical-test markets.,"Limited V1: opponent fit, game script, weather, recent form, and live role/injury context are not fully sourced.",,NEEDS DATA,NEEDS DATA,NEEDS DATA,DATA_NEEDS_LIVE_CONTEXT,HISTORICAL TEST ONLY,NO-GO,False,Medium,ROUTE_PROXY_UNVALIDATED|LOW_CURRENT_SAMPLE,Medium,ROUTE_PROXY_UNVALIDATED|LOW_CURRENT_SAMPLE,Medium,ROUTE_PROXY_UNVALIDATED|LOW_CURRENT_SAMPLE,Medium,ROUTE_PROXY_UNVALIDATED|LOW_CURRENT_SAMPLE,,,,,,
2025,1,,R.Ali,BAL,,RB,0.2147574535322947,,12.248393042508372,2.891235520038644,,,,True,True,False,57.38,66.67,,,,,35,55,52,55.1,WATCH,1,1,0,6,Projection-led limited V1 signal from existing historical-test markets.,"Limited V1: opponent fit, game script, weather, recent form, and live role/injury context are not fully sourced.",,NEEDS DATA,NEEDS DATA,NEEDS DATA,DATA_NEEDS_LIVE_CONTEXT,HISTORICAL TEST ONLY,NO-GO,False,Medium,ROUTE_PROXY_UNVALIDATED|LOW_CURRENT_SAMPLE|LOW_PLAYER_SAMPLE,,,Medium,ROUTE_PROXY_UNVALIDATED|LOW_CURRENT_SAMPLE|LOW_PLAYER_SAMPLE|LOW_RUSH_SAMPLE,Medium,ROUTE_PROXY_UNVALIDATED|LOW_CURRENT_SAMPLE|LOW_PLAYER_SAMPLE|LOW_RUSH_SAMPLE|LOW_CARRY_SAMPLE,,,,,,
2025,1,,B.Young,CAR,ATL,QB,,,17.66074956763342,1.8308151484556103,14.059887484278777,9.76397692493441,,False,True,True,56.76,66.67,,,,,35,55,52,54.83,WATCH,1,1,0,6,Projection-led limited V1 signal from existing historical-test markets.,"Limited V1: opponent fit, game script, weather, recent form, and live role/injury context are not fully sourced.",,NEEDS DATA,NEEDS DATA,NEEDS DATA,DATA_NEEDS_LIVE_CONTEXT,HISTORICAL TEST ONLY,NO-GO,False,,,,,Medium,ROUTE_PROXY_UNVALIDATED|LOW_CURRENT_SAMPLE|LOW_PLAYER_SAMPLE,Medium,ROUTE_PROXY_UNVALIDATED|LOW_CURRENT_SAMPLE|LOW_PLAYER_SAMPLE,Medium,ROUTE_PROXY_UNVALIDATED|LOW_CURRENT_SAMPLE|LOW_PLAYER_SAMPLE,Medium,ROUTE_PROXY_UNVALIDATED|LOW_CURRENT_SAMPLE|LOW_PLAYER_SAMPLE,,
2025,1,,J.Taylor,HOU,,RB,0.8019092268457043,,20.350932676095702,2.869153939551892,,,,True,True,False,56.56,66.67,,,,,35,55,52,54.74,WATCH,1,1,0,6,Projection-led limited V1 signal from existing historical-test markets.,"Limited V1: opponent fit, game script, weather, recent form, and live role/injury context are not fully sourced.",,NEEDS DATA,NEEDS DATA,NEEDS DATA,DATA_NEEDS_LIVE_CONTEXT,HISTORICAL TEST ONLY,NO-GO,False,Medium,ROUTE_PROXY_UNVALIDATED|LOW_CURRENT_SAMPLE|LOW_PLAYER_SAMPLE,,,Medium,ROUTE_PROXY_UNVALIDATED|LOW_CURRENT_SAMPLE|LOW_PLAYER_SAMPLE|LOW_RUSH_SAMPLE,Medium,ROUTE_PROXY_UNVALIDATED|LOW_CURRENT_SAMPLE|LOW_PLAYER_SAMPLE|LOW_RUSH_SAMPLE|LOW_CARRY_SAMPLE,,,,,,
2025,1,,N.Bawden,NYJ,,RB,0.983999219012452,8.461190620688685,22.84464172905252,2.6422590410684146,,,,True,True,False,56.34,66.67,,,,,35,55,52,54.64,WATCH,1,1,0,6,Projection-led limited V1 signal from existing historical-test markets.,"Limited V1: opponent fit, game script, weather, recent form, and live role/injury context are not fully sourced.",,NEEDS DATA,NEEDS DATA,NEEDS DATA,DATA_NEEDS_LIVE_CONTEXT,HISTORICAL TEST ONLY,NO-GO,False,Medium,ROUTE_PROXY_UNVALIDATED|LOW_CURRENT_SAMPLE|LOW_PLAYER_SAMPLE,Medium,ROUTE_PROXY_UNVALIDATED|LOW_CURRENT_SAMPLE|LOW_PLAYER_SAMPLE|LOW_YARDAGE_SAMPLE,Medium,ROUTE_PROXY_UNVALIDATED|LOW_CURRENT_SAMPLE|LOW_PLAYER_SAMPLE|LOW_RUSH_SAMPLE,Medium,ROUTE_PROXY_UNVALIDATED|LOW_CURRENT_SAMPLE|LOW_PLAYER_SAMPLE|LOW_RUSH_SAMPLE|LOW_CARRY_SAMPLE,,,,,,
2025,1,,T.Huntley,MIA,NYJ,QB,,,22.771963990476163,2.4922853296668506,,,,False,True,False,55.97,66.67,,,,,35,55,52,54.47,WATCH,1,1,0,6,Projection-led limited V1 signal from existing historical-test markets.,"Limited V1: opponent fit, game script, weather, recent form, and live role/injury context are not fully sourced.",,NEEDS DATA,NEEDS DATA,NEEDS DATA,DATA_NEEDS_LIVE_CONTEXT,HISTORICAL TEST ONLY,NO-GO,False,,,,,Medium,ROUTE_PROXY_UNVALIDATED|LOW_CURRENT_SAMPLE|LOW_PLAYER_SAMPLE,Medium,ROUTE_PROXY_UNVALIDATED|LOW_CURRENT_SAMPLE|LOW_PLAYER_SAMPLE,,,,,,
2025,1,,K.Drake,GB,,RB,0.9150208146823804,9.7100489888966,20.31880701058654,2.860783665730158,,,,True,True,False,55.53,66.67,,,,,35,55,52,54.27,WATCH,1,1,0,6,Projection-led limited V1 signal from existing historical-test markets.,"Limited V1: opponent fit, game script, weather, recent form, and live role/injury context are not fully sourced.",,NEEDS DATA,NEEDS DATA,NEEDS DATA,DATA_NEEDS_LIVE_CONTEXT,HISTORICAL TEST ONLY,NO-GO,False,Medium,ROUTE_PROXY_UNVALIDATED|LOW_CURRENT_SAMPLE|LOW_PLAYER_SAMPLE,Medium,ROUTE_PROXY_UNVALIDATED|LOW_CURRENT_SAMPLE|LOW_PLAYER_SAMPLE|LOW_YARDAGE_SAMPLE,Medium,ROUTE_PROXY_UNVALIDATED|LOW_CURRENT_SAMPLE|LOW_PLAYER_SAMPLE|LOW_RUSH_SAMPLE,Medium,ROUTE_PROXY_UNVALIDATED|LOW_CURRENT_SAMPLE|LOW_PLAYER_SAMPLE|LOW_RUSH_SAMPLE|LOW_CARRY_SAMPLE,,,,,,
2025,1,,T.Chandler,MIN,,RB,0.9935236176076754,8.474574207961798,20.3972738103567,2.860224115544069,,,,True,True,False,54.92,66.67,,,,,35,55,52,54.0,WATCH,1,1,0,6,Projection-led limited V1 signal from existing historical-test markets.,"Limited V1: opponent fit, game script, weather, recent form, and live role/injury context are not fully sourced.",,NEEDS DATA,NEEDS DATA,NEEDS DATA,DATA_NEEDS_LIVE_CONTEXT,HISTORICAL TEST ONLY,NO-GO,False,Medium,ROUTE_PROXY_UNVALIDATED|LOW_CURRENT_SAMPLE,Medium,ROUTE_PROXY_UNVALIDATED|LOW_CURRENT_SAMPLE,Medium,ROUTE_PROXY_UNVALIDATED|LOW_CURRENT_SAMPLE,Medium,ROUTE_PROXY_UNVALIDATED|LOW_CURRENT_SAMPLE,,,,,,
2025,1,,D.Carr,NO,NYG,QB,,,8.421699349008595,,13.353814395679498,10.037986131193662,,False,True,True,54.55,66.67,,,,,35,55,52,53.83,WATCH,1,1,0,6,Projection-led limited V1 signal from existing historical-test markets.,"Limited V1: opponent fit, game script, weather, recent form, and live role/injury context are not fully sourced.",,NEEDS DATA,NEEDS DATA,NEEDS DATA,DATA_NEEDS_LIVE_CONTEXT,HISTORICAL TEST ONLY,NO-GO,False,,,,,Medium,ROUTE_PROXY_UNVALIDATED|LOW_CURRENT_SAMPLE|LOW_PLAYER_SAMPLE,,,Medium,ROUTE_PROXY_UNVALIDATED|LOW_CURRENT_SAMPLE|LOW_PLAYER_SAMPLE,Medium,ROUTE_PROXY_UNVALIDATED|LOW_CURRENT_SAMPLE|LOW_PLAYER_SAMPLE,,
2025,1,,Ty.Johnson,BUF,,RB,0.98066066675096,13.581566084833335,21.363098249793584,2.8544668518790752,,,,True,True,False,54.51,66.67,,,,,35,55,52,53.81,WATCH,1,1,0,6,Projection-led limited V1 signal from existing historical-test markets.,"Limited V1: opponent fit, game script, weather, recent form, and live role/injury context are not fully sourced.",,NEEDS DATA,NEEDS DATA,NEEDS DATA,DATA_NEEDS_LIVE_CONTEXT,HISTORICAL TEST ONLY,NO-GO,False,Medium,ROUTE_PROXY_UNVALIDATED|LOW_CURRENT_SAMPLE,Medium,ROUTE_PROXY_UNVALIDATED|LOW_CURRENT_SAMPLE,Medium,ROUTE_PROXY_UNVALIDATED|LOW_CURRENT_SAMPLE,Medium,ROUTE_PROXY_UNVALIDATED|LOW_CURRENT_SAMPLE,,,,,,
2025,1,,C.Brooks,GB,,RB,0.995940329684784,7.623784544501433,21.908000985538973,2.0378440994897176,,,,True,True,False,54.48,66.67,,,,,35,55,52,53.8,WATCH,1,1,0,6,Projection-led limited V1 signal from existing historical-test markets.,"Limited V1: opponent fit, game script, weather, recent form, and live role/injury context are not fully sourced.",,NEEDS DATA,NEEDS DATA,NEEDS DATA,DATA_NEEDS_LIVE_CONTEXT,HISTORICAL TEST ONLY,NO-GO,False,Medium,ROUTE_PROXY_UNVALIDATED|LOW_CURRENT_SAMPLE,Medium,ROUTE_PROXY_UNVALIDATED|LOW_CURRENT_SAMPLE,Medium,ROUTE_PROXY_UNVALIDATED|LOW_CURRENT_SAMPLE,Medium,ROUTE_PROXY_UNVALIDATED|LOW_CURRENT_SAMPLE,,,,,,
2025,1,,D.Johnson,JAX,,RB,1.0350512890539445,10.185067265443088,17.099809544934644,2.832782325405085,,,,True,True,False,54.1,66.67,,,,,35,55,52,53.63,WATCH,1,1,0,6,Projection-led limited V1 signal from existing historical-test markets.,"Limited V1: opponent fit, game script, weather, recent form, and live role/injury context are not fully sourced.",,NEEDS DATA,NEEDS DATA,NEEDS DATA,DATA_NEEDS_LIVE_CONTEXT,HISTORICAL TEST ONLY,NO-GO,False,Medium,ROUTE_PROXY_UNVALIDATED|LOW_CURRENT_SAMPLE,Medium,ROUTE_PROXY_UNVALIDATED|LOW_CURRENT_SAMPLE,Medium,ROUTE_PROXY_UNVALIDATED|LOW_CURRENT_SAMPLE,Medium,ROUTE_PROXY_UNVALIDATED|LOW_CURRENT_SAMPLE,,,,,,
2025,1,,D.Prescott,DAL,ATL,QB,,,10.687002806169644,1.908860406534697,13.471733537332227,9.930531539571858,,False,True,True,54.05,66.67,,,,,35,55,52,53.61,WATCH,1,1,0,6,Projection-led limited V1 signal from existing historical-test markets.,"Limited V1: opponent fit, game script, weather, recent form, and live role/injury context are not fully sourced.",,NEEDS DATA,NEEDS DATA,NEEDS DATA,DATA_NEEDS_LIVE_CONTEXT,HISTORICAL TEST ONLY,NO-GO,False,,,,,Medium,ROUTE_PROXY_UNVALIDATED|LOW_CURRENT_SAMPLE|LOW_PLAYER_SAMPLE,Medium,ROUTE_PROXY_UNVALIDATED|LOW_CURRENT_SAMPLE|LOW_PLAYER_SAMPLE,Medium,ROUTE_PROXY_UNVALIDATED|LOW_CURRENT_SAMPLE|LOW_PLAYER_SAMPLE,Medium,ROUTE_PROXY_UNVALIDATED|LOW_CURRENT_SAMPLE|LOW_PLAYER_SAMPLE,,
2025,1,,K.McIntosh,SEA,,RB,0.8184941510665459,7.105449798751712,21.75682534578186,2.437214482303657,,,,True,True,False,53.36,66.67,,,,,35,55,52,53.3,WATCH,1,1,0,6,Projection-led limited V1 signal from existing historical-test markets.,"Limited V1: opponent fit, game script, weather, recent form, and live role/injury context are not fully sourced.",,NEEDS DATA,NEEDS DATA,NEEDS DATA,DATA_NEEDS_LIVE_CONTEXT,HISTORICAL TEST ONLY,NO-GO,False,Medium,ROUTE_PROXY_UNVALIDATED|LOW_CURRENT_SAMPLE|LOW_PLAYER_SAMPLE,Medium,ROUTE_PROXY_UNVALIDATED|LOW_CURRENT_SAMPLE|LOW_PLAYER_SAMPLE|LOW_YARDAGE_SAMPLE,Medium,ROUTE_PROXY_UNVALIDATED|LOW_CURRENT_SAMPLE|LOW_PLAYER_SAMPLE,Medium,ROUTE_PROXY_UNVALIDATED|LOW_CURRENT_SAMPLE|LOW_PLAYER_SAMPLE,,,,,,
2025,1,,M.Lloyd,GB,,RB,1.2734421549338215,6.807524870892865,21.17324061493524,2.799278079411242,,,,True,True,False,53.28,66.67,,,,,35,55,52,53.26,WATCH,1,1,0,6,Projection-led limited V1 signal from existing historical-test markets.,"Limited V1: opponent fit, game script, weather, recent form, and live role/injury context are not fully sourced.",,NEEDS DATA,NEEDS DATA,NEEDS DATA,DATA_NEEDS_LIVE_CONTEXT,HISTORICAL TEST ONLY,NO-GO,False,Medium,ROUTE_PROXY_UNVALIDATED|LOW_CURRENT_SAMPLE|LOW_PLAYER_SAMPLE,Medium,ROUTE_PROXY_UNVALIDATED|LOW_CURRENT_SAMPLE|LOW_PLAYER_SAMPLE|LOW_YARDAGE_SAMPLE,Medium,ROUTE_PROXY_UNVALIDATED|LOW_CURRENT_SAMPLE|LOW_PLAYER_SAMPLE|LOW_RUSH_SAMPLE,Medium,ROUTE_PROXY_UNVALIDATED|LOW_CURRENT_SAMPLE|LOW_PLAYER_SAMPLE|LOW_RUSH_SAMPLE|LOW_CARRY_SAMPLE,,,,,,
2025,1,,J.Corbin,NYG,,RB,0.97591240321105,7.698277466483466,21.299768602797684,2.250554994559596,,,,True,True,False,52.61,66.67,,,,,35,55,52,52.96,WATCH,1,1,0,6,Projection-led limited V1 signal from existing historical-test markets.,"Limited V1: opponent fit, game script, weather, recent form, and live role/injury context are not fully sourced.",,NEEDS DATA,NEEDS DATA,NEEDS DATA,DATA_NEEDS_LIVE_CONTEXT,HISTORICAL TEST ONLY,NO-GO,False,Medium,ROUTE_PROXY_UNVALIDATED|LOW_CURRENT_SAMPLE|LOW_PLAYER_SAMPLE,Medium,ROUTE_PROXY_UNVALIDATED|LOW_CURRENT_SAMPLE|LOW_PLAYER_SAMPLE|LOW_YARDAGE_SAMPLE,Medium,ROUTE_PROXY_UNVALIDATED|LOW_CURRENT_SAMPLE|LOW_PLAYER_SAMPLE|LOW_RUSH_SAMPLE,Medium,ROUTE_PROXY_UNVALIDATED|LOW_CURRENT_SAMPLE|LOW_PLAYER_SAMPLE|LOW_RUSH_SAMPLE|LOW_CARRY_SAMPLE,,,,,,
2025,1,,T.Goodson,IND,,RB,0.8677411603847778,5.623992597684315,18.170682033271607,2.7906962831976894,,,,True,True,False,52.05,66.67,,,,,35,55,52,52.71,WATCH,1,1,0,6,Projection-led limited V1 signal from existing historical-test markets.,"Limited V1: opponent fit, game script, weather, recent form, and live role/injury context are not fully sourced.",,NEEDS DATA,NEEDS DATA,NEEDS DATA,DATA_NEEDS_LIVE_CONTEXT,HISTORICAL TEST ONLY,NO-GO,False,Medium,ROUTE_PROXY_UNVALIDATED|LOW_CURRENT_SAMPLE,Medium,ROUTE_PROXY_UNVALIDATED|LOW_CURRENT_SAMPLE,Medium,ROUTE_PROXY_UNVALIDATED|LOW_CURRENT_SAMPLE,Medium,ROUTE_PROXY_UNVALIDATED|LOW_CURRENT_SAMPLE,,,,,,
2025,1,,D.Watson,CLE,CIN,QB,,,20.941822003259,1.577615040662009,,,,False,True,False,51.87,66.67,,,,,35,55,52,52.63,WATCH,1,1,0,6,Projection-led limited V1 signal from existing historical-test markets.,"Limited V1: opponent fit, game script, weather, recent form, and live role/injury context are not fully sourced.",,NEEDS DATA,NEEDS DATA,NEEDS DATA,DATA_NEEDS_LIVE_CONTEXT,HISTORICAL TEST ONLY,NO-GO,False,,,,,Medium,ROUTE_PROXY_UNVALIDATED|LOW_CURRENT_SAMPLE|LOW_PLAYER_SAMPLE,Medium,ROUTE_PROXY_UNVALIDATED|LOW_CURRENT_SAMPLE|LOW_PLAYER_SAMPLE,,,,,,
2025,1,,P.Mahomes,KC,PHI,QB,,,20.85702390901992,1.2926552505246818,11.80257072882438,8.822507129619352,,False,True,True,51.49,66.67,,,,,35,55,52,52.45,WATCH,1,1,0,6,Projection-led limited V1 signal from existing historical-test markets.,"Limited V1: opponent fit, game script, weather, recent form, and live role/injury context are not fully sourced.",,NEEDS DATA,NEEDS DATA,NEEDS DATA,DATA_NEEDS_LIVE_CONTEXT,HISTORICAL TEST ONLY,NO-GO,False,,,,,Medium,ROUTE_PROXY_UNVALIDATED|LOW_CURRENT_SAMPLE|LOW_PLAYER_SAMPLE,Medium,ROUTE_PROXY_UNVALIDATED|LOW_CURRENT_SAMPLE|LOW_PLAYER_SAMPLE,Medium,ROUTE_PROXY_UNVALIDATED|LOW_CURRENT_SAMPLE|LOW_PLAYER_SAMPLE,Medium,ROUTE_PROXY_UNVALIDATED|LOW_CURRENT_SAMPLE|LOW_PLAYER_SAMPLE,,
2025,1,,A.Dalton,CAR,WAS,QB,,,8.208588031559815,1.3191717567643322,13.390293066698677,9.796489570291108,,False,True,True,51.35,66.67,,,,,35,55,52,52.39,WATCH,1,1,0,6,Projection-led limited V1 signal from existing historical-test markets.,"Limited V1: opponent fit, game script, weather, recent form, and live role/injury context are not fully sourced.",,NEEDS DATA,NEEDS DATA,NEEDS DATA,DATA_NEEDS_LIVE_CONTEXT,HISTORICAL TEST ONLY,NO-GO,False,,,,,Medium,ROUTE_PROXY_UNVALIDATED|LOW_CURRENT_SAMPLE|LOW_PLAYER_SAMPLE|LOW_RUSH_SAMPLE,Medium,ROUTE_PROXY_UNVALIDATED|LOW_CURRENT_SAMPLE|LOW_PLAYER_SAMPLE|LOW_RUSH_SAMPLE|LOW_CARRY_SAMPLE,Medium,ROUTE_PROXY_UNVALIDATED|LOW_CURRENT_SAMPLE|LOW_PLAYER_SAMPLE,Medium,ROUTE_PROXY_UNVALIDATED|LOW_CURRENT_SAMPLE|LOW_PLAYER_SAMPLE,,
2025,1,,D.Evans,CHI,,RB,0.8997353982850406,7.736624751299367,13.248609129898648,2.754990596632456,,,,True,True,False,51.23,66.67,,,,,35,55,52,52.34,WATCH,1,1,0,6,Projection-led limited V1 signal from existing historical-test markets.,"Limited V1: opponent fit, game script, weather, recent form, and live role/injury context are not fully sourced.",,NEEDS DATA,NEEDS DATA,NEEDS DATA,DATA_NEEDS_LIVE_CONTEXT,HISTORICAL TEST ONLY,NO-GO,False,Medium,ROUTE_PROXY_UNVALIDATED|LOW_CURRENT_SAMPLE,Medium,ROUTE_PROXY_UNVALIDATED|LOW_CURRENT_SAMPLE|LOW_YARDAGE_SAMPLE,Medium,ROUTE_PROXY_UNVALIDATED|LOW_CURRENT_SAMPLE,Medium,ROUTE_PROXY_UNVALIDATED|LOW_CURRENT_SAMPLE,,,,,,
2025,1,,J.Driskel,CLE,CIN,QB,,,20.79851998333781,1.6496247589436526,,,,False,True,False,51.12,66.67,,,,,35,55,52,52.29,WATCH,1,1,0,6,Projection-led limited V1 signal from existing historical-test markets.,"Limited V1: opponent fit, game script, weather, recent form, and live role/injury context are not fully sourced.",,NEEDS DATA,NEEDS DATA,NEEDS DATA,DATA_NEEDS_LIVE_CONTEXT,HISTORICAL TEST ONLY,NO-GO,False,,,,,Medium,ROUTE_PROXY_UNVALIDATED|LOW_CURRENT_SAMPLE|LOW_PLAYER_SAMPLE|LOW_RUSH_SAMPLE,Medium,ROUTE_PROXY_UNVALIDATED|LOW_CURRENT_SAMPLE|LOW_PLAYER_SAMPLE|LOW_RUSH_SAMPLE|LOW_CARRY_SAMPLE,,,,,,
2025,1,,J.Kelley,TEN,,RB,0.8218754914741292,5.744090278667617,12.94746018660622,2.7442041867026084,,,,True,True,False,50.82,66.67,,,,,35,55,52,52.15,WATCH,1,1,0,6,Projection-led limited V1 signal from existing historical-test markets.,"Limited V1: opponent fit, game script, weather, recent form, and live role/injury context are not fully sourced.",,NEEDS DATA,NEEDS DATA,NEEDS DATA,DATA_NEEDS_LIVE_CONTEXT,HISTORICAL TEST ONLY,NO-GO,False,Medium,ROUTE_PROXY_UNVALIDATED|LOW_CURRENT_SAMPLE,Medium,ROUTE_PROXY_UNVALIDATED|LOW_CURRENT_SAMPLE|LOW_YARDAGE_SAMPLE,Medium,ROUTE_PROXY_UNVALIDATED|LOW_CURRENT_SAMPLE,Medium,ROUTE_PROXY_UNVALIDATED|LOW_CURRENT_SAMPLE,,,,,,
2025,1,,M.Willis,GB,CHI,QB,,,20.73703190364688,1.5833160891143112,,,,False,True,False,50.75,66.67,,,,,35,55,52,52.12,WATCH,1,1,0,6,Projection-led limited V1 signal from existing historical-test markets.,"Limited V1: opponent fit, game script, weather, recent form, and live role/injury context are not fully sourced.",,NEEDS DATA,NEEDS DATA,NEEDS DATA,DATA_NEEDS_LIVE_CONTEXT,HISTORICAL TEST ONLY,NO-GO,False,,,,,Medium,ROUTE_PROXY_UNVALIDATED|LOW_CURRENT_SAMPLE|LOW_PLAYER_SAMPLE,Medium,ROUTE_PROXY_UNVALIDATED|LOW_CURRENT_SAMPLE|LOW_PLAYER_SAMPLE,,,,,,
2025,1,,C.Reynolds,DET,,RB,0.9498627579417952,12.079504488375058,20.5453317991764,2.384086499442367,,,,True,True,False,50.37,66.67,,,,,35,55,52,51.95,WATCH,1,1,0,6,Projection-led limited V1 signal from existing historical-test markets.,"Limited V1: opponent fit, game script, weather, recent form, and live role/injury context are not fully sourced.",,NEEDS DATA,NEEDS DATA,NEEDS DATA,DATA_NEEDS_LIVE_CONTEXT,HISTORICAL TEST ONLY,NO-GO,False,Medium,ROUTE_PROXY_UNVALIDATED|LOW_CURRENT_SAMPLE,Medium,ROUTE_PROXY_UNVALIDATED|LOW_CURRENT_SAMPLE|LOW_YARDAGE_SAMPLE,Medium,ROUTE_PROXY_UNVALIDATED|LOW_CURRENT_SAMPLE,Medium,ROUTE_PROXY_UNVALIDATED|LOW_CURRENT_SAMPLE,,,,,,
2025,1,,R.Rivers,LA,,RB,1.1239317277040344,9.34884742742484,20.507736146620584,1.625672189332735,,,,True,True,False,50.0,66.67,,,,,35,55,52,51.78,WATCH,1,1,0,6,Projection-led limited V1 signal from existing historical-test markets.,"Limited V1: opponent fit, game script, weather, recent form, and live role/injury context are not fully sourced.",,NEEDS DATA,NEEDS DATA,NEEDS DATA,DATA_NEEDS_LIVE_CONTEXT,HISTORICAL TEST ONLY,NO-GO,False,Medium,ROUTE_PROXY_UNVALIDATED|LOW_CURRENT_SAMPLE,Medium,ROUTE_PROXY_UNVALIDATED|LOW_CURRENT_SAMPLE,Medium,ROUTE_PROXY_UNVALIDATED|LOW_CURRENT_SAMPLE,Medium,ROUTE_PROXY_UNVALIDATED|LOW_CURRENT_SAMPLE,,,,,,
2025,1,,M.Barkley,JAX,CAR,QB,,,10.561800724144382,2.677019261307561,,,,False,True,False,49.18,66.67,,,,,35,55,52,51.42,WATCH,1,1,0,6,Projection-led limited V1 signal from existing historical-test markets.,"Limited V1: opponent fit, game script, weather, recent form, and live role/injury context are not fully sourced.",,NEEDS DATA,NEEDS DATA,NEEDS DATA,DATA_NEEDS_LIVE_CONTEXT,HISTORICAL TEST ONLY,NO-GO,False,,,,,Medium,ROUTE_PROXY_UNVALIDATED|LOW_CURRENT_SAMPLE|LOW_PLAYER_SAMPLE|LOW_RUSH_SAMPLE,Medium,ROUTE_PROXY_UNVALIDATED|LOW_CURRENT_SAMPLE|LOW_PLAYER_SAMPLE|LOW_RUSH_SAMPLE|LOW_CARRY_SAMPLE,,,,,,
2025,1,,I.Davis,NYJ,,RB,1.0140220229136765,9.58334232570261,20.32256114916081,1.6514352567731705,,,,True,True,False,48.88,66.67,,,,,35,55,52,51.28,WATCH,1,1,0,6,Projection-led limited V1 signal from existing historical-test markets.,"Limited V1: opponent fit, game script, weather, recent form, and live role/injury context are not fully sourced.",,NEEDS DATA,NEEDS DATA,NEEDS DATA,DATA_NEEDS_LIVE_CONTEXT,HISTORICAL TEST ONLY,NO-GO,False,Medium,ROUTE_PROXY_UNVALIDATED|LOW_CURRENT_SAMPLE,Medium,ROUTE_PROXY_UNVALIDATED|LOW_CURRENT_SAMPLE|LOW_YARDAGE_SAMPLE,Medium,ROUTE_PROXY_UNVALIDATED|LOW_CURRENT_SAMPLE,Medium,ROUTE_PROXY_UNVALIDATED|LOW_CURRENT_SAMPLE,,,,,,
2025,1,,J.Herbert,LAC,HOU,QB,,,17.63694376383878,2.0005258965644,13.377044847890245,9.711824392409389,,False,True,True,48.65,66.67,,,,,35,55,52,51.18,WATCH,1,1,0,6,Projection-led limited V1 signal from existing historical-test markets.,"Limited V1: opponent fit, game script, weather, recent form, and live role/injury context are not fully sourced.",,NEEDS DATA,NEEDS DATA,NEEDS DATA,DATA_NEEDS_LIVE_CONTEXT,HISTORICAL TEST ONLY,NO-GO,False,,,,,Medium,ROUTE_PROXY_UNVALIDATED|LOW_CURRENT_SAMPLE|LOW_PLAYER_SAMPLE,Medium,ROUTE_PROXY_UNVALIDATED|LOW_CURRENT_SAMPLE|LOW_PLAYER_SAMPLE,Medium,ROUTE_PROXY_UNVALIDATED|LOW_CURRENT_SAMPLE|LOW_PLAYER_SAMPLE,Medium,ROUTE_PROXY_UNVALIDATED|LOW_CURRENT_SAMPLE|LOW_PLAYER_SAMPLE,,
2025,1,,J.McNichols,WAS,,RB,1.0016162894073417,5.35440716707407,20.2653382512929,2.364176347330408,,,,True,True,False,48.13,66.67,,,,,35,55,52,50.94,WATCH,1,1,0,6,Projection-led limited V1 signal from existing historical-test markets.,"Limited V1: opponent fit, game script, weather, recent form, and live role/injury context are not fully sourced.",,NEEDS DATA,NEEDS DATA,NEEDS DATA,DATA_NEEDS_LIVE_CONTEXT,HISTORICAL TEST ONLY,NO-GO,False,Medium,ROUTE_PROXY_UNVALIDATED|LOW_CURRENT_SAMPLE,Medium,ROUTE_PROXY_UNVALIDATED|LOW_CURRENT_SAMPLE|LOW_YARDAGE_SAMPLE,Medium,ROUTE_PROXY_UNVALIDATED|LOW_CURRENT_SAMPLE,Medium,ROUTE_PROXY_UNVALIDATED|LOW_CURRENT_SAMPLE,,,,,,
2025,1,,C.Steele,KC,,RB,0.8719249015845163,5.140477831294714,19.70631908407884,1.614768258306044,,,,True,True,False,47.01,66.67,,,,,35,55,52,50.44,WATCH,1,1,0,6,Projection-led limited V1 signal from existing historical-test markets.,"Limited V1: opponent fit, game script, weather, recent form, and live role/injury context are not fully sourced.",,NEEDS DATA,NEEDS DATA,NEEDS DATA,DATA_NEEDS_LIVE_CONTEXT,HISTORICAL TEST ONLY,NO-GO,False,Medium,ROUTE_PROXY_UNVALIDATED|LOW_CURRENT_SAMPLE,Medium,ROUTE_PROXY_UNVALIDATED|LOW_CURRENT_SAMPLE|LOW_YARDAGE_SAMPLE,Medium,ROUTE_PROXY_UNVALIDATED|LOW_CURRENT_SAMPLE,Medium,ROUTE_PROXY_UNVALIDATED|LOW_CURRENT_SAMPLE,,,,,,
2025,1,,L.Woodside,ATL,NO,QB,,,14.14274962071434,2.5836543936298355,,,,False,True,False,46.72,66.67,,,,,35,55,52,50.31,WATCH,1,1,0,6,Projection-led limited V1 signal from existing historical-test markets.,"Limited V1: opponent fit, game script, weather, recent form, and live role/injury context are not fully sourced.",,NEEDS DATA,NEEDS DATA,NEEDS DATA,DATA_NEEDS_LIVE_CONTEXT,HISTORICAL TEST ONLY,NO-GO,False,,,,,Medium,ROUTE_PROXY_UNVALIDATED|LOW_CURRENT_SAMPLE|LOW_PLAYER_SAMPLE|LOW_RUSH_SAMPLE,Medium,ROUTE_PROXY_UNVALIDATED|LOW_CURRENT_SAMPLE|LOW_PLAYER_SAMPLE|LOW_RUSH_SAMPLE|LOW_CARRY_SAMPLE,,,,,,
2025,1,,E.Stick,LAC,KC,QB,,,19.54939314441484,2.111505825693696,13.37458375034336,9.6807924338992,,False,True,True,46.64,66.67,,,,,35,55,52,50.27,WATCH,1,1,0,6,Projection-led limited V1 signal from existing historical-test markets.,"Limited V1: opponent fit, game script, weather, recent form, and live role/injury context are not fully sourced.",,NEEDS DATA,NEEDS DATA,NEEDS DATA,DATA_NEEDS_LIVE_CONTEXT,HISTORICAL TEST ONLY,NO-GO,False,,,,,Medium,ROUTE_PROXY_UNVALIDATED|LOW_CURRENT_SAMPLE|LOW_PLAYER_SAMPLE,Medium,ROUTE_PROXY_UNVALIDATED|LOW_CURRENT_SAMPLE|LOW_PLAYER_SAMPLE,Medium,ROUTE_PROXY_UNVALIDATED|LOW_CURRENT_SAMPLE|LOW_PLAYER_SAMPLE,Medium,ROUTE_PROXY_UNVALIDATED|LOW_CURRENT_SAMPLE|LOW_PLAYER_SAMPLE,,
2025,1,,W.Levis,TEN,HOU,QB,,,14.753468655641289,2.510050460715593,,,,False,True,False,45.9,66.67,,,,,35,55,52,49.94,WATCH,1,1,0,6,Projection-led limited V1 signal from existing historical-test markets.,"Limited V1: opponent fit, game script, weather, recent form, and live role/injury context are not fully sourced.",,NEEDS DATA,NEEDS DATA,NEEDS DATA,DATA_NEEDS_LIVE_CONTEXT,HISTORICAL TEST ONLY,NO-GO,False,,,,,Medium,ROUTE_PROXY_UNVALIDATED|LOW_CURRENT_SAMPLE|LOW_PLAYER_SAMPLE,Medium,ROUTE_PROXY_UNVALIDATED|LOW_CURRENT_SAMPLE|LOW_PLAYER_SAMPLE,,,,,,
2025,1,,B.Corum,LA,,RB,1.1854296202930232,11.159836430289248,19.43856633262508,1.707880001808353,,,,True,True,False,45.52,66.67,,,,,35,55,52,49.77,WATCH,1,1,0,6,Projection-led limited V1 signal from existing historical-test markets.,"Limited V1: opponent fit, game script, weather, recent form, and live role/injury context are not fully sourced.",,NEEDS DATA,NEEDS DATA,NEEDS DATA,DATA_NEEDS_LIVE_CONTEXT,HISTORICAL TEST ONLY,NO-GO,False,Medium,ROUTE_PROXY_UNVALIDATED|LOW_CURRENT_SAMPLE|LOW_PLAYER_SAMPLE,Medium,ROUTE_PROXY_UNVALIDATED|LOW_CURRENT_SAMPLE|LOW_PLAYER_SAMPLE|LOW_YARDAGE_SAMPLE,Medium,ROUTE_PROXY_UNVALIDATED|LOW_CURRENT_SAMPLE|LOW_PLAYER_SAMPLE,Medium,ROUTE_PROXY_UNVALIDATED|LOW_CURRENT_SAMPLE|LOW_PLAYER_SAMPLE,,,,,,
2025,1,,J.Brooks,CAR,,RB,0.984655374168218,8.800545177462102,13.120870086188392,2.4659513622920675,,,,True,True,False,45.08,66.67,,,,,35,55,52,49.57,WATCH,1,1,0,6,Projection-led limited V1 signal from existing historical-test markets.,"Limited V1: opponent fit, game script, weather, recent form, and live role/injury context are not fully sourced.",,NEEDS DATA,NEEDS DATA,NEEDS DATA,DATA_NEEDS_LIVE_CONTEXT,HISTORICAL TEST ONLY,NO-GO,False,Medium,ROUTE_PROXY_UNVALIDATED|LOW_CURRENT_SAMPLE|LOW_PLAYER_SAMPLE,Medium,ROUTE_PROXY_UNVALIDATED|LOW_CURRENT_SAMPLE|LOW_PLAYER_SAMPLE|LOW_YARDAGE_SAMPLE,Medium,ROUTE_PROXY_UNVALIDATED|LOW_CURRENT_SAMPLE|LOW_PLAYER_SAMPLE|LOW_RUSH_SAMPLE,Medium,ROUTE_PROXY_UNVALIDATED|LOW_CURRENT_SAMPLE|LOW_PLAYER_SAMPLE|LOW_RUSH_SAMPLE|LOW_CARRY_SAMPLE,,,,,,
2025,1,,Ja.Williams,NO,,RB,1.0314510177608365,7.689786500573949,19.38944586391824,1.845125141333048,,,,True,True,False,44.78,66.67,,,,,35,55,52,49.44,WATCH,1,0,0,6,Projection-led limited V1 signal from existing historical-test markets.,"Limited V1: opponent fit, game script, weather, recent form, and live role/injury context are not fully sourced.",,NEEDS DATA,NEEDS DATA,NEEDS DATA,DATA_NEEDS_LIVE_CONTEXT,HISTORICAL TEST ONLY,NO-GO,False,Medium,ROUTE_PROXY_UNVALIDATED|LOW_CURRENT_SAMPLE,Medium,ROUTE_PROXY_UNVALIDATED|LOW_CURRENT_SAMPLE,Medium,ROUTE_PROXY_UNVALIDATED|LOW_CURRENT_SAMPLE,Medium,ROUTE_PROXY_UNVALIDATED|LOW_CURRENT_SAMPLE,,,,,,
2025,1,,T.Lawrence,JAX,HOU,QB,,,14.46463937207496,2.4563117986761585,11.502379875232268,8.109948345872096,,False,True,True,44.67,66.67,,,,,35,55,52,49.39,WATCH,1,0,0,6,Projection-led limited V1 signal from existing historical-test markets.,"Limited V1: opponent fit, game script, weather, recent form, and live role/injury context are not fully sourced.",,NEEDS DATA,NEEDS DATA,NEEDS DATA,DATA_NEEDS_LIVE_CONTEXT,HISTORICAL TEST ONLY,NO-GO,False,,,,,Medium,ROUTE_PROXY_UNVALIDATED|LOW_CURRENT_SAMPLE|LOW_PLAYER_SAMPLE,Medium,ROUTE_PROXY_UNVALIDATED|LOW_CURRENT_SAMPLE|LOW_PLAYER_SAMPLE,Medium,ROUTE_PROXY_UNVALIDATED|LOW_CURRENT_SAMPLE|LOW_PLAYER_SAMPLE,Medium,ROUTE_PROXY_UNVALIDATED|LOW_CURRENT_SAMPLE|LOW_PLAYER_SAMPLE,,
2025,1,,M.Mariota,WAS,DET,QB,,,19.278212719147568,2.1136685278870666,,,,False,True,False,44.4,66.67,,,,,35,55,52,49.26,WATCH,1,0,0,6,Projection-led limited V1 signal from existing historical-test markets.,"Limited V1: opponent fit, game script, weather, recent form, and live role/injury context are not fully sourced.",,NEEDS DATA,NEEDS DATA,NEEDS DATA,DATA_NEEDS_LIVE_CONTEXT,HISTORICAL TEST ONLY,NO-GO,False,,,,,Medium,ROUTE_PROXY_UNVALIDATED|LOW_CURRENT_SAMPLE|LOW_PLAYER_SAMPLE,Medium,ROUTE_PROXY_UNVALIDATED|LOW_CURRENT_SAMPLE|LOW_PLAYER_SAMPLE,,,,,,
2025,1,,J.Dobbs,SF,ARI,QB,,,18.844115162751294,1.6139889107197627,13.172313262770883,9.707441520195587,,False,True,True,44.03,66.67,,,,,35,55,52,49.1,WATCH,1,0,0,6,Projection-led limited V1 signal from existing historical-test markets.,"Limited V1: opponent fit, game script, weather, recent form, and live role/injury context are not fully sourced.",,NEEDS DATA,NEEDS DATA,NEEDS DATA,DATA_NEEDS_LIVE_CONTEXT,HISTORICAL TEST ONLY,NO-GO,False,,,,,Medium,ROUTE_PROXY_UNVALIDATED|LOW_CURRENT_SAMPLE|LOW_PLAYER_SAMPLE,Medium,ROUTE_PROXY_UNVALIDATED|LOW_CURRENT_SAMPLE|LOW_PLAYER_SAMPLE,Medium,ROUTE_PROXY_UNVALIDATED|LOW_CURRENT_SAMPLE|LOW_PLAYER_SAMPLE,Medium,ROUTE_PROXY_UNVALIDATED|LOW_CURRENT_SAMPLE|LOW_PLAYER_SAMPLE,,
2025,1,,B.Gabbert,KC,LAC,QB,,,18.22957610213629,1.0982977041260438,,,,False,True,False,43.28,66.67,,,,,35,55,52,48.76,WATCH,1,0,0,6,Projection-led limited V1 signal from existing historical-test markets.,"Limited V1: opponent fit, game script, weather, recent form, and live role/injury context are not fully sourced.",,NEEDS DATA,NEEDS DATA,NEEDS DATA,DATA_NEEDS_LIVE_CONTEXT,HISTORICAL TEST ONLY,NO-GO,False,,,,,Medium,ROUTE_PROXY_UNVALIDATED|LOW_CURRENT_SAMPLE|LOW_PLAYER_SAMPLE|LOW_RUSH_SAMPLE,Medium,ROUTE_PROXY_UNVALIDATED|LOW_CURRENT_SAMPLE|LOW_PLAYER_SAMPLE|LOW_RUSH_SAMPLE|LOW_CARRY_SAMPLE,,,,,,
2025,1,,T.DeVito,NYG,BAL,QB,,,18.191712032323977,1.4939423567812238,,,,False,True,False,42.91,66.67,,,,,35,55,52,48.59,WATCH,1,0,0,6,Projection-led limited V1 signal from existing historical-test markets.,"Limited V1: opponent fit, game script, weather, recent form, and live role/injury context are not fully sourced.",,NEEDS DATA,NEEDS DATA,NEEDS DATA,DATA_NEEDS_LIVE_CONTEXT,HISTORICAL TEST ONLY,NO-GO,False,,,,,Medium,ROUTE_PROXY_UNVALIDATED|LOW_CURRENT_SAMPLE|LOW_PLAYER_SAMPLE,Medium,ROUTE_PROXY_UNVALIDATED|LOW_CURRENT_SAMPLE|LOW_PLAYER_SAMPLE,,,,,,
2025,1,,C.Beathard,JAX,CAR,QB,,,13.32348714856607,2.346745762545533,,,,False,True,False,42.62,66.67,,,,,35,55,52,48.46,WATCH,1,0,0,6,Projection-led limited V1 signal from existing historical-test markets.,"Limited V1: opponent fit, game script, weather, recent form, and live role/injury context are not fully sourced.",,NEEDS DATA,NEEDS DATA,NEEDS DATA,DATA_NEEDS_LIVE_CONTEXT,HISTORICAL TEST ONLY,NO-GO,False,,,,,Medium,ROUTE_PROXY_UNVALIDATED|LOW_CURRENT_SAMPLE|LOW_PLAYER_SAMPLE|LOW_RUSH_SAMPLE,Medium,ROUTE_PROXY_UNVALIDATED|LOW_CURRENT_SAMPLE|LOW_PLAYER_SAMPLE|LOW_RUSH_SAMPLE|LOW_CARRY_SAMPLE,,,,,,
2025,1,,D.Thompson-Robinson,CLE,BAL,QB,,,18.171315995355897,1.2432026238511675,,,,False,True,False,42.54,66.67,,,,,35,55,52,48.43,WATCH,1,0,0,6,Projection-led limited V1 signal from existing historical-test markets.,"Limited V1: opponent fit, game script, weather, recent form, and live role/injury context are not fully sourced.",,NEEDS DATA,NEEDS DATA,NEEDS DATA,DATA_NEEDS_LIVE_CONTEXT,HISTORICAL TEST ONLY,NO-GO,False,,,,,Medium,ROUTE_PROXY_UNVALIDATED|LOW_CURRENT_SAMPLE|LOW_PLAYER_SAMPLE,Medium,ROUTE_PROXY_UNVALIDATED|LOW_CURRENT_SAMPLE|LOW_PLAYER_SAMPLE,,,,,,
2025,1,,J.Mims,NO,,RB,1.463728481983816,11.110751977264671,14.118664299039237,1.3380503228314882,,,,True,True,False,42.5,66.67,,,,,35,55,52,48.41,WATCH,1,0,0,6,Projection-led limited V1 signal from existing historical-test markets.,"Limited V1: opponent fit, game script, weather, recent form, and live role/injury context are not fully sourced.",,NEEDS DATA,NEEDS DATA,NEEDS DATA,DATA_NEEDS_LIVE_CONTEXT,HISTORICAL TEST ONLY,NO-GO,False,Medium,ROUTE_PROXY_UNVALIDATED|LOW_CURRENT_SAMPLE,Medium,ROUTE_PROXY_UNVALIDATED|LOW_CURRENT_SAMPLE,Medium,ROUTE_PROXY_UNVALIDATED|LOW_CURRENT_SAMPLE,Medium,ROUTE_PROXY_UNVALIDATED|LOW_CURRENT_SAMPLE,,,,,,
2025,1,,T.Lance,DAL,WAS,QB,,,11.911602130037588,2.3371665865787463,,,,False,True,False,42.21,66.67,,,,,35,55,52,48.28,WATCH,1,0,0,6,Projection-led limited V1 signal from existing historical-test markets.,"Limited V1: opponent fit, game script, weather, recent form, and live role/injury context are not fully sourced.",,NEEDS DATA,NEEDS DATA,NEEDS DATA,DATA_NEEDS_LIVE_CONTEXT,HISTORICAL TEST ONLY,NO-GO,False,,,,,Medium,ROUTE_PROXY_UNVALIDATED|LOW_CURRENT_SAMPLE|LOW_PLAYER_SAMPLE|LOW_RUSH_SAMPLE,Medium,ROUTE_PROXY_UNVALIDATED|LOW_CURRENT_SAMPLE|LOW_PLAYER_SAMPLE|LOW_RUSH_SAMPLE|LOW_CARRY_SAMPLE,,,,,,
2025,1,,M.Jones,JAX,IND,QB,,,11.12203935717326,2.3134594370138104,10.600842473317686,,,False,True,True,41.8,66.67,,,,,35,55,52,48.09,WATCH,1,0,0,6,Projection-led limited V1 signal from existing historical-test markets.,"Limited V1: opponent fit, game script, weather, recent form, and live role/injury context are not fully sourced.",,NEEDS DATA,NEEDS DATA,NEEDS DATA,DATA_NEEDS_LIVE_CONTEXT,HISTORICAL TEST ONLY,NO-GO,False,,,,,Medium,ROUTE_PROXY_UNVALIDATED|LOW_CURRENT_SAMPLE|LOW_PLAYER_SAMPLE,Medium,ROUTE_PROXY_UNVALIDATED|LOW_CURRENT_SAMPLE|LOW_PLAYER_SAMPLE,Medium,ROUTE_PROXY_UNVALIDATED|LOW_CURRENT_SAMPLE|LOW_PLAYER_SAMPLE,,,,
2025,1,,J.Chestnut,TEN,,RB,0.6895749483353861,,14.998604535456929,2.2818061961471496,,,,True,True,False,40.57,66.67,,,,,35,55,52,47.54,WATCH,1,0,0,6,Projection-led limited V1 signal from existing historical-test markets.,"Limited V1: opponent fit, game script, weather, recent form, and live role/injury context are not fully sourced.",,NEEDS DATA,NEEDS DATA,NEEDS DATA,DATA_NEEDS_LIVE_CONTEXT,HISTORICAL TEST ONLY,NO-GO,False,Medium,ROUTE_PROXY_UNVALIDATED|LOW_CURRENT_SAMPLE|LOW_PLAYER_SAMPLE,,,Medium,ROUTE_PROXY_UNVALIDATED|LOW_CURRENT_SAMPLE|LOW_PLAYER_SAMPLE,Medium,ROUTE_PROXY_UNVALIDATED|LOW_CURRENT_SAMPLE|LOW_PLAYER_SAMPLE,,,,,,
2025,1,,J.Hall,MIN,GB,QB,,,12.442643217502248,1.9311156946090464,13.27065579571555,9.659469700350533,,False,True,True,40.54,66.67,,,,,35,55,52,47.53,WATCH,1,0,0,6,Projection-led limited V1 signal from existing historical-test markets.,"Limited V1: opponent fit, game script, weather, recent form, and live role/injury context are not fully sourced.",,NEEDS DATA,NEEDS DATA,NEEDS DATA,DATA_NEEDS_LIVE_CONTEXT,HISTORICAL TEST ONLY,NO-GO,False,,,,,Medium,ROUTE_PROXY_UNVALIDATED|LOW_CURRENT_SAMPLE|LOW_PLAYER_SAMPLE|LOW_RUSH_SAMPLE,Medium,ROUTE_PROXY_UNVALIDATED|LOW_CURRENT_SAMPLE|LOW_PLAYER_SAMPLE|LOW_RUSH_SAMPLE|LOW_CARRY_SAMPLE,Medium,ROUTE_PROXY_UNVALIDATED|LOW_CURRENT_SAMPLE|LOW_PLAYER_SAMPLE|LOW_QB_ATTEMPT_SAMPLE,Medium,ROUTE_PROXY_UNVALIDATED|LOW_CURRENT_SAMPLE|LOW_PLAYER_SAMPLE|LOW_QB_ATTEMPT_SAMPLE|LOW_COMPLETION_SAMPLE,,
2025,1,,D.Lock,NYG,PHI,QB,,,17.32501295712891,1.034646561733187,,,,False,True,False,40.3,66.67,,,,,35,55,52,47.42,WATCH,1,0,0,6,Projection-led limited V1 signal from existing historical-test markets.,"Limited V1: opponent fit, game script, weather, recent form, and live role/injury context are not fully sourced.",,NEEDS DATA,NEEDS DATA,NEEDS DATA,DATA_NEEDS_LIVE_CONTEXT,HISTORICAL TEST ONLY,NO-GO,False,,,,,Medium,ROUTE_PROXY_UNVALIDATED|LOW_CURRENT_SAMPLE|LOW_PLAYER_SAMPLE,Medium,ROUTE_PROXY_UNVALIDATED|LOW_CURRENT_SAMPLE|LOW_PLAYER_SAMPLE,,,,,,
2025,1,,J.Jefferson,DET,,RB,1.0665922798586351,11.448431014003807,17.096507109281248,2.241228361893683,,,,True,True,False,39.18,66.67,,,,,35,55,52,46.92,WATCH,1,0,0,6,Projection-led limited V1 signal from existing historical-test markets.,"Limited V1: opponent fit, game script, weather, recent form, and live role/injury context are not fully sourced.",,NEEDS DATA,NEEDS DATA,NEEDS DATA,DATA_NEEDS_LIVE_CONTEXT,HISTORICAL TEST ONLY,NO-GO,False,Medium,ROUTE_PROXY_UNVALIDATED|LOW_CURRENT_SAMPLE|LOW_PLAYER_SAMPLE,Medium,ROUTE_PROXY_UNVALIDATED|LOW_CURRENT_SAMPLE|LOW_PLAYER_SAMPLE|LOW_YARDAGE_SAMPLE,Medium,ROUTE_PROXY_UNVALIDATED|LOW_CURRENT_SAMPLE|LOW_PLAYER_SAMPLE|LOW_RUSH_SAMPLE,Medium,ROUTE_PROXY_UNVALIDATED|LOW_CURRENT_SAMPLE|LOW_PLAYER_SAMPLE|LOW_RUSH_SAMPLE|LOW_CARRY_SAMPLE,,,,,,
2025,1,,Z.Wilson,NYJ,MIA,QB,,,17.071856038372726,1.528373192102583,,,,False,True,False,38.81,66.67,,,,,35,55,52,46.75,WATCH,1,0,0,6,Projection-led limited V1 signal from existing historical-test markets.,"Limited V1: opponent fit, game script, weather, recent form, and live role/injury context are not fully sourced.",,NEEDS DATA,NEEDS DATA,NEEDS DATA,DATA_NEEDS_LIVE_CONTEXT,HISTORICAL TEST ONLY,NO-GO,False,,,,,Medium,ROUTE_PROXY_UNVALIDATED|LOW_CURRENT_SAMPLE|LOW_PLAYER_SAMPLE,Medium,ROUTE_PROXY_UNVALIDATED|LOW_CURRENT_SAMPLE|LOW_PLAYER_SAMPLE,,,,,,
2025,1,,H.Haskins,LAC,,RB,0.9867283317146636,14.047020808649442,13.025425043817464,2.0904793840005667,,,,True,True,False,38.69,66.67,,,,,35,55,52,46.69,WATCH,1,0,0,6,Projection-led limited V1 signal from existing historical-test markets.,"Limited V1: opponent fit, game script, weather, recent form, and live role/injury context are not fully sourced.",,NEEDS DATA,NEEDS DATA,NEEDS DATA,DATA_NEEDS_LIVE_CONTEXT,HISTORICAL TEST ONLY,NO-GO,False,Medium,ROUTE_PROXY_UNVALIDATED|LOW_CURRENT_SAMPLE|LOW_PLAYER_SAMPLE,Medium,ROUTE_PROXY_UNVALIDATED|LOW_CURRENT_SAMPLE|LOW_PLAYER_SAMPLE|LOW_YARDAGE_SAMPLE,Medium,ROUTE_PROXY_UNVALIDATED|LOW_CURRENT_SAMPLE|LOW_PLAYER_SAMPLE,Medium,ROUTE_PROXY_UNVALIDATED|LOW_CURRENT_SAMPLE|LOW_PLAYER_SAMPLE,,,,,,
2025,1,,W.Shipley,PHI,,RB,0.7892275899821595,7.711961197827609,16.844833055887484,2.2401730860150204,,,,True,True,False,38.52,66.67,,,,,35,55,52,46.62,WATCH,1,0,0,6,Projection-led limited V1 signal from existing historical-test markets.,"Limited V1: opponent fit, game script, weather, recent form, and live role/injury context are not fully sourced.",,NEEDS DATA,NEEDS DATA,NEEDS DATA,DATA_NEEDS_LIVE_CONTEXT,HISTORICAL TEST ONLY,NO-GO,False,Medium,ROUTE_PROXY_UNVALIDATED|LOW_CURRENT_SAMPLE|LOW_PLAYER_SAMPLE,Medium,ROUTE_PROXY_UNVALIDATED|LOW_CURRENT_SAMPLE|LOW_PLAYER_SAMPLE|LOW_YARDAGE_SAMPLE,Medium,ROUTE_PROXY_UNVALIDATED|LOW_CURRENT_SAMPLE|LOW_PLAYER_SAMPLE,Medium,ROUTE_PROXY_UNVALIDATED|LOW_CURRENT_SAMPLE|LOW_PLAYER_SAMPLE,,,,,,
2025,1,,C.Patterson,PIT,,RB,0.9845031687557972,7.797151842430453,16.87972063896478,1.9911814568550208,,,,True,True,False,38.43,66.67,,,,,35,55,52,46.58,WATCH,1,0,0,6,Projection-led limited V1 signal from existing historical-test markets.,"Limited V1: opponent fit, game script, weather, recent form, and live role/injury context are not fully sourced.",,NEEDS DATA,NEEDS DATA,NEEDS DATA,DATA_NEEDS_LIVE_CONTEXT,HISTORICAL TEST ONLY,NO-GO,False,Medium,ROUTE_PROXY_UNVALIDATED|LOW_CURRENT_SAMPLE,Medium,ROUTE_PROXY_UNVALIDATED|LOW_CURRENT_SAMPLE,Medium,ROUTE_PROXY_UNVALIDATED|LOW_CURRENT_SAMPLE,Medium,ROUTE_PROXY_UNVALIDATED|LOW_CURRENT_SAMPLE,,,,,,
2025,1,,M.Rudolph,TEN,HOU,QB,,,13.25721792853566,2.2059003261512,,,,False,True,False,37.7,66.67,,,,,35,55,52,46.25,WATCH,1,0,0,6,Projection-led limited V1 signal from existing historical-test markets.,"Limited V1: opponent fit, game script, weather, recent form, and live role/injury context are not fully sourced.",,NEEDS DATA,NEEDS DATA,NEEDS DATA,DATA_NEEDS_LIVE_CONTEXT,HISTORICAL TEST ONLY,NO-GO,False,,,,,Medium,ROUTE_PROXY_UNVALIDATED|LOW_CURRENT_SAMPLE|LOW_PLAYER_SAMPLE,Medium,ROUTE_PROXY_UNVALIDATED|LOW_CURRENT_SAMPLE|LOW_PLAYER_SAMPLE,,,,,,
2025,1,,P.Strong,CLE,,RB,1.2331325067358068,10.946882322211708,16.6729147774845,1.3889894539780552,,,,True,True,False,37.69,66.67,,,,,35,55,52,46.24,WATCH,1,0,0,6,Projection-led limited V1 signal from existing historical-test markets.,"Limited V1: opponent fit, game script, weather, recent form, and live role/injury context are not fully sourced.",,NEEDS DATA,NEEDS DATA,NEEDS DATA,DATA_NEEDS_LIVE_CONTEXT,HISTORICAL TEST ONLY,NO-GO,False,Medium,ROUTE_PROXY_UNVALIDATED|LOW_CURRENT_SAMPLE,Medium,ROUTE_PROXY_UNVALIDATED|LOW_CURRENT_SAMPLE,Medium,ROUTE_PROXY_UNVALIDATED|LOW_CURRENT_SAMPLE,Medium,ROUTE_PROXY_UNVALIDATED|LOW_CURRENT_SAMPLE,,,,,,
2025,1,,M.Gaskin,MIN,,RB,1.1900988785516635,13.690124624926204,3.802243569175823,1.5319981082489225,,,,True,True,False,37.54,66.67,,,,,35,55,52,46.18,WATCH,1,0,0,6,Projection-led limited V1 signal from existing historical-test markets.,"Limited V1: opponent fit, game script, weather, recent form, and live role/injury context are not fully sourced.",,NEEDS DATA,NEEDS DATA,NEEDS DATA,DATA_NEEDS_LIVE_CONTEXT,HISTORICAL TEST ONLY,NO-GO,False,Medium,ROUTE_PROXY_UNVALIDATED|LOW_CURRENT_SAMPLE|LOW_PLAYER_SAMPLE,Medium,ROUTE_PROXY_UNVALIDATED|LOW_CURRENT_SAMPLE|LOW_PLAYER_SAMPLE|LOW_YARDAGE_SAMPLE,Medium,ROUTE_PROXY_UNVALIDATED|LOW_CURRENT_SAMPLE|LOW_PLAYER_SAMPLE|LOW_RUSH_SAMPLE,Medium,ROUTE_PROXY_UNVALIDATED|LOW_CURRENT_SAMPLE|LOW_PLAYER_SAMPLE|LOW_RUSH_SAMPLE|LOW_CARRY_SAMPLE,,,,,,
2025,1,,R.Tannehill,TEN,JAX,QB,,,13.931058046430133,2.170674349219996,,,,False,True,False,37.3,66.67,,,,,35,55,52,46.07,WATCH,1,0,0,6,Projection-led limited V1 signal from existing historical-test markets.,"Limited V1: opponent fit, game script, weather, recent form, and live role/injury context are not fully sourced.",,NEEDS DATA,NEEDS DATA,NEEDS DATA,DATA_NEEDS_LIVE_CONTEXT,HISTORICAL TEST ONLY,NO-GO,False,,,,,Medium,ROUTE_PROXY_UNVALIDATED|LOW_CURRENT_SAMPLE|LOW_PLAYER_SAMPLE|LOW_RUSH_SAMPLE,Medium,ROUTE_PROXY_UNVALIDATED|LOW_CURRENT_SAMPLE|LOW_PLAYER_SAMPLE|LOW_RUSH_SAMPLE|LOW_CARRY_SAMPLE,,,,,,
2025,1,,J.Wilson,MIA,,RB,1.0099475227316348,7.936973393094118,16.473298508811226,2.159357193674805,,,,True,True,False,36.94,66.67,,,,,35,55,52,45.91,WATCH,1,0,0,6,Projection-led limited V1 signal from existing historical-test markets.,"Limited V1: opponent fit, game script, weather, recent form, and live role/injury context are not fully sourced.",,NEEDS DATA,NEEDS DATA,NEEDS DATA,DATA_NEEDS_LIVE_CONTEXT,HISTORICAL TEST ONLY,NO-GO,False,Medium,ROUTE_PROXY_UNVALIDATED|LOW_CURRENT_SAMPLE,Medium,ROUTE_PROXY_UNVALIDATED|LOW_CURRENT_SAMPLE,Medium,ROUTE_PROXY_UNVALIDATED|LOW_CURRENT_SAMPLE,Medium,ROUTE_PROXY_UNVALIDATED|LOW_CURRENT_SAMPLE,,,,,,
2025,1,,C.Stroud,HOU,KC,QB,,,16.362330570537495,2.1448493175932333,12.761374119982774,9.164585799462245,,False,True,True,36.57,66.67,,,,,35,55,52,45.74,WATCH,1,0,0,6,Projection-led limited V1 signal from existing historical-test markets.,"Limited V1: opponent fit, game script, weather, recent form, and live role/injury context are not fully sourced.",,NEEDS DATA,NEEDS DATA,NEEDS DATA,DATA_NEEDS_LIVE_CONTEXT,HISTORICAL TEST ONLY,NO-GO,False,,,,,Medium,ROUTE_PROXY_UNVALIDATED|LOW_CURRENT_SAMPLE|LOW_PLAYER_SAMPLE,Medium,ROUTE_PROXY_UNVALIDATED|LOW_CURRENT_SAMPLE|LOW_PLAYER_SAMPLE,Medium,ROUTE_PROXY_UNVALIDATED|LOW_CURRENT_SAMPLE|LOW_PLAYER_SAMPLE,Medium,ROUTE_PROXY_UNVALIDATED|LOW_CURRENT_SAMPLE|LOW_PLAYER_SAMPLE,,
2025,1,,B.Rypien,LA,GB,QB,,,15.01278957691241,1.0641468302467862,,,,False,True,False,35.45,66.67,,,,,35,55,52,45.24,WATCH,1,0,0,6,Projection-led limited V1 signal from existing historical-test markets.,"Limited V1: opponent fit, game script, weather, recent form, and live role/injury context are not fully sourced.",,NEEDS DATA,NEEDS DATA,NEEDS DATA,DATA_NEEDS_LIVE_CONTEXT,HISTORICAL TEST ONLY,NO-GO,False,,,,,Medium,ROUTE_PROXY_UNVALIDATED|LOW_CURRENT_SAMPLE|LOW_PLAYER_SAMPLE|LOW_RUSH_SAMPLE,Medium,ROUTE_PROXY_UNVALIDATED|LOW_CURRENT_SAMPLE|LOW_PLAYER_SAMPLE|LOW_RUSH_SAMPLE|LOW_CARRY_SAMPLE,,,,,,
2025,1,,J.Love,GB,PHI,QB,,,9.339218474291508,1.1015534279375825,12.973667516081331,9.278482773455758,,False,True,True,35.14,66.67,,,,,35,55,52,45.1,WATCH,1,0,0,6,Projection-led limited V1 signal from existing historical-test markets.,"Limited V1: opponent fit, game script, weather, recent form, and live role/injury context are not fully sourced.",,NEEDS DATA,NEEDS DATA,NEEDS DATA,DATA_NEEDS_LIVE_CONTEXT,HISTORICAL TEST ONLY,NO-GO,False,,,,,Medium,ROUTE_PROXY_UNVALIDATED|LOW_CURRENT_SAMPLE|LOW_PLAYER_SAMPLE,Medium,ROUTE_PROXY_UNVALIDATED|LOW_CURRENT_SAMPLE|LOW_PLAYER_SAMPLE,Medium,ROUTE_PROXY_UNVALIDATED|LOW_CURRENT_SAMPLE|LOW_PLAYER_SAMPLE,Medium,ROUTE_PROXY_UNVALIDATED|LOW_CURRENT_SAMPLE|LOW_PLAYER_SAMPLE,,
2025,1,,S.Vaki,DET,,RB,1.0665922798586351,13.363990130814663,7.43398890810408,1.3003127195844009,,,,True,True,False,34.59,66.67,,,,,35,55,52,44.85,WATCH,1,0,0,6,Projection-led limited V1 signal from existing historical-test markets.,"Limited V1: opponent fit, game script, weather, recent form, and live role/injury context are not fully sourced.",,NEEDS DATA,NEEDS DATA,NEEDS DATA,DATA_NEEDS_LIVE_CONTEXT,HISTORICAL TEST ONLY,NO-GO,False,Medium,ROUTE_PROXY_UNVALIDATED|LOW_CURRENT_SAMPLE|LOW_PLAYER_SAMPLE,Medium,ROUTE_PROXY_UNVALIDATED|LOW_CURRENT_SAMPLE|LOW_PLAYER_SAMPLE|LOW_YARDAGE_SAMPLE,Medium,ROUTE_PROXY_UNVALIDATED|LOW_CURRENT_SAMPLE|LOW_PLAYER_SAMPLE|LOW_RUSH_SAMPLE,Medium,ROUTE_PROXY_UNVALIDATED|LOW_CURRENT_SAMPLE|LOW_PLAYER_SAMPLE|LOW_RUSH_SAMPLE|LOW_CARRY_SAMPLE,,,,,,
2025,1,,M.Boone,CAR,,RB,0.6582554438932624,,14.788460833498208,2.0941031712211866,,,,True,True,False,34.43,66.67,,,,,35,55,52,44.78,WATCH,1,0,0,6,Projection-led limited V1 signal from existing historical-test markets.,"Limited V1: opponent fit, game script, weather, recent form, and live role/injury context are not fully sourced.",,NEEDS DATA,NEEDS DATA,NEEDS DATA,DATA_NEEDS_LIVE_CONTEXT,HISTORICAL TEST ONLY,NO-GO,False,Medium,ROUTE_PROXY_UNVALIDATED|LOW_CURRENT_SAMPLE,,,Medium,ROUTE_PROXY_UNVALIDATED|LOW_CURRENT_SAMPLE|LOW_RUSH_SAMPLE,Medium,ROUTE_PROXY_UNVALIDATED|LOW_CURRENT_SAMPLE|LOW_RUSH_SAMPLE|LOW_CARRY_SAMPLE,,,,,,
2025,1,,D.Ogunbowale,HOU,,RB,1.008681049982984,10.7626962714066,13.169481011060968,2.058076986235672,,,,True,True,False,33.2,66.67,,,,,35,55,52,44.22,WATCH,1,0,0,6,Projection-led limited V1 signal from existing historical-test markets.,"Limited V1: opponent fit, game script, weather, recent form, and live role/injury context are not fully sourced.",,NEEDS DATA,NEEDS DATA,NEEDS DATA,DATA_NEEDS_LIVE_CONTEXT,HISTORICAL TEST ONLY,NO-GO,False,Medium,ROUTE_PROXY_UNVALIDATED|LOW_CURRENT_SAMPLE,Medium,ROUTE_PROXY_UNVALIDATED|LOW_CURRENT_SAMPLE,Medium,ROUTE_PROXY_UNVALIDATED|LOW_CURRENT_SAMPLE,Medium,ROUTE_PROXY_UNVALIDATED|LOW_CURRENT_SAMPLE,,,,,,
2025,1,,T.Siemian,NYJ,NE,QB,,,13.699084573303372,1.4378639600415617,,,,False,True,False,32.09,66.67,,,,,35,55,52,43.72,WATCH,1,0,0,6,Projection-led limited V1 signal from existing historical-test markets.,"Limited V1: opponent fit, game script, weather, recent form, and live role/injury context are not fully sourced.",,NEEDS DATA,NEEDS DATA,NEEDS DATA,DATA_NEEDS_LIVE_CONTEXT,HISTORICAL TEST ONLY,NO-GO,False,,,,,Medium,ROUTE_PROXY_UNVALIDATED|LOW_CURRENT_SAMPLE|LOW_PLAYER_SAMPLE|LOW_RUSH_SAMPLE,Medium,ROUTE_PROXY_UNVALIDATED|LOW_CURRENT_SAMPLE|LOW_PLAYER_SAMPLE|LOW_RUSH_SAMPLE|LOW_CARRY_SAMPLE,,,,,,
2025,1,,H.Luepke,DAL,,RB,0.8090775578755778,8.092749362680726,9.19345898028048,2.0160150385889133,,,,True,True,False,31.97,66.67,,,,,35,55,52,43.67,WATCH,1,0,0,6,Projection-led limited V1 signal from existing historical-test markets.,"Limited V1: opponent fit, game script, weather, recent form, and live role/injury context are not fully sourced.",,NEEDS DATA,NEEDS DATA,NEEDS DATA,DATA_NEEDS_LIVE_CONTEXT,HISTORICAL TEST ONLY,NO-GO,False,Medium,ROUTE_PROXY_UNVALIDATED|LOW_CURRENT_SAMPLE,Medium,ROUTE_PROXY_UNVALIDATED|LOW_CURRENT_SAMPLE,Medium,ROUTE_PROXY_UNVALIDATED|LOW_CURRENT_SAMPLE|LOW_RUSH_SAMPLE,Medium,ROUTE_PROXY_UNVALIDATED|LOW_CURRENT_SAMPLE|LOW_RUSH_SAMPLE|LOW_CARRY_SAMPLE,,,,,,
2025,1,,S.Perine,KC,,RB,0.8296394550123695,9.661986806160536,13.649020723219246,,,,,True,True,False,31.72,66.67,,,,,35,55,52,43.56,WATCH,1,0,0,6,Projection-led limited V1 signal from existing historical-test markets.,"Limited V1: opponent fit, game script, weather, recent form, and live role/injury context are not fully sourced.",,NEEDS DATA,NEEDS DATA,NEEDS DATA,DATA_NEEDS_LIVE_CONTEXT,HISTORICAL TEST ONLY,NO-GO,False,Medium,ROUTE_PROXY_UNVALIDATED|LOW_CURRENT_SAMPLE,Medium,ROUTE_PROXY_UNVALIDATED|LOW_CURRENT_SAMPLE,Medium,ROUTE_PROXY_UNVALIDATED|LOW_CURRENT_SAMPLE,,,,,,,,
2025,1,,N.Peterman,CHI,LV,QB,,,8.981171036131135,2.015798072201765,,,,False,True,False,31.56,66.67,,,,,35,55,52,43.49,WATCH,1,0,0,6,Projection-led limited V1 signal from existing historical-test markets.,"Limited V1: opponent fit, game script, weather, recent form, and live role/injury context are not fully sourced.",,NEEDS DATA,NEEDS DATA,NEEDS DATA,DATA_NEEDS_LIVE_CONTEXT,HISTORICAL TEST ONLY,NO-GO,False,,,,,Medium,ROUTE_PROXY_UNVALIDATED|LOW_CURRENT_SAMPLE|LOW_PLAYER_SAMPLE|LOW_RUSH_SAMPLE,Medium,ROUTE_PROXY_UNVALIDATED|LOW_CURRENT_SAMPLE|LOW_PLAYER_SAMPLE|LOW_RUSH_SAMPLE|LOW_CARRY_SAMPLE,,,,,,
2025,1,,J.Garoppolo,LA,SEA,QB,,,7.974800472711141,,12.178981488484546,8.930342185918917,,False,True,True,29.73,66.67,,,,,35,55,52,42.66,WATCH,1,0,0,6,Projection-led limited V1 signal from existing historical-test markets.,"Limited V1: opponent fit, game script, weather, recent form, and live role/injury context are not fully sourced.",,NEEDS DATA,NEEDS DATA,NEEDS DATA,DATA_NEEDS_LIVE_CONTEXT,HISTORICAL TEST ONLY,NO-GO,False,,,,,Medium,ROUTE_PROXY_UNVALIDATED|LOW_CURRENT_SAMPLE|LOW_PLAYER_SAMPLE,,,Medium,ROUTE_PROXY_UNVALIDATED|LOW_CURRENT_SAMPLE|LOW_PLAYER_SAMPLE,Medium,ROUTE_PROXY_UNVALIDATED|LOW_CURRENT_SAMPLE|LOW_PLAYER_SAMPLE,,
2025,1,,C.Rush,DAL,PHI,QB,,,4.792613401165459,1.9560250751705008,,,,False,True,False,29.51,66.67,,,,,35,55,52,42.56,WATCH,1,0,0,6,Projection-led limited V1 signal from existing historical-test markets.,"Limited V1: opponent fit, game script, weather, recent form, and live role/injury context are not fully sourced.",,NEEDS DATA,NEEDS DATA,NEEDS DATA,DATA_NEEDS_LIVE_CONTEXT,HISTORICAL TEST ONLY,NO-GO,False,,,,,Medium,ROUTE_PROXY_UNVALIDATED|LOW_CURRENT_SAMPLE|LOW_PLAYER_SAMPLE,Medium,ROUTE_PROXY_UNVALIDATED|LOW_CURRENT_SAMPLE|LOW_PLAYER_SAMPLE,,,,,,
2025,1,,D.Dallas,ARI,,RB,1.1404103269315276,6.80158586781735,11.465183717545557,1.221582329242359,,,,True,True,False,29.38,66.67,,,,,35,55,52,42.5,WATCH,1,0,0,6,Projection-led limited V1 signal from existing historical-test markets.,"Limited V1: opponent fit, game script, weather, recent form, and live role/injury context are not fully sourced.",,NEEDS DATA,NEEDS DATA,NEEDS DATA,DATA_NEEDS_LIVE_CONTEXT,HISTORICAL TEST ONLY,NO-GO,False,Medium,ROUTE_PROXY_UNVALIDATED|LOW_CURRENT_SAMPLE,Medium,ROUTE_PROXY_UNVALIDATED|LOW_CURRENT_SAMPLE|LOW_YARDAGE_SAMPLE,Medium,ROUTE_PROXY_UNVALIDATED|LOW_CURRENT_SAMPLE|LOW_RUSH_SAMPLE,Medium,ROUTE_PROXY_UNVALIDATED|LOW_CURRENT_SAMPLE|LOW_RUSH_SAMPLE|LOW_CARRY_SAMPLE,,,,,,
2025,1,,P.Walker,CLE,DEN,QB,,,13.017990952825905,1.2350776020053815,,,,False,True,False,28.73,66.67,,,,,35,55,52,42.21,WATCH,1,0,0,6,Projection-led limited V1 signal from existing historical-test markets.,"Limited V1: opponent fit, game script, weather, recent form, and live role/injury context are not fully sourced.",,NEEDS DATA,NEEDS DATA,NEEDS DATA,DATA_NEEDS_LIVE_CONTEXT,HISTORICAL TEST ONLY,NO-GO,False,,,,,Medium,ROUTE_PROXY_UNVALIDATED|LOW_CURRENT_SAMPLE|LOW_PLAYER_SAMPLE|LOW_RUSH_SAMPLE,Medium,ROUTE_PROXY_UNVALIDATED|LOW_CURRENT_SAMPLE|LOW_PLAYER_SAMPLE|LOW_RUSH_SAMPLE|LOW_CARRY_SAMPLE,,,,,,
2025,1,,R.Blackshear,CAR,,RB,0.6847540420322142,5.288637050429644,12.887296454764304,1.5837626567145302,,,,True,True,False,27.99,66.67,,,,,35,55,52,41.88,WATCH,1,0,0,6,Projection-led limited V1 signal from existing historical-test markets.,"Limited V1: opponent fit, game script, weather, recent form, and live role/injury context are not fully sourced.",,NEEDS DATA,NEEDS DATA,NEEDS DATA,DATA_NEEDS_LIVE_CONTEXT,HISTORICAL TEST ONLY,NO-GO,False,Medium,ROUTE_PROXY_UNVALIDATED|LOW_CURRENT_SAMPLE|LOW_PLAYER_SAMPLE,Medium,ROUTE_PROXY_UNVALIDATED|LOW_CURRENT_SAMPLE|LOW_PLAYER_SAMPLE|LOW_YARDAGE_SAMPLE,Medium,ROUTE_PROXY_UNVALIDATED|LOW_CURRENT_SAMPLE|LOW_PLAYER_SAMPLE,Medium,ROUTE_PROXY_UNVALIDATED|LOW_CURRENT_SAMPLE|LOW_PLAYER_SAMPLE,,,,,,
2025,1,,T.Homer,CHI,,RB,1.1202713831122648,6.5635567040162295,9.741434638102126,1.5427772974799692,,,,True,True,False,27.97,66.67,,,,,35,55,52,41.87,WATCH,1,0,0,6,Projection-led limited V1 signal from existing historical-test markets.,"Limited V1: opponent fit, game script, weather, recent form, and live role/injury context are not fully sourced.",,NEEDS DATA,NEEDS DATA,NEEDS DATA,DATA_NEEDS_LIVE_CONTEXT,HISTORICAL TEST ONLY,NO-GO,False,Medium,ROUTE_PROXY_UNVALIDATED|LOW_CURRENT_SAMPLE|LOW_PLAYER_SAMPLE,Medium,ROUTE_PROXY_UNVALIDATED|LOW_CURRENT_SAMPLE|LOW_PLAYER_SAMPLE|LOW_YARDAGE_SAMPLE,Medium,ROUTE_PROXY_UNVALIDATED|LOW_CURRENT_SAMPLE|LOW_PLAYER_SAMPLE|LOW_RUSH_SAMPLE,Medium,ROUTE_PROXY_UNVALIDATED|LOW_CURRENT_SAMPLE|LOW_PLAYER_SAMPLE|LOW_RUSH_SAMPLE|LOW_CARRY_SAMPLE,,,,,,
2025,1,,V.Jones,CAR,,RB,0.8890065889957848,7.668450235812672,12.726009956058732,1.6870420832685928,,,,True,True,False,27.61,66.67,,,,,35,55,52,41.71,WATCH,1,0,0,6,Projection-led limited V1 signal from existing historical-test markets.,"Limited V1: opponent fit, game script, weather, recent form, and live role/injury context are not fully sourced.",,NEEDS DATA,NEEDS DATA,NEEDS DATA,DATA_NEEDS_LIVE_CONTEXT,HISTORICAL TEST ONLY,NO-GO,False,Medium,ROUTE_PROXY_UNVALIDATED|LOW_CURRENT_SAMPLE|LOW_PLAYER_SAMPLE,Medium,ROUTE_PROXY_UNVALIDATED|LOW_CURRENT_SAMPLE|LOW_PLAYER_SAMPLE|LOW_YARDAGE_SAMPLE,Medium,ROUTE_PROXY_UNVALIDATED|LOW_CURRENT_SAMPLE|LOW_PLAYER_SAMPLE|LOW_RUSH_SAMPLE,Medium,ROUTE_PROXY_UNVALIDATED|LOW_CURRENT_SAMPLE|LOW_PLAYER_SAMPLE|LOW_RUSH_SAMPLE|LOW_CARRY_SAMPLE,,,,,,
2025,1,,K.Cousins,ATL,LV,QB,,,3.708418386580248,1.9015397599201205,11.077121747974113,8.274204114767143,,False,True,True,27.46,66.67,,,,,35,55,52,41.64,WATCH,1,0,0,6,Projection-led limited V1 signal from existing historical-test markets.,"Limited V1: opponent fit, game script, weather, recent form, and live role/injury context are not fully sourced.",,NEEDS DATA,NEEDS DATA,NEEDS DATA,DATA_NEEDS_LIVE_CONTEXT,HISTORICAL TEST ONLY,NO-GO,False,,,,,Medium,ROUTE_PROXY_UNVALIDATED|LOW_CURRENT_SAMPLE|LOW_PLAYER_SAMPLE,Medium,ROUTE_PROXY_UNVALIDATED|LOW_CURRENT_SAMPLE|LOW_PLAYER_SAMPLE,Medium,ROUTE_PROXY_UNVALIDATED|LOW_CURRENT_SAMPLE|LOW_PLAYER_SAMPLE,Medium,ROUTE_PROXY_UNVALIDATED|LOW_CURRENT_SAMPLE|LOW_PLAYER_SAMPLE,,
2025,1,,S.Howell,SEA,GB,QB,,,7.767521869280041,1.242952562077087,11.929416746769109,,,False,True,True,27.03,66.67,,,,,35,55,52,41.45,WATCH,1,0,0,6,Projection-led limited V1 signal from existing historical-test markets.,"Limited V1: opponent fit, game script, weather, recent form, and live role/injury context are not fully sourced.",,NEEDS DATA,NEEDS DATA,NEEDS DATA,DATA_NEEDS_LIVE_CONTEXT,HISTORICAL TEST ONLY,NO-GO,False,,,,,Medium,ROUTE_PROXY_UNVALIDATED|LOW_CURRENT_SAMPLE|LOW_PLAYER_SAMPLE,Medium,ROUTE_PROXY_UNVALIDATED|LOW_CURRENT_SAMPLE|LOW_PLAYER_SAMPLE,Medium,ROUTE_PROXY_UNVALIDATED|LOW_CURRENT_SAMPLE|LOW_PLAYER_SAMPLE,,,,
2025,1,,J.Ward,PIT,,RB,0.7683881235017976,5.906675700065159,12.589182458702355,1.4879315253257377,,,,True,True,False,26.87,66.67,,,,,35,55,52,41.38,WATCH,1,0,0,6,Projection-led limited V1 signal from existing historical-test markets.,"Limited V1: opponent fit, game script, weather, recent form, and live role/injury context are not fully sourced.",,NEEDS DATA,NEEDS DATA,NEEDS DATA,DATA_NEEDS_LIVE_CONTEXT,HISTORICAL TEST ONLY,NO-GO,False,Medium,ROUTE_PROXY_UNVALIDATED|LOW_CURRENT_SAMPLE|LOW_PLAYER_SAMPLE,Medium,ROUTE_PROXY_UNVALIDATED|LOW_CURRENT_SAMPLE|LOW_PLAYER_SAMPLE|LOW_YARDAGE_SAMPLE,Medium,ROUTE_PROXY_UNVALIDATED|LOW_CURRENT_SAMPLE|LOW_PLAYER_SAMPLE|LOW_RUSH_SAMPLE,Medium,ROUTE_PROXY_UNVALIDATED|LOW_CURRENT_SAMPLE|LOW_PLAYER_SAMPLE|LOW_RUSH_SAMPLE|LOW_CARRY_SAMPLE,,,,,,
2025,1,,C.Keenum,HOU,CLE,QB,,,10.100559406369287,1.8683853797183605,11.428180697926086,8.285709752365083,,False,True,True,26.64,66.67,,,,,35,55,52,41.27,WATCH,1,0,0,6,Projection-led limited V1 signal from existing historical-test markets.,"Limited V1: opponent fit, game script, weather, recent form, and live role/injury context are not fully sourced.",,NEEDS DATA,NEEDS DATA,NEEDS DATA,DATA_NEEDS_LIVE_CONTEXT,HISTORICAL TEST ONLY,NO-GO,False,,,,,Medium,ROUTE_PROXY_UNVALIDATED|LOW_CURRENT_SAMPLE|LOW_PLAYER_SAMPLE|LOW_RUSH_SAMPLE,Medium,ROUTE_PROXY_UNVALIDATED|LOW_CURRENT_SAMPLE|LOW_PLAYER_SAMPLE|LOW_RUSH_SAMPLE|LOW_CARRY_SAMPLE,Medium,ROUTE_PROXY_UNVALIDATED|LOW_CURRENT_SAMPLE|LOW_PLAYER_SAMPLE,Medium,ROUTE_PROXY_UNVALIDATED|LOW_CURRENT_SAMPLE|LOW_PLAYER_SAMPLE|LOW_COMPLETION_SAMPLE,,
2025,1,,C.Schrader,LA,,RB,1.0797183929234473,8.265093952956995,8.065165103276732,,,,,True,True,False,26.09,66.67,,,,,35,55,52,41.02,WATCH,1,0,0,6,Projection-led limited V1 signal from existing historical-test markets.,"Limited V1: opponent fit, game script, weather, recent form, and live role/injury context are not fully sourced.",,NEEDS DATA,NEEDS DATA,NEEDS DATA,DATA_NEEDS_LIVE_CONTEXT,HISTORICAL TEST ONLY,NO-GO,False,Medium,ROUTE_PROXY_UNVALIDATED|LOW_CURRENT_SAMPLE|LOW_PLAYER_SAMPLE,Medium,ROUTE_PROXY_UNVALIDATED|LOW_CURRENT_SAMPLE|LOW_PLAYER_SAMPLE|LOW_YARDAGE_SAMPLE,Medium,ROUTE_PROXY_UNVALIDATED|LOW_CURRENT_SAMPLE|LOW_PLAYER_SAMPLE|LOW_RUSH_SAMPLE,,,,,,,,
2025,1,,G.Brightwell,CLE,,RB,1.0673871240044377,9.784919353961408,9.013166343774513,,,,,True,True,False,25.47,66.67,,,,,35,55,52,40.75,WATCH,1,0,0,6,Projection-led limited V1 signal from existing historical-test markets.,"Limited V1: opponent fit, game script, weather, recent form, and live role/injury context are not fully sourced.",,NEEDS DATA,NEEDS DATA,NEEDS DATA,DATA_NEEDS_LIVE_CONTEXT,HISTORICAL TEST ONLY,NO-GO,False,Medium,ROUTE_PROXY_UNVALIDATED|LOW_CURRENT_SAMPLE|LOW_PLAYER_SAMPLE,Medium,ROUTE_PROXY_UNVALIDATED|LOW_CURRENT_SAMPLE|LOW_PLAYER_SAMPLE|LOW_YARDAGE_SAMPLE,Medium,ROUTE_PROXY_UNVALIDATED|LOW_CURRENT_SAMPLE|LOW_PLAYER_SAMPLE|LOW_RUSH_SAMPLE,,,,,,,,
2025,1,,J.Stidham,DEN,KC,QB,,,6.303711181793814,1.823218498205367,,,,False,True,False,25.41,66.67,,,,,35,55,52,40.72,WATCH,1,0,0,6,Projection-led limited V1 signal from existing historical-test markets.,"Limited V1: opponent fit, game script, weather, recent form, and live role/injury context are not fully sourced.",,NEEDS DATA,NEEDS DATA,NEEDS DATA,DATA_NEEDS_LIVE_CONTEXT,HISTORICAL TEST ONLY,NO-GO,False,,,,,Medium,ROUTE_PROXY_UNVALIDATED|LOW_CURRENT_SAMPLE|LOW_PLAYER_SAMPLE|LOW_RUSH_SAMPLE,Medium,ROUTE_PROXY_UNVALIDATED|LOW_CURRENT_SAMPLE|LOW_PLAYER_SAMPLE|LOW_RUSH_SAMPLE|LOW_CARRY_SAMPLE,,,,,,
2025,1,,J.Hasty,NE,,RB,0.8279333324144181,6.273988514346153,11.966820141028144,1.5686649302754083,,,,True,True,False,25.37,66.67,,,,,35,55,52,40.7,WATCH,1,0,0,6,Projection-led limited V1 signal from existing historical-test markets.,"Limited V1: opponent fit, game script, weather, recent form, and live role/injury context are not fully sourced.",,NEEDS DATA,NEEDS DATA,NEEDS DATA,DATA_NEEDS_LIVE_CONTEXT,HISTORICAL TEST ONLY,NO-GO,False,Medium,ROUTE_PROXY_UNVALIDATED|LOW_CURRENT_SAMPLE,Medium,ROUTE_PROXY_UNVALIDATED|LOW_CURRENT_SAMPLE,Medium,ROUTE_PROXY_UNVALIDATED|LOW_CURRENT_SAMPLE,Medium,ROUTE_PROXY_UNVALIDATED|LOW_CURRENT_SAMPLE,,,,,,
2025,1,,A.Shampklin,PIT,,RB,0.7683881235017976,5.906675700065159,11.642992921564256,1.7680937225018047,,,,True,True,False,25.0,66.67,,,,,35,55,52,40.53,WATCH,1,0,0,6,Projection-led limited V1 signal from existing historical-test markets.,"Limited V1: opponent fit, game script, weather, recent form, and live role/injury context are not fully sourced.",,NEEDS DATA,NEEDS DATA,NEEDS DATA,DATA_NEEDS_LIVE_CONTEXT,HISTORICAL TEST ONLY,NO-GO,False,Medium,ROUTE_PROXY_UNVALIDATED|LOW_CURRENT_SAMPLE|LOW_PLAYER_SAMPLE,Medium,ROUTE_PROXY_UNVALIDATED|LOW_CURRENT_SAMPLE|LOW_PLAYER_SAMPLE|LOW_YARDAGE_SAMPLE,Medium,ROUTE_PROXY_UNVALIDATED|LOW_CURRENT_SAMPLE|LOW_PLAYER_SAMPLE|LOW_RUSH_SAMPLE,Medium,ROUTE_PROXY_UNVALIDATED|LOW_CURRENT_SAMPLE|LOW_PLAYER_SAMPLE|LOW_RUSH_SAMPLE|LOW_CARRY_SAMPLE,,,,,,
2025,1,,T.McKee,PHI,NYG,QB,,,4.215764034082412,1.7545112325312144,,,,False,True,False,24.59,66.67,,,,,35,55,52,40.35,WATCH,1,0,0,6,Projection-led limited V1 signal from existing historical-test markets.,"Limited V1: opponent fit, game script, weather, recent form, and live role/injury context are not fully sourced.",,NEEDS DATA,NEEDS DATA,NEEDS DATA,DATA_NEEDS_LIVE_CONTEXT,HISTORICAL TEST ONLY,NO-GO,False,,,,,Medium,ROUTE_PROXY_UNVALIDATED|LOW_CURRENT_SAMPLE|LOW_PLAYER_SAMPLE|LOW_RUSH_SAMPLE,Medium,ROUTE_PROXY_UNVALIDATED|LOW_CURRENT_SAMPLE|LOW_PLAYER_SAMPLE|LOW_RUSH_SAMPLE|LOW_CARRY_SAMPLE,,,,,,
2025,1,,E.Gray,NYG,,RB,1.056601911103337,9.451922244034224,8.44380544521943,1.0566776849138255,,,,True,True,False,24.53,66.67,,,,,35,55,52,40.32,WATCH,1,0,0,6,Projection-led limited V1 signal from existing historical-test markets.,"Limited V1: opponent fit, game script, weather, recent form, and live role/injury context are not fully sourced.",,NEEDS DATA,NEEDS DATA,NEEDS DATA,DATA_NEEDS_LIVE_CONTEXT,HISTORICAL TEST ONLY,NO-GO,False,Medium,ROUTE_PROXY_UNVALIDATED|LOW_CURRENT_SAMPLE,Medium,ROUTE_PROXY_UNVALIDATED|LOW_CURRENT_SAMPLE,Medium,ROUTE_PROXY_UNVALIDATED|LOW_CURRENT_SAMPLE,Medium,ROUTE_PROXY_UNVALIDATED|LOW_CURRENT_SAMPLE,,,,,,
2025,1,,T.Taylor,NYJ,BUF,QB,,,11.551243676962333,1.1222806561140275,,,,False,True,False,24.25,66.67,,,,,35,55,52,40.2,WATCH,1,0,0,6,Projection-led limited V1 signal from existing historical-test markets.,"Limited V1: opponent fit, game script, weather, recent form, and live role/injury context are not fully sourced.",,NEEDS DATA,NEEDS DATA,NEEDS DATA,DATA_NEEDS_LIVE_CONTEXT,HISTORICAL TEST ONLY,NO-GO,False,,,,,Medium,ROUTE_PROXY_UNVALIDATED|LOW_CURRENT_SAMPLE|LOW_PLAYER_SAMPLE,Medium,ROUTE_PROXY_UNVALIDATED|LOW_CURRENT_SAMPLE|LOW_PLAYER_SAMPLE,,,,,,
2025,1,,M.Trubisky,BUF,DEN,QB,,,5.014100278626506,1.7463896729161716,,,,False,True,False,24.18,66.67,,,,,35,55,52,40.17,WATCH,1,0,0,6,Projection-led limited V1 signal from existing historical-test markets.,"Limited V1: opponent fit, game script, weather, recent form, and live role/injury context are not fully sourced.",,NEEDS DATA,NEEDS DATA,NEEDS DATA,DATA_NEEDS_LIVE_CONTEXT,HISTORICAL TEST ONLY,NO-GO,False,,,,,Medium,ROUTE_PROXY_UNVALIDATED|LOW_CURRENT_SAMPLE|LOW_PLAYER_SAMPLE,Medium,ROUTE_PROXY_UNVALIDATED|LOW_CURRENT_SAMPLE|LOW_PLAYER_SAMPLE,,,,,,
2025,1,,K.Ingram,KC,,RB,0.8101755471723389,6.087319031029587,11.465418828003267,,,,,True,True,False,23.88,66.67,,,,,35,55,52,40.03,WATCH,1,0,0,6,Projection-led limited V1 signal from existing historical-test markets.,"Limited V1: opponent fit, game script, weather, recent form, and live role/injury context are not fully sourced.",,NEEDS DATA,NEEDS DATA,NEEDS DATA,DATA_NEEDS_LIVE_CONTEXT,HISTORICAL TEST ONLY,NO-GO,False,Medium,ROUTE_PROXY_UNVALIDATED|LOW_CURRENT_SAMPLE|LOW_PLAYER_SAMPLE,Medium,ROUTE_PROXY_UNVALIDATED|LOW_CURRENT_SAMPLE|LOW_PLAYER_SAMPLE|LOW_YARDAGE_SAMPLE,Medium,ROUTE_PROXY_UNVALIDATED|LOW_CURRENT_SAMPLE|LOW_PLAYER_SAMPLE,,,,,,,,
2025,1,,M.Penix,ATL,CAR,QB,,,5.04978096615405,1.729238008616698,,,,False,True,False,23.77,66.67,,,,,35,55,52,39.98,REVIEW,1,0,0,6,Projection-led limited V1 signal from existing historical-test markets.,"Limited V1: opponent fit, game script, weather, recent form, and live role/injury context are not fully sourced.",,NEEDS DATA,NEEDS DATA,NEEDS DATA,DATA_NEEDS_LIVE_CONTEXT,HISTORICAL TEST ONLY,NO-GO,False,,,,,Medium,ROUTE_PROXY_UNVALIDATED|LOW_CURRENT_SAMPLE|LOW_PLAYER_SAMPLE|LOW_RUSH_SAMPLE,Medium,ROUTE_PROXY_UNVALIDATED|LOW_CURRENT_SAMPLE|LOW_PLAYER_SAMPLE|LOW_RUSH_SAMPLE|LOW_CARRY_SAMPLE,,,,,,
2025,1,,K.Vaughn,SF,,RB,0.909902061688486,6.531092218080343,11.179192870598076,1.4166892368296995,,,,True,True,False,23.13,66.67,,,,,35,55,52,39.69,REVIEW,1,0,0,6,Projection-led limited V1 signal from existing historical-test markets.,"Limited V1: opponent fit, game script, weather, recent form, and live role/injury context are not fully sourced.",,NEEDS DATA,NEEDS DATA,NEEDS DATA,DATA_NEEDS_LIVE_CONTEXT,HISTORICAL TEST ONLY,NO-GO,False,Medium,ROUTE_PROXY_UNVALIDATED|LOW_CURRENT_SAMPLE|LOW_PLAYER_SAMPLE,Medium,ROUTE_PROXY_UNVALIDATED|LOW_CURRENT_SAMPLE|LOW_PLAYER_SAMPLE|LOW_YARDAGE_SAMPLE,Medium,ROUTE_PROXY_UNVALIDATED|LOW_CURRENT_SAMPLE|LOW_PLAYER_SAMPLE,Medium,ROUTE_PROXY_UNVALIDATED|LOW_CURRENT_SAMPLE|LOW_PLAYER_SAMPLE,,,,,,
2025,1,,J.Brissett,NE,LAC,QB,,,10.809952413366377,1.2239610686672118,,,,False,True,False,22.39,66.67,,,,,35,55,52,39.36,REVIEW,1,0,0,6,Projection-led limited V1 signal from existing historical-test markets.,"Limited V1: opponent fit, game script, weather, recent form, and live role/injury context are not fully sourced.",,NEEDS DATA,NEEDS DATA,NEEDS DATA,DATA_NEEDS_LIVE_CONTEXT,HISTORICAL TEST ONLY,NO-GO,False,,,,,Medium,ROUTE_PROXY_UNVALIDATED|LOW_CURRENT_SAMPLE|LOW_PLAYER_SAMPLE|LOW_RUSH_SAMPLE,Medium,ROUTE_PROXY_UNVALIDATED|LOW_CURRENT_SAMPLE|LOW_PLAYER_SAMPLE|LOW_RUSH_SAMPLE|LOW_CARRY_SAMPLE,,,,,,
2025,1,,K.Pickett,PHI,KC,QB,,,5.47326307929968,1.6663902398696064,,,,False,True,False,22.13,66.67,,,,,35,55,52,39.24,REVIEW,1,0,0,6,Projection-led limited V1 signal from existing historical-test markets.,"Limited V1: opponent fit, game script, weather, recent form, and live role/injury context are not fully sourced.",,NEEDS DATA,NEEDS DATA,NEEDS DATA,DATA_NEEDS_LIVE_CONTEXT,HISTORICAL TEST ONLY,NO-GO,False,,,,,Medium,ROUTE_PROXY_UNVALIDATED|LOW_CURRENT_SAMPLE|LOW_PLAYER_SAMPLE,Medium,ROUTE_PROXY_UNVALIDATED|LOW_CURRENT_SAMPLE|LOW_PLAYER_SAMPLE,,,,,,
2025,1,,D.Ridder,LV,LAC,QB,,,10.603026198737346,1.1547590984311962,,,,False,True,False,21.64,66.67,,,,,35,55,52,39.02,REVIEW,1,0,0,6,Projection-led limited V1 signal from existing historical-test markets.,"Limited V1: opponent fit, game script, weather, recent form, and live role/injury context are not fully sourced.",,NEEDS DATA,NEEDS DATA,NEEDS DATA,DATA_NEEDS_LIVE_CONTEXT,HISTORICAL TEST ONLY,NO-GO,False,,,,,Medium,ROUTE_PROXY_UNVALIDATED|LOW_CURRENT_SAMPLE|LOW_PLAYER_SAMPLE,Medium,ROUTE_PROXY_UNVALIDATED|LOW_CURRENT_SAMPLE|LOW_PLAYER_SAMPLE,,,,,,
2025,1,,G.Holani,SEA,,RB,0.97562950510511,,9.974619799465607,1.6129555482024898,,,,True,True,False,20.52,66.67,,,,,35,55,52,38.52,REVIEW,1,0,0,6,Projection-led limited V1 signal from existing historical-test markets.,"Limited V1: opponent fit, game script, weather, recent form, and live role/injury context are not fully sourced.",,NEEDS DATA,NEEDS DATA,NEEDS DATA,DATA_NEEDS_LIVE_CONTEXT,HISTORICAL TEST ONLY,NO-GO,False,Medium,ROUTE_PROXY_UNVALIDATED|LOW_CURRENT_SAMPLE|LOW_PLAYER_SAMPLE,,,Medium,ROUTE_PROXY_UNVALIDATED|LOW_CURRENT_SAMPLE|LOW_PLAYER_SAMPLE|LOW_RUSH_SAMPLE,Medium,ROUTE_PROXY_UNVALIDATED|LOW_CURRENT_SAMPLE|LOW_PLAYER_SAMPLE|LOW_RUSH_SAMPLE|LOW_CARRY_SAMPLE,,,,,,
2025,1,,S.Clifford,GB,MIN,QB,,,9.644682259053926,1.4302093881630913,,,,False,True,False,19.78,66.67,,,,,35,55,52,38.18,REVIEW,1,0,0,6,Projection-led limited V1 signal from existing historical-test markets.,"Limited V1: opponent fit, game script, weather, recent form, and live role/injury context are not fully sourced.",,NEEDS DATA,NEEDS DATA,NEEDS DATA,DATA_NEEDS_LIVE_CONTEXT,HISTORICAL TEST ONLY,NO-GO,False,,,,,Medium,ROUTE_PROXY_UNVALIDATED|LOW_CURRENT_SAMPLE|LOW_PLAYER_SAMPLE|LOW_RUSH_SAMPLE,Medium,ROUTE_PROXY_UNVALIDATED|LOW_CURRENT_SAMPLE|LOW_PLAYER_SAMPLE|LOW_RUSH_SAMPLE|LOW_CARRY_SAMPLE,,,,,,
2025,1,,B.Hoyer,LV,CHI,QB,,,9.389058101060666,1.3591663635499314,,,,False,True,False,19.4,66.67,,,,,35,55,52,38.01,REVIEW,1,0,0,6,Projection-led limited V1 signal from existing historical-test markets.,"Limited V1: opponent fit, game script, weather, recent form, and live role/injury context are not fully sourced.",,NEEDS DATA,NEEDS DATA,NEEDS DATA,DATA_NEEDS_LIVE_CONTEXT,HISTORICAL TEST ONLY,NO-GO,False,,,,,Medium,ROUTE_PROXY_UNVALIDATED|LOW_CURRENT_SAMPLE|LOW_PLAYER_SAMPLE|LOW_RUSH_SAMPLE,Medium,ROUTE_PROXY_UNVALIDATED|LOW_CURRENT_SAMPLE|LOW_PLAYER_SAMPLE|LOW_RUSH_SAMPLE|LOW_CARRY_SAMPLE,,,,,,
2025,1,,T.Williams,CIN,,RB,0.9392462080074868,6.837050747135228,9.31338581022101,1.27127673733842,,,,True,True,False,18.28,66.67,,,,,35,55,52,37.51,REVIEW,1,0,0,6,Projection-led limited V1 signal from existing historical-test markets.,"Limited V1: opponent fit, game script, weather, recent form, and live role/injury context are not fully sourced.",,NEEDS DATA,NEEDS DATA,NEEDS DATA,DATA_NEEDS_LIVE_CONTEXT,HISTORICAL TEST ONLY,NO-GO,False,Medium,ROUTE_PROXY_UNVALIDATED|LOW_CURRENT_SAMPLE|LOW_PLAYER_SAMPLE,Medium,ROUTE_PROXY_UNVALIDATED|LOW_CURRENT_SAMPLE|LOW_PLAYER_SAMPLE|LOW_YARDAGE_SAMPLE,Medium,ROUTE_PROXY_UNVALIDATED|LOW_CURRENT_SAMPLE|LOW_PLAYER_SAMPLE|LOW_RUSH_SAMPLE,Medium,ROUTE_PROXY_UNVALIDATED|LOW_CURRENT_SAMPLE|LOW_PLAYER_SAMPLE|LOW_RUSH_SAMPLE|LOW_CARRY_SAMPLE,,,,,,
2025,1,,T.Bagent,CHI,MIN,QB,,,4.863165216764747,1.567190970034593,,,,False,True,False,17.62,66.67,,,,,35,55,52,37.21,REVIEW,1,0,0,6,Projection-led limited V1 signal from existing historical-test markets.,"Limited V1: opponent fit, game script, weather, recent form, and live role/injury context are not fully sourced.",,NEEDS DATA,NEEDS DATA,NEEDS DATA,DATA_NEEDS_LIVE_CONTEXT,HISTORICAL TEST ONLY,NO-GO,False,,,,,Medium,ROUTE_PROXY_UNVALIDATED|LOW_CURRENT_SAMPLE|LOW_PLAYER_SAMPLE,Medium,ROUTE_PROXY_UNVALIDATED|LOW_CURRENT_SAMPLE|LOW_PLAYER_SAMPLE,,,,,,
2025,1,,K.Trask,TB,CAR,QB,,,3.079098802344635,1.5154005147127556,,,,False,True,False,15.98,66.67,,,,,35,55,52,36.48,REVIEW,1,0,0,6,Projection-led limited V1 signal from existing historical-test markets.,"Limited V1: opponent fit, game script, weather, recent form, and live role/injury context are not fully sourced.",,NEEDS DATA,NEEDS DATA,NEEDS DATA,DATA_NEEDS_LIVE_CONTEXT,HISTORICAL TEST ONLY,NO-GO,False,,,,,Medium,ROUTE_PROXY_UNVALIDATED|LOW_CURRENT_SAMPLE|LOW_PLAYER_SAMPLE|LOW_RUSH_SAMPLE,Medium,ROUTE_PROXY_UNVALIDATED|LOW_CURRENT_SAMPLE|LOW_PLAYER_SAMPLE|LOW_RUSH_SAMPLE|LOW_CARRY_SAMPLE,,,,,,
2025,1,,B.Brooks,HOU,,RB,0.7213439526751569,5.5450424939387215,6.542048538013387,1.4892657333156702,,,,True,True,False,15.16,66.67,,,,,35,55,52,36.11,REVIEW,1,0,0,6,Projection-led limited V1 signal from existing historical-test markets.,"Limited V1: opponent fit, game script, weather, recent form, and live role/injury context are not fully sourced.",,NEEDS DATA,NEEDS DATA,NEEDS DATA,DATA_NEEDS_LIVE_CONTEXT,HISTORICAL TEST ONLY,NO-GO,False,Medium,ROUTE_PROXY_UNVALIDATED|LOW_CURRENT_SAMPLE|LOW_PLAYER_SAMPLE,Medium,ROUTE_PROXY_UNVALIDATED|LOW_CURRENT_SAMPLE|LOW_PLAYER_SAMPLE|LOW_YARDAGE_SAMPLE,Medium,ROUTE_PROXY_UNVALIDATED|LOW_CURRENT_SAMPLE|LOW_PLAYER_SAMPLE|LOW_RUSH_SAMPLE,Medium,ROUTE_PROXY_UNVALIDATED|LOW_CURRENT_SAMPLE|LOW_PLAYER_SAMPLE|LOW_RUSH_SAMPLE|LOW_CARRY_SAMPLE,,,,,,
2025,1,,G.Minshew,LV,DEN,QB,,,8.378531117861073,1.0572518923289262,,,,False,True,False,14.93,66.67,,,,,35,55,52,36.0,REVIEW,1,0,0,6,Projection-led limited V1 signal from existing historical-test markets.,"Limited V1: opponent fit, game script, weather, recent form, and live role/injury context are not fully sourced.",,NEEDS DATA,NEEDS DATA,NEEDS DATA,DATA_NEEDS_LIVE_CONTEXT,HISTORICAL TEST ONLY,NO-GO,False,,,,,Medium,ROUTE_PROXY_UNVALIDATED|LOW_CURRENT_SAMPLE|LOW_PLAYER_SAMPLE,Medium,ROUTE_PROXY_UNVALIDATED|LOW_CURRENT_SAMPLE|LOW_PLAYER_SAMPLE,,,,,,
2025,1,,K.Nwangwu,NYJ,,RB,0.7997509040528914,6.147764504149452,8.03154781452421,,,,,True,True,False,13.81,66.67,,,,,35,55,52,35.5,REVIEW,1,0,0,6,Projection-led limited V1 signal from existing historical-test markets.,"Limited V1: opponent fit, game script, weather, recent form, and live role/injury context are not fully sourced.",,NEEDS DATA,NEEDS DATA,NEEDS DATA,DATA_NEEDS_LIVE_CONTEXT,HISTORICAL TEST ONLY,NO-GO,False,Medium,ROUTE_PROXY_UNVALIDATED|LOW_CURRENT_SAMPLE|LOW_PLAYER_SAMPLE,Medium,ROUTE_PROXY_UNVALIDATED|LOW_CURRENT_SAMPLE|LOW_PLAYER_SAMPLE|LOW_YARDAGE_SAMPLE,Medium,ROUTE_PROXY_UNVALIDATED|LOW_CURRENT_SAMPLE|LOW_PLAYER_SAMPLE|LOW_RUSH_SAMPLE,,,,,,,,
2025,1,,M.Stafford,LA,PHI,QB,,,5.851595822764876,,11.351358856964843,8.267631974349044,,False,True,True,13.51,66.67,,,,,35,55,52,35.36,REVIEW,1,0,0,6,Projection-led limited V1 signal from existing historical-test markets.,"Limited V1: opponent fit, game script, weather, recent form, and live role/injury context are not fully sourced.",,NEEDS DATA,NEEDS DATA,NEEDS DATA,DATA_NEEDS_LIVE_CONTEXT,HISTORICAL TEST ONLY,NO-GO,False,,,,,Medium,ROUTE_PROXY_UNVALIDATED|LOW_CURRENT_SAMPLE|LOW_PLAYER_SAMPLE,,,Medium,ROUTE_PROXY_UNVALIDATED|LOW_CURRENT_SAMPLE|LOW_PLAYER_SAMPLE,Medium,ROUTE_PROXY_UNVALIDATED|LOW_CURRENT_SAMPLE|LOW_PLAYER_SAMPLE,,
2025,1,,C.Collier,LV,,RB,0.8385861120776503,,7.930833510987915,1.1514455124441023,,,,True,True,False,12.69,66.67,,,,,35,55,52,34.99,REVIEW,1,0,0,6,Projection-led limited V1 signal from existing historical-test markets.,"Limited V1: opponent fit, game script, weather, recent form, and live role/injury context are not fully sourced.",,NEEDS DATA,NEEDS DATA,NEEDS DATA,DATA_NEEDS_LIVE_CONTEXT,HISTORICAL TEST ONLY,NO-GO,False,Medium,ROUTE_PROXY_UNVALIDATED|LOW_CURRENT_SAMPLE|LOW_PLAYER_SAMPLE,,,Medium,ROUTE_PROXY_UNVALIDATED|LOW_CURRENT_SAMPLE|LOW_PLAYER_SAMPLE|LOW_RUSH_SAMPLE,Medium,ROUTE_PROXY_UNVALIDATED|LOW_CURRENT_SAMPLE|LOW_PLAYER_SAMPLE|LOW_RUSH_SAMPLE|LOW_CARRY_SAMPLE,,,,,,
2025,1,,C.Wentz,KC,DEN,QB,,,7.552227560917458,1.032489536235038,,,,False,True,False,11.94,66.67,,,,,35,55,52,34.66,REVIEW,1,0,0,6,Projection-led limited V1 signal from existing historical-test markets.,"Limited V1: opponent fit, game script, weather, recent form, and live role/injury context are not fully sourced.",,NEEDS DATA,NEEDS DATA,NEEDS DATA,DATA_NEEDS_LIVE_CONTEXT,HISTORICAL TEST ONLY,NO-GO,False,,,,,Medium,ROUTE_PROXY_UNVALIDATED|LOW_CURRENT_SAMPLE|LOW_PLAYER_SAMPLE,Medium,ROUTE_PROXY_UNVALIDATED|LOW_CURRENT_SAMPLE|LOW_PLAYER_SAMPLE,,,,,,
2025,1,,T.Heinicke,LAC,NE,QB,,,12.510824768571208,,,,,False,True,False,26.49,33.33,,,,,35,55,52,34.54,REVIEW,0,0,0,6,Projection-led limited V1 signal from existing historical-test markets.,"Limited V1: opponent fit, game script, weather, recent form, and live role/injury context are not fully sourced.",,NEEDS DATA,NEEDS DATA,NEEDS DATA,DATA_NEEDS_LIVE_CONTEXT,HISTORICAL TEST ONLY,NO-GO,False,,,,,Medium,ROUTE_PROXY_UNVALIDATED|LOW_CURRENT_SAMPLE|LOW_PLAYER_SAMPLE|LOW_RUSH_SAMPLE,,,,,,,,
2025,1,,A.Beck,HOU,,RB,0.4108325335727472,,6.845153786608376,1.299869312851876,,,,True,True,False,10.45,66.67,,,,,35,55,52,33.99,REVIEW,1,0,0,6,Projection-led limited V1 signal from existing historical-test markets.,"Limited V1: opponent fit, game script, weather, recent form, and live role/injury context are not fully sourced.",,NEEDS DATA,NEEDS DATA,NEEDS DATA,DATA_NEEDS_LIVE_CONTEXT,HISTORICAL TEST ONLY,NO-GO,False,Medium,ROUTE_PROXY_UNVALIDATED|LOW_CURRENT_SAMPLE,,,Medium,ROUTE_PROXY_UNVALIDATED|LOW_CURRENT_SAMPLE|LOW_RUSH_SAMPLE,Medium,ROUTE_PROXY_UNVALIDATED|LOW_CURRENT_SAMPLE|LOW_RUSH_SAMPLE|LOW_CARRY_SAMPLE,,,,,,
2025,1,,D.Laube,LV,,RB,0.8154322943284383,6.268308906191598,3.131738797645112,,,,,True,True,False,9.77,66.67,,,,,35,55,52,33.68,REVIEW,1,0,0,6,Projection-led limited V1 signal from existing historical-test markets.,"Limited V1: opponent fit, game script, weather, recent form, and live role/injury context are not fully sourced.",,NEEDS DATA,NEEDS DATA,NEEDS DATA,DATA_NEEDS_LIVE_CONTEXT,HISTORICAL TEST ONLY,NO-GO,False,Medium,ROUTE_PROXY_UNVALIDATED|LOW_CURRENT_SAMPLE|LOW_PLAYER_SAMPLE,Medium,ROUTE_PROXY_UNVALIDATED|LOW_CURRENT_SAMPLE|LOW_PLAYER_SAMPLE|LOW_YARDAGE_SAMPLE,Medium,ROUTE_PROXY_UNVALIDATED|LOW_CURRENT_SAMPLE|LOW_PLAYER_SAMPLE|LOW_RUSH_SAMPLE,,,,,,,,
2025,1,,A.O'Connell,LV,LAC,QB,,,6.137610492853247,1.1396686974867978,,,,False,True,False,8.58,66.67,,,,,35,55,52,33.15,REVIEW,1,0,0,6,Projection-led limited V1 signal from existing historical-test markets.,"Limited V1: opponent fit, game script, weather, recent form, and live role/injury context are not fully sourced.",,NEEDS DATA,NEEDS DATA,NEEDS DATA,DATA_NEEDS_LIVE_CONTEXT,HISTORICAL TEST ONLY,NO-GO,False,,,,,Medium,ROUTE_PROXY_UNVALIDATED|LOW_CURRENT_SAMPLE|LOW_PLAYER_SAMPLE,Medium,ROUTE_PROXY_UNVALIDATED|LOW_CURRENT_SAMPLE|LOW_PLAYER_SAMPLE,,,,,,
2025,1,,J.Browning,CIN,CLE,QB,,,4.620977031741929,1.2335926316819688,,,,False,True,False,6.97,66.67,,,,,35,55,52,32.42,REVIEW,1,0,0,6,Projection-led limited V1 signal from existing historical-test markets.,"Limited V1: opponent fit, game script, weather, recent form, and live role/injury context are not fully sourced.",,NEEDS DATA,NEEDS DATA,NEEDS DATA,DATA_NEEDS_LIVE_CONTEXT,HISTORICAL TEST ONLY,NO-GO,False,,,,,Medium,ROUTE_PROXY_UNVALIDATED|LOW_CURRENT_SAMPLE|LOW_PLAYER_SAMPLE,Medium,ROUTE_PROXY_UNVALIDATED|LOW_CURRENT_SAMPLE|LOW_PLAYER_SAMPLE,,,,,,
2025,1,,H.Hooker,DET,JAX,QB,,,3.9204547290312384,1.1429482949157173,,,,False,True,False,4.51,66.67,,,,,35,55,52,31.31,REVIEW,1,0,0,6,Projection-led limited V1 signal from existing historical-test markets.,"Limited V1: opponent fit, game script, weather, recent form, and live role/injury context are not fully sourced.",,NEEDS DATA,NEEDS DATA,NEEDS DATA,DATA_NEEDS_LIVE_CONTEXT,HISTORICAL TEST ONLY,NO-GO,False,,,,,Medium,ROUTE_PROXY_UNVALIDATED|LOW_CURRENT_SAMPLE|LOW_PLAYER_SAMPLE|LOW_RUSH_SAMPLE,Medium,ROUTE_PROXY_UNVALIDATED|LOW_CURRENT_SAMPLE|LOW_PLAYER_SAMPLE|LOW_RUSH_SAMPLE|LOW_CARRY_SAMPLE,,,,,,
2025,1,,A.Prentice,NO,,RB,0.3245152490634904,,9.366303347416514,,,,,True,True,False,19.03,33.33,,,,,35,55,52,31.18,REVIEW,0,0,0,6,Projection-led limited V1 signal from existing historical-test markets.,"Limited V1: opponent fit, game script, weather, recent form, and live role/injury context are not fully sourced.",,NEEDS DATA,NEEDS DATA,NEEDS DATA,DATA_NEEDS_LIVE_CONTEXT,HISTORICAL TEST ONLY,NO-GO,False,Medium,ROUTE_PROXY_UNVALIDATED|LOW_CURRENT_SAMPLE|LOW_PLAYER_SAMPLE,,,Medium,ROUTE_PROXY_UNVALIDATED|LOW_CURRENT_SAMPLE|LOW_PLAYER_SAMPLE|LOW_RUSH_SAMPLE,,,,,,,,
2025,1,,J.Winston,CLE,KC,QB,,,8.80995457955574,,,,,False,True,False,16.42,33.33,,,,,35,55,52,30.0,REVIEW,0,0,0,6,Projection-led limited V1 signal from existing historical-test markets.,"Limited V1: opponent fit, game script, weather, recent form, and live role/injury context are not fully sourced.",,NEEDS DATA,NEEDS DATA,NEEDS DATA,DATA_NEEDS_LIVE_CONTEXT,HISTORICAL TEST ONLY,NO-GO,False,,,,,Medium,ROUTE_PROXY_UNVALIDATED|LOW_CURRENT_SAMPLE|LOW_PLAYER_SAMPLE,,,,,,,,
2025,1,,A.Rodgers,NYJ,MIA,QB,,,8.792000714625633,,,,,False,True,False,16.04,33.33,,,,,35,55,52,29.83,REVIEW,0,0,0,6,Projection-led limited V1 signal from existing historical-test markets.,"Limited V1: opponent fit, game script, weather, recent form, and live role/injury context are not fully sourced.",,NEEDS DATA,NEEDS DATA,NEEDS DATA,DATA_NEEDS_LIVE_CONTEXT,HISTORICAL TEST ONLY,NO-GO,False,,,,,Medium,ROUTE_PROXY_UNVALIDATED|LOW_CURRENT_SAMPLE|LOW_PLAYER_SAMPLE,,,,,,,,
2025,1,,C.Oladokun,KC,DEN,QB,,,7.964931070034651,,,,,False,True,False,13.06,33.33,,,,,35,55,52,28.49,REVIEW,0,0,0,6,Projection-led limited V1 signal from existing historical-test markets.,"Limited V1: opponent fit, game script, weather, recent form, and live role/injury context are not fully sourced.",,NEEDS DATA,NEEDS DATA,NEEDS DATA,DATA_NEEDS_LIVE_CONTEXT,HISTORICAL TEST ONLY,NO-GO,False,,,,,Medium,ROUTE_PROXY_UNVALIDATED|LOW_CURRENT_SAMPLE|LOW_PLAYER_SAMPLE|LOW_RUSH_SAMPLE,,,,,,,,
2025,1,,J.Johnson,BAL,HOU,QB,,,,1.3750284118997014,,,,False,True,False,11.89,33.33,,,,,35,55,52,27.97,REVIEW,0,0,0,6,Projection-led limited V1 signal from existing historical-test markets.,"Limited V1: opponent fit, game script, weather, recent form, and live role/injury context are not fully sourced.",,NEEDS DATA,NEEDS DATA,NEEDS DATA,DATA_NEEDS_LIVE_CONTEXT,HISTORICAL TEST ONLY,NO-GO,False,,,,,,,Medium,ROUTE_PROXY_UNVALIDATED|LOW_CURRENT_SAMPLE|LOW_PLAYER_SAMPLE|LOW_RUSH_SAMPLE|LOW_CARRY_SAMPLE,,,,,,
2025,1,,B.Zappe,CLE,BAL,QB,,,7.222755498201778,,,,,False,True,False,10.82,33.33,,,,,35,55,52,27.48,REVIEW,0,0,0,6,Projection-led limited V1 signal from existing historical-test markets.,"Limited V1: opponent fit, game script, weather, recent form, and live role/injury context are not fully sourced.",,NEEDS DATA,NEEDS DATA,NEEDS DATA,DATA_NEEDS_LIVE_CONTEXT,HISTORICAL TEST ONLY,NO-GO,False,,,,,Medium,ROUTE_PROXY_UNVALIDATED|LOW_CURRENT_SAMPLE|LOW_PLAYER_SAMPLE|LOW_RUSH_SAMPLE,,,,,,,,
2025,1,,J.Haener,NO,WAS,QB,,,5.543391591353126,,,,,False,True,False,7.84,33.33,,,,,35,55,52,26.14,REVIEW,0,0,0,6,Projection-led limited V1 signal from existing historical-test markets.,"Limited V1: opponent fit, game script, weather, recent form, and live role/injury context are not fully sourced.",,NEEDS DATA,NEEDS DATA,NEEDS DATA,DATA_NEEDS_LIVE_CONTEXT,HISTORICAL TEST ONLY,NO-GO,False,,,,,Medium,ROUTE_PROXY_UNVALIDATED|LOW_CURRENT_SAMPLE|LOW_PLAYER_SAMPLE|LOW_RUSH_SAMPLE,,,,,,,,
2025,1,,T.Boyle,NYG,BAL,QB,,,5.528416054860145,,,,,False,True,False,7.46,33.33,,,,,35,55,52,25.97,REVIEW,0,0,0,6,Projection-led limited V1 signal from existing historical-test markets.,"Limited V1: opponent fit, game script, weather, recent form, and live role/injury context are not fully sourced.",,NEEDS DATA,NEEDS DATA,NEEDS DATA,DATA_NEEDS_LIVE_CONTEXT,HISTORICAL TEST ONLY,NO-GO,False,,,,,Medium,ROUTE_PROXY_UNVALIDATED|LOW_CURRENT_SAMPLE|LOW_PLAYER_SAMPLE|LOW_RUSH_SAMPLE,,,,,,,,
2025,1,,S.Thompson,MIA,SEA,QB,,,5.297075150298799,,,,,False,True,False,6.72,33.33,,,,,35,55,52,25.64,REVIEW,0,0,0,6,Projection-led limited V1 signal from existing historical-test markets.,"Limited V1: opponent fit, game script, weather, recent form, and live role/injury context are not fully sourced.",,NEEDS DATA,NEEDS DATA,NEEDS DATA,DATA_NEEDS_LIVE_CONTEXT,HISTORICAL TEST ONLY,NO-GO,False,,,,,Medium,ROUTE_PROXY_UNVALIDATED|LOW_CURRENT_SAMPLE|LOW_PLAYER_SAMPLE|LOW_RUSH_SAMPLE,,,,,,,,
2025,1,,D.Mills,HOU,TEN,QB,,,5.20532129392086,,,,,False,True,False,6.34,33.33,,,,,35,55,52,25.47,REVIEW,0,0,0,6,Projection-led limited V1 signal from existing historical-test markets.,"Limited V1: opponent fit, game script, weather, recent form, and live role/injury context are not fully sourced.",,NEEDS DATA,NEEDS DATA,NEEDS DATA,DATA_NEEDS_LIVE_CONTEXT,HISTORICAL TEST ONLY,NO-GO,False,,,,,Medium,ROUTE_PROXY_UNVALIDATED|LOW_CURRENT_SAMPLE|LOW_PLAYER_SAMPLE|LOW_RUSH_SAMPLE,,,,,,,,
2025,1,,K.Allen,PIT,DAL,QB,,,4.1907388831435854,,,,,False,True,False,3.73,33.33,,,,,35,55,52,24.29,REVIEW,0,0,0,6,Projection-led limited V1 signal from existing historical-test markets.,"Limited V1: opponent fit, game script, weather, recent form, and live role/injury context are not fully sourced.",,NEEDS DATA,NEEDS DATA,NEEDS DATA,DATA_NEEDS_LIVE_CONTEXT,HISTORICAL TEST ONLY,NO-GO,False,,,,,Medium,ROUTE_PROXY_UNVALIDATED|LOW_CURRENT_SAMPLE|LOW_PLAYER_SAMPLE|LOW_RUSH_SAMPLE,,,,,,,,
2025,1,,B.Allen,SF,CHI,QB,,,4.006041361786329,,,,,False,True,False,3.36,33.33,,,,,35,55,52,24.13,REVIEW,0,0,0,6,Projection-led limited V1 signal from existing historical-test markets.,"Limited V1: opponent fit, game script, weather, recent form, and live role/injury context are not fully sourced.",,NEEDS DATA,NEEDS DATA,NEEDS DATA,DATA_NEEDS_LIVE_CONTEXT,HISTORICAL TEST ONLY,NO-GO,False,,,,,Medium,ROUTE_PROXY_UNVALIDATED|LOW_CURRENT_SAMPLE|LOW_PLAYER_SAMPLE|LOW_RUSH_SAMPLE,,,,,,,,
2025,1,,M.White,BUF,NE,QB,,,3.595205581191488,,,,,False,True,False,1.87,33.33,,,,,35,55,52,23.46,REVIEW,0,0,0,6,Projection-led limited V1 signal from existing historical-test markets.,"Limited V1: opponent fit, game script, weather, recent form, and live role/injury context are not fully sourced.",,NEEDS DATA,NEEDS DATA,NEEDS DATA,DATA_NEEDS_LIVE_CONTEXT,HISTORICAL TEST ONLY,NO-GO,False,,,,,Medium,ROUTE_PROXY_UNVALIDATED|LOW_CURRENT_SAMPLE|LOW_PLAYER_SAMPLE|LOW_RUSH_SAMPLE,,,,,,,,
2025,1,,T.Bridgewater,DET,WAS,QB,,,3.520600241381461,,,,,False,True,False,1.49,33.33,,,,,35,55,52,23.29,REVIEW,0,0,0,6,Projection-led limited V1 signal from existing historical-test markets.,"Limited V1: opponent fit, game script, weather, recent form, and live role/injury context are not fully sourced.",,NEEDS DATA,NEEDS DATA,NEEDS DATA,DATA_NEEDS_LIVE_CONTEXT,HISTORICAL TEST ONLY,NO-GO,False,,,,,Medium,ROUTE_PROXY_UNVALIDATED|LOW_CURRENT_SAMPLE|LOW_PLAYER_SAMPLE|LOW_RUSH_SAMPLE,,,,,,,,
2025,1,,C.Tune,ARI,SF,QB,,,3.4266636161861563,,,,,False,True,False,1.12,33.33,,,,,35,55,52,23.12,REVIEW,0,0,0,6,Projection-led limited V1 signal from existing historical-test markets.,"Limited V1: opponent fit, game script, weather, recent form, and live role/injury context are not fully sourced.",,NEEDS DATA,NEEDS DATA,NEEDS DATA,DATA_NEEDS_LIVE_CONTEXT,HISTORICAL TEST ONLY,NO-GO,False,,,,,Medium,ROUTE_PROXY_UNVALIDATED|LOW_CURRENT_SAMPLE|LOW_PLAYER_SAMPLE|LOW_RUSH_SAMPLE,,,,,,,,
