player_id,player_name,team,opponent,position,market_family,overall_signal_score,signal_tier,plain_english_summary,why_green,why_yellow_or_review,why_red_or_blocked,data_limitations,recommended_user_action
,S.Barkley,PHI,,RB,"receiving, rushing",76.1,STRONG_SIGNAL,STRONG_SIGNAL at 76.1. Main support: projection strength: 100.0; usage foundation: 66.7. Main caution: role and availability context: 35.0; missing signal count: 5.,projection strength: 100.0; usage foundation: 66.7; data quality: 65.7,,nan,weather not sourced; live role/injury gates not ready; defense fit limited; game environment limited,BLOCKED_DATA
,J.Chase,CIN,,WR,receiving,76.1,STRONG_SIGNAL,STRONG_SIGNAL at 76.1. Main support: projection strength: 100.0; usage foundation: 66.7. Main caution: role and availability context: 35.0; missing signal count: 5.,projection strength: 100.0; usage foundation: 66.7; data quality: 65.7,,nan,weather not sourced; live role/injury gates not ready; defense fit limited; game environment limited,BLOCKED_DATA
,J.Taylor,IND,,RB,"receiving, rushing",76.1,STRONG_SIGNAL,STRONG_SIGNAL at 76.1. Main support: projection strength: 100.0; usage foundation: 66.7. Main caution: role and availability context: 35.0; missing signal count: 5.,projection strength: 100.0; usage foundation: 66.7; data quality: 65.7,,nan,weather not sourced; live role/injury gates not ready; defense fit limited; game environment limited,BLOCKED_DATA
,K.Murray,ARI,SF,QB,"rushing, passing",76.1,STRONG_SIGNAL,STRONG_SIGNAL at 76.1. Main support: projection strength: 100.0; usage foundation: 66.7. Main caution: role and availability context: 35.0; missing signal count: 5.,projection strength: 100.0; usage foundation: 66.7; data quality: 65.7,,nan,weather not sourced; live role/injury gates not ready; defense fit limited; game environment limited,BLOCKED_DATA
,P.Nacua,LA,,WR,receiving,76.03,STRONG_SIGNAL,STRONG_SIGNAL at 76.0. Main support: projection strength: 99.8; usage foundation: 66.7. Main caution: role and availability context: 35.0; missing signal count: 5.,projection strength: 99.8; usage foundation: 66.7; data quality: 65.7,,nan,weather not sourced; live role/injury gates not ready; defense fit limited; game environment limited,BLOCKED_DATA
,T.Higgins,CIN,,WR,receiving,75.96,STRONG_SIGNAL,STRONG_SIGNAL at 76.0. Main support: projection strength: 99.7; usage foundation: 66.7. Main caution: role and availability context: 35.0; missing signal count: 5.,projection strength: 99.7; usage foundation: 66.7; data quality: 65.7,,nan,weather not sourced; live role/injury gates not ready; defense fit limited; game environment limited,BLOCKED_DATA
,B.Thomas,JAX,,WR,receiving,75.95,STRONG_SIGNAL,STRONG_SIGNAL at 76.0. Main support: projection strength: 99.7; usage foundation: 66.7. Main caution: role and availability context: 35.0; missing signal count: 5.,projection strength: 99.7; usage foundation: 66.7; data quality: 65.7,,nan,weather not sourced; live role/injury gates not ready; defense fit limited; game environment limited,BLOCKED_DATA
,D.Henry,BAL,,RB,"receiving, rushing",75.94,STRONG_SIGNAL,STRONG_SIGNAL at 75.9. Main support: projection strength: 99.6; usage foundation: 66.7. Main caution: role and availability context: 35.0; missing signal count: 5.,projection strength: 99.6; usage foundation: 66.7; data quality: 65.7,,nan,weather not sourced; live role/injury gates not ready; defense fit limited; game environment limited,BLOCKED_DATA
,J.Jefferson,MIN,,WR,receiving,75.88,STRONG_SIGNAL,STRONG_SIGNAL at 75.9. Main support: projection strength: 99.5; usage foundation: 66.7. Main caution: role and availability context: 35.0; missing signal count: 5.,projection strength: 99.5; usage foundation: 66.7; data quality: 65.7,,nan,weather not sourced; live role/injury gates not ready; defense fit limited; game environment limited,BLOCKED_DATA
,J.Jeudy,CLE,,WR,receiving,75.83,STRONG_SIGNAL,STRONG_SIGNAL at 75.8. Main support: projection strength: 99.4; usage foundation: 66.7. Main caution: role and availability context: 35.0; missing signal count: 5.,projection strength: 99.4; usage foundation: 66.7; data quality: 65.7,,nan,weather not sourced; live role/injury gates not ready; defense fit limited; game environment limited,BLOCKED_DATA
,B.Robinson,ATL,,RB,"receiving, rushing",75.74,STRONG_SIGNAL,STRONG_SIGNAL at 75.7. Main support: projection strength: 99.2; usage foundation: 66.7. Main caution: role and availability context: 35.0; missing signal count: 5.,projection strength: 99.2; usage foundation: 66.7; data quality: 65.7,,nan,weather not sourced; live role/injury gates not ready; defense fit limited; game environment limited,BLOCKED_DATA
,L.McConkey,LAC,,WR,receiving,75.74,STRONG_SIGNAL,STRONG_SIGNAL at 75.7. Main support: projection strength: 99.2; usage foundation: 66.7. Main caution: role and availability context: 35.0; missing signal count: 5.,projection strength: 99.2; usage foundation: 66.7; data quality: 65.7,,nan,weather not sourced; live role/injury gates not ready; defense fit limited; game environment limited,BLOCKED_DATA
,A.St. Brown,DET,,WR,receiving,75.69,STRONG_SIGNAL,STRONG_SIGNAL at 75.7. Main support: projection strength: 99.1; usage foundation: 66.7. Main caution: role and availability context: 35.0; missing signal count: 5.,projection strength: 99.1; usage foundation: 66.7; data quality: 65.7,,nan,weather not sourced; live role/injury gates not ready; defense fit limited; game environment limited,BLOCKED_DATA
,D.Moore,CHI,,WR,receiving,75.62,STRONG_SIGNAL,STRONG_SIGNAL at 75.6. Main support: projection strength: 98.9; usage foundation: 66.7. Main caution: role and availability context: 35.0; missing signal count: 5.,projection strength: 98.9; usage foundation: 66.7; data quality: 65.7,,nan,weather not sourced; live role/injury gates not ready; defense fit limited; game environment limited,BLOCKED_DATA
,K.Williams,LA,,RB,"receiving, rushing",75.61,STRONG_SIGNAL,STRONG_SIGNAL at 75.6. Main support: projection strength: 98.9; usage foundation: 66.7. Main caution: role and availability context: 35.0; missing signal count: 5.,projection strength: 98.9; usage foundation: 66.7; data quality: 65.7,,nan,weather not sourced; live role/injury gates not ready; defense fit limited; game environment limited,BLOCKED_DATA
,T.Shavers,BUF,,WR,receiving,75.6,STRONG_SIGNAL,STRONG_SIGNAL at 75.6. Main support: projection strength: 98.8; usage foundation: 66.7. Main caution: role and availability context: 35.0; missing signal count: 5.,projection strength: 98.8; usage foundation: 66.7; data quality: 65.7,,nan,weather not sourced; live role/injury gates not ready; defense fit limited; game environment limited,BLOCKED_DATA
,D.Adams,NYJ,,WR,receiving,75.48,STRONG_SIGNAL,STRONG_SIGNAL at 75.5. Main support: projection strength: 98.6; usage foundation: 66.7. Main caution: role and availability context: 35.0; missing signal count: 5.,projection strength: 98.6; usage foundation: 66.7; data quality: 65.7,,nan,weather not sourced; live role/injury gates not ready; defense fit limited; game environment limited,BLOCKED_DATA
,T.McLaurin,WAS,,WR,receiving,75.42,STRONG_SIGNAL,STRONG_SIGNAL at 75.4. Main support: projection strength: 98.4; usage foundation: 66.7. Main caution: role and availability context: 35.0; missing signal count: 5.,projection strength: 98.4; usage foundation: 66.7; data quality: 65.7,,nan,weather not sourced; live role/injury gates not ready; defense fit limited; game environment limited,BLOCKED_DATA
,Ja.Williams,DET,,WR,receiving,75.38,STRONG_SIGNAL,STRONG_SIGNAL at 75.4. Main support: projection strength: 98.4; usage foundation: 66.7. Main caution: role and availability context: 35.0; missing signal count: 5.,projection strength: 98.4; usage foundation: 66.7; data quality: 65.7,,nan,weather not sourced; live role/injury gates not ready; defense fit limited; game environment limited,BLOCKED_DATA
,J.Mixon,HOU,,RB,"receiving, rushing",75.38,STRONG_SIGNAL,STRONG_SIGNAL at 75.4. Main support: projection strength: 98.4; usage foundation: 66.7. Main caution: role and availability context: 35.0; missing signal count: 5.,projection strength: 98.4; usage foundation: 66.7; data quality: 65.7,,nan,weather not sourced; live role/injury gates not ready; defense fit limited; game environment limited,BLOCKED_DATA
00-0034855,B.Mayfield,TB,WAS,QB,passing,75.36,STRONG_SIGNAL,STRONG_SIGNAL at 75.4. Main support: recent form: 99.3; projection strength: 96.3. Main caution: usage foundation: 33.3; role and availability context: 35.0.,recent form: 99.3; projection strength: 96.3; data quality: 79.0,,nan,weather not sourced; live role/injury gates not ready; game environment limited,BLOCKED_DATA
,D.Bell,CLE,,WR,receiving,75.35,STRONG_SIGNAL,STRONG_SIGNAL at 75.3. Main support: projection strength: 98.3; usage foundation: 66.7. Main caution: role and availability context: 35.0; missing signal count: 5.,projection strength: 98.3; usage foundation: 66.7; data quality: 65.7,,nan,weather not sourced; live role/injury gates not ready; defense fit limited; game environment limited,BLOCKED_DATA
,J.Jennings,SF,,WR,receiving,75.31,STRONG_SIGNAL,STRONG_SIGNAL at 75.3. Main support: projection strength: 98.2; usage foundation: 66.7. Main caution: role and availability context: 35.0; missing signal count: 5.,projection strength: 98.2; usage foundation: 66.7; data quality: 65.7,,nan,weather not sourced; live role/injury gates not ready; defense fit limited; game environment limited,BLOCKED_DATA
,J.Jacobs,GB,,RB,"receiving, rushing",75.28,STRONG_SIGNAL,STRONG_SIGNAL at 75.3. Main support: projection strength: 98.1; usage foundation: 66.7. Main caution: role and availability context: 35.0; missing signal count: 5.,projection strength: 98.1; usage foundation: 66.7; data quality: 65.7,,nan,weather not sourced; live role/injury gates not ready; defense fit limited; game environment limited,BLOCKED_DATA
,M.Evans,TB,,WR,receiving,75.21,STRONG_SIGNAL,STRONG_SIGNAL at 75.2. Main support: projection strength: 98.0; usage foundation: 66.7. Main caution: role and availability context: 35.0; missing signal count: 5.,projection strength: 98.0; usage foundation: 66.7; data quality: 65.7,,nan,weather not sourced; live role/injury gates not ready; defense fit limited; game environment limited,BLOCKED_DATA
,T.Pollard,TEN,,RB,"receiving, rushing",75.2,STRONG_SIGNAL,STRONG_SIGNAL at 75.2. Main support: projection strength: 98.0; usage foundation: 66.7. Main caution: role and availability context: 35.0; missing signal count: 5.,projection strength: 98.0; usage foundation: 66.7; data quality: 65.7,,nan,weather not sourced; live role/injury gates not ready; defense fit limited; game environment limited,BLOCKED_DATA
,N.Collins,HOU,,WR,receiving,75.17,STRONG_SIGNAL,STRONG_SIGNAL at 75.2. Main support: projection strength: 97.9; usage foundation: 66.7. Main caution: role and availability context: 35.0; missing signal count: 5.,projection strength: 97.9; usage foundation: 66.7; data quality: 65.7,,nan,weather not sourced; live role/injury gates not ready; defense fit limited; game environment limited,BLOCKED_DATA
,M.Nabers,NYG,,WR,receiving,75.14,STRONG_SIGNAL,STRONG_SIGNAL at 75.1. Main support: projection strength: 97.8; usage foundation: 66.7. Main caution: role and availability context: 35.0; missing signal count: 5.,projection strength: 97.8; usage foundation: 66.7; data quality: 65.7,,nan,weather not sourced; live role/injury gates not ready; defense fit limited; game environment limited,BLOCKED_DATA
,J.Gibbs,DET,,RB,"receiving, rushing",75.12,STRONG_SIGNAL,STRONG_SIGNAL at 75.1. Main support: projection strength: 97.8; usage foundation: 66.7. Main caution: role and availability context: 35.0; missing signal count: 5.,projection strength: 97.8; usage foundation: 66.7; data quality: 65.7,,nan,weather not sourced; live role/injury gates not ready; defense fit limited; game environment limited,BLOCKED_DATA
,J.Smith-Njigba,SEA,,WR,receiving,75.08,STRONG_SIGNAL,STRONG_SIGNAL at 75.1. Main support: projection strength: 97.7; usage foundation: 66.7. Main caution: role and availability context: 35.0; missing signal count: 5.,projection strength: 97.7; usage foundation: 66.7; data quality: 65.7,,nan,weather not sourced; live role/injury gates not ready; defense fit limited; game environment limited,BLOCKED_DATA
,R.Dowdle,DAL,,RB,"receiving, rushing",75.02,STRONG_SIGNAL,STRONG_SIGNAL at 75.0. Main support: projection strength: 97.5; usage foundation: 66.7. Main caution: role and availability context: 35.0; missing signal count: 5.,projection strength: 97.5; usage foundation: 66.7; data quality: 65.7,,nan,weather not sourced; live role/injury gates not ready; defense fit limited; game environment limited,BLOCKED_DATA
,B.Aiyuk,SF,,WR,receiving,75.02,STRONG_SIGNAL,STRONG_SIGNAL at 75.0. Main support: projection strength: 97.5; usage foundation: 66.7. Main caution: role and availability context: 35.0; missing signal count: 5.,projection strength: 97.5; usage foundation: 66.7; data quality: 65.7,,nan,weather not sourced; live role/injury gates not ready; defense fit limited; game environment limited,BLOCKED_DATA
,J.Meyers,LV,,WR,receiving,75.01,STRONG_SIGNAL,STRONG_SIGNAL at 75.0. Main support: projection strength: 97.5; usage foundation: 66.7. Main caution: role and availability context: 35.0; missing signal count: 5.,projection strength: 97.5; usage foundation: 66.7; data quality: 65.7,,nan,weather not sourced; live role/injury gates not ready; defense fit limited; game environment limited,BLOCKED_DATA
,J.Addison,MIN,,WR,receiving,74.95,STRONG_SIGNAL,STRONG_SIGNAL at 75.0. Main support: projection strength: 97.4; usage foundation: 66.7. Main caution: role and availability context: 35.0; missing signal count: 5.,projection strength: 97.4; usage foundation: 66.7; data quality: 65.7,,nan,weather not sourced; live role/injury gates not ready; defense fit limited; game environment limited,BLOCKED_DATA
,S.Diggs,HOU,,WR,receiving,74.94,STRONG_SIGNAL,STRONG_SIGNAL at 74.9. Main support: projection strength: 97.3; usage foundation: 66.7. Main caution: role and availability context: 35.0; missing signal count: 5.,projection strength: 97.3; usage foundation: 66.7; data quality: 65.7,,nan,weather not sourced; live role/injury gates not ready; defense fit limited; game environment limited,BLOCKED_DATA
,C.Williams,CHI,GB,QB,"rushing, passing",74.92,STRONG_SIGNAL,STRONG_SIGNAL at 74.9. Main support: projection strength: 97.3; usage foundation: 66.7. Main caution: role and availability context: 35.0; missing signal count: 5.,projection strength: 97.3; usage foundation: 66.7; data quality: 65.7,,nan,weather not sourced; live role/injury gates not ready; defense fit limited; game environment limited,BLOCKED_DATA
,W.Robinson,NYG,,WR,receiving,74.87,STRONG_SIGNAL,STRONG_SIGNAL at 74.9. Main support: projection strength: 97.2; usage foundation: 66.7. Main caution: role and availability context: 35.0; missing signal count: 5.,projection strength: 97.2; usage foundation: 66.7; data quality: 65.7,,nan,weather not sourced; live role/injury gates not ready; defense fit limited; game environment limited,BLOCKED_DATA
,B.Irving,TB,,RB,"receiving, rushing",74.84,STRONG_SIGNAL,STRONG_SIGNAL at 74.8. Main support: projection strength: 97.1; usage foundation: 66.7. Main caution: role and availability context: 35.0; missing signal count: 5.,projection strength: 97.1; usage foundation: 66.7; data quality: 65.7,,nan,weather not sourced; live role/injury gates not ready; defense fit limited; game environment limited,BLOCKED_DATA
,A.Gould,IND,,WR,receiving,74.81,STRONG_SIGNAL,STRONG_SIGNAL at 74.8. Main support: projection strength: 97.0; usage foundation: 66.7. Main caution: role and availability context: 35.0; missing signal count: 5.,projection strength: 97.0; usage foundation: 66.7; data quality: 65.7,,nan,weather not sourced; live role/injury gates not ready; defense fit limited; game environment limited,BLOCKED_DATA
,C.Godwin,TB,,WR,receiving,74.8,STRONG_SIGNAL,STRONG_SIGNAL at 74.8. Main support: projection strength: 97.0; usage foundation: 66.7. Main caution: role and availability context: 35.0; missing signal count: 5.,projection strength: 97.0; usage foundation: 66.7; data quality: 65.7,,nan,weather not sourced; live role/injury gates not ready; defense fit limited; game environment limited,BLOCKED_DATA
,C.Hubbard,CAR,,RB,"receiving, rushing",74.79,STRONG_SIGNAL,STRONG_SIGNAL at 74.8. Main support: projection strength: 97.0; usage foundation: 66.7. Main caution: role and availability context: 35.0; missing signal count: 5.,projection strength: 97.0; usage foundation: 66.7; data quality: 65.7,,nan,weather not sourced; live role/injury gates not ready; defense fit limited; game environment limited,BLOCKED_DATA
,B.Mayfield,TB,WAS,QB,"rushing, passing",74.77,STRONG_SIGNAL,STRONG_SIGNAL at 74.8. Main support: projection strength: 97.0; usage foundation: 66.7. Main caution: role and availability context: 35.0; missing signal count: 5.,projection strength: 97.0; usage foundation: 66.7; data quality: 65.7,,nan,weather not sourced; live role/injury gates not ready; defense fit limited; game environment limited,BLOCKED_DATA
,R.Pearsall,SF,,WR,receiving,74.74,STRONG_SIGNAL,STRONG_SIGNAL at 74.7. Main support: projection strength: 96.9; usage foundation: 66.7. Main caution: role and availability context: 35.0; missing signal count: 5.,projection strength: 96.9; usage foundation: 66.7; data quality: 65.7,,nan,weather not sourced; live role/injury gates not ready; defense fit limited; game environment limited,BLOCKED_DATA
,D.Brown,WAS,,WR,receiving,74.73,STRONG_SIGNAL,STRONG_SIGNAL at 74.7. Main support: projection strength: 96.9; usage foundation: 66.7. Main caution: role and availability context: 35.0; missing signal count: 5.,projection strength: 96.9; usage foundation: 66.7; data quality: 65.7,,nan,weather not sourced; live role/injury gates not ready; defense fit limited; game environment limited,BLOCKED_DATA
,D.Swift,CHI,,RB,"receiving, rushing",74.66,STRONG_SIGNAL,STRONG_SIGNAL at 74.7. Main support: projection strength: 96.7; usage foundation: 66.7. Main caution: role and availability context: 35.0; missing signal count: 5.,projection strength: 96.7; usage foundation: 66.7; data quality: 65.7,,nan,weather not sourced; live role/injury gates not ready; defense fit limited; game environment limited,BLOCKED_DATA
,K.Allen,CHI,,WR,receiving,74.66,STRONG_SIGNAL,STRONG_SIGNAL at 74.7. Main support: projection strength: 96.7; usage foundation: 66.7. Main caution: role and availability context: 35.0; missing signal count: 5.,projection strength: 96.7; usage foundation: 66.7; data quality: 65.7,,nan,weather not sourced; live role/injury gates not ready; defense fit limited; game environment limited,BLOCKED_DATA
,J.Conner,ARI,,RB,"receiving, rushing",74.63,STRONG_SIGNAL,STRONG_SIGNAL at 74.6. Main support: projection strength: 96.6; usage foundation: 66.7. Main caution: role and availability context: 35.0; missing signal count: 5.,projection strength: 96.6; usage foundation: 66.7; data quality: 65.7,,nan,weather not sourced; live role/injury gates not ready; defense fit limited; game environment limited,BLOCKED_DATA
,J.Cowing,SF,,WR,receiving,74.59,STRONG_SIGNAL,STRONG_SIGNAL at 74.6. Main support: projection strength: 96.6; usage foundation: 66.7. Main caution: role and availability context: 35.0; missing signal count: 5.,projection strength: 96.6; usage foundation: 66.7; data quality: 65.7,,nan,weather not sourced; live role/injury gates not ready; defense fit limited; game environment limited,BLOCKED_DATA
,T.McBride,ARI,,TE,receiving,74.59,STRONG_SIGNAL,STRONG_SIGNAL at 74.6. Main support: projection strength: 96.6; usage foundation: 66.7. Main caution: role and availability context: 35.0; missing signal count: 5.,projection strength: 96.6; usage foundation: 66.7; data quality: 65.7,,nan,weather not sourced; live role/injury gates not ready; defense fit limited; game environment limited,BLOCKED_DATA
,B.Johnson,PIT,,WR,receiving,74.53,STRONG_SIGNAL,STRONG_SIGNAL at 74.5. Main support: projection strength: 96.4; usage foundation: 66.7. Main caution: role and availability context: 35.0; missing signal count: 5.,projection strength: 96.4; usage foundation: 66.7; data quality: 65.7,,nan,weather not sourced; live role/injury gates not ready; defense fit limited; game environment limited,BLOCKED_DATA
,A.Pierce,IND,,WR,receiving,74.52,STRONG_SIGNAL,STRONG_SIGNAL at 74.5. Main support: projection strength: 96.4; usage foundation: 66.7. Main caution: role and availability context: 35.0; missing signal count: 5.,projection strength: 96.4; usage foundation: 66.7; data quality: 65.7,,nan,weather not sourced; live role/injury gates not ready; defense fit limited; game environment limited,BLOCKED_DATA
,R.Shaheed,NO,,WR,receiving,74.38,STRONG_SIGNAL,STRONG_SIGNAL at 74.4. Main support: projection strength: 96.1; usage foundation: 66.7. Main caution: role and availability context: 35.0; missing signal count: 5.,projection strength: 96.1; usage foundation: 66.7; data quality: 65.7,,nan,weather not sourced; live role/injury gates not ready; defense fit limited; game environment limited,BLOCKED_DATA
,A.Thielen,CAR,,WR,receiving,74.32,STRONG_SIGNAL,STRONG_SIGNAL at 74.3. Main support: projection strength: 95.9; usage foundation: 66.7. Main caution: role and availability context: 35.0; missing signal count: 5.,projection strength: 95.9; usage foundation: 66.7; data quality: 65.7,,nan,weather not sourced; live role/injury gates not ready; defense fit limited; game environment limited,BLOCKED_DATA
,J.Cook,BUF,,RB,"receiving, rushing",74.31,STRONG_SIGNAL,STRONG_SIGNAL at 74.3. Main support: projection strength: 95.9; usage foundation: 66.7. Main caution: role and availability context: 35.0; missing signal count: 5.,projection strength: 95.9; usage foundation: 66.7; data quality: 65.7,,nan,weather not sourced; live role/injury gates not ready; defense fit limited; game environment limited,BLOCKED_DATA
,A.Kamara,NO,,RB,"receiving, rushing",74.31,STRONG_SIGNAL,STRONG_SIGNAL at 74.3. Main support: projection strength: 95.9; usage foundation: 66.7. Main caution: role and availability context: 35.0; missing signal count: 5.,projection strength: 95.9; usage foundation: 66.7; data quality: 65.7,,nan,weather not sourced; live role/injury gates not ready; defense fit limited; game environment limited,BLOCKED_DATA
,G.Wilson,NYJ,,WR,receiving,74.25,STRONG_SIGNAL,STRONG_SIGNAL at 74.2. Main support: projection strength: 95.8; usage foundation: 66.7. Main caution: role and availability context: 35.0; missing signal count: 5.,projection strength: 95.8; usage foundation: 66.7; data quality: 65.7,,nan,weather not sourced; live role/injury gates not ready; defense fit limited; game environment limited,BLOCKED_DATA
,T.Hill,MIA,,WR,receiving,74.18,STRONG_SIGNAL,STRONG_SIGNAL at 74.2. Main support: projection strength: 95.6; usage foundation: 66.7. Main caution: role and availability context: 35.0; missing signal count: 5.,projection strength: 95.6; usage foundation: 66.7; data quality: 65.7,,nan,weather not sourced; live role/injury gates not ready; defense fit limited; game environment limited,BLOCKED_DATA
,J.Nailor,MIN,,WR,receiving,74.16,STRONG_SIGNAL,STRONG_SIGNAL at 74.2. Main support: projection strength: 95.6; usage foundation: 66.7. Main caution: role and availability context: 35.0; missing signal count: 5.,projection strength: 95.6; usage foundation: 66.7; data quality: 65.7,,nan,weather not sourced; live role/injury gates not ready; defense fit limited; game environment limited,BLOCKED_DATA
,A.Jones,MIN,,RB,"receiving, rushing",74.14,STRONG_SIGNAL,STRONG_SIGNAL at 74.1. Main support: projection strength: 95.5; usage foundation: 66.7. Main caution: role and availability context: 35.0; missing signal count: 5.,projection strength: 95.5; usage foundation: 66.7; data quality: 65.7,,nan,weather not sourced; live role/injury gates not ready; defense fit limited; game environment limited,BLOCKED_DATA
,T.Etienne,JAX,,RB,"receiving, rushing",74.13,STRONG_SIGNAL,STRONG_SIGNAL at 74.1. Main support: projection strength: 95.5; usage foundation: 66.7. Main caution: role and availability context: 35.0; missing signal count: 5.,projection strength: 95.5; usage foundation: 66.7; data quality: 65.7,,nan,weather not sourced; live role/injury gates not ready; defense fit limited; game environment limited,BLOCKED_DATA
,D.London,ATL,,WR,receiving,74.12,STRONG_SIGNAL,STRONG_SIGNAL at 74.1. Main support: projection strength: 95.5; usage foundation: 66.7. Main caution: role and availability context: 35.0; missing signal count: 5.,projection strength: 95.5; usage foundation: 66.7; data quality: 65.7,,nan,weather not sourced; live role/injury gates not ready; defense fit limited; game environment limited,BLOCKED_DATA
,C.Lamb,DAL,,WR,receiving,74.05,STRONG_SIGNAL,STRONG_SIGNAL at 74.0. Main support: projection strength: 95.3; usage foundation: 66.7. Main caution: role and availability context: 35.0; missing signal count: 5.,projection strength: 95.3; usage foundation: 66.7; data quality: 65.7,,nan,weather not sourced; live role/injury gates not ready; defense fit limited; game environment limited,BLOCKED_DATA
,T.Martin,TEN,,WR,receiving,74.02,STRONG_SIGNAL,STRONG_SIGNAL at 74.0. Main support: projection strength: 95.2; usage foundation: 66.7. Main caution: role and availability context: 35.0; missing signal count: 5.,projection strength: 95.2; usage foundation: 66.7; data quality: 65.7,,nan,weather not sourced; live role/injury gates not ready; defense fit limited; game environment limited,BLOCKED_DATA
,J.Downs,IND,,WR,receiving,73.98,STRONG_SIGNAL,STRONG_SIGNAL at 74.0. Main support: projection strength: 95.2; usage foundation: 66.7. Main caution: role and availability context: 35.0; missing signal count: 5.,projection strength: 95.2; usage foundation: 66.7; data quality: 65.7,,nan,weather not sourced; live role/injury gates not ready; defense fit limited; game environment limited,BLOCKED_DATA
00-0033106,J.Goff,DET,WAS,QB,passing,73.96,STRONG_SIGNAL,STRONG_SIGNAL at 74.0. Main support: recent form: 99.6; projection strength: 92.6. Main caution: usage foundation: 33.3; role and availability context: 35.0.,recent form: 99.6; projection strength: 92.6; data quality: 79.0,,nan,weather not sourced; live role/injury gates not ready; game environment limited,BLOCKED_DATA
,J.Palmer,LAC,,WR,receiving,73.95,STRONG_SIGNAL,STRONG_SIGNAL at 74.0. Main support: projection strength: 95.1; usage foundation: 66.7. Main caution: role and availability context: 35.0; missing signal count: 5.,projection strength: 95.1; usage foundation: 66.7; data quality: 65.7,,nan,weather not sourced; live role/injury gates not ready; defense fit limited; game environment limited,BLOCKED_DATA
,D.Samuel,SF,,WR,"receiving, rushing",73.88,STRONG_SIGNAL,STRONG_SIGNAL at 73.9. Main support: projection strength: 94.9; usage foundation: 66.7. Main caution: role and availability context: 35.0; missing signal count: 5.,projection strength: 94.9; usage foundation: 66.7; data quality: 65.7,,nan,weather not sourced; live role/injury gates not ready; defense fit limited; game environment limited,BLOCKED_DATA
,M.Washington,MIA,,WR,receiving,73.84,STRONG_SIGNAL,STRONG_SIGNAL at 73.8. Main support: projection strength: 94.8; usage foundation: 66.7. Main caution: role and availability context: 35.0; missing signal count: 5.,projection strength: 94.8; usage foundation: 66.7; data quality: 65.7,,nan,weather not sourced; live role/injury gates not ready; defense fit limited; game environment limited,BLOCKED_DATA
,J.Dobbins,LAC,,RB,"receiving, rushing",73.82,STRONG_SIGNAL,STRONG_SIGNAL at 73.8. Main support: projection strength: 94.8; usage foundation: 66.7. Main caution: role and availability context: 35.0; missing signal count: 5.,projection strength: 94.8; usage foundation: 66.7; data quality: 65.7,,nan,weather not sourced; live role/injury gates not ready; defense fit limited; game environment limited,BLOCKED_DATA
,R.Rice,KC,,WR,receiving,73.78,STRONG_SIGNAL,STRONG_SIGNAL at 73.8. Main support: projection strength: 94.7; usage foundation: 66.7. Main caution: role and availability context: 35.0; missing signal count: 5.,projection strength: 94.7; usage foundation: 66.7; data quality: 65.7,,nan,weather not sourced; live role/injury gates not ready; defense fit limited; game environment limited,BLOCKED_DATA
,K.Walker,SEA,,RB,"receiving, rushing",73.77,STRONG_SIGNAL,STRONG_SIGNAL at 73.8. Main support: projection strength: 94.7; usage foundation: 66.7. Main caution: role and availability context: 35.0; missing signal count: 5.,projection strength: 94.7; usage foundation: 66.7; data quality: 65.7,,nan,weather not sourced; live role/injury gates not ready; defense fit limited; game environment limited,BLOCKED_DATA
,J.Goff,DET,WAS,QB,"rushing, passing",73.73,STRONG_SIGNAL,STRONG_SIGNAL at 73.7. Main support: projection strength: 94.6; usage foundation: 66.7. Main caution: role and availability context: 35.0; missing signal count: 5.,projection strength: 94.6; usage foundation: 66.7; data quality: 65.7,,nan,weather not sourced; live role/injury gates not ready; defense fit limited; game environment limited,BLOCKED_DATA
,N.Brown,WAS,,WR,receiving,73.73,STRONG_SIGNAL,STRONG_SIGNAL at 73.7. Main support: projection strength: 94.6; usage foundation: 66.7. Main caution: role and availability context: 35.0; missing signal count: 5.,projection strength: 94.6; usage foundation: 66.7; data quality: 65.7,,nan,weather not sourced; live role/injury gates not ready; defense fit limited; game environment limited,BLOCKED_DATA
,M.Pittman,IND,,WR,receiving,73.71,STRONG_SIGNAL,STRONG_SIGNAL at 73.7. Main support: projection strength: 94.5; usage foundation: 66.7. Main caution: role and availability context: 35.0; missing signal count: 5.,projection strength: 94.5; usage foundation: 66.7; data quality: 65.7,,nan,weather not sourced; live role/injury gates not ready; defense fit limited; game environment limited,BLOCKED_DATA
,G.Pickens,PIT,,WR,receiving,73.66,STRONG_SIGNAL,STRONG_SIGNAL at 73.7. Main support: projection strength: 94.4; usage foundation: 66.7. Main caution: role and availability context: 35.0; missing signal count: 5.,projection strength: 94.4; usage foundation: 66.7; data quality: 65.7,,nan,weather not sourced; live role/injury gates not ready; defense fit limited; game environment limited,BLOCKED_DATA
,D.Njoku,CLE,,TE,receiving,73.64,STRONG_SIGNAL,STRONG_SIGNAL at 73.6. Main support: projection strength: 94.4; usage foundation: 66.7. Main caution: role and availability context: 35.0; missing signal count: 5.,projection strength: 94.4; usage foundation: 66.7; data quality: 65.7,,nan,weather not sourced; live role/injury gates not ready; defense fit limited; game environment limited,BLOCKED_DATA
,T.Allgeier,ATL,,RB,"receiving, rushing",73.59,STRONG_SIGNAL,STRONG_SIGNAL at 73.6. Main support: projection strength: 94.3; usage foundation: 66.7. Main caution: role and availability context: 35.0; missing signal count: 5.,projection strength: 94.3; usage foundation: 66.7; data quality: 65.7,,nan,weather not sourced; live role/injury gates not ready; defense fit limited; game environment limited,BLOCKED_DATA
,M.Harrison,ARI,,WR,receiving,73.59,STRONG_SIGNAL,STRONG_SIGNAL at 73.6. Main support: projection strength: 94.3; usage foundation: 66.7. Main caution: role and availability context: 35.0; missing signal count: 5.,projection strength: 94.3; usage foundation: 66.7; data quality: 65.7,,nan,weather not sourced; live role/injury gates not ready; defense fit limited; game environment limited,BLOCKED_DATA
,J.Smith,MIA,,TE,receiving,73.57,STRONG_SIGNAL,STRONG_SIGNAL at 73.6. Main support: projection strength: 94.2; usage foundation: 66.7. Main caution: role and availability context: 35.0; missing signal count: 5.,projection strength: 94.2; usage foundation: 66.7; data quality: 65.7,,nan,weather not sourced; live role/injury gates not ready; defense fit limited; game environment limited,BLOCKED_DATA
,K.Pryor,CIN,,WR,receiving,73.5,STRONG_SIGNAL,STRONG_SIGNAL at 73.5. Main support: projection strength: 94.1; usage foundation: 66.7. Main caution: role and availability context: 35.0; missing signal count: 5.,projection strength: 94.1; usage foundation: 66.7; data quality: 65.7,,nan,weather not sourced; live role/injury gates not ready; defense fit limited; game environment limited,BLOCKED_DATA
,C.McCaffrey,SF,,RB,"receiving, rushing",73.49,STRONG_SIGNAL,STRONG_SIGNAL at 73.5. Main support: projection strength: 94.0; usage foundation: 66.7. Main caution: role and availability context: 35.0; missing signal count: 5.,projection strength: 94.0; usage foundation: 66.7; data quality: 65.7,,nan,weather not sourced; live role/injury gates not ready; defense fit limited; game environment limited,BLOCKED_DATA
,J.Daniels,WAS,PHI,QB,"rushing, passing",73.45,STRONG_SIGNAL,STRONG_SIGNAL at 73.5. Main support: projection strength: 93.9; usage foundation: 66.7. Main caution: role and availability context: 35.0; missing signal count: 5.,projection strength: 93.9; usage foundation: 66.7; data quality: 65.7,,nan,weather not sourced; live role/injury gates not ready; defense fit limited; game environment limited,BLOCKED_DATA
,K.Shakir,BUF,,WR,receiving,73.43,STRONG_SIGNAL,STRONG_SIGNAL at 73.4. Main support: projection strength: 93.9; usage foundation: 66.7. Main caution: role and availability context: 35.0; missing signal count: 5.,projection strength: 93.9; usage foundation: 66.7; data quality: 65.7,,nan,weather not sourced; live role/injury gates not ready; defense fit limited; game environment limited,BLOCKED_DATA
,R.White,TB,,RB,"receiving, rushing",73.41,STRONG_SIGNAL,STRONG_SIGNAL at 73.4. Main support: projection strength: 93.8; usage foundation: 66.7. Main caution: role and availability context: 35.0; missing signal count: 5.,projection strength: 93.8; usage foundation: 66.7; data quality: 65.7,,nan,weather not sourced; live role/injury gates not ready; defense fit limited; game environment limited,BLOCKED_DATA
,M.Valdes-Scantling,NO,,WR,receiving,73.37,STRONG_SIGNAL,STRONG_SIGNAL at 73.4. Main support: projection strength: 93.8; usage foundation: 66.7. Main caution: role and availability context: 35.0; missing signal count: 5.,projection strength: 93.8; usage foundation: 66.7; data quality: 65.7,,nan,weather not sourced; live role/injury gates not ready; defense fit limited; game environment limited,BLOCKED_DATA
,N.Harris,PIT,,RB,"receiving, rushing",73.33,STRONG_SIGNAL,STRONG_SIGNAL at 73.3. Main support: projection strength: 93.7; usage foundation: 66.7. Main caution: role and availability context: 35.0; missing signal count: 5.,projection strength: 93.7; usage foundation: 66.7; data quality: 65.7,,nan,weather not sourced; live role/injury gates not ready; defense fit limited; game environment limited,BLOCKED_DATA
,C.White,SEA,,WR,receiving,73.3,STRONG_SIGNAL,STRONG_SIGNAL at 73.3. Main support: projection strength: 93.6; usage foundation: 66.7. Main caution: role and availability context: 35.0; missing signal count: 5.,projection strength: 93.6; usage foundation: 66.7; data quality: 65.7,,nan,weather not sourced; live role/injury gates not ready; defense fit limited; game environment limited,BLOCKED_DATA
,C.Tillman,CLE,,WR,receiving,73.3,STRONG_SIGNAL,STRONG_SIGNAL at 73.3. Main support: projection strength: 93.6; usage foundation: 66.7. Main caution: role and availability context: 35.0; missing signal count: 5.,projection strength: 93.6; usage foundation: 66.7; data quality: 65.7,,nan,weather not sourced; live role/injury gates not ready; defense fit limited; game environment limited,BLOCKED_DATA
,J.Coker,CAR,,WR,receiving,73.23,STRONG_SIGNAL,STRONG_SIGNAL at 73.2. Main support: projection strength: 93.4; usage foundation: 66.7. Main caution: role and availability context: 35.0; missing signal count: 5.,projection strength: 93.4; usage foundation: 66.7; data quality: 65.7,,nan,weather not sourced; live role/injury gates not ready; defense fit limited; game environment limited,BLOCKED_DATA
,G.Kittle,SF,,TE,receiving,73.16,STRONG_SIGNAL,STRONG_SIGNAL at 73.2. Main support: projection strength: 93.3; usage foundation: 66.7. Main caution: role and availability context: 35.0; missing signal count: 5.,projection strength: 93.3; usage foundation: 66.7; data quality: 65.7,,nan,weather not sourced; live role/injury gates not ready; defense fit limited; game environment limited,BLOCKED_DATA
,B.Bowers,LV,,TE,receiving,73.09,STRONG_SIGNAL,STRONG_SIGNAL at 73.1. Main support: projection strength: 93.1; usage foundation: 66.7. Main caution: role and availability context: 35.0; missing signal count: 5.,projection strength: 93.1; usage foundation: 66.7; data quality: 65.7,,nan,weather not sourced; live role/injury gates not ready; defense fit limited; game environment limited,BLOCKED_DATA
,T.Bigsby,JAX,,RB,"receiving, rushing",73.05,STRONG_SIGNAL,STRONG_SIGNAL at 73.0. Main support: projection strength: 93.0; usage foundation: 66.7. Main caution: role and availability context: 35.0; missing signal count: 5.,projection strength: 93.0; usage foundation: 66.7; data quality: 65.7,,nan,weather not sourced; live role/injury gates not ready; defense fit limited; game environment limited,BLOCKED_DATA
,C.Olave,NO,,WR,receiving,73.02,STRONG_SIGNAL,STRONG_SIGNAL at 73.0. Main support: projection strength: 93.0; usage foundation: 66.7. Main caution: role and availability context: 35.0; missing signal count: 5.,projection strength: 93.0; usage foundation: 66.7; data quality: 65.7,,nan,weather not sourced; live role/injury gates not ready; defense fit limited; game environment limited,BLOCKED_DATA
,C.Brown,CIN,,RB,"receiving, rushing",72.87,STRONG_SIGNAL,STRONG_SIGNAL at 72.9. Main support: projection strength: 92.6; usage foundation: 66.7. Main caution: role and availability context: 35.0; missing signal count: 5.,projection strength: 92.6; usage foundation: 66.7; data quality: 65.7,,nan,weather not sourced; live role/injury gates not ready; defense fit limited; game environment limited,BLOCKED_DATA
,D.Montgomery,DET,,RB,"receiving, rushing",72.84,STRONG_SIGNAL,STRONG_SIGNAL at 72.8. Main support: projection strength: 92.5; usage foundation: 66.7. Main caution: role and availability context: 35.0; missing signal count: 5.,projection strength: 92.5; usage foundation: 66.7; data quality: 65.7,,nan,weather not sourced; live role/injury gates not ready; defense fit limited; game environment limited,BLOCKED_DATA
,M.Gesicki,CIN,,TE,receiving,72.82,STRONG_SIGNAL,STRONG_SIGNAL at 72.8. Main support: projection strength: 92.5; usage foundation: 66.7. Main caution: role and availability context: 35.0; missing signal count: 5.,projection strength: 92.5; usage foundation: 66.7; data quality: 65.7,,nan,weather not sourced; live role/injury gates not ready; defense fit limited; game environment limited,BLOCKED_DATA
,C.Sutton,DEN,,WR,receiving,72.8,STRONG_SIGNAL,STRONG_SIGNAL at 72.8. Main support: projection strength: 92.5; usage foundation: 66.7. Main caution: role and availability context: 35.0; missing signal count: 5.,projection strength: 92.5; usage foundation: 66.7; data quality: 65.7,,nan,weather not sourced; live role/injury gates not ready; defense fit limited; game environment limited,BLOCKED_DATA
,Q.Johnston,LAC,,WR,receiving,72.68,STRONG_SIGNAL,STRONG_SIGNAL at 72.7. Main support: projection strength: 92.2; usage foundation: 66.7. Main caution: role and availability context: 35.0; missing signal count: 5.,projection strength: 92.2; usage foundation: 66.7; data quality: 65.7,,nan,weather not sourced; live role/injury gates not ready; defense fit limited; game environment limited,BLOCKED_DATA
,B.Hall,NYJ,,RB,"receiving, rushing",72.67,STRONG_SIGNAL,STRONG_SIGNAL at 72.7. Main support: projection strength: 92.2; usage foundation: 66.7. Main caution: role and availability context: 35.0; missing signal count: 5.,projection strength: 92.2; usage foundation: 66.7; data quality: 65.7,,nan,weather not sourced; live role/injury gates not ready; defense fit limited; game environment limited,BLOCKED_DATA
,E.Engram,JAX,,TE,receiving,72.61,STRONG_SIGNAL,STRONG_SIGNAL at 72.6. Main support: projection strength: 92.0; usage foundation: 66.7. Main caution: role and availability context: 35.0; missing signal count: 5.,projection strength: 92.0; usage foundation: 66.7; data quality: 65.7,,nan,weather not sourced; live role/injury gates not ready; defense fit limited; game environment limited,BLOCKED_DATA
,J.Waddle,MIA,,WR,receiving,72.51,STRONG_SIGNAL,STRONG_SIGNAL at 72.5. Main support: projection strength: 91.8; usage foundation: 66.7. Main caution: role and availability context: 35.0; missing signal count: 5.,projection strength: 91.8; usage foundation: 66.7; data quality: 65.7,,nan,weather not sourced; live role/injury gates not ready; defense fit limited; game environment limited,BLOCKED_DATA
,P.Freiermuth,PIT,,TE,receiving,72.48,STRONG_SIGNAL,STRONG_SIGNAL at 72.5. Main support: projection strength: 91.7; usage foundation: 66.7. Main caution: role and availability context: 35.0; missing signal count: 5.,projection strength: 91.7; usage foundation: 66.7; data quality: 65.7,,nan,weather not sourced; live role/injury gates not ready; defense fit limited; game environment limited,BLOCKED_DATA
,D.Metcalf,SEA,,WR,receiving,72.44,STRONG_SIGNAL,STRONG_SIGNAL at 72.4. Main support: projection strength: 91.6; usage foundation: 66.7. Main caution: role and availability context: 35.0; missing signal count: 5.,projection strength: 91.6; usage foundation: 66.7; data quality: 65.7,,nan,weather not sourced; live role/injury gates not ready; defense fit limited; game environment limited,BLOCKED_DATA
00-0035228,K.Murray,ARI,SF,QB,passing,72.34,STRONG_SIGNAL,STRONG_SIGNAL at 72.3. Main support: projection strength: 100.0; recent form: 99.7. Main caution: opponent defense fit: 27.8; usage foundation: 33.3.,projection strength: 100.0; recent form: 99.7; data quality: 79.0,,nan,weather not sourced; live role/injury gates not ready; game environment limited,BLOCKED_DATA
,X.Worthy,KC,,WR,receiving,72.34,STRONG_SIGNAL,STRONG_SIGNAL at 72.3. Main support: projection strength: 91.4; usage foundation: 66.7. Main caution: role and availability context: 35.0; missing signal count: 5.,projection strength: 91.4; usage foundation: 66.7; data quality: 65.7,,nan,weather not sourced; live role/injury gates not ready; defense fit limited; game environment limited,BLOCKED_DATA
,D.Achane,MIA,,RB,"receiving, rushing",72.18,STRONG_SIGNAL,STRONG_SIGNAL at 72.2. Main support: projection strength: 91.0; usage foundation: 66.7. Main caution: role and availability context: 35.0; missing signal count: 5.,projection strength: 91.0; usage foundation: 66.7; data quality: 65.7,,nan,weather not sourced; live role/injury gates not ready; defense fit limited; game environment limited,BLOCKED_DATA
,J.Burton,CIN,,WR,receiving,72.15,STRONG_SIGNAL,STRONG_SIGNAL at 72.2. Main support: projection strength: 91.0; usage foundation: 66.7. Main caution: role and availability context: 35.0; missing signal count: 5.,projection strength: 91.0; usage foundation: 66.7; data quality: 65.7,,nan,weather not sourced; live role/injury gates not ready; defense fit limited; game environment limited,BLOCKED_DATA
,C.Jones,CIN,,WR,receiving,72.14,STRONG_SIGNAL,STRONG_SIGNAL at 72.1. Main support: projection strength: 90.9; usage foundation: 66.7. Main caution: role and availability context: 35.0; missing signal count: 5.,projection strength: 90.9; usage foundation: 66.7; data quality: 65.7,,nan,weather not sourced; live role/injury gates not ready; defense fit limited; game environment limited,BLOCKED_DATA
,L.Bowden,NO,,WR,receiving,72.07,STRONG_SIGNAL,STRONG_SIGNAL at 72.1. Main support: projection strength: 90.8; usage foundation: 66.7. Main caution: role and availability context: 35.0; missing signal count: 5.,projection strength: 90.8; usage foundation: 66.7; data quality: 65.7,,nan,weather not sourced; live role/injury gates not ready; defense fit limited; game environment limited,BLOCKED_DATA
,R.Stevenson,NE,,RB,"receiving, rushing",72.02,STRONG_SIGNAL,STRONG_SIGNAL at 72.0. Main support: projection strength: 90.7; usage foundation: 66.7. Main caution: role and availability context: 35.0; missing signal count: 5.,projection strength: 90.7; usage foundation: 66.7; data quality: 65.7,,nan,weather not sourced; live role/injury gates not ready; defense fit limited; game environment limited,BLOCKED_DATA
,G.Dortch,ARI,,WR,receiving,72.0,STRONG_SIGNAL,STRONG_SIGNAL at 72.0. Main support: projection strength: 90.6; usage foundation: 66.7. Main caution: role and availability context: 35.0; missing signal count: 5.,projection strength: 90.6; usage foundation: 66.7; data quality: 65.7,,nan,weather not sourced; live role/injury gates not ready; defense fit limited; game environment limited,BLOCKED_DATA
,A.Perry,NO,,WR,receiving,71.94,GOOD_SIGNAL,GOOD_SIGNAL at 71.9. Main support: projection strength: 90.5; usage foundation: 66.7. Main caution: role and availability context: 35.0; missing signal count: 5.,projection strength: 90.5; usage foundation: 66.7; data quality: 65.7,,nan,weather not sourced; live role/injury gates not ready; defense fit limited; game environment limited,BLOCKED_DATA
,T.Sherfield,MIN,,WR,receiving,71.93,GOOD_SIGNAL,GOOD_SIGNAL at 71.9. Main support: projection strength: 90.5; usage foundation: 66.7. Main caution: role and availability context: 35.0; missing signal count: 5.,projection strength: 90.5; usage foundation: 66.7; data quality: 65.7,,nan,weather not sourced; live role/injury gates not ready; defense fit limited; game environment limited,BLOCKED_DATA
,M.Mims,DEN,,WR,receiving,71.87,GOOD_SIGNAL,GOOD_SIGNAL at 71.9. Main support: projection strength: 90.3; usage foundation: 66.7. Main caution: role and availability context: 35.0; missing signal count: 5.,projection strength: 90.3; usage foundation: 66.7; data quality: 65.7,,nan,weather not sourced; live role/injury gates not ready; defense fit limited; game environment limited,BLOCKED_DATA
,B.Robinson,WAS,,RB,"receiving, rushing",71.86,GOOD_SIGNAL,GOOD_SIGNAL at 71.9. Main support: projection strength: 90.3; usage foundation: 66.7. Main caution: role and availability context: 35.0; missing signal count: 5.,projection strength: 90.3; usage foundation: 66.7; data quality: 65.7,,nan,weather not sourced; live role/injury gates not ready; defense fit limited; game environment limited,BLOCKED_DATA
,Z.Ertz,WAS,,TE,receiving,71.86,GOOD_SIGNAL,GOOD_SIGNAL at 71.9. Main support: projection strength: 90.3; usage foundation: 66.7. Main caution: role and availability context: 35.0; missing signal count: 5.,projection strength: 90.3; usage foundation: 66.7; data quality: 65.7,,nan,weather not sourced; live role/injury gates not ready; defense fit limited; game environment limited,BLOCKED_DATA
,T.Hill,NO,,TE,receiving,71.79,GOOD_SIGNAL,GOOD_SIGNAL at 71.8. Main support: projection strength: 90.2; usage foundation: 66.7. Main caution: role and availability context: 35.0; missing signal count: 5.,projection strength: 90.2; usage foundation: 66.7; data quality: 65.7,,nan,weather not sourced; live role/injury gates not ready; defense fit limited; game environment limited,BLOCKED_DATA
,D.Eskridge,MIA,,WR,receiving,71.79,GOOD_SIGNAL,GOOD_SIGNAL at 71.8. Main support: projection strength: 90.2; usage foundation: 66.7. Main caution: role and availability context: 35.0; missing signal count: 5.,projection strength: 90.2; usage foundation: 66.7; data quality: 65.7,,nan,weather not sourced; live role/injury gates not ready; defense fit limited; game environment limited,BLOCKED_DATA
,A.Iosivas,CIN,,WR,receiving,71.72,GOOD_SIGNAL,GOOD_SIGNAL at 71.7. Main support: projection strength: 90.0; usage foundation: 66.7. Main caution: role and availability context: 35.0; missing signal count: 5.,projection strength: 90.0; usage foundation: 66.7; data quality: 65.7,,nan,weather not sourced; live role/injury gates not ready; defense fit limited; game environment limited,BLOCKED_DATA
,J.Mason,SF,,RB,"receiving, rushing",71.69,GOOD_SIGNAL,GOOD_SIGNAL at 71.7. Main support: projection strength: 89.9; usage foundation: 66.7. Main caution: role and availability context: 35.0; missing signal count: 5.,projection strength: 89.9; usage foundation: 66.7; data quality: 65.7,,nan,weather not sourced; live role/injury gates not ready; defense fit limited; game environment limited,BLOCKED_DATA
,C.Kupp,LA,,WR,receiving,71.65,GOOD_SIGNAL,GOOD_SIGNAL at 71.7. Main support: projection strength: 89.8; usage foundation: 66.7. Main caution: role and availability context: 35.0; missing signal count: 5.,projection strength: 89.8; usage foundation: 66.7; data quality: 65.7,,nan,weather not sourced; live role/injury gates not ready; defense fit limited; game environment limited,BLOCKED_DATA
,M.Gordon,BAL,,RB,"receiving, rushing",71.61,GOOD_SIGNAL,GOOD_SIGNAL at 71.6. Main support: projection strength: 89.8; usage foundation: 66.7. Main caution: role and availability context: 35.0; missing signal count: 5.,projection strength: 89.8; usage foundation: 66.7; data quality: 65.7,,nan,weather not sourced; live role/injury gates not ready; defense fit limited; game environment limited,BLOCKED_DATA
00-0039918,C.Williams,CHI,GB,QB,passing,71.6,GOOD_SIGNAL,GOOD_SIGNAL at 71.6. Main support: recent form: 99.0; projection strength: 88.9. Main caution: usage foundation: 33.3; role and availability context: 35.0.,recent form: 99.0; projection strength: 88.9; data quality: 79.0,,nan,weather not sourced; live role/injury gates not ready; game environment limited,BLOCKED_DATA
,C.Ridley,TEN,,WR,receiving,71.58,GOOD_SIGNAL,GOOD_SIGNAL at 71.6. Main support: projection strength: 89.7; usage foundation: 66.7. Main caution: role and availability context: 35.0; missing signal count: 5.,projection strength: 89.7; usage foundation: 66.7; data quality: 65.7,,nan,weather not sourced; live role/injury gates not ready; defense fit limited; game environment limited,BLOCKED_DATA
,K.Hunt,KC,,RB,"receiving, rushing",71.53,GOOD_SIGNAL,GOOD_SIGNAL at 71.5. Main support: projection strength: 89.5; usage foundation: 66.7. Main caution: role and availability context: 35.0; missing signal count: 5.,projection strength: 89.5; usage foundation: 66.7; data quality: 65.7,,nan,weather not sourced; live role/injury gates not ready; defense fit limited; game environment limited,BLOCKED_DATA
,R.Moore,ARI,,WR,receiving,71.52,GOOD_SIGNAL,GOOD_SIGNAL at 71.5. Main support: projection strength: 89.5; usage foundation: 66.7. Main caution: role and availability context: 35.0; missing signal count: 5.,projection strength: 89.5; usage foundation: 66.7; data quality: 65.7,,nan,weather not sourced; live role/injury gates not ready; defense fit limited; game environment limited,BLOCKED_DATA
,C.Watson,GB,,WR,receiving,71.51,GOOD_SIGNAL,GOOD_SIGNAL at 71.5. Main support: projection strength: 89.5; usage foundation: 66.7. Main caution: role and availability context: 35.0; missing signal count: 5.,projection strength: 89.5; usage foundation: 66.7; data quality: 65.7,,nan,weather not sourced; live role/injury gates not ready; defense fit limited; game environment limited,BLOCKED_DATA
,S.LaPorta,DET,,TE,receiving,71.45,GOOD_SIGNAL,GOOD_SIGNAL at 71.5. Main support: projection strength: 89.4; usage foundation: 66.7. Main caution: role and availability context: 35.0; missing signal count: 5.,projection strength: 89.4; usage foundation: 66.7; data quality: 65.7,,nan,weather not sourced; live role/injury gates not ready; defense fit limited; game environment limited,BLOCKED_DATA
,K.Boutte,NE,,WR,receiving,71.44,GOOD_SIGNAL,GOOD_SIGNAL at 71.4. Main support: projection strength: 89.3; usage foundation: 66.7. Main caution: role and availability context: 35.0; missing signal count: 5.,projection strength: 89.3; usage foundation: 66.7; data quality: 65.7,,nan,weather not sourced; live role/injury gates not ready; defense fit limited; game environment limited,BLOCKED_DATA
,L.Jackson,BAL,BUF,QB,"rushing, passing",71.44,GOOD_SIGNAL,GOOD_SIGNAL at 71.4. Main support: projection strength: 89.3; usage foundation: 66.7. Main caution: role and availability context: 35.0; missing signal count: 5.,projection strength: 89.3; usage foundation: 66.7; data quality: 65.7,,nan,weather not sourced; live role/injury gates not ready; defense fit limited; game environment limited,BLOCKED_DATA
,T.Tracy,NYG,,RB,"receiving, rushing",71.37,GOOD_SIGNAL,GOOD_SIGNAL at 71.4. Main support: projection strength: 89.2; usage foundation: 66.7. Main caution: role and availability context: 35.0; missing signal count: 5.,projection strength: 89.2; usage foundation: 66.7; data quality: 65.7,,nan,weather not sourced; live role/injury gates not ready; defense fit limited; game environment limited,BLOCKED_DATA
,P.Washington,JAX,,WR,receiving,71.31,GOOD_SIGNAL,GOOD_SIGNAL at 71.3. Main support: projection strength: 89.1; usage foundation: 66.7. Main caution: role and availability context: 35.0; missing signal count: 5.,projection strength: 89.1; usage foundation: 66.7; data quality: 65.7,,nan,weather not sourced; live role/injury gates not ready; defense fit limited; game environment limited,BLOCKED_DATA
,T.Atwell,LA,,WR,receiving,71.3,GOOD_SIGNAL,GOOD_SIGNAL at 71.3. Main support: projection strength: 89.0; usage foundation: 66.7. Main caution: role and availability context: 35.0; missing signal count: 5.,projection strength: 89.0; usage foundation: 66.7; data quality: 65.7,,nan,weather not sourced; live role/injury gates not ready; defense fit limited; game environment limited,BLOCKED_DATA
,J.McClellan,ATL,,RB,"receiving, rushing",71.26,GOOD_SIGNAL,GOOD_SIGNAL at 71.3. Main support: projection strength: 88.9; usage foundation: 66.7. Main caution: role and availability context: 35.0; missing signal count: 5.,projection strength: 88.9; usage foundation: 66.7; data quality: 65.7,,nan,weather not sourced; live role/injury gates not ready; defense fit limited; game environment limited,BLOCKED_DATA
,J.McMillan,TB,,WR,receiving,71.22,GOOD_SIGNAL,GOOD_SIGNAL at 71.2. Main support: projection strength: 88.8; usage foundation: 66.7. Main caution: role and availability context: 35.0; missing signal count: 5.,projection strength: 88.8; usage foundation: 66.7; data quality: 65.7,,nan,weather not sourced; live role/injury gates not ready; defense fit limited; game environment limited,BLOCKED_DATA
,N.Chubb,CLE,,RB,"receiving, rushing",71.2,GOOD_SIGNAL,GOOD_SIGNAL at 71.2. Main support: projection strength: 88.8; usage foundation: 66.7. Main caution: role and availability context: 35.0; missing signal count: 5.,projection strength: 88.8; usage foundation: 66.7; data quality: 65.7,,nan,weather not sourced; live role/injury gates not ready; defense fit limited; game environment limited,BLOCKED_DATA
,O.Zaccheaus,WAS,,WR,receiving,71.18,GOOD_SIGNAL,GOOD_SIGNAL at 71.2. Main support: projection strength: 88.8; usage foundation: 66.7. Main caution: role and availability context: 35.0; missing signal count: 5.,projection strength: 88.8; usage foundation: 66.7; data quality: 65.7,,nan,weather not sourced; live role/injury gates not ready; defense fit limited; game environment limited,BLOCKED_DATA
,C.Moore,TEN,,WR,receiving,71.15,GOOD_SIGNAL,GOOD_SIGNAL at 71.2. Main support: projection strength: 88.7; usage foundation: 66.7. Main caution: role and availability context: 35.0; missing signal count: 5.,projection strength: 88.7; usage foundation: 66.7; data quality: 65.7,,nan,weather not sourced; live role/injury gates not ready; defense fit limited; game environment limited,BLOCKED_DATA
,K.Lassiter,CIN,,WR,receiving,71.11,GOOD_SIGNAL,GOOD_SIGNAL at 71.1. Main support: projection strength: 88.6; usage foundation: 66.7. Main caution: role and availability context: 35.0; missing signal count: 5.,projection strength: 88.6; usage foundation: 66.7; data quality: 65.7,,nan,weather not sourced; live role/injury gates not ready; defense fit limited; game environment limited,BLOCKED_DATA
,J.Reed,GB,,WR,receiving,71.08,GOOD_SIGNAL,GOOD_SIGNAL at 71.1. Main support: projection strength: 88.5; usage foundation: 66.7. Main caution: role and availability context: 35.0; missing signal count: 5.,projection strength: 88.5; usage foundation: 66.7; data quality: 65.7,,nan,weather not sourced; live role/injury gates not ready; defense fit limited; game environment limited,BLOCKED_DATA
,S.McCormick,LV,,RB,"receiving, rushing",71.04,GOOD_SIGNAL,GOOD_SIGNAL at 71.0. Main support: projection strength: 88.4; usage foundation: 66.7. Main caution: role and availability context: 35.0; missing signal count: 5.,projection strength: 88.4; usage foundation: 66.7; data quality: 65.7,,nan,weather not sourced; live role/injury gates not ready; defense fit limited; game environment limited,BLOCKED_DATA
,K.Doss,LAC,,WR,receiving,71.04,GOOD_SIGNAL,GOOD_SIGNAL at 71.0. Main support: projection strength: 88.4; usage foundation: 66.7. Main caution: role and availability context: 35.0; missing signal count: 5.,projection strength: 88.4; usage foundation: 66.7; data quality: 65.7,,nan,weather not sourced; live role/injury gates not ready; defense fit limited; game environment limited,BLOCKED_DATA
,J.Metchie,HOU,,WR,receiving,70.97,GOOD_SIGNAL,GOOD_SIGNAL at 71.0. Main support: projection strength: 88.3; usage foundation: 66.7. Main caution: role and availability context: 35.0; missing signal count: 5.,projection strength: 88.3; usage foundation: 66.7; data quality: 65.7,,nan,weather not sourced; live role/injury gates not ready; defense fit limited; game environment limited,BLOCKED_DATA
,C.Kirk,JAX,,WR,receiving,70.94,GOOD_SIGNAL,GOOD_SIGNAL at 70.9. Main support: projection strength: 88.2; usage foundation: 66.7. Main caution: role and availability context: 35.0; missing signal count: 5.,projection strength: 88.2; usage foundation: 66.7; data quality: 65.7,,nan,weather not sourced; live role/injury gates not ready; defense fit limited; game environment limited,BLOCKED_DATA
,J.Williams,DEN,,RB,"receiving, rushing",70.9,GOOD_SIGNAL,GOOD_SIGNAL at 70.9. Main support: projection strength: 88.1; usage foundation: 66.7. Main caution: role and availability context: 35.0; missing signal count: 5.,projection strength: 88.1; usage foundation: 66.7; data quality: 65.7,,nan,weather not sourced; live role/injury gates not ready; defense fit limited; game environment limited,BLOCKED_DATA
,N.Westbrook-Ikhine,TEN,,WR,receiving,70.86,GOOD_SIGNAL,GOOD_SIGNAL at 70.9. Main support: projection strength: 88.0; usage foundation: 66.7. Main caution: role and availability context: 35.0; missing signal count: 5.,projection strength: 88.0; usage foundation: 66.7; data quality: 65.7,,nan,weather not sourced; live role/injury gates not ready; defense fit limited; game environment limited,BLOCKED_DATA
,B.Tremayne,WAS,,WR,receiving,70.84,GOOD_SIGNAL,GOOD_SIGNAL at 70.8. Main support: projection strength: 88.0; usage foundation: 66.7. Main caution: role and availability context: 35.0; missing signal count: 5.,projection strength: 88.0; usage foundation: 66.7; data quality: 65.7,,nan,weather not sourced; live role/injury gates not ready; defense fit limited; game environment limited,BLOCKED_DATA
,J.Whittington,LA,,WR,receiving,70.79,GOOD_SIGNAL,GOOD_SIGNAL at 70.8. Main support: projection strength: 87.9; usage foundation: 66.7. Main caution: role and availability context: 35.0; missing signal count: 5.,projection strength: 87.9; usage foundation: 66.7; data quality: 65.7,,nan,weather not sourced; live role/injury gates not ready; defense fit limited; game environment limited,BLOCKED_DATA
,T.Jackson,MIN,,WR,receiving,70.77,GOOD_SIGNAL,GOOD_SIGNAL at 70.8. Main support: projection strength: 87.8; usage foundation: 66.7. Main caution: role and availability context: 35.0; missing signal count: 5.,projection strength: 87.8; usage foundation: 66.7; data quality: 65.7,,nan,weather not sourced; live role/injury gates not ready; defense fit limited; game environment limited,BLOCKED_DATA
00-0036442,J.Burrow,CIN,PIT,QB,passing,70.74,GOOD_SIGNAL,GOOD_SIGNAL at 70.7. Main support: recent form: 100.0; projection strength: 81.5. Main caution: usage foundation: 33.3; role and availability context: 35.0.,recent form: 100.0; projection strength: 81.5; data quality: 79.0,,nan,weather not sourced; live role/injury gates not ready; game environment limited,BLOCKED_DATA
,A.Brown,PHI,,WR,receiving,70.72,GOOD_SIGNAL,GOOD_SIGNAL at 70.7. Main support: projection strength: 87.7; usage foundation: 66.7. Main caution: role and availability context: 35.0; missing signal count: 5.,projection strength: 87.7; usage foundation: 66.7; data quality: 65.7,,nan,weather not sourced; live role/injury gates not ready; defense fit limited; game environment limited,BLOCKED_DATA
,I.Pacheco,KC,,RB,"receiving, rushing",70.71,GOOD_SIGNAL,GOOD_SIGNAL at 70.7. Main support: projection strength: 87.7; usage foundation: 66.7. Main caution: role and availability context: 35.0; missing signal count: 5.,projection strength: 87.7; usage foundation: 66.7; data quality: 65.7,,nan,weather not sourced; live role/injury gates not ready; defense fit limited; game environment limited,BLOCKED_DATA
,E.Moore,CLE,,WR,receiving,70.7,GOOD_SIGNAL,GOOD_SIGNAL at 70.7. Main support: projection strength: 87.7; usage foundation: 66.7. Main caution: role and availability context: 35.0; missing signal count: 5.,projection strength: 87.7; usage foundation: 66.7; data quality: 65.7,,nan,weather not sourced; live role/injury gates not ready; defense fit limited; game environment limited,BLOCKED_DATA
,M.Strachan,CAR,,WR,receiving,70.65,GOOD_SIGNAL,GOOD_SIGNAL at 70.7. Main support: projection strength: 87.5; usage foundation: 66.7. Main caution: role and availability context: 35.0; missing signal count: 5.,projection strength: 87.5; usage foundation: 66.7; data quality: 65.7,,nan,weather not sourced; live role/injury gates not ready; defense fit limited; game environment limited,BLOCKED_DATA
,C.Okonkwo,TEN,,TE,receiving,70.63,GOOD_SIGNAL,GOOD_SIGNAL at 70.6. Main support: projection strength: 87.5; usage foundation: 66.7. Main caution: role and availability context: 35.0; missing signal count: 5.,projection strength: 87.5; usage foundation: 66.7; data quality: 65.7,,nan,weather not sourced; live role/injury gates not ready; defense fit limited; game environment limited,BLOCKED_DATA
,C.Austin,PIT,,WR,receiving,70.58,GOOD_SIGNAL,GOOD_SIGNAL at 70.6. Main support: projection strength: 87.4; usage foundation: 66.7. Main caution: role and availability context: 35.0; missing signal count: 5.,projection strength: 87.4; usage foundation: 66.7; data quality: 65.7,,nan,weather not sourced; live role/injury gates not ready; defense fit limited; game environment limited,BLOCKED_DATA
,Mi.Wilson,ARI,,WR,receiving,70.56,GOOD_SIGNAL,GOOD_SIGNAL at 70.6. Main support: projection strength: 87.3; usage foundation: 66.7. Main caution: role and availability context: 35.0; missing signal count: 5.,projection strength: 87.3; usage foundation: 66.7; data quality: 65.7,,nan,weather not sourced; live role/injury gates not ready; defense fit limited; game environment limited,BLOCKED_DATA
,R.Doubs,GB,,WR,receiving,70.5,GOOD_SIGNAL,GOOD_SIGNAL at 70.5. Main support: projection strength: 87.2; usage foundation: 66.7. Main caution: role and availability context: 35.0; missing signal count: 5.,projection strength: 87.2; usage foundation: 66.7; data quality: 65.7,,nan,weather not sourced; live role/injury gates not ready; defense fit limited; game environment limited,BLOCKED_DATA
,T.Taylor,SF,,WR,receiving,70.49,GOOD_SIGNAL,GOOD_SIGNAL at 70.5. Main support: projection strength: 87.2; usage foundation: 66.7. Main caution: role and availability context: 35.0; missing signal count: 5.,projection strength: 87.2; usage foundation: 66.7; data quality: 65.7,,nan,weather not sourced; live role/injury gates not ready; defense fit limited; game environment limited,BLOCKED_DATA
,Z.Moss,CIN,,RB,"receiving, rushing",70.36,GOOD_SIGNAL,GOOD_SIGNAL at 70.4. Main support: projection strength: 86.9; usage foundation: 66.7. Main caution: role and availability context: 35.0; missing signal count: 5.,projection strength: 86.9; usage foundation: 66.7; data quality: 65.7,,nan,weather not sourced; live role/injury gates not ready; defense fit limited; game environment limited,BLOCKED_DATA
,A.Bachman,LV,,WR,receiving,70.36,GOOD_SIGNAL,GOOD_SIGNAL at 70.4. Main support: projection strength: 86.9; usage foundation: 66.7. Main caution: role and availability context: 35.0; missing signal count: 5.,projection strength: 86.9; usage foundation: 66.7; data quality: 65.7,,nan,weather not sourced; live role/injury gates not ready; defense fit limited; game environment limited,BLOCKED_DATA
,R.Cracraft,MIA,,WR,receiving,70.29,GOOD_SIGNAL,GOOD_SIGNAL at 70.3. Main support: projection strength: 86.7; usage foundation: 66.7. Main caution: role and availability context: 35.0; missing signal count: 5.,projection strength: 86.7; usage foundation: 66.7; data quality: 65.7,,nan,weather not sourced; live role/injury gates not ready; defense fit limited; game environment limited,BLOCKED_DATA
,T.Jones,ARI,,RB,"receiving, rushing",70.22,GOOD_SIGNAL,GOOD_SIGNAL at 70.2. Main support: projection strength: 86.6; usage foundation: 66.7. Main caution: role and availability context: 35.0; missing signal count: 5.,projection strength: 86.6; usage foundation: 66.7; data quality: 65.7,,nan,weather not sourced; live role/injury gates not ready; defense fit limited; game environment limited,BLOCKED_DATA
,B.Nix,DEN,BUF,QB,"rushing, passing",70.19,GOOD_SIGNAL,GOOD_SIGNAL at 70.2. Main support: projection strength: 86.5; usage foundation: 66.7. Main caution: role and availability context: 35.0; missing signal count: 5.,projection strength: 86.5; usage foundation: 66.7; data quality: 65.7,,nan,weather not sourced; live role/injury gates not ready; defense fit limited; game environment limited,BLOCKED_DATA
,B.Skowronek,PIT,,WR,receiving,70.14,GOOD_SIGNAL,GOOD_SIGNAL at 70.1. Main support: projection strength: 86.4; usage foundation: 66.7. Main caution: role and availability context: 35.0; missing signal count: 5.,projection strength: 86.4; usage foundation: 66.7; data quality: 65.7,,nan,weather not sourced; live role/injury gates not ready; defense fit limited; game environment limited,BLOCKED_DATA
,D.Douglas,NE,,WR,receiving,70.08,GOOD_SIGNAL,GOOD_SIGNAL at 70.1. Main support: projection strength: 86.2; usage foundation: 66.7. Main caution: role and availability context: 35.0; missing signal count: 5.,projection strength: 86.2; usage foundation: 66.7; data quality: 65.7,,nan,weather not sourced; live role/injury gates not ready; defense fit limited; game environment limited,BLOCKED_DATA
,T.Dell,HOU,,WR,receiving,70.0,GOOD_SIGNAL,GOOD_SIGNAL at 70.0. Main support: projection strength: 86.1; usage foundation: 66.7. Main caution: role and availability context: 35.0; missing signal count: 5.,projection strength: 86.1; usage foundation: 66.7; data quality: 65.7,,nan,weather not sourced; live role/injury gates not ready; defense fit limited; game environment limited,BLOCKED_DATA
,J.Hurts,PHI,KC,QB,rushing,70.0,GOOD_SIGNAL,GOOD_SIGNAL at 70.0. Main support: projection strength: 86.1; usage foundation: 66.7. Main caution: role and availability context: 35.0; missing signal count: 5.,projection strength: 86.1; usage foundation: 66.7; data quality: 65.7,,nan,weather not sourced; live role/injury gates not ready; defense fit limited; game environment limited,BLOCKED_DATA
,A.Lazard,NYJ,,WR,receiving,69.93,GOOD_SIGNAL,GOOD_SIGNAL at 69.9. Main support: projection strength: 85.9; usage foundation: 66.7. Main caution: role and availability context: 35.0; missing signal count: 5.,projection strength: 85.9; usage foundation: 66.7; data quality: 65.7,,nan,weather not sourced; live role/injury gates not ready; defense fit limited; game environment limited,BLOCKED_DATA
,Z.Jones,ARI,,WR,receiving,69.88,GOOD_SIGNAL,GOOD_SIGNAL at 69.9. Main support: projection strength: 85.8; usage foundation: 66.7. Main caution: role and availability context: 35.0; missing signal count: 5.,projection strength: 85.8; usage foundation: 66.7; data quality: 65.7,,nan,weather not sourced; live role/injury gates not ready; defense fit limited; game environment limited,BLOCKED_DATA
,A.Trammell,JAX,,WR,receiving,69.86,GOOD_SIGNAL,GOOD_SIGNAL at 69.9. Main support: projection strength: 85.7; usage foundation: 66.7. Main caution: role and availability context: 35.0; missing signal count: 5.,projection strength: 85.7; usage foundation: 66.7; data quality: 65.7,,nan,weather not sourced; live role/injury gates not ready; defense fit limited; game environment limited,BLOCKED_DATA
,A.Richardson,IND,TEN,QB,"rushing, passing",69.83,GOOD_SIGNAL,GOOD_SIGNAL at 69.8. Main support: projection strength: 85.7; usage foundation: 66.7. Main caution: role and availability context: 35.0; missing signal count: 5.,projection strength: 85.7; usage foundation: 66.7; data quality: 65.7,,nan,weather not sourced; live role/injury gates not ready; defense fit limited; game environment limited,BLOCKED_DATA
,D.Robinson,LA,,WR,receiving,69.79,GOOD_SIGNAL,GOOD_SIGNAL at 69.8. Main support: projection strength: 85.6; usage foundation: 66.7. Main caution: role and availability context: 35.0; missing signal count: 5.,projection strength: 85.6; usage foundation: 66.7; data quality: 65.7,,nan,weather not sourced; live role/injury gates not ready; defense fit limited; game environment limited,BLOCKED_DATA
,T.Hockenson,MIN,,TE,receiving,69.74,GOOD_SIGNAL,GOOD_SIGNAL at 69.7. Main support: projection strength: 85.5; usage foundation: 66.7. Main caution: role and availability context: 35.0; missing signal count: 5.,projection strength: 85.5; usage foundation: 66.7; data quality: 65.7,,nan,weather not sourced; live role/injury gates not ready; defense fit limited; game environment limited,BLOCKED_DATA
,J.Ford,CLE,,RB,"receiving, rushing",69.73,GOOD_SIGNAL,GOOD_SIGNAL at 69.7. Main support: projection strength: 85.5; usage foundation: 66.7. Main caution: role and availability context: 35.0; missing signal count: 5.,projection strength: 85.5; usage foundation: 66.7; data quality: 65.7,,nan,weather not sourced; live role/injury gates not ready; defense fit limited; game environment limited,BLOCKED_DATA
,T.Higbee,LA,,TE,receiving,69.67,GOOD_SIGNAL,GOOD_SIGNAL at 69.7. Main support: projection strength: 85.3; usage foundation: 66.7. Main caution: role and availability context: 35.0; missing signal count: 5.,projection strength: 85.3; usage foundation: 66.7; data quality: 65.7,,nan,weather not sourced; live role/injury gates not ready; defense fit limited; game environment limited,BLOCKED_DATA
,C.Edmonds,TB,,RB,"receiving, rushing",69.65,GOOD_SIGNAL,GOOD_SIGNAL at 69.7. Main support: projection strength: 85.2; usage foundation: 66.7. Main caution: role and availability context: 35.0; missing signal count: 5.,projection strength: 85.2; usage foundation: 66.7; data quality: 65.7,,nan,weather not sourced; live role/injury gates not ready; defense fit limited; game environment limited,BLOCKED_DATA
,D.Montgomery,IND,,WR,receiving,69.65,GOOD_SIGNAL,GOOD_SIGNAL at 69.7. Main support: projection strength: 85.2; usage foundation: 66.7. Main caution: role and availability context: 35.0; missing signal count: 5.,projection strength: 85.2; usage foundation: 66.7; data quality: 65.7,,nan,weather not sourced; live role/injury gates not ready; defense fit limited; game environment limited,BLOCKED_DATA
,T.Tucker,LV,,WR,receiving,69.61,GOOD_SIGNAL,GOOD_SIGNAL at 69.6. Main support: projection strength: 85.2; usage foundation: 66.7. Main caution: role and availability context: 35.0; missing signal count: 5.,projection strength: 85.2; usage foundation: 66.7; data quality: 65.7,,nan,weather not sourced; live role/injury gates not ready; defense fit limited; game environment limited,BLOCKED_DATA
,K.Raymond,DET,,WR,receiving,69.57,GOOD_SIGNAL,GOOD_SIGNAL at 69.6. Main support: projection strength: 85.1; usage foundation: 66.7. Main caution: role and availability context: 35.0; missing signal count: 5.,projection strength: 85.1; usage foundation: 66.7; data quality: 65.7,,nan,weather not sourced; live role/injury gates not ready; defense fit limited; game environment limited,BLOCKED_DATA
,R.Odunze,CHI,,WR,receiving,69.5,GOOD_SIGNAL,GOOD_SIGNAL at 69.5. Main support: projection strength: 84.9; usage foundation: 66.7. Main caution: role and availability context: 35.0; missing signal count: 5.,projection strength: 84.9; usage foundation: 66.7; data quality: 65.7,,nan,weather not sourced; live role/injury gates not ready; defense fit limited; game environment limited,BLOCKED_DATA
,E.Elliott,DAL,,RB,"receiving, rushing",69.47,GOOD_SIGNAL,GOOD_SIGNAL at 69.5. Main support: projection strength: 84.8; usage foundation: 66.7. Main caution: role and availability context: 35.0; missing signal count: 5.,projection strength: 84.8; usage foundation: 66.7; data quality: 65.7,,nan,weather not sourced; live role/injury gates not ready; defense fit limited; game environment limited,BLOCKED_DATA
,J.Proche,CLE,,WR,receiving,69.47,GOOD_SIGNAL,GOOD_SIGNAL at 69.5. Main support: projection strength: 84.8; usage foundation: 66.7. Main caution: role and availability context: 35.0; missing signal count: 5.,projection strength: 84.8; usage foundation: 66.7; data quality: 65.7,,nan,weather not sourced; live role/injury gates not ready; defense fit limited; game environment limited,BLOCKED_DATA
,M.Carter,ARI,,RB,"receiving, rushing",69.41,GOOD_SIGNAL,GOOD_SIGNAL at 69.4. Main support: projection strength: 84.7; usage foundation: 66.7. Main caution: role and availability context: 35.0; missing signal count: 5.,projection strength: 84.7; usage foundation: 66.7; data quality: 65.7,,nan,weather not sourced; live role/injury gates not ready; defense fit limited; game environment limited,BLOCKED_DATA
,X.Legette,CAR,,WR,receiving,69.4,GOOD_SIGNAL,GOOD_SIGNAL at 69.4. Main support: projection strength: 84.7; usage foundation: 66.7. Main caution: role and availability context: 35.0; missing signal count: 5.,projection strength: 84.7; usage foundation: 66.7; data quality: 65.7,,nan,weather not sourced; live role/injury gates not ready; defense fit limited; game environment limited,BLOCKED_DATA
,D.Smith,PHI,,WR,receiving,69.36,GOOD_SIGNAL,GOOD_SIGNAL at 69.4. Main support: projection strength: 84.6; usage foundation: 66.7. Main caution: role and availability context: 35.0; missing signal count: 5.,projection strength: 84.6; usage foundation: 66.7; data quality: 65.7,,nan,weather not sourced; live role/injury gates not ready; defense fit limited; game environment limited,BLOCKED_DATA
,C.Wilson,NO,,WR,receiving,69.13,GOOD_SIGNAL,GOOD_SIGNAL at 69.1. Main support: projection strength: 84.1; usage foundation: 66.7. Main caution: role and availability context: 35.0; missing signal count: 5.,projection strength: 84.1; usage foundation: 66.7; data quality: 65.7,,nan,weather not sourced; live role/injury gates not ready; defense fit limited; game environment limited,BLOCKED_DATA
,T.Spears,TEN,,RB,"receiving, rushing",69.11,GOOD_SIGNAL,GOOD_SIGNAL at 69.1. Main support: projection strength: 84.0; usage foundation: 66.7. Main caution: role and availability context: 35.0; missing signal count: 5.,projection strength: 84.0; usage foundation: 66.7; data quality: 65.7,,nan,weather not sourced; live role/injury gates not ready; defense fit limited; game environment limited,BLOCKED_DATA
,A.Dillon,GB,,RB,"receiving, rushing",69.08,GOOD_SIGNAL,GOOD_SIGNAL at 69.1. Main support: projection strength: 84.0; usage foundation: 66.7. Main caution: role and availability context: 35.0; missing signal count: 5.,projection strength: 84.0; usage foundation: 66.7; data quality: 65.7,,nan,weather not sourced; live role/injury gates not ready; defense fit limited; game environment limited,BLOCKED_DATA
,D.Davis,LAC,,WR,receiving,69.06,GOOD_SIGNAL,GOOD_SIGNAL at 69.1. Main support: projection strength: 83.9; usage foundation: 66.7. Main caution: role and availability context: 35.0; missing signal count: 5.,projection strength: 83.9; usage foundation: 66.7; data quality: 65.7,,nan,weather not sourced; live role/injury gates not ready; defense fit limited; game environment limited,BLOCKED_DATA
,M.Williams,PIT,,WR,receiving,69.0,GOOD_SIGNAL,GOOD_SIGNAL at 69.0. Main support: projection strength: 83.8; usage foundation: 66.7. Main caution: role and availability context: 35.0; missing signal count: 5.,projection strength: 83.8; usage foundation: 66.7; data quality: 65.7,,nan,weather not sourced; live role/injury gates not ready; defense fit limited; game environment limited,BLOCKED_DATA
,J.Burrow,CIN,PIT,QB,"rushing, passing",69.0,GOOD_SIGNAL,GOOD_SIGNAL at 69.0. Main support: projection strength: 83.8; usage foundation: 66.7. Main caution: role and availability context: 35.0; missing signal count: 5.,projection strength: 83.8; usage foundation: 66.7; data quality: 65.7,,nan,weather not sourced; live role/injury gates not ready; defense fit limited; game environment limited,BLOCKED_DATA
,K.Wilkerson,LV,,WR,receiving,68.99,GOOD_SIGNAL,GOOD_SIGNAL at 69.0. Main support: projection strength: 83.8; usage foundation: 66.7. Main caution: role and availability context: 35.0; missing signal count: 5.,projection strength: 83.8; usage foundation: 66.7; data quality: 65.7,,nan,weather not sourced; live role/injury gates not ready; defense fit limited; game environment limited,BLOCKED_DATA
,L.Fournette,BUF,,RB,"receiving, rushing",68.93,GOOD_SIGNAL,GOOD_SIGNAL at 68.9. Main support: projection strength: 83.6; usage foundation: 66.7. Main caution: role and availability context: 35.0; missing signal count: 5.,projection strength: 83.6; usage foundation: 66.7; data quality: 65.7,,nan,weather not sourced; live role/injury gates not ready; defense fit limited; game environment limited,BLOCKED_DATA
,J.Agnew,JAX,,WR,receiving,68.93,GOOD_SIGNAL,GOOD_SIGNAL at 68.9. Main support: projection strength: 83.6; usage foundation: 66.7. Main caution: role and availability context: 35.0; missing signal count: 5.,projection strength: 83.6; usage foundation: 66.7; data quality: 65.7,,nan,weather not sourced; live role/injury gates not ready; defense fit limited; game environment limited,BLOCKED_DATA
,W.Snead,SF,,WR,receiving,68.92,GOOD_SIGNAL,GOOD_SIGNAL at 68.9. Main support: projection strength: 83.6; usage foundation: 66.7. Main caution: role and availability context: 35.0; missing signal count: 5.,projection strength: 83.6; usage foundation: 66.7; data quality: 65.7,,nan,weather not sourced; live role/injury gates not ready; defense fit limited; game environment limited,BLOCKED_DATA
,B.Means,NO,,WR,receiving,68.78,GOOD_SIGNAL,GOOD_SIGNAL at 68.8. Main support: projection strength: 83.3; usage foundation: 66.7. Main caution: role and availability context: 35.0; missing signal count: 5.,projection strength: 83.3; usage foundation: 66.7; data quality: 65.7,,nan,weather not sourced; live role/injury gates not ready; defense fit limited; game environment limited,BLOCKED_DATA
,H.Renfrow,LV,,WR,receiving,68.78,GOOD_SIGNAL,GOOD_SIGNAL at 68.8. Main support: projection strength: 83.3; usage foundation: 66.7. Main caution: role and availability context: 35.0; missing signal count: 5.,projection strength: 83.3; usage foundation: 66.7; data quality: 65.7,,nan,weather not sourced; live role/injury gates not ready; defense fit limited; game environment limited,BLOCKED_DATA
,J.Funk,IND,,RB,"receiving, rushing",68.75,GOOD_SIGNAL,GOOD_SIGNAL at 68.8. Main support: projection strength: 83.2; usage foundation: 66.7. Main caution: role and availability context: 35.0; missing signal count: 5.,projection strength: 83.2; usage foundation: 66.7; data quality: 65.7,,nan,weather not sourced; live role/injury gates not ready; defense fit limited; game environment limited,BLOCKED_DATA
,G.Edwards,LAC,,RB,"receiving, rushing",68.75,GOOD_SIGNAL,GOOD_SIGNAL at 68.8. Main support: projection strength: 83.2; usage foundation: 66.7. Main caution: role and availability context: 35.0; missing signal count: 5.,projection strength: 83.2; usage foundation: 66.7; data quality: 65.7,,nan,weather not sourced; live role/injury gates not ready; defense fit limited; game environment limited,BLOCKED_DATA
,J.Johnson,NO,,TE,receiving,68.71,GOOD_SIGNAL,GOOD_SIGNAL at 68.7. Main support: projection strength: 83.1; usage foundation: 66.7. Main caution: role and availability context: 35.0; missing signal count: 5.,projection strength: 83.1; usage foundation: 66.7; data quality: 65.7,,nan,weather not sourced; live role/injury gates not ready; defense fit limited; game environment limited,BLOCKED_DATA
,M.Thomas,NO,,WR,receiving,68.65,GOOD_SIGNAL,GOOD_SIGNAL at 68.7. Main support: projection strength: 83.0; usage foundation: 66.7. Main caution: role and availability context: 35.0; missing signal count: 5.,projection strength: 83.0; usage foundation: 66.7; data quality: 65.7,,nan,weather not sourced; live role/injury gates not ready; defense fit limited; game environment limited,BLOCKED_DATA
,D.Mooney,ATL,,WR,receiving,68.57,GOOD_SIGNAL,GOOD_SIGNAL at 68.6. Main support: projection strength: 82.8; usage foundation: 66.7. Main caution: role and availability context: 35.0; missing signal count: 5.,projection strength: 82.8; usage foundation: 66.7; data quality: 65.7,,nan,weather not sourced; live role/injury gates not ready; defense fit limited; game environment limited,BLOCKED_DATA
,S.Zylstra,DET,,TE,receiving,68.5,GOOD_SIGNAL,GOOD_SIGNAL at 68.5. Main support: projection strength: 82.6; usage foundation: 66.7. Main caution: role and availability context: 35.0; missing signal count: 5.,projection strength: 82.6; usage foundation: 66.7; data quality: 65.7,,nan,weather not sourced; live role/injury gates not ready; defense fit limited; game environment limited,BLOCKED_DATA
,I.Hodgins,NYG,,WR,receiving,68.44,GOOD_SIGNAL,GOOD_SIGNAL at 68.4. Main support: projection strength: 82.5; usage foundation: 66.7. Main caution: role and availability context: 35.0; missing signal count: 5.,projection strength: 82.5; usage foundation: 66.7; data quality: 65.7,,nan,weather not sourced; live role/injury gates not ready; defense fit limited; game environment limited,BLOCKED_DATA
,L.Perine,KC,,RB,"receiving, rushing",68.43,GOOD_SIGNAL,GOOD_SIGNAL at 68.4. Main support: projection strength: 82.5; usage foundation: 66.7. Main caution: role and availability context: 35.0; missing signal count: 5.,projection strength: 82.5; usage foundation: 66.7; data quality: 65.7,,nan,weather not sourced; live role/injury gates not ready; defense fit limited; game environment limited,BLOCKED_DATA
,Z.Charbonnet,SEA,,RB,"receiving, rushing",68.39,GOOD_SIGNAL,GOOD_SIGNAL at 68.4. Main support: projection strength: 82.4; usage foundation: 66.7. Main caution: role and availability context: 35.0; missing signal count: 5.,projection strength: 82.4; usage foundation: 66.7; data quality: 65.7,,nan,weather not sourced; live role/injury gates not ready; defense fit limited; game environment limited,BLOCKED_DATA
,T.Lockett,SEA,,WR,receiving,68.37,GOOD_SIGNAL,GOOD_SIGNAL at 68.4. Main support: projection strength: 82.3; usage foundation: 66.7. Main caution: role and availability context: 35.0; missing signal count: 5.,projection strength: 82.3; usage foundation: 66.7; data quality: 65.7,,nan,weather not sourced; live role/injury gates not ready; defense fit limited; game environment limited,BLOCKED_DATA
00-0034796,L.Jackson,BAL,BUF,QB,passing,68.28,GOOD_SIGNAL,GOOD_SIGNAL at 68.3. Main support: recent form: 100.0; data quality: 87.8. Main caution: usage foundation: 33.3; role and availability context: 35.0.,recent form: 100.0; data quality: 87.8; projection strength: 85.2,,nan,weather not sourced; live role/injury gates not ready,BLOCKED_DATA
,J.Warren,PIT,,RB,"receiving, rushing",68.26,GOOD_SIGNAL,GOOD_SIGNAL at 68.3. Main support: projection strength: 82.1; usage foundation: 66.7. Main caution: role and availability context: 35.0; missing signal count: 5.,projection strength: 82.1; usage foundation: 66.7; data quality: 65.7,,nan,weather not sourced; live role/injury gates not ready; defense fit limited; game environment limited,BLOCKED_DATA
,N.Fant,SEA,,TE,receiving,68.24,GOOD_SIGNAL,GOOD_SIGNAL at 68.2. Main support: projection strength: 82.0; usage foundation: 66.7. Main caution: role and availability context: 35.0; missing signal count: 5.,projection strength: 82.0; usage foundation: 66.7; data quality: 65.7,,nan,weather not sourced; live role/injury gates not ready; defense fit limited; game environment limited,BLOCKED_DATA
,E.Hull,IND,,RB,"receiving, rushing",68.21,GOOD_SIGNAL,GOOD_SIGNAL at 68.2. Main support: projection strength: 82.0; usage foundation: 66.7. Main caution: role and availability context: 35.0; missing signal count: 5.,projection strength: 82.0; usage foundation: 66.7; data quality: 65.7,,nan,weather not sourced; live role/injury gates not ready; defense fit limited; game environment limited,BLOCKED_DATA
,A.Mattison,LV,,RB,"receiving, rushing",68.1,GOOD_SIGNAL,GOOD_SIGNAL at 68.1. Main support: projection strength: 81.7; usage foundation: 66.7. Main caution: role and availability context: 35.0; missing signal count: 5.,projection strength: 81.7; usage foundation: 66.7; data quality: 65.7,,nan,weather not sourced; live role/injury gates not ready; defense fit limited; game environment limited,BLOCKED_DATA
,K.Kirkwood,NO,,WR,receiving,68.03,GOOD_SIGNAL,GOOD_SIGNAL at 68.0. Main support: projection strength: 81.6; usage foundation: 66.7. Main caution: role and availability context: 35.0; missing signal count: 5.,projection strength: 81.6; usage foundation: 66.7; data quality: 65.7,,nan,weather not sourced; live role/injury gates not ready; defense fit limited; game environment limited,BLOCKED_DATA
,L.Murray,BUF,,RB,"receiving, rushing",68.03,GOOD_SIGNAL,GOOD_SIGNAL at 68.0. Main support: projection strength: 81.6; usage foundation: 66.7. Main caution: role and availability context: 35.0; missing signal count: 5.,projection strength: 81.6; usage foundation: 66.7; data quality: 65.7,,nan,weather not sourced; live role/injury gates not ready; defense fit limited; game environment limited,BLOCKED_DATA
,K.Coleman,BUF,,WR,receiving,68.0,GOOD_SIGNAL,GOOD_SIGNAL at 68.0. Main support: projection strength: 81.5; usage foundation: 66.7. Main caution: role and availability context: 35.0; missing signal count: 5.,projection strength: 81.5; usage foundation: 66.7; data quality: 65.7,,nan,weather not sourced; live role/injury gates not ready; defense fit limited; game environment limited,BLOCKED_DATA
,J.Akins,CLE,,TE,receiving,67.97,GOOD_SIGNAL,GOOD_SIGNAL at 68.0. Main support: projection strength: 81.4; usage foundation: 66.7. Main caution: role and availability context: 35.0; missing signal count: 5.,projection strength: 81.4; usage foundation: 66.7; data quality: 65.7,,nan,weather not sourced; live role/injury gates not ready; defense fit limited; game environment limited,BLOCKED_DATA
,Z.Flowers,BAL,,WR,receiving,67.92,GOOD_SIGNAL,GOOD_SIGNAL at 67.9. Main support: projection strength: 81.3; usage foundation: 66.7. Main caution: role and availability context: 35.0; missing signal count: 5.,projection strength: 81.3; usage foundation: 66.7; data quality: 65.7,,nan,weather not sourced; live role/injury gates not ready; defense fit limited; game environment limited,BLOCKED_DATA
,T.Johnson,LA,,WR,receiving,67.9,GOOD_SIGNAL,GOOD_SIGNAL at 67.9. Main support: projection strength: 81.2; usage foundation: 66.7. Main caution: role and availability context: 35.0; missing signal count: 5.,projection strength: 81.2; usage foundation: 66.7; data quality: 65.7,,nan,weather not sourced; live role/injury gates not ready; defense fit limited; game environment limited,BLOCKED_DATA
,J.McLaughlin,DEN,,RB,"receiving, rushing",67.85,GOOD_SIGNAL,GOOD_SIGNAL at 67.8. Main support: projection strength: 81.2; usage foundation: 66.7. Main caution: role and availability context: 35.0; missing signal count: 5.,projection strength: 81.2; usage foundation: 66.7; data quality: 65.7,,nan,weather not sourced; live role/injury gates not ready; defense fit limited; game environment limited,BLOCKED_DATA
,M.Jones,DET,,WR,receiving,67.83,GOOD_SIGNAL,GOOD_SIGNAL at 67.8. Main support: projection strength: 81.1; usage foundation: 66.7. Main caution: role and availability context: 35.0; missing signal count: 5.,projection strength: 81.1; usage foundation: 66.7; data quality: 65.7,,nan,weather not sourced; live role/injury gates not ready; defense fit limited; game environment limited,BLOCKED_DATA
,B.Oliver,TEN,,WR,receiving,67.78,GOOD_SIGNAL,GOOD_SIGNAL at 67.8. Main support: projection strength: 81.0; usage foundation: 66.7. Main caution: role and availability context: 35.0; missing signal count: 5.,projection strength: 81.0; usage foundation: 66.7; data quality: 65.7,,nan,weather not sourced; live role/injury gates not ready; defense fit limited; game environment limited,BLOCKED_DATA
,D.Singletary,NYG,,RB,"receiving, rushing",67.77,GOOD_SIGNAL,GOOD_SIGNAL at 67.8. Main support: projection strength: 81.0; usage foundation: 66.7. Main caution: role and availability context: 35.0; missing signal count: 5.,projection strength: 81.0; usage foundation: 66.7; data quality: 65.7,,nan,weather not sourced; live role/injury gates not ready; defense fit limited; game environment limited,BLOCKED_DATA
,R.Bateman,BAL,,WR,receiving,67.71,GOOD_SIGNAL,GOOD_SIGNAL at 67.7. Main support: projection strength: 80.8; usage foundation: 66.7. Main caution: role and availability context: 35.0; missing signal count: 5.,projection strength: 80.8; usage foundation: 66.7; data quality: 65.7,,nan,weather not sourced; live role/injury gates not ready; defense fit limited; game environment limited,BLOCKED_DATA
,D.Henderson,LA,,RB,"receiving, rushing",67.61,GOOD_SIGNAL,GOOD_SIGNAL at 67.6. Main support: projection strength: 80.6; usage foundation: 66.7. Main caution: role and availability context: 35.0; missing signal count: 5.,projection strength: 80.6; usage foundation: 66.7; data quality: 65.7,,nan,weather not sourced; live role/injury gates not ready; defense fit limited; game environment limited,BLOCKED_DATA
,T.Conklin,NYJ,,TE,receiving,67.55,GOOD_SIGNAL,GOOD_SIGNAL at 67.5. Main support: projection strength: 80.5; usage foundation: 66.7. Main caution: role and availability context: 35.0; missing signal count: 5.,projection strength: 80.5; usage foundation: 66.7; data quality: 65.7,,nan,weather not sourced; live role/injury gates not ready; defense fit limited; game environment limited,BLOCKED_DATA
,D.Harris,BUF,,RB,"receiving, rushing",67.49,GOOD_SIGNAL,GOOD_SIGNAL at 67.5. Main support: projection strength: 80.3; usage foundation: 66.7. Main caution: role and availability context: 35.0; missing signal count: 5.,projection strength: 80.3; usage foundation: 66.7; data quality: 65.7,,nan,weather not sourced; live role/injury gates not ready; defense fit limited; game environment limited,BLOCKED_DATA
,A.Ekeler,WAS,,RB,"receiving, rushing",67.45,GOOD_SIGNAL,GOOD_SIGNAL at 67.5. Main support: projection strength: 80.2; usage foundation: 66.7. Main caution: role and availability context: 35.0; missing signal count: 5.,projection strength: 80.2; usage foundation: 66.7; data quality: 65.7,,nan,weather not sourced; live role/injury gates not ready; defense fit limited; game environment limited,BLOCKED_DATA
,K.Philips,TEN,,WR,receiving,67.42,GOOD_SIGNAL,GOOD_SIGNAL at 67.4. Main support: projection strength: 80.2; usage foundation: 66.7. Main caution: role and availability context: 35.0; missing signal count: 5.,projection strength: 80.2; usage foundation: 66.7; data quality: 65.7,,nan,weather not sourced; live role/injury gates not ready; defense fit limited; game environment limited,BLOCKED_DATA
,B.Cooks,DAL,,WR,receiving,67.28,GOOD_SIGNAL,GOOD_SIGNAL at 67.3. Main support: projection strength: 79.8; usage foundation: 66.7. Main caution: role and availability context: 35.0; missing signal count: 5.,projection strength: 79.8; usage foundation: 66.7; data quality: 65.7,,nan,weather not sourced; live role/injury gates not ready; defense fit limited; game environment limited,BLOCKED_DATA
,E.All,CIN,,TE,receiving,67.21,GOOD_SIGNAL,GOOD_SIGNAL at 67.2. Main support: projection strength: 79.7; usage foundation: 66.7. Main caution: role and availability context: 35.0; missing signal count: 5.,projection strength: 79.7; usage foundation: 66.7; data quality: 65.7,,nan,weather not sourced; live role/injury gates not ready; defense fit limited; game environment limited,BLOCKED_DATA
,C.Samuel,BUF,,WR,receiving,67.14,GOOD_SIGNAL,GOOD_SIGNAL at 67.1. Main support: projection strength: 79.5; usage foundation: 66.7. Main caution: role and availability context: 35.0; missing signal count: 5.,projection strength: 79.5; usage foundation: 66.7; data quality: 65.7,,nan,weather not sourced; live role/injury gates not ready; defense fit limited; game environment limited,BLOCKED_DATA
,D.Gore,WAS,,RB,"receiving, rushing",67.12,GOOD_SIGNAL,GOOD_SIGNAL at 67.1. Main support: projection strength: 79.5; usage foundation: 66.7. Main caution: role and availability context: 35.0; missing signal count: 5.,projection strength: 79.5; usage foundation: 66.7; data quality: 65.7,,nan,weather not sourced; live role/injury gates not ready; defense fit limited; game environment limited,BLOCKED_DATA
,D.Wicks,GB,,WR,receiving,67.08,GOOD_SIGNAL,GOOD_SIGNAL at 67.1. Main support: projection strength: 79.4; usage foundation: 66.7. Main caution: role and availability context: 35.0; missing signal count: 5.,projection strength: 79.4; usage foundation: 66.7; data quality: 65.7,,nan,weather not sourced; live role/injury gates not ready; defense fit limited; game environment limited,BLOCKED_DATA
,R.Jarrett,TB,,WR,receiving,67.06,GOOD_SIGNAL,GOOD_SIGNAL at 67.1. Main support: projection strength: 79.3; usage foundation: 66.7. Main caution: role and availability context: 35.0; missing signal count: 5.,projection strength: 79.3; usage foundation: 66.7; data quality: 65.7,,nan,weather not sourced; live role/injury gates not ready; defense fit limited; game environment limited,BLOCKED_DATA
,T.Scott,CHI,,WR,receiving,67.01,GOOD_SIGNAL,GOOD_SIGNAL at 67.0. Main support: projection strength: 79.2; usage foundation: 66.7. Main caution: role and availability context: 35.0; missing signal count: 5.,projection strength: 79.2; usage foundation: 66.7; data quality: 65.7,,nan,weather not sourced; live role/injury gates not ready; defense fit limited; game environment limited,BLOCKED_DATA
00-0034869,S.Darnold,MIN,LA,QB,passing,67.01,GOOD_SIGNAL,GOOD_SIGNAL at 67.0. Main support: recent form: 99.9; opponent defense fit: 83.3. Main caution: usage foundation: 33.3; role and availability context: 35.0.,recent form: 99.9; opponent defense fit: 83.3; data quality: 79.0,,nan,weather not sourced; live role/injury gates not ready; game environment limited,BLOCKED_DATA
,R.Freeman,LA,,RB,"receiving, rushing",66.96,GOOD_SIGNAL,GOOD_SIGNAL at 67.0. Main support: projection strength: 79.1; usage foundation: 66.7. Main caution: role and availability context: 35.0; missing signal count: 5.,projection strength: 79.1; usage foundation: 66.7; data quality: 65.7,,nan,weather not sourced; live role/injury gates not ready; defense fit limited; game environment limited,BLOCKED_DATA
,R.Mostert,MIA,,RB,"receiving, rushing",66.96,GOOD_SIGNAL,GOOD_SIGNAL at 67.0. Main support: projection strength: 79.1; usage foundation: 66.7. Main caution: role and availability context: 35.0; missing signal count: 5.,projection strength: 79.1; usage foundation: 66.7; data quality: 65.7,,nan,weather not sourced; live role/injury gates not ready; defense fit limited; game environment limited,BLOCKED_DATA
,D.Culp,TB,,TE,receiving,66.92,GOOD_SIGNAL,GOOD_SIGNAL at 66.9. Main support: projection strength: 79.0; usage foundation: 66.7. Main caution: role and availability context: 35.0; missing signal count: 5.,projection strength: 79.0; usage foundation: 66.7; data quality: 65.7,,nan,weather not sourced; live role/injury gates not ready; defense fit limited; game environment limited,BLOCKED_DATA
,G.Smith,SEA,LA,QB,"rushing, passing",66.82,GOOD_SIGNAL,GOOD_SIGNAL at 66.8. Main support: projection strength: 78.8; usage foundation: 66.7. Main caution: role and availability context: 35.0; missing signal count: 5.,projection strength: 78.8; usage foundation: 66.7; data quality: 65.7,,nan,weather not sourced; live role/injury gates not ready; defense fit limited; game environment limited,BLOCKED_DATA
,B.Powell,MIN,,WR,receiving,66.8,GOOD_SIGNAL,GOOD_SIGNAL at 66.8. Main support: projection strength: 78.8; usage foundation: 66.7. Main caution: role and availability context: 35.0; missing signal count: 5.,projection strength: 78.8; usage foundation: 66.7; data quality: 65.7,,nan,weather not sourced; live role/injury gates not ready; defense fit limited; game environment limited,BLOCKED_DATA
,B.Bolden,LV,,RB,"receiving, rushing",66.79,GOOD_SIGNAL,GOOD_SIGNAL at 66.8. Main support: projection strength: 78.7; usage foundation: 66.7. Main caution: role and availability context: 35.0; missing signal count: 5.,projection strength: 78.7; usage foundation: 66.7; data quality: 65.7,,nan,weather not sourced; live role/injury gates not ready; defense fit limited; game environment limited,BLOCKED_DATA
,A.Estime,DEN,,RB,"receiving, rushing",66.78,GOOD_SIGNAL,GOOD_SIGNAL at 66.8. Main support: projection strength: 78.7; usage foundation: 66.7. Main caution: role and availability context: 35.0; missing signal count: 5.,projection strength: 78.7; usage foundation: 66.7; data quality: 65.7,,nan,weather not sourced; live role/injury gates not ready; defense fit limited; game environment limited,BLOCKED_DATA
,J.Brownlee,NYJ,,WR,receiving,66.78,GOOD_SIGNAL,GOOD_SIGNAL at 66.8. Main support: projection strength: 78.7; usage foundation: 66.7. Main caution: role and availability context: 35.0; missing signal count: 5.,projection strength: 78.7; usage foundation: 66.7; data quality: 65.7,,nan,weather not sourced; live role/injury gates not ready; defense fit limited; game environment limited,BLOCKED_DATA
,R.McCloud,ATL,,WR,receiving,66.73,GOOD_SIGNAL,GOOD_SIGNAL at 66.7. Main support: projection strength: 78.6; usage foundation: 66.7. Main caution: role and availability context: 35.0; missing signal count: 5.,projection strength: 78.6; usage foundation: 66.7; data quality: 65.7,,nan,weather not sourced; live role/injury gates not ready; defense fit limited; game environment limited,BLOCKED_DATA
,T.Wallace,BAL,,WR,receiving,66.7,GOOD_SIGNAL,GOOD_SIGNAL at 66.7. Main support: projection strength: 78.5; usage foundation: 66.7. Main caution: role and availability context: 35.0; missing signal count: 5.,projection strength: 78.5; usage foundation: 66.7; data quality: 65.7,,nan,weather not sourced; live role/injury gates not ready; defense fit limited; game environment limited,BLOCKED_DATA
00-0039910,J.Daniels,WAS,PHI,QB,passing,66.62,GOOD_SIGNAL,GOOD_SIGNAL at 66.6. Main support: recent form: 100.0; data quality: 79.0. Main caution: usage foundation: 33.3; role and availability context: 35.0.,recent form: 100.0; data quality: 79.0; projection strength: 77.8,,nan,weather not sourced; live role/injury gates not ready; game environment limited,BLOCKED_DATA
,I.Williams,CIN,,WR,receiving,66.6,GOOD_SIGNAL,GOOD_SIGNAL at 66.6. Main support: projection strength: 78.3; usage foundation: 66.7. Main caution: role and availability context: 35.0; missing signal count: 5.,projection strength: 78.3; usage foundation: 66.7; data quality: 65.7,,nan,weather not sourced; live role/injury gates not ready; defense fit limited; game environment limited,BLOCKED_DATA
,R.Davis,BUF,,RB,"receiving, rushing",66.6,GOOD_SIGNAL,GOOD_SIGNAL at 66.6. Main support: projection strength: 78.3; usage foundation: 66.7. Main caution: role and availability context: 35.0; missing signal count: 5.,projection strength: 78.3; usage foundation: 66.7; data quality: 65.7,,nan,weather not sourced; live role/injury gates not ready; defense fit limited; game environment limited,BLOCKED_DATA
,E.St. Brown,CHI,,WR,receiving,66.56,GOOD_SIGNAL,GOOD_SIGNAL at 66.6. Main support: projection strength: 78.2; usage foundation: 66.7. Main caution: role and availability context: 35.0; missing signal count: 5.,projection strength: 78.2; usage foundation: 66.7; data quality: 65.7,,nan,weather not sourced; live role/injury gates not ready; defense fit limited; game environment limited,BLOCKED_DATA
,L.Shenault,SEA,,WR,receiving,66.53,GOOD_SIGNAL,GOOD_SIGNAL at 66.5. Main support: projection strength: 78.1; usage foundation: 66.7. Main caution: role and availability context: 35.0; missing signal count: 5.,projection strength: 78.1; usage foundation: 66.7; data quality: 65.7,,nan,weather not sourced; live role/injury gates not ready; defense fit limited; game environment limited,BLOCKED_DATA
,E.Mitchell,SF,,RB,"receiving, rushing",66.47,GOOD_SIGNAL,GOOD_SIGNAL at 66.5. Main support: projection strength: 78.0; usage foundation: 66.7. Main caution: role and availability context: 35.0; missing signal count: 5.,projection strength: 78.0; usage foundation: 66.7; data quality: 65.7,,nan,weather not sourced; live role/injury gates not ready; defense fit limited; game environment limited,BLOCKED_DATA
,D.Duvernay,JAX,,WR,receiving,66.46,GOOD_SIGNAL,GOOD_SIGNAL at 66.5. Main support: projection strength: 78.0; usage foundation: 66.7. Main caution: role and availability context: 35.0; missing signal count: 5.,projection strength: 78.0; usage foundation: 66.7; data quality: 65.7,,nan,weather not sourced; live role/injury gates not ready; defense fit limited; game environment limited,BLOCKED_DATA
,C.Conley,SF,,WR,receiving,66.42,GOOD_SIGNAL,GOOD_SIGNAL at 66.4. Main support: projection strength: 77.9; usage foundation: 66.7. Main caution: role and availability context: 35.0; missing signal count: 5.,projection strength: 77.9; usage foundation: 66.7; data quality: 65.7,,nan,weather not sourced; live role/injury gates not ready; defense fit limited; game environment limited,BLOCKED_DATA
,R.Penny,PHI,,RB,"receiving, rushing",66.42,GOOD_SIGNAL,GOOD_SIGNAL at 66.4. Main support: projection strength: 77.9; usage foundation: 66.7. Main caution: role and availability context: 35.0; missing signal count: 5.,projection strength: 77.9; usage foundation: 66.7; data quality: 65.7,,nan,weather not sourced; live role/injury gates not ready; defense fit limited; game environment limited,BLOCKED_DATA
,K.Bourne,NE,,WR,receiving,66.39,GOOD_SIGNAL,GOOD_SIGNAL at 66.4. Main support: projection strength: 77.8; usage foundation: 66.7. Main caution: role and availability context: 35.0; missing signal count: 5.,projection strength: 77.8; usage foundation: 66.7; data quality: 65.7,,nan,weather not sourced; live role/injury gates not ready; defense fit limited; game environment limited,BLOCKED_DATA
,K.Hodge,ATL,,WR,receiving,66.34,GOOD_SIGNAL,GOOD_SIGNAL at 66.3. Main support: projection strength: 77.7; usage foundation: 66.7. Main caution: role and availability context: 35.0; missing signal count: 5.,projection strength: 77.7; usage foundation: 66.7; data quality: 65.7,,nan,weather not sourced; live role/injury gates not ready; defense fit limited; game environment limited,BLOCKED_DATA
,J.Guyton,LAC,,WR,receiving,66.33,GOOD_SIGNAL,GOOD_SIGNAL at 66.3. Main support: projection strength: 77.7; usage foundation: 66.7. Main caution: role and availability context: 35.0; missing signal count: 5.,projection strength: 77.7; usage foundation: 66.7; data quality: 65.7,,nan,weather not sourced; live role/injury gates not ready; defense fit limited; game environment limited,BLOCKED_DATA
,A.Gibson,NE,,RB,"receiving, rushing",66.3,GOOD_SIGNAL,GOOD_SIGNAL at 66.3. Main support: projection strength: 77.6; usage foundation: 66.7. Main caution: role and availability context: 35.0; missing signal count: 5.,projection strength: 77.6; usage foundation: 66.7; data quality: 65.7,,nan,weather not sourced; live role/injury gates not ready; defense fit limited; game environment limited,BLOCKED_DATA
,R.Cobb,NYJ,,WR,receiving,66.26,GOOD_SIGNAL,GOOD_SIGNAL at 66.3. Main support: projection strength: 77.5; usage foundation: 66.7. Main caution: role and availability context: 35.0; missing signal count: 5.,projection strength: 77.5; usage foundation: 66.7; data quality: 65.7,,nan,weather not sourced; live role/injury gates not ready; defense fit limited; game environment limited,BLOCKED_DATA
,C.Akers,MIN,,RB,"receiving, rushing",66.24,GOOD_SIGNAL,GOOD_SIGNAL at 66.2. Main support: projection strength: 77.5; usage foundation: 66.7. Main caution: role and availability context: 35.0; missing signal count: 5.,projection strength: 77.5; usage foundation: 66.7; data quality: 65.7,,nan,weather not sourced; live role/injury gates not ready; defense fit limited; game environment limited,BLOCKED_DATA
,J.Tolbert,DAL,,WR,receiving,66.2,GOOD_SIGNAL,GOOD_SIGNAL at 66.2. Main support: projection strength: 77.4; usage foundation: 66.7. Main caution: role and availability context: 35.0; missing signal count: 5.,projection strength: 77.4; usage foundation: 66.7; data quality: 65.7,,nan,weather not sourced; live role/injury gates not ready; defense fit limited; game environment limited,BLOCKED_DATA
,M.Kinsey,TEN,,WR,receiving,66.19,GOOD_SIGNAL,GOOD_SIGNAL at 66.2. Main support: projection strength: 77.3; usage foundation: 66.7. Main caution: role and availability context: 35.0; missing signal count: 5.,projection strength: 77.3; usage foundation: 66.7; data quality: 65.7,,nan,weather not sourced; live role/injury gates not ready; defense fit limited; game environment limited,BLOCKED_DATA
,M.Goodwin,CLE,,WR,receiving,66.13,GOOD_SIGNAL,GOOD_SIGNAL at 66.1. Main support: projection strength: 77.2; usage foundation: 66.7. Main caution: role and availability context: 35.0; missing signal count: 5.,projection strength: 77.2; usage foundation: 66.7; data quality: 65.7,,nan,weather not sourced; live role/injury gates not ready; defense fit limited; game environment limited,BLOCKED_DATA
,T.Boyd,TEN,,WR,receiving,66.12,GOOD_SIGNAL,GOOD_SIGNAL at 66.1. Main support: projection strength: 77.2; usage foundation: 66.7. Main caution: role and availability context: 35.0; missing signal count: 5.,projection strength: 77.2; usage foundation: 66.7; data quality: 65.7,,nan,weather not sourced; live role/injury gates not ready; defense fit limited; game environment limited,BLOCKED_DATA
,D.Peoples-Jones,DET,,WR,receiving,66.06,GOOD_SIGNAL,GOOD_SIGNAL at 66.1. Main support: projection strength: 77.0; usage foundation: 66.7. Main caution: role and availability context: 35.0; missing signal count: 5.,projection strength: 77.0; usage foundation: 66.7; data quality: 65.7,,nan,weather not sourced; live role/injury gates not ready; defense fit limited; game environment limited,BLOCKED_DATA
,V.Jefferson,PIT,,WR,receiving,66.05,GOOD_SIGNAL,GOOD_SIGNAL at 66.0. Main support: projection strength: 77.0; usage foundation: 66.7. Main caution: role and availability context: 35.0; missing signal count: 5.,projection strength: 77.0; usage foundation: 66.7; data quality: 65.7,,nan,weather not sourced; live role/injury gates not ready; defense fit limited; game environment limited,BLOCKED_DATA
,D.Parker,NE,,WR,receiving,65.99,GOOD_SIGNAL,GOOD_SIGNAL at 66.0. Main support: projection strength: 76.9; usage foundation: 66.7. Main caution: role and availability context: 35.0; missing signal count: 5.,projection strength: 76.9; usage foundation: 66.7; data quality: 65.7,,nan,weather not sourced; live role/injury gates not ready; defense fit limited; game environment limited,BLOCKED_DATA
,J.Milton,NE,BUF,QB,rushing,65.88,GOOD_SIGNAL,GOOD_SIGNAL at 65.9. Main support: projection strength: 76.6; usage foundation: 66.7. Main caution: role and availability context: 35.0; missing signal count: 5.,projection strength: 76.6; usage foundation: 66.7; data quality: 65.7,,nan,weather not sourced; live role/injury gates not ready; defense fit limited; game environment limited,BLOCKED_DATA
,D.Pettis,NO,,WR,receiving,65.84,GOOD_SIGNAL,GOOD_SIGNAL at 65.8. Main support: projection strength: 76.6; usage foundation: 66.7. Main caution: role and availability context: 35.0; missing signal count: 5.,projection strength: 76.6; usage foundation: 66.7; data quality: 65.7,,nan,weather not sourced; live role/injury gates not ready; defense fit limited; game environment limited,BLOCKED_DATA
,D.Thompkins,CAR,,WR,receiving,65.78,GOOD_SIGNAL,GOOD_SIGNAL at 65.8. Main support: projection strength: 76.4; usage foundation: 66.7. Main caution: role and availability context: 35.0; missing signal count: 5.,projection strength: 76.4; usage foundation: 66.7; data quality: 65.7,,nan,weather not sourced; live role/injury gates not ready; defense fit limited; game environment limited,BLOCKED_DATA
,S.Smartt,LAC,,TE,receiving,65.71,GOOD_SIGNAL,GOOD_SIGNAL at 65.7. Main support: projection strength: 76.2; usage foundation: 66.7. Main caution: role and availability context: 35.0; missing signal count: 5.,projection strength: 76.2; usage foundation: 66.7; data quality: 65.7,,nan,weather not sourced; live role/injury gates not ready; defense fit limited; game environment limited,BLOCKED_DATA
,T.Kelce,KC,,TE,receiving,65.64,GOOD_SIGNAL,GOOD_SIGNAL at 65.6. Main support: projection strength: 76.1; usage foundation: 66.7. Main caution: role and availability context: 35.0; missing signal count: 5.,projection strength: 76.1; usage foundation: 66.7; data quality: 65.7,,nan,weather not sourced; live role/injury gates not ready; defense fit limited; game environment limited,BLOCKED_DATA
,K.Austin,NO,,WR,receiving,65.63,GOOD_SIGNAL,GOOD_SIGNAL at 65.6. Main support: projection strength: 76.1; usage foundation: 66.7. Main caution: role and availability context: 35.0; missing signal count: 5.,projection strength: 76.1; usage foundation: 66.7; data quality: 65.7,,nan,weather not sourced; live role/injury gates not ready; defense fit limited; game environment limited,BLOCKED_DATA
,J.Crowder,WAS,,WR,receiving,65.57,GOOD_SIGNAL,GOOD_SIGNAL at 65.6. Main support: projection strength: 75.9; usage foundation: 66.7. Main caution: role and availability context: 35.0; missing signal count: 5.,projection strength: 75.9; usage foundation: 66.7; data quality: 65.7,,nan,weather not sourced; live role/injury gates not ready; defense fit limited; game environment limited,BLOCKED_DATA
,D.Sample,CIN,,TE,receiving,65.5,GOOD_SIGNAL,GOOD_SIGNAL at 65.5. Main support: projection strength: 75.8; usage foundation: 66.7. Main caution: role and availability context: 35.0; missing signal count: 5.,projection strength: 75.8; usage foundation: 66.7; data quality: 65.7,,nan,weather not sourced; live role/injury gates not ready; defense fit limited; game environment limited,BLOCKED_DATA
,D.Foreman,CLE,,RB,"receiving, rushing",65.49,GOOD_SIGNAL,GOOD_SIGNAL at 65.5. Main support: projection strength: 75.8; usage foundation: 66.7. Main caution: role and availability context: 35.0; missing signal count: 5.,projection strength: 75.8; usage foundation: 66.7; data quality: 65.7,,nan,weather not sourced; live role/injury gates not ready; defense fit limited; game environment limited,BLOCKED_DATA
,S.Darnold,MIN,LA,QB,"rushing, passing",65.46,GOOD_SIGNAL,GOOD_SIGNAL at 65.5. Main support: projection strength: 75.7; usage foundation: 66.7. Main caution: role and availability context: 35.0; missing signal count: 5.,projection strength: 75.7; usage foundation: 66.7; data quality: 65.7,,nan,weather not sourced; live role/injury gates not ready; defense fit limited; game environment limited,BLOCKED_DATA
00-0030565,G.Smith,SEA,LA,QB,passing,65.41,GOOD_SIGNAL,GOOD_SIGNAL at 65.4. Main support: recent form: 98.9; opponent defense fit: 83.3. Main caution: usage foundation: 33.3; role and availability context: 35.0.,recent form: 98.9; opponent defense fit: 83.3; data quality: 79.0,,nan,weather not sourced; live role/injury gates not ready; game environment limited,BLOCKED_DATA
,J.Bobo,SEA,,WR,receiving,65.37,GOOD_SIGNAL,GOOD_SIGNAL at 65.4. Main support: projection strength: 75.5; usage foundation: 66.7. Main caution: role and availability context: 35.0; missing signal count: 5.,projection strength: 75.5; usage foundation: 66.7; data quality: 65.7,,nan,weather not sourced; live role/injury gates not ready; defense fit limited; game environment limited,BLOCKED_DATA
,D.Pierce,HOU,,RB,"receiving, rushing",65.32,GOOD_SIGNAL,GOOD_SIGNAL at 65.3. Main support: projection strength: 75.4; usage foundation: 66.7. Main caution: role and availability context: 35.0; missing signal count: 5.,projection strength: 75.4; usage foundation: 66.7; data quality: 65.7,,nan,weather not sourced; live role/injury gates not ready; defense fit limited; game environment limited,BLOCKED_DATA
,J.Reagor,LAC,,WR,receiving,65.27,GOOD_SIGNAL,GOOD_SIGNAL at 65.3. Main support: projection strength: 75.2; usage foundation: 66.7. Main caution: role and availability context: 35.0; missing signal count: 5.,projection strength: 75.2; usage foundation: 66.7; data quality: 65.7,,nan,weather not sourced; live role/injury gates not ready; defense fit limited; game environment limited,BLOCKED_DATA
,E.Demercado,ARI,,RB,"receiving, rushing",65.16,GOOD_SIGNAL,GOOD_SIGNAL at 65.2. Main support: projection strength: 75.0; usage foundation: 66.7. Main caution: role and availability context: 35.0; missing signal count: 5.,projection strength: 75.0; usage foundation: 66.7; data quality: 65.7,,nan,weather not sourced; live role/injury gates not ready; defense fit limited; game environment limited,BLOCKED_DATA
,D.Turner,LV,,WR,receiving,65.09,GOOD_SIGNAL,GOOD_SIGNAL at 65.1. Main support: projection strength: 74.8; usage foundation: 66.7. Main caution: role and availability context: 35.0; missing signal count: 5.,projection strength: 74.8; usage foundation: 66.7; data quality: 65.7,,nan,weather not sourced; live role/injury gates not ready; defense fit limited; game environment limited,BLOCKED_DATA
,F.Moreau,NO,,TE,receiving,65.03,GOOD_SIGNAL,GOOD_SIGNAL at 65.0. Main support: projection strength: 74.7; usage foundation: 66.7. Main caution: role and availability context: 35.0; missing signal count: 5.,projection strength: 74.7; usage foundation: 66.7; data quality: 65.7,,nan,weather not sourced; live role/injury gates not ready; defense fit limited; game environment limited,BLOCKED_DATA
,D.Jones,NYG,CAR,QB,rushing,65.0,GOOD_SIGNAL,GOOD_SIGNAL at 65.0. Main support: projection strength: 74.6; usage foundation: 66.7. Main caution: role and availability context: 35.0; missing signal count: 5.,projection strength: 74.6; usage foundation: 66.7; data quality: 65.7,,nan,weather not sourced; live role/injury gates not ready; defense fit limited; game environment limited,BLOCKED_DATA
,D.Cook,DAL,,RB,"receiving, rushing",64.98,GOOD_SIGNAL,GOOD_SIGNAL at 65.0. Main support: projection strength: 74.6; usage foundation: 66.7. Main caution: role and availability context: 35.0; missing signal count: 5.,projection strength: 74.6; usage foundation: 66.7; data quality: 65.7,,nan,weather not sourced; live role/injury gates not ready; defense fit limited; game environment limited,BLOCKED_DATA
,M.Gallup,DAL,,WR,receiving,64.91,GOOD_SIGNAL,GOOD_SIGNAL at 64.9. Main support: projection strength: 74.4; usage foundation: 66.7. Main caution: role and availability context: 35.0; missing signal count: 5.,projection strength: 74.4; usage foundation: 66.7; data quality: 65.7,,nan,weather not sourced; live role/injury gates not ready; defense fit limited; game environment limited,BLOCKED_DATA
,J.Hill,BAL,,RB,"receiving, rushing",64.8,GOOD_SIGNAL,GOOD_SIGNAL at 64.8. Main support: projection strength: 74.2; usage foundation: 66.7. Main caution: role and availability context: 35.0; missing signal count: 5.,projection strength: 74.2; usage foundation: 66.7; data quality: 65.7,,nan,weather not sourced; live role/injury gates not ready; defense fit limited; game environment limited,BLOCKED_DATA
,T.Patrick,DET,,WR,receiving,64.77,GOOD_SIGNAL,GOOD_SIGNAL at 64.8. Main support: projection strength: 74.1; usage foundation: 66.7. Main caution: role and availability context: 35.0; missing signal count: 5.,projection strength: 74.1; usage foundation: 66.7; data quality: 65.7,,nan,weather not sourced; live role/injury gates not ready; defense fit limited; game environment limited,BLOCKED_DATA
,J.Allen,BUF,KC,QB,"rushing, passing",64.67,GOOD_SIGNAL,GOOD_SIGNAL at 64.7. Main support: projection strength: 73.9; usage foundation: 66.7. Main caution: role and availability context: 35.0; missing signal count: 5.,projection strength: 73.9; usage foundation: 66.7; data quality: 65.7,,nan,weather not sourced; live role/injury gates not ready; defense fit limited; game environment limited,BLOCKED_DATA
,D.Vele,DEN,,WR,receiving,64.62,GOOD_SIGNAL,GOOD_SIGNAL at 64.6. Main support: projection strength: 73.8; usage foundation: 66.7. Main caution: role and availability context: 35.0; missing signal count: 5.,projection strength: 73.8; usage foundation: 66.7; data quality: 65.7,,nan,weather not sourced; live role/injury gates not ready; defense fit limited; game environment limited,BLOCKED_DATA
,X.Smith,LA,,WR,receiving,64.61,GOOD_SIGNAL,GOOD_SIGNAL at 64.6. Main support: projection strength: 73.8; usage foundation: 66.7. Main caution: role and availability context: 35.0; missing signal count: 5.,projection strength: 73.8; usage foundation: 66.7; data quality: 65.7,,nan,weather not sourced; live role/injury gates not ready; defense fit limited; game environment limited,BLOCKED_DATA
,M.Hollins,BUF,,WR,receiving,64.55,GOOD_SIGNAL,GOOD_SIGNAL at 64.5. Main support: projection strength: 73.6; usage foundation: 66.7. Main caution: role and availability context: 35.0; missing signal count: 5.,projection strength: 73.6; usage foundation: 66.7; data quality: 65.7,,nan,weather not sourced; live role/injury gates not ready; defense fit limited; game environment limited,BLOCKED_DATA
,T.Hudson,CIN,,TE,receiving,64.54,GOOD_SIGNAL,GOOD_SIGNAL at 64.5. Main support: projection strength: 73.6; usage foundation: 66.7. Main caution: role and availability context: 35.0; missing signal count: 5.,projection strength: 73.6; usage foundation: 66.7; data quality: 65.7,,nan,weather not sourced; live role/injury gates not ready; defense fit limited; game environment limited,BLOCKED_DATA
,K.Harris,NE,,RB,"receiving, rushing",64.51,GOOD_SIGNAL,GOOD_SIGNAL at 64.5. Main support: projection strength: 73.5; usage foundation: 66.7. Main caution: role and availability context: 35.0; missing signal count: 5.,projection strength: 73.5; usage foundation: 66.7; data quality: 65.7,,nan,weather not sourced; live role/injury gates not ready; defense fit limited; game environment limited,BLOCKED_DATA
00-0037834,B.Purdy,SF,DET,QB,passing,64.48,GOOD_SIGNAL,GOOD_SIGNAL at 64.5. Main support: opponent defense fit: 100.0; recent form: 99.5. Main caution: usage foundation: 33.3; role and availability context: 35.0.,opponent defense fit: 100.0; recent form: 99.5; data quality: 79.0,,nan,weather not sourced; live role/injury gates not ready; game environment limited,BLOCKED_DATA
,M.Taylor,NYJ,,WR,receiving,64.41,GOOD_SIGNAL,GOOD_SIGNAL at 64.4. Main support: projection strength: 73.3; usage foundation: 66.7. Main caution: role and availability context: 35.0; missing signal count: 5.,projection strength: 73.3; usage foundation: 66.7; data quality: 65.7,,nan,weather not sourced; live role/injury gates not ready; defense fit limited; game environment limited,BLOCKED_DATA
,Em.Wilson,GB,,RB,"receiving, rushing",64.34,GOOD_SIGNAL,GOOD_SIGNAL at 64.3. Main support: projection strength: 73.1; usage foundation: 66.7. Main caution: role and availability context: 35.0; missing signal count: 5.,projection strength: 73.1; usage foundation: 66.7; data quality: 65.7,,nan,weather not sourced; live role/injury gates not ready; defense fit limited; game environment limited,BLOCKED_DATA
,C.Claypool,MIA,,WR,receiving,64.33,GOOD_SIGNAL,GOOD_SIGNAL at 64.3. Main support: projection strength: 73.1; usage foundation: 66.7. Main caution: role and availability context: 35.0; missing signal count: 5.,projection strength: 73.1; usage foundation: 66.7; data quality: 65.7,,nan,weather not sourced; live role/injury gates not ready; defense fit limited; game environment limited,BLOCKED_DATA
,R.Woods,HOU,,WR,receiving,64.27,GOOD_SIGNAL,GOOD_SIGNAL at 64.3. Main support: projection strength: 73.0; usage foundation: 66.7. Main caution: role and availability context: 35.0; missing signal count: 5.,projection strength: 73.0; usage foundation: 66.7; data quality: 65.7,,nan,weather not sourced; live role/injury gates not ready; defense fit limited; game environment limited,BLOCKED_DATA
,R.Wilson,PIT,BAL,QB,"rushing, passing",64.27,GOOD_SIGNAL,GOOD_SIGNAL at 64.3. Main support: projection strength: 73.0; usage foundation: 66.7. Main caution: role and availability context: 35.0; missing signal count: 5.,projection strength: 73.0; usage foundation: 66.7; data quality: 65.7,,nan,weather not sourced; live role/injury gates not ready; defense fit limited; game environment limited,BLOCKED_DATA
,S.Morgan,CIN,,WR,receiving,64.26,GOOD_SIGNAL,GOOD_SIGNAL at 64.3. Main support: projection strength: 73.0; usage foundation: 66.7. Main caution: role and availability context: 35.0; missing signal count: 5.,projection strength: 73.0; usage foundation: 66.7; data quality: 65.7,,nan,weather not sourced; live role/injury gates not ready; defense fit limited; game environment limited,BLOCKED_DATA
,M.Tipton,NO,,WR,receiving,64.2,GOOD_SIGNAL,GOOD_SIGNAL at 64.2. Main support: projection strength: 72.8; usage foundation: 66.7. Main caution: role and availability context: 35.0; missing signal count: 5.,projection strength: 72.8; usage foundation: 66.7; data quality: 65.7,,nan,weather not sourced; live role/injury gates not ready; defense fit limited; game environment limited,BLOCKED_DATA
,Z.White,LV,,RB,"receiving, rushing",64.18,GOOD_SIGNAL,GOOD_SIGNAL at 64.2. Main support: projection strength: 72.8; usage foundation: 66.7. Main caution: role and availability context: 35.0; missing signal count: 5.,projection strength: 72.8; usage foundation: 66.7; data quality: 65.7,,nan,weather not sourced; live role/injury gates not ready; defense fit limited; game environment limited,BLOCKED_DATA
,T.Johnson,NYG,,TE,receiving,64.14,GOOD_SIGNAL,GOOD_SIGNAL at 64.1. Main support: projection strength: 72.7; usage foundation: 66.7. Main caution: role and availability context: 35.0; missing signal count: 5.,projection strength: 72.7; usage foundation: 66.7; data quality: 65.7,,nan,weather not sourced; live role/injury gates not ready; defense fit limited; game environment limited,BLOCKED_DATA
,N.Remigio,KC,,WR,receiving,64.12,GOOD_SIGNAL,GOOD_SIGNAL at 64.1. Main support: projection strength: 72.6; usage foundation: 66.7. Main caution: role and availability context: 35.0; missing signal count: 5.,projection strength: 72.6; usage foundation: 66.7; data quality: 65.7,,nan,weather not sourced; live role/injury gates not ready; defense fit limited; game environment limited,BLOCKED_DATA
,K.Mitchell,BAL,,RB,"receiving, rushing",64.09,GOOD_SIGNAL,GOOD_SIGNAL at 64.1. Main support: projection strength: 72.5; usage foundation: 66.7. Main caution: role and availability context: 35.0; missing signal count: 5.,projection strength: 72.5; usage foundation: 66.7; data quality: 65.7,,nan,weather not sourced; live role/injury gates not ready; defense fit limited; game environment limited,BLOCKED_DATA
,D.Goedert,PHI,,TE,receiving,64.07,GOOD_SIGNAL,GOOD_SIGNAL at 64.1. Main support: projection strength: 72.5; usage foundation: 66.7. Main caution: role and availability context: 35.0; missing signal count: 5.,projection strength: 72.5; usage foundation: 66.7; data quality: 65.7,,nan,weather not sourced; live role/injury gates not ready; defense fit limited; game environment limited,BLOCKED_DATA
,B.Pringle,WAS,,WR,receiving,64.05,GOOD_SIGNAL,GOOD_SIGNAL at 64.0. Main support: projection strength: 72.5; usage foundation: 66.7. Main caution: role and availability context: 35.0; missing signal count: 5.,projection strength: 72.5; usage foundation: 66.7; data quality: 65.7,,nan,weather not sourced; live role/injury gates not ready; defense fit limited; game environment limited,BLOCKED_DATA
,B.Strange,JAX,,TE,receiving,64.0,GOOD_SIGNAL,GOOD_SIGNAL at 64.0. Main support: projection strength: 72.3; usage foundation: 66.7. Main caution: role and availability context: 35.0; missing signal count: 5.,projection strength: 72.3; usage foundation: 66.7; data quality: 65.7,,nan,weather not sourced; live role/injury gates not ready; defense fit limited; game environment limited,BLOCKED_DATA
,S.Fehoko,LAC,,WR,receiving,63.98,GOOD_SIGNAL,GOOD_SIGNAL at 64.0. Main support: projection strength: 72.3; usage foundation: 66.7. Main caution: role and availability context: 35.0; missing signal count: 5.,projection strength: 72.3; usage foundation: 66.7; data quality: 65.7,,nan,weather not sourced; live role/injury gates not ready; defense fit limited; game environment limited,BLOCKED_DATA
,B.Scott,PHI,,RB,"receiving, rushing",63.91,GOOD_SIGNAL,GOOD_SIGNAL at 63.9. Main support: projection strength: 72.1; usage foundation: 66.7. Main caution: role and availability context: 35.0; missing signal count: 5.,projection strength: 72.1; usage foundation: 66.7; data quality: 65.7,,nan,weather not sourced; live role/injury gates not ready; defense fit limited; game environment limited,BLOCKED_DATA
,D.Chisena,CAR,,WR,receiving,63.91,GOOD_SIGNAL,GOOD_SIGNAL at 63.9. Main support: projection strength: 72.1; usage foundation: 66.7. Main caution: role and availability context: 35.0; missing signal count: 5.,projection strength: 72.1; usage foundation: 66.7; data quality: 65.7,,nan,weather not sourced; live role/injury gates not ready; defense fit limited; game environment limited,BLOCKED_DATA
00-0039732,B.Nix,DEN,BUF,QB,passing,63.88,GOOD_SIGNAL,GOOD_SIGNAL at 63.9. Main support: recent form: 99.6; data quality: 79.0. Main caution: usage foundation: 33.3; role and availability context: 35.0.,recent form: 99.6; data quality: 79.0; projection strength: 74.1,,nan,weather not sourced; live role/injury gates not ready; game environment limited,BLOCKED_DATA
,I.McKenzie,IND,,WR,receiving,63.86,GOOD_SIGNAL,GOOD_SIGNAL at 63.9. Main support: projection strength: 72.0; usage foundation: 66.7. Main caution: role and availability context: 35.0; missing signal count: 5.,projection strength: 72.0; usage foundation: 66.7; data quality: 65.7,,nan,weather not sourced; live role/injury gates not ready; defense fit limited; game environment limited,BLOCKED_DATA
,M.Boykin,PIT,,WR,receiving,63.8,GOOD_SIGNAL,GOOD_SIGNAL at 63.8. Main support: projection strength: 71.9; usage foundation: 66.7. Main caution: role and availability context: 35.0; missing signal count: 5.,projection strength: 71.9; usage foundation: 66.7; data quality: 65.7,,nan,weather not sourced; live role/injury gates not ready; defense fit limited; game environment limited,BLOCKED_DATA
,C.Grandy,CIN,,TE,receiving,63.66,GOOD_SIGNAL,GOOD_SIGNAL at 63.7. Main support: projection strength: 71.6; usage foundation: 66.7. Main caution: role and availability context: 35.0; missing signal count: 5.,projection strength: 71.6; usage foundation: 66.7; data quality: 65.7,,nan,weather not sourced; live role/injury gates not ready; defense fit limited; game environment limited,BLOCKED_DATA
,T.Sermon,IND,,RB,"receiving, rushing",63.55,GOOD_SIGNAL,GOOD_SIGNAL at 63.5. Main support: projection strength: 71.3; usage foundation: 66.7. Main caution: role and availability context: 35.0; missing signal count: 5.,projection strength: 71.3; usage foundation: 66.7; data quality: 65.7,,nan,weather not sourced; live role/injury gates not ready; defense fit limited; game environment limited,BLOCKED_DATA
,T.Jones,JAX,,WR,receiving,63.55,GOOD_SIGNAL,GOOD_SIGNAL at 63.5. Main support: projection strength: 71.3; usage foundation: 66.7. Main caution: role and availability context: 35.0; missing signal count: 5.,projection strength: 71.3; usage foundation: 66.7; data quality: 65.7,,nan,weather not sourced; live role/injury gates not ready; defense fit limited; game environment limited,BLOCKED_DATA
,E.Dotson,LAC,,RB,"receiving, rushing",63.53,GOOD_SIGNAL,GOOD_SIGNAL at 63.5. Main support: projection strength: 71.3; usage foundation: 66.7. Main caution: role and availability context: 35.0; missing signal count: 5.,projection strength: 71.3; usage foundation: 66.7; data quality: 65.7,,nan,weather not sourced; live role/injury gates not ready; defense fit limited; game environment limited,BLOCKED_DATA
,X.Hutchinson,HOU,,WR,receiving,63.48,GOOD_SIGNAL,GOOD_SIGNAL at 63.5. Main support: projection strength: 71.2; usage foundation: 66.7. Main caution: role and availability context: 35.0; missing signal count: 5.,projection strength: 71.2; usage foundation: 66.7; data quality: 65.7,,nan,weather not sourced; live role/injury gates not ready; defense fit limited; game environment limited,BLOCKED_DATA
,L.Thomas,WAS,,TE,receiving,63.45,GOOD_SIGNAL,GOOD_SIGNAL at 63.5. Main support: projection strength: 71.1; usage foundation: 66.7. Main caution: role and availability context: 35.0; missing signal count: 5.,projection strength: 71.1; usage foundation: 66.7; data quality: 65.7,,nan,weather not sourced; live role/injury gates not ready; defense fit limited; game environment limited,BLOCKED_DATA
,K.Turpin,DAL,,WR,receiving,63.4,GOOD_SIGNAL,GOOD_SIGNAL at 63.4. Main support: projection strength: 71.0; usage foundation: 66.7. Main caution: role and availability context: 35.0; missing signal count: 5.,projection strength: 71.0; usage foundation: 66.7; data quality: 65.7,,nan,weather not sourced; live role/injury gates not ready; defense fit limited; game environment limited,BLOCKED_DATA
,S.Shepard,TB,,WR,receiving,63.39,GOOD_SIGNAL,GOOD_SIGNAL at 63.4. Main support: projection strength: 70.9; usage foundation: 66.7. Main caution: role and availability context: 35.0; missing signal count: 5.,projection strength: 70.9; usage foundation: 66.7; data quality: 65.7,,nan,weather not sourced; live role/injury gates not ready; defense fit limited; game environment limited,BLOCKED_DATA
,S.Ahmed,MIA,,RB,"receiving, rushing",63.37,GOOD_SIGNAL,GOOD_SIGNAL at 63.4. Main support: projection strength: 70.9; usage foundation: 66.7. Main caution: role and availability context: 35.0; missing signal count: 5.,projection strength: 70.9; usage foundation: 66.7; data quality: 65.7,,nan,weather not sourced; live role/injury gates not ready; defense fit limited; game environment limited,BLOCKED_DATA
,D.Williams,ARI,,RB,"receiving, rushing",63.37,GOOD_SIGNAL,GOOD_SIGNAL at 63.4. Main support: projection strength: 70.9; usage foundation: 66.7. Main caution: role and availability context: 35.0; missing signal count: 5.,projection strength: 70.9; usage foundation: 66.7; data quality: 65.7,,nan,weather not sourced; live role/injury gates not ready; defense fit limited; game environment limited,BLOCKED_DATA
,S.Jackson,CIN,,WR,receiving,63.26,GOOD_SIGNAL,GOOD_SIGNAL at 63.3. Main support: projection strength: 70.7; usage foundation: 66.7. Main caution: role and availability context: 35.0; missing signal count: 5.,projection strength: 70.7; usage foundation: 66.7; data quality: 65.7,,nan,weather not sourced; live role/injury gates not ready; defense fit limited; game environment limited,BLOCKED_DATA
,M.Sanders,CAR,,RB,"receiving, rushing",63.19,GOOD_SIGNAL,GOOD_SIGNAL at 63.2. Main support: projection strength: 70.5; usage foundation: 66.7. Main caution: role and availability context: 35.0; missing signal count: 5.,projection strength: 70.5; usage foundation: 66.7; data quality: 65.7,,nan,weather not sourced; live role/injury gates not ready; defense fit limited; game environment limited,BLOCKED_DATA
,D.Waller,NYG,,TE,receiving,63.18,GOOD_SIGNAL,GOOD_SIGNAL at 63.2. Main support: projection strength: 70.5; usage foundation: 66.7. Main caution: role and availability context: 35.0; missing signal count: 5.,projection strength: 70.5; usage foundation: 66.7; data quality: 65.7,,nan,weather not sourced; live role/injury gates not ready; defense fit limited; game environment limited,BLOCKED_DATA
,J.Flacco,IND,JAX,QB,"rushing, passing",63.09,GOOD_SIGNAL,GOOD_SIGNAL at 63.1. Main support: projection strength: 70.3; usage foundation: 66.7. Main caution: role and availability context: 35.0; missing signal count: 5.,projection strength: 70.3; usage foundation: 66.7; data quality: 65.7,,nan,weather not sourced; live role/injury gates not ready; defense fit limited; game environment limited,BLOCKED_DATA
,J.McKinnon,KC,,RB,"receiving, rushing",63.04,GOOD_SIGNAL,GOOD_SIGNAL at 63.0. Main support: projection strength: 70.2; usage foundation: 66.7. Main caution: role and availability context: 35.0; missing signal count: 5.,projection strength: 70.2; usage foundation: 66.7; data quality: 65.7,,nan,weather not sourced; live role/injury gates not ready; defense fit limited; game environment limited,BLOCKED_DATA
,W.Dissly,LAC,,TE,receiving,62.97,GOOD_SIGNAL,GOOD_SIGNAL at 63.0. Main support: projection strength: 70.0; usage foundation: 66.7. Main caution: role and availability context: 35.0; missing signal count: 5.,projection strength: 70.0; usage foundation: 66.7; data quality: 65.7,,nan,weather not sourced; live role/injury gates not ready; defense fit limited; game environment limited,BLOCKED_DATA
,S.Miller,PIT,,WR,receiving,62.97,GOOD_SIGNAL,GOOD_SIGNAL at 63.0. Main support: projection strength: 70.0; usage foundation: 66.7. Main caution: role and availability context: 35.0; missing signal count: 5.,projection strength: 70.0; usage foundation: 66.7; data quality: 65.7,,nan,weather not sourced; live role/injury gates not ready; defense fit limited; game environment limited,BLOCKED_DATA
,C.Evans,CIN,,RB,"receiving, rushing",62.88,GOOD_SIGNAL,GOOD_SIGNAL at 62.9. Main support: projection strength: 69.8; usage foundation: 66.7. Main caution: role and availability context: 35.0; missing signal count: 5.,projection strength: 69.8; usage foundation: 66.7; data quality: 65.7,,nan,weather not sourced; live role/injury gates not ready; defense fit limited; game environment limited,BLOCKED_DATA
,T.Kraft,GB,,TE,receiving,62.83,GOOD_SIGNAL,GOOD_SIGNAL at 62.8. Main support: projection strength: 69.7; usage foundation: 66.7. Main caution: role and availability context: 35.0; missing signal count: 5.,projection strength: 69.7; usage foundation: 66.7; data quality: 65.7,,nan,weather not sourced; live role/injury gates not ready; defense fit limited; game environment limited,BLOCKED_DATA
,M.Heath,GB,,WR,receiving,62.77,GOOD_SIGNAL,GOOD_SIGNAL at 62.8. Main support: projection strength: 69.5; usage foundation: 66.7. Main caution: role and availability context: 35.0; missing signal count: 5.,projection strength: 69.5; usage foundation: 66.7; data quality: 65.7,,nan,weather not sourced; live role/injury gates not ready; defense fit limited; game environment limited,BLOCKED_DATA
,E.Cooks,JAX,,WR,receiving,62.76,GOOD_SIGNAL,GOOD_SIGNAL at 62.8. Main support: projection strength: 69.5; usage foundation: 66.7. Main caution: role and availability context: 35.0; missing signal count: 5.,projection strength: 69.5; usage foundation: 66.7; data quality: 65.7,,nan,weather not sourced; live role/injury gates not ready; defense fit limited; game environment limited,BLOCKED_DATA
,I.Guerendo,SF,,RB,"receiving, rushing",62.71,GOOD_SIGNAL,GOOD_SIGNAL at 62.7. Main support: projection strength: 69.4; usage foundation: 66.7. Main caution: role and availability context: 35.0; missing signal count: 5.,projection strength: 69.4; usage foundation: 66.7; data quality: 65.7,,nan,weather not sourced; live role/injury gates not ready; defense fit limited; game environment limited,BLOCKED_DATA
,D.Slayton,NYG,,WR,receiving,62.69,GOOD_SIGNAL,GOOD_SIGNAL at 62.7. Main support: projection strength: 69.3; usage foundation: 66.7. Main caution: role and availability context: 35.0; missing signal count: 5.,projection strength: 69.3; usage foundation: 66.7; data quality: 65.7,,nan,weather not sourced; live role/injury gates not ready; defense fit limited; game environment limited,BLOCKED_DATA
,D.Vaughn,DAL,,RB,"receiving, rushing",62.65,GOOD_SIGNAL,GOOD_SIGNAL at 62.6. Main support: projection strength: 69.3; usage foundation: 66.7. Main caution: role and availability context: 35.0; missing signal count: 5.,projection strength: 69.3; usage foundation: 66.7; data quality: 65.7,,nan,weather not sourced; live role/injury gates not ready; defense fit limited; game environment limited,BLOCKED_DATA
,J.Smith-Schuster,KC,,WR,receiving,62.62,GOOD_SIGNAL,GOOD_SIGNAL at 62.6. Main support: projection strength: 69.2; usage foundation: 66.7. Main caution: role and availability context: 35.0; missing signal count: 5.,projection strength: 69.2; usage foundation: 66.7; data quality: 65.7,,nan,weather not sourced; live role/injury gates not ready; defense fit limited; game environment limited,BLOCKED_DATA
,L.Humphrey,DEN,,WR,receiving,62.56,GOOD_SIGNAL,GOOD_SIGNAL at 62.6. Main support: projection strength: 69.1; usage foundation: 66.7. Main caution: role and availability context: 35.0; missing signal count: 5.,projection strength: 69.1; usage foundation: 66.7; data quality: 65.7,,nan,weather not sourced; live role/injury gates not ready; defense fit limited; game environment limited,BLOCKED_DATA
,Ju.Watson,KC,,WR,receiving,62.55,GOOD_SIGNAL,GOOD_SIGNAL at 62.5. Main support: projection strength: 69.0; usage foundation: 66.7. Main caution: role and availability context: 35.0; missing signal count: 5.,projection strength: 69.0; usage foundation: 66.7; data quality: 65.7,,nan,weather not sourced; live role/injury gates not ready; defense fit limited; game environment limited,BLOCKED_DATA
,I.Spiller,LAC,,RB,"receiving, rushing",62.47,GOOD_SIGNAL,GOOD_SIGNAL at 62.5. Main support: projection strength: 68.8; usage foundation: 66.7. Main caution: role and availability context: 35.0; missing signal count: 5.,projection strength: 68.8; usage foundation: 66.7; data quality: 65.7,,nan,weather not sourced; live role/injury gates not ready; defense fit limited; game environment limited,BLOCKED_DATA
,J.Reynolds,JAX,,WR,receiving,62.4,GOOD_SIGNAL,GOOD_SIGNAL at 62.4. Main support: projection strength: 68.7; usage foundation: 66.7. Main caution: role and availability context: 35.0; missing signal count: 5.,projection strength: 68.7; usage foundation: 66.7; data quality: 65.7,,nan,weather not sourced; live role/injury gates not ready; defense fit limited; game environment limited,BLOCKED_DATA
,C.Edwards-Helaire,NO,,RB,"receiving, rushing",62.39,GOOD_SIGNAL,GOOD_SIGNAL at 62.4. Main support: projection strength: 68.7; usage foundation: 66.7. Main caution: role and availability context: 35.0; missing signal count: 5.,projection strength: 68.7; usage foundation: 66.7; data quality: 65.7,,nan,weather not sourced; live role/injury gates not ready; defense fit limited; game environment limited,BLOCKED_DATA
,R.Flournoy,DAL,,WR,receiving,62.36,GOOD_SIGNAL,GOOD_SIGNAL at 62.4. Main support: projection strength: 68.6; usage foundation: 66.7. Main caution: role and availability context: 35.0; missing signal count: 5.,projection strength: 68.6; usage foundation: 66.7; data quality: 65.7,,nan,weather not sourced; live role/injury gates not ready; defense fit limited; game environment limited,BLOCKED_DATA
,G.Davis,JAX,,WR,receiving,62.33,GOOD_SIGNAL,GOOD_SIGNAL at 62.3. Main support: projection strength: 68.5; usage foundation: 66.7. Main caution: role and availability context: 35.0; missing signal count: 5.,projection strength: 68.5; usage foundation: 66.7; data quality: 65.7,,nan,weather not sourced; live role/injury gates not ready; defense fit limited; game environment limited,BLOCKED_DATA
00-0026158,J.Flacco,IND,JAX,QB,passing,62.26,GOOD_SIGNAL,GOOD_SIGNAL at 62.3. Main support: recent form: 99.7; opponent defense fit: 92.6. Main caution: usage foundation: 33.3; role and availability context: 35.0.,recent form: 99.7; opponent defense fit: 92.6; data quality: 79.0,,nan,weather not sourced; live role/injury gates not ready; game environment limited,BLOCKED_DATA
,Z.Evans,LA,,RB,"receiving, rushing",62.06,GOOD_SIGNAL,GOOD_SIGNAL at 62.1. Main support: projection strength: 67.9; usage foundation: 66.7. Main caution: role and availability context: 35.0; missing signal count: 5.,projection strength: 67.9; usage foundation: 66.7; data quality: 65.7,,nan,weather not sourced; live role/injury gates not ready; defense fit limited; game environment limited,BLOCKED_DATA
,D.Moore,CAR,,WR,receiving,61.9,GOOD_SIGNAL,GOOD_SIGNAL at 61.9. Main support: projection strength: 67.5; usage foundation: 66.7. Main caution: role and availability context: 35.0; missing signal count: 5.,projection strength: 67.5; usage foundation: 66.7; data quality: 65.7,,nan,weather not sourced; live role/injury gates not ready; defense fit limited; game environment limited,BLOCKED_DATA
,D.Ozigbo,DET,,RB,"receiving, rushing",61.9,GOOD_SIGNAL,GOOD_SIGNAL at 61.9. Main support: projection strength: 67.5; usage foundation: 66.7. Main caution: role and availability context: 35.0; missing signal count: 5.,projection strength: 67.5; usage foundation: 66.7; data quality: 65.7,,nan,weather not sourced; live role/injury gates not ready; defense fit limited; game environment limited,BLOCKED_DATA
,A.Miller,BAL,,WR,receiving,61.81,GOOD_SIGNAL,GOOD_SIGNAL at 61.8. Main support: projection strength: 67.3; usage foundation: 66.7. Main caution: role and availability context: 35.0; missing signal count: 5.,projection strength: 67.3; usage foundation: 66.7; data quality: 65.7,,nan,weather not sourced; live role/injury gates not ready; defense fit limited; game environment limited,BLOCKED_DATA
,A.Green,DET,,WR,receiving,61.74,GOOD_SIGNAL,GOOD_SIGNAL at 61.7. Main support: projection strength: 67.2; usage foundation: 66.7. Main caution: role and availability context: 35.0; missing signal count: 5.,projection strength: 67.2; usage foundation: 66.7; data quality: 65.7,,nan,weather not sourced; live role/injury gates not ready; defense fit limited; game environment limited,BLOCKED_DATA
,C.Rodriguez,WAS,,RB,"receiving, rushing",61.73,GOOD_SIGNAL,GOOD_SIGNAL at 61.7. Main support: projection strength: 67.2; usage foundation: 66.7. Main caution: role and availability context: 35.0; missing signal count: 5.,projection strength: 67.2; usage foundation: 66.7; data quality: 65.7,,nan,weather not sourced; live role/injury gates not ready; defense fit limited; game environment limited,BLOCKED_DATA
00-0029263,R.Wilson,PIT,BAL,QB,passing,61.69,GOOD_SIGNAL,GOOD_SIGNAL at 61.7. Main support: recent form: 98.8; data quality: 79.0. Main caution: usage foundation: 33.3; role and availability context: 35.0.,recent form: 98.8; data quality: 79.0; projection strength: 63.0,,nan,weather not sourced; live role/injury gates not ready; game environment limited,BLOCKED_DATA
,C.Thompson,TB,,WR,receiving,61.68,GOOD_SIGNAL,GOOD_SIGNAL at 61.7. Main support: projection strength: 67.0; usage foundation: 66.7. Main caution: role and availability context: 35.0; missing signal count: 5.,projection strength: 67.0; usage foundation: 66.7; data quality: 65.7,,nan,weather not sourced; live role/injury gates not ready; defense fit limited; game environment limited,BLOCKED_DATA
,T.Marshall,LV,,WR,receiving,61.61,GOOD_SIGNAL,GOOD_SIGNAL at 61.6. Main support: projection strength: 66.9; usage foundation: 66.7. Main caution: role and availability context: 35.0; missing signal count: 5.,projection strength: 66.9; usage foundation: 66.7; data quality: 65.7,,nan,weather not sourced; live role/injury gates not ready; defense fit limited; game environment limited,BLOCKED_DATA
,K.Davis,CLE,,WR,receiving,61.54,GOOD_SIGNAL,GOOD_SIGNAL at 61.5. Main support: projection strength: 66.7; usage foundation: 66.7. Main caution: role and availability context: 35.0; missing signal count: 5.,projection strength: 66.7; usage foundation: 66.7; data quality: 65.7,,nan,weather not sourced; live role/injury gates not ready; defense fit limited; game environment limited,BLOCKED_DATA
,J.Ferguson,DAL,,TE,receiving,61.54,GOOD_SIGNAL,GOOD_SIGNAL at 61.5. Main support: projection strength: 66.7; usage foundation: 66.7. Main caution: role and availability context: 35.0; missing signal count: 5.,projection strength: 66.7; usage foundation: 66.7; data quality: 65.7,,nan,weather not sourced; live role/injury gates not ready; defense fit limited; game environment limited,BLOCKED_DATA
,A.Hooper,NE,,TE,receiving,61.47,GOOD_SIGNAL,GOOD_SIGNAL at 61.5. Main support: usage foundation: 66.7; projection strength: 66.6. Main caution: role and availability context: 35.0; missing signal count: 5.,usage foundation: 66.7; projection strength: 66.6; data quality: 65.7,,nan,weather not sourced; live role/injury gates not ready; defense fit limited; game environment limited,BLOCKED_DATA
,A.Cooper,BUF,,WR,receiving,61.47,GOOD_SIGNAL,GOOD_SIGNAL at 61.5. Main support: usage foundation: 66.7; projection strength: 66.6. Main caution: role and availability context: 35.0; missing signal count: 5.,usage foundation: 66.7; projection strength: 66.6; data quality: 65.7,,nan,weather not sourced; live role/injury gates not ready; defense fit limited; game environment limited,BLOCKED_DATA
,T.Badie,DEN,,RB,"receiving, rushing",61.41,GOOD_SIGNAL,GOOD_SIGNAL at 61.4. Main support: usage foundation: 66.7; projection strength: 66.4. Main caution: role and availability context: 35.0; missing signal count: 5.,usage foundation: 66.7; projection strength: 66.4; data quality: 65.7,,nan,weather not sourced; live role/injury gates not ready; defense fit limited; game environment limited,BLOCKED_DATA
,G.DuBose,MIA,,WR,receiving,61.4,GOOD_SIGNAL,GOOD_SIGNAL at 61.4. Main support: usage foundation: 66.7; projection strength: 66.4. Main caution: role and availability context: 35.0; missing signal count: 5.,usage foundation: 66.7; projection strength: 66.4; data quality: 65.7,,nan,weather not sourced; live role/injury gates not ready; defense fit limited; game environment limited,BLOCKED_DATA
,J.Darden,SEA,,WR,receiving,61.33,GOOD_SIGNAL,GOOD_SIGNAL at 61.3. Main support: usage foundation: 66.7; projection strength: 66.2. Main caution: role and availability context: 35.0; missing signal count: 5.,usage foundation: 66.7; projection strength: 66.2; data quality: 65.7,,nan,weather not sourced; live role/injury gates not ready; defense fit limited; game environment limited,BLOCKED_DATA
00-0034857,J.Allen,BUF,KC,QB,passing,61.23,GOOD_SIGNAL,GOOD_SIGNAL at 61.2. Main support: recent form: 99.7; opponent defense fit: 96.3. Main caution: usage foundation: 33.3; role and availability context: 35.0.,recent form: 99.7; opponent defense fit: 96.3; data quality: 79.0,,nan,weather not sourced; live role/injury gates not ready; game environment limited,BLOCKED_DATA
,T.Jennings,NE,,RB,"receiving, rushing",61.22,GOOD_SIGNAL,GOOD_SIGNAL at 61.2. Main support: usage foundation: 66.7; projection strength: 66.0. Main caution: role and availability context: 35.0; missing signal count: 5.,usage foundation: 66.7; projection strength: 66.0; data quality: 65.7,,nan,weather not sourced; live role/injury gates not ready; defense fit limited; game environment limited,BLOCKED_DATA
,S.Toure,GB,,WR,receiving,61.18,GOOD_SIGNAL,GOOD_SIGNAL at 61.2. Main support: usage foundation: 66.7; projection strength: 65.9. Main caution: role and availability context: 35.0; missing signal count: 5.,usage foundation: 66.7; projection strength: 65.9; data quality: 65.7,,nan,weather not sourced; live role/injury gates not ready; defense fit limited; game environment limited,BLOCKED_DATA
,R.Miller,TB,,WR,receiving,61.13,GOOD_SIGNAL,GOOD_SIGNAL at 61.1. Main support: usage foundation: 66.7; projection strength: 65.8. Main caution: role and availability context: 35.0; missing signal count: 5.,usage foundation: 66.7; projection strength: 65.8; data quality: 65.7,,nan,weather not sourced; live role/injury gates not ready; defense fit limited; game environment limited,BLOCKED_DATA
,N.Muse,MIN,,TE,receiving,61.11,GOOD_SIGNAL,GOOD_SIGNAL at 61.1. Main support: usage foundation: 66.7; projection strength: 65.7. Main caution: role and availability context: 35.0; missing signal count: 5.,usage foundation: 66.7; projection strength: 65.7; data quality: 65.7,,nan,weather not sourced; live role/injury gates not ready; defense fit limited; game environment limited,BLOCKED_DATA
,I.Abanikanda,NYJ,,RB,"receiving, rushing",61.08,GOOD_SIGNAL,GOOD_SIGNAL at 61.1. Main support: usage foundation: 66.7; data quality: 65.7. Main caution: role and availability context: 35.0; missing signal count: 5.,usage foundation: 66.7; data quality: 65.7; projection strength: 65.7,,nan,weather not sourced; live role/injury gates not ready; defense fit limited; game environment limited,BLOCKED_DATA
,J.Brooks,DAL,,WR,receiving,61.04,GOOD_SIGNAL,GOOD_SIGNAL at 61.0. Main support: usage foundation: 66.7; data quality: 65.7. Main caution: role and availability context: 35.0; missing signal count: 5.,usage foundation: 66.7; data quality: 65.7; projection strength: 65.6,,nan,weather not sourced; live role/injury gates not ready; defense fit limited; game environment limited,BLOCKED_DATA
,R.Johnson,CHI,,RB,"receiving, rushing",61.04,GOOD_SIGNAL,GOOD_SIGNAL at 61.0. Main support: usage foundation: 66.7; data quality: 65.7. Main caution: role and availability context: 35.0; missing signal count: 5.,usage foundation: 66.7; data quality: 65.7; projection strength: 65.6,,nan,weather not sourced; live role/injury gates not ready; defense fit limited; game environment limited,BLOCKED_DATA
,L.McCaffrey,WAS,,WR,receiving,60.92,GOOD_SIGNAL,GOOD_SIGNAL at 60.9. Main support: usage foundation: 66.7; data quality: 65.7. Main caution: role and availability context: 35.0; missing signal count: 5.,usage foundation: 66.7; data quality: 65.7; projection strength: 65.3,,nan,weather not sourced; live role/injury gates not ready; defense fit limited; game environment limited,BLOCKED_DATA
,B.Allen,NYJ,,RB,"receiving, rushing",60.92,GOOD_SIGNAL,GOOD_SIGNAL at 60.9. Main support: usage foundation: 66.7; data quality: 65.7. Main caution: role and availability context: 35.0; missing signal count: 5.,usage foundation: 66.7; data quality: 65.7; projection strength: 65.3,,nan,weather not sourced; live role/injury gates not ready; defense fit limited; game environment limited,BLOCKED_DATA
,T.McAllister,LV,,WR,receiving,60.82,GOOD_SIGNAL,GOOD_SIGNAL at 60.8. Main support: usage foundation: 66.7; data quality: 65.7. Main caution: role and availability context: 35.0; missing signal count: 5.,usage foundation: 66.7; data quality: 65.7; projection strength: 65.1,,nan,weather not sourced; live role/injury gates not ready; defense fit limited; game environment limited,BLOCKED_DATA
,H.Henry,NE,,TE,receiving,60.79,GOOD_SIGNAL,GOOD_SIGNAL at 60.8. Main support: usage foundation: 66.7; data quality: 65.7. Main caution: role and availability context: 35.0; missing signal count: 5.,usage foundation: 66.7; data quality: 65.7; projection strength: 65.0,,nan,weather not sourced; live role/injury gates not ready; defense fit limited; game environment limited,BLOCKED_DATA
,K.Miller,NO,,RB,"receiving, rushing",60.76,GOOD_SIGNAL,GOOD_SIGNAL at 60.8. Main support: usage foundation: 66.7; data quality: 65.7. Main caution: role and availability context: 35.0; missing signal count: 5.,usage foundation: 66.7; data quality: 65.7; projection strength: 64.9,,nan,weather not sourced; live role/injury gates not ready; defense fit limited; game environment limited,BLOCKED_DATA
,Q.Watkins,PHI,,WR,receiving,60.75,GOOD_SIGNAL,GOOD_SIGNAL at 60.8. Main support: usage foundation: 66.7; data quality: 65.7. Main caution: role and availability context: 35.0; missing signal count: 5.,usage foundation: 66.7; data quality: 65.7; projection strength: 64.9,,nan,weather not sourced; live role/injury gates not ready; defense fit limited; game environment limited,BLOCKED_DATA
,B.Purdy,SF,DET,QB,"rushing, passing",60.73,GOOD_SIGNAL,GOOD_SIGNAL at 60.7. Main support: usage foundation: 66.7; data quality: 65.7. Main caution: role and availability context: 35.0; missing signal count: 5.,usage foundation: 66.7; data quality: 65.7; projection strength: 64.9,,nan,weather not sourced; live role/injury gates not ready; defense fit limited; game environment limited,BLOCKED_DATA
,A.Smith,PHI,,WR,receiving,60.72,GOOD_SIGNAL,GOOD_SIGNAL at 60.7. Main support: usage foundation: 66.7; data quality: 65.7. Main caution: role and availability context: 35.0; missing signal count: 5.,usage foundation: 66.7; data quality: 65.7; projection strength: 64.8,,nan,weather not sourced; live role/injury gates not ready; defense fit limited; game environment limited,BLOCKED_DATA
,B.Watson,DEN,,RB,"receiving, rushing",60.68,GOOD_SIGNAL,GOOD_SIGNAL at 60.7. Main support: usage foundation: 66.7; data quality: 65.7. Main caution: role and availability context: 35.0; missing signal count: 5.,usage foundation: 66.7; data quality: 65.7; projection strength: 64.8,,nan,weather not sourced; live role/injury gates not ready; defense fit limited; game environment limited,BLOCKED_DATA
,M.Hardman,KC,,WR,receiving,60.65,GOOD_SIGNAL,GOOD_SIGNAL at 60.6. Main support: usage foundation: 66.7; data quality: 65.7. Main caution: role and availability context: 35.0; missing signal count: 5.,usage foundation: 66.7; data quality: 65.7; projection strength: 64.7,,nan,weather not sourced; live role/injury gates not ready; defense fit limited; game environment limited,BLOCKED_DATA
,D.Maye,NE,BUF,QB,rushing,60.59,GOOD_SIGNAL,GOOD_SIGNAL at 60.6. Main support: usage foundation: 66.7; data quality: 65.7. Main caution: role and availability context: 35.0; missing signal count: 5.,usage foundation: 66.7; data quality: 65.7; projection strength: 64.5,,nan,weather not sourced; live role/injury gates not ready; defense fit limited; game environment limited,BLOCKED_DATA
,J.Whyle,TEN,,TE,receiving,60.58,GOOD_SIGNAL,GOOD_SIGNAL at 60.6. Main support: usage foundation: 66.7; data quality: 65.7. Main caution: role and availability context: 35.0; missing signal count: 5.,usage foundation: 66.7; data quality: 65.7; projection strength: 64.5,,nan,weather not sourced; live role/injury gates not ready; defense fit limited; game environment limited,BLOCKED_DATA
,C.Blair,ATL,,WR,receiving,60.46,GOOD_SIGNAL,GOOD_SIGNAL at 60.5. Main support: usage foundation: 66.7; data quality: 65.7. Main caution: role and availability context: 35.0; missing signal count: 5.,usage foundation: 66.7; data quality: 65.7; projection strength: 64.3,,nan,weather not sourced; live role/injury gates not ready; defense fit limited; game environment limited,BLOCKED_DATA
,J.Fields,PIT,BAL,QB,"rushing, passing",60.43,GOOD_SIGNAL,GOOD_SIGNAL at 60.4. Main support: usage foundation: 66.7; data quality: 65.7. Main caution: role and availability context: 35.0; missing signal count: 5.,usage foundation: 66.7; data quality: 65.7; projection strength: 64.2,,nan,weather not sourced; live role/injury gates not ready; defense fit limited; game environment limited,BLOCKED_DATA
,A.Baccellia,ARI,,WR,receiving,60.39,GOOD_SIGNAL,GOOD_SIGNAL at 60.4. Main support: usage foundation: 66.7; data quality: 65.7. Main caution: role and availability context: 35.0; missing signal count: 5.,usage foundation: 66.7; data quality: 65.7; projection strength: 64.1,,nan,weather not sourced; live role/injury gates not ready; defense fit limited; game environment limited,BLOCKED_DATA
,C.Otton,TB,,TE,receiving,60.38,GOOD_SIGNAL,GOOD_SIGNAL at 60.4. Main support: usage foundation: 66.7; data quality: 65.7. Main caution: role and availability context: 35.0; missing signal count: 5.,usage foundation: 66.7; data quality: 65.7; projection strength: 64.1,,nan,weather not sourced; live role/injury gates not ready; defense fit limited; game environment limited,BLOCKED_DATA
,K.Gainwell,PHI,,RB,"receiving, rushing",60.32,GOOD_SIGNAL,GOOD_SIGNAL at 60.3. Main support: usage foundation: 66.7; data quality: 65.7. Main caution: role and availability context: 35.0; missing signal count: 5.,usage foundation: 66.7; data quality: 65.7; projection strength: 63.9,,nan,weather not sourced; live role/injury gates not ready; defense fit limited; game environment limited,BLOCKED_DATA
,T.Tagovailoa,MIA,SF,QB,"rushing, passing",60.19,GOOD_SIGNAL,GOOD_SIGNAL at 60.2. Main support: usage foundation: 66.7; data quality: 65.7. Main caution: role and availability context: 35.0; missing signal count: 5.,usage foundation: 66.7; data quality: 65.7; projection strength: 63.6,,nan,weather not sourced; live role/injury gates not ready; defense fit limited; game environment limited,BLOCKED_DATA
,D.Schultz,HOU,,TE,receiving,60.17,GOOD_SIGNAL,GOOD_SIGNAL at 60.2. Main support: usage foundation: 66.7; data quality: 65.7. Main caution: role and availability context: 35.0; missing signal count: 5.,usage foundation: 66.7; data quality: 65.7; projection strength: 63.6,,nan,weather not sourced; live role/injury gates not ready; defense fit limited; game environment limited,BLOCKED_DATA
,Z.Knight,DET,,RB,"receiving, rushing",60.14,GOOD_SIGNAL,GOOD_SIGNAL at 60.1. Main support: usage foundation: 66.7; data quality: 65.7. Main caution: role and availability context: 35.0; missing signal count: 5.,usage foundation: 66.7; data quality: 65.7; projection strength: 63.5,,nan,weather not sourced; live role/injury gates not ready; defense fit limited; game environment limited,BLOCKED_DATA
,T.Benson,ARI,,RB,"receiving, rushing",60.1,GOOD_SIGNAL,GOOD_SIGNAL at 60.1. Main support: usage foundation: 66.7; data quality: 65.7. Main caution: role and availability context: 35.0; missing signal count: 5.,usage foundation: 66.7; data quality: 65.7; projection strength: 63.4,,nan,weather not sourced; live role/injury gates not ready; defense fit limited; game environment limited,BLOCKED_DATA
,J.Jackson,NO,,WR,receiving,60.1,GOOD_SIGNAL,GOOD_SIGNAL at 60.1. Main support: usage foundation: 66.7; data quality: 65.7. Main caution: role and availability context: 35.0; missing signal count: 5.,usage foundation: 66.7; data quality: 65.7; projection strength: 63.4,,nan,weather not sourced; live role/injury gates not ready; defense fit limited; game environment limited,BLOCKED_DATA
,T.Franklin,DEN,,WR,receiving,60.03,GOOD_SIGNAL,GOOD_SIGNAL at 60.0. Main support: usage foundation: 66.7; data quality: 65.7. Main caution: role and availability context: 35.0; missing signal count: 5.,usage foundation: 66.7; data quality: 65.7; projection strength: 63.3,,nan,weather not sourced; live role/injury gates not ready; defense fit limited; game environment limited,BLOCKED_DATA
,J.Williams,WAS,,RB,"receiving, rushing",59.87,GOOD_SIGNAL,GOOD_SIGNAL at 59.9. Main support: usage foundation: 66.7; data quality: 65.7. Main caution: role and availability context: 35.0; missing signal count: 5.,usage foundation: 66.7; data quality: 65.7; projection strength: 62.9,,nan,weather not sourced; live role/injury gates not ready; defense fit limited; game environment limited,BLOCKED_DATA
,A.Barner,SEA,,TE,receiving,59.83,GOOD_SIGNAL,GOOD_SIGNAL at 59.8. Main support: usage foundation: 66.7; data quality: 65.7. Main caution: role and availability context: 35.0; missing signal count: 5.,usage foundation: 66.7; data quality: 65.7; projection strength: 62.8,,nan,weather not sourced; live role/injury gates not ready; defense fit limited; game environment limited,BLOCKED_DATA
,M.Alexander,DET,,WR,receiving,59.82,GOOD_SIGNAL,GOOD_SIGNAL at 59.8. Main support: usage foundation: 66.7; data quality: 65.7. Main caution: role and availability context: 35.0; missing signal count: 5.,usage foundation: 66.7; data quality: 65.7; projection strength: 62.8,,nan,weather not sourced; live role/injury gates not ready; defense fit limited; game environment limited,BLOCKED_DATA
,H.Bryant,LV,,TE,receiving,59.69,GOOD_SIGNAL,GOOD_SIGNAL at 59.7. Main support: usage foundation: 66.7; data quality: 65.7. Main caution: role and availability context: 35.0; missing signal count: 5.,usage foundation: 66.7; data quality: 65.7; projection strength: 62.5,,nan,weather not sourced; live role/injury gates not ready; defense fit limited; game environment limited,BLOCKED_DATA
,K.Herbert,CIN,,RB,"receiving, rushing",59.61,GOOD_SIGNAL,GOOD_SIGNAL at 59.6. Main support: usage foundation: 66.7; data quality: 65.7. Main caution: role and availability context: 35.0; missing signal count: 5.,usage foundation: 66.7; data quality: 65.7; projection strength: 62.3,,nan,weather not sourced; live role/injury gates not ready; defense fit limited; game environment limited,BLOCKED_DATA
,S.Rattler,NO,TB,QB,"rushing, passing",59.54,GOOD_SIGNAL,GOOD_SIGNAL at 59.5. Main support: usage foundation: 66.7; data quality: 65.7. Main caution: role and availability context: 35.0; missing signal count: 5.,usage foundation: 66.7; data quality: 65.7; projection strength: 62.2,,nan,weather not sourced; live role/injury gates not ready; defense fit limited; game environment limited,BLOCKED_DATA
,D.Hopkins,KC,,WR,receiving,59.53,GOOD_SIGNAL,GOOD_SIGNAL at 59.5. Main support: usage foundation: 66.7; data quality: 65.7. Main caution: role and availability context: 35.0; missing signal count: 5.,usage foundation: 66.7; data quality: 65.7; projection strength: 62.1,,nan,weather not sourced; live role/injury gates not ready; defense fit limited; game environment limited,BLOCKED_DATA
,X.Gipson,NYJ,,WR,receiving,59.49,GOOD_SIGNAL,GOOD_SIGNAL at 59.5. Main support: usage foundation: 66.7; data quality: 65.7. Main caution: role and availability context: 35.0; missing signal count: 5.,usage foundation: 66.7; data quality: 65.7; projection strength: 62.0,,nan,weather not sourced; live role/injury gates not ready; defense fit limited; game environment limited,BLOCKED_DATA
,A.Mitchell,IND,,WR,receiving,59.46,GOOD_SIGNAL,GOOD_SIGNAL at 59.5. Main support: usage foundation: 66.7; data quality: 65.7. Main caution: role and availability context: 35.0; missing signal count: 5.,usage foundation: 66.7; data quality: 65.7; projection strength: 62.0,,nan,weather not sourced; live role/injury gates not ready; defense fit limited; game environment limited,BLOCKED_DATA
,J.Wright,MIA,,RB,"receiving, rushing",59.43,GOOD_SIGNAL,GOOD_SIGNAL at 59.4. Main support: usage foundation: 66.7; data quality: 65.7. Main caution: role and availability context: 35.0; missing signal count: 5.,usage foundation: 66.7; data quality: 65.7; projection strength: 61.9,,nan,weather not sourced; live role/injury gates not ready; defense fit limited; game environment limited,BLOCKED_DATA
,O.Beckham,MIA,,WR,receiving,59.42,GOOD_SIGNAL,GOOD_SIGNAL at 59.4. Main support: usage foundation: 66.7; data quality: 65.7. Main caution: role and availability context: 35.0; missing signal count: 5.,usage foundation: 66.7; data quality: 65.7; projection strength: 61.9,,nan,weather not sourced; live role/injury gates not ready; defense fit limited; game environment limited,BLOCKED_DATA
,J.Kibodi,CLE,,RB,"receiving, rushing",59.29,GOOD_SIGNAL,GOOD_SIGNAL at 59.3. Main support: usage foundation: 66.7; data quality: 65.7. Main caution: role and availability context: 35.0; missing signal count: 5.,usage foundation: 66.7; data quality: 65.7; projection strength: 61.6,,nan,weather not sourced; live role/injury gates not ready; defense fit limited; game environment limited,BLOCKED_DATA
,A.Abdullah,LV,,RB,"receiving, rushing",59.28,GOOD_SIGNAL,GOOD_SIGNAL at 59.3. Main support: usage foundation: 66.7; data quality: 65.7. Main caution: role and availability context: 35.0; missing signal count: 5.,usage foundation: 66.7; data quality: 65.7; projection strength: 61.6,,nan,weather not sourced; live role/injury gates not ready; defense fit limited; game environment limited,BLOCKED_DATA
,T.Palmer,TB,,WR,receiving,59.25,GOOD_SIGNAL,GOOD_SIGNAL at 59.2. Main support: usage foundation: 66.7; data quality: 65.7. Main caution: role and availability context: 35.0; missing signal count: 5.,usage foundation: 66.7; data quality: 65.7; projection strength: 61.5,,nan,weather not sourced; live role/injury gates not ready; defense fit limited; game environment limited,BLOCKED_DATA
,M.Woods,CLE,,WR,receiving,59.22,GOOD_SIGNAL,GOOD_SIGNAL at 59.2. Main support: usage foundation: 66.7; data quality: 65.7. Main caution: role and availability context: 35.0; missing signal count: 5.,usage foundation: 66.7; data quality: 65.7; projection strength: 61.4,,nan,weather not sourced; live role/injury gates not ready; defense fit limited; game environment limited,BLOCKED_DATA
,M.Andrews,BAL,,TE,receiving,59.17,GOOD_SIGNAL,GOOD_SIGNAL at 59.2. Main support: usage foundation: 66.7; data quality: 65.7. Main caution: role and availability context: 35.0; missing signal count: 5.,usage foundation: 66.7; data quality: 65.7; projection strength: 61.3,,nan,weather not sourced; live role/injury gates not ready; defense fit limited; game environment limited,BLOCKED_DATA
,B.Covey,PHI,,WR,receiving,59.15,GOOD_SIGNAL,GOOD_SIGNAL at 59.1. Main support: usage foundation: 66.7; data quality: 65.7. Main caution: role and availability context: 35.0; missing signal count: 5.,usage foundation: 66.7; data quality: 65.7; projection strength: 61.2,,nan,weather not sourced; live role/injury gates not ready; defense fit limited; game environment limited,BLOCKED_DATA
,D.Jackson,NYG,,RB,"receiving, rushing",59.12,GOOD_SIGNAL,GOOD_SIGNAL at 59.1. Main support: usage foundation: 66.7; data quality: 65.7. Main caution: role and availability context: 35.0; missing signal count: 5.,usage foundation: 66.7; data quality: 65.7; projection strength: 61.2,,nan,weather not sourced; live role/injury gates not ready; defense fit limited; game environment limited,BLOCKED_DATA
,A.Erickson,NE,,WR,receiving,59.1,GOOD_SIGNAL,GOOD_SIGNAL at 59.1. Main support: usage foundation: 66.7; data quality: 65.7. Main caution: role and availability context: 35.0; missing signal count: 5.,usage foundation: 66.7; data quality: 65.7; projection strength: 61.1,,nan,weather not sourced; live role/injury gates not ready; defense fit limited; game environment limited,BLOCKED_DATA
,D.Johnson,HOU,,WR,receiving,59.03,GOOD_SIGNAL,GOOD_SIGNAL at 59.0. Main support: usage foundation: 66.7; data quality: 65.7. Main caution: role and availability context: 35.0; missing signal count: 5.,usage foundation: 66.7; data quality: 65.7; projection strength: 61.0,,nan,weather not sourced; live role/injury gates not ready; defense fit limited; game environment limited,BLOCKED_DATA
,E.Saubert,SF,,TE,receiving,58.94,GOOD_SIGNAL,GOOD_SIGNAL at 58.9. Main support: usage foundation: 66.7; data quality: 65.7. Main caution: role and availability context: 35.0; missing signal count: 5.,usage foundation: 66.7; data quality: 65.7; projection strength: 60.8,,nan,weather not sourced; live role/injury gates not ready; defense fit limited; game environment limited,BLOCKED_DATA
,K.Jackson,TEN,,WR,receiving,58.89,GOOD_SIGNAL,GOOD_SIGNAL at 58.9. Main support: usage foundation: 66.7; data quality: 65.7. Main caution: role and availability context: 35.0; missing signal count: 5.,usage foundation: 66.7; data quality: 65.7; projection strength: 60.7,,nan,weather not sourced; live role/injury gates not ready; defense fit limited; game environment limited,BLOCKED_DATA
,B.Sinnott,WAS,,TE,receiving,58.8,GOOD_SIGNAL,GOOD_SIGNAL at 58.8. Main support: usage foundation: 66.7; data quality: 65.7. Main caution: role and availability context: 35.0; missing signal count: 5.,usage foundation: 66.7; data quality: 65.7; projection strength: 60.5,,nan,weather not sourced; live role/injury gates not ready; defense fit limited; game environment limited,BLOCKED_DATA
,J.Jones,PHI,,WR,receiving,58.74,GOOD_SIGNAL,GOOD_SIGNAL at 58.7. Main support: usage foundation: 66.7; data quality: 65.7. Main caution: role and availability context: 35.0; missing signal count: 5.,usage foundation: 66.7; data quality: 65.7; projection strength: 60.3,,nan,weather not sourced; live role/injury gates not ready; defense fit limited; game environment limited,BLOCKED_DATA
,K.Vidal,LAC,,RB,"receiving, rushing",58.71,GOOD_SIGNAL,GOOD_SIGNAL at 58.7. Main support: usage foundation: 66.7; data quality: 65.7. Main caution: role and availability context: 35.0; missing signal count: 5.,usage foundation: 66.7; data quality: 65.7; projection strength: 60.2,,nan,weather not sourced; live role/injury gates not ready; defense fit limited; game environment limited,BLOCKED_DATA
,M.Breida,NYG,,RB,"receiving, rushing",58.47,GOOD_SIGNAL,GOOD_SIGNAL at 58.5. Main support: usage foundation: 66.7; data quality: 65.7. Main caution: role and availability context: 35.0; missing signal count: 5.,usage foundation: 66.7; data quality: 65.7,,nan,weather not sourced; live role/injury gates not ready; defense fit limited; game environment limited,BLOCKED_DATA
,M.Brown,KC,,WR,receiving,58.46,GOOD_SIGNAL,GOOD_SIGNAL at 58.5. Main support: usage foundation: 66.7; data quality: 65.7. Main caution: role and availability context: 35.0; missing signal count: 5.,usage foundation: 66.7; data quality: 65.7,,nan,weather not sourced; live role/injury gates not ready; defense fit limited; game environment limited,BLOCKED_DATA
,J.Robinson,GB,,RB,"receiving, rushing",58.31,GOOD_SIGNAL,GOOD_SIGNAL at 58.3. Main support: usage foundation: 66.7; data quality: 65.7. Main caution: role and availability context: 35.0; missing signal count: 5.,usage foundation: 66.7; data quality: 65.7,,nan,weather not sourced; live role/injury gates not ready; defense fit limited; game environment limited,BLOCKED_DATA
,C.Dowell,TEN,,WR,receiving,58.26,GOOD_SIGNAL,GOOD_SIGNAL at 58.3. Main support: usage foundation: 66.7; data quality: 65.7. Main caution: role and availability context: 35.0; missing signal count: 5.,usage foundation: 66.7; data quality: 65.7,,nan,weather not sourced; live role/injury gates not ready; defense fit limited; game environment limited,BLOCKED_DATA
,P.Dorsett,DEN,,WR,receiving,58.24,GOOD_SIGNAL,GOOD_SIGNAL at 58.2. Main support: usage foundation: 66.7; data quality: 65.7. Main caution: role and availability context: 35.0; missing signal count: 5.,usage foundation: 66.7; data quality: 65.7,,nan,weather not sourced; live role/injury gates not ready; defense fit limited; game environment limited,BLOCKED_DATA
,C.Fotheringham,LV,,TE,receiving,58.19,GOOD_SIGNAL,GOOD_SIGNAL at 58.2. Main support: usage foundation: 66.7; data quality: 65.7. Main caution: role and availability context: 35.0; missing signal count: 5.,usage foundation: 66.7; data quality: 65.7,,nan,weather not sourced; live role/injury gates not ready; defense fit limited; game environment limited,BLOCKED_DATA
,D.Carter,CHI,,WR,receiving,58.12,GOOD_SIGNAL,GOOD_SIGNAL at 58.1. Main support: usage foundation: 66.7; data quality: 65.7. Main caution: role and availability context: 35.0; missing signal count: 5.,usage foundation: 66.7; data quality: 65.7,,nan,weather not sourced; live role/injury gates not ready; defense fit limited; game environment limited,BLOCKED_DATA
,M.Corley,NYJ,,WR,receiving,58.05,GOOD_SIGNAL,GOOD_SIGNAL at 58.0. Main support: usage foundation: 66.7; data quality: 65.7. Main caution: role and availability context: 35.0; missing signal count: 5.,usage foundation: 66.7; data quality: 65.7,,nan,weather not sourced; live role/injury gates not ready; defense fit limited; game environment limited,BLOCKED_DATA
,A.Dulin,IND,,WR,receiving,58.03,GOOD_SIGNAL,GOOD_SIGNAL at 58.0. Main support: usage foundation: 66.7; data quality: 65.7. Main caution: role and availability context: 35.0; missing signal count: 5.,usage foundation: 66.7; data quality: 65.7,,nan,weather not sourced; live role/injury gates not ready; defense fit limited; game environment limited,BLOCKED_DATA
,S.Tucker,TB,,RB,"receiving, rushing",57.99,WATCH,WATCH at 58.0. Main support: usage foundation: 66.7; data quality: 65.7. Main caution: role and availability context: 35.0; missing signal count: 5.,,role and availability context: 35.0; missing signal count: 5; blocked context: nan,nan,weather not sourced; live role/injury gates not ready; defense fit limited; game environment limited,BLOCKED_DATA
,J.Oliver,MIN,,TE,receiving,57.95,WATCH,WATCH at 58.0. Main support: usage foundation: 66.7; data quality: 65.7. Main caution: role and availability context: 35.0; missing signal count: 5.,,role and availability context: 35.0; missing signal count: 5; blocked context: nan,nan,weather not sourced; live role/injury gates not ready; defense fit limited; game environment limited,BLOCKED_DATA
,A.Rodgers,IND,,WR,receiving,57.88,WATCH,WATCH at 57.9. Main support: usage foundation: 66.7; data quality: 65.7. Main caution: role and availability context: 35.0; missing signal count: 5.,,role and availability context: 35.0; missing signal count: 5; blocked context: nan,nan,weather not sourced; live role/injury gates not ready; defense fit limited; game environment limited,BLOCKED_DATA
,T.Reiman,ARI,,TE,receiving,57.85,WATCH,WATCH at 57.9. Main support: usage foundation: 66.7; data quality: 65.7. Main caution: role and availability context: 35.0; missing signal count: 5.,,role and availability context: 35.0; missing signal count: 5; blocked context: nan,nan,weather not sourced; live role/injury gates not ready; defense fit limited; game environment limited,BLOCKED_DATA
,J.Winfree,IND,,WR,receiving,57.81,WATCH,WATCH at 57.8. Main support: usage foundation: 66.7; data quality: 65.7. Main caution: role and availability context: 35.0; missing signal count: 5.,,role and availability context: 35.0; missing signal count: 5; blocked context: nan,nan,weather not sourced; live role/injury gates not ready; defense fit limited; game environment limited,BLOCKED_DATA
,T.Davis-Price,PHI,,RB,"receiving, rushing",57.81,WATCH,WATCH at 57.8. Main support: usage foundation: 66.7; data quality: 65.7. Main caution: role and availability context: 35.0; missing signal count: 5.,,role and availability context: 35.0; missing signal count: 5; blocked context: nan,nan,weather not sourced; live role/injury gates not ready; defense fit limited; game environment limited,BLOCKED_DATA
,K.Pitts,ATL,,TE,receiving,57.74,WATCH,WATCH at 57.7. Main support: usage foundation: 66.7; data quality: 65.7. Main caution: role and availability context: 35.0; missing signal count: 5.,,role and availability context: 35.0; missing signal count: 5; blocked context: nan,nan,weather not sourced; live role/injury gates not ready; defense fit limited; game environment limited,BLOCKED_DATA
,G.Swaim,CLE,,TE,receiving,57.71,WATCH,WATCH at 57.7. Main support: usage foundation: 66.7; data quality: 65.7. Main caution: role and availability context: 35.0; missing signal count: 5.,,role and availability context: 35.0; missing signal count: 5; blocked context: nan,nan,weather not sourced; live role/injury gates not ready; defense fit limited; game environment limited,BLOCKED_DATA
,P.Taylor,SF,,RB,"receiving, rushing",57.49,WATCH,WATCH at 57.5. Main support: usage foundation: 66.7; data quality: 65.7. Main caution: role and availability context: 35.0; missing signal count: 5.,,role and availability context: 35.0; missing signal count: 5; blocked context: nan,nan,weather not sourced; live role/injury gates not ready; defense fit limited; game environment limited,BLOCKED_DATA
,R.Ali,BAL,,RB,"receiving, rushing",57.45,WATCH,WATCH at 57.5. Main support: usage foundation: 66.7; data quality: 65.7. Main caution: role and availability context: 35.0; missing signal count: 5.,,role and availability context: 35.0; missing signal count: 5; blocked context: nan,nan,weather not sourced; live role/injury gates not ready; defense fit limited; game environment limited,BLOCKED_DATA
,J.Dotson,PHI,,WR,receiving,57.38,WATCH,WATCH at 57.4. Main support: usage foundation: 66.7; data quality: 65.7. Main caution: role and availability context: 35.0; missing signal count: 5.,,role and availability context: 35.0; missing signal count: 5; blocked context: nan,nan,weather not sourced; live role/injury gates not ready; defense fit limited; game environment limited,BLOCKED_DATA
,I.Smith,HOU,,TE,receiving,57.37,WATCH,WATCH at 57.4. Main support: usage foundation: 66.7; data quality: 65.7. Main caution: role and availability context: 35.0; missing signal count: 5.,,role and availability context: 35.0; missing signal count: 5; blocked context: nan,nan,weather not sourced; live role/injury gates not ready; defense fit limited; game environment limited,BLOCKED_DATA
,T.Fisk,LAC,,TE,receiving,57.3,WATCH,WATCH at 57.3. Main support: usage foundation: 66.7; data quality: 65.7. Main caution: role and availability context: 35.0; missing signal count: 5.,,role and availability context: 35.0; missing signal count: 5; blocked context: nan,nan,weather not sourced; live role/injury gates not ready; defense fit limited; game environment limited,BLOCKED_DATA
,B.Hopkins,LA,,TE,receiving,57.24,WATCH,WATCH at 57.2. Main support: usage foundation: 66.7; data quality: 65.7. Main caution: role and availability context: 35.0; missing signal count: 5.,,role and availability context: 35.0; missing signal count: 5; blocked context: nan,nan,weather not sourced; live role/injury gates not ready; defense fit limited; game environment limited,BLOCKED_DATA
,B.Young,CAR,ATL,QB,"rushing, passing",57.18,WATCH,WATCH at 57.2. Main support: usage foundation: 66.7; data quality: 65.7. Main caution: role and availability context: 35.0; missing signal count: 5.,,role and availability context: 35.0; missing signal count: 5; blocked context: nan,nan,weather not sourced; live role/injury gates not ready; defense fit limited; game environment limited,BLOCKED_DATA
,T.Burks,TEN,,WR,receiving,57.16,WATCH,WATCH at 57.2. Main support: usage foundation: 66.7; data quality: 65.7. Main caution: role and availability context: 35.0; missing signal count: 5.,,role and availability context: 35.0; missing signal count: 5; blocked context: nan,nan,weather not sourced; live role/injury gates not ready; defense fit limited; game environment limited,BLOCKED_DATA
,A.Robinson,DET,,WR,receiving,57.09,WATCH,WATCH at 57.1. Main support: usage foundation: 66.7; data quality: 65.7. Main caution: role and availability context: 35.0; missing signal count: 5.,,role and availability context: 35.0; missing signal count: 5; blocked context: nan,nan,weather not sourced; live role/injury gates not ready; defense fit limited; game environment limited,BLOCKED_DATA
,B.Ford-Wheaton,NYG,,WR,receiving,57.09,WATCH,WATCH at 57.1. Main support: usage foundation: 66.7; data quality: 65.7. Main caution: role and availability context: 35.0; missing signal count: 5.,,role and availability context: 35.0; missing signal count: 5; blocked context: nan,nan,weather not sourced; live role/injury gates not ready; defense fit limited; game environment limited,BLOCKED_DATA
,J.Taylor,HOU,,RB,"receiving, rushing",57.09,WATCH,WATCH at 57.1. Main support: usage foundation: 66.7; data quality: 65.7. Main caution: role and availability context: 35.0; missing signal count: 5.,,role and availability context: 35.0; missing signal count: 5; blocked context: nan,nan,weather not sourced; live role/injury gates not ready; defense fit limited; game environment limited,BLOCKED_DATA
,Cas.Washington,ATL,,WR,receiving,57.02,WATCH,WATCH at 57.0. Main support: usage foundation: 66.7; data quality: 65.7. Main caution: role and availability context: 35.0; missing signal count: 5.,,role and availability context: 35.0; missing signal count: 5; blocked context: nan,nan,weather not sourced; live role/injury gates not ready; defense fit limited; game environment limited,BLOCKED_DATA
,N.Bawden,NYJ,,RB,"receiving, rushing",57.0,WATCH,WATCH at 57.0. Main support: usage foundation: 66.7; data quality: 65.7. Main caution: role and availability context: 35.0; missing signal count: 5.,,role and availability context: 35.0; missing signal count: 5; blocked context: nan,nan,weather not sourced; live role/injury gates not ready; defense fit limited; game environment limited,BLOCKED_DATA
,C.Kmet,CHI,,TE,receiving,56.96,WATCH,WATCH at 57.0. Main support: usage foundation: 66.7; data quality: 65.7. Main caution: role and availability context: 35.0; missing signal count: 5.,,role and availability context: 35.0; missing signal count: 5; blocked context: nan,nan,weather not sourced; live role/injury gates not ready; defense fit limited; game environment limited,BLOCKED_DATA
,Z.Pascal,ARI,,WR,receiving,56.95,WATCH,WATCH at 57.0. Main support: usage foundation: 66.7; data quality: 65.7. Main caution: role and availability context: 35.0; missing signal count: 5.,,role and availability context: 35.0; missing signal count: 5; blocked context: nan,nan,weather not sourced; live role/injury gates not ready; defense fit limited; game environment limited,BLOCKED_DATA
,D.Walker,BAL,,WR,receiving,56.88,WATCH,WATCH at 56.9. Main support: usage foundation: 66.7; data quality: 65.7. Main caution: role and availability context: 35.0; missing signal count: 5.,,role and availability context: 35.0; missing signal count: 5; blocked context: nan,nan,weather not sourced; live role/injury gates not ready; defense fit limited; game environment limited,BLOCKED_DATA
,T.Huntley,MIA,NYJ,QB,rushing,56.84,WATCH,WATCH at 56.8. Main support: usage foundation: 66.7; data quality: 65.7. Main caution: role and availability context: 35.0; missing signal count: 5.,,role and availability context: 35.0; missing signal count: 5; blocked context: nan,nan,weather not sourced; live role/injury gates not ready; defense fit limited; game environment limited,BLOCKED_DATA
,D.Byrd,ATL,,WR,receiving,56.81,WATCH,WATCH at 56.8. Main support: usage foundation: 66.7; data quality: 65.7. Main caution: role and availability context: 35.0; missing signal count: 5.,,role and availability context: 35.0; missing signal count: 5; blocked context: nan,nan,weather not sourced; live role/injury gates not ready; defense fit limited; game environment limited,BLOCKED_DATA
,E.Higgins,ARI,,TE,receiving,56.68,WATCH,WATCH at 56.7. Main support: usage foundation: 66.7; data quality: 65.7. Main caution: role and availability context: 35.0; missing signal count: 5.,,role and availability context: 35.0; missing signal count: 5; blocked context: nan,nan,weather not sourced; live role/injury gates not ready; defense fit limited; game environment limited,BLOCKED_DATA
,K.Drake,GB,,RB,"receiving, rushing",56.64,WATCH,WATCH at 56.6. Main support: usage foundation: 66.7; data quality: 65.7. Main caution: role and availability context: 35.0; missing signal count: 5.,,role and availability context: 35.0; missing signal count: 5; blocked context: nan,nan,weather not sourced; live role/injury gates not ready; defense fit limited; game environment limited,BLOCKED_DATA
,M.Bandy,DEN,,WR,receiving,56.59,WATCH,WATCH at 56.6. Main support: usage foundation: 66.7; data quality: 65.7. Main caution: role and availability context: 35.0; missing signal count: 5.,,role and availability context: 35.0; missing signal count: 5; blocked context: nan,nan,weather not sourced; live role/injury gates not ready; defense fit limited; game environment limited,BLOCKED_DATA
,J.Shenker,LV,,TE,receiving,56.55,WATCH,WATCH at 56.5. Main support: usage foundation: 66.7; data quality: 65.7. Main caution: role and availability context: 35.0; missing signal count: 5.,,role and availability context: 35.0; missing signal count: 5; blocked context: nan,nan,weather not sourced; live role/injury gates not ready; defense fit limited; game environment limited,BLOCKED_DATA
,M.Wilcox,CIN,,TE,receiving,56.48,WATCH,WATCH at 56.5. Main support: usage foundation: 66.7; data quality: 65.7. Main caution: role and availability context: 35.0; missing signal count: 5.,,role and availability context: 35.0; missing signal count: 5; blocked context: nan,nan,weather not sourced; live role/injury gates not ready; defense fit limited; game environment limited,BLOCKED_DATA
,T.Chandler,MIN,,RB,"receiving, rushing",56.38,WATCH,WATCH at 56.4. Main support: usage foundation: 66.7; data quality: 65.7. Main caution: role and availability context: 35.0; missing signal count: 5.,,role and availability context: 35.0; missing signal count: 5; blocked context: nan,nan,weather not sourced; live role/injury gates not ready; defense fit limited; game environment limited,BLOCKED_DATA
,I.Likely,BAL,,TE,receiving,56.3,WATCH,WATCH at 56.3. Main support: usage foundation: 66.7; data quality: 65.7. Main caution: role and availability context: 35.0; missing signal count: 5.,,role and availability context: 35.0; missing signal count: 5; blocked context: nan,nan,weather not sourced; live role/injury gates not ready; defense fit limited; game environment limited,BLOCKED_DATA
,D.Carr,NO,NYG,QB,"rushing, passing",56.21,WATCH,WATCH at 56.2. Main support: usage foundation: 66.7; data quality: 65.7. Main caution: role and availability context: 35.0; missing signal count: 5.,,role and availability context: 35.0; missing signal count: 5; blocked context: nan,nan,weather not sourced; live role/injury gates not ready; defense fit limited; game environment limited,BLOCKED_DATA
,P.Durham,TB,,TE,receiving,56.21,WATCH,WATCH at 56.2. Main support: usage foundation: 66.7; data quality: 65.7. Main caution: role and availability context: 35.0; missing signal count: 5.,,role and availability context: 35.0; missing signal count: 5; blocked context: nan,nan,weather not sourced; live role/injury gates not ready; defense fit limited; game environment limited,BLOCKED_DATA
,Ty.Johnson,BUF,,RB,"receiving, rushing",56.2,WATCH,WATCH at 56.2. Main support: usage foundation: 66.7; data quality: 65.7. Main caution: role and availability context: 35.0; missing signal count: 5.,,role and availability context: 35.0; missing signal count: 5; blocked context: nan,nan,weather not sourced; live role/injury gates not ready; defense fit limited; game environment limited,BLOCKED_DATA
,C.Brooks,GB,,RB,"receiving, rushing",56.18,WATCH,WATCH at 56.2. Main support: usage foundation: 66.7; data quality: 65.7. Main caution: role and availability context: 35.0; missing signal count: 5.,,role and availability context: 35.0; missing signal count: 5; blocked context: nan,nan,weather not sourced; live role/injury gates not ready; defense fit limited; game environment limited,BLOCKED_DATA
,D.Chark,LAC,,WR,receiving,56.16,WATCH,WATCH at 56.2. Main support: usage foundation: 66.7; data quality: 65.7. Main caution: role and availability context: 35.0; missing signal count: 5.,,role and availability context: 35.0; missing signal count: 5; blocked context: nan,nan,weather not sourced; live role/injury gates not ready; defense fit limited; game environment limited,BLOCKED_DATA
,J.Graham,NO,,TE,receiving,56.14,WATCH,WATCH at 56.1. Main support: usage foundation: 66.7; data quality: 65.7. Main caution: role and availability context: 35.0; missing signal count: 5.,,role and availability context: 35.0; missing signal count: 5; blocked context: nan,nan,weather not sourced; live role/injury gates not ready; defense fit limited; game environment limited,BLOCKED_DATA
,D.Johnson,JAX,,RB,"receiving, rushing",56.02,WATCH,WATCH at 56.0. Main support: usage foundation: 66.7; data quality: 65.7. Main caution: role and availability context: 35.0; missing signal count: 5.,,role and availability context: 35.0; missing signal count: 5; blocked context: nan,nan,weather not sourced; live role/injury gates not ready; defense fit limited; game environment limited,BLOCKED_DATA
,D.Prescott,DAL,ATL,QB,"rushing, passing",56.0,WATCH,WATCH at 56.0. Main support: usage foundation: 66.7; data quality: 65.7. Main caution: role and availability context: 35.0; missing signal count: 5.,,role and availability context: 35.0; missing signal count: 5; blocked context: nan,nan,weather not sourced; live role/injury gates not ready; defense fit limited; game environment limited,BLOCKED_DATA
,R.Bell,SF,,WR,receiving,55.94,WATCH,WATCH at 55.9. Main support: usage foundation: 66.7; data quality: 65.7. Main caution: role and availability context: 35.0; missing signal count: 5.,,role and availability context: 35.0; missing signal count: 5; blocked context: nan,nan,weather not sourced; live role/injury gates not ready; defense fit limited; game environment limited,BLOCKED_DATA
,R.James,KC,,WR,receiving,55.73,WATCH,WATCH at 55.7. Main support: usage foundation: 66.7; data quality: 65.7. Main caution: role and availability context: 35.0; missing signal count: 5.,,role and availability context: 35.0; missing signal count: 5; blocked context: nan,nan,weather not sourced; live role/injury gates not ready; defense fit limited; game environment limited,BLOCKED_DATA
,K.McIntosh,SEA,,RB,"receiving, rushing",55.69,WATCH,WATCH at 55.7. Main support: usage foundation: 66.7; data quality: 65.7. Main caution: role and availability context: 35.0; missing signal count: 5.,,role and availability context: 35.0; missing signal count: 5; blocked context: nan,nan,weather not sourced; live role/injury gates not ready; defense fit limited; game environment limited,BLOCKED_DATA
,M.Lloyd,GB,,RB,"receiving, rushing",55.66,WATCH,WATCH at 55.7. Main support: usage foundation: 66.7; data quality: 65.7. Main caution: role and availability context: 35.0; missing signal count: 5.,,role and availability context: 35.0; missing signal count: 5; blocked context: nan,nan,weather not sourced; live role/injury gates not ready; defense fit limited; game environment limited,BLOCKED_DATA
,J.Mundt,MIN,,TE,receiving,55.66,WATCH,WATCH at 55.7. Main support: usage foundation: 66.7; data quality: 65.7. Main caution: role and availability context: 35.0; missing signal count: 5.,,role and availability context: 35.0; missing signal count: 5; blocked context: nan,nan,weather not sourced; live role/injury gates not ready; defense fit limited; game environment limited,BLOCKED_DATA
,N.Agholor,BAL,,WR,receiving,55.66,WATCH,WATCH at 55.7. Main support: usage foundation: 66.7; data quality: 65.7. Main caution: role and availability context: 35.0; missing signal count: 5.,,role and availability context: 35.0; missing signal count: 5; blocked context: nan,nan,weather not sourced; live role/injury gates not ready; defense fit limited; game environment limited,BLOCKED_DATA
,N.Adkins,DEN,,TE,receiving,55.59,WATCH,WATCH at 55.6. Main support: usage foundation: 66.7; data quality: 65.7. Main caution: role and availability context: 35.0; missing signal count: 5.,,role and availability context: 35.0; missing signal count: 5; blocked context: nan,nan,weather not sourced; live role/injury gates not ready; defense fit limited; game environment limited,BLOCKED_DATA
,N.Vannett,TEN,,TE,receiving,55.52,WATCH,WATCH at 55.5. Main support: usage foundation: 66.7; data quality: 65.7. Main caution: role and availability context: 35.0; missing signal count: 5.,,role and availability context: 35.0; missing signal count: 5; blocked context: nan,nan,weather not sourced; live role/injury gates not ready; defense fit limited; game environment limited,BLOCKED_DATA
,T.Montgomery,NE,,WR,receiving,55.51,WATCH,WATCH at 55.5. Main support: usage foundation: 66.7; data quality: 65.7. Main caution: role and availability context: 35.0; missing signal count: 5.,,role and availability context: 35.0; missing signal count: 5; blocked context: nan,nan,weather not sourced; live role/injury gates not ready; defense fit limited; game environment limited,BLOCKED_DATA
,L.Treadwell,BAL,,WR,receiving,55.44,WATCH,WATCH at 55.4. Main support: usage foundation: 66.7; data quality: 65.7. Main caution: role and availability context: 35.0; missing signal count: 5.,,role and availability context: 35.0; missing signal count: 5; blocked context: nan,nan,weather not sourced; live role/injury gates not ready; defense fit limited; game environment limited,BLOCKED_DATA
,P.Campbell,PHI,,WR,receiving,55.39,WATCH,WATCH at 55.4. Main support: usage foundation: 66.7; data quality: 65.7. Main caution: role and availability context: 35.0; missing signal count: 5.,,role and availability context: 35.0; missing signal count: 5; blocked context: nan,nan,weather not sourced; live role/injury gates not ready; defense fit limited; game environment limited,BLOCKED_DATA
,J.Corbin,NYG,,RB,"receiving, rushing",55.37,WATCH,WATCH at 55.4. Main support: usage foundation: 66.7; data quality: 65.7. Main caution: role and availability context: 35.0; missing signal count: 5.,,role and availability context: 35.0; missing signal count: 5; blocked context: nan,nan,weather not sourced; live role/injury gates not ready; defense fit limited; game environment limited,BLOCKED_DATA
,M.Cunningham,NE,,WR,receiving,55.34,WATCH,WATCH at 55.3. Main support: usage foundation: 66.7; data quality: 65.7. Main caution: role and availability context: 35.0; missing signal count: 5.,,role and availability context: 35.0; missing signal count: 5; blocked context: nan,nan,weather not sourced; live role/injury gates not ready; defense fit limited; game environment limited,BLOCKED_DATA
,M.Slater,NE,,WR,receiving,55.34,WATCH,WATCH at 55.3. Main support: usage foundation: 66.7; data quality: 65.7. Main caution: role and availability context: 35.0; missing signal count: 5.,,role and availability context: 35.0; missing signal count: 5; blocked context: nan,nan,weather not sourced; live role/injury gates not ready; defense fit limited; game environment limited,BLOCKED_DATA
,C.Turner,WAS,,TE,receiving,55.32,WATCH,WATCH at 55.3. Main support: usage foundation: 66.7; data quality: 65.7. Main caution: role and availability context: 35.0; missing signal count: 5.,,role and availability context: 35.0; missing signal count: 5; blocked context: nan,nan,weather not sourced; live role/injury gates not ready; defense fit limited; game environment limited,BLOCKED_DATA
,D.Parham,LAC,,TE,receiving,55.18,WATCH,WATCH at 55.2. Main support: usage foundation: 66.7; data quality: 65.7. Main caution: role and availability context: 35.0; missing signal count: 5.,,role and availability context: 35.0; missing signal count: 5; blocked context: nan,nan,weather not sourced; live role/injury gates not ready; defense fit limited; game environment limited,BLOCKED_DATA
,J.Mitchell,DET,,TE,receiving,55.16,WATCH,WATCH at 55.2. Main support: usage foundation: 66.7; data quality: 65.7. Main caution: role and availability context: 35.0; missing signal count: 5.,,role and availability context: 35.0; missing signal count: 5; blocked context: nan,nan,weather not sourced; live role/injury gates not ready; defense fit limited; game environment limited,BLOCKED_DATA
,T.Goodson,IND,,RB,"receiving, rushing",55.12,WATCH,WATCH at 55.1. Main support: usage foundation: 66.7; data quality: 65.7. Main caution: role and availability context: 35.0; missing signal count: 5.,,role and availability context: 35.0; missing signal count: 5; blocked context: nan,nan,weather not sourced; live role/injury gates not ready; defense fit limited; game environment limited,BLOCKED_DATA
,D.Holker,NO,,TE,receiving,55.05,WATCH,WATCH at 55.0. Main support: usage foundation: 66.7; data quality: 65.7. Main caution: role and availability context: 35.0; missing signal count: 5.,,role and availability context: 35.0; missing signal count: 5; blocked context: nan,nan,weather not sourced; live role/injury gates not ready; defense fit limited; game environment limited,BLOCKED_DATA
,D.Watson,CLE,CIN,QB,rushing,55.04,WATCH,WATCH at 55.0. Main support: usage foundation: 66.7; data quality: 65.7. Main caution: role and availability context: 35.0; missing signal count: 5.,,role and availability context: 35.0; missing signal count: 5; blocked context: nan,nan,weather not sourced; live role/injury gates not ready; defense fit limited; game environment limited,BLOCKED_DATA
,J.Virgil,BUF,,WR,receiving,55.01,WATCH,WATCH at 55.0. Main support: usage foundation: 66.7; data quality: 65.7. Main caution: role and availability context: 35.0; missing signal count: 5.,,role and availability context: 35.0; missing signal count: 5; blocked context: nan,nan,weather not sourced; live role/injury gates not ready; defense fit limited; game environment limited,BLOCKED_DATA
,I.Smith-Marsette,NYG,,WR,receiving,54.94,WATCH,WATCH at 54.9. Main support: usage foundation: 66.7; data quality: 65.7. Main caution: role and availability context: 35.0; missing signal count: 5.,,role and availability context: 35.0; missing signal count: 5; blocked context: nan,nan,weather not sourced; live role/injury gates not ready; defense fit limited; game environment limited,BLOCKED_DATA
,P.Mahomes,KC,PHI,QB,"rushing, passing",54.88,WATCH,WATCH at 54.9. Main support: usage foundation: 66.7; data quality: 65.7. Main caution: role and availability context: 35.0; missing signal count: 5.,,role and availability context: 35.0; missing signal count: 5; blocked context: nan,nan,weather not sourced; live role/injury gates not ready; defense fit limited; game environment limited,BLOCKED_DATA
,A.Dalton,CAR,WAS,QB,"rushing, passing",54.82,WATCH,WATCH at 54.8. Main support: usage foundation: 66.7; data quality: 65.7. Main caution: role and availability context: 35.0; missing signal count: 5.,,role and availability context: 35.0; missing signal count: 5; blocked context: nan,nan,weather not sourced; live role/injury gates not ready; defense fit limited; game environment limited,BLOCKED_DATA
,M.Washington,KC,,WR,receiving,54.8,WATCH,WATCH at 54.8. Main support: usage foundation: 66.7; data quality: 65.7. Main caution: role and availability context: 35.0; missing signal count: 5.,,role and availability context: 35.0; missing signal count: 5; blocked context: nan,nan,weather not sourced; live role/injury gates not ready; defense fit limited; game environment limited,BLOCKED_DATA
,T.Tremble,CAR,,TE,receiving,54.77,WATCH,WATCH at 54.8. Main support: usage foundation: 66.7; data quality: 65.7. Main caution: role and availability context: 35.0; missing signal count: 5.,,role and availability context: 35.0; missing signal count: 5; blocked context: nan,nan,weather not sourced; live role/injury gates not ready; defense fit limited; game environment limited,BLOCKED_DATA
,D.Evans,CHI,,RB,"receiving, rushing",54.76,WATCH,WATCH at 54.8. Main support: usage foundation: 66.7; data quality: 65.7. Main caution: role and availability context: 35.0; missing signal count: 5.,,role and availability context: 35.0; missing signal count: 5; blocked context: nan,nan,weather not sourced; live role/injury gates not ready; defense fit limited; game environment limited,BLOCKED_DATA
,J.Driskel,CLE,CIN,QB,rushing,54.71,WATCH,WATCH at 54.7. Main support: usage foundation: 66.7; data quality: 65.7. Main caution: role and availability context: 35.0; missing signal count: 5.,,role and availability context: 35.0; missing signal count: 5; blocked context: nan,nan,weather not sourced; live role/injury gates not ready; defense fit limited; game environment limited,BLOCKED_DATA
,H.Long,LA,,TE,receiving,54.7,WATCH,WATCH at 54.7. Main support: usage foundation: 66.7; data quality: 65.7. Main caution: role and availability context: 35.0; missing signal count: 5.,,role and availability context: 35.0; missing signal count: 5; blocked context: nan,nan,weather not sourced; live role/injury gates not ready; defense fit limited; game environment limited,BLOCKED_DATA
,T.Conner,MIA,,TE,receiving,54.64,WATCH,WATCH at 54.6. Main support: usage foundation: 66.7; data quality: 65.7. Main caution: role and availability context: 35.0; missing signal count: 5.,,role and availability context: 35.0; missing signal count: 5; blocked context: nan,nan,weather not sourced; live role/injury gates not ready; defense fit limited; game environment limited,BLOCKED_DATA
,J.Kelley,TEN,,RB,"receiving, rushing",54.58,WATCH,WATCH at 54.6. Main support: usage foundation: 66.7; data quality: 65.7. Main caution: role and availability context: 35.0; missing signal count: 5.,,role and availability context: 35.0; missing signal count: 5; blocked context: nan,nan,weather not sourced; live role/injury gates not ready; defense fit limited; game environment limited,BLOCKED_DATA
,D.Knox,BUF,,TE,receiving,54.58,WATCH,WATCH at 54.6. Main support: usage foundation: 66.7; data quality: 65.7. Main caution: role and availability context: 35.0; missing signal count: 5.,,role and availability context: 35.0; missing signal count: 5; blocked context: nan,nan,weather not sourced; live role/injury gates not ready; defense fit limited; game environment limited,BLOCKED_DATA
,S.Sims,BAL,,WR,receiving,54.57,WATCH,WATCH at 54.6. Main support: usage foundation: 66.7; data quality: 65.7. Main caution: role and availability context: 35.0; missing signal count: 5.,,role and availability context: 35.0; missing signal count: 5; blocked context: nan,nan,weather not sourced; live role/injury gates not ready; defense fit limited; game environment limited,BLOCKED_DATA
,M.Willis,GB,CHI,QB,rushing,54.55,WATCH,WATCH at 54.5. Main support: usage foundation: 66.7; data quality: 65.7. Main caution: role and availability context: 35.0; missing signal count: 5.,,role and availability context: 35.0; missing signal count: 5; blocked context: nan,nan,weather not sourced; live role/injury gates not ready; defense fit limited; game environment limited,BLOCKED_DATA
,T.Thornton,NE,,WR,receiving,54.51,WATCH,WATCH at 54.5. Main support: usage foundation: 66.7; data quality: 65.7. Main caution: role and availability context: 35.0; missing signal count: 5.,,role and availability context: 35.0; missing signal count: 5; blocked context: nan,nan,weather not sourced; live role/injury gates not ready; defense fit limited; game environment limited,BLOCKED_DATA
,L.Krull,DEN,,TE,receiving,54.43,WATCH,WATCH at 54.4. Main support: usage foundation: 66.7; data quality: 65.7. Main caution: role and availability context: 35.0; missing signal count: 5.,,role and availability context: 35.0; missing signal count: 5; blocked context: nan,nan,weather not sourced; live role/injury gates not ready; defense fit limited; game environment limited,BLOCKED_DATA
,C.Reynolds,DET,,RB,"receiving, rushing",54.39,WATCH,WATCH at 54.4. Main support: usage foundation: 66.7; data quality: 65.7. Main caution: role and availability context: 35.0; missing signal count: 5.,,role and availability context: 35.0; missing signal count: 5; blocked context: nan,nan,weather not sourced; live role/injury gates not ready; defense fit limited; game environment limited,BLOCKED_DATA
,A.Isabella,BUF,,WR,receiving,54.37,WATCH,WATCH at 54.4. Main support: usage foundation: 66.7; data quality: 65.7. Main caution: role and availability context: 35.0; missing signal count: 5.,,role and availability context: 35.0; missing signal count: 5; blocked context: nan,nan,weather not sourced; live role/injury gates not ready; defense fit limited; game environment limited,BLOCKED_DATA
,M.Mayer,LV,,TE,receiving,54.36,WATCH,WATCH at 54.4. Main support: usage foundation: 66.7; data quality: 65.7. Main caution: role and availability context: 35.0; missing signal count: 5.,,role and availability context: 35.0; missing signal count: 5; blocked context: nan,nan,weather not sourced; live role/injury gates not ready; defense fit limited; game environment limited,BLOCKED_DATA
,R.Rivers,LA,,RB,"receiving, rushing",54.22,WATCH,WATCH at 54.2. Main support: usage foundation: 66.7; data quality: 65.7. Main caution: role and availability context: 35.0; missing signal count: 5.,,role and availability context: 35.0; missing signal count: 5; blocked context: nan,nan,weather not sourced; live role/injury gates not ready; defense fit limited; game environment limited,BLOCKED_DATA
,D.Bellinger,NYG,,TE,receiving,54.22,WATCH,WATCH at 54.2. Main support: usage foundation: 66.7; data quality: 65.7. Main caution: role and availability context: 35.0; missing signal count: 5.,,role and availability context: 35.0; missing signal count: 5; blocked context: nan,nan,weather not sourced; live role/injury gates not ready; defense fit limited; game environment limited,BLOCKED_DATA
,T.Irwin,CIN,,WR,receiving,54.15,WATCH,WATCH at 54.1. Main support: usage foundation: 66.7; data quality: 65.7. Main caution: role and availability context: 35.0; missing signal count: 5.,,role and availability context: 35.0; missing signal count: 5; blocked context: nan,nan,weather not sourced; live role/injury gates not ready; defense fit limited; game environment limited,BLOCKED_DATA
00-0038598,J.Hall,MIN,GB,QB,passing,54.1,WATCH,WATCH at 54.1. Main support: recent form: 97.7; data quality: 79.0. Main caution: usage foundation: 33.3; role and availability context: 35.0.,,usage foundation: 33.3; role and availability context: 35.0; projection strength: 44.4,nan,weather not sourced; live role/injury gates not ready; game environment limited,BLOCKED_DATA
,C.Parkinson,LA,,TE,receiving,54.02,WATCH,WATCH at 54.0. Main support: usage foundation: 66.7; data quality: 65.7. Main caution: role and availability context: 35.0; missing signal count: 5.,,role and availability context: 35.0; missing signal count: 5; blocked context: nan,nan,weather not sourced; live role/injury gates not ready; defense fit limited; game environment limited,BLOCKED_DATA
,A.Trautman,DEN,,TE,receiving,54.01,WATCH,WATCH at 54.0. Main support: usage foundation: 66.7; data quality: 65.7. Main caution: role and availability context: 35.0; missing signal count: 5.,,role and availability context: 35.0; missing signal count: 5; blocked context: nan,nan,weather not sourced; live role/injury gates not ready; defense fit limited; game environment limited,BLOCKED_DATA
,C.Johnson,CHI,,WR,receiving,53.88,WATCH,WATCH at 53.9. Main support: usage foundation: 66.7; data quality: 65.7. Main caution: role and availability context: 35.0; missing signal count: 5.,,role and availability context: 35.0; missing signal count: 5; blocked context: nan,nan,weather not sourced; live role/injury gates not ready; defense fit limited; game environment limited,BLOCKED_DATA
,M.Barkley,JAX,CAR,QB,rushing,53.87,WATCH,WATCH at 53.9. Main support: usage foundation: 66.7; data quality: 65.7. Main caution: role and availability context: 35.0; missing signal count: 5.,,role and availability context: 35.0; missing signal count: 5; blocked context: nan,nan,weather not sourced; live role/injury gates not ready; defense fit limited; game environment limited,BLOCKED_DATA
,D.Wells,TB,,TE,receiving,53.81,WATCH,WATCH at 53.8. Main support: usage foundation: 66.7; data quality: 65.7. Main caution: role and availability context: 35.0; missing signal count: 5.,,role and availability context: 35.0; missing signal count: 5; blocked context: nan,nan,weather not sourced; live role/injury gates not ready; defense fit limited; game environment limited,BLOCKED_DATA
,J.Mingo,DAL,,WR,receiving,53.8,WATCH,WATCH at 53.8. Main support: usage foundation: 66.7; data quality: 65.7. Main caution: role and availability context: 35.0; missing signal count: 5.,,role and availability context: 35.0; missing signal count: 5; blocked context: nan,nan,weather not sourced; live role/injury gates not ready; defense fit limited; game environment limited,BLOCKED_DATA
,I.Davis,NYJ,,RB,"receiving, rushing",53.73,WATCH,WATCH at 53.7. Main support: usage foundation: 66.7; data quality: 65.7. Main caution: role and availability context: 35.0; missing signal count: 5.,,role and availability context: 35.0; missing signal count: 5; blocked context: nan,nan,weather not sourced; live role/injury gates not ready; defense fit limited; game environment limited,BLOCKED_DATA
,J.Deguara,JAX,,TE,receiving,53.68,WATCH,WATCH at 53.7. Main support: usage foundation: 66.7; data quality: 65.7. Main caution: role and availability context: 35.0; missing signal count: 5.,,role and availability context: 35.0; missing signal count: 5; blocked context: nan,nan,weather not sourced; live role/injury gates not ready; defense fit limited; game environment limited,BLOCKED_DATA
,D.Harty,BAL,,WR,receiving,53.65,WATCH,WATCH at 53.6. Main support: usage foundation: 66.7; data quality: 65.7. Main caution: role and availability context: 35.0; missing signal count: 5.,,role and availability context: 35.0; missing signal count: 5; blocked context: nan,nan,weather not sourced; live role/injury gates not ready; defense fit limited; game environment limited,BLOCKED_DATA
00-0036355,J.Herbert,LAC,HOU,QB,passing,53.64,WATCH,WATCH at 53.6. Main support: recent form: 99.9; data quality: 79.0. Main caution: usage foundation: 33.3; role and availability context: 35.0.,,usage foundation: 33.3; role and availability context: 35.0; projection strength: 40.7,nan,weather not sourced; live role/injury gates not ready; game environment limited,BLOCKED_DATA
,J.Herbert,LAC,HOU,QB,"rushing, passing",53.63,WATCH,WATCH at 53.6. Main support: usage foundation: 66.7; data quality: 65.7. Main caution: role and availability context: 35.0; missing signal count: 5.,,role and availability context: 35.0; missing signal count: 5; blocked context: nan,nan,weather not sourced; live role/injury gates not ready; defense fit limited; game environment limited,BLOCKED_DATA
,K.Granson,IND,,TE,receiving,53.44,WATCH,WATCH at 53.4. Main support: usage foundation: 66.7; data quality: 65.7. Main caution: role and availability context: 35.0; missing signal count: 5.,,role and availability context: 35.0; missing signal count: 5; blocked context: nan,nan,weather not sourced; live role/injury gates not ready; defense fit limited; game environment limited,BLOCKED_DATA
,J.McNichols,WAS,,RB,"receiving, rushing",53.41,WATCH,WATCH at 53.4. Main support: usage foundation: 66.7; data quality: 65.7. Main caution: role and availability context: 35.0; missing signal count: 5.,,role and availability context: 35.0; missing signal count: 5; blocked context: nan,nan,weather not sourced; live role/injury gates not ready; defense fit limited; game environment limited,BLOCKED_DATA
,R.Chosen,MIA,,WR,receiving,53.36,WATCH,WATCH at 53.4. Main support: usage foundation: 66.7; data quality: 65.7. Main caution: role and availability context: 35.0; missing signal count: 5.,,role and availability context: 35.0; missing signal count: 5; blocked context: nan,nan,weather not sourced; live role/injury gates not ready; defense fit limited; game environment limited,BLOCKED_DATA
,B.Wright,DET,,TE,receiving,53.34,WATCH,WATCH at 53.3. Main support: usage foundation: 66.7; data quality: 65.7. Main caution: role and availability context: 35.0; missing signal count: 5.,,role and availability context: 35.0; missing signal count: 5; blocked context: nan,nan,weather not sourced; live role/injury gates not ready; defense fit limited; game environment limited,BLOCKED_DATA
,D.Washington,PIT,,TE,receiving,53.29,WATCH,WATCH at 53.3. Main support: usage foundation: 66.7; data quality: 65.7. Main caution: role and availability context: 35.0; missing signal count: 5.,,role and availability context: 35.0; missing signal count: 5; blocked context: nan,nan,weather not sourced; live role/injury gates not ready; defense fit limited; game environment limited,BLOCKED_DATA
,N.Gray,KC,,TE,receiving,53.08,WATCH,WATCH at 53.1. Main support: usage foundation: 66.7; data quality: 65.7. Main caution: role and availability context: 35.0; missing signal count: 5.,,role and availability context: 35.0; missing signal count: 5; blocked context: nan,nan,weather not sourced; live role/injury gates not ready; defense fit limited; game environment limited,BLOCKED_DATA
,M.Lewis,CHI,,TE,receiving,53.06,WATCH,WATCH at 53.1. Main support: usage foundation: 66.7; data quality: 65.7. Main caution: role and availability context: 35.0; missing signal count: 5.,,role and availability context: 35.0; missing signal count: 5; blocked context: nan,nan,weather not sourced; live role/injury gates not ready; defense fit limited; game environment limited,BLOCKED_DATA
,A.Ogletree,IND,,TE,receiving,52.93,WATCH,WATCH at 52.9. Main support: usage foundation: 66.7; data quality: 65.7. Main caution: role and availability context: 35.0; missing signal count: 5.,,role and availability context: 35.0; missing signal count: 5; blocked context: nan,nan,weather not sourced; live role/injury gates not ready; defense fit limited; game environment limited,BLOCKED_DATA
,C.Steele,KC,,RB,"receiving, rushing",52.92,WATCH,WATCH at 52.9. Main support: usage foundation: 66.7; data quality: 65.7. Main caution: role and availability context: 35.0; missing signal count: 5.,,role and availability context: 35.0; missing signal count: 5; blocked context: nan,nan,weather not sourced; live role/injury gates not ready; defense fit limited; game environment limited,BLOCKED_DATA
,P.Hendershot,KC,,TE,receiving,52.86,WATCH,WATCH at 52.9. Main support: usage foundation: 66.7; data quality: 65.7. Main caution: role and availability context: 35.0; missing signal count: 5.,,role and availability context: 35.0; missing signal count: 5; blocked context: nan,nan,weather not sourced; live role/injury gates not ready; defense fit limited; game environment limited,BLOCKED_DATA
,J.Ruckert,NYJ,,TE,receiving,52.86,WATCH,WATCH at 52.9. Main support: usage foundation: 66.7; data quality: 65.7. Main caution: role and availability context: 35.0; missing signal count: 5.,,role and availability context: 35.0; missing signal count: 5; blocked context: nan,nan,weather not sourced; live role/injury gates not ready; defense fit limited; game environment limited,BLOCKED_DATA
,C.Stover,HOU,,TE,receiving,52.79,WATCH,WATCH at 52.8. Main support: usage foundation: 66.7; data quality: 65.7. Main caution: role and availability context: 35.0; missing signal count: 5.,,role and availability context: 35.0; missing signal count: 5; blocked context: nan,nan,weather not sourced; live role/injury gates not ready; defense fit limited; game environment limited,BLOCKED_DATA
,L.Woodside,ATL,NO,QB,rushing,52.79,WATCH,WATCH at 52.8. Main support: usage foundation: 66.7; data quality: 65.7. Main caution: role and availability context: 35.0; missing signal count: 5.,,role and availability context: 35.0; missing signal count: 5; blocked context: nan,nan,weather not sourced; live role/injury gates not ready; defense fit limited; game environment limited,BLOCKED_DATA
,E.Stick,LAC,KC,QB,"rushing, passing",52.75,WATCH,WATCH at 52.8. Main support: usage foundation: 66.7; data quality: 65.7. Main caution: role and availability context: 35.0; missing signal count: 5.,,role and availability context: 35.0; missing signal count: 5; blocked context: nan,nan,weather not sourced; live role/injury gates not ready; defense fit limited; game environment limited,BLOCKED_DATA
,K.Osborn,WAS,,WR,receiving,52.64,WATCH,WATCH at 52.6. Main support: usage foundation: 66.7; data quality: 65.7. Main caution: role and availability context: 35.0; missing signal count: 5.,,role and availability context: 35.0; missing signal count: 5; blocked context: nan,nan,weather not sourced; live role/injury gates not ready; defense fit limited; game environment limited,BLOCKED_DATA
,J.Hyatt,NYG,,WR,receiving,52.58,WATCH,WATCH at 52.6. Main support: usage foundation: 66.7; data quality: 65.7. Main caution: role and availability context: 35.0; missing signal count: 5.,,role and availability context: 35.0; missing signal count: 5; blocked context: nan,nan,weather not sourced; live role/injury gates not ready; defense fit limited; game environment limited,BLOCKED_DATA
,G.Olszewski,NYG,,WR,receiving,52.5,WATCH,WATCH at 52.5. Main support: usage foundation: 66.7; data quality: 65.7. Main caution: role and availability context: 35.0; missing signal count: 5.,,role and availability context: 35.0; missing signal count: 5; blocked context: nan,nan,weather not sourced; live role/injury gates not ready; defense fit limited; game environment limited,BLOCKED_DATA
,W.Levis,TEN,HOU,QB,rushing,52.43,WATCH,WATCH at 52.4. Main support: usage foundation: 66.7; data quality: 65.7. Main caution: role and availability context: 35.0; missing signal count: 5.,,role and availability context: 35.0; missing signal count: 5; blocked context: nan,nan,weather not sourced; live role/injury gates not ready; defense fit limited; game environment limited,BLOCKED_DATA
,T.Quitoriano,HOU,,TE,receiving,52.43,WATCH,WATCH at 52.4. Main support: usage foundation: 66.7; data quality: 65.7. Main caution: role and availability context: 35.0; missing signal count: 5.,,role and availability context: 35.0; missing signal count: 5; blocked context: nan,nan,weather not sourced; live role/injury gates not ready; defense fit limited; game environment limited,BLOCKED_DATA
,L.Farrell,JAX,,TE,receiving,52.38,WATCH,WATCH at 52.4. Main support: usage foundation: 66.7; data quality: 65.7. Main caution: role and availability context: 35.0; missing signal count: 5.,,role and availability context: 35.0; missing signal count: 5; blocked context: nan,nan,weather not sourced; live role/injury gates not ready; defense fit limited; game environment limited,BLOCKED_DATA
,Co.Heyward,PIT,,TE,receiving,52.31,WATCH,WATCH at 52.3. Main support: usage foundation: 66.7; data quality: 65.7. Main caution: role and availability context: 35.0; missing signal count: 5.,,role and availability context: 35.0; missing signal count: 5; blocked context: nan,nan,weather not sourced; live role/injury gates not ready; defense fit limited; game environment limited,BLOCKED_DATA
,B.Corum,LA,,RB,"receiving, rushing",52.26,WATCH,WATCH at 52.3. Main support: usage foundation: 66.7; data quality: 65.7. Main caution: role and availability context: 35.0; missing signal count: 5.,,role and availability context: 35.0; missing signal count: 5; blocked context: nan,nan,weather not sourced; live role/injury gates not ready; defense fit limited; game environment limited,BLOCKED_DATA
00-0036212,T.Tagovailoa,MIA,SF,QB,passing,52.2,WATCH,WATCH at 52.2. Main support: recent form: 99.9; data quality: 79.0. Main caution: opponent defense fit: 27.8; usage foundation: 33.3.,,opponent defense fit: 27.8; usage foundation: 33.3; role and availability context: 35.0,nan,weather not sourced; live role/injury gates not ready; game environment limited,BLOCKED_DATA
,J.Brooks,CAR,,RB,"receiving, rushing",52.07,WATCH,WATCH at 52.1. Main support: usage foundation: 66.7; data quality: 65.7. Main caution: role and availability context: 35.0; missing signal count: 5.,,role and availability context: 35.0; missing signal count: 5; blocked context: nan,nan,weather not sourced; live role/injury gates not ready; defense fit limited; game environment limited,BLOCKED_DATA
,R.Tonyan,CHI,,TE,receiving,52.07,WATCH,WATCH at 52.1. Main support: usage foundation: 66.7; data quality: 65.7. Main caution: role and availability context: 35.0; missing signal count: 5.,,role and availability context: 35.0; missing signal count: 5; blocked context: nan,nan,weather not sourced; live role/injury gates not ready; defense fit limited; game environment limited,BLOCKED_DATA
,Ja.Williams,NO,,RB,"receiving, rushing",51.94,WATCH,WATCH at 51.9. Main support: usage foundation: 66.7; data quality: 65.7. Main caution: role and availability context: 35.0; projection strength: 44.8.,,role and availability context: 35.0; projection strength: 44.8; missing signal count: 5,nan,weather not sourced; live role/injury gates not ready; defense fit limited; game environment limited,BLOCKED_DATA
,T.Lawrence,JAX,HOU,QB,"rushing, passing",51.89,WATCH,WATCH at 51.9. Main support: usage foundation: 66.7; data quality: 65.7. Main caution: role and availability context: 35.0; projection strength: 44.7.,,role and availability context: 35.0; projection strength: 44.7; missing signal count: 5,nan,weather not sourced; live role/injury gates not ready; defense fit limited; game environment limited,BLOCKED_DATA
,D.Allen,PHI,,WR,receiving,51.86,WATCH,WATCH at 51.9. Main support: usage foundation: 66.7; data quality: 65.7. Main caution: role and availability context: 35.0; projection strength: 44.6.,,role and availability context: 35.0; projection strength: 44.6; missing signal count: 5,nan,weather not sourced; live role/injury gates not ready; defense fit limited; game environment limited,BLOCKED_DATA
,D.Kincaid,BUF,,TE,receiving,51.79,WATCH,WATCH at 51.8. Main support: usage foundation: 66.7; data quality: 65.7. Main caution: role and availability context: 35.0; projection strength: 44.4.,,role and availability context: 35.0; projection strength: 44.4; missing signal count: 5,nan,weather not sourced; live role/injury gates not ready; defense fit limited; game environment limited,BLOCKED_DATA
,M.Mariota,WAS,DET,QB,rushing,51.77,WATCH,WATCH at 51.8. Main support: usage foundation: 66.7; data quality: 65.7. Main caution: role and availability context: 35.0; projection strength: 44.4.,,role and availability context: 35.0; projection strength: 44.4; missing signal count: 5,nan,weather not sourced; live role/injury gates not ready; defense fit limited; game environment limited,BLOCKED_DATA
,G.Calcaterra,PHI,,TE,receiving,51.71,WATCH,WATCH at 51.7. Main support: usage foundation: 66.7; data quality: 65.7. Main caution: role and availability context: 35.0; projection strength: 44.3.,,role and availability context: 35.0; projection strength: 44.3; missing signal count: 5,nan,weather not sourced; live role/injury gates not ready; defense fit limited; game environment limited,BLOCKED_DATA
,M.Alie-Cox,IND,,TE,receiving,51.64,WATCH,WATCH at 51.6. Main support: usage foundation: 66.7; data quality: 65.7. Main caution: role and availability context: 35.0; projection strength: 44.1.,,role and availability context: 35.0; projection strength: 44.1; missing signal count: 5,nan,weather not sourced; live role/injury gates not ready; defense fit limited; game environment limited,BLOCKED_DATA
,J.Dobbs,SF,ARI,QB,"rushing, passing",51.61,WATCH,WATCH at 51.6. Main support: usage foundation: 66.7; data quality: 65.7. Main caution: role and availability context: 35.0; projection strength: 44.0.,,role and availability context: 35.0; projection strength: 44.0; missing signal count: 5,nan,weather not sourced; live role/injury gates not ready; defense fit limited; game environment limited,BLOCKED_DATA
,T.Wesco,TEN,,TE,receiving,51.57,WATCH,WATCH at 51.6. Main support: usage foundation: 66.7; data quality: 65.7. Main caution: role and availability context: 35.0; projection strength: 43.9.,,role and availability context: 35.0; projection strength: 43.9; missing signal count: 5,nan,weather not sourced; live role/injury gates not ready; defense fit limited; game environment limited,BLOCKED_DATA
00-0038391,S.Clifford,GB,MIN,QB,passing,51.35,WATCH,WATCH at 51.4. Main support: recent form: 97.2; opponent defense fit: 88.9. Main caution: projection strength: 29.6; usage foundation: 33.3.,,projection strength: 29.6; usage foundation: 33.3; role and availability context: 35.0,nan,weather not sourced; live role/injury gates not ready; recent form limited; game environment limited,BLOCKED_DATA
,J.Wiley,KC,,TE,receiving,51.35,WATCH,WATCH at 51.4. Main support: usage foundation: 66.7; data quality: 65.7. Main caution: role and availability context: 35.0; projection strength: 43.4.,,role and availability context: 35.0; projection strength: 43.4; missing signal count: 5,nan,weather not sourced; live role/injury gates not ready; defense fit limited; game environment limited,BLOCKED_DATA
,B.Gabbert,KC,LAC,QB,rushing,51.28,WATCH,WATCH at 51.3. Main support: usage foundation: 66.7; data quality: 65.7. Main caution: role and availability context: 35.0; projection strength: 43.3.,,role and availability context: 35.0; projection strength: 43.3; missing signal count: 5,nan,weather not sourced; live role/injury gates not ready; defense fit limited; game environment limited,BLOCKED_DATA
,H.Hurst,LAC,,TE,receiving,51.28,WATCH,WATCH at 51.3. Main support: usage foundation: 66.7; data quality: 65.7. Main caution: role and availability context: 35.0; projection strength: 43.3.,,role and availability context: 35.0; projection strength: 43.3; missing signal count: 5,nan,weather not sourced; live role/injury gates not ready; defense fit limited; game environment limited,BLOCKED_DATA
,J.Sanders,CAR,,TE,receiving,51.28,WATCH,WATCH at 51.3. Main support: usage foundation: 66.7; data quality: 65.7. Main caution: role and availability context: 35.0; projection strength: 43.3.,,role and availability context: 35.0; projection strength: 43.3; missing signal count: 5,nan,weather not sourced; live role/injury gates not ready; defense fit limited; game environment limited,BLOCKED_DATA
,L.Schoonmaker,DAL,,TE,receiving,51.21,WATCH,WATCH at 51.2. Main support: usage foundation: 66.7; data quality: 65.7. Main caution: role and availability context: 35.0; projection strength: 43.1.,,role and availability context: 35.0; projection strength: 43.1; missing signal count: 5,nan,weather not sourced; live role/injury gates not ready; defense fit limited; game environment limited,BLOCKED_DATA
00-0031280,D.Carr,NO,NYG,QB,passing,51.16,WATCH,WATCH at 51.2. Main support: recent form: 98.6; data quality: 79.0. Main caution: usage foundation: 33.3; role and availability context: 35.0.,,usage foundation: 33.3; role and availability context: 35.0; projection strength: 37.0,nan,weather not sourced; live role/injury gates not ready; game environment limited,BLOCKED_DATA
,T.DeVito,NYG,BAL,QB,rushing,51.12,WATCH,WATCH at 51.1. Main support: usage foundation: 66.7; data quality: 65.7. Main caution: role and availability context: 35.0; projection strength: 42.9.,,role and availability context: 35.0; projection strength: 42.9; missing signal count: 5,nan,weather not sourced; live role/injury gates not ready; defense fit limited; game environment limited,BLOCKED_DATA
,C.Manhertz,NYG,,TE,receiving,51.07,WATCH,WATCH at 51.1. Main support: usage foundation: 66.7; data quality: 65.7. Main caution: role and availability context: 35.0; projection strength: 42.8.,,role and availability context: 35.0; projection strength: 42.8; missing signal count: 5,nan,weather not sourced; live role/injury gates not ready; defense fit limited; game environment limited,BLOCKED_DATA
,J.Horsted,LV,,TE,receiving,51.01,WATCH,WATCH at 51.0. Main support: usage foundation: 66.7; data quality: 65.7. Main caution: role and availability context: 35.0; projection strength: 42.7.,,role and availability context: 35.0; projection strength: 42.7; missing signal count: 5,nan,weather not sourced; live role/injury gates not ready; defense fit limited; game environment limited,BLOCKED_DATA
,C.Beathard,JAX,CAR,QB,rushing,51.0,WATCH,WATCH at 51.0. Main support: usage foundation: 66.7; data quality: 65.7. Main caution: role and availability context: 35.0; projection strength: 42.6.,,role and availability context: 35.0; projection strength: 42.6; missing signal count: 5,nan,weather not sourced; live role/injury gates not ready; defense fit limited; game environment limited,BLOCKED_DATA
,D.Thompson-Robinson,CLE,BAL,QB,rushing,50.96,WATCH,WATCH at 51.0. Main support: usage foundation: 66.7; data quality: 65.7. Main caution: role and availability context: 35.0; projection strength: 42.5.,,role and availability context: 35.0; projection strength: 42.5; missing signal count: 5,nan,weather not sourced; live role/injury gates not ready; defense fit limited; game environment limited,BLOCKED_DATA
,J.Mims,NO,,RB,"receiving, rushing",50.94,WATCH,WATCH at 50.9. Main support: usage foundation: 66.7; data quality: 65.7. Main caution: role and availability context: 35.0; projection strength: 42.5.,,role and availability context: 35.0; projection strength: 42.5; missing signal count: 5,nan,weather not sourced; live role/injury gates not ready; defense fit limited; game environment limited,BLOCKED_DATA
,T.Lance,DAL,WAS,QB,rushing,50.82,WATCH,WATCH at 50.8. Main support: usage foundation: 66.7; data quality: 65.7. Main caution: role and availability context: 35.0; projection strength: 42.2.,,role and availability context: 35.0; projection strength: 42.2; missing signal count: 5,nan,weather not sourced; live role/injury gates not ready; defense fit limited; game environment limited,BLOCKED_DATA
,B.Whiteheart,CLE,,TE,receiving,50.81,WATCH,WATCH at 50.8. Main support: usage foundation: 66.7; data quality: 65.7. Main caution: role and availability context: 35.0; projection strength: 42.2.,,role and availability context: 35.0; projection strength: 42.2; missing signal count: 5,nan,weather not sourced; live role/injury gates not ready; defense fit limited; game environment limited,BLOCKED_DATA
,M.Jones,JAX,IND,QB,"rushing, passing",50.64,WATCH,WATCH at 50.6. Main support: usage foundation: 66.7; data quality: 65.7. Main caution: role and availability context: 35.0; projection strength: 41.8.,,role and availability context: 35.0; projection strength: 41.8; missing signal count: 5,nan,weather not sourced; live role/injury gates not ready; defense fit limited; game environment limited,BLOCKED_DATA
,M.Pruitt,PIT,,TE,receiving,50.53,WATCH,WATCH at 50.5. Main support: usage foundation: 66.7; data quality: 65.7. Main caution: role and availability context: 35.0; projection strength: 41.6.,,role and availability context: 35.0; projection strength: 41.6; missing signal count: 5,nan,weather not sourced; live role/injury gates not ready; defense fit limited; game environment limited,BLOCKED_DATA
,J.Bates,WAS,,TE,receiving,50.5,WATCH,WATCH at 50.5. Main support: usage foundation: 66.7; data quality: 65.7. Main caution: role and availability context: 35.0; projection strength: 41.5.,,role and availability context: 35.0; projection strength: 41.5; missing signal count: 5,nan,weather not sourced; live role/injury gates not ready; defense fit limited; game environment limited,BLOCKED_DATA
,J.FitzPatrick,GB,,TE,receiving,50.47,WATCH,WATCH at 50.5. Main support: usage foundation: 66.7; data quality: 65.7. Main caution: role and availability context: 35.0; projection strength: 41.4.,,role and availability context: 35.0; projection strength: 41.4; missing signal count: 5,nan,weather not sourced; live role/injury gates not ready; defense fit limited; game environment limited,BLOCKED_DATA
,B.Sims,GB,,TE,receiving,50.42,WATCH,WATCH at 50.4. Main support: usage foundation: 66.7; data quality: 65.7. Main caution: role and availability context: 35.0; projection strength: 41.3.,,role and availability context: 35.0; projection strength: 41.3; missing signal count: 5,nan,weather not sourced; live role/injury gates not ready; defense fit limited; game environment limited,BLOCKED_DATA
,C.Kolar,BAL,,TE,receiving,50.21,WATCH,WATCH at 50.2. Main support: usage foundation: 66.7; data quality: 65.7. Main caution: role and availability context: 35.0; projection strength: 40.8.,,role and availability context: 35.0; projection strength: 40.8; missing signal count: 5,nan,weather not sourced; live role/injury gates not ready; defense fit limited; game environment limited,BLOCKED_DATA
,J.Chestnut,TEN,,RB,"receiving, rushing",50.1,WATCH,WATCH at 50.1. Main support: usage foundation: 66.7; data quality: 65.7. Main caution: role and availability context: 35.0; projection strength: 40.6.,,role and availability context: 35.0; projection strength: 40.6; missing signal count: 5,nan,weather not sourced; live role/injury gates not ready; defense fit limited; game environment limited,BLOCKED_DATA
,J.Hall,MIN,GB,QB,"rushing, passing",50.09,WATCH,WATCH at 50.1. Main support: usage foundation: 66.7; data quality: 65.7. Main caution: role and availability context: 35.0; projection strength: 40.5.,,role and availability context: 35.0; projection strength: 40.5; missing signal count: 5,nan,weather not sourced; live role/injury gates not ready; defense fit limited; game environment limited,BLOCKED_DATA
,D.Lock,NYG,PHI,QB,rushing,49.98,WATCH,WATCH at 50.0. Main support: usage foundation: 66.7; data quality: 65.7. Main caution: role and availability context: 35.0; projection strength: 40.3.,,role and availability context: 35.0; projection strength: 40.3; missing signal count: 5,nan,weather not sourced; live role/injury gates not ready; defense fit limited; game environment limited,BLOCKED_DATA
00-0033077,D.Prescott,DAL,ATL,QB,passing,49.87,WATCH,WATCH at 49.9. Main support: recent form: 98.2; opponent defense fit: 87.0. Main caution: projection strength: 25.9; usage foundation: 33.3.,,projection strength: 25.9; usage foundation: 33.3; role and availability context: 35.0,nan,weather not sourced; live role/injury gates not ready; game environment limited,BLOCKED_DATA
,P.Brown,SEA,,TE,receiving,49.85,WATCH,WATCH at 49.9. Main support: usage foundation: 66.7; data quality: 65.7. Main caution: role and availability context: 35.0; projection strength: 40.0.,,role and availability context: 35.0; projection strength: 40.0; missing signal count: 5,nan,weather not sourced; live role/injury gates not ready; defense fit limited; game environment limited,BLOCKED_DATA
,J.Thrash,CLE,,WR,receiving,49.58,WATCH,WATCH at 49.6. Main support: usage foundation: 66.7; data quality: 65.7. Main caution: role and availability context: 35.0; projection strength: 39.4.,,role and availability context: 35.0; projection strength: 39.4; missing signal count: 5,nan,weather not sourced; live role/injury gates not ready; defense fit limited; game environment limited,BLOCKED_DATA
00-0039163,C.Stroud,HOU,KC,QB,passing,49.55,WATCH,WATCH at 49.5. Main support: recent form: 98.8; opponent defense fit: 96.3. Main caution: projection strength: 22.2; usage foundation: 33.3.,,projection strength: 22.2; usage foundation: 33.3; role and availability context: 35.0,nan,weather not sourced; live role/injury gates not ready; game environment limited,BLOCKED_DATA
,J.Jefferson,DET,,RB,"receiving, rushing",49.49,WATCH,WATCH at 49.5. Main support: usage foundation: 66.7; data quality: 65.7. Main caution: role and availability context: 35.0; projection strength: 39.2.,,role and availability context: 35.0; projection strength: 39.2; missing signal count: 5,nan,weather not sourced; live role/injury gates not ready; defense fit limited; game environment limited,BLOCKED_DATA
,Z.Wilson,NYJ,MIA,QB,rushing,49.33,WATCH,WATCH at 49.3. Main support: usage foundation: 66.7; data quality: 65.7. Main caution: role and availability context: 35.0; projection strength: 38.8.,,role and availability context: 35.0; projection strength: 38.8; missing signal count: 5,nan,weather not sourced; live role/injury gates not ready; defense fit limited; game environment limited,BLOCKED_DATA
,B.Jordan,HOU,,TE,receiving,49.3,WATCH,WATCH at 49.3. Main support: usage foundation: 66.7; data quality: 65.7. Main caution: role and availability context: 35.0; projection strength: 38.8.,,role and availability context: 35.0; projection strength: 38.8; missing signal count: 5,nan,weather not sourced; live role/injury gates not ready; defense fit limited; game environment limited,BLOCKED_DATA
,H.Haskins,LAC,,RB,"receiving, rushing",49.28,WATCH,WATCH at 49.3. Main support: usage foundation: 66.7; data quality: 65.7. Main caution: role and availability context: 35.0; projection strength: 38.7.,,role and availability context: 35.0; projection strength: 38.7; missing signal count: 5,nan,weather not sourced; live role/injury gates not ready; defense fit limited; game environment limited,BLOCKED_DATA
,K.Yeboah,NYJ,,TE,receiving,49.2,WATCH,WATCH at 49.2. Main support: usage foundation: 66.7; data quality: 65.7. Main caution: role and availability context: 35.0; projection strength: 38.5.,,role and availability context: 35.0; projection strength: 38.5; missing signal count: 5,nan,weather not sourced; live role/injury gates not ready; defense fit limited; game environment limited,BLOCKED_DATA
,W.Shipley,PHI,,RB,"receiving, rushing",49.2,WATCH,WATCH at 49.2. Main support: usage foundation: 66.7; data quality: 65.7. Main caution: role and availability context: 35.0; projection strength: 38.5.,,role and availability context: 35.0; projection strength: 38.5; missing signal count: 5,nan,weather not sourced; live role/injury gates not ready; defense fit limited; game environment limited,BLOCKED_DATA
,C.Patterson,PIT,,RB,"receiving, rushing",49.16,WATCH,WATCH at 49.2. Main support: usage foundation: 66.7; data quality: 65.7. Main caution: role and availability context: 35.0; projection strength: 38.4.,,role and availability context: 35.0; projection strength: 38.4; missing signal count: 5,nan,weather not sourced; live role/injury gates not ready; defense fit limited; game environment limited,BLOCKED_DATA
,L.Cager,NYG,,TE,receiving,49.13,WATCH,WATCH at 49.1. Main support: usage foundation: 66.7; data quality: 65.7. Main caution: role and availability context: 35.0; projection strength: 38.4.,,role and availability context: 35.0; projection strength: 38.4; missing signal count: 5,nan,weather not sourced; live role/injury gates not ready; defense fit limited; game environment limited,BLOCKED_DATA
,R.Keyton,LV,,WR,receiving,49.03,WATCH,WATCH at 49.0. Main support: usage foundation: 66.7; data quality: 65.7. Main caution: role and availability context: 35.0; projection strength: 38.1.,,role and availability context: 35.0; projection strength: 38.1; missing signal count: 5,nan,weather not sourced; live role/injury gates not ready; defense fit limited; game environment limited,BLOCKED_DATA
,R.Williams,PIT,,TE,receiving,48.92,WATCH,WATCH at 48.9. Main support: usage foundation: 66.7; data quality: 65.7. Main caution: role and availability context: 35.0; projection strength: 37.9.,,role and availability context: 35.0; projection strength: 37.9; missing signal count: 5,nan,weather not sourced; live role/injury gates not ready; defense fit limited; game environment limited,BLOCKED_DATA
00-0036264,J.Love,GB,PHI,QB,passing,48.87,WATCH,WATCH at 48.9. Main support: recent form: 97.2; data quality: 79.0. Main caution: projection strength: 33.3; usage foundation: 33.3.,,projection strength: 33.3; usage foundation: 33.3; role and availability context: 35.0,nan,weather not sourced; live role/injury gates not ready; game environment limited,BLOCKED_DATA
,M.Rudolph,TEN,HOU,QB,rushing,48.84,WATCH,WATCH at 48.8. Main support: usage foundation: 66.7; data quality: 65.7. Main caution: role and availability context: 35.0; projection strength: 37.7.,,role and availability context: 35.0; projection strength: 37.7; missing signal count: 5,nan,weather not sourced; live role/injury gates not ready; defense fit limited; game environment limited,BLOCKED_DATA
,P.Strong,CLE,,RB,"receiving, rushing",48.84,WATCH,WATCH at 48.8. Main support: usage foundation: 66.7; data quality: 65.7. Main caution: role and availability context: 35.0; projection strength: 37.7.,,role and availability context: 35.0; projection strength: 37.7; missing signal count: 5,nan,weather not sourced; live role/injury gates not ready; defense fit limited; game environment limited,BLOCKED_DATA
,I.Thomas,CAR,,TE,receiving,48.83,WATCH,WATCH at 48.8. Main support: usage foundation: 66.7; data quality: 65.7. Main caution: role and availability context: 35.0; projection strength: 37.7.,,role and availability context: 35.0; projection strength: 37.7; missing signal count: 5,nan,weather not sourced; live role/injury gates not ready; defense fit limited; game environment limited,BLOCKED_DATA
,M.Gaskin,MIN,,RB,"receiving, rushing",48.77,WATCH,WATCH at 48.8. Main support: usage foundation: 66.7; data quality: 65.7. Main caution: role and availability context: 35.0; projection strength: 37.5.,,role and availability context: 35.0; projection strength: 37.5; missing signal count: 5,nan,weather not sourced; live role/injury gates not ready; defense fit limited; game environment limited,BLOCKED_DATA
,J.Jackson,TEN,,WR,receiving,48.7,WATCH,WATCH at 48.7. Main support: usage foundation: 66.7; data quality: 65.7. Main caution: role and availability context: 35.0; projection strength: 37.4.,,role and availability context: 35.0; projection strength: 37.4; missing signal count: 5,nan,weather not sourced; live role/injury gates not ready; defense fit limited; game environment limited,BLOCKED_DATA
,L.Musgrave,GB,,TE,receiving,48.69,WATCH,WATCH at 48.7. Main support: usage foundation: 66.7; data quality: 65.7. Main caution: role and availability context: 35.0; projection strength: 37.3.,,role and availability context: 35.0; projection strength: 37.3; missing signal count: 5,nan,weather not sourced; live role/injury gates not ready; defense fit limited; game environment limited,BLOCKED_DATA
,R.Tannehill,TEN,JAX,QB,rushing,48.67,WATCH,WATCH at 48.7. Main support: usage foundation: 66.7; data quality: 65.7. Main caution: role and availability context: 35.0; projection strength: 37.3.,,role and availability context: 35.0; projection strength: 37.3; missing signal count: 5,nan,weather not sourced; live role/injury gates not ready; defense fit limited; game environment limited,BLOCKED_DATA
,J.Ross,PHI,,WR,receiving,48.62,WATCH,WATCH at 48.6. Main support: usage foundation: 66.7; data quality: 65.7. Main caution: role and availability context: 35.0; projection strength: 37.2.,,role and availability context: 35.0; projection strength: 37.2; missing signal count: 5,nan,weather not sourced; live role/injury gates not ready; defense fit limited; game environment limited,BLOCKED_DATA
,J.Wilson,MIA,,RB,"receiving, rushing",48.51,WATCH,WATCH at 48.5. Main support: usage foundation: 66.7; data quality: 65.7. Main caution: role and availability context: 35.0; projection strength: 36.9.,,role and availability context: 35.0; projection strength: 36.9; missing signal count: 5,nan,weather not sourced; live role/injury gates not ready; defense fit limited; game environment limited,BLOCKED_DATA
,T.Kroft,MIA,,TE,receiving,48.49,WATCH,WATCH at 48.5. Main support: usage foundation: 66.7; data quality: 65.7. Main caution: role and availability context: 35.0; projection strength: 36.9.,,role and availability context: 35.0; projection strength: 36.9; missing signal count: 5,nan,weather not sourced; live role/injury gates not ready; defense fit limited; game environment limited,BLOCKED_DATA
,C.Stroud,HOU,KC,QB,"rushing, passing",48.35,WATCH,WATCH at 48.4. Main support: usage foundation: 66.7; data quality: 65.7. Main caution: role and availability context: 35.0; projection strength: 36.6.,,role and availability context: 35.0; projection strength: 36.6; missing signal count: 5,nan,weather not sourced; live role/injury gates not ready; defense fit limited; game environment limited,BLOCKED_DATA
,R.Dwelley,ATL,,TE,receiving,48.34,WATCH,WATCH at 48.3. Main support: usage foundation: 66.7; data quality: 65.7. Main caution: role and availability context: 35.0; projection strength: 36.6.,,role and availability context: 35.0; projection strength: 36.6; missing signal count: 5,nan,weather not sourced; live role/injury gates not ready; defense fit limited; game environment limited,BLOCKED_DATA
,D.Young,SEA,,WR,receiving,48.2,WATCH,WATCH at 48.2. Main support: usage foundation: 66.7; data quality: 65.7. Main caution: role and availability context: 35.0; projection strength: 36.2.,,role and availability context: 35.0; projection strength: 36.2; missing signal count: 5,nan,weather not sourced; live role/injury gates not ready; defense fit limited; game environment limited,BLOCKED_DATA
,S.McKeon,DAL,,TE,receiving,48.06,WATCH,WATCH at 48.1. Main support: usage foundation: 66.7; data quality: 65.7. Main caution: role and availability context: 35.0; projection strength: 35.9.,,role and availability context: 35.0; projection strength: 35.9; missing signal count: 5,nan,weather not sourced; live role/injury gates not ready; defense fit limited; game environment limited,BLOCKED_DATA
,D.Daniels,DET,,TE,receiving,47.99,WATCH,WATCH at 48.0. Main support: usage foundation: 66.7; data quality: 65.7. Main caution: role and availability context: 35.0; projection strength: 35.7.,,role and availability context: 35.0; projection strength: 35.7; missing signal count: 5,nan,weather not sourced; live role/injury gates not ready; defense fit limited; game environment limited,BLOCKED_DATA
,B.Rypien,LA,GB,QB,rushing,47.86,WATCH,WATCH at 47.9. Main support: usage foundation: 66.7; data quality: 65.7. Main caution: role and availability context: 35.0; projection strength: 35.5.,,role and availability context: 35.0; projection strength: 35.5; missing signal count: 5,nan,weather not sourced; live role/injury gates not ready; defense fit limited; game environment limited,BLOCKED_DATA
,J.Tonges,SF,,TE,receiving,47.84,WATCH,WATCH at 47.8. Main support: usage foundation: 66.7; data quality: 65.7. Main caution: role and availability context: 35.0; projection strength: 35.4.,,role and availability context: 35.0; projection strength: 35.4; missing signal count: 5,nan,weather not sourced; live role/injury gates not ready; defense fit limited; game environment limited,BLOCKED_DATA
,I.Charles,NYJ,,WR,receiving,47.77,WATCH,WATCH at 47.8. Main support: usage foundation: 66.7; data quality: 65.7. Main caution: role and availability context: 35.0; projection strength: 35.2.,,role and availability context: 35.0; projection strength: 35.2; missing signal count: 5,nan,weather not sourced; live role/injury gates not ready; defense fit limited; game environment limited,BLOCKED_DATA
,J.Love,GB,PHI,QB,"rushing, passing",47.72,WATCH,WATCH at 47.7. Main support: usage foundation: 66.7; data quality: 65.7. Main caution: role and availability context: 35.0; projection strength: 35.1.,,role and availability context: 35.0; projection strength: 35.1; missing signal count: 5,nan,weather not sourced; live role/injury gates not ready; defense fit limited; game environment limited,BLOCKED_DATA
00-0035282,E.Stick,LAC,KC,QB,passing,47.68,WATCH,WATCH at 47.7. Main support: recent form: 99.7; opponent defense fit: 96.3. Main caution: projection strength: 11.1; usage foundation: 33.3.,,projection strength: 11.1; usage foundation: 33.3; role and availability context: 35.0,nan,weather not sourced; live role/injury gates not ready,BLOCKED_DATA
,G.Ricci,CAR,,TE,receiving,47.66,WATCH,WATCH at 47.7. Main support: usage foundation: 66.7; data quality: 65.7. Main caution: projection strength: 35.0; role and availability context: 35.0.,,projection strength: 35.0; role and availability context: 35.0; missing signal count: 5,nan,weather not sourced; live role/injury gates not ready; defense fit limited; game environment limited,BLOCKED_DATA
,A.Firkser,KC,,TE,receiving,47.63,WATCH,WATCH at 47.6. Main support: usage foundation: 66.7; data quality: 65.7. Main caution: projection strength: 34.9; role and availability context: 35.0.,,projection strength: 34.9; role and availability context: 35.0; missing signal count: 5,nan,weather not sourced; live role/injury gates not ready; defense fit limited; game environment limited,BLOCKED_DATA
,S.Vaki,DET,,RB,"receiving, rushing",47.48,WATCH,WATCH at 47.5. Main support: usage foundation: 66.7; data quality: 65.7. Main caution: projection strength: 34.6; role and availability context: 35.0.,,projection strength: 34.6; role and availability context: 35.0; missing signal count: 5,nan,weather not sourced; live role/injury gates not ready; defense fit limited; game environment limited,BLOCKED_DATA
,M.Boone,CAR,,RB,"receiving, rushing",47.41,WATCH,WATCH at 47.4. Main support: usage foundation: 66.7; data quality: 65.7. Main caution: projection strength: 34.4; role and availability context: 35.0.,,projection strength: 34.4; role and availability context: 35.0; missing signal count: 5,nan,weather not sourced; live role/injury gates not ready; defense fit limited; game environment limited,BLOCKED_DATA
,G.Everett,CHI,,TE,receiving,47.39,WATCH,WATCH at 47.4. Main support: usage foundation: 66.7; data quality: 65.7. Main caution: projection strength: 34.4; role and availability context: 35.0.,,projection strength: 34.4; role and availability context: 35.0; missing signal count: 5,nan,weather not sourced; live role/injury gates not ready; defense fit limited; game environment limited,BLOCKED_DATA
,J.Bell,NE,,TE,receiving,47.27,WATCH,WATCH at 47.3. Main support: usage foundation: 66.7; data quality: 65.7. Main caution: projection strength: 34.1; role and availability context: 35.0.,,projection strength: 34.1; role and availability context: 35.0; missing signal count: 5,nan,weather not sourced; live role/injury gates not ready; defense fit limited; game environment limited,BLOCKED_DATA
,K.Rader,TEN,,TE,receiving,47.12,WATCH,WATCH at 47.1. Main support: usage foundation: 66.7; data quality: 65.7. Main caution: projection strength: 33.8; role and availability context: 35.0.,,projection strength: 33.8; role and availability context: 35.0; missing signal count: 5,nan,weather not sourced; live role/injury gates not ready; defense fit limited; game environment limited,BLOCKED_DATA
,T.McKitty,LAC,,TE,receiving,47.09,WATCH,WATCH at 47.1. Main support: usage foundation: 66.7; data quality: 65.7. Main caution: projection strength: 33.7; role and availability context: 35.0.,,projection strength: 33.7; role and availability context: 35.0; missing signal count: 5,nan,weather not sourced; live role/injury gates not ready; defense fit limited; game environment limited,BLOCKED_DATA
,S.Anderson,LAC,,TE,receiving,47.09,WATCH,WATCH at 47.1. Main support: usage foundation: 66.7; data quality: 65.7. Main caution: projection strength: 33.7; role and availability context: 35.0.,,projection strength: 33.7; role and availability context: 35.0; missing signal count: 5,nan,weather not sourced; live role/injury gates not ready; defense fit limited; game environment limited,BLOCKED_DATA
,J.Hill,MIA,,TE,receiving,46.91,WATCH,WATCH at 46.9. Main support: usage foundation: 66.7; data quality: 65.7. Main caution: projection strength: 33.3; role and availability context: 35.0.,,projection strength: 33.3; role and availability context: 35.0; missing signal count: 5,nan,weather not sourced; live role/injury gates not ready; defense fit limited; game environment limited,BLOCKED_DATA
,D.Ogunbowale,HOU,,RB,"receiving, rushing",46.87,WATCH,WATCH at 46.9. Main support: usage foundation: 66.7; data quality: 65.7. Main caution: projection strength: 33.2; role and availability context: 35.0.,,projection strength: 33.2; role and availability context: 35.0; missing signal count: 5,nan,weather not sourced; live role/injury gates not ready; defense fit limited; game environment limited,BLOCKED_DATA
,C.Woerner,ATL,,TE,receiving,46.84,WATCH,WATCH at 46.8. Main support: usage foundation: 66.7; data quality: 65.7. Main caution: projection strength: 33.1; role and availability context: 35.0.,,projection strength: 33.1; role and availability context: 35.0; missing signal count: 5,nan,weather not sourced; live role/injury gates not ready; defense fit limited; game environment limited,BLOCKED_DATA
,B.Spann-Ford,DAL,,TE,receiving,46.62,WATCH,WATCH at 46.6. Main support: usage foundation: 66.7; data quality: 65.7. Main caution: projection strength: 32.6; role and availability context: 35.0.,,projection strength: 32.6; role and availability context: 35.0; missing signal count: 5,nan,weather not sourced; live role/injury gates not ready; defense fit limited; game environment limited,BLOCKED_DATA
,E.Tomlinson,LAC,,TE,receiving,46.43,WATCH,WATCH at 46.4. Main support: usage foundation: 66.7; data quality: 65.7. Main caution: projection strength: 32.2; role and availability context: 35.0.,,projection strength: 32.2; role and availability context: 35.0; missing signal count: 5,nan,weather not sourced; live role/injury gates not ready; defense fit limited; game environment limited,BLOCKED_DATA
,T.Siemian,NYJ,NE,QB,rushing,46.39,WATCH,WATCH at 46.4. Main support: usage foundation: 66.7; data quality: 65.7. Main caution: projection strength: 32.1; role and availability context: 35.0.,,projection strength: 32.1; role and availability context: 35.0; missing signal count: 5,nan,weather not sourced; live role/injury gates not ready; defense fit limited; game environment limited,BLOCKED_DATA
,H.Luepke,DAL,,RB,"receiving, rushing",46.34,WATCH,WATCH at 46.3. Main support: usage foundation: 66.7; data quality: 65.7. Main caution: projection strength: 32.0; role and availability context: 35.0.,,projection strength: 32.0; role and availability context: 35.0; missing signal count: 5,nan,weather not sourced; live role/injury gates not ready; defense fit limited; game environment limited,BLOCKED_DATA
,D.Smythe,MIA,,TE,receiving,46.29,WATCH,WATCH at 46.3. Main support: usage foundation: 66.7; data quality: 65.7. Main caution: projection strength: 31.9; role and availability context: 35.0.,,projection strength: 31.9; role and availability context: 35.0; missing signal count: 5,nan,weather not sourced; live role/injury gates not ready; defense fit limited; game environment limited,BLOCKED_DATA
,S.Perine,KC,,RB,"receiving, rushing",46.23,WATCH,WATCH at 46.2. Main support: usage foundation: 66.7; data quality: 65.7. Main caution: projection strength: 31.7; role and availability context: 35.0.,,projection strength: 31.7; role and availability context: 35.0; missing signal count: 5,nan,weather not sourced; live role/injury gates not ready; defense fit limited; game environment limited,BLOCKED_DATA
,C.Yankoff,WAS,,TE,receiving,46.19,WATCH,WATCH at 46.2. Main support: usage foundation: 66.7; data quality: 65.7. Main caution: projection strength: 31.6; role and availability context: 35.0.,,projection strength: 31.6; role and availability context: 35.0; missing signal count: 5,nan,weather not sourced; live role/injury gates not ready; defense fit limited; game environment limited,BLOCKED_DATA
,N.Peterman,CHI,LV,QB,rushing,46.16,WATCH,WATCH at 46.2. Main support: usage foundation: 66.7; data quality: 65.7. Main caution: projection strength: 31.6; role and availability context: 35.0.,,projection strength: 31.6; role and availability context: 35.0; missing signal count: 5,nan,weather not sourced; live role/injury gates not ready; defense fit limited; game environment limited,BLOCKED_DATA
,J.Shorter,LV,,TE,receiving,45.69,WATCH,WATCH at 45.7. Main support: usage foundation: 66.7; data quality: 65.7. Main caution: projection strength: 30.5; role and availability context: 35.0.,,projection strength: 30.5; role and availability context: 35.0; missing signal count: 5,nan,weather not sourced; live role/injury gates not ready; defense fit limited; game environment limited,BLOCKED_DATA
,J.Baker,NE,,WR,receiving,45.47,WATCH,WATCH at 45.5. Main support: usage foundation: 66.7; data quality: 65.7. Main caution: projection strength: 30.0; role and availability context: 35.0.,,projection strength: 30.0; role and availability context: 35.0; missing signal count: 5,nan,weather not sourced; live role/injury gates not ready; defense fit limited; game environment limited,BLOCKED_DATA
,J.Garoppolo,LA,SEA,QB,"rushing, passing",45.36,WATCH,WATCH at 45.4. Main support: usage foundation: 66.7; data quality: 65.7. Main caution: projection strength: 29.7; role and availability context: 35.0.,,projection strength: 29.7; role and availability context: 35.0; missing signal count: 5,nan,weather not sourced; live role/injury gates not ready; defense fit limited; game environment limited,BLOCKED_DATA
,C.Rush,DAL,PHI,QB,rushing,45.26,WATCH,WATCH at 45.3. Main support: usage foundation: 66.7; data quality: 65.7. Main caution: projection strength: 29.5; role and availability context: 35.0.,,projection strength: 29.5; role and availability context: 35.0; missing signal count: 5,nan,weather not sourced; live role/injury gates not ready; defense fit limited; game environment limited,BLOCKED_DATA
,D.Dallas,ARI,,RB,"receiving, rushing",45.2,WATCH,WATCH at 45.2. Main support: usage foundation: 66.7; data quality: 65.7. Main caution: projection strength: 29.4; role and availability context: 35.0.,,projection strength: 29.4; role and availability context: 35.0; missing signal count: 5,nan,weather not sourced; live role/injury gates not ready; defense fit limited; game environment limited,BLOCKED_DATA
,K.Kieft,TB,,TE,receiving,45.06,WATCH,WATCH at 45.1. Main support: usage foundation: 66.7; data quality: 65.7. Main caution: projection strength: 29.1; role and availability context: 35.0.,,projection strength: 29.1; role and availability context: 35.0; missing signal count: 5,nan,weather not sourced; live role/injury gates not ready; defense fit limited; game environment limited,BLOCKED_DATA
,G.Dulcich,NYG,,TE,receiving,45.0,WATCH,WATCH at 45.0. Main support: usage foundation: 66.7; data quality: 65.7. Main caution: projection strength: 28.9; role and availability context: 35.0.,,projection strength: 28.9; role and availability context: 35.0; missing signal count: 5,nan,weather not sourced; live role/injury gates not ready; defense fit limited; game environment limited,BLOCKED_DATA
,P.Walker,CLE,DEN,QB,rushing,44.92,WATCH,WATCH at 44.9. Main support: usage foundation: 66.7; data quality: 65.7. Main caution: projection strength: 28.7; role and availability context: 35.0.,,projection strength: 28.7; role and availability context: 35.0; missing signal count: 5,nan,weather not sourced; live role/injury gates not ready; defense fit limited; game environment limited,BLOCKED_DATA
,B.Bell,KC,,TE,receiving,44.83,WATCH,WATCH at 44.8. Main support: usage foundation: 66.7; data quality: 65.7. Main caution: projection strength: 28.5; role and availability context: 35.0.,,projection strength: 28.5; role and availability context: 35.0; missing signal count: 5,nan,weather not sourced; live role/injury gates not ready; defense fit limited; game environment limited,BLOCKED_DATA
,P.Fant,DAL,,TE,receiving,44.61,WATCH,WATCH at 44.6. Main support: usage foundation: 66.7; data quality: 65.7. Main caution: projection strength: 28.0; role and availability context: 35.0.,,projection strength: 28.0; role and availability context: 35.0; missing signal count: 5,nan,weather not sourced; live role/injury gates not ready; defense fit limited; game environment limited,BLOCKED_DATA
,R.Blackshear,CAR,,RB,"receiving, rushing",44.59,WATCH,WATCH at 44.6. Main support: usage foundation: 66.7; data quality: 65.7. Main caution: projection strength: 28.0; role and availability context: 35.0.,,projection strength: 28.0; role and availability context: 35.0; missing signal count: 5,nan,weather not sourced; live role/injury gates not ready; defense fit limited; game environment limited,BLOCKED_DATA
,T.Homer,CHI,,RB,"receiving, rushing",44.59,WATCH,WATCH at 44.6. Main support: usage foundation: 66.7; data quality: 65.7. Main caution: projection strength: 28.0; role and availability context: 35.0.,,projection strength: 28.0; role and availability context: 35.0; missing signal count: 5,nan,weather not sourced; live role/injury gates not ready; defense fit limited; game environment limited,BLOCKED_DATA
,W.Mallory,IND,,TE,receiving,44.54,WATCH,WATCH at 44.5. Main support: usage foundation: 66.7; data quality: 65.7. Main caution: projection strength: 27.9; role and availability context: 35.0.,,projection strength: 27.9; role and availability context: 35.0; missing signal count: 5,nan,weather not sourced; live role/injury gates not ready; defense fit limited; game environment limited,BLOCKED_DATA
,V.Jones,CAR,,RB,"receiving, rushing",44.43,WATCH,WATCH at 44.4. Main support: usage foundation: 66.7; data quality: 65.7. Main caution: projection strength: 27.6; role and availability context: 35.0.,,projection strength: 27.6; role and availability context: 35.0; missing signal count: 5,nan,weather not sourced; live role/injury gates not ready; defense fit limited; game environment limited,BLOCKED_DATA
,K.Cousins,ATL,LV,QB,"rushing, passing",44.36,WATCH,WATCH at 44.4. Main support: usage foundation: 66.7; data quality: 65.7. Main caution: projection strength: 27.5; role and availability context: 35.0.,,projection strength: 27.5; role and availability context: 35.0; missing signal count: 5,nan,weather not sourced; live role/injury gates not ready; defense fit limited; game environment limited,BLOCKED_DATA
,S.Howell,SEA,GB,QB,"rushing, passing",44.18,WATCH,WATCH at 44.2. Main support: usage foundation: 66.7; data quality: 65.7. Main caution: projection strength: 27.0; role and availability context: 35.0.,,projection strength: 27.0; role and availability context: 35.0; missing signal count: 5,nan,weather not sourced; live role/injury gates not ready; defense fit limited; game environment limited,BLOCKED_DATA
,J.Ward,PIT,,RB,"receiving, rushing",44.1,WATCH,WATCH at 44.1. Main support: usage foundation: 66.7; data quality: 65.7. Main caution: projection strength: 26.9; role and availability context: 35.0.,,projection strength: 26.9; role and availability context: 35.0; missing signal count: 5,nan,weather not sourced; live role/injury gates not ready; defense fit limited; game environment limited,BLOCKED_DATA
,J.Polk,NE,,WR,receiving,44.04,WATCH,WATCH at 44.0. Main support: usage foundation: 66.7; data quality: 65.7. Main caution: projection strength: 26.7; role and availability context: 35.0.,,projection strength: 26.7; role and availability context: 35.0; missing signal count: 5,nan,weather not sourced; live role/injury gates not ready; defense fit limited; game environment limited,BLOCKED_DATA
,C.Keenum,HOU,CLE,QB,"rushing, passing",44.0,WATCH,WATCH at 44.0. Main support: usage foundation: 66.7; data quality: 65.7. Main caution: projection strength: 26.6; role and availability context: 35.0.,,projection strength: 26.6; role and availability context: 35.0; missing signal count: 5,nan,weather not sourced; live role/injury gates not ready; defense fit limited; game environment limited,BLOCKED_DATA
,H.Pearson,GB,,TE,receiving,43.97,WATCH,WATCH at 44.0. Main support: usage foundation: 66.7; data quality: 65.7. Main caution: projection strength: 26.6; role and availability context: 35.0.,,projection strength: 26.6; role and availability context: 35.0; missing signal count: 5,nan,weather not sourced; live role/injury gates not ready; defense fit limited; game environment limited,BLOCKED_DATA
00-0031345,J.Garoppolo,LA,SEA,QB,passing,43.96,WATCH,WATCH at 44.0. Main support: recent form: 97.4; data quality: 79.0. Main caution: projection strength: 14.8; usage foundation: 33.3.,,projection strength: 14.8; usage foundation: 33.3; role and availability context: 35.0,nan,weather not sourced; live role/injury gates not ready; game environment limited,BLOCKED_DATA
,K.Toney,CLE,,WR,receiving,43.89,WATCH,WATCH at 43.9. Main support: usage foundation: 66.7; data quality: 65.7. Main caution: projection strength: 26.4; role and availability context: 35.0.,,projection strength: 26.4; role and availability context: 35.0; missing signal count: 5,nan,weather not sourced; live role/injury gates not ready; defense fit limited; game environment limited,BLOCKED_DATA
00-0039376,S.Rattler,NO,TB,QB,passing,43.83,WATCH,WATCH at 43.8. Main support: recent form: 99.1; opponent defense fit: 96.3. Main caution: projection strength: 7.4; usage foundation: 33.3.,,projection strength: 7.4; usage foundation: 33.3; role and availability context: 35.0,nan,weather not sourced; live role/injury gates not ready; game environment limited,BLOCKED_DATA
,C.Schrader,LA,,RB,"receiving, rushing",43.76,WATCH,WATCH at 43.8. Main support: usage foundation: 66.7; data quality: 65.7. Main caution: projection strength: 26.1; role and availability context: 35.0.,,projection strength: 26.1; role and availability context: 35.0; missing signal count: 5,nan,weather not sourced; live role/injury gates not ready; defense fit limited; game environment limited,BLOCKED_DATA
,G.Brightwell,CLE,,RB,"receiving, rushing",43.49,WATCH,WATCH at 43.5. Main support: usage foundation: 66.7; data quality: 65.7. Main caution: projection strength: 25.5; role and availability context: 35.0.,,projection strength: 25.5; role and availability context: 35.0; missing signal count: 5,nan,weather not sourced; live role/injury gates not ready; defense fit limited; game environment limited,BLOCKED_DATA
,J.Stidham,DEN,KC,QB,rushing,43.47,WATCH,WATCH at 43.5. Main support: usage foundation: 66.7; data quality: 65.7. Main caution: projection strength: 25.4; role and availability context: 35.0.,,projection strength: 25.4; role and availability context: 35.0; missing signal count: 5,nan,weather not sourced; live role/injury gates not ready; defense fit limited; game environment limited,BLOCKED_DATA
,C.Uzomah,PHI,,TE,receiving,43.47,WATCH,WATCH at 43.5. Main support: usage foundation: 66.7; data quality: 65.7. Main caution: projection strength: 25.4; role and availability context: 35.0.,,projection strength: 25.4; role and availability context: 35.0; missing signal count: 5,nan,weather not sourced; live role/injury gates not ready; defense fit limited; game environment limited,BLOCKED_DATA
,J.Hasty,NE,,RB,"receiving, rushing",43.45,WATCH,WATCH at 43.5. Main support: usage foundation: 66.7; data quality: 65.7. Main caution: projection strength: 25.4; role and availability context: 35.0.,,projection strength: 25.4; role and availability context: 35.0; missing signal count: 5,nan,weather not sourced; live role/injury gates not ready; defense fit limited; game environment limited,BLOCKED_DATA
,A.Shampklin,PIT,,RB,"receiving, rushing",43.29,WATCH,WATCH at 43.3. Main support: usage foundation: 66.7; data quality: 65.7. Main caution: projection strength: 25.0; role and availability context: 35.0.,,projection strength: 25.0; role and availability context: 35.0; missing signal count: 5,nan,weather not sourced; live role/injury gates not ready; defense fit limited; game environment limited,BLOCKED_DATA
,Q.Morris,BUF,,TE,receiving,43.22,WATCH,WATCH at 43.2. Main support: usage foundation: 66.7; data quality: 65.7. Main caution: projection strength: 24.8; role and availability context: 35.0.,,projection strength: 24.8; role and availability context: 35.0; missing signal count: 5,nan,weather not sourced; live role/injury gates not ready; defense fit limited; game environment limited,BLOCKED_DATA
,P.Hesse,ATL,,TE,receiving,43.18,WATCH,WATCH at 43.2. Main support: usage foundation: 66.7; data quality: 65.7. Main caution: projection strength: 24.8; role and availability context: 35.0.,,projection strength: 24.8; role and availability context: 35.0; missing signal count: 5,nan,weather not sourced; live role/injury gates not ready; defense fit limited; game environment limited,BLOCKED_DATA
,D.Allen,LA,,TE,receiving,43.15,WATCH,WATCH at 43.1. Main support: usage foundation: 66.7; data quality: 65.7. Main caution: projection strength: 24.7; role and availability context: 35.0.,,projection strength: 24.7; role and availability context: 35.0; missing signal count: 5,nan,weather not sourced; live role/injury gates not ready; defense fit limited; game environment limited,BLOCKED_DATA
,T.McKee,PHI,NYG,QB,rushing,43.11,WATCH,WATCH at 43.1. Main support: usage foundation: 66.7; data quality: 65.7. Main caution: projection strength: 24.6; role and availability context: 35.0.,,projection strength: 24.6; role and availability context: 35.0; missing signal count: 5,nan,weather not sourced; live role/injury gates not ready; defense fit limited; game environment limited,BLOCKED_DATA
,J.Ross,KC,,WR,receiving,43.11,WATCH,WATCH at 43.1. Main support: usage foundation: 66.7; data quality: 65.7. Main caution: projection strength: 24.6; role and availability context: 35.0.,,projection strength: 24.6; role and availability context: 35.0; missing signal count: 5,nan,weather not sourced; live role/injury gates not ready; defense fit limited; game environment limited,BLOCKED_DATA
,E.Gray,NYG,,RB,"receiving, rushing",43.08,WATCH,WATCH at 43.1. Main support: usage foundation: 66.7; data quality: 65.7. Main caution: projection strength: 24.5; role and availability context: 35.0.,,projection strength: 24.5; role and availability context: 35.0; missing signal count: 5,nan,weather not sourced; live role/injury gates not ready; defense fit limited; game environment limited,BLOCKED_DATA
,F.Franks,CAR,,TE,receiving,43.04,WATCH,WATCH at 43.0. Main support: usage foundation: 66.7; data quality: 65.7. Main caution: projection strength: 24.4; role and availability context: 35.0.,,projection strength: 24.4; role and availability context: 35.0; missing signal count: 5,nan,weather not sourced; live role/injury gates not ready; defense fit limited; game environment limited,BLOCKED_DATA
,T.Taylor,NYJ,BUF,QB,rushing,42.96,WATCH,WATCH at 43.0. Main support: usage foundation: 66.7; data quality: 65.7. Main caution: projection strength: 24.2; role and availability context: 35.0.,,projection strength: 24.2; role and availability context: 35.0; missing signal count: 5,nan,weather not sourced; live role/injury gates not ready; defense fit limited; game environment limited,BLOCKED_DATA
,M.Trubisky,BUF,DEN,QB,rushing,42.93,WATCH,WATCH at 42.9. Main support: usage foundation: 66.7; data quality: 65.7. Main caution: projection strength: 24.2; role and availability context: 35.0.,,projection strength: 24.2; role and availability context: 35.0; missing signal count: 5,nan,weather not sourced; live role/injury gates not ready; defense fit limited; game environment limited,BLOCKED_DATA
,A.Armah,WAS,,RB,receiving,42.88,WATCH,WATCH at 42.9. Main support: usage foundation: 66.7; data quality: 65.7. Main caution: projection strength: 24.1; role and availability context: 35.0.,,projection strength: 24.1; role and availability context: 35.0; missing signal count: 5,nan,weather not sourced; live role/injury gates not ready; defense fit limited; game environment limited,BLOCKED_DATA
,K.Ingram,KC,,RB,"receiving, rushing",42.8,WATCH,WATCH at 42.8. Main support: usage foundation: 66.7; data quality: 65.7. Main caution: projection strength: 23.9; role and availability context: 35.0.,,projection strength: 23.9; role and availability context: 35.0; missing signal count: 5,nan,weather not sourced; live role/injury gates not ready; defense fit limited; game environment limited,BLOCKED_DATA
,M.Penix,ATL,CAR,QB,rushing,42.75,WATCH,WATCH at 42.8. Main support: usage foundation: 66.7; data quality: 65.7. Main caution: projection strength: 23.8; role and availability context: 35.0.,,projection strength: 23.8; role and availability context: 35.0; missing signal count: 5,nan,weather not sourced; live role/injury gates not ready; defense fit limited; game environment limited,BLOCKED_DATA
,D.Martin-Robinson,TEN,,TE,receiving,42.6,WATCH,WATCH at 42.6. Main support: usage foundation: 66.7; data quality: 65.7. Main caution: projection strength: 23.4; role and availability context: 35.0.,,projection strength: 23.4; role and availability context: 35.0; missing signal count: 5,nan,weather not sourced; live role/injury gates not ready; defense fit limited; game environment limited,BLOCKED_DATA
,K.Vaughn,SF,,RB,"receiving, rushing",42.47,WATCH,WATCH at 42.5. Main support: usage foundation: 66.7; data quality: 65.7. Main caution: projection strength: 23.1; role and availability context: 35.0.,,projection strength: 23.1; role and availability context: 35.0; missing signal count: 5,nan,weather not sourced; live role/injury gates not ready; defense fit limited; game environment limited,BLOCKED_DATA
,J.Stoll,PHI,,TE,receiving,42.46,WATCH,WATCH at 42.5. Main support: usage foundation: 66.7; data quality: 65.7. Main caution: projection strength: 23.1; role and availability context: 35.0.,,projection strength: 23.1; role and availability context: 35.0; missing signal count: 5,nan,weather not sourced; live role/injury gates not ready; defense fit limited; game environment limited,BLOCKED_DATA
,J.Brissett,NE,LAC,QB,rushing,42.14,WATCH,WATCH at 42.1. Main support: usage foundation: 66.7; data quality: 65.7. Main caution: projection strength: 22.4; role and availability context: 35.0.,,projection strength: 22.4; role and availability context: 35.0; missing signal count: 5,nan,weather not sourced; live role/injury gates not ready; defense fit limited; game environment limited,BLOCKED_DATA
,X.Weaver,ARI,,WR,receiving,42.11,WATCH,WATCH at 42.1. Main support: usage foundation: 66.7; data quality: 65.7. Main caution: projection strength: 22.3; role and availability context: 35.0.,,projection strength: 22.3; role and availability context: 35.0; missing signal count: 5,nan,weather not sourced; live role/injury gates not ready; defense fit limited; game environment limited,BLOCKED_DATA
,K.Pickett,PHI,KC,QB,rushing,42.03,WATCH,WATCH at 42.0. Main support: usage foundation: 66.7; data quality: 65.7. Main caution: projection strength: 22.1; role and availability context: 35.0.,,projection strength: 22.1; role and availability context: 35.0; missing signal count: 5,nan,weather not sourced; live role/injury gates not ready; defense fit limited; game environment limited,BLOCKED_DATA
,J.Wayne,HOU,,WR,receiving,41.89,WATCH,WATCH at 41.9. Main support: usage foundation: 66.7; data quality: 65.7. Main caution: projection strength: 21.8; role and availability context: 35.0.,,projection strength: 21.8; role and availability context: 35.0; missing signal count: 5,nan,weather not sourced; live role/injury gates not ready; defense fit limited; game environment limited,BLOCKED_DATA
,J.Wilson,PHI,,WR,receiving,41.82,WATCH,WATCH at 41.8. Main support: usage foundation: 66.7; data quality: 65.7. Main caution: projection strength: 21.6; role and availability context: 35.0.,,projection strength: 21.6; role and availability context: 35.0; missing signal count: 5,nan,weather not sourced; live role/injury gates not ready; defense fit limited; game environment limited,BLOCKED_DATA
,D.Ridder,LV,LAC,QB,rushing,41.82,WATCH,WATCH at 41.8. Main support: usage foundation: 66.7; data quality: 65.7. Main caution: projection strength: 21.6; role and availability context: 35.0.,,projection strength: 21.6; role and availability context: 35.0; missing signal count: 5,nan,weather not sourced; live role/injury gates not ready; defense fit limited; game environment limited,BLOCKED_DATA
,E.Ezukanma,MIA,,WR,receiving,41.75,WATCH,WATCH at 41.8. Main support: usage foundation: 66.7; data quality: 65.7. Main caution: projection strength: 21.5; role and availability context: 35.0.,,projection strength: 21.5; role and availability context: 35.0; missing signal count: 5,nan,weather not sourced; live role/injury gates not ready; defense fit limited; game environment limited,BLOCKED_DATA
,Z.Davidson,BUF,,TE,receiving,41.72,WATCH,WATCH at 41.7. Main support: usage foundation: 66.7; data quality: 65.7. Main caution: projection strength: 21.4; role and availability context: 35.0.,,projection strength: 21.4; role and availability context: 35.0; missing signal count: 5,nan,weather not sourced; live role/injury gates not ready; defense fit limited; game environment limited,BLOCKED_DATA
00-0033949,J.Dobbs,SF,ARI,QB,passing,41.56,WATCH,WATCH at 41.6. Main support: recent form: 99.0; data quality: 79.0. Main caution: projection strength: 18.5; usage foundation: 33.3.,,projection strength: 18.5; usage foundation: 33.3; role and availability context: 35.0,nan,weather not sourced; live role/injury gates not ready; game environment limited,BLOCKED_DATA
00-0039150,B.Young,CAR,ATL,QB,passing,41.38,WATCH,WATCH at 41.4. Main support: recent form: 99.2; opponent defense fit: 87.0. Main caution: projection strength: 3.7; usage foundation: 33.3.,,projection strength: 3.7; usage foundation: 33.3; role and availability context: 35.0,nan,weather not sourced; live role/injury gates not ready; game environment limited,BLOCKED_DATA
,G.Holani,SEA,,RB,"receiving, rushing",41.33,WATCH,WATCH at 41.3. Main support: usage foundation: 66.7; data quality: 65.7. Main caution: projection strength: 20.5; role and availability context: 35.0.,,projection strength: 20.5; role and availability context: 35.0; missing signal count: 5,nan,weather not sourced; live role/injury gates not ready; defense fit limited; game environment limited,BLOCKED_DATA
,S.Clifford,GB,MIN,QB,rushing,41.0,WATCH,WATCH at 41.0. Main support: usage foundation: 66.7; data quality: 65.7. Main caution: projection strength: 19.8; role and availability context: 35.0.,,projection strength: 19.8; role and availability context: 35.0; missing signal count: 5,nan,weather not sourced; live role/injury gates not ready; defense fit limited; game environment limited,BLOCKED_DATA
,B.Hoyer,LV,CHI,QB,rushing,40.84,WATCH,WATCH at 40.8. Main support: usage foundation: 66.7; data quality: 65.7. Main caution: projection strength: 19.4; role and availability context: 35.0.,,projection strength: 19.4; role and availability context: 35.0; missing signal count: 5,nan,weather not sourced; live role/injury gates not ready; defense fit limited; game environment limited,BLOCKED_DATA
,A.Okwuegbunam,PHI,,TE,receiving,40.67,WATCH,WATCH at 40.7. Main support: usage foundation: 66.7; data quality: 65.7. Main caution: projection strength: 19.0; role and availability context: 35.0.,,projection strength: 19.0; role and availability context: 35.0; missing signal count: 5,nan,weather not sourced; live role/injury gates not ready; defense fit limited; game environment limited,BLOCKED_DATA
,T.Williams,CIN,,RB,"receiving, rushing",40.35,WATCH,WATCH at 40.4. Main support: usage foundation: 66.7; data quality: 65.7. Main caution: projection strength: 18.3; role and availability context: 35.0.,,projection strength: 18.3; role and availability context: 35.0; missing signal count: 5,nan,weather not sourced; live role/injury gates not ready; defense fit limited; game environment limited,BLOCKED_DATA
,T.Bagent,CHI,MIN,QB,rushing,40.06,WATCH,WATCH at 40.1. Main support: usage foundation: 66.7; data quality: 65.7. Main caution: projection strength: 17.6; role and availability context: 35.0.,,projection strength: 17.6; role and availability context: 35.0; missing signal count: 5,nan,weather not sourced; live role/injury gates not ready; defense fit limited; game environment limited,BLOCKED_DATA
,T.Kennedy,DET,,WR,receiving,40.02,WATCH,WATCH at 40.0. Main support: usage foundation: 66.7; data quality: 65.7. Main caution: projection strength: 17.5; role and availability context: 35.0.,,projection strength: 17.5; role and availability context: 35.0; missing signal count: 5,nan,weather not sourced; live role/injury gates not ready; defense fit limited; game environment limited,BLOCKED_DATA
,A.McFarland,PIT,,RB,receiving,39.87,REVIEW,REVIEW at 39.9. Main support: usage foundation: 66.7; data quality: 65.7. Main caution: projection strength: 17.2; role and availability context: 35.0.,,projection strength: 17.2; role and availability context: 35.0; missing signal count: 5,nan,weather not sourced; live role/injury gates not ready; defense fit limited; game environment limited,BLOCKED_DATA
,K.Trask,TB,CAR,QB,rushing,39.34,REVIEW,REVIEW at 39.3. Main support: usage foundation: 66.7; data quality: 65.7. Main caution: projection strength: 16.0; role and availability context: 35.0.,,projection strength: 16.0; role and availability context: 35.0; missing signal count: 5,nan,weather not sourced; live role/injury gates not ready; defense fit limited; game environment limited,BLOCKED_DATA
,B.Berrios,MIA,,WR,receiving,39.16,REVIEW,REVIEW at 39.2. Main support: usage foundation: 66.7; data quality: 65.7. Main caution: projection strength: 15.6; role and availability context: 35.0.,,projection strength: 15.6; role and availability context: 35.0; missing signal count: 5,nan,weather not sourced; live role/injury gates not ready; defense fit limited; game environment limited,BLOCKED_DATA
,A.McCarron,CIN,CLE,QB,passing,38.98,REVIEW,REVIEW at 39.0. Main support: usage foundation: 66.7; data quality: 65.7. Main caution: projection strength: 15.2; role and availability context: 35.0.,,projection strength: 15.2; role and availability context: 35.0; missing signal count: 5,nan,weather not sourced; live role/injury gates not ready; defense fit limited; game environment limited,BLOCKED_DATA
,B.Brooks,HOU,,RB,"receiving, rushing",38.98,REVIEW,REVIEW at 39.0. Main support: usage foundation: 66.7; data quality: 65.7. Main caution: projection strength: 15.2; role and availability context: 35.0.,,projection strength: 15.2; role and availability context: 35.0; missing signal count: 5,nan,weather not sourced; live role/injury gates not ready; defense fit limited; game environment limited,BLOCKED_DATA
,G.Minshew,LV,DEN,QB,rushing,38.88,REVIEW,REVIEW at 38.9. Main support: usage foundation: 66.7; data quality: 65.7. Main caution: projection strength: 14.9; role and availability context: 35.0.,,projection strength: 14.9; role and availability context: 35.0; missing signal count: 5,nan,weather not sourced; live role/injury gates not ready; defense fit limited; game environment limited,BLOCKED_DATA
,K.Nwangwu,NYJ,,RB,"receiving, rushing",38.39,REVIEW,REVIEW at 38.4. Main support: usage foundation: 66.7; data quality: 65.7. Main caution: projection strength: 13.8; role and availability context: 35.0.,,projection strength: 13.8; role and availability context: 35.0; missing signal count: 5,nan,weather not sourced; live role/injury gates not ready; defense fit limited; game environment limited,BLOCKED_DATA
,M.Stafford,LA,PHI,QB,"rushing, passing",38.26,REVIEW,REVIEW at 38.3. Main support: usage foundation: 66.7; data quality: 65.7. Main caution: projection strength: 13.5; role and availability context: 35.0.,,projection strength: 13.5; role and availability context: 35.0; missing signal count: 5,nan,weather not sourced; live role/injury gates not ready; defense fit limited; game environment limited,BLOCKED_DATA
,E.Jenkins,PHI,,TE,receiving,38.23,REVIEW,REVIEW at 38.2. Main support: usage foundation: 66.7; data quality: 65.7. Main caution: projection strength: 13.4; role and availability context: 35.0.,,projection strength: 13.4; role and availability context: 35.0; missing signal count: 5,nan,weather not sourced; live role/injury gates not ready; defense fit limited; game environment limited,BLOCKED_DATA
,J.Fortson,KC,,TE,receiving,37.95,REVIEW,REVIEW at 38.0. Main support: usage foundation: 66.7; data quality: 65.7. Main caution: projection strength: 12.8; role and availability context: 35.0.,,projection strength: 12.8; role and availability context: 35.0; missing signal count: 5,nan,weather not sourced; live role/injury gates not ready; defense fit limited; game environment limited,BLOCKED_DATA
,C.Collier,LV,,RB,"receiving, rushing",37.9,REVIEW,REVIEW at 37.9. Main support: usage foundation: 66.7; data quality: 65.7. Main caution: projection strength: 12.7; role and availability context: 35.0.,,projection strength: 12.7; role and availability context: 35.0; missing signal count: 5,nan,weather not sourced; live role/injury gates not ready; defense fit limited; game environment limited,BLOCKED_DATA
,K.Johnson,TB,,WR,receiving,37.87,REVIEW,REVIEW at 37.9. Main support: usage foundation: 66.7; data quality: 65.7. Main caution: projection strength: 12.6; role and availability context: 35.0.,,projection strength: 12.6; role and availability context: 35.0; missing signal count: 5,nan,weather not sourced; live role/injury gates not ready; defense fit limited; game environment limited,BLOCKED_DATA
,C.Wentz,KC,DEN,QB,rushing,37.57,REVIEW,REVIEW at 37.6. Main support: usage foundation: 66.7; data quality: 65.7. Main caution: projection strength: 11.9; role and availability context: 35.0.,,projection strength: 11.9; role and availability context: 35.0; missing signal count: 5,nan,weather not sourced; live role/injury gates not ready; defense fit limited; game environment limited,BLOCKED_DATA
,S.Moore,KC,,WR,receiving,37.23,REVIEW,REVIEW at 37.2. Main support: usage foundation: 66.7; data quality: 65.7. Main caution: projection strength: 11.2; role and availability context: 35.0.,,projection strength: 11.2; role and availability context: 35.0; missing signal count: 5,nan,weather not sourced; live role/injury gates not ready; defense fit limited; game environment limited,BLOCKED_DATA
,A.Beck,HOU,,RB,"receiving, rushing",36.92,REVIEW,REVIEW at 36.9. Main support: usage foundation: 66.7; data quality: 65.7. Main caution: projection strength: 10.4; role and availability context: 35.0.,,projection strength: 10.4; role and availability context: 35.0; missing signal count: 5,nan,weather not sourced; live role/injury gates not ready; defense fit limited; game environment limited,BLOCKED_DATA
,D.Laube,LV,,RB,"receiving, rushing",36.62,REVIEW,REVIEW at 36.6. Main support: usage foundation: 66.7; data quality: 65.7. Main caution: projection strength: 9.8; role and availability context: 35.0.,,projection strength: 9.8; role and availability context: 35.0; missing signal count: 5,nan,weather not sourced; live role/injury gates not ready; defense fit limited; game environment limited,BLOCKED_DATA
,A.O'Connell,LV,LAC,QB,rushing,36.1,REVIEW,REVIEW at 36.1. Main support: usage foundation: 66.7; data quality: 65.7. Main caution: projection strength: 8.6; role and availability context: 35.0.,,projection strength: 8.6; role and availability context: 35.0; missing signal count: 5,nan,weather not sourced; live role/injury gates not ready; defense fit limited; game environment limited,BLOCKED_DATA
,J.Johnson,NYG,,RB,receiving,35.97,REVIEW,REVIEW at 36.0. Main support: usage foundation: 66.7; data quality: 65.7. Main caution: projection strength: 8.3; role and availability context: 35.0.,,projection strength: 8.3; role and availability context: 35.0; missing signal count: 5,nan,weather not sourced; live role/injury gates not ready; defense fit limited; game environment limited,BLOCKED_DATA
,T.Heinicke,LAC,NE,QB,rushing,35.6,REVIEW,REVIEW at 35.6. Main support: data quality: 65.7. Main caution: projection strength: 26.5; usage foundation: 33.3.,,projection strength: 26.5; usage foundation: 33.3; role and availability context: 35.0,nan,weather not sourced; live role/injury gates not ready; defense fit limited; game environment limited,BLOCKED_DATA
,M.Ibrahim,DET,,RB,receiving,35.49,REVIEW,REVIEW at 35.5. Main support: usage foundation: 66.7; data quality: 65.7. Main caution: projection strength: 7.2; role and availability context: 35.0.,,projection strength: 7.2; role and availability context: 35.0; missing signal count: 5,nan,weather not sourced; live role/injury gates not ready; defense fit limited; game environment limited,BLOCKED_DATA
,J.Browning,CIN,CLE,QB,rushing,35.4,REVIEW,REVIEW at 35.4. Main support: usage foundation: 66.7; data quality: 65.7. Main caution: projection strength: 7.0; role and availability context: 35.0.,,projection strength: 7.0; role and availability context: 35.0; missing signal count: 5,nan,weather not sourced; live role/injury gates not ready; defense fit limited; game environment limited,BLOCKED_DATA
,K.Robinson,JAX,,RB,receiving,35.25,REVIEW,REVIEW at 35.2. Main support: usage foundation: 66.7; data quality: 65.7. Main caution: projection strength: 6.6; role and availability context: 35.0.,,projection strength: 6.6; role and availability context: 35.0; missing signal count: 5,nan,weather not sourced; live role/injury gates not ready; defense fit limited; game environment limited,BLOCKED_DATA
,G.Igwebuike,PIT,,RB,receiving,35.25,REVIEW,REVIEW at 35.2. Main support: usage foundation: 66.7; data quality: 65.7. Main caution: projection strength: 6.6; role and availability context: 35.0.,,projection strength: 6.6; role and availability context: 35.0; missing signal count: 5,nan,weather not sourced; live role/injury gates not ready; defense fit limited; game environment limited,BLOCKED_DATA
,S.Sullivan,CAR,,TE,receiving,34.93,REVIEW,REVIEW at 34.9. Main support: usage foundation: 66.7; data quality: 65.7. Main caution: projection strength: 5.9; role and availability context: 35.0.,,projection strength: 5.9; role and availability context: 35.0; missing signal count: 5,nan,weather not sourced; live role/injury gates not ready; defense fit limited; game environment limited,BLOCKED_DATA
,T.Hairston,HOU,,RB,receiving,34.84,REVIEW,REVIEW at 34.8. Main support: usage foundation: 66.7; data quality: 65.7. Main caution: projection strength: 5.7; role and availability context: 35.0.,,projection strength: 5.7; role and availability context: 35.0; missing signal count: 5,nan,weather not sourced; live role/injury gates not ready; defense fit limited; game environment limited,BLOCKED_DATA
,D.Miller,NYG,,RB,receiving,34.54,REVIEW,REVIEW at 34.5. Main support: usage foundation: 66.7; data quality: 65.7. Main caution: projection strength: 5.0; role and availability context: 35.0.,,projection strength: 5.0; role and availability context: 35.0; missing signal count: 5,nan,weather not sourced; live role/injury gates not ready; defense fit limited; game environment limited,BLOCKED_DATA
,D.Williams,TB,,RB,receiving,34.47,REVIEW,REVIEW at 34.5. Main support: usage foundation: 66.7; data quality: 65.7. Main caution: projection strength: 4.8; role and availability context: 35.0.,,projection strength: 4.8; role and availability context: 35.0; missing signal count: 5,nan,weather not sourced; live role/injury gates not ready; defense fit limited; game environment limited,BLOCKED_DATA
,M.Davis,DAL,,RB,receiving,34.33,REVIEW,REVIEW at 34.3. Main support: usage foundation: 66.7; data quality: 65.7. Main caution: projection strength: 4.5; role and availability context: 35.0.,,projection strength: 4.5; role and availability context: 35.0; missing signal count: 5,nan,weather not sourced; live role/injury gates not ready; defense fit limited; game environment limited,BLOCKED_DATA
,H.Hooker,DET,JAX,QB,rushing,34.32,REVIEW,REVIEW at 34.3. Main support: usage foundation: 66.7; data quality: 65.7. Main caution: projection strength: 4.5; role and availability context: 35.0.,,projection strength: 4.5; role and availability context: 35.0; missing signal count: 5,nan,weather not sourced; live role/injury gates not ready; defense fit limited; game environment limited,BLOCKED_DATA
,D.Washington,DEN,,RB,receiving,34.13,REVIEW,REVIEW at 34.1. Main support: usage foundation: 66.7; data quality: 65.7. Main caution: projection strength: 4.1; role and availability context: 35.0.,,projection strength: 4.1; role and availability context: 35.0; missing signal count: 5,nan,weather not sourced; live role/injury gates not ready; defense fit limited; game environment limited,BLOCKED_DATA
,B.Bates,CLE,,TE,receiving,33.93,REVIEW,REVIEW at 33.9. Main support: usage foundation: 66.7; data quality: 65.7. Main caution: projection strength: 3.6; role and availability context: 35.0.,,projection strength: 3.6; role and availability context: 35.0; missing signal count: 5,nan,weather not sourced; live role/injury gates not ready; defense fit limited; game environment limited,BLOCKED_DATA
,B.Willis,SF,,TE,receiving,33.28,REVIEW,REVIEW at 33.3. Main support: usage foundation: 66.7; data quality: 65.7. Main caution: projection strength: 2.1; role and availability context: 35.0.,,projection strength: 2.1; role and availability context: 35.0; missing signal count: 5,nan,weather not sourced; live role/injury gates not ready; defense fit limited; game environment limited,BLOCKED_DATA
,A.Prentice,NO,,RB,"receiving, rushing",32.34,REVIEW,REVIEW at 32.3. Main support: data quality: 65.7. Main caution: projection strength: 19.0; usage foundation: 33.3.,,projection strength: 19.0; usage foundation: 33.3; role and availability context: 35.0,nan,weather not sourced; live role/injury gates not ready; defense fit limited; game environment limited,BLOCKED_DATA
,J.Winston,CLE,KC,QB,rushing,31.2,REVIEW,REVIEW at 31.2. Main support: data quality: 65.7. Main caution: projection strength: 16.4; usage foundation: 33.3.,,projection strength: 16.4; usage foundation: 33.3; role and availability context: 35.0,nan,weather not sourced; live role/injury gates not ready; defense fit limited; game environment limited,BLOCKED_DATA
,A.Rodgers,NYJ,MIA,QB,rushing,31.03,REVIEW,REVIEW at 31.0. Main support: data quality: 65.7. Main caution: projection strength: 16.0; usage foundation: 33.3.,,projection strength: 16.0; usage foundation: 33.3; role and availability context: 35.0,nan,weather not sourced; live role/injury gates not ready; defense fit limited; game environment limited,BLOCKED_DATA
,C.Oladokun,KC,DEN,QB,rushing,29.73,REVIEW,REVIEW at 29.7. Main support: data quality: 65.7. Main caution: projection strength: 13.1; usage foundation: 33.3.,,projection strength: 13.1; usage foundation: 33.3; role and availability context: 35.0,nan,weather not sourced; live role/injury gates not ready; defense fit limited; game environment limited,BLOCKED_DATA
,K.Juszczyk,SF,,FB,receiving,29.55,REVIEW,REVIEW at 29.6. Main support: data quality: 65.7. Main caution: projection strength: 12.7; usage foundation: 33.3.,,projection strength: 12.7; usage foundation: 33.3; role and availability context: 35.0,nan,weather not sourced; live role/injury gates not ready; defense fit limited; game environment limited,BLOCKED_DATA
,J.Johnson,BAL,HOU,QB,rushing,29.22,REVIEW,REVIEW at 29.2. Main support: data quality: 65.7. Main caution: projection strength: 11.9; usage foundation: 33.3.,,projection strength: 11.9; usage foundation: 33.3; role and availability context: 35.0,nan,weather not sourced; live role/injury gates not ready; defense fit limited; game environment limited,BLOCKED_DATA
,B.Zappe,CLE,BAL,QB,rushing,28.75,REVIEW,REVIEW at 28.8. Main support: data quality: 65.7. Main caution: projection strength: 10.8; usage foundation: 33.3.,,projection strength: 10.8; usage foundation: 33.3; role and availability context: 35.0,nan,weather not sourced; live role/injury gates not ready; defense fit limited; game environment limited,BLOCKED_DATA
,B.VanSumeren,PHI,,RB,receiving,28.39,REVIEW,REVIEW at 28.4. Main support: data quality: 65.7. Main caution: projection strength: 10.0; usage foundation: 33.3.,,projection strength: 10.0; usage foundation: 33.3; role and availability context: 35.0,nan,weather not sourced; live role/injury gates not ready; defense fit limited; game environment limited,BLOCKED_DATA
,J.Haener,NO,WAS,QB,rushing,27.44,REVIEW,REVIEW at 27.4. Main support: data quality: 65.7. Main caution: projection strength: 7.8; usage foundation: 33.3.,,projection strength: 7.8; usage foundation: 33.3; role and availability context: 35.0,nan,weather not sourced; live role/injury gates not ready; defense fit limited; game environment limited,BLOCKED_DATA
,C.Ham,MIN,,FB,receiving,27.37,REVIEW,REVIEW at 27.4. Main support: data quality: 65.7. Main caution: projection strength: 7.7; usage foundation: 33.3.,,projection strength: 7.7; usage foundation: 33.3; role and availability context: 35.0,nan,weather not sourced; live role/injury gates not ready; defense fit limited; game environment limited,BLOCKED_DATA
,T.Boyle,NYG,BAL,QB,rushing,27.28,REVIEW,REVIEW at 27.3. Main support: data quality: 65.7. Main caution: projection strength: 7.5; usage foundation: 33.3.,,projection strength: 7.5; usage foundation: 33.3; role and availability context: 35.0,nan,weather not sourced; live role/injury gates not ready; defense fit limited; game environment limited,BLOCKED_DATA
,S.Thompson,MIA,SEA,QB,rushing,26.95,REVIEW,REVIEW at 26.9. Main support: data quality: 65.7. Main caution: projection strength: 6.7; usage foundation: 33.3.,,projection strength: 6.7; usage foundation: 33.3; role and availability context: 35.0,nan,weather not sourced; live role/injury gates not ready; defense fit limited; game environment limited,BLOCKED_DATA
,D.Mills,HOU,TEN,QB,rushing,26.79,REVIEW,REVIEW at 26.8. Main support: data quality: 65.7. Main caution: projection strength: 6.3; usage foundation: 33.3.,,projection strength: 6.3; usage foundation: 33.3; role and availability context: 35.0,nan,weather not sourced; live role/injury gates not ready; defense fit limited; game environment limited,BLOCKED_DATA
,A.Ingold,MIA,,FB,receiving,26.07,REVIEW,REVIEW at 26.1. Main support: data quality: 65.7. Main caution: projection strength: 4.7; usage foundation: 33.3.,,projection strength: 4.7; usage foundation: 33.3; role and availability context: 35.0,nan,weather not sourced; live role/injury gates not ready; defense fit limited; game environment limited,BLOCKED_DATA
,K.Allen,PIT,DAL,QB,rushing,25.65,REVIEW,REVIEW at 25.6. Main support: data quality: 65.7. Main caution: projection strength: 3.7; usage foundation: 33.3.,,projection strength: 3.7; usage foundation: 33.3; role and availability context: 35.0,nan,weather not sourced; live role/injury gates not ready; defense fit limited; game environment limited,BLOCKED_DATA
,A.Williams,ATL,,RB,receiving,25.62,REVIEW,REVIEW at 25.6. Main support: data quality: 65.7. Main caution: projection strength: 3.7; usage foundation: 33.3.,,projection strength: 3.7; usage foundation: 33.3; role and availability context: 35.0,nan,weather not sourced; live role/injury gates not ready; defense fit limited; game environment limited,BLOCKED_DATA
,B.Allen,SF,CHI,QB,rushing,25.48,REVIEW,REVIEW at 25.5. Main support: data quality: 65.7. Main caution: projection strength: 3.4; usage foundation: 33.3.,,projection strength: 3.4; usage foundation: 33.3; role and availability context: 35.0,nan,weather not sourced; live role/injury gates not ready; defense fit limited; game environment limited,BLOCKED_DATA
,M.Burton,DEN,,FB,receiving,25.24,REVIEW,REVIEW at 25.2. Main support: data quality: 65.7. Main caution: projection strength: 2.8; usage foundation: 33.3.,,projection strength: 2.8; usage foundation: 33.3; role and availability context: 35.0,nan,weather not sourced; live role/injury gates not ready; defense fit limited; game environment limited,BLOCKED_DATA
,J.Kelly,BAL,,RB,receiving,24.84,REVIEW,REVIEW at 24.8. Main support: data quality: 65.7. Main caution: projection strength: 1.9; usage foundation: 33.3.,,projection strength: 1.9; usage foundation: 33.3; role and availability context: 35.0,nan,weather not sourced; live role/injury gates not ready; defense fit limited; game environment limited,BLOCKED_DATA
,M.White,BUF,NE,QB,rushing,24.83,REVIEW,REVIEW at 24.8. Main support: data quality: 65.7. Main caution: projection strength: 1.9; usage foundation: 33.3.,,projection strength: 1.9; usage foundation: 33.3; role and availability context: 35.0,nan,weather not sourced; live role/injury gates not ready; defense fit limited; game environment limited,BLOCKED_DATA
,J.Cabinda,DET,,FB,receiving,24.77,REVIEW,REVIEW at 24.8. Main support: data quality: 65.7. Main caution: projection strength: 1.7; usage foundation: 33.3.,,projection strength: 1.7; usage foundation: 33.3; role and availability context: 35.0,nan,weather not sourced; live role/injury gates not ready; defense fit limited; game environment limited,BLOCKED_DATA
,J.Matthews,CAR,,TE,receiving,24.7,REVIEW,REVIEW at 24.7. Main support: data quality: 65.7. Main caution: projection strength: 1.6; usage foundation: 33.3.,,projection strength: 1.6; usage foundation: 33.3; role and availability context: 35.0,nan,weather not sourced; live role/injury gates not ready; defense fit limited; game environment limited,BLOCKED_DATA
,T.Bridgewater,DET,WAS,QB,rushing,24.67,REVIEW,REVIEW at 24.7. Main support: data quality: 65.7. Main caution: projection strength: 1.5; usage foundation: 33.3.,,projection strength: 1.5; usage foundation: 33.3; role and availability context: 35.0,nan,weather not sourced; live role/injury gates not ready; defense fit limited; game environment limited,BLOCKED_DATA
,K.Smith,ATL,,FB,receiving,24.63,REVIEW,REVIEW at 24.6. Main support: data quality: 65.7. Main caution: projection strength: 1.4; usage foundation: 33.3.,,projection strength: 1.4; usage foundation: 33.3; role and availability context: 35.0,nan,weather not sourced; live role/injury gates not ready; defense fit limited; game environment limited,BLOCKED_DATA
,B.Cupp,KC,,TE,receiving,24.56,REVIEW,REVIEW at 24.6. Main support: data quality: 65.7. Main caution: projection strength: 1.2; usage foundation: 33.3.,,projection strength: 1.2; usage foundation: 33.3; role and availability context: 35.0,nan,weather not sourced; live role/injury gates not ready; defense fit limited; game environment limited,BLOCKED_DATA
,C.Tune,ARI,SF,QB,rushing,24.5,REVIEW,REVIEW at 24.5. Main support: data quality: 65.7. Main caution: projection strength: 1.1; usage foundation: 33.3.,,projection strength: 1.1; usage foundation: 33.3; role and availability context: 35.0,nan,weather not sourced; live role/injury gates not ready; defense fit limited; game environment limited,BLOCKED_DATA
,P.Ricard,BAL,,FB,receiving,24.36,REVIEW,REVIEW at 24.4. Main support: data quality: 65.7. Main caution: projection strength: 0.8; usage foundation: 33.3.,,projection strength: 0.8; usage foundation: 33.3; role and availability context: 35.0,nan,weather not sourced; live role/injury gates not ready; defense fit limited; game environment limited,BLOCKED_DATA
,R.Gilliam,BUF,,FB,receiving,24.29,REVIEW,REVIEW at 24.3. Main support: data quality: 65.7. Main caution: projection strength: 0.6; usage foundation: 33.3.,,projection strength: 0.6; usage foundation: 33.3; role and availability context: 35.0,nan,weather not sourced; live role/injury gates not ready; defense fit limited; game environment limited,BLOCKED_DATA
,K.Blasingame,PHI,,FB,receiving,24.15,REVIEW,REVIEW at 24.1. Main support: data quality: 65.7. Main caution: projection strength: 0.3; usage foundation: 33.3.,,projection strength: 0.3; usage foundation: 33.3; role and availability context: 35.0,nan,weather not sourced; live role/injury gates not ready; defense fit limited; game environment limited,BLOCKED_DATA
