line,rank,player_name,team,opponent,position,calibrated_projection,model_over_probability,confidence_tier,flags,usage_status,notes
1.5,1,J.Taylor,IND,JAX,RB,14.714235572200463,0.9993570980504314,Medium,ROUTE_PROXY_UNVALIDATED|LOW_CURRENT_SAMPLE,HISTORICAL TEST ONLY,"Research only - no odds, edge, or betting recommendation."
1.5,2,D.Henry,BAL,BUF,RB,14.70748572420501,0.9993534014893779,Medium,ROUTE_PROXY_UNVALIDATED|LOW_CURRENT_SAMPLE,HISTORICAL TEST ONLY,"Research only - no odds, edge, or betting recommendation."
1.5,3,B.Robinson,ATL,CAR,RB,14.253459230476937,0.9990546326415269,Medium,ROUTE_PROXY_UNVALIDATED|LOW_CURRENT_SAMPLE,HISTORICAL TEST ONLY,"Research only - no odds, edge, or betting recommendation."
1.5,4,S.Barkley,PHI,KC,RB,11.597620949372056,0.993050996021668,Medium,ROUTE_PROXY_UNVALIDATED|LOW_CURRENT_SAMPLE,HISTORICAL TEST ONLY,"Research only - no odds, edge, or betting recommendation."
1.5,5,J.Mixon,HOU,KC,RB,9.958632501037004,0.9803300412958991,Medium,ROUTE_PROXY_UNVALIDATED|LOW_CURRENT_SAMPLE,HISTORICAL TEST ONLY,"Research only - no odds, edge, or betting recommendation."
1.5,6,T.Pollard,TEN,HOU,RB,9.934639469149408,0.9800493221473927,Medium,ROUTE_PROXY_UNVALIDATED|LOW_CURRENT_SAMPLE,HISTORICAL TEST ONLY,"Research only - no odds, edge, or betting recommendation."
1.5,7,R.Dowdle,DAL,WAS,RB,9.510990683979092,0.9745049606371798,Medium,ROUTE_PROXY_UNVALIDATED|LOW_CURRENT_SAMPLE,HISTORICAL TEST ONLY,"Research only - no odds, edge, or betting recommendation."
1.5,8,B.Irving,TB,WAS,RB,8.649815168553095,0.9592257968824232,Medium,ROUTE_PROXY_UNVALIDATED|LOW_CURRENT_SAMPLE,HISTORICAL TEST ONLY,"Research only - no odds, edge, or betting recommendation."
1.5,9,D.Swift,CHI,GB,RB,8.525546005271234,0.956505423750566,Medium,ROUTE_PROXY_UNVALIDATED|LOW_CURRENT_SAMPLE,HISTORICAL TEST ONLY,"Research only - no odds, edge, or betting recommendation."
1.5,10,C.Hubbard,CAR,ARI,RB,8.479818811072214,0.95546826530951,Medium,ROUTE_PROXY_UNVALIDATED|LOW_CURRENT_SAMPLE,HISTORICAL TEST ONLY,"Research only - no odds, edge, or betting recommendation."
1.5,11,J.Cook,BUF,KC,RB,8.302932565854961,0.9512672818274968,Medium,ROUTE_PROXY_UNVALIDATED|LOW_CURRENT_SAMPLE,HISTORICAL TEST ONLY,"Research only - no odds, edge, or betting recommendation."
1.5,12,T.Etienne,JAX,IND,RB,8.221121594455049,0.9492199958708225,Medium,ROUTE_PROXY_UNVALIDATED|LOW_CURRENT_SAMPLE,HISTORICAL TEST ONLY,"Research only - no odds, edge, or betting recommendation."
1.5,13,A.Jones,MIN,LA,RB,8.171539962267742,0.947946275927667,Medium,ROUTE_PROXY_UNVALIDATED|LOW_CURRENT_SAMPLE,HISTORICAL TEST ONLY,"Research only - no odds, edge, or betting recommendation."
1.5,14,K.Walker,SEA,MIN,RB,7.669896167484988,0.9335872968418674,Medium,ROUTE_PROXY_UNVALIDATED|LOW_CURRENT_SAMPLE,HISTORICAL TEST ONLY,"Research only - no odds, edge, or betting recommendation."
1.5,15,T.Allgeier,ATL,CAR,RB,7.616988634553649,0.9319094461658103,Medium,ROUTE_PROXY_UNVALIDATED|LOW_CURRENT_SAMPLE,HISTORICAL TEST ONLY,"Research only - no odds, edge, or betting recommendation."
1.5,16,R.White,TB,WAS,RB,7.396247139956839,0.9245541662892589,Medium,ROUTE_PROXY_UNVALIDATED|LOW_CURRENT_SAMPLE,HISTORICAL TEST ONLY,"Research only - no odds, edge, or betting recommendation."
1.5,17,J.Jacobs,GB,PHI,RB,7.395037398519733,0.9245122512547255,Medium,ROUTE_PROXY_UNVALIDATED|LOW_CURRENT_SAMPLE,HISTORICAL TEST ONLY,"Research only - no odds, edge, or betting recommendation."
1.5,18,T.Bigsby,JAX,IND,RB,7.309434882654873,0.9215010254770694,Medium,ROUTE_PROXY_UNVALIDATED|LOW_CURRENT_SAMPLE,HISTORICAL TEST ONLY,"Research only - no odds, edge, or betting recommendation."
1.5,19,C.Brown,CIN,DEN,RB,7.113046577439101,0.9142497610939937,Medium,ROUTE_PROXY_UNVALIDATED|LOW_CURRENT_SAMPLE,HISTORICAL TEST ONLY,"Research only - no odds, edge, or betting recommendation."
1.5,20,J.Conner,ARI,LA,RB,6.2613690922643,0.876959429312897,Medium,ROUTE_PROXY_UNVALIDATED|LOW_CURRENT_SAMPLE,HISTORICAL TEST ONLY,"Research only - no odds, edge, or betting recommendation."
1.5,21,N.Harris,PIT,BAL,RB,6.209308017185189,0.8743583539471061,Medium,ROUTE_PROXY_UNVALIDATED|LOW_CURRENT_SAMPLE,HISTORICAL TEST ONLY,"Research only - no odds, edge, or betting recommendation."
1.5,22,J.Dobbins,LAC,HOU,RB,6.190958558024488,0.8734324989875151,Medium,ROUTE_PROXY_UNVALIDATED|LOW_CURRENT_SAMPLE,HISTORICAL TEST ONLY,"Research only - no odds, edge, or betting recommendation."
1.5,23,J.Gibbs,DET,WAS,RB,6.177847928971912,0.8727680746838115,Medium,ROUTE_PROXY_UNVALIDATED|LOW_CURRENT_SAMPLE,HISTORICAL TEST ONLY,"Research only - no odds, edge, or betting recommendation."
1.5,24,D.Montgomery,DET,WAS,RB,5.825244157887851,0.8539843303065386,Medium,ROUTE_PROXY_UNVALIDATED|LOW_CURRENT_SAMPLE,HISTORICAL TEST ONLY,"Research only - no odds, edge, or betting recommendation."
1.5,25,B.Robinson,WAS,PHI,RB,5.796725935410487,0.8523875985284817,Medium,ROUTE_PROXY_UNVALIDATED|LOW_CURRENT_SAMPLE,HISTORICAL TEST ONLY,"Research only - no odds, edge, or betting recommendation."
2.5,1,J.Taylor,IND,JAX,RB,14.714235572200463,0.998537532899189,Medium,ROUTE_PROXY_UNVALIDATED|LOW_CURRENT_SAMPLE,HISTORICAL TEST ONLY,"Research only - no odds, edge, or betting recommendation."
2.5,2,D.Henry,BAL,BUF,RB,14.70748572420501,0.9985296732350628,Medium,ROUTE_PROXY_UNVALIDATED|LOW_CURRENT_SAMPLE,HISTORICAL TEST ONLY,"Research only - no odds, edge, or betting recommendation."
2.5,3,B.Robinson,ATL,CAR,RB,14.253459230476937,0.997903526170126,Medium,ROUTE_PROXY_UNVALIDATED|LOW_CURRENT_SAMPLE,HISTORICAL TEST ONLY,"Research only - no odds, edge, or betting recommendation."
2.5,4,S.Barkley,PHI,KC,RB,11.597620949372056,0.986663767284989,Medium,ROUTE_PROXY_UNVALIDATED|LOW_CURRENT_SAMPLE,HISTORICAL TEST ONLY,"Research only - no odds, edge, or betting recommendation."
2.5,5,J.Mixon,HOU,KC,RB,9.958632501037004,0.9653916639900398,Medium,ROUTE_PROXY_UNVALIDATED|LOW_CURRENT_SAMPLE,HISTORICAL TEST ONLY,"Research only - no odds, edge, or betting recommendation."
2.5,6,T.Pollard,TEN,HOU,RB,9.934639469149408,0.9649417952312289,Medium,ROUTE_PROXY_UNVALIDATED|LOW_CURRENT_SAMPLE,HISTORICAL TEST ONLY,"Research only - no odds, edge, or betting recommendation."
2.5,7,R.Dowdle,DAL,WAS,RB,9.510990683979092,0.9561774248894395,Medium,ROUTE_PROXY_UNVALIDATED|LOW_CURRENT_SAMPLE,HISTORICAL TEST ONLY,"Research only - no odds, edge, or betting recommendation."
2.5,8,B.Irving,TB,WAS,RB,8.649815168553095,0.9329542795313546,Medium,ROUTE_PROXY_UNVALIDATED|LOW_CURRENT_SAMPLE,HISTORICAL TEST ONLY,"Research only - no odds, edge, or betting recommendation."
2.5,9,D.Swift,CHI,GB,RB,8.525546005271234,0.9289326269282381,Medium,ROUTE_PROXY_UNVALIDATED|LOW_CURRENT_SAMPLE,HISTORICAL TEST ONLY,"Research only - no odds, edge, or betting recommendation."
2.5,10,C.Hubbard,CAR,ARI,RB,8.479818811072214,0.9274070233588669,Medium,ROUTE_PROXY_UNVALIDATED|LOW_CURRENT_SAMPLE,HISTORICAL TEST ONLY,"Research only - no odds, edge, or betting recommendation."
2.5,11,J.Cook,BUF,KC,RB,8.302932565854961,0.921268625665817,Medium,ROUTE_PROXY_UNVALIDATED|LOW_CURRENT_SAMPLE,HISTORICAL TEST ONLY,"Research only - no odds, edge, or betting recommendation."
2.5,12,T.Etienne,JAX,IND,RB,8.221121594455049,0.9182999079444307,Medium,ROUTE_PROXY_UNVALIDATED|LOW_CURRENT_SAMPLE,HISTORICAL TEST ONLY,"Research only - no odds, edge, or betting recommendation."
2.5,13,A.Jones,MIN,LA,RB,8.171539962267742,0.9164600914474906,Medium,ROUTE_PROXY_UNVALIDATED|LOW_CURRENT_SAMPLE,HISTORICAL TEST ONLY,"Research only - no odds, edge, or betting recommendation."
2.5,14,K.Walker,SEA,MIN,RB,7.669896167484988,0.8960646654929985,Medium,ROUTE_PROXY_UNVALIDATED|LOW_CURRENT_SAMPLE,HISTORICAL TEST ONLY,"Research only - no odds, edge, or betting recommendation."
2.5,15,T.Allgeier,ATL,CAR,RB,7.616988634553649,0.8937193363272473,Medium,ROUTE_PROXY_UNVALIDATED|LOW_CURRENT_SAMPLE,HISTORICAL TEST ONLY,"Research only - no odds, edge, or betting recommendation."
2.5,16,R.White,TB,WAS,RB,7.396247139956839,0.8835218990758463,Medium,ROUTE_PROXY_UNVALIDATED|LOW_CURRENT_SAMPLE,HISTORICAL TEST ONLY,"Research only - no odds, edge, or betting recommendation."
2.5,17,J.Jacobs,GB,PHI,RB,7.395037398519733,0.8834641645496002,Medium,ROUTE_PROXY_UNVALIDATED|LOW_CURRENT_SAMPLE,HISTORICAL TEST ONLY,"Research only - no odds, edge, or betting recommendation."
2.5,18,T.Bigsby,JAX,IND,RB,7.309434882654873,0.8793271660610147,Medium,ROUTE_PROXY_UNVALIDATED|LOW_CURRENT_SAMPLE,HISTORICAL TEST ONLY,"Research only - no odds, edge, or betting recommendation."
2.5,19,C.Brown,CIN,DEN,RB,7.113046577439101,0.8694484343746409,Medium,ROUTE_PROXY_UNVALIDATED|LOW_CURRENT_SAMPLE,HISTORICAL TEST ONLY,"Research only - no odds, edge, or betting recommendation."
2.5,20,J.Conner,ARI,LA,RB,6.2613690922643,0.8202478002889375,Medium,ROUTE_PROXY_UNVALIDATED|LOW_CURRENT_SAMPLE,HISTORICAL TEST ONLY,"Research only - no odds, edge, or betting recommendation."
2.5,21,N.Harris,PIT,BAL,RB,6.209308017185189,0.8169034488584657,Medium,ROUTE_PROXY_UNVALIDATED|LOW_CURRENT_SAMPLE,HISTORICAL TEST ONLY,"Research only - no odds, edge, or betting recommendation."
2.5,22,J.Dobbins,LAC,HOU,RB,6.190958558024488,0.8157155052065121,Medium,ROUTE_PROXY_UNVALIDATED|LOW_CURRENT_SAMPLE,HISTORICAL TEST ONLY,"Research only - no odds, edge, or betting recommendation."
2.5,23,J.Gibbs,DET,WAS,RB,6.177847928971912,0.8148637926291912,Medium,ROUTE_PROXY_UNVALIDATED|LOW_CURRENT_SAMPLE,HISTORICAL TEST ONLY,"Research only - no odds, edge, or betting recommendation."
2.5,24,D.Montgomery,DET,WAS,RB,5.825244157887851,0.7910486323031704,Medium,ROUTE_PROXY_UNVALIDATED|LOW_CURRENT_SAMPLE,HISTORICAL TEST ONLY,"Research only - no odds, edge, or betting recommendation."
2.5,25,B.Robinson,WAS,PHI,RB,5.796725935410487,0.7890466748680479,Medium,ROUTE_PROXY_UNVALIDATED|LOW_CURRENT_SAMPLE,HISTORICAL TEST ONLY,"Research only - no odds, edge, or betting recommendation."
3.5,1,J.Taylor,IND,JAX,RB,14.714235572200463,0.9968515646361765,Medium,ROUTE_PROXY_UNVALIDATED|LOW_CURRENT_SAMPLE,HISTORICAL TEST ONLY,"Research only - no odds, edge, or betting recommendation."
3.5,2,D.Henry,BAL,BUF,RB,14.70748572420501,0.9968358162383959,Medium,ROUTE_PROXY_UNVALIDATED|LOW_CURRENT_SAMPLE,HISTORICAL TEST ONLY,"Research only - no odds, edge, or betting recommendation."
3.5,3,B.Robinson,ATL,CAR,RB,14.253459230476937,0.9955991007685046,Medium,ROUTE_PROXY_UNVALIDATED|LOW_CURRENT_SAMPLE,HISTORICAL TEST ONLY,"Research only - no odds, edge, or betting recommendation."
3.5,4,S.Barkley,PHI,KC,RB,11.597620949372056,0.9757332613404399,Medium,ROUTE_PROXY_UNVALIDATED|LOW_CURRENT_SAMPLE,HISTORICAL TEST ONLY,"Research only - no odds, edge, or betting recommendation."
3.5,5,J.Mixon,HOU,KC,RB,9.958632501037004,0.9421859788860933,Medium,ROUTE_PROXY_UNVALIDATED|LOW_CURRENT_SAMPLE,HISTORICAL TEST ONLY,"Research only - no odds, edge, or betting recommendation."
3.5,6,T.Pollard,TEN,HOU,RB,9.934639469149408,0.9415065781962133,Medium,ROUTE_PROXY_UNVALIDATED|LOW_CURRENT_SAMPLE,HISTORICAL TEST ONLY,"Research only - no odds, edge, or betting recommendation."
3.5,7,R.Dowdle,DAL,WAS,RB,9.510990683979092,0.9284497102659632,Medium,ROUTE_PROXY_UNVALIDATED|LOW_CURRENT_SAMPLE,HISTORICAL TEST ONLY,"Research only - no odds, edge, or betting recommendation."
3.5,8,B.Irving,TB,WAS,RB,8.649815168553095,0.8951789569428972,Medium,ROUTE_PROXY_UNVALIDATED|LOW_CURRENT_SAMPLE,HISTORICAL TEST ONLY,"Research only - no odds, edge, or betting recommendation."
3.5,9,D.Swift,CHI,GB,RB,8.525546005271234,0.8895761084887118,Medium,ROUTE_PROXY_UNVALIDATED|LOW_CURRENT_SAMPLE,HISTORICAL TEST ONLY,"Research only - no odds, edge, or betting recommendation."
3.5,10,C.Hubbard,CAR,ARI,RB,8.479818811072214,0.8874613302569404,Medium,ROUTE_PROXY_UNVALIDATED|LOW_CURRENT_SAMPLE,HISTORICAL TEST ONLY,"Research only - no odds, edge, or betting recommendation."
3.5,11,J.Cook,BUF,KC,RB,8.302932565854961,0.8790087493574459,Medium,ROUTE_PROXY_UNVALIDATED|LOW_CURRENT_SAMPLE,HISTORICAL TEST ONLY,"Research only - no odds, edge, or betting recommendation."
3.5,12,T.Etienne,JAX,IND,RB,8.221121594455049,0.8749519228575349,Medium,ROUTE_PROXY_UNVALIDATED|LOW_CURRENT_SAMPLE,HISTORICAL TEST ONLY,"Research only - no odds, edge, or betting recommendation."
3.5,13,A.Jones,MIN,LA,RB,8.171539962267742,0.8724475345884901,Medium,ROUTE_PROXY_UNVALIDATED|LOW_CURRENT_SAMPLE,HISTORICAL TEST ONLY,"Research only - no odds, edge, or betting recommendation."
3.5,14,K.Walker,SEA,MIN,RB,7.669896167484988,0.8451451679877199,Medium,ROUTE_PROXY_UNVALIDATED|LOW_CURRENT_SAMPLE,HISTORICAL TEST ONLY,"Research only - no odds, edge, or betting recommendation."
3.5,15,T.Allgeier,ATL,CAR,RB,7.616988634553649,0.8420557196511687,Medium,ROUTE_PROXY_UNVALIDATED|LOW_CURRENT_SAMPLE,HISTORICAL TEST ONLY,"Research only - no odds, edge, or betting recommendation."
3.5,16,R.White,TB,WAS,RB,7.396247139956839,0.82873231039546,Medium,ROUTE_PROXY_UNVALIDATED|LOW_CURRENT_SAMPLE,HISTORICAL TEST ONLY,"Research only - no odds, edge, or betting recommendation."
3.5,17,J.Jacobs,GB,PHI,RB,7.395037398519733,0.8286573679839696,Medium,ROUTE_PROXY_UNVALIDATED|LOW_CURRENT_SAMPLE,HISTORICAL TEST ONLY,"Research only - no odds, edge, or betting recommendation."
3.5,18,T.Bigsby,JAX,IND,RB,7.309434882654873,0.8233011947145077,Medium,ROUTE_PROXY_UNVALIDATED|LOW_CURRENT_SAMPLE,HISTORICAL TEST ONLY,"Research only - no odds, edge, or betting recommendation."
3.5,19,C.Brown,CIN,DEN,RB,7.113046577439101,0.8106182577609023,Medium,ROUTE_PROXY_UNVALIDATED|LOW_CURRENT_SAMPLE,HISTORICAL TEST ONLY,"Research only - no odds, edge, or betting recommendation."
3.5,20,J.Conner,ARI,LA,RB,6.2613690922643,0.7494306396191008,Medium,ROUTE_PROXY_UNVALIDATED|LOW_CURRENT_SAMPLE,HISTORICAL TEST ONLY,"Research only - no odds, edge, or betting recommendation."
3.5,21,N.Harris,PIT,BAL,RB,6.209308017185189,0.7453783777445945,Medium,ROUTE_PROXY_UNVALIDATED|LOW_CURRENT_SAMPLE,HISTORICAL TEST ONLY,"Research only - no odds, edge, or betting recommendation."
3.5,22,J.Dobbins,LAC,HOU,RB,6.190958558024488,0.7439419789013231,Medium,ROUTE_PROXY_UNVALIDATED|LOW_CURRENT_SAMPLE,HISTORICAL TEST ONLY,"Research only - no odds, edge, or betting recommendation."
3.5,23,J.Gibbs,DET,WAS,RB,6.177847928971912,0.7429130937207614,Medium,ROUTE_PROXY_UNVALIDATED|LOW_CURRENT_SAMPLE,HISTORICAL TEST ONLY,"Research only - no odds, edge, or betting recommendation."
3.5,24,D.Montgomery,DET,WAS,RB,5.825244157887851,0.7144575447874648,Medium,ROUTE_PROXY_UNVALIDATED|LOW_CURRENT_SAMPLE,HISTORICAL TEST ONLY,"Research only - no odds, edge, or betting recommendation."
3.5,25,B.Robinson,WAS,PHI,RB,5.796725935410487,0.7120921475093798,Medium,ROUTE_PROXY_UNVALIDATED|LOW_CURRENT_SAMPLE,HISTORICAL TEST ONLY,"Research only - no odds, edge, or betting recommendation."
4.5,1,J.Taylor,IND,JAX,RB,14.714235572200463,0.9935821817157631,Medium,ROUTE_PROXY_UNVALIDATED|LOW_CURRENT_SAMPLE,HISTORICAL TEST ONLY,"Research only - no odds, edge, or betting recommendation."
4.5,2,D.Henry,BAL,BUF,RB,14.70748572420501,0.9935524448598121,Medium,ROUTE_PROXY_UNVALIDATED|LOW_CURRENT_SAMPLE,HISTORICAL TEST ONLY,"Research only - no odds, edge, or betting recommendation."
4.5,3,B.Robinson,ATL,CAR,RB,14.253459230476937,0.9912503900129286,Medium,ROUTE_PROXY_UNVALIDATED|LOW_CURRENT_SAMPLE,HISTORICAL TEST ONLY,"Research only - no odds, edge, or betting recommendation."
4.5,4,S.Barkley,PHI,KC,RB,11.597620949372056,0.9581005168212773,Medium,ROUTE_PROXY_UNVALIDATED|LOW_CURRENT_SAMPLE,HISTORICAL TEST ONLY,"Research only - no odds, edge, or betting recommendation."
4.5,5,J.Mixon,HOU,KC,RB,9.958632501037004,0.9082048518321671,Medium,ROUTE_PROXY_UNVALIDATED|LOW_CURRENT_SAMPLE,HISTORICAL TEST ONLY,"Research only - no odds, edge, or betting recommendation."
4.5,6,T.Pollard,TEN,HOU,RB,9.934639469149408,0.9072379275099127,Medium,ROUTE_PROXY_UNVALIDATED|LOW_CURRENT_SAMPLE,HISTORICAL TEST ONLY,"Research only - no odds, edge, or betting recommendation."
4.5,7,R.Dowdle,DAL,WAS,RB,9.510990683979092,0.8889060721594486,Medium,ROUTE_PROXY_UNVALIDATED|LOW_CURRENT_SAMPLE,HISTORICAL TEST ONLY,"Research only - no odds, edge, or betting recommendation."
4.5,8,B.Irving,TB,WAS,RB,8.649815168553095,0.8439773035929661,Medium,ROUTE_PROXY_UNVALIDATED|LOW_CURRENT_SAMPLE,HISTORICAL TEST ONLY,"Research only - no odds, edge, or betting recommendation."
4.5,9,D.Swift,CHI,GB,RB,8.525546005271234,0.8366213082447742,Medium,ROUTE_PROXY_UNVALIDATED|LOW_CURRENT_SAMPLE,HISTORICAL TEST ONLY,"Research only - no odds, edge, or betting recommendation."
4.5,10,C.Hubbard,CAR,ARI,RB,8.479818811072214,0.8338587304795229,Medium,ROUTE_PROXY_UNVALIDATED|LOW_CURRENT_SAMPLE,HISTORICAL TEST ONLY,"Research only - no odds, edge, or betting recommendation."
4.5,11,J.Cook,BUF,KC,RB,8.302932565854961,0.8228900618470911,Medium,ROUTE_PROXY_UNVALIDATED|LOW_CURRENT_SAMPLE,HISTORICAL TEST ONLY,"Research only - no odds, edge, or betting recommendation."
4.5,12,T.Etienne,JAX,IND,RB,8.221121594455049,0.8176657259031972,Medium,ROUTE_PROXY_UNVALIDATED|LOW_CURRENT_SAMPLE,HISTORICAL TEST ONLY,"Research only - no odds, edge, or betting recommendation."
4.5,13,A.Jones,MIN,LA,RB,8.171539962267742,0.8144531351488631,Medium,ROUTE_PROXY_UNVALIDATED|LOW_CURRENT_SAMPLE,HISTORICAL TEST ONLY,"Research only - no odds, edge, or betting recommendation."
4.5,14,K.Walker,SEA,MIN,RB,7.669896167484988,0.7800081407360264,Medium,ROUTE_PROXY_UNVALIDATED|LOW_CURRENT_SAMPLE,HISTORICAL TEST ONLY,"Research only - no odds, edge, or betting recommendation."
4.5,15,T.Allgeier,ATL,CAR,RB,7.616988634553649,0.7761729699763595,Medium,ROUTE_PROXY_UNVALIDATED|LOW_CURRENT_SAMPLE,HISTORICAL TEST ONLY,"Research only - no odds, edge, or betting recommendation."
4.5,16,R.White,TB,WAS,RB,7.396247139956839,0.7597681230101233,Medium,ROUTE_PROXY_UNVALIDATED|LOW_CURRENT_SAMPLE,HISTORICAL TEST ONLY,"Research only - no odds, edge, or betting recommendation."
4.5,17,J.Jacobs,GB,PHI,RB,7.395037398519733,0.7596764490484014,Medium,ROUTE_PROXY_UNVALIDATED|LOW_CURRENT_SAMPLE,HISTORICAL TEST ONLY,"Research only - no odds, edge, or betting recommendation."
4.5,18,T.Bigsby,JAX,IND,RB,7.309434882654873,0.7531413663734807,Medium,ROUTE_PROXY_UNVALIDATED|LOW_CURRENT_SAMPLE,HISTORICAL TEST ONLY,"Research only - no odds, edge, or betting recommendation."
4.5,19,C.Brown,CIN,DEN,RB,7.113046577439101,0.737796268192401,Medium,ROUTE_PROXY_UNVALIDATED|LOW_CURRENT_SAMPLE,HISTORICAL TEST ONLY,"Research only - no odds, edge, or betting recommendation."
4.5,20,J.Conner,ARI,LA,RB,6.2613690922643,0.6660705546652486,Medium,ROUTE_PROXY_UNVALIDATED|LOW_CURRENT_SAMPLE,HISTORICAL TEST ONLY,"Research only - no odds, edge, or betting recommendation."
4.5,21,N.Harris,PIT,BAL,RB,6.209308017185189,0.6614434457330429,Medium,ROUTE_PROXY_UNVALIDATED|LOW_CURRENT_SAMPLE,HISTORICAL TEST ONLY,"Research only - no odds, edge, or betting recommendation."
4.5,22,J.Dobbins,LAC,HOU,RB,6.190958558024488,0.6598067024244497,Medium,ROUTE_PROXY_UNVALIDATED|LOW_CURRENT_SAMPLE,HISTORICAL TEST ONLY,"Research only - no odds, edge, or betting recommendation."
4.5,23,J.Gibbs,DET,WAS,RB,6.177847928971912,0.6586354053349608,Medium,ROUTE_PROXY_UNVALIDATED|LOW_CURRENT_SAMPLE,HISTORICAL TEST ONLY,"Research only - no odds, edge, or betting recommendation."
4.5,24,D.Montgomery,DET,WAS,RB,5.825244157887851,0.6265931891180376,Medium,ROUTE_PROXY_UNVALIDATED|LOW_CURRENT_SAMPLE,HISTORICAL TEST ONLY,"Research only - no odds, edge, or betting recommendation."
4.5,25,B.Robinson,WAS,PHI,RB,5.796725935410487,0.6239594077044941,Medium,ROUTE_PROXY_UNVALIDATED|LOW_CURRENT_SAMPLE,HISTORICAL TEST ONLY,"Research only - no odds, edge, or betting recommendation."
5.5,1,J.Taylor,IND,JAX,RB,14.714235572200463,0.987605871260834,Medium,ROUTE_PROXY_UNVALIDATED|LOW_CURRENT_SAMPLE,HISTORICAL TEST ONLY,"Research only - no odds, edge, or betting recommendation."
5.5,2,D.Henry,BAL,BUF,RB,14.70748572420501,0.987552956113833,Medium,ROUTE_PROXY_UNVALIDATED|LOW_CURRENT_SAMPLE,HISTORICAL TEST ONLY,"Research only - no odds, edge, or betting recommendation."
5.5,3,B.Robinson,ATL,CAR,RB,14.253459230476937,0.983514512823876,Medium,ROUTE_PROXY_UNVALIDATED|LOW_CURRENT_SAMPLE,HISTORICAL TEST ONLY,"Research only - no odds, edge, or betting recommendation."
5.5,4,S.Barkley,PHI,KC,RB,11.597620949372056,0.9312871237386996,Medium,ROUTE_PROXY_UNVALIDATED|LOW_CURRENT_SAMPLE,HISTORICAL TEST ONLY,"Research only - no odds, edge, or betting recommendation."
5.5,5,J.Mixon,HOU,KC,RB,9.958632501037004,0.8612982617695903,Medium,ROUTE_PROXY_UNVALIDATED|LOW_CURRENT_SAMPLE,HISTORICAL TEST ONLY,"Research only - no odds, edge, or betting recommendation."
5.5,6,T.Pollard,TEN,HOU,RB,9.934639469149408,0.8600014249329084,Medium,ROUTE_PROXY_UNVALIDATED|LOW_CURRENT_SAMPLE,HISTORICAL TEST ONLY,"Research only - no odds, edge, or betting recommendation."
5.5,7,R.Dowdle,DAL,WAS,RB,9.510990683979092,0.8357452140209315,Medium,ROUTE_PROXY_UNVALIDATED|LOW_CURRENT_SAMPLE,HISTORICAL TEST ONLY,"Research only - no odds, edge, or betting recommendation."
5.5,8,B.Irving,TB,WAS,RB,8.649815168553095,0.7785569639271862,Medium,ROUTE_PROXY_UNVALIDATED|LOW_CURRENT_SAMPLE,HISTORICAL TEST ONLY,"Research only - no odds, edge, or betting recommendation."
5.5,9,D.Swift,CHI,GB,RB,8.525546005271234,0.76945568837942,Medium,ROUTE_PROXY_UNVALIDATED|LOW_CURRENT_SAMPLE,HISTORICAL TEST ONLY,"Research only - no odds, edge, or betting recommendation."
5.5,10,C.Hubbard,CAR,ARI,RB,8.479818811072214,0.7660548128432494,Medium,ROUTE_PROXY_UNVALIDATED|LOW_CURRENT_SAMPLE,HISTORICAL TEST ONLY,"Research only - no odds, edge, or betting recommendation."
5.5,11,J.Cook,BUF,KC,RB,8.302932565854961,0.7526411074586423,Medium,ROUTE_PROXY_UNVALIDATED|LOW_CURRENT_SAMPLE,HISTORICAL TEST ONLY,"Research only - no odds, edge, or betting recommendation."
5.5,12,T.Etienne,JAX,IND,RB,8.221121594455049,0.7463009084586917,Medium,ROUTE_PROXY_UNVALIDATED|LOW_CURRENT_SAMPLE,HISTORICAL TEST ONLY,"Research only - no odds, edge, or betting recommendation."
5.5,13,A.Jones,MIN,LA,RB,8.171539962267742,0.7424172972871577,Medium,ROUTE_PROXY_UNVALIDATED|LOW_CURRENT_SAMPLE,HISTORICAL TEST ONLY,"Research only - no odds, edge, or betting recommendation."
5.5,14,K.Walker,SEA,MIN,RB,7.669896167484988,0.7014619827669522,Medium,ROUTE_PROXY_UNVALIDATED|LOW_CURRENT_SAMPLE,HISTORICAL TEST ONLY,"Research only - no odds, edge, or betting recommendation."
5.5,15,T.Allgeier,ATL,CAR,RB,7.616988634553649,0.6969754059324744,Medium,ROUTE_PROXY_UNVALIDATED|LOW_CURRENT_SAMPLE,HISTORICAL TEST ONLY,"Research only - no odds, edge, or betting recommendation."
5.5,16,R.White,TB,WAS,RB,7.396247139956839,0.6779400287298091,Medium,ROUTE_PROXY_UNVALIDATED|LOW_CURRENT_SAMPLE,HISTORICAL TEST ONLY,"Research only - no odds, edge, or betting recommendation."
5.5,17,J.Jacobs,GB,PHI,RB,7.395037398519733,0.6778343492625551,Medium,ROUTE_PROXY_UNVALIDATED|LOW_CURRENT_SAMPLE,HISTORICAL TEST ONLY,"Research only - no odds, edge, or betting recommendation."
5.5,18,T.Bigsby,JAX,IND,RB,7.309434882654873,0.6703202873787579,Medium,ROUTE_PROXY_UNVALIDATED|LOW_CURRENT_SAMPLE,HISTORICAL TEST ONLY,"Research only - no odds, edge, or betting recommendation."
5.5,19,C.Brown,CIN,DEN,RB,7.113046577439101,0.6528238066118666,Medium,ROUTE_PROXY_UNVALIDATED|LOW_CURRENT_SAMPLE,HISTORICAL TEST ONLY,"Research only - no odds, edge, or betting recommendation."
5.5,20,J.Conner,ARI,LA,RB,6.2613690922643,0.5735728064452199,Medium,ROUTE_PROXY_UNVALIDATED|LOW_CURRENT_SAMPLE,HISTORICAL TEST ONLY,"Research only - no odds, edge, or betting recommendation."
5.5,21,N.Harris,PIT,BAL,RB,6.209308017185189,0.5685937325874225,Medium,ROUTE_PROXY_UNVALIDATED|LOW_CURRENT_SAMPLE,HISTORICAL TEST ONLY,"Research only - no odds, edge, or betting recommendation."
5.5,22,J.Dobbins,LAC,HOU,RB,6.190958558024488,0.5668361634281054,Medium,ROUTE_PROXY_UNVALIDATED|LOW_CURRENT_SAMPLE,HISTORICAL TEST ONLY,"Research only - no odds, edge, or betting recommendation."
5.5,23,J.Gibbs,DET,WAS,RB,6.177847928971912,0.5655795736658861,Medium,ROUTE_PROXY_UNVALIDATED|LOW_CURRENT_SAMPLE,HISTORICAL TEST ONLY,"Research only - no odds, edge, or betting recommendation."
5.5,24,D.Montgomery,DET,WAS,RB,5.825244157887851,0.5315763378717717,Medium,ROUTE_PROXY_UNVALIDATED|LOW_CURRENT_SAMPLE,HISTORICAL TEST ONLY,"Research only - no odds, edge, or betting recommendation."
5.5,25,B.Robinson,WAS,PHI,RB,5.796725935410487,0.5288126961089505,Medium,ROUTE_PROXY_UNVALIDATED|LOW_CURRENT_SAMPLE,HISTORICAL TEST ONLY,"Research only - no odds, edge, or betting recommendation."
6.5,1,J.Taylor,IND,JAX,RB,14.714235572200463,0.9773078942176707,Medium,ROUTE_PROXY_UNVALIDATED|LOW_CURRENT_SAMPLE,HISTORICAL TEST ONLY,"Research only - no odds, edge, or betting recommendation."
6.5,2,D.Henry,BAL,BUF,RB,14.70748572420501,0.9772191599744942,Medium,ROUTE_PROXY_UNVALIDATED|LOW_CURRENT_SAMPLE,HISTORICAL TEST ONLY,"Research only - no odds, edge, or betting recommendation."
6.5,3,B.Robinson,ATL,CAR,RB,14.253459230476937,0.970542415162968,Medium,ROUTE_PROXY_UNVALIDATED|LOW_CURRENT_SAMPLE,HISTORICAL TEST ONLY,"Research only - no odds, edge, or betting recommendation."
6.5,4,S.Barkley,PHI,KC,RB,11.597620949372056,0.8928513032111093,Medium,ROUTE_PROXY_UNVALIDATED|LOW_CURRENT_SAMPLE,HISTORICAL TEST ONLY,"Research only - no odds, edge, or betting recommendation."
6.5,5,J.Mixon,HOU,KC,RB,9.958632501037004,0.8002627083738292,Medium,ROUTE_PROXY_UNVALIDATED|LOW_CURRENT_SAMPLE,HISTORICAL TEST ONLY,"Research only - no odds, edge, or betting recommendation."
6.5,6,T.Pollard,TEN,HOU,RB,9.934639469149408,0.798623611794887,Medium,ROUTE_PROXY_UNVALIDATED|LOW_CURRENT_SAMPLE,HISTORICAL TEST ONLY,"Research only - no odds, edge, or betting recommendation."
6.5,7,R.Dowdle,DAL,WAS,RB,9.510990683979092,0.7683761711227208,Medium,ROUTE_PROXY_UNVALIDATED|LOW_CURRENT_SAMPLE,HISTORICAL TEST ONLY,"Research only - no odds, edge, or betting recommendation."
6.5,8,B.Irving,TB,WAS,RB,8.649815168553095,0.6997626651067275,Medium,ROUTE_PROXY_UNVALIDATED|LOW_CURRENT_SAMPLE,HISTORICAL TEST ONLY,"Research only - no odds, edge, or betting recommendation."
6.5,9,D.Swift,CHI,GB,RB,8.525546005271234,0.6891508096088966,Medium,ROUTE_PROXY_UNVALIDATED|LOW_CURRENT_SAMPLE,HISTORICAL TEST ONLY,"Research only - no odds, edge, or betting recommendation."
6.5,10,C.Hubbard,CAR,ARI,RB,8.479818811072214,0.6852053871762497,Medium,ROUTE_PROXY_UNVALIDATED|LOW_CURRENT_SAMPLE,HISTORICAL TEST ONLY,"Research only - no odds, edge, or betting recommendation."
6.5,11,J.Cook,BUF,KC,RB,8.302932565854961,0.6697466548635702,Medium,ROUTE_PROXY_UNVALIDATED|LOW_CURRENT_SAMPLE,HISTORICAL TEST ONLY,"Research only - no odds, edge, or betting recommendation."
6.5,12,T.Etienne,JAX,IND,RB,8.221121594455049,0.6624955895889153,Medium,ROUTE_PROXY_UNVALIDATED|LOW_CURRENT_SAMPLE,HISTORICAL TEST ONLY,"Research only - no odds, edge, or betting recommendation."
6.5,13,A.Jones,MIN,LA,RB,8.171539962267742,0.6580713089160004,Medium,ROUTE_PROXY_UNVALIDATED|LOW_CURRENT_SAMPLE,HISTORICAL TEST ONLY,"Research only - no odds, edge, or betting recommendation."
6.5,14,K.Walker,SEA,MIN,RB,7.669896167484988,0.6121776437632285,Medium,ROUTE_PROXY_UNVALIDATED|LOW_CURRENT_SAMPLE,HISTORICAL TEST ONLY,"Research only - no odds, edge, or betting recommendation."
6.5,15,T.Allgeier,ATL,CAR,RB,7.616988634553649,0.6072314383389593,Medium,ROUTE_PROXY_UNVALIDATED|LOW_CURRENT_SAMPLE,HISTORICAL TEST ONLY,"Research only - no odds, edge, or betting recommendation."
6.5,16,R.White,TB,WAS,RB,7.396247139956839,0.5864161093236817,Medium,ROUTE_PROXY_UNVALIDATED|LOW_CURRENT_SAMPLE,HISTORICAL TEST ONLY,"Research only - no odds, edge, or betting recommendation."
6.5,17,J.Jacobs,GB,PHI,RB,7.395037398519733,0.586301304136857,Medium,ROUTE_PROXY_UNVALIDATED|LOW_CURRENT_SAMPLE,HISTORICAL TEST ONLY,"Research only - no odds, edge, or betting recommendation."
6.5,18,T.Bigsby,JAX,IND,RB,7.309434882654873,0.578159406055788,Medium,ROUTE_PROXY_UNVALIDATED|LOW_CURRENT_SAMPLE,HISTORICAL TEST ONLY,"Research only - no odds, edge, or betting recommendation."
6.5,19,C.Brown,CIN,DEN,RB,7.113046577439101,0.5593591860989405,Medium,ROUTE_PROXY_UNVALIDATED|LOW_CURRENT_SAMPLE,HISTORICAL TEST ONLY,"Research only - no odds, edge, or betting recommendation."
6.5,20,J.Conner,ARI,LA,RB,6.2613690922643,0.4768213248815196,Medium,ROUTE_PROXY_UNVALIDATED|LOW_CURRENT_SAMPLE,HISTORICAL TEST ONLY,"Research only - no odds, edge, or betting recommendation."
6.5,21,N.Harris,PIT,BAL,RB,6.209308017185189,0.4717722241227469,Medium,ROUTE_PROXY_UNVALIDATED|LOW_CURRENT_SAMPLE,HISTORICAL TEST ONLY,"Research only - no odds, edge, or betting recommendation."
6.5,22,J.Dobbins,LAC,HOU,RB,6.190958558024488,0.46999365563133766,Medium,ROUTE_PROXY_UNVALIDATED|LOW_CURRENT_SAMPLE,HISTORICAL TEST ONLY,"Research only - no odds, edge, or betting recommendation."
6.5,23,J.Gibbs,DET,WAS,RB,6.177847928971912,0.46872323870678856,Medium,ROUTE_PROXY_UNVALIDATED|LOW_CURRENT_SAMPLE,HISTORICAL TEST ONLY,"Research only - no odds, edge, or betting recommendation."
6.5,24,D.Montgomery,DET,WAS,RB,5.825244157887851,0.43471688483011495,Medium,ROUTE_PROXY_UNVALIDATED|LOW_CURRENT_SAMPLE,HISTORICAL TEST ONLY,"Research only - no odds, edge, or betting recommendation."
6.5,25,B.Robinson,WAS,PHI,RB,5.796725935410487,0.4319840703648762,Medium,ROUTE_PROXY_UNVALIDATED|LOW_CURRENT_SAMPLE,HISTORICAL TEST ONLY,"Research only - no odds, edge, or betting recommendation."
7.5,1,J.Taylor,IND,JAX,RB,14.714235572200463,0.9605807231152435,Medium,ROUTE_PROXY_UNVALIDATED|LOW_CURRENT_SAMPLE,HISTORICAL TEST ONLY,"Research only - no odds, edge, or betting recommendation."
7.5,2,D.Henry,BAL,BUF,RB,14.70748572420501,0.9604404970406732,Medium,ROUTE_PROXY_UNVALIDATED|LOW_CURRENT_SAMPLE,HISTORICAL TEST ONLY,"Research only - no odds, edge, or betting recommendation."
7.5,3,B.Robinson,ATL,CAR,RB,14.253459230476937,0.9500372706509526,Medium,ROUTE_PROXY_UNVALIDATED|LOW_CURRENT_SAMPLE,HISTORICAL TEST ONLY,"Research only - no odds, edge, or betting recommendation."
7.5,4,S.Barkley,PHI,KC,RB,11.597620949372056,0.8409147253829603,Medium,ROUTE_PROXY_UNVALIDATED|LOW_CURRENT_SAMPLE,HISTORICAL TEST ONLY,"Research only - no odds, edge, or betting recommendation."
7.5,5,J.Mixon,HOU,KC,RB,9.958632501037004,0.7253966360887245,Medium,ROUTE_PROXY_UNVALIDATED|LOW_CURRENT_SAMPLE,HISTORICAL TEST ONLY,"Research only - no odds, edge, or betting recommendation."
7.5,6,T.Pollard,TEN,HOU,RB,9.934639469149408,0.7234443201414368,Medium,ROUTE_PROXY_UNVALIDATED|LOW_CURRENT_SAMPLE,HISTORICAL TEST ONLY,"Research only - no odds, edge, or betting recommendation."
7.5,7,R.Dowdle,DAL,WAS,RB,9.510990683979092,0.6878972797962913,Medium,ROUTE_PROXY_UNVALIDATED|LOW_CURRENT_SAMPLE,HISTORICAL TEST ONLY,"Research only - no odds, edge, or betting recommendation."
7.5,8,B.Irving,TB,WAS,RB,8.649815168553095,0.6103024111708142,Medium,ROUTE_PROXY_UNVALIDATED|LOW_CURRENT_SAMPLE,HISTORICAL TEST ONLY,"Research only - no odds, edge, or betting recommendation."
7.5,9,D.Swift,CHI,GB,RB,8.525546005271234,0.5986421403046767,Medium,ROUTE_PROXY_UNVALIDATED|LOW_CURRENT_SAMPLE,HISTORICAL TEST ONLY,"Research only - no odds, edge, or betting recommendation."
7.5,10,C.Hubbard,CAR,ARI,RB,8.479818811072214,0.5943287095912126,Medium,ROUTE_PROXY_UNVALIDATED|LOW_CURRENT_SAMPLE,HISTORICAL TEST ONLY,"Research only - no odds, edge, or betting recommendation."
7.5,11,J.Cook,BUF,KC,RB,8.302932565854961,0.5775395384104594,Medium,ROUTE_PROXY_UNVALIDATED|LOW_CURRENT_SAMPLE,HISTORICAL TEST ONLY,"Research only - no odds, edge, or betting recommendation."
7.5,12,T.Etienne,JAX,IND,RB,8.221121594455049,0.5697245583896922,Medium,ROUTE_PROXY_UNVALIDATED|LOW_CURRENT_SAMPLE,HISTORICAL TEST ONLY,"Research only - no odds, edge, or betting recommendation."
7.5,13,A.Jones,MIN,LA,RB,8.171539962267742,0.5649747488931511,Medium,ROUTE_PROXY_UNVALIDATED|LOW_CURRENT_SAMPLE,HISTORICAL TEST ONLY,"Research only - no odds, edge, or betting recommendation."
7.5,14,K.Walker,SEA,MIN,RB,7.669896167484988,0.5165069211689725,Medium,ROUTE_PROXY_UNVALIDATED|LOW_CURRENT_SAMPLE,HISTORICAL TEST ONLY,"Research only - no odds, edge, or betting recommendation."
7.5,15,T.Allgeier,ATL,CAR,RB,7.616988634553649,0.5113681908696186,Medium,ROUTE_PROXY_UNVALIDATED|LOW_CURRENT_SAMPLE,HISTORICAL TEST ONLY,"Research only - no odds, edge, or betting recommendation."
7.5,16,R.White,TB,WAS,RB,7.396247139956839,0.4899176838572967,Medium,ROUTE_PROXY_UNVALIDATED|LOW_CURRENT_SAMPLE,HISTORICAL TEST ONLY,"Research only - no odds, edge, or betting recommendation."
7.5,17,J.Jacobs,GB,PHI,RB,7.395037398519733,0.4898001511653969,Medium,ROUTE_PROXY_UNVALIDATED|LOW_CURRENT_SAMPLE,HISTORICAL TEST ONLY,"Research only - no odds, edge, or betting recommendation."
7.5,18,T.Bigsby,JAX,IND,RB,7.309434882654873,0.48148627084046713,Medium,ROUTE_PROXY_UNVALIDATED|LOW_CURRENT_SAMPLE,HISTORICAL TEST ONLY,"Research only - no odds, edge, or betting recommendation."
7.5,19,C.Brown,CIN,DEN,RB,7.113046577439101,0.4624489270987413,Medium,ROUTE_PROXY_UNVALIDATED|LOW_CURRENT_SAMPLE,HISTORICAL TEST ONLY,"Research only - no odds, edge, or betting recommendation."
7.5,20,J.Conner,ARI,LA,RB,6.2613690922643,0.38142369742400273,Medium,ROUTE_PROXY_UNVALIDATED|LOW_CURRENT_SAMPLE,HISTORICAL TEST ONLY,"Research only - no odds, edge, or betting recommendation."
7.5,21,N.Harris,PIT,BAL,RB,6.209308017185189,0.3765985995095964,Medium,ROUTE_PROXY_UNVALIDATED|LOW_CURRENT_SAMPLE,HISTORICAL TEST ONLY,"Research only - no odds, edge, or betting recommendation."
7.5,22,J.Dobbins,LAC,HOU,RB,6.190958558024488,0.3749024853219217,Medium,ROUTE_PROXY_UNVALIDATED|LOW_CURRENT_SAMPLE,HISTORICAL TEST ONLY,"Research only - no odds, edge, or betting recommendation."
7.5,23,J.Gibbs,DET,WAS,RB,6.177847928971912,0.37369209532652337,Medium,ROUTE_PROXY_UNVALIDATED|LOW_CURRENT_SAMPLE,HISTORICAL TEST ONLY,"Research only - no odds, edge, or betting recommendation."
7.5,24,D.Montgomery,DET,WAS,RB,5.825244157887851,0.34164106352754275,Medium,ROUTE_PROXY_UNVALIDATED|LOW_CURRENT_SAMPLE,HISTORICAL TEST ONLY,"Research only - no odds, edge, or betting recommendation."
7.5,25,B.Robinson,WAS,PHI,RB,5.796725935410487,0.3390944389201479,Medium,ROUTE_PROXY_UNVALIDATED|LOW_CURRENT_SAMPLE,HISTORICAL TEST ONLY,"Research only - no odds, edge, or betting recommendation."
8.5,1,J.Taylor,IND,JAX,RB,14.714235572200463,0.9349686195234815,Medium,ROUTE_PROXY_UNVALIDATED|LOW_CURRENT_SAMPLE,HISTORICAL TEST ONLY,"Research only - no odds, edge, or betting recommendation."
8.5,2,D.Henry,BAL,BUF,RB,14.70748572420501,0.9347597896676498,Medium,ROUTE_PROXY_UNVALIDATED|LOW_CURRENT_SAMPLE,HISTORICAL TEST ONLY,"Research only - no odds, edge, or betting recommendation."
8.5,3,B.Robinson,ATL,CAR,RB,14.253459230476937,0.9194832912814339,Medium,ROUTE_PROXY_UNVALIDATED|LOW_CURRENT_SAMPLE,HISTORICAL TEST ONLY,"Research only - no odds, edge, or betting recommendation."
8.5,4,S.Barkley,PHI,KC,RB,11.597620949372056,0.7747595964316465,Medium,ROUTE_PROXY_UNVALIDATED|LOW_CURRENT_SAMPLE,HISTORICAL TEST ONLY,"Research only - no odds, edge, or betting recommendation."
8.5,5,J.Mixon,HOU,KC,RB,9.958632501037004,0.6388320006613274,Medium,ROUTE_PROXY_UNVALIDATED|LOW_CURRENT_SAMPLE,HISTORICAL TEST ONLY,"Research only - no odds, edge, or betting recommendation."
8.5,6,T.Pollard,TEN,HOU,RB,9.934639469149408,0.6366405988717885,Medium,ROUTE_PROXY_UNVALIDATED|LOW_CURRENT_SAMPLE,HISTORICAL TEST ONLY,"Research only - no odds, edge, or betting recommendation."
8.5,7,R.Dowdle,DAL,WAS,RB,9.510990683979092,0.5972704184717156,Medium,ROUTE_PROXY_UNVALIDATED|LOW_CURRENT_SAMPLE,HISTORICAL TEST ONLY,"Research only - no odds, edge, or betting recommendation."
8.5,8,B.Irving,TB,WAS,RB,8.649815168553095,0.5145567979882716,Medium,ROUTE_PROXY_UNVALIDATED|LOW_CURRENT_SAMPLE,HISTORICAL TEST ONLY,"Research only - no odds, edge, or betting recommendation."
8.5,9,D.Swift,CHI,GB,RB,8.525546005271234,0.5024827138494816,Medium,ROUTE_PROXY_UNVALIDATED|LOW_CURRENT_SAMPLE,HISTORICAL TEST ONLY,"Research only - no odds, edge, or betting recommendation."
8.5,10,C.Hubbard,CAR,ARI,RB,8.479818811072214,0.4980386663866735,Medium,ROUTE_PROXY_UNVALIDATED|LOW_CURRENT_SAMPLE,HISTORICAL TEST ONLY,"Research only - no odds, edge, or betting recommendation."
8.5,11,J.Cook,BUF,KC,RB,8.302932565854961,0.4808550367276594,Medium,ROUTE_PROXY_UNVALIDATED|LOW_CURRENT_SAMPLE,HISTORICAL TEST ONLY,"Research only - no odds, edge, or betting recommendation."
8.5,12,T.Etienne,JAX,IND,RB,8.221121594455049,0.47291758565216346,Medium,ROUTE_PROXY_UNVALIDATED|LOW_CURRENT_SAMPLE,HISTORICAL TEST ONLY,"Research only - no odds, edge, or betting recommendation."
8.5,13,A.Jones,MIN,LA,RB,8.171539962267742,0.4681121108462901,Medium,ROUTE_PROXY_UNVALIDATED|LOW_CURRENT_SAMPLE,HISTORICAL TEST ONLY,"Research only - no odds, edge, or betting recommendation."
8.5,14,K.Walker,SEA,MIN,RB,7.669896167484988,0.41987151017328117,Medium,ROUTE_PROXY_UNVALIDATED|LOW_CURRENT_SAMPLE,HISTORICAL TEST ONLY,"Research only - no odds, edge, or betting recommendation."
8.5,15,T.Allgeier,ATL,CAR,RB,7.616988634553649,0.41484037326135104,Medium,ROUTE_PROXY_UNVALIDATED|LOW_CURRENT_SAMPLE,HISTORICAL TEST ONLY,"Research only - no odds, edge, or betting recommendation."
8.5,16,R.White,TB,WAS,RB,7.396247139956839,0.39400869147590334,Medium,ROUTE_PROXY_UNVALIDATED|LOW_CURRENT_SAMPLE,HISTORICAL TEST ONLY,"Research only - no odds, edge, or betting recommendation."
8.5,17,J.Jacobs,GB,PHI,RB,7.395037398519733,0.39389529954896474,Medium,ROUTE_PROXY_UNVALIDATED|LOW_CURRENT_SAMPLE,HISTORICAL TEST ONLY,"Research only - no odds, edge, or betting recommendation."
8.5,18,T.Bigsby,JAX,IND,RB,7.309434882654873,0.38589494767534527,Medium,ROUTE_PROXY_UNVALIDATED|LOW_CURRENT_SAMPLE,HISTORICAL TEST ONLY,"Research only - no odds, edge, or betting recommendation."
8.5,19,C.Brown,CIN,DEN,RB,7.113046577439101,0.36772804173926177,Medium,ROUTE_PROXY_UNVALIDATED|LOW_CURRENT_SAMPLE,HISTORICAL TEST ONLY,"Research only - no odds, edge, or betting recommendation."
8.5,20,J.Conner,ARI,LA,RB,6.2613690922643,0.2927548631090777,Medium,ROUTE_PROXY_UNVALIDATED|LOW_CURRENT_SAMPLE,HISTORICAL TEST ONLY,"Research only - no odds, edge, or betting recommendation."
8.5,21,N.Harris,PIT,BAL,RB,6.209308017185189,0.2884095122522924,Medium,ROUTE_PROXY_UNVALIDATED|LOW_CURRENT_SAMPLE,HISTORICAL TEST ONLY,"Research only - no odds, edge, or betting recommendation."
8.5,22,J.Dobbins,LAC,HOU,RB,6.190958558024488,0.28688522821541307,Medium,ROUTE_PROXY_UNVALIDATED|LOW_CURRENT_SAMPLE,HISTORICAL TEST ONLY,"Research only - no odds, edge, or betting recommendation."
8.5,23,J.Gibbs,DET,WAS,RB,6.177847928971912,0.2857984756336126,Medium,ROUTE_PROXY_UNVALIDATED|LOW_CURRENT_SAMPLE,HISTORICAL TEST ONLY,"Research only - no odds, edge, or betting recommendation."
8.5,24,D.Montgomery,DET,WAS,RB,5.825244157887851,0.25732987749704683,Medium,ROUTE_PROXY_UNVALIDATED|LOW_CURRENT_SAMPLE,HISTORICAL TEST ONLY,"Research only - no odds, edge, or betting recommendation."
8.5,25,B.Robinson,WAS,PHI,RB,5.796725935410487,0.2550934949351318,Medium,ROUTE_PROXY_UNVALIDATED|LOW_CURRENT_SAMPLE,HISTORICAL TEST ONLY,"Research only - no odds, edge, or betting recommendation."
9.5,1,J.Taylor,IND,JAX,RB,14.714235572200463,0.8980010849380893,Medium,ROUTE_PROXY_UNVALIDATED|LOW_CURRENT_SAMPLE,HISTORICAL TEST ONLY,"Research only - no odds, edge, or betting recommendation."
9.5,2,D.Henry,BAL,BUF,RB,14.70748572420501,0.8977080072984172,Medium,ROUTE_PROXY_UNVALIDATED|LOW_CURRENT_SAMPLE,HISTORICAL TEST ONLY,"Research only - no odds, edge, or betting recommendation."
9.5,3,B.Robinson,ATL,CAR,RB,14.253459230476937,0.8765666874363668,Medium,ROUTE_PROXY_UNVALIDATED|LOW_CURRENT_SAMPLE,HISTORICAL TEST ONLY,"Research only - no odds, edge, or betting recommendation."
9.5,4,S.Barkley,PHI,KC,RB,11.597620949372056,0.6953255091334989,Medium,ROUTE_PROXY_UNVALIDATED|LOW_CURRENT_SAMPLE,HISTORICAL TEST ONLY,"Research only - no odds, edge, or betting recommendation."
9.5,5,J.Mixon,HOU,KC,RB,9.958632501037004,0.5444803806602168,Medium,ROUTE_PROXY_UNVALIDATED|LOW_CURRENT_SAMPLE,HISTORICAL TEST ONLY,"Research only - no odds, edge, or betting recommendation."
9.5,6,T.Pollard,TEN,HOU,RB,9.934639469149408,0.5421623441373914,Medium,ROUTE_PROXY_UNVALIDATED|LOW_CURRENT_SAMPLE,HISTORICAL TEST ONLY,"Research only - no odds, edge, or betting recommendation."
9.5,7,R.Dowdle,DAL,WAS,RB,9.510990683979092,0.5010681461375586,Medium,ROUTE_PROXY_UNVALIDATED|LOW_CURRENT_SAMPLE,HISTORICAL TEST ONLY,"Research only - no odds, edge, or betting recommendation."
9.5,8,B.Irving,TB,WAS,RB,8.649815168553095,0.4179603579630351,Medium,ROUTE_PROXY_UNVALIDATED|LOW_CURRENT_SAMPLE,HISTORICAL TEST ONLY,"Research only - no odds, edge, or betting recommendation."
9.5,9,D.Swift,CHI,GB,RB,8.525546005271234,0.40617811419107674,Medium,ROUTE_PROXY_UNVALIDATED|LOW_CURRENT_SAMPLE,HISTORICAL TEST ONLY,"Research only - no odds, edge, or betting recommendation."
9.5,10,C.Hubbard,CAR,ARI,RB,8.479818811072214,0.4018633099571147,Medium,ROUTE_PROXY_UNVALIDATED|LOW_CURRENT_SAMPLE,HISTORICAL TEST ONLY,"Research only - no odds, edge, or betting recommendation."
9.5,11,J.Cook,BUF,KC,RB,8.302932565854961,0.3852891770119139,Medium,ROUTE_PROXY_UNVALIDATED|LOW_CURRENT_SAMPLE,HISTORICAL TEST ONLY,"Research only - no odds, edge, or betting recommendation."
9.5,12,T.Etienne,JAX,IND,RB,8.221121594455049,0.377691840158047,Medium,ROUTE_PROXY_UNVALIDATED|LOW_CURRENT_SAMPLE,HISTORICAL TEST ONLY,"Research only - no odds, edge, or betting recommendation."
9.5,13,A.Jones,MIN,LA,RB,8.171539962267742,0.373110178548411,Medium,ROUTE_PROXY_UNVALIDATED|LOW_CURRENT_SAMPLE,HISTORICAL TEST ONLY,"Research only - no odds, edge, or betting recommendation."
9.5,14,K.Walker,SEA,MIN,RB,7.669896167484988,0.32785896858023933,Medium,ROUTE_PROXY_UNVALIDATED|LOW_CURRENT_SAMPLE,HISTORICAL TEST ONLY,"Research only - no odds, edge, or betting recommendation."
9.5,15,T.Allgeier,ATL,CAR,RB,7.616988634553649,0.3232169905286759,Medium,ROUTE_PROXY_UNVALIDATED|LOW_CURRENT_SAMPLE,HISTORICAL TEST ONLY,"Research only - no odds, edge, or betting recommendation."
9.5,16,R.White,TB,WAS,RB,7.396247139956839,0.3041516927398885,Medium,ROUTE_PROXY_UNVALIDATED|LOW_CURRENT_SAMPLE,HISTORICAL TEST ONLY,"Research only - no odds, edge, or betting recommendation."
9.5,17,J.Jacobs,GB,PHI,RB,7.395037398519733,0.3040485991014772,Medium,ROUTE_PROXY_UNVALIDATED|LOW_CURRENT_SAMPLE,HISTORICAL TEST ONLY,"Research only - no odds, edge, or betting recommendation."
9.5,18,T.Bigsby,JAX,IND,RB,7.309434882654873,0.29679352885996924,Medium,ROUTE_PROXY_UNVALIDATED|LOW_CURRENT_SAMPLE,HISTORICAL TEST ONLY,"Research only - no odds, edge, or betting recommendation."
9.5,19,C.Brown,CIN,DEN,RB,7.113046577439101,0.2804559845714174,Medium,ROUTE_PROXY_UNVALIDATED|LOW_CURRENT_SAMPLE,HISTORICAL TEST ONLY,"Research only - no odds, edge, or betting recommendation."
9.5,20,J.Conner,ARI,LA,RB,6.2613690922643,0.21506616489797525,Medium,ROUTE_PROXY_UNVALIDATED|LOW_CURRENT_SAMPLE,HISTORICAL TEST ONLY,"Research only - no odds, edge, or betting recommendation."
9.5,21,N.Harris,PIT,BAL,RB,6.209308017185189,0.2113783408630001,Medium,ROUTE_PROXY_UNVALIDATED|LOW_CURRENT_SAMPLE,HISTORICAL TEST ONLY,"Research only - no odds, edge, or betting recommendation."
9.5,22,J.Dobbins,LAC,HOU,RB,6.190958558024488,0.2100874098395984,Medium,ROUTE_PROXY_UNVALIDATED|LOW_CURRENT_SAMPLE,HISTORICAL TEST ONLY,"Research only - no odds, edge, or betting recommendation."
9.5,23,J.Gibbs,DET,WAS,RB,6.177847928971912,0.20916788739011594,Medium,ROUTE_PROXY_UNVALIDATED|LOW_CURRENT_SAMPLE,HISTORICAL TEST ONLY,"Research only - no odds, edge, or betting recommendation."
9.5,24,D.Montgomery,DET,WAS,RB,5.825244157887851,0.1853374359752501,Medium,ROUTE_PROXY_UNVALIDATED|LOW_CURRENT_SAMPLE,HISTORICAL TEST ONLY,"Research only - no odds, edge, or betting recommendation."
9.5,25,B.Robinson,WAS,PHI,RB,5.796725935410487,0.18348666088476173,Medium,ROUTE_PROXY_UNVALIDATED|LOW_CURRENT_SAMPLE,HISTORICAL TEST ONLY,"Research only - no odds, edge, or betting recommendation."
10.5,1,J.Taylor,IND,JAX,RB,14.714235572200463,0.8477033430236578,Medium,ROUTE_PROXY_UNVALIDATED|LOW_CURRENT_SAMPLE,HISTORICAL TEST ONLY,"Research only - no odds, edge, or betting recommendation."
10.5,2,D.Henry,BAL,BUF,RB,14.70748572420501,0.8473157293701028,Medium,ROUTE_PROXY_UNVALIDATED|LOW_CURRENT_SAMPLE,HISTORICAL TEST ONLY,"Research only - no odds, edge, or betting recommendation."
10.5,3,B.Robinson,ATL,CAR,RB,14.253459230476937,0.8197421659245059,Medium,ROUTE_PROXY_UNVALIDATED|LOW_CURRENT_SAMPLE,HISTORICAL TEST ONLY,"Research only - no odds, edge, or betting recommendation."
10.5,4,S.Barkley,PHI,KC,RB,11.597620949372056,0.6054164120131813,Medium,ROUTE_PROXY_UNVALIDATED|LOW_CURRENT_SAMPLE,HISTORICAL TEST ONLY,"Research only - no odds, edge, or betting recommendation."
10.5,5,J.Mixon,HOU,KC,RB,9.958632501037004,0.4475384453948055,Medium,ROUTE_PROXY_UNVALIDATED|LOW_CURRENT_SAMPLE,HISTORICAL TEST ONLY,"Research only - no odds, edge, or betting recommendation."
10.5,6,T.Pollard,TEN,HOU,RB,9.934639469149408,0.44522773834646745,Medium,ROUTE_PROXY_UNVALIDATED|LOW_CURRENT_SAMPLE,HISTORICAL TEST ONLY,"Research only - no odds, edge, or betting recommendation."
10.5,7,R.Dowdle,DAL,WAS,RB,9.510990683979092,0.4048034148117754,Medium,ROUTE_PROXY_UNVALIDATED|LOW_CURRENT_SAMPLE,HISTORICAL TEST ONLY,"Research only - no odds, edge, or betting recommendation."
10.5,8,B.Irving,TB,WAS,RB,8.649815168553095,0.3260939274112068,Medium,ROUTE_PROXY_UNVALIDATED|LOW_CURRENT_SAMPLE,HISTORICAL TEST ONLY,"Research only - no odds, edge, or betting recommendation."
10.5,9,D.Swift,CHI,GB,RB,8.525546005271234,0.3152588989318098,Medium,ROUTE_PROXY_UNVALIDATED|LOW_CURRENT_SAMPLE,HISTORICAL TEST ONLY,"Research only - no odds, edge, or betting recommendation."
10.5,10,C.Hubbard,CAR,ARI,RB,8.479818811072214,0.31131096342697206,Medium,ROUTE_PROXY_UNVALIDATED|LOW_CURRENT_SAMPLE,HISTORICAL TEST ONLY,"Research only - no odds, edge, or betting recommendation."
10.5,11,J.Cook,BUF,KC,RB,8.302932565854961,0.29624569067720263,Medium,ROUTE_PROXY_UNVALIDATED|LOW_CURRENT_SAMPLE,HISTORICAL TEST ONLY,"Research only - no odds, edge, or betting recommendation."
10.5,12,T.Etienne,JAX,IND,RB,8.221121594455049,0.2893928783848444,Medium,ROUTE_PROXY_UNVALIDATED|LOW_CURRENT_SAMPLE,HISTORICAL TEST ONLY,"Research only - no odds, edge, or betting recommendation."
10.5,13,A.Jones,MIN,LA,RB,8.171539962267742,0.285276300773335,Medium,ROUTE_PROXY_UNVALIDATED|LOW_CURRENT_SAMPLE,HISTORICAL TEST ONLY,"Research only - no odds, edge, or betting recommendation."
10.5,14,K.Walker,SEA,MIN,RB,7.669896167484988,0.24527206108026733,Medium,ROUTE_PROXY_UNVALIDATED|LOW_CURRENT_SAMPLE,HISTORICAL TEST ONLY,"Research only - no odds, edge, or betting recommendation."
10.5,15,T.Allgeier,ATL,CAR,RB,7.616988634553649,0.24123591696252955,Medium,ROUTE_PROXY_UNVALIDATED|LOW_CURRENT_SAMPLE,HISTORICAL TEST ONLY,"Research only - no odds, edge, or betting recommendation."
10.5,16,R.White,TB,WAS,RB,7.396247139956839,0.22479237608462954,Medium,ROUTE_PROXY_UNVALIDATED|LOW_CURRENT_SAMPLE,HISTORICAL TEST ONLY,"Research only - no odds, edge, or betting recommendation."
10.5,17,J.Jacobs,GB,PHI,RB,7.395037398519733,0.2247040461563602,Medium,ROUTE_PROXY_UNVALIDATED|LOW_CURRENT_SAMPLE,HISTORICAL TEST ONLY,"Research only - no odds, edge, or betting recommendation."
10.5,18,T.Bigsby,JAX,IND,RB,7.309434882654873,0.2185039079952218,Medium,ROUTE_PROXY_UNVALIDATED|LOW_CURRENT_SAMPLE,HISTORICAL TEST ONLY,"Research only - no odds, edge, or betting recommendation."
10.5,19,C.Brown,CIN,DEN,RB,7.113046577439101,0.20465792535795024,Medium,ROUTE_PROXY_UNVALIDATED|LOW_CURRENT_SAMPLE,HISTORICAL TEST ONLY,"Research only - no odds, edge, or betting recommendation."
10.5,20,J.Conner,ARI,LA,RB,6.2613690922643,0.15090119279373648,Medium,ROUTE_PROXY_UNVALIDATED|LOW_CURRENT_SAMPLE,HISTORICAL TEST ONLY,"Research only - no odds, edge, or betting recommendation."
10.5,21,N.Harris,PIT,BAL,RB,6.209308017185189,0.14795173519739568,Medium,ROUTE_PROXY_UNVALIDATED|LOW_CURRENT_SAMPLE,HISTORICAL TEST ONLY,"Research only - no odds, edge, or betting recommendation."
10.5,22,J.Dobbins,LAC,HOU,RB,6.190958558024488,0.14692142856406343,Medium,ROUTE_PROXY_UNVALIDATED|LOW_CURRENT_SAMPLE,HISTORICAL TEST ONLY,"Research only - no odds, edge, or betting recommendation."
10.5,23,J.Gibbs,DET,WAS,RB,6.177847928971912,0.1461882322153174,Medium,ROUTE_PROXY_UNVALIDATED|LOW_CURRENT_SAMPLE,HISTORICAL TEST ONLY,"Research only - no odds, edge, or betting recommendation."
10.5,24,D.Montgomery,DET,WAS,RB,5.825244157887851,0.1273889799954514,Medium,ROUTE_PROXY_UNVALIDATED|LOW_CURRENT_SAMPLE,HISTORICAL TEST ONLY,"Research only - no odds, edge, or betting recommendation."
10.5,25,B.Robinson,WAS,PHI,RB,5.796725935410487,0.12594557708470622,Medium,ROUTE_PROXY_UNVALIDATED|LOW_CURRENT_SAMPLE,HISTORICAL TEST ONLY,"Research only - no odds, edge, or betting recommendation."
11.5,1,J.Taylor,IND,JAX,RB,14.714235572200463,0.7831929806504274,Medium,ROUTE_PROXY_UNVALIDATED|LOW_CURRENT_SAMPLE,HISTORICAL TEST ONLY,"Research only - no odds, edge, or betting recommendation."
11.5,2,D.Henry,BAL,BUF,RB,14.70748572420501,0.7827098754278041,Medium,ROUTE_PROXY_UNVALIDATED|LOW_CURRENT_SAMPLE,HISTORICAL TEST ONLY,"Research only - no odds, edge, or betting recommendation."
11.5,3,B.Robinson,ATL,CAR,RB,14.253459230476937,0.7488171711576573,Medium,ROUTE_PROXY_UNVALIDATED|LOW_CURRENT_SAMPLE,HISTORICAL TEST ONLY,"Research only - no odds, edge, or betting recommendation."
11.5,4,S.Barkley,PHI,KC,RB,11.597620949372056,0.5094865557778815,Medium,ROUTE_PROXY_UNVALIDATED|LOW_CURRENT_SAMPLE,HISTORICAL TEST ONLY,"Research only - no odds, edge, or betting recommendation."
11.5,5,J.Mixon,HOU,KC,RB,9.958632501037004,0.3536466817455636,Medium,ROUTE_PROXY_UNVALIDATED|LOW_CURRENT_SAMPLE,HISTORICAL TEST ONLY,"Research only - no odds, edge, or betting recommendation."
11.5,6,T.Pollard,TEN,HOU,RB,9.934639469149408,0.35147600148971914,Medium,ROUTE_PROXY_UNVALIDATED|LOW_CURRENT_SAMPLE,HISTORICAL TEST ONLY,"Research only - no odds, edge, or betting recommendation."
11.5,7,R.Dowdle,DAL,WAS,RB,9.510990683979092,0.31399992123034703,Medium,ROUTE_PROXY_UNVALIDATED|LOW_CURRENT_SAMPLE,HISTORICAL TEST ONLY,"Research only - no odds, edge, or betting recommendation."
11.5,8,B.Irving,TB,WAS,RB,8.649815168553095,0.24373588594072748,Medium,ROUTE_PROXY_UNVALIDATED|LOW_CURRENT_SAMPLE,HISTORICAL TEST ONLY,"Research only - no odds, edge, or betting recommendation."
11.5,9,D.Swift,CHI,GB,RB,8.525546005271234,0.23434599911987897,Medium,ROUTE_PROXY_UNVALIDATED|LOW_CURRENT_SAMPLE,HISTORICAL TEST ONLY,"Research only - no odds, edge, or betting recommendation."
11.5,10,C.Hubbard,CAR,ARI,RB,8.479818811072214,0.23094187373909691,Medium,ROUTE_PROXY_UNVALIDATED|LOW_CURRENT_SAMPLE,HISTORICAL TEST ONLY,"Research only - no odds, edge, or betting recommendation."
11.5,11,J.Cook,BUF,KC,RB,8.302932565854961,0.21803700931843784,Medium,ROUTE_PROXY_UNVALIDATED|LOW_CURRENT_SAMPLE,HISTORICAL TEST ONLY,"Research only - no odds, edge, or betting recommendation."
11.5,12,T.Etienne,JAX,IND,RB,8.221121594455049,0.2122119088350648,Medium,ROUTE_PROXY_UNVALIDATED|LOW_CURRENT_SAMPLE,HISTORICAL TEST ONLY,"Research only - no odds, edge, or betting recommendation."
11.5,13,A.Jones,MIN,LA,RB,8.171539962267742,0.2087263196644178,Medium,ROUTE_PROXY_UNVALIDATED|LOW_CURRENT_SAMPLE,HISTORICAL TEST ONLY,"Research only - no odds, edge, or betting recommendation."
11.5,14,K.Walker,SEA,MIN,RB,7.669896167484988,0.17539594661899827,Medium,ROUTE_PROXY_UNVALIDATED|LOW_CURRENT_SAMPLE,HISTORICAL TEST ONLY,"Research only - no odds, edge, or betting recommendation."
11.5,15,T.Allgeier,ATL,CAR,RB,7.616988634553649,0.17208877385115662,Medium,ROUTE_PROXY_UNVALIDATED|LOW_CURRENT_SAMPLE,HISTORICAL TEST ONLY,"Research only - no odds, edge, or betting recommendation."
11.5,16,R.White,TB,WAS,RB,7.396247139956839,0.15872344711561148,Medium,ROUTE_PROXY_UNVALIDATED|LOW_CURRENT_SAMPLE,HISTORICAL TEST ONLY,"Research only - no odds, edge, or betting recommendation."
11.5,17,J.Jacobs,GB,PHI,RB,7.395037398519733,0.15865212730726908,Medium,ROUTE_PROXY_UNVALIDATED|LOW_CURRENT_SAMPLE,HISTORICAL TEST ONLY,"Research only - no odds, edge, or betting recommendation."
11.5,18,T.Bigsby,JAX,IND,RB,7.309434882654873,0.15365881964577843,Medium,ROUTE_PROXY_UNVALIDATED|LOW_CURRENT_SAMPLE,HISTORICAL TEST ONLY,"Research only - no odds, edge, or betting recommendation."
11.5,19,C.Brown,CIN,DEN,RB,7.113046577439101,0.14260042762426994,Medium,ROUTE_PROXY_UNVALIDATED|LOW_CURRENT_SAMPLE,HISTORICAL TEST ONLY,"Research only - no odds, edge, or betting recommendation."
11.5,20,J.Conner,ARI,LA,RB,6.2613690922643,0.10094476781174455,Medium,ROUTE_PROXY_UNVALIDATED|LOW_CURRENT_SAMPLE,HISTORICAL TEST ONLY,"Research only - no odds, edge, or betting recommendation."
11.5,21,N.Harris,PIT,BAL,RB,6.209308017185189,0.0987217612353728,Medium,ROUTE_PROXY_UNVALIDATED|LOW_CURRENT_SAMPLE,HISTORICAL TEST ONLY,"Research only - no odds, edge, or betting recommendation."
11.5,22,J.Dobbins,LAC,HOU,RB,6.190958558024488,0.09794684229522987,Medium,ROUTE_PROXY_UNVALIDATED|LOW_CURRENT_SAMPLE,HISTORICAL TEST ONLY,"Research only - no odds, edge, or betting recommendation."
11.5,23,J.Gibbs,DET,WAS,RB,6.177847928971912,0.09739590198252368,Medium,ROUTE_PROXY_UNVALIDATED|LOW_CURRENT_SAMPLE,HISTORICAL TEST ONLY,"Research only - no odds, edge, or betting recommendation."
11.5,24,D.Montgomery,DET,WAS,RB,5.825244157887851,0.0834196411995769,Medium,ROUTE_PROXY_UNVALIDATED|LOW_CURRENT_SAMPLE,HISTORICAL TEST ONLY,"Research only - no odds, edge, or betting recommendation."
11.5,25,B.Robinson,WAS,PHI,RB,5.796725935410487,0.08235880607644619,Medium,ROUTE_PROXY_UNVALIDATED|LOW_CURRENT_SAMPLE,HISTORICAL TEST ONLY,"Research only - no odds, edge, or betting recommendation."
12.5,1,J.Taylor,IND,JAX,RB,14.714235572200463,0.7051985387015827,Medium,ROUTE_PROXY_UNVALIDATED|LOW_CURRENT_SAMPLE,HISTORICAL TEST ONLY,"Research only - no odds, edge, or betting recommendation."
12.5,2,D.Henry,BAL,BUF,RB,14.70748572420501,0.7046311108052747,Medium,ROUTE_PROXY_UNVALIDATED|LOW_CURRENT_SAMPLE,HISTORICAL TEST ONLY,"Research only - no odds, edge, or betting recommendation."
12.5,3,B.Robinson,ATL,CAR,RB,14.253459230476937,0.6653691410601144,Medium,ROUTE_PROXY_UNVALIDATED|LOW_CURRENT_SAMPLE,HISTORICAL TEST ONLY,"Research only - no odds, edge, or betting recommendation."
12.5,4,S.Barkley,PHI,KC,RB,11.597620949372056,0.41300208249448833,Medium,ROUTE_PROXY_UNVALIDATED|LOW_CURRENT_SAMPLE,HISTORICAL TEST ONLY,"Research only - no odds, edge, or betting recommendation."
12.5,5,J.Mixon,HOU,KC,RB,9.958632501037004,0.2679237981455621,Medium,ROUTE_PROXY_UNVALIDATED|LOW_CURRENT_SAMPLE,HISTORICAL TEST ONLY,"Research only - no odds, edge, or betting recommendation."
12.5,6,T.Pollard,TEN,HOU,RB,9.934639469149408,0.2660021530795099,Medium,ROUTE_PROXY_UNVALIDATED|LOW_CURRENT_SAMPLE,HISTORICAL TEST ONLY,"Research only - no odds, edge, or betting recommendation."
12.5,7,R.Dowdle,DAL,WAS,RB,9.510990683979092,0.2332594367870895,Medium,ROUTE_PROXY_UNVALIDATED|LOW_CURRENT_SAMPLE,HISTORICAL TEST ONLY,"Research only - no odds, edge, or betting recommendation."
12.5,8,B.Irving,TB,WAS,RB,8.649815168553095,0.17413599764959375,Medium,ROUTE_PROXY_UNVALIDATED|LOW_CURRENT_SAMPLE,HISTORICAL TEST ONLY,"Research only - no odds, edge, or betting recommendation."
12.5,9,D.Swift,CHI,GB,RB,8.525546005271234,0.16646734785514306,Medium,ROUTE_PROXY_UNVALIDATED|LOW_CURRENT_SAMPLE,HISTORICAL TEST ONLY,"Research only - no odds, edge, or betting recommendation."
12.5,10,C.Hubbard,CAR,ARI,RB,8.479818811072214,0.16370124967171718,Medium,ROUTE_PROXY_UNVALIDATED|LOW_CURRENT_SAMPLE,HISTORICAL TEST ONLY,"Research only - no odds, edge, or betting recommendation."
12.5,11,J.Cook,BUF,KC,RB,8.302932565854961,0.153283830003207,Medium,ROUTE_PROXY_UNVALIDATED|LOW_CURRENT_SAMPLE,HISTORICAL TEST ONLY,"Research only - no odds, edge, or betting recommendation."
12.5,12,T.Etienne,JAX,IND,RB,8.221121594455049,0.14861761077835833,Medium,ROUTE_PROXY_UNVALIDATED|LOW_CURRENT_SAMPLE,HISTORICAL TEST ONLY,"Research only - no odds, edge, or betting recommendation."
12.5,13,A.Jones,MIN,LA,RB,8.171539962267742,0.1458363437986675,Medium,ROUTE_PROXY_UNVALIDATED|LOW_CURRENT_SAMPLE,HISTORICAL TEST ONLY,"Research only - no odds, edge, or betting recommendation."
12.5,14,K.Walker,SEA,MIN,RB,7.669896167484988,0.11966460070070073,Medium,ROUTE_PROXY_UNVALIDATED|LOW_CURRENT_SAMPLE,HISTORICAL TEST ONLY,"Research only - no odds, edge, or betting recommendation."
12.5,15,T.Allgeier,ATL,CAR,RB,7.616988634553649,0.1171108780005603,Medium,ROUTE_PROXY_UNVALIDATED|LOW_CURRENT_SAMPLE,HISTORICAL TEST ONLY,"Research only - no odds, edge, or betting recommendation."
12.5,16,R.White,TB,WAS,RB,7.396247139956839,0.106873321621615,Medium,ROUTE_PROXY_UNVALIDATED|LOW_CURRENT_SAMPLE,HISTORICAL TEST ONLY,"Research only - no odds, edge, or betting recommendation."
12.5,17,J.Jacobs,GB,PHI,RB,7.395037398519733,0.10681905425641314,Medium,ROUTE_PROXY_UNVALIDATED|LOW_CURRENT_SAMPLE,HISTORICAL TEST ONLY,"Research only - no odds, edge, or betting recommendation."
12.5,18,T.Bigsby,JAX,IND,RB,7.309434882654873,0.10302937462687534,Medium,ROUTE_PROXY_UNVALIDATED|LOW_CURRENT_SAMPLE,HISTORICAL TEST ONLY,"Research only - no odds, edge, or betting recommendation."
12.5,19,C.Brown,CIN,DEN,RB,7.113046577439101,0.09470615461631327,Medium,ROUTE_PROXY_UNVALIDATED|LOW_CURRENT_SAMPLE,HISTORICAL TEST ONLY,"Research only - no odds, edge, or betting recommendation."
12.5,20,J.Conner,ARI,LA,RB,6.2613690922643,0.06428095041835524,Medium,ROUTE_PROXY_UNVALIDATED|LOW_CURRENT_SAMPLE,HISTORICAL TEST ONLY,"Research only - no odds, edge, or betting recommendation."
12.5,21,N.Harris,PIT,BAL,RB,6.209308017185189,0.062702009198772,Medium,ROUTE_PROXY_UNVALIDATED|LOW_CURRENT_SAMPLE,HISTORICAL TEST ONLY,"Research only - no odds, edge, or betting recommendation."
12.5,22,J.Dobbins,LAC,HOU,RB,6.190958558024488,0.062152756274915566,Medium,ROUTE_PROXY_UNVALIDATED|LOW_CURRENT_SAMPLE,HISTORICAL TEST ONLY,"Research only - no odds, edge, or betting recommendation."
12.5,23,J.Gibbs,DET,WAS,RB,6.177847928971912,0.06176262109895503,Medium,ROUTE_PROXY_UNVALIDATED|LOW_CURRENT_SAMPLE,HISTORICAL TEST ONLY,"Research only - no odds, edge, or betting recommendation."
12.5,24,D.Montgomery,DET,WAS,RB,5.825244157887851,0.051970347743641176,Medium,ROUTE_PROXY_UNVALIDATED|LOW_CURRENT_SAMPLE,HISTORICAL TEST ONLY,"Research only - no odds, edge, or betting recommendation."
12.5,25,B.Robinson,WAS,PHI,RB,5.796725935410487,0.05123560621676182,Medium,ROUTE_PROXY_UNVALIDATED|LOW_CURRENT_SAMPLE,HISTORICAL TEST ONLY,"Research only - no odds, edge, or betting recommendation."
13.5,1,J.Taylor,IND,JAX,RB,14.714235572200463,0.6163088977666503,Medium,ROUTE_PROXY_UNVALIDATED|LOW_CURRENT_SAMPLE,HISTORICAL TEST ONLY,"Research only - no odds, edge, or betting recommendation."
13.5,2,D.Henry,BAL,BUF,RB,14.70748572420501,0.6156808308488497,Medium,ROUTE_PROXY_UNVALIDATED|LOW_CURRENT_SAMPLE,HISTORICAL TEST ONLY,"Research only - no odds, edge, or betting recommendation."
13.5,3,B.Robinson,ATL,CAR,RB,14.253459230476937,0.5728170490292659,Medium,ROUTE_PROXY_UNVALIDATED|LOW_CURRENT_SAMPLE,HISTORICAL TEST ONLY,"Research only - no odds, edge, or betting recommendation."
13.5,4,S.Barkley,PHI,KC,RB,11.597620949372056,0.3215245269383259,Medium,ROUTE_PROXY_UNVALIDATED|LOW_CURRENT_SAMPLE,HISTORICAL TEST ONLY,"Research only - no odds, edge, or betting recommendation."
13.5,5,J.Mixon,HOU,KC,RB,9.958632501037004,0.19414706152651018,Medium,ROUTE_PROXY_UNVALIDATED|LOW_CURRENT_SAMPLE,HISTORICAL TEST ONLY,"Research only - no odds, edge, or betting recommendation."
13.5,6,T.Pollard,TEN,HOU,RB,9.934639469149408,0.1925439016068825,Medium,ROUTE_PROXY_UNVALIDATED|LOW_CURRENT_SAMPLE,HISTORICAL TEST ONLY,"Research only - no odds, edge, or betting recommendation."
13.5,7,R.Dowdle,DAL,WAS,RB,9.510990683979092,0.1655836220050919,Medium,ROUTE_PROXY_UNVALIDATED|LOW_CURRENT_SAMPLE,HISTORICAL TEST ONLY,"Research only - no odds, edge, or betting recommendation."
13.5,8,B.Irving,TB,WAS,RB,8.649815168553095,0.11869075195543521,Medium,ROUTE_PROXY_UNVALIDATED|LOW_CURRENT_SAMPLE,HISTORICAL TEST ONLY,"Research only - no odds, edge, or betting recommendation."
13.5,9,D.Swift,CHI,GB,RB,8.525546005271234,0.11278866369134466,Medium,ROUTE_PROXY_UNVALIDATED|LOW_CURRENT_SAMPLE,HISTORICAL TEST ONLY,"Research only - no odds, edge, or betting recommendation."
13.5,10,C.Hubbard,CAR,ARI,RB,8.479818811072214,0.11067051628326441,Medium,ROUTE_PROXY_UNVALIDATED|LOW_CURRENT_SAMPLE,HISTORICAL TEST ONLY,"Research only - no odds, edge, or betting recommendation."
13.5,11,J.Cook,BUF,KC,RB,8.302932565854961,0.102745555156037,Medium,ROUTE_PROXY_UNVALIDATED|LOW_CURRENT_SAMPLE,HISTORICAL TEST ONLY,"Research only - no odds, edge, or betting recommendation."
13.5,12,T.Etienne,JAX,IND,RB,8.221121594455049,0.09922303093622664,Medium,ROUTE_PROXY_UNVALIDATED|LOW_CURRENT_SAMPLE,HISTORICAL TEST ONLY,"Research only - no odds, edge, or betting recommendation."
13.5,13,A.Jones,MIN,LA,RB,8.171539962267742,0.09713163743572217,Medium,ROUTE_PROXY_UNVALIDATED|LOW_CURRENT_SAMPLE,HISTORICAL TEST ONLY,"Research only - no odds, edge, or betting recommendation."
13.5,14,K.Walker,SEA,MIN,RB,7.669896167484988,0.07776369740896927,Medium,ROUTE_PROXY_UNVALIDATED|LOW_CURRENT_SAMPLE,HISTORICAL TEST ONLY,"Research only - no odds, edge, or betting recommendation."
13.5,15,T.Allgeier,ATL,CAR,RB,7.616988634553649,0.07590539142068176,Medium,ROUTE_PROXY_UNVALIDATED|LOW_CURRENT_SAMPLE,HISTORICAL TEST ONLY,"Research only - no odds, edge, or betting recommendation."
13.5,16,R.White,TB,WAS,RB,7.396247139956839,0.06851537300589983,Medium,ROUTE_PROXY_UNVALIDATED|LOW_CURRENT_SAMPLE,HISTORICAL TEST ONLY,"Research only - no odds, edge, or betting recommendation."
13.5,17,J.Jacobs,GB,PHI,RB,7.395037398519733,0.06847646010715858,Medium,ROUTE_PROXY_UNVALIDATED|LOW_CURRENT_SAMPLE,HISTORICAL TEST ONLY,"Research only - no odds, edge, or betting recommendation."
13.5,18,T.Bigsby,JAX,IND,RB,7.309434882654873,0.06576599462046706,Medium,ROUTE_PROXY_UNVALIDATED|LOW_CURRENT_SAMPLE,HISTORICAL TEST ONLY,"Research only - no odds, edge, or betting recommendation."
13.5,19,C.Brown,CIN,DEN,RB,7.113046577439101,0.05986232614691023,Medium,ROUTE_PROXY_UNVALIDATED|LOW_CURRENT_SAMPLE,HISTORICAL TEST ONLY,"Research only - no odds, edge, or betting recommendation."
13.5,20,J.Conner,ARI,LA,RB,6.2613690922643,0.03891583943711119,Medium,ROUTE_PROXY_UNVALIDATED|LOW_CURRENT_SAMPLE,HISTORICAL TEST ONLY,"Research only - no odds, edge, or betting recommendation."
13.5,21,N.Harris,PIT,BAL,RB,6.209308017185189,0.037858978607735794,Medium,ROUTE_PROXY_UNVALIDATED|LOW_CURRENT_SAMPLE,HISTORICAL TEST ONLY,"Research only - no odds, edge, or betting recommendation."
13.5,22,J.Dobbins,LAC,HOU,RB,6.190958558024488,0.03749210641032685,Medium,ROUTE_PROXY_UNVALIDATED|LOW_CURRENT_SAMPLE,HISTORICAL TEST ONLY,"Research only - no odds, edge, or betting recommendation."
13.5,23,J.Gibbs,DET,WAS,RB,6.177847928971912,0.03723175977530713,Medium,ROUTE_PROXY_UNVALIDATED|LOW_CURRENT_SAMPLE,HISTORICAL TEST ONLY,"Research only - no odds, edge, or betting recommendation."
13.5,24,D.Montgomery,DET,WAS,RB,5.825244157887851,0.03076602078081947,Medium,ROUTE_PROXY_UNVALIDATED|LOW_CURRENT_SAMPLE,HISTORICAL TEST ONLY,"Research only - no odds, edge, or betting recommendation."
13.5,25,B.Robinson,WAS,PHI,RB,5.796725935410487,0.03028645557594456,Medium,ROUTE_PROXY_UNVALIDATED|LOW_CURRENT_SAMPLE,HISTORICAL TEST ONLY,"Research only - no odds, edge, or betting recommendation."
14.5,1,J.Taylor,IND,JAX,RB,14.714235572200463,0.5208113827605704,Medium,ROUTE_PROXY_UNVALIDATED|LOW_CURRENT_SAMPLE,HISTORICAL TEST ONLY,"Research only - no odds, edge, or betting recommendation."
14.5,2,D.Henry,BAL,BUF,RB,14.70748572420501,0.5201562528343628,Medium,ROUTE_PROXY_UNVALIDATED|LOW_CURRENT_SAMPLE,HISTORICAL TEST ONLY,"Research only - no odds, edge, or betting recommendation."
14.5,3,B.Robinson,ATL,CAR,RB,14.253459230476937,0.4760539334667624,Medium,ROUTE_PROXY_UNVALIDATED|LOW_CURRENT_SAMPLE,HISTORICAL TEST ONLY,"Research only - no odds, edge, or betting recommendation."
14.5,4,S.Barkley,PHI,KC,RB,11.597620949372056,0.2397674952755795,Medium,ROUTE_PROXY_UNVALIDATED|LOW_CURRENT_SAMPLE,HISTORICAL TEST ONLY,"Research only - no odds, edge, or betting recommendation."
14.5,5,J.Mixon,HOU,KC,RB,9.958632501037004,0.134292756596881,Medium,ROUTE_PROXY_UNVALIDATED|LOW_CURRENT_SAMPLE,HISTORICAL TEST ONLY,"Research only - no odds, edge, or betting recommendation."
14.5,6,T.Pollard,TEN,HOU,RB,9.934639469149408,0.13303236102050908,Medium,ROUTE_PROXY_UNVALIDATED|LOW_CURRENT_SAMPLE,HISTORICAL TEST ONLY,"Research only - no odds, edge, or betting recommendation."
14.5,7,R.Dowdle,DAL,WAS,RB,9.510990683979092,0.11211132360625231,Medium,ROUTE_PROXY_UNVALIDATED|LOW_CURRENT_SAMPLE,HISTORICAL TEST ONLY,"Research only - no odds, edge, or betting recommendation."
14.5,8,B.Irving,TB,WAS,RB,8.649815168553095,0.07705435423687401,Medium,ROUTE_PROXY_UNVALIDATED|LOW_CURRENT_SAMPLE,HISTORICAL TEST ONLY,"Research only - no odds, edge, or betting recommendation."
14.5,9,D.Swift,CHI,GB,RB,8.525546005271234,0.07277359559789165,Medium,ROUTE_PROXY_UNVALIDATED|LOW_CURRENT_SAMPLE,HISTORICAL TEST ONLY,"Research only - no odds, edge, or betting recommendation."
14.5,10,C.Hubbard,CAR,ARI,RB,8.479818811072214,0.07124507493062415,Medium,ROUTE_PROXY_UNVALIDATED|LOW_CURRENT_SAMPLE,HISTORICAL TEST ONLY,"Research only - no odds, edge, or betting recommendation."
14.5,11,J.Cook,BUF,KC,RB,8.302932565854961,0.06556355692540028,Medium,ROUTE_PROXY_UNVALIDATED|LOW_CURRENT_SAMPLE,HISTORICAL TEST ONLY,"Research only - no odds, edge, or betting recommendation."
14.5,12,T.Etienne,JAX,IND,RB,8.221121594455049,0.06305762096084044,Medium,ROUTE_PROXY_UNVALIDATED|LOW_CURRENT_SAMPLE,HISTORICAL TEST ONLY,"Research only - no odds, edge, or betting recommendation."
14.5,13,A.Jones,MIN,LA,RB,8.171539962267742,0.061575596333499405,Medium,ROUTE_PROXY_UNVALIDATED|LOW_CURRENT_SAMPLE,HISTORICAL TEST ONLY,"Research only - no odds, edge, or betting recommendation."
14.5,14,K.Walker,SEA,MIN,RB,7.669896167484988,0.04806755101018301,Medium,ROUTE_PROXY_UNVALIDATED|LOW_CURRENT_SAMPLE,HISTORICAL TEST ONLY,"Research only - no odds, edge, or betting recommendation."
14.5,15,T.Allgeier,ATL,CAR,RB,7.616988634553649,0.04679320503547679,Medium,ROUTE_PROXY_UNVALIDATED|LOW_CURRENT_SAMPLE,HISTORICAL TEST ONLY,"Research only - no odds, edge, or betting recommendation."
14.5,16,R.White,TB,WAS,RB,7.396247139956839,0.041765992781158445,Medium,ROUTE_PROXY_UNVALIDATED|LOW_CURRENT_SAMPLE,HISTORICAL TEST ONLY,"Research only - no odds, edge, or betting recommendation."
14.5,17,J.Jacobs,GB,PHI,RB,7.395037398519733,0.04173969768818142,Medium,ROUTE_PROXY_UNVALIDATED|LOW_CURRENT_SAMPLE,HISTORICAL TEST ONLY,"Research only - no odds, edge, or betting recommendation."
14.5,18,T.Bigsby,JAX,IND,RB,7.309434882654873,0.03991280735068847,Medium,ROUTE_PROXY_UNVALIDATED|LOW_CURRENT_SAMPLE,HISTORICAL TEST ONLY,"Research only - no odds, edge, or betting recommendation."
14.5,19,C.Brown,CIN,DEN,RB,7.113046577439101,0.03596656510850915,Medium,ROUTE_PROXY_UNVALIDATED|LOW_CURRENT_SAMPLE,HISTORICAL TEST ONLY,"Research only - no odds, edge, or betting recommendation."
14.5,20,J.Conner,ARI,LA,RB,6.2613690922643,0.02237382738143645,Medium,ROUTE_PROXY_UNVALIDATED|LOW_CURRENT_SAMPLE,HISTORICAL TEST ONLY,"Research only - no odds, edge, or betting recommendation."
14.5,21,N.Harris,PIT,BAL,RB,6.209308017185189,0.021707179864923765,Medium,ROUTE_PROXY_UNVALIDATED|LOW_CURRENT_SAMPLE,HISTORICAL TEST ONLY,"Research only - no odds, edge, or betting recommendation."
14.5,22,J.Dobbins,LAC,HOU,RB,6.190958558024488,0.021476248168326606,Medium,ROUTE_PROXY_UNVALIDATED|LOW_CURRENT_SAMPLE,HISTORICAL TEST ONLY,"Research only - no odds, edge, or betting recommendation."
14.5,23,J.Gibbs,DET,WAS,RB,6.177847928971912,0.02131252311944376,Medium,ROUTE_PROXY_UNVALIDATED|LOW_CURRENT_SAMPLE,HISTORICAL TEST ONLY,"Research only - no odds, edge, or betting recommendation."
14.5,24,D.Montgomery,DET,WAS,RB,5.825244157887851,0.01728910735663547,Medium,ROUTE_PROXY_UNVALIDATED|LOW_CURRENT_SAMPLE,HISTORICAL TEST ONLY,"Research only - no odds, edge, or betting recommendation."
14.5,25,B.Robinson,WAS,PHI,RB,5.796725935410487,0.016994131054958173,Medium,ROUTE_PROXY_UNVALIDATED|LOW_CURRENT_SAMPLE,HISTORICAL TEST ONLY,"Research only - no odds, edge, or betting recommendation."
15.5,1,J.Taylor,IND,JAX,RB,14.714235572200463,0.4240980241137282,Medium,ROUTE_PROXY_UNVALIDATED|LOW_CURRENT_SAMPLE,HISTORICAL TEST ONLY,"Research only - no odds, edge, or betting recommendation."
15.5,2,D.Henry,BAL,BUF,RB,14.70748572420501,0.4234540398679788,Medium,ROUTE_PROXY_UNVALIDATED|LOW_CURRENT_SAMPLE,HISTORICAL TEST ONLY,"Research only - no odds, edge, or betting recommendation."
15.5,3,B.Robinson,ATL,CAR,RB,14.253459230476937,0.38068939029968707,Medium,ROUTE_PROXY_UNVALIDATED|LOW_CURRENT_SAMPLE,HISTORICAL TEST ONLY,"Research only - no odds, edge, or betting recommendation."
15.5,4,S.Barkley,PHI,KC,RB,11.597620949372056,0.17088814556200105,Medium,ROUTE_PROXY_UNVALIDATED|LOW_CURRENT_SAMPLE,HISTORICAL TEST ONLY,"Research only - no odds, edge, or betting recommendation."
15.5,5,J.Mixon,HOU,KC,RB,9.958632501037004,0.08851816623884301,Medium,ROUTE_PROXY_UNVALIDATED|LOW_CURRENT_SAMPLE,HISTORICAL TEST ONLY,"Research only - no odds, edge, or betting recommendation."
15.5,6,T.Pollard,TEN,HOU,RB,9.934639469149408,0.08758434607754739,Medium,ROUTE_PROXY_UNVALIDATED|LOW_CURRENT_SAMPLE,HISTORICAL TEST ONLY,"Research only - no odds, edge, or betting recommendation."
15.5,7,R.Dowdle,DAL,WAS,RB,9.510990683979092,0.07228435520865628,Medium,ROUTE_PROXY_UNVALIDATED|LOW_CURRENT_SAMPLE,HISTORICAL TEST ONLY,"Research only - no odds, edge, or betting recommendation."
15.5,8,B.Irving,TB,WAS,RB,8.649815168553095,0.047580642229293035,Medium,ROUTE_PROXY_UNVALIDATED|LOW_CURRENT_SAMPLE,HISTORICAL TEST ONLY,"Research only - no odds, edge, or betting recommendation."
15.5,9,D.Swift,CHI,GB,RB,8.525546005271234,0.04465471156351464,Medium,ROUTE_PROXY_UNVALIDATED|LOW_CURRENT_SAMPLE,HISTORICAL TEST ONLY,"Research only - no odds, edge, or betting recommendation."
15.5,10,C.Hubbard,CAR,ARI,RB,8.479818811072214,0.04361523908511844,Medium,ROUTE_PROXY_UNVALIDATED|LOW_CURRENT_SAMPLE,HISTORICAL TEST ONLY,"Research only - no odds, edge, or betting recommendation."
15.5,11,J.Cook,BUF,KC,RB,8.302932565854961,0.03977673594668274,Medium,ROUTE_PROXY_UNVALIDATED|LOW_CURRENT_SAMPLE,HISTORICAL TEST ONLY,"Research only - no odds, edge, or betting recommendation."
15.5,12,T.Etienne,JAX,IND,RB,8.221121594455049,0.038096721245142406,Medium,ROUTE_PROXY_UNVALIDATED|LOW_CURRENT_SAMPLE,HISTORICAL TEST ONLY,"Research only - no odds, edge, or betting recommendation."
15.5,13,A.Jones,MIN,LA,RB,8.171539962267742,0.037107025554471984,Medium,ROUTE_PROXY_UNVALIDATED|LOW_CURRENT_SAMPLE,HISTORICAL TEST ONLY,"Research only - no odds, edge, or betting recommendation."
15.5,14,K.Walker,SEA,MIN,RB,7.669896167484988,0.028228111259097854,Medium,ROUTE_PROXY_UNVALIDATED|LOW_CURRENT_SAMPLE,HISTORICAL TEST ONLY,"Research only - no odds, edge, or betting recommendation."
15.5,15,T.Allgeier,ATL,CAR,RB,7.616988634553649,0.02740457236998739,Medium,ROUTE_PROXY_UNVALIDATED|LOW_CURRENT_SAMPLE,HISTORICAL TEST ONLY,"Research only - no odds, edge, or betting recommendation."
15.5,16,R.White,TB,WAS,RB,7.396247139956839,0.024181712594987248,Medium,ROUTE_PROXY_UNVALIDATED|LOW_CURRENT_SAMPLE,HISTORICAL TEST ONLY,"Research only - no odds, edge, or betting recommendation."
15.5,17,J.Jacobs,GB,PHI,RB,7.395037398519733,0.024164967712014485,Medium,ROUTE_PROXY_UNVALIDATED|LOW_CURRENT_SAMPLE,HISTORICAL TEST ONLY,"Research only - no odds, edge, or betting recommendation."
15.5,18,T.Bigsby,JAX,IND,RB,7.309434882654873,0.023004566192592057,Medium,ROUTE_PROXY_UNVALIDATED|LOW_CURRENT_SAMPLE,HISTORICAL TEST ONLY,"Research only - no odds, edge, or betting recommendation."
15.5,19,C.Brown,CIN,DEN,RB,7.113046577439101,0.020518705919833402,Medium,ROUTE_PROXY_UNVALIDATED|LOW_CURRENT_SAMPLE,HISTORICAL TEST ONLY,"Research only - no odds, edge, or betting recommendation."
15.5,20,J.Conner,ARI,LA,RB,6.2613690922643,0.012204503923078813,Medium,ROUTE_PROXY_UNVALIDATED|LOW_CURRENT_SAMPLE,HISTORICAL TEST ONLY,"Research only - no odds, edge, or betting recommendation."
15.5,21,N.Harris,PIT,BAL,RB,6.209308017185189,0.011808224653729993,Medium,ROUTE_PROXY_UNVALIDATED|LOW_CURRENT_SAMPLE,HISTORICAL TEST ONLY,"Research only - no odds, edge, or betting recommendation."
15.5,22,J.Dobbins,LAC,HOU,RB,6.190958558024488,0.011671237887618258,Medium,ROUTE_PROXY_UNVALIDATED|LOW_CURRENT_SAMPLE,HISTORICAL TEST ONLY,"Research only - no odds, edge, or betting recommendation."
15.5,23,J.Gibbs,DET,WAS,RB,6.177847928971912,0.011574208209757408,Medium,ROUTE_PROXY_UNVALIDATED|LOW_CURRENT_SAMPLE,HISTORICAL TEST ONLY,"Research only - no odds, edge, or betting recommendation."
15.5,24,D.Montgomery,DET,WAS,RB,5.825244157887851,0.009214742042492619,Medium,ROUTE_PROXY_UNVALIDATED|LOW_CURRENT_SAMPLE,HISTORICAL TEST ONLY,"Research only - no odds, edge, or betting recommendation."
15.5,25,B.Robinson,WAS,PHI,RB,5.796725935410487,0.00904375902784138,Medium,ROUTE_PROXY_UNVALIDATED|LOW_CURRENT_SAMPLE,HISTORICAL TEST ONLY,"Research only - no odds, edge, or betting recommendation."
16.5,1,J.Taylor,IND,JAX,RB,14.714235572200463,0.33176982889117457,Medium,ROUTE_PROXY_UNVALIDATED|LOW_CURRENT_SAMPLE,HISTORICAL TEST ONLY,"Research only - no odds, edge, or betting recommendation."
16.5,2,D.Henry,BAL,BUF,RB,14.70748572420501,0.3311732754814246,Medium,ROUTE_PROXY_UNVALIDATED|LOW_CURRENT_SAMPLE,HISTORICAL TEST ONLY,"Research only - no odds, edge, or betting recommendation."
16.5,3,B.Robinson,ATL,CAR,RB,14.253459230476937,0.2920927002242997,Medium,ROUTE_PROXY_UNVALIDATED|LOW_CURRENT_SAMPLE,HISTORICAL TEST ONLY,"Research only - no odds, edge, or betting recommendation."
16.5,4,S.Barkley,PHI,KC,RB,11.597620949372056,0.11618576948058457,Medium,ROUTE_PROXY_UNVALIDATED|LOW_CURRENT_SAMPLE,HISTORICAL TEST ONLY,"Research only - no odds, edge, or betting recommendation."
16.5,5,J.Mixon,HOU,KC,RB,9.958632501037004,0.05551873433791199,Medium,ROUTE_PROXY_UNVALIDATED|LOW_CURRENT_SAMPLE,HISTORICAL TEST ONLY,"Research only - no odds, edge, or betting recommendation."
16.5,6,T.Pollard,TEN,HOU,RB,9.934639469149408,0.054866736772094526,Medium,ROUTE_PROXY_UNVALIDATED|LOW_CURRENT_SAMPLE,HISTORICAL TEST ONLY,"Research only - no odds, edge, or betting recommendation."
16.5,7,R.Dowdle,DAL,WAS,RB,9.510990683979092,0.044321696304296276,Medium,ROUTE_PROXY_UNVALIDATED|LOW_CURRENT_SAMPLE,HISTORICAL TEST ONLY,"Research only - no odds, edge, or betting recommendation."
16.5,8,B.Irving,TB,WAS,RB,8.649815168553095,0.027913144188756123,Medium,ROUTE_PROXY_UNVALIDATED|LOW_CURRENT_SAMPLE,HISTORICAL TEST ONLY,"Research only - no odds, edge, or betting recommendation."
16.5,9,D.Swift,CHI,GB,RB,8.525546005271234,0.026028473108438033,Medium,ROUTE_PROXY_UNVALIDATED|LOW_CURRENT_SAMPLE,HISTORICAL TEST ONLY,"Research only - no odds, edge, or betting recommendation."
16.5,10,C.Hubbard,CAR,ARI,RB,8.479818811072214,0.025362309014569373,Medium,ROUTE_PROXY_UNVALIDATED|LOW_CURRENT_SAMPLE,HISTORICAL TEST ONLY,"Research only - no odds, edge, or betting recommendation."
16.5,11,J.Cook,BUF,KC,RB,8.302932565854961,0.022918373860346453,Medium,ROUTE_PROXY_UNVALIDATED|LOW_CURRENT_SAMPLE,HISTORICAL TEST ONLY,"Research only - no odds, edge, or betting recommendation."
16.5,12,T.Etienne,JAX,IND,RB,8.221121594455049,0.02185696348823618,Medium,ROUTE_PROXY_UNVALIDATED|LOW_CURRENT_SAMPLE,HISTORICAL TEST ONLY,"Research only - no odds, edge, or betting recommendation."
16.5,13,A.Jones,MIN,LA,RB,8.171539962267742,0.021234126307493995,Medium,ROUTE_PROXY_UNVALIDATED|LOW_CURRENT_SAMPLE,HISTORICAL TEST ONLY,"Research only - no odds, edge, or betting recommendation."
16.5,14,K.Walker,SEA,MIN,RB,7.669896167484988,0.01573383772691994,Medium,ROUTE_PROXY_UNVALIDATED|LOW_CURRENT_SAMPLE,HISTORICAL TEST ONLY,"Research only - no odds, edge, or betting recommendation."
16.5,15,T.Allgeier,ATL,CAR,RB,7.616988634553649,0.015232295494600034,Medium,ROUTE_PROXY_UNVALIDATED|LOW_CURRENT_SAMPLE,HISTORICAL TEST ONLY,"Research only - no odds, edge, or betting recommendation."
16.5,16,R.White,TB,WAS,RB,7.396247139956839,0.01328519627022784,Medium,ROUTE_PROXY_UNVALIDATED|LOW_CURRENT_SAMPLE,HISTORICAL TEST ONLY,"Research only - no odds, edge, or betting recommendation."
16.5,17,J.Jacobs,GB,PHI,RB,7.395037398519733,0.013275147433229106,Medium,ROUTE_PROXY_UNVALIDATED|LOW_CURRENT_SAMPLE,HISTORICAL TEST ONLY,"Research only - no odds, edge, or betting recommendation."
16.5,18,T.Bigsby,JAX,IND,RB,7.309434882654873,0.012580552978843307,Medium,ROUTE_PROXY_UNVALIDATED|LOW_CURRENT_SAMPLE,HISTORICAL TEST ONLY,"Research only - no odds, edge, or betting recommendation."
16.5,19,C.Brown,CIN,DEN,RB,7.113046577439101,0.011104843459488922,Medium,ROUTE_PROXY_UNVALIDATED|LOW_CURRENT_SAMPLE,HISTORICAL TEST ONLY,"Research only - no odds, edge, or betting recommendation."
16.5,20,J.Conner,ARI,LA,RB,6.2613690922643,0.0063113526287013055,Medium,ROUTE_PROXY_UNVALIDATED|LOW_CURRENT_SAMPLE,HISTORICAL TEST ONLY,"Research only - no odds, edge, or betting recommendation."
16.5,21,N.Harris,PIT,BAL,RB,6.209308017185189,0.006089362805184351,Medium,ROUTE_PROXY_UNVALIDATED|LOW_CURRENT_SAMPLE,HISTORICAL TEST ONLY,"Research only - no odds, edge, or betting recommendation."
16.5,22,J.Dobbins,LAC,HOU,RB,6.190958558024488,0.0060127855135785335,Medium,ROUTE_PROXY_UNVALIDATED|LOW_CURRENT_SAMPLE,HISTORICAL TEST ONLY,"Research only - no odds, edge, or betting recommendation."
16.5,23,J.Gibbs,DET,WAS,RB,6.177847928971912,0.005958595363840136,Medium,ROUTE_PROXY_UNVALIDATED|LOW_CURRENT_SAMPLE,HISTORICAL TEST ONLY,"Research only - no odds, edge, or betting recommendation."
16.5,24,D.Montgomery,DET,WAS,RB,5.825244157887851,0.004654604085000069,Medium,ROUTE_PROXY_UNVALIDATED|LOW_CURRENT_SAMPLE,HISTORICAL TEST ONLY,"Research only - no odds, edge, or betting recommendation."
16.5,25,B.Robinson,WAS,PHI,RB,5.796725935410487,0.00456120444630137,Medium,ROUTE_PROXY_UNVALIDATED|LOW_CURRENT_SAMPLE,HISTORICAL TEST ONLY,"Research only - no odds, edge, or betting recommendation."
17.5,1,J.Taylor,IND,JAX,RB,14.714235572200463,0.24868233160717856,Medium,ROUTE_PROXY_UNVALIDATED|LOW_CURRENT_SAMPLE,HISTORICAL TEST ONLY,"Research only - no odds, edge, or betting recommendation."
17.5,2,D.Henry,BAL,BUF,RB,14.70748572420501,0.24816155711226173,Medium,ROUTE_PROXY_UNVALIDATED|LOW_CURRENT_SAMPLE,HISTORICAL TEST ONLY,"Research only - no odds, edge, or betting recommendation."
17.5,3,B.Robinson,ATL,CAR,RB,14.253459230476937,0.21450346321570568,Medium,ROUTE_PROXY_UNVALIDATED|LOW_CURRENT_SAMPLE,HISTORICAL TEST ONLY,"Research only - no odds, edge, or betting recommendation."
17.5,4,S.Barkley,PHI,KC,RB,11.597620949372056,0.07523364847232283,Medium,ROUTE_PROXY_UNVALIDATED|LOW_CURRENT_SAMPLE,HISTORICAL TEST ONLY,"Research only - no odds, edge, or betting recommendation."
17.5,5,J.Mixon,HOU,KC,RB,9.958632501037004,0.03309328584173965,Medium,ROUTE_PROXY_UNVALIDATED|LOW_CURRENT_SAMPLE,HISTORICAL TEST ONLY,"Research only - no odds, edge, or betting recommendation."
17.5,6,T.Pollard,TEN,HOU,RB,9.934639469149408,0.03266428805190391,Medium,ROUTE_PROXY_UNVALIDATED|LOW_CURRENT_SAMPLE,HISTORICAL TEST ONLY,"Research only - no odds, edge, or betting recommendation."
17.5,7,R.Dowdle,DAL,WAS,RB,9.510990683979092,0.025814857850095407,Medium,ROUTE_PROXY_UNVALIDATED|LOW_CURRENT_SAMPLE,HISTORICAL TEST ONLY,"Research only - no odds, edge, or betting recommendation."
17.5,8,B.Irving,TB,WAS,RB,8.649815168553095,0.015541834280012101,Medium,ROUTE_PROXY_UNVALIDATED|LOW_CURRENT_SAMPLE,HISTORICAL TEST ONLY,"Research only - no odds, edge, or betting recommendation."
17.5,9,D.Swift,CHI,GB,RB,8.525546005271234,0.014397809716884424,Medium,ROUTE_PROXY_UNVALIDATED|LOW_CURRENT_SAMPLE,HISTORICAL TEST ONLY,"Research only - no odds, edge, or betting recommendation."
17.5,10,C.Hubbard,CAR,ARI,RB,8.479818811072214,0.013995485669775043,Medium,ROUTE_PROXY_UNVALIDATED|LOW_CURRENT_SAMPLE,HISTORICAL TEST ONLY,"Research only - no odds, edge, or betting recommendation."
17.5,11,J.Cook,BUF,KC,RB,8.302932565854961,0.012529101639688012,Medium,ROUTE_PROXY_UNVALIDATED|LOW_CURRENT_SAMPLE,HISTORICAL TEST ONLY,"Research only - no odds, edge, or betting recommendation."
17.5,12,T.Etienne,JAX,IND,RB,8.221121594455049,0.011897154570240875,Medium,ROUTE_PROXY_UNVALIDATED|LOW_CURRENT_SAMPLE,HISTORICAL TEST ONLY,"Research only - no odds, edge, or betting recommendation."
17.5,13,A.Jones,MIN,LA,RB,8.171539962267742,0.011527774062979113,Medium,ROUTE_PROXY_UNVALIDATED|LOW_CURRENT_SAMPLE,HISTORICAL TEST ONLY,"Research only - no odds, edge, or betting recommendation."
17.5,14,K.Walker,SEA,MIN,RB,7.669896167484988,0.008316559516619249,Medium,ROUTE_PROXY_UNVALIDATED|LOW_CURRENT_SAMPLE,HISTORICAL TEST ONLY,"Research only - no odds, edge, or betting recommendation."
17.5,15,T.Allgeier,ATL,CAR,RB,7.616988634553649,0.008028715278346032,Medium,ROUTE_PROXY_UNVALIDATED|LOW_CURRENT_SAMPLE,HISTORICAL TEST ONLY,"Research only - no odds, edge, or betting recommendation."
17.5,16,R.White,TB,WAS,RB,7.396247139956839,0.00692013475948583,Medium,ROUTE_PROXY_UNVALIDATED|LOW_CURRENT_SAMPLE,HISTORICAL TEST ONLY,"Research only - no odds, edge, or betting recommendation."
17.5,17,J.Jacobs,GB,PHI,RB,7.395037398519733,0.006914451784222786,Medium,ROUTE_PROXY_UNVALIDATED|LOW_CURRENT_SAMPLE,HISTORICAL TEST ONLY,"Research only - no odds, edge, or betting recommendation."
17.5,18,T.Bigsby,JAX,IND,RB,7.309434882654873,0.006522636343091248,Medium,ROUTE_PROXY_UNVALIDATED|LOW_CURRENT_SAMPLE,HISTORICAL TEST ONLY,"Research only - no odds, edge, or betting recommendation."
17.5,19,C.Brown,CIN,DEN,RB,7.113046577439101,0.005697061909089252,Medium,ROUTE_PROXY_UNVALIDATED|LOW_CURRENT_SAMPLE,HISTORICAL TEST ONLY,"Research only - no odds, edge, or betting recommendation."
17.5,20,J.Conner,ARI,LA,RB,6.2613690922643,0.003092104002439422,Medium,ROUTE_PROXY_UNVALIDATED|LOW_CURRENT_SAMPLE,HISTORICAL TEST ONLY,"Research only - no odds, edge, or betting recommendation."
17.5,21,N.Harris,PIT,BAL,RB,6.209308017185189,0.002974913773521104,Medium,ROUTE_PROXY_UNVALIDATED|LOW_CURRENT_SAMPLE,HISTORICAL TEST ONLY,"Research only - no odds, edge, or betting recommendation."
17.5,22,J.Dobbins,LAC,HOU,RB,6.190958558024488,0.002934572675696745,Medium,ROUTE_PROXY_UNVALIDATED|LOW_CURRENT_SAMPLE,HISTORICAL TEST ONLY,"Research only - no odds, edge, or betting recommendation."
17.5,23,J.Gibbs,DET,WAS,RB,6.177847928971912,0.0029060518290572324,Medium,ROUTE_PROXY_UNVALIDATED|LOW_CURRENT_SAMPLE,HISTORICAL TEST ONLY,"Research only - no odds, edge, or betting recommendation."
17.5,24,D.Montgomery,DET,WAS,RB,5.825244157887851,0.0022268830653072724,Medium,ROUTE_PROXY_UNVALIDATED|LOW_CURRENT_SAMPLE,HISTORICAL TEST ONLY,"Research only - no odds, edge, or betting recommendation."
17.5,25,B.Robinson,WAS,PHI,RB,5.796725935410487,0.0021788031377075745,Medium,ROUTE_PROXY_UNVALIDATED|LOW_CURRENT_SAMPLE,HISTORICAL TEST ONLY,"Research only - no odds, edge, or betting recommendation."
18.5,1,J.Taylor,IND,JAX,RB,14.714235572200463,0.17819835800512585,Medium,ROUTE_PROXY_UNVALIDATED|LOW_CURRENT_SAMPLE,HISTORICAL TEST ONLY,"Research only - no odds, edge, or betting recommendation."
18.5,2,D.Henry,BAL,BUF,RB,14.70748572420501,0.17776993146653075,Medium,ROUTE_PROXY_UNVALIDATED|LOW_CURRENT_SAMPLE,HISTORICAL TEST ONLY,"Research only - no odds, edge, or betting recommendation."
18.5,3,B.Robinson,ATL,CAR,RB,14.253459230476937,0.15045056509844068,Medium,ROUTE_PROXY_UNVALIDATED|LOW_CURRENT_SAMPLE,HISTORICAL TEST ONLY,"Research only - no odds, edge, or betting recommendation."
18.5,4,S.Barkley,PHI,KC,RB,11.597620949372056,0.04633354168509851,Medium,ROUTE_PROXY_UNVALIDATED|LOW_CURRENT_SAMPLE,HISTORICAL TEST ONLY,"Research only - no odds, edge, or betting recommendation."
18.5,5,J.Mixon,HOU,KC,RB,9.958632501037004,0.01872753928876003,Medium,ROUTE_PROXY_UNVALIDATED|LOW_CURRENT_SAMPLE,HISTORICAL TEST ONLY,"Research only - no odds, edge, or betting recommendation."
18.5,6,T.Pollard,TEN,HOU,RB,9.934639469149408,0.018461533867722424,Medium,ROUTE_PROXY_UNVALIDATED|LOW_CURRENT_SAMPLE,HISTORICAL TEST ONLY,"Research only - no odds, edge, or betting recommendation."
18.5,7,R.Dowdle,DAL,WAS,RB,9.510990683979092,0.014268679847009302,Medium,ROUTE_PROXY_UNVALIDATED|LOW_CURRENT_SAMPLE,HISTORICAL TEST ONLY,"Research only - no odds, edge, or betting recommendation."
18.5,8,B.Irving,TB,WAS,RB,8.649815168553095,0.008206258572415415,Medium,ROUTE_PROXY_UNVALIDATED|LOW_CURRENT_SAMPLE,HISTORICAL TEST ONLY,"Research only - no odds, edge, or betting recommendation."
18.5,9,D.Swift,CHI,GB,RB,8.525546005271234,0.007551828302802099,Medium,ROUTE_PROXY_UNVALIDATED|LOW_CURRENT_SAMPLE,HISTORICAL TEST ONLY,"Research only - no odds, edge, or betting recommendation."
18.5,10,C.Hubbard,CAR,ARI,RB,8.479818811072214,0.007322848431210005,Medium,ROUTE_PROXY_UNVALIDATED|LOW_CURRENT_SAMPLE,HISTORICAL TEST ONLY,"Research only - no odds, edge, or betting recommendation."
18.5,11,J.Cook,BUF,KC,RB,8.302932565854961,0.0064936928450481934,Medium,ROUTE_PROXY_UNVALIDATED|LOW_CURRENT_SAMPLE,HISTORICAL TEST ONLY,"Research only - no odds, edge, or betting recommendation."
18.5,12,T.Etienne,JAX,IND,RB,8.221121594455049,0.006139120211473559,Medium,ROUTE_PROXY_UNVALIDATED|LOW_CURRENT_SAMPLE,HISTORICAL TEST ONLY,"Research only - no odds, edge, or betting recommendation."
18.5,13,A.Jones,MIN,LA,RB,8.171539962267742,0.005932677284115728,Medium,ROUTE_PROXY_UNVALIDATED|LOW_CURRENT_SAMPLE,HISTORICAL TEST ONLY,"Research only - no odds, edge, or betting recommendation."
18.5,14,K.Walker,SEA,MIN,RB,7.669896167484988,0.004165779696855054,Medium,ROUTE_PROXY_UNVALIDATED|LOW_CURRENT_SAMPLE,HISTORICAL TEST ONLY,"Research only - no odds, edge, or betting recommendation."
18.5,15,T.Allgeier,ATL,CAR,RB,7.616988634553649,0.004010099200210893,Medium,ROUTE_PROXY_UNVALIDATED|LOW_CURRENT_SAMPLE,HISTORICAL TEST ONLY,"Research only - no odds, edge, or betting recommendation."
18.5,16,R.White,TB,WAS,RB,7.396247139956839,0.0034152883460143446,Medium,ROUTE_PROXY_UNVALIDATED|LOW_CURRENT_SAMPLE,HISTORICAL TEST ONLY,"Research only - no odds, edge, or betting recommendation."
18.5,17,J.Jacobs,GB,PHI,RB,7.395037398519733,0.003412259605906298,Medium,ROUTE_PROXY_UNVALIDATED|LOW_CURRENT_SAMPLE,HISTORICAL TEST ONLY,"Research only - no odds, edge, or betting recommendation."
18.5,18,T.Bigsby,JAX,IND,RB,7.309434882654873,0.0032039741258631516,Medium,ROUTE_PROXY_UNVALIDATED|LOW_CURRENT_SAMPLE,HISTORICAL TEST ONLY,"Research only - no odds, edge, or betting recommendation."
18.5,19,C.Brown,CIN,DEN,RB,7.113046577439101,0.002768720113635159,Medium,ROUTE_PROXY_UNVALIDATED|LOW_CURRENT_SAMPLE,HISTORICAL TEST ONLY,"Research only - no odds, edge, or betting recommendation."
18.5,20,J.Conner,ARI,LA,RB,6.2613690922643,0.0014343793271689442,Medium,ROUTE_PROXY_UNVALIDATED|LOW_CURRENT_SAMPLE,HISTORICAL TEST ONLY,"Research only - no odds, edge, or betting recommendation."
18.5,21,N.Harris,PIT,BAL,RB,6.209308017185189,0.0013760782788947434,Medium,ROUTE_PROXY_UNVALIDATED|LOW_CURRENT_SAMPLE,HISTORICAL TEST ONLY,"Research only - no odds, edge, or betting recommendation."
18.5,22,J.Dobbins,LAC,HOU,RB,6.190958558024488,0.001356051009250181,Medium,ROUTE_PROXY_UNVALIDATED|LOW_CURRENT_SAMPLE,HISTORICAL TEST ONLY,"Research only - no odds, edge, or betting recommendation."
18.5,23,J.Gibbs,DET,WAS,RB,6.177847928971912,0.0013419051029694984,Medium,ROUTE_PROXY_UNVALIDATED|LOW_CURRENT_SAMPLE,HISTORICAL TEST ONLY,"Research only - no odds, edge, or betting recommendation."
18.5,24,D.Montgomery,DET,WAS,RB,5.825244157887851,0.0010085379567674746,Medium,ROUTE_PROXY_UNVALIDATED|LOW_CURRENT_SAMPLE,HISTORICAL TEST ONLY,"Research only - no odds, edge, or betting recommendation."
18.5,25,B.Robinson,WAS,PHI,RB,5.796725935410487,0.000985213647229033,Medium,ROUTE_PROXY_UNVALIDATED|LOW_CURRENT_SAMPLE,HISTORICAL TEST ONLY,"Research only - no odds, edge, or betting recommendation."
19.5,1,J.Taylor,IND,JAX,RB,14.714235572200463,0.12183480927724744,Medium,ROUTE_PROXY_UNVALIDATED|LOW_CURRENT_SAMPLE,HISTORICAL TEST ONLY,"Research only - no odds, edge, or betting recommendation."
19.5,2,D.Henry,BAL,BUF,RB,14.70748572420501,0.1215026630617293,Medium,ROUTE_PROXY_UNVALIDATED|LOW_CURRENT_SAMPLE,HISTORICAL TEST ONLY,"Research only - no odds, edge, or betting recommendation."
19.5,3,B.Robinson,ATL,CAR,RB,14.253459230476937,0.100604685665596,Medium,ROUTE_PROXY_UNVALIDATED|LOW_CURRENT_SAMPLE,HISTORICAL TEST ONLY,"Research only - no odds, edge, or betting recommendation."
19.5,4,S.Barkley,PHI,KC,RB,11.597620949372056,0.02710815546590739,Medium,ROUTE_PROXY_UNVALIDATED|LOW_CURRENT_SAMPLE,HISTORICAL TEST ONLY,"Research only - no odds, edge, or betting recommendation."
19.5,5,J.Mixon,HOU,KC,RB,9.958632501037004,0.0100525824999802,Medium,ROUTE_PROXY_UNVALIDATED|LOW_CURRENT_SAMPLE,HISTORICAL TEST ONLY,"Research only - no odds, edge, or betting recommendation."
19.5,6,T.Pollard,TEN,HOU,RB,9.934639469149408,0.009897146263504686,Medium,ROUTE_PROXY_UNVALIDATED|LOW_CURRENT_SAMPLE,HISTORICAL TEST ONLY,"Research only - no odds, edge, or betting recommendation."
19.5,7,R.Dowdle,DAL,WAS,RB,9.510990683979092,0.0074782673303351865,Medium,ROUTE_PROXY_UNVALIDATED|LOW_CURRENT_SAMPLE,HISTORICAL TEST ONLY,"Research only - no odds, edge, or betting recommendation."
19.5,8,B.Irving,TB,WAS,RB,8.649815168553095,0.004106065751666499,Medium,ROUTE_PROXY_UNVALIDATED|LOW_CURRENT_SAMPLE,HISTORICAL TEST ONLY,"Research only - no odds, edge, or betting recommendation."
19.5,9,D.Swift,CHI,GB,RB,8.525546005271234,0.003753272999025059,Medium,ROUTE_PROXY_UNVALIDATED|LOW_CURRENT_SAMPLE,HISTORICAL TEST ONLY,"Research only - no odds, edge, or betting recommendation."
19.5,10,C.Hubbard,CAR,ARI,RB,8.479818811072214,0.0036304597646373837,Medium,ROUTE_PROXY_UNVALIDATED|LOW_CURRENT_SAMPLE,HISTORICAL TEST ONLY,"Research only - no odds, edge, or betting recommendation."
19.5,11,J.Cook,BUF,KC,RB,8.302932565854961,0.0031886303715142894,Medium,ROUTE_PROXY_UNVALIDATED|LOW_CURRENT_SAMPLE,HISTORICAL TEST ONLY,"Research only - no odds, edge, or betting recommendation."
19.5,12,T.Etienne,JAX,IND,RB,8.221121594455049,0.0030011495474252525,Medium,ROUTE_PROXY_UNVALIDATED|LOW_CURRENT_SAMPLE,HISTORICAL TEST ONLY,"Research only - no odds, edge, or betting recommendation."
19.5,13,A.Jones,MIN,LA,RB,8.171539962267742,0.0028924187341855534,Medium,ROUTE_PROXY_UNVALIDATED|LOW_CURRENT_SAMPLE,HISTORICAL TEST ONLY,"Research only - no odds, edge, or betting recommendation."
19.5,14,K.Walker,SEA,MIN,RB,7.669896167484988,0.0019761737433260373,Medium,ROUTE_PROXY_UNVALIDATED|LOW_CURRENT_SAMPLE,HISTORICAL TEST ONLY,"Research only - no odds, edge, or betting recommendation."
19.5,15,T.Allgeier,ATL,CAR,RB,7.616988634553649,0.0018968254643170201,Medium,ROUTE_PROXY_UNVALIDATED|LOW_CURRENT_SAMPLE,HISTORICAL TEST ONLY,"Research only - no odds, edge, or betting recommendation."
19.5,16,R.White,TB,WAS,RB,7.396247139956839,0.001596063432339756,Medium,ROUTE_PROXY_UNVALIDATED|LOW_CURRENT_SAMPLE,HISTORICAL TEST ONLY,"Research only - no odds, edge, or betting recommendation."
19.5,17,J.Jacobs,GB,PHI,RB,7.395037398519733,0.0015945422736215464,Medium,ROUTE_PROXY_UNVALIDATED|LOW_CURRENT_SAMPLE,HISTORICAL TEST ONLY,"Research only - no odds, edge, or betting recommendation."
19.5,18,T.Bigsby,JAX,IND,RB,7.309434882654873,0.0014901991925250213,Medium,ROUTE_PROXY_UNVALIDATED|LOW_CURRENT_SAMPLE,HISTORICAL TEST ONLY,"Research only - no odds, edge, or betting recommendation."
19.5,19,C.Brown,CIN,DEN,RB,7.113046577439101,0.0012739469990601382,Medium,ROUTE_PROXY_UNVALIDATED|LOW_CURRENT_SAMPLE,HISTORICAL TEST ONLY,"Research only - no odds, edge, or betting recommendation."
19.5,20,J.Conner,ARI,LA,RB,6.2613690922643,0.0006297038700515678,Medium,ROUTE_PROXY_UNVALIDATED|LOW_CURRENT_SAMPLE,HISTORICAL TEST ONLY,"Research only - no odds, edge, or betting recommendation."
19.5,21,N.Harris,PIT,BAL,RB,6.209308017185189,0.0006023708292963725,Medium,ROUTE_PROXY_UNVALIDATED|LOW_CURRENT_SAMPLE,HISTORICAL TEST ONLY,"Research only - no odds, edge, or betting recommendation."
19.5,22,J.Dobbins,LAC,HOU,RB,6.190958558024488,0.0005930012066728274,Medium,ROUTE_PROXY_UNVALIDATED|LOW_CURRENT_SAMPLE,HISTORICAL TEST ONLY,"Research only - no odds, edge, or betting recommendation."
19.5,23,J.Gibbs,DET,WAS,RB,6.177847928971912,0.0005863893194038017,Medium,ROUTE_PROXY_UNVALIDATED|LOW_CURRENT_SAMPLE,HISTORICAL TEST ONLY,"Research only - no odds, edge, or betting recommendation."
19.5,24,D.Montgomery,DET,WAS,RB,5.825244157887851,0.0004321802347397874,Medium,ROUTE_PROXY_UNVALIDATED|LOW_CURRENT_SAMPLE,HISTORICAL TEST ONLY,"Research only - no odds, edge, or betting recommendation."
19.5,25,B.Robinson,WAS,PHI,RB,5.796725935410487,0.00042151721605576675,Medium,ROUTE_PROXY_UNVALIDATED|LOW_CURRENT_SAMPLE,HISTORICAL TEST ONLY,"Research only - no odds, edge, or betting recommendation."
20.5,1,J.Taylor,IND,JAX,RB,14.714235572200463,0.07934748739079622,Medium,ROUTE_PROXY_UNVALIDATED|LOW_CURRENT_SAMPLE,HISTORICAL TEST ONLY,"Research only - no odds, edge, or betting recommendation."
20.5,2,D.Henry,BAL,BUF,RB,14.70748572420501,0.07910482161149623,Medium,ROUTE_PROXY_UNVALIDATED|LOW_CURRENT_SAMPLE,HISTORICAL TEST ONLY,"Research only - no odds, edge, or betting recommendation."
20.5,3,B.Robinson,ATL,CAR,RB,14.253459230476937,0.06403908372208389,Medium,ROUTE_PROXY_UNVALIDATED|LOW_CURRENT_SAMPLE,HISTORICAL TEST ONLY,"Research only - no odds, edge, or betting recommendation."
20.5,4,S.Barkley,PHI,KC,RB,11.597620949372056,0.01505216286769917,Medium,ROUTE_PROXY_UNVALIDATED|LOW_CURRENT_SAMPLE,HISTORICAL TEST ONLY,"Research only - no odds, edge, or betting recommendation."
20.5,5,J.Mixon,HOU,KC,RB,9.958632501037004,0.0051145024714454035,Medium,ROUTE_PROXY_UNVALIDATED|LOW_CURRENT_SAMPLE,HISTORICAL TEST ONLY,"Research only - no odds, edge, or betting recommendation."
20.5,6,T.Pollard,TEN,HOU,RB,9.934639469149408,0.005028909045552199,Medium,ROUTE_PROXY_UNVALIDATED|LOW_CURRENT_SAMPLE,HISTORICAL TEST ONLY,"Research only - no odds, edge, or betting recommendation."
20.5,7,R.Dowdle,DAL,WAS,RB,9.510990683979092,0.003713782327726456,Medium,ROUTE_PROXY_UNVALIDATED|LOW_CURRENT_SAMPLE,HISTORICAL TEST ONLY,"Research only - no odds, edge, or betting recommendation."
20.5,8,B.Irving,TB,WAS,RB,8.649815168553095,0.00194570892234458,Medium,ROUTE_PROXY_UNVALIDATED|LOW_CURRENT_SAMPLE,HISTORICAL TEST ONLY,"Research only - no odds, edge, or betting recommendation."
20.5,9,D.Swift,CHI,GB,RB,8.525546005271234,0.001766481616004456,Medium,ROUTE_PROXY_UNVALIDATED|LOW_CURRENT_SAMPLE,HISTORICAL TEST ONLY,"Research only - no odds, edge, or betting recommendation."
20.5,10,C.Hubbard,CAR,ARI,RB,8.479818811072214,0.0017044062089722756,Medium,ROUTE_PROXY_UNVALIDATED|LOW_CURRENT_SAMPLE,HISTORICAL TEST ONLY,"Research only - no odds, edge, or betting recommendation."
20.5,11,J.Cook,BUF,KC,RB,8.302932565854961,0.0014825337269026573,Medium,ROUTE_PROXY_UNVALIDATED|LOW_CURRENT_SAMPLE,HISTORICAL TEST ONLY,"Research only - no odds, edge, or betting recommendation."
20.5,12,T.Etienne,JAX,IND,RB,8.221121594455049,0.0013891146382045694,Medium,ROUTE_PROXY_UNVALIDATED|LOW_CURRENT_SAMPLE,HISTORICAL TEST ONLY,"Research only - no odds, edge, or betting recommendation."
20.5,13,A.Jones,MIN,LA,RB,8.171539962267742,0.001335147193393671,Medium,ROUTE_PROXY_UNVALIDATED|LOW_CURRENT_SAMPLE,HISTORICAL TEST ONLY,"Research only - no odds, edge, or betting recommendation."
20.5,14,K.Walker,SEA,MIN,RB,7.669896167484988,0.0008873617223852381,Medium,ROUTE_PROXY_UNVALIDATED|LOW_CURRENT_SAMPLE,HISTORICAL TEST ONLY,"Research only - no odds, edge, or betting recommendation."
20.5,15,T.Allgeier,ATL,CAR,RB,7.616988634553649,0.0008492492212118785,Medium,ROUTE_PROXY_UNVALIDATED|LOW_CURRENT_SAMPLE,HISTORICAL TEST ONLY,"Research only - no odds, edge, or betting recommendation."
20.5,16,R.White,TB,WAS,RB,7.396247139956839,0.0007059315914148545,Medium,ROUTE_PROXY_UNVALIDATED|LOW_CURRENT_SAMPLE,HISTORICAL TEST ONLY,"Research only - no odds, edge, or betting recommendation."
20.5,17,J.Jacobs,GB,PHI,RB,7.395037398519733,0.0007052116231861527,Medium,ROUTE_PROXY_UNVALIDATED|LOW_CURRENT_SAMPLE,HISTORICAL TEST ONLY,"Research only - no odds, edge, or betting recommendation."
20.5,18,T.Bigsby,JAX,IND,RB,7.309434882654873,0.0006559514958146551,Medium,ROUTE_PROXY_UNVALIDATED|LOW_CURRENT_SAMPLE,HISTORICAL TEST ONLY,"Research only - no odds, edge, or betting recommendation."
20.5,19,C.Brown,CIN,DEN,RB,7.113046577439101,0.0005546981346360447,Medium,ROUTE_PROXY_UNVALIDATED|LOW_CURRENT_SAMPLE,HISTORICAL TEST ONLY,"Research only - no odds, edge, or betting recommendation."
20.5,20,J.Conner,ARI,LA,RB,6.2613690922643,0.00026150787932399666,Medium,ROUTE_PROXY_UNVALIDATED|LOW_CURRENT_SAMPLE,HISTORICAL TEST ONLY,"Research only - no odds, edge, or betting recommendation."
20.5,21,N.Harris,PIT,BAL,RB,6.209308017185189,0.0002494317943986246,Medium,ROUTE_PROXY_UNVALIDATED|LOW_CURRENT_SAMPLE,HISTORICAL TEST ONLY,"Research only - no odds, edge, or betting recommendation."
20.5,22,J.Dobbins,LAC,HOU,RB,6.190958558024488,0.0002453008554617053,Medium,ROUTE_PROXY_UNVALIDATED|LOW_CURRENT_SAMPLE,HISTORICAL TEST ONLY,"Research only - no odds, edge, or betting recommendation."
20.5,23,J.Gibbs,DET,WAS,RB,6.177847928971912,0.00024238848642599287,Medium,ROUTE_PROXY_UNVALIDATED|LOW_CURRENT_SAMPLE,HISTORICAL TEST ONLY,"Research only - no odds, edge, or betting recommendation."
20.5,24,D.Montgomery,DET,WAS,RB,5.825244157887851,0.0001751621908079315,Medium,ROUTE_PROXY_UNVALIDATED|LOW_CURRENT_SAMPLE,HISTORICAL TEST ONLY,"Research only - no odds, edge, or betting recommendation."
20.5,25,B.Robinson,WAS,PHI,RB,5.796725935410487,0.00017056832900075314,Medium,ROUTE_PROXY_UNVALIDATED|LOW_CURRENT_SAMPLE,HISTORICAL TEST ONLY,"Research only - no odds, edge, or betting recommendation."
21.5,1,J.Taylor,IND,JAX,RB,14.714235572200463,0.04915678262217338,Medium,ROUTE_PROXY_UNVALIDATED|LOW_CURRENT_SAMPLE,HISTORICAL TEST ONLY,"Research only - no odds, edge, or betting recommendation."
21.5,2,D.Henry,BAL,BUF,RB,14.70748572420501,0.04898970662985502,Medium,ROUTE_PROXY_UNVALIDATED|LOW_CURRENT_SAMPLE,HISTORICAL TEST ONLY,"Research only - no odds, edge, or betting recommendation."
21.5,3,B.Robinson,ATL,CAR,RB,14.253459230476937,0.03875373511321789,Medium,ROUTE_PROXY_UNVALIDATED|LOW_CURRENT_SAMPLE,HISTORICAL TEST ONLY,"Research only - no odds, edge, or betting recommendation."
21.5,4,S.Barkley,PHI,KC,RB,11.597620949372056,0.007925556040562443,Medium,ROUTE_PROXY_UNVALIDATED|LOW_CURRENT_SAMPLE,HISTORICAL TEST ONLY,"Research only - no odds, edge, or betting recommendation."
21.5,5,J.Mixon,HOU,KC,RB,9.958632501037004,0.002464781174305264,Medium,ROUTE_PROXY_UNVALIDATED|LOW_CURRENT_SAMPLE,HISTORICAL TEST ONLY,"Research only - no odds, edge, or betting recommendation."
21.5,6,T.Pollard,TEN,HOU,RB,9.934639469149408,0.0024203635937305457,Medium,ROUTE_PROXY_UNVALIDATED|LOW_CURRENT_SAMPLE,HISTORICAL TEST ONLY,"Research only - no odds, edge, or betting recommendation."
21.5,7,R.Dowdle,DAL,WAS,RB,9.510990683979092,0.0017465028860543796,Medium,ROUTE_PROXY_UNVALIDATED|LOW_CURRENT_SAMPLE,HISTORICAL TEST ONLY,"Research only - no odds, edge, or betting recommendation."
21.5,8,B.Irving,TB,WAS,RB,8.649815168553095,0.0008727147512392897,Medium,ROUTE_PROXY_UNVALIDATED|LOW_CURRENT_SAMPLE,HISTORICAL TEST ONLY,"Research only - no odds, edge, or betting recommendation."
21.5,9,D.Swift,CHI,GB,RB,8.525546005271234,0.0007869088915352096,Medium,ROUTE_PROXY_UNVALIDATED|LOW_CURRENT_SAMPLE,HISTORICAL TEST ONLY,"Research only - no odds, edge, or betting recommendation."
21.5,10,C.Hubbard,CAR,ARI,RB,8.479818811072214,0.0007573409883023796,Medium,ROUTE_PROXY_UNVALIDATED|LOW_CURRENT_SAMPLE,HISTORICAL TEST ONLY,"Research only - no odds, edge, or betting recommendation."
21.5,11,J.Cook,BUF,KC,RB,8.302932565854961,0.000652342621743629,Medium,ROUTE_PROXY_UNVALIDATED|LOW_CURRENT_SAMPLE,HISTORICAL TEST ONLY,"Research only - no odds, edge, or betting recommendation."
21.5,12,T.Etienne,JAX,IND,RB,8.221121594455049,0.0006084752584974984,Medium,ROUTE_PROXY_UNVALIDATED|LOW_CURRENT_SAMPLE,HISTORICAL TEST ONLY,"Research only - no odds, edge, or betting recommendation."
21.5,13,A.Jones,MIN,LA,RB,8.171539962267742,0.0005832324502629271,Medium,ROUTE_PROXY_UNVALIDATED|LOW_CURRENT_SAMPLE,HISTORICAL TEST ONLY,"Research only - no odds, edge, or betting recommendation."
21.5,14,K.Walker,SEA,MIN,RB,7.669896167484988,0.0003769859925162322,Medium,ROUTE_PROXY_UNVALIDATED|LOW_CURRENT_SAMPLE,HISTORICAL TEST ONLY,"Research only - no odds, edge, or betting recommendation."
21.5,15,T.Allgeier,ATL,CAR,RB,7.616988634553649,0.0003597346052151007,Medium,ROUTE_PROXY_UNVALIDATED|LOW_CURRENT_SAMPLE,HISTORICAL TEST ONLY,"Research only - no odds, edge, or betting recommendation."
21.5,16,R.White,TB,WAS,RB,7.396247139956839,0.0002953756916532768,Medium,ROUTE_PROXY_UNVALIDATED|LOW_CURRENT_SAMPLE,HISTORICAL TEST ONLY,"Research only - no odds, edge, or betting recommendation."
21.5,17,J.Jacobs,GB,PHI,RB,7.395037398519733,0.0002950545634774482,Medium,ROUTE_PROXY_UNVALIDATED|LOW_CURRENT_SAMPLE,HISTORICAL TEST ONLY,"Research only - no odds, edge, or betting recommendation."
21.5,18,T.Bigsby,JAX,IND,RB,7.309434882654873,0.00027313890030922217,Medium,ROUTE_PROXY_UNVALIDATED|LOW_CURRENT_SAMPLE,HISTORICAL TEST ONLY,"Research only - no odds, edge, or betting recommendation."
21.5,19,C.Brown,CIN,DEN,RB,7.113046577439101,0.00022846132812803788,Medium,ROUTE_PROXY_UNVALIDATED|LOW_CURRENT_SAMPLE,HISTORICAL TEST ONLY,"Research only - no odds, edge, or betting recommendation."
21.5,20,J.Conner,ARI,LA,RB,6.2613690922643,0.00010269462746670399,Medium,ROUTE_PROXY_UNVALIDATED|LOW_CURRENT_SAMPLE,HISTORICAL TEST ONLY,"Research only - no odds, edge, or betting recommendation."
21.5,21,N.Harris,PIT,BAL,RB,6.209308017185189,9.766667697763687e-05,Medium,ROUTE_PROXY_UNVALIDATED|LOW_CURRENT_SAMPLE,HISTORICAL TEST ONLY,"Research only - no odds, edge, or betting recommendation."
21.5,22,J.Dobbins,LAC,HOU,RB,6.190958558024488,9.595034310683204e-05,Medium,ROUTE_PROXY_UNVALIDATED|LOW_CURRENT_SAMPLE,HISTORICAL TEST ONLY,"Research only - no odds, edge, or betting recommendation."
21.5,23,J.Gibbs,DET,WAS,RB,6.177847928971912,9.474143394072598e-05,Medium,ROUTE_PROXY_UNVALIDATED|LOW_CURRENT_SAMPLE,HISTORICAL TEST ONLY,"Research only - no odds, edge, or betting recommendation."
21.5,24,D.Montgomery,DET,WAS,RB,5.825244157887851,6.712227480598632e-05,Medium,ROUTE_PROXY_UNVALIDATED|LOW_CURRENT_SAMPLE,HISTORICAL TEST ONLY,"Research only - no odds, edge, or betting recommendation."
21.5,25,B.Robinson,WAS,PHI,RB,5.796725935410487,6.525717504901607e-05,Medium,ROUTE_PROXY_UNVALIDATED|LOW_CURRENT_SAMPLE,HISTORICAL TEST ONLY,"Research only - no odds, edge, or betting recommendation."
22.5,1,J.Taylor,IND,JAX,RB,14.714235572200463,0.028934053894764,Medium,ROUTE_PROXY_UNVALIDATED|LOW_CURRENT_SAMPLE,HISTORICAL TEST ONLY,"Research only - no odds, edge, or betting recommendation."
22.5,2,D.Henry,BAL,BUF,RB,14.70748572420501,0.028825649760201966,Medium,ROUTE_PROXY_UNVALIDATED|LOW_CURRENT_SAMPLE,HISTORICAL TEST ONLY,"Research only - no odds, edge, or betting recommendation."
22.5,3,B.Robinson,ATL,CAR,RB,14.253459230476937,0.022271441655779656,Medium,ROUTE_PROXY_UNVALIDATED|LOW_CURRENT_SAMPLE,HISTORICAL TEST ONLY,"Research only - no odds, edge, or betting recommendation."
22.5,4,S.Barkley,PHI,KC,RB,11.597620949372056,0.003954425486299318,Medium,ROUTE_PROXY_UNVALIDATED|LOW_CURRENT_SAMPLE,HISTORICAL TEST ONLY,"Research only - no odds, edge, or betting recommendation."
22.5,5,J.Mixon,HOU,KC,RB,9.958632501037004,0.0011245087532139042,Medium,ROUTE_PROXY_UNVALIDATED|LOW_CURRENT_SAMPLE,HISTORICAL TEST ONLY,"Research only - no odds, edge, or betting recommendation."
22.5,6,T.Pollard,TEN,HOU,RB,9.934639469149408,0.0011027869567250548,Medium,ROUTE_PROXY_UNVALIDATED|LOW_CURRENT_SAMPLE,HISTORICAL TEST ONLY,"Research only - no odds, edge, or betting recommendation."
22.5,7,R.Dowdle,DAL,WAS,RB,9.510990683979092,0.0007773838354230289,Medium,ROUTE_PROXY_UNVALIDATED|LOW_CURRENT_SAMPLE,HISTORICAL TEST ONLY,"Research only - no odds, edge, or betting recommendation."
22.5,8,B.Irving,TB,WAS,RB,8.649815168553095,0.0003703497331415395,Medium,ROUTE_PROXY_UNVALIDATED|LOW_CURRENT_SAMPLE,HISTORICAL TEST ONLY,"Research only - no odds, edge, or betting recommendation."
22.5,9,D.Swift,CHI,GB,RB,8.525546005271234,0.0003316366319715547,Medium,ROUTE_PROXY_UNVALIDATED|LOW_CURRENT_SAMPLE,HISTORICAL TEST ONLY,"Research only - no odds, edge, or betting recommendation."
22.5,10,C.Hubbard,CAR,ARI,RB,8.479818811072214,0.0003183642758559646,Medium,ROUTE_PROXY_UNVALIDATED|LOW_CURRENT_SAMPLE,HISTORICAL TEST ONLY,"Research only - no odds, edge, or betting recommendation."
22.5,11,J.Cook,BUF,KC,RB,8.302932565854961,0.0002715377533317742,Medium,ROUTE_PROXY_UNVALIDATED|LOW_CURRENT_SAMPLE,HISTORICAL TEST ONLY,"Research only - no odds, edge, or betting recommendation."
22.5,12,T.Etienne,JAX,IND,RB,8.221121594455049,0.0002521255618246343,Medium,ROUTE_PROXY_UNVALIDATED|LOW_CURRENT_SAMPLE,HISTORICAL TEST ONLY,"Research only - no odds, edge, or betting recommendation."
22.5,13,A.Jones,MIN,LA,RB,8.171539962267742,0.0002409987671955216,Medium,ROUTE_PROXY_UNVALIDATED|LOW_CURRENT_SAMPLE,HISTORICAL TEST ONLY,"Research only - no odds, edge, or betting recommendation."
22.5,14,K.Walker,SEA,MIN,RB,7.669896167484988,0.0001514703148444152,Medium,ROUTE_PROXY_UNVALIDATED|LOW_CURRENT_SAMPLE,HISTORICAL TEST ONLY,"Research only - no odds, edge, or betting recommendation."
22.5,15,T.Allgeier,ATL,CAR,RB,7.616988634553649,0.00014411151084603446,Medium,ROUTE_PROXY_UNVALIDATED|LOW_CURRENT_SAMPLE,HISTORICAL TEST ONLY,"Research only - no odds, edge, or betting recommendation."
22.5,16,R.White,TB,WAS,RB,7.396247139956839,0.00011687507532975872,Medium,ROUTE_PROXY_UNVALIDATED|LOW_CURRENT_SAMPLE,HISTORICAL TEST ONLY,"Research only - no odds, edge, or betting recommendation."
22.5,17,J.Jacobs,GB,PHI,RB,7.395037398519733,0.00011674009522177897,Medium,ROUTE_PROXY_UNVALIDATED|LOW_CURRENT_SAMPLE,HISTORICAL TEST ONLY,"Research only - no odds, edge, or betting recommendation."
22.5,18,T.Bigsby,JAX,IND,RB,7.309434882654873,0.00010755167357923145,Medium,ROUTE_PROXY_UNVALIDATED|LOW_CURRENT_SAMPLE,HISTORICAL TEST ONLY,"Research only - no odds, edge, or betting recommendation."
22.5,19,C.Brown,CIN,DEN,RB,7.113046577439101,8.897359184589781e-05,Medium,ROUTE_PROXY_UNVALIDATED|LOW_CURRENT_SAMPLE,HISTORICAL TEST ONLY,"Research only - no odds, edge, or betting recommendation."
22.5,20,J.Conner,ARI,LA,RB,6.2613690922643,3.812278117143464e-05,Medium,ROUTE_PROXY_UNVALIDATED|LOW_CURRENT_SAMPLE,HISTORICAL TEST ONLY,"Research only - no odds, edge, or betting recommendation."
22.5,21,N.Harris,PIT,BAL,RB,6.209308017185189,3.6149983935640506e-05,Medium,ROUTE_PROXY_UNVALIDATED|LOW_CURRENT_SAMPLE,HISTORICAL TEST ONLY,"Research only - no odds, edge, or betting recommendation."
22.5,22,J.Dobbins,LAC,HOU,RB,6.190958558024488,3.5477965646513177e-05,Medium,ROUTE_PROXY_UNVALIDATED|LOW_CURRENT_SAMPLE,HISTORICAL TEST ONLY,"Research only - no odds, edge, or betting recommendation."
22.5,23,J.Gibbs,DET,WAS,RB,6.177847928971912,3.500506790854452e-05,Medium,ROUTE_PROXY_UNVALIDATED|LOW_CURRENT_SAMPLE,HISTORICAL TEST ONLY,"Research only - no odds, edge, or betting recommendation."
22.5,24,D.Montgomery,DET,WAS,RB,5.825244157887851,2.431147213655116e-05,Medium,ROUTE_PROXY_UNVALIDATED|LOW_CURRENT_SAMPLE,HISTORICAL TEST ONLY,"Research only - no odds, edge, or betting recommendation."
22.5,25,B.Robinson,WAS,PHI,RB,5.796725935410487,2.3597875840830618e-05,Medium,ROUTE_PROXY_UNVALIDATED|LOW_CURRENT_SAMPLE,HISTORICAL TEST ONLY,"Research only - no odds, edge, or betting recommendation."
24.5,1,J.Taylor,IND,JAX,RB,14.714235572200463,0.008564728413597456,Medium,ROUTE_PROXY_UNVALIDATED|LOW_CURRENT_SAMPLE,HISTORICAL TEST ONLY,"Research only - no odds, edge, or betting recommendation."
24.5,2,D.Henry,BAL,BUF,RB,14.70748572420501,0.008526535015865533,Medium,ROUTE_PROXY_UNVALIDATED|LOW_CURRENT_SAMPLE,HISTORICAL TEST ONLY,"Research only - no odds, edge, or betting recommendation."
24.5,3,B.Robinson,ATL,CAR,RB,14.253459230476937,0.006277169807744176,Medium,ROUTE_PROXY_UNVALIDATED|LOW_CURRENT_SAMPLE,HISTORICAL TEST ONLY,"Research only - no odds, edge, or betting recommendation."
24.5,4,S.Barkley,PHI,KC,RB,11.597620949372056,0.0008356781755695097,Medium,ROUTE_PROXY_UNVALIDATED|LOW_CURRENT_SAMPLE,HISTORICAL TEST ONLY,"Research only - no odds, edge, or betting recommendation."
24.5,5,J.Mixon,HOU,KC,RB,9.958632501037004,0.00019822698458327181,Medium,ROUTE_PROXY_UNVALIDATED|LOW_CURRENT_SAMPLE,HISTORICAL TEST ONLY,"Research only - no odds, edge, or betting recommendation."
24.5,6,T.Pollard,TEN,HOU,RB,9.934639469149408,0.0001938793155045193,Medium,ROUTE_PROXY_UNVALIDATED|LOW_CURRENT_SAMPLE,HISTORICAL TEST ONLY,"Research only - no odds, edge, or betting recommendation."
24.5,7,R.Dowdle,DAL,WAS,RB,9.510990683979092,0.00013036495238427648,Medium,ROUTE_PROXY_UNVALIDATED|LOW_CURRENT_SAMPLE,HISTORICAL TEST ONLY,"Research only - no odds, edge, or betting recommendation."
24.5,8,B.Irving,TB,WAS,RB,8.649815168553095,5.639841941984525e-05,Medium,ROUTE_PROXY_UNVALIDATED|LOW_CURRENT_SAMPLE,HISTORICAL TEST ONLY,"Research only - no odds, edge, or betting recommendation."
24.5,9,D.Swift,CHI,GB,RB,8.525546005271234,4.980326859271855e-05,Medium,ROUTE_PROXY_UNVALIDATED|LOW_CURRENT_SAMPLE,HISTORICAL TEST ONLY,"Research only - no odds, edge, or betting recommendation."
24.5,10,C.Hubbard,CAR,ARI,RB,8.479818811072214,4.756515225579072e-05,Medium,ROUTE_PROXY_UNVALIDATED|LOW_CURRENT_SAMPLE,HISTORICAL TEST ONLY,"Research only - no odds, edge, or betting recommendation."
24.5,11,J.Cook,BUF,KC,RB,8.302932565854961,3.97704160535195e-05,Medium,ROUTE_PROXY_UNVALIDATED|LOW_CURRENT_SAMPLE,HISTORICAL TEST ONLY,"Research only - no odds, edge, or betting recommendation."
24.5,12,T.Etienne,JAX,IND,RB,8.221121594455049,3.6588988523211796e-05,Medium,ROUTE_PROXY_UNVALIDATED|LOW_CURRENT_SAMPLE,HISTORICAL TEST ONLY,"Research only - no odds, edge, or betting recommendation."
24.5,13,A.Jones,MIN,LA,RB,8.171539962267742,3.477967155085526e-05,Medium,ROUTE_PROXY_UNVALIDATED|LOW_CURRENT_SAMPLE,HISTORICAL TEST ONLY,"Research only - no odds, edge, or betting recommendation."
24.5,14,K.Walker,SEA,MIN,RB,7.669896167484988,2.06580584115601e-05,Medium,ROUTE_PROXY_UNVALIDATED|LOW_CURRENT_SAMPLE,HISTORICAL TEST ONLY,"Research only - no odds, edge, or betting recommendation."
24.5,15,T.Allgeier,ATL,CAR,RB,7.616988634553649,1.953745081273439e-05,Medium,ROUTE_PROXY_UNVALIDATED|LOW_CURRENT_SAMPLE,HISTORICAL TEST ONLY,"Research only - no odds, edge, or betting recommendation."
24.5,16,R.White,TB,WAS,RB,7.396247139956839,1.5454907210887825e-05,Medium,ROUTE_PROXY_UNVALIDATED|LOW_CURRENT_SAMPLE,HISTORICAL TEST ONLY,"Research only - no odds, edge, or betting recommendation."
24.5,17,J.Jacobs,GB,PHI,RB,7.395037398519733,1.543494855327232e-05,Medium,ROUTE_PROXY_UNVALIDATED|LOW_CURRENT_SAMPLE,HISTORICAL TEST ONLY,"Research only - no odds, edge, or betting recommendation."
24.5,18,T.Bigsby,JAX,IND,RB,7.309434882654873,1.4083202369508108e-05,Medium,ROUTE_PROXY_UNVALIDATED|LOW_CURRENT_SAMPLE,HISTORICAL TEST ONLY,"Research only - no odds, edge, or betting recommendation."
24.5,19,C.Brown,CIN,DEN,RB,7.113046577439101,1.1394659061414458e-05,Medium,ROUTE_PROXY_UNVALIDATED|LOW_CURRENT_SAMPLE,HISTORICAL TEST ONLY,"Research only - no odds, edge, or betting recommendation."
24.5,20,J.Conner,ARI,LA,RB,6.2613690922643,4.433057824382303e-06,Medium,ROUTE_PROXY_UNVALIDATED|LOW_CURRENT_SAMPLE,HISTORICAL TEST ONLY,"Research only - no odds, edge, or betting recommendation."
24.5,21,N.Harris,PIT,BAL,RB,6.209308017185189,4.17887556236618e-06,Medium,ROUTE_PROXY_UNVALIDATED|LOW_CURRENT_SAMPLE,HISTORICAL TEST ONLY,"Research only - no odds, edge, or betting recommendation."
24.5,22,J.Dobbins,LAC,HOU,RB,6.190958558024488,4.092653442366867e-06,Medium,ROUTE_PROXY_UNVALIDATED|LOW_CURRENT_SAMPLE,HISTORICAL TEST ONLY,"Research only - no odds, edge, or betting recommendation."
24.5,23,J.Gibbs,DET,WAS,RB,6.177847928971912,4.0320924097336786e-06,Medium,ROUTE_PROXY_UNVALIDATED|LOW_CURRENT_SAMPLE,HISTORICAL TEST ONLY,"Research only - no odds, edge, or betting recommendation."
24.5,24,D.Montgomery,DET,WAS,RB,5.825244157887851,2.6903274091827356e-06,Medium,ROUTE_PROXY_UNVALIDATED|LOW_CURRENT_SAMPLE,HISTORICAL TEST ONLY,"Research only - no odds, edge, or betting recommendation."
24.5,25,B.Robinson,WAS,PHI,RB,5.796725935410487,2.6029029855934027e-06,Medium,ROUTE_PROXY_UNVALIDATED|LOW_CURRENT_SAMPLE,HISTORICAL TEST ONLY,"Research only - no odds, edge, or betting recommendation."
