player_name,team,opponent,position,line,raw_projection,calibrated_projection,projection_sd,model_over_probability,model_under_probability,probability_method,confidence_tier,flags,usage_status,notes
K.Murray,ARI,SF,QB,12.5,22.29707393326272,21.465659706411053,6.321207803742847,0.9219551113096647,0.07804488869033532,"Normal approximation: mean=calibrated_projection, sd=completions_backtest_calibrated_RMSE",Medium,ROUTE_PROXY_UNVALIDATED|LOW_CURRENT_SAMPLE|LOW_PLAYER_SAMPLE,HISTORICAL TEST ONLY,"Research only - no odds, edge, or betting recommendation."
K.Murray,ARI,SF,QB,14.5,22.29707393326272,21.465659706411053,6.321207803742847,0.8647584591836972,0.1352415408163028,"Normal approximation: mean=calibrated_projection, sd=completions_backtest_calibrated_RMSE",Medium,ROUTE_PROXY_UNVALIDATED|LOW_CURRENT_SAMPLE|LOW_PLAYER_SAMPLE,HISTORICAL TEST ONLY,"Research only - no odds, edge, or betting recommendation."
K.Murray,ARI,SF,QB,16.5,22.29707393326272,21.465659706411053,6.321207803742847,0.7839360351778717,0.2160639648221283,"Normal approximation: mean=calibrated_projection, sd=completions_backtest_calibrated_RMSE",Medium,ROUTE_PROXY_UNVALIDATED|LOW_CURRENT_SAMPLE|LOW_PLAYER_SAMPLE,HISTORICAL TEST ONLY,"Research only - no odds, edge, or betting recommendation."
K.Murray,ARI,SF,QB,18.5,22.29707393326272,21.465659706411053,6.321207803742847,0.6805224675081915,0.31947753249180855,"Normal approximation: mean=calibrated_projection, sd=completions_backtest_calibrated_RMSE",Medium,ROUTE_PROXY_UNVALIDATED|LOW_CURRENT_SAMPLE|LOW_PLAYER_SAMPLE,HISTORICAL TEST ONLY,"Research only - no odds, edge, or betting recommendation."
K.Murray,ARI,SF,QB,20.5,22.29707393326272,21.465659706411053,6.321207803742847,0.5607082248901372,0.43929177510986284,"Normal approximation: mean=calibrated_projection, sd=completions_backtest_calibrated_RMSE",Medium,ROUTE_PROXY_UNVALIDATED|LOW_CURRENT_SAMPLE|LOW_PLAYER_SAMPLE,HISTORICAL TEST ONLY,"Research only - no odds, edge, or betting recommendation."
K.Murray,ARI,SF,QB,22.5,22.29707393326272,21.465659706411053,6.321207803742847,0.43501114716133016,0.5649888528386698,"Normal approximation: mean=calibrated_projection, sd=completions_backtest_calibrated_RMSE",Medium,ROUTE_PROXY_UNVALIDATED|LOW_CURRENT_SAMPLE|LOW_PLAYER_SAMPLE,HISTORICAL TEST ONLY,"Research only - no odds, edge, or betting recommendation."
K.Murray,ARI,SF,QB,24.5,22.29707393326272,21.465659706411053,6.321207803742847,0.31560466665730913,0.6843953333426909,"Normal approximation: mean=calibrated_projection, sd=completions_backtest_calibrated_RMSE",Medium,ROUTE_PROXY_UNVALIDATED|LOW_CURRENT_SAMPLE|LOW_PLAYER_SAMPLE,HISTORICAL TEST ONLY,"Research only - no odds, edge, or betting recommendation."
K.Murray,ARI,SF,QB,26.5,22.29707393326272,21.465659706411053,6.321207803742847,0.21289379599406155,0.7871062040059384,"Normal approximation: mean=calibrated_projection, sd=completions_backtest_calibrated_RMSE",Medium,ROUTE_PROXY_UNVALIDATED|LOW_CURRENT_SAMPLE|LOW_PLAYER_SAMPLE,HISTORICAL TEST ONLY,"Research only - no odds, edge, or betting recommendation."
K.Murray,ARI,SF,QB,28.5,22.29707393326272,21.465659706411053,6.321207803742847,0.13289376135047581,0.8671062386495242,"Normal approximation: mean=calibrated_projection, sd=completions_backtest_calibrated_RMSE",Medium,ROUTE_PROXY_UNVALIDATED|LOW_CURRENT_SAMPLE|LOW_PLAYER_SAMPLE,HISTORICAL TEST ONLY,"Research only - no odds, edge, or betting recommendation."
K.Murray,ARI,SF,QB,30.5,22.29707393326272,21.465659706411053,6.321207803742847,0.07647178562261359,0.9235282143773864,"Normal approximation: mean=calibrated_projection, sd=completions_backtest_calibrated_RMSE",Medium,ROUTE_PROXY_UNVALIDATED|LOW_CURRENT_SAMPLE|LOW_PLAYER_SAMPLE,HISTORICAL TEST ONLY,"Research only - no odds, edge, or betting recommendation."
K.Murray,ARI,SF,QB,32.5,22.29707393326272,21.465659706411053,6.321207803742847,0.04043969163337724,0.9595603083666228,"Normal approximation: mean=calibrated_projection, sd=completions_backtest_calibrated_RMSE",Medium,ROUTE_PROXY_UNVALIDATED|LOW_CURRENT_SAMPLE|LOW_PLAYER_SAMPLE,HISTORICAL TEST ONLY,"Research only - no odds, edge, or betting recommendation."
K.Murray,ARI,SF,QB,34.5,22.29707393326272,21.465659706411053,6.321207803742847,0.019603794169635758,0.9803962058303642,"Normal approximation: mean=calibrated_projection, sd=completions_backtest_calibrated_RMSE",Medium,ROUTE_PROXY_UNVALIDATED|LOW_CURRENT_SAMPLE|LOW_PLAYER_SAMPLE,HISTORICAL TEST ONLY,"Research only - no odds, edge, or betting recommendation."
B.Mayfield,TB,WAS,QB,12.5,19.95579272646628,21.056661495149434,6.321207803742847,0.9120749200335279,0.08792507996647214,"Normal approximation: mean=calibrated_projection, sd=completions_backtest_calibrated_RMSE",Medium,ROUTE_PROXY_UNVALIDATED|LOW_CURRENT_SAMPLE|LOW_PLAYER_SAMPLE,HISTORICAL TEST ONLY,"Research only - no odds, edge, or betting recommendation."
B.Mayfield,TB,WAS,QB,14.5,19.95579272646628,21.056661495149434,6.321207803742847,0.8501899029098727,0.14981009709012727,"Normal approximation: mean=calibrated_projection, sd=completions_backtest_calibrated_RMSE",Medium,ROUTE_PROXY_UNVALIDATED|LOW_CURRENT_SAMPLE|LOW_PLAYER_SAMPLE,HISTORICAL TEST ONLY,"Research only - no odds, edge, or betting recommendation."
B.Mayfield,TB,WAS,QB,16.5,19.95579272646628,21.056661495149434,6.321207803742847,0.7645000131533752,0.23549998684662476,"Normal approximation: mean=calibrated_projection, sd=completions_backtest_calibrated_RMSE",Medium,ROUTE_PROXY_UNVALIDATED|LOW_CURRENT_SAMPLE|LOW_PLAYER_SAMPLE,HISTORICAL TEST ONLY,"Research only - no odds, edge, or betting recommendation."
B.Mayfield,TB,WAS,QB,18.5,19.95579272646628,21.056661495149434,6.321207803742847,0.6570619302057054,0.34293806979429464,"Normal approximation: mean=calibrated_projection, sd=completions_backtest_calibrated_RMSE",Medium,ROUTE_PROXY_UNVALIDATED|LOW_CURRENT_SAMPLE|LOW_PLAYER_SAMPLE,HISTORICAL TEST ONLY,"Research only - no odds, edge, or betting recommendation."
B.Mayfield,TB,WAS,QB,20.5,19.95579272646628,21.056661495149434,6.321207803742847,0.5350865077521603,0.46491349224783973,"Normal approximation: mean=calibrated_projection, sd=completions_backtest_calibrated_RMSE",Medium,ROUTE_PROXY_UNVALIDATED|LOW_CURRENT_SAMPLE|LOW_PLAYER_SAMPLE,HISTORICAL TEST ONLY,"Research only - no odds, edge, or betting recommendation."
B.Mayfield,TB,WAS,QB,22.5,19.95579272646628,21.056661495149434,6.321207803742847,0.4096937988170284,0.5903062011829716,"Normal approximation: mean=calibrated_projection, sd=completions_backtest_calibrated_RMSE",Medium,ROUTE_PROXY_UNVALIDATED|LOW_CURRENT_SAMPLE|LOW_PLAYER_SAMPLE,HISTORICAL TEST ONLY,"Research only - no odds, edge, or betting recommendation."
B.Mayfield,TB,WAS,QB,24.5,19.95579272646628,21.056661495149434,6.321207803742847,0.2929703228298558,0.7070296771701442,"Normal approximation: mean=calibrated_projection, sd=completions_backtest_calibrated_RMSE",Medium,ROUTE_PROXY_UNVALIDATED|LOW_CURRENT_SAMPLE|LOW_PLAYER_SAMPLE,HISTORICAL TEST ONLY,"Research only - no odds, edge, or betting recommendation."
B.Mayfield,TB,WAS,QB,26.5,19.95579272646628,21.056661495149434,6.321207803742847,0.1945851045151008,0.8054148954848992,"Normal approximation: mean=calibrated_projection, sd=completions_backtest_calibrated_RMSE",Medium,ROUTE_PROXY_UNVALIDATED|LOW_CURRENT_SAMPLE|LOW_PLAYER_SAMPLE,HISTORICAL TEST ONLY,"Research only - no odds, edge, or betting recommendation."
B.Mayfield,TB,WAS,QB,28.5,19.95579272646628,21.056661495149434,6.321207803742847,0.11949432874315102,0.880505671256849,"Normal approximation: mean=calibrated_projection, sd=completions_backtest_calibrated_RMSE",Medium,ROUTE_PROXY_UNVALIDATED|LOW_CURRENT_SAMPLE|LOW_PLAYER_SAMPLE,HISTORICAL TEST ONLY,"Research only - no odds, edge, or betting recommendation."
B.Mayfield,TB,WAS,QB,30.5,19.95579272646628,21.056661495149434,6.321207803742847,0.06759909754898663,0.9324009024510134,"Normal approximation: mean=calibrated_projection, sd=completions_backtest_calibrated_RMSE",Medium,ROUTE_PROXY_UNVALIDATED|LOW_CURRENT_SAMPLE|LOW_PLAYER_SAMPLE,HISTORICAL TEST ONLY,"Research only - no odds, edge, or betting recommendation."
B.Mayfield,TB,WAS,QB,32.5,19.95579272646628,21.056661495149434,6.321207803742847,0.035123951778779805,0.9648760482212202,"Normal approximation: mean=calibrated_projection, sd=completions_backtest_calibrated_RMSE",Medium,ROUTE_PROXY_UNVALIDATED|LOW_CURRENT_SAMPLE|LOW_PLAYER_SAMPLE,HISTORICAL TEST ONLY,"Research only - no odds, edge, or betting recommendation."
B.Mayfield,TB,WAS,QB,34.5,19.95579272646628,21.056661495149434,6.321207803742847,0.016722338642507717,0.9832776613574923,"Normal approximation: mean=calibrated_projection, sd=completions_backtest_calibrated_RMSE",Medium,ROUTE_PROXY_UNVALIDATED|LOW_CURRENT_SAMPLE|LOW_PLAYER_SAMPLE,HISTORICAL TEST ONLY,"Research only - no odds, edge, or betting recommendation."
J.Daniels,WAS,PHI,QB,12.5,19.03554949362856,20.0856527002261,6.321207803742847,0.8849365760849013,0.11506342391509872,"Normal approximation: mean=calibrated_projection, sd=completions_backtest_calibrated_RMSE",Medium,ROUTE_PROXY_UNVALIDATED|LOW_CURRENT_SAMPLE|LOW_PLAYER_SAMPLE,HISTORICAL TEST ONLY,"Research only - no odds, edge, or betting recommendation."
J.Daniels,WAS,PHI,QB,14.5,19.03554949362856,20.0856527002261,6.321207803742847,0.8115538834364368,0.18844611656356325,"Normal approximation: mean=calibrated_projection, sd=completions_backtest_calibrated_RMSE",Medium,ROUTE_PROXY_UNVALIDATED|LOW_CURRENT_SAMPLE|LOW_PLAYER_SAMPLE,HISTORICAL TEST ONLY,"Research only - no odds, edge, or betting recommendation."
J.Daniels,WAS,PHI,QB,16.5,19.03554949362856,20.0856527002261,6.321207803742847,0.7147250119515713,0.28527498804842866,"Normal approximation: mean=calibrated_projection, sd=completions_backtest_calibrated_RMSE",Medium,ROUTE_PROXY_UNVALIDATED|LOW_CURRENT_SAMPLE|LOW_PLAYER_SAMPLE,HISTORICAL TEST ONLY,"Research only - no odds, edge, or betting recommendation."
J.Daniels,WAS,PHI,QB,18.5,19.03554949362856,20.0856527002261,6.321207803742847,0.5990335962090996,0.4009664037909004,"Normal approximation: mean=calibrated_projection, sd=completions_backtest_calibrated_RMSE",Medium,ROUTE_PROXY_UNVALIDATED|LOW_CURRENT_SAMPLE|LOW_PLAYER_SAMPLE,HISTORICAL TEST ONLY,"Research only - no odds, edge, or betting recommendation."
J.Daniels,WAS,PHI,QB,20.5,19.03554949362856,20.0856527002261,6.321207803742847,0.47386854456475735,0.5261314554352426,"Normal approximation: mean=calibrated_projection, sd=completions_backtest_calibrated_RMSE",Medium,ROUTE_PROXY_UNVALIDATED|LOW_CURRENT_SAMPLE|LOW_PLAYER_SAMPLE,HISTORICAL TEST ONLY,"Research only - no odds, edge, or betting recommendation."
J.Daniels,WAS,PHI,QB,22.5,19.03554949362856,20.0856527002261,6.321207803742847,0.35125145681756575,0.6487485431824342,"Normal approximation: mean=calibrated_projection, sd=completions_backtest_calibrated_RMSE",Medium,ROUTE_PROXY_UNVALIDATED|LOW_CURRENT_SAMPLE|LOW_PLAYER_SAMPLE,HISTORICAL TEST ONLY,"Research only - no odds, edge, or betting recommendation."
J.Daniels,WAS,PHI,QB,24.5,19.03554949362856,20.0856527002261,6.321207803742847,0.2424825399808752,0.7575174600191248,"Normal approximation: mean=calibrated_projection, sd=completions_backtest_calibrated_RMSE",Medium,ROUTE_PROXY_UNVALIDATED|LOW_CURRENT_SAMPLE|LOW_PLAYER_SAMPLE,HISTORICAL TEST ONLY,"Research only - no odds, edge, or betting recommendation."
J.Daniels,WAS,PHI,QB,26.5,19.03554949362856,20.0856527002261,6.321207803742847,0.15511621476629256,0.8448837852337074,"Normal approximation: mean=calibrated_projection, sd=completions_backtest_calibrated_RMSE",Medium,ROUTE_PROXY_UNVALIDATED|LOW_CURRENT_SAMPLE|LOW_PLAYER_SAMPLE,HISTORICAL TEST ONLY,"Research only - no odds, edge, or betting recommendation."
J.Daniels,WAS,PHI,QB,28.5,19.03554949362856,20.0856527002261,6.321207803742847,0.09157317281838684,0.9084268271816132,"Normal approximation: mean=calibrated_projection, sd=completions_backtest_calibrated_RMSE",Medium,ROUTE_PROXY_UNVALIDATED|LOW_CURRENT_SAMPLE|LOW_PLAYER_SAMPLE,HISTORICAL TEST ONLY,"Research only - no odds, edge, or betting recommendation."
J.Daniels,WAS,PHI,QB,30.5,19.03554949362856,20.0856527002261,6.321207803742847,0.049725100513929865,0.9502748994860701,"Normal approximation: mean=calibrated_projection, sd=completions_backtest_calibrated_RMSE",Medium,ROUTE_PROXY_UNVALIDATED|LOW_CURRENT_SAMPLE|LOW_PLAYER_SAMPLE,HISTORICAL TEST ONLY,"Research only - no odds, edge, or betting recommendation."
J.Daniels,WAS,PHI,QB,32.5,19.03554949362856,20.0856527002261,6.321207803742847,0.024769677066260765,0.9752303229337392,"Normal approximation: mean=calibrated_projection, sd=completions_backtest_calibrated_RMSE",Medium,ROUTE_PROXY_UNVALIDATED|LOW_CURRENT_SAMPLE|LOW_PLAYER_SAMPLE,HISTORICAL TEST ONLY,"Research only - no odds, edge, or betting recommendation."
J.Daniels,WAS,PHI,QB,34.5,19.03554949362856,20.0856527002261,6.321207803742847,0.011294495490345335,0.9887055045096547,"Normal approximation: mean=calibrated_projection, sd=completions_backtest_calibrated_RMSE",Medium,ROUTE_PROXY_UNVALIDATED|LOW_CURRENT_SAMPLE|LOW_PLAYER_SAMPLE,HISTORICAL TEST ONLY,"Research only - no odds, edge, or betting recommendation."
J.Goff,DET,WAS,QB,12.5,18.89634229539541,19.938766084842687,6.321207803742847,0.880361341583379,0.11963865841662102,"Normal approximation: mean=calibrated_projection, sd=completions_backtest_calibrated_RMSE",Medium,ROUTE_PROXY_UNVALIDATED|LOW_CURRENT_SAMPLE|LOW_PLAYER_SAMPLE,HISTORICAL TEST ONLY,"Research only - no odds, edge, or betting recommendation."
J.Goff,DET,WAS,QB,14.5,18.89634229539541,19.938766084842687,6.321207803742847,0.8052156587239088,0.19478434127609123,"Normal approximation: mean=calibrated_projection, sd=completions_backtest_calibrated_RMSE",Medium,ROUTE_PROXY_UNVALIDATED|LOW_CURRENT_SAMPLE|LOW_PLAYER_SAMPLE,HISTORICAL TEST ONLY,"Research only - no odds, edge, or betting recommendation."
J.Goff,DET,WAS,QB,16.5,18.89634229539541,19.938766084842687,6.321207803742847,0.7067808442362661,0.2932191557637339,"Normal approximation: mean=calibrated_projection, sd=completions_backtest_calibrated_RMSE",Medium,ROUTE_PROXY_UNVALIDATED|LOW_CURRENT_SAMPLE|LOW_PLAYER_SAMPLE,HISTORICAL TEST ONLY,"Research only - no odds, edge, or betting recommendation."
J.Goff,DET,WAS,QB,18.5,18.89634229539541,19.938766084842687,6.321207803742847,0.5900250300108767,0.4099749699891233,"Normal approximation: mean=calibrated_projection, sd=completions_backtest_calibrated_RMSE",Medium,ROUTE_PROXY_UNVALIDATED|LOW_CURRENT_SAMPLE|LOW_PLAYER_SAMPLE,HISTORICAL TEST ONLY,"Research only - no odds, edge, or betting recommendation."
J.Goff,DET,WAS,QB,20.5,18.89634229539541,19.938766084842687,6.321207803742847,0.46462604492631476,0.5353739550736852,"Normal approximation: mean=calibrated_projection, sd=completions_backtest_calibrated_RMSE",Medium,ROUTE_PROXY_UNVALIDATED|LOW_CURRENT_SAMPLE|LOW_PLAYER_SAMPLE,HISTORICAL TEST ONLY,"Research only - no odds, edge, or betting recommendation."
J.Goff,DET,WAS,QB,22.5,18.89634229539541,19.938766084842687,6.321207803742847,0.3426721992131867,0.6573278007868133,"Normal approximation: mean=calibrated_projection, sd=completions_backtest_calibrated_RMSE",Medium,ROUTE_PROXY_UNVALIDATED|LOW_CURRENT_SAMPLE|LOW_PLAYER_SAMPLE,HISTORICAL TEST ONLY,"Research only - no odds, edge, or betting recommendation."
J.Goff,DET,WAS,QB,24.5,18.89634229539541,19.938766084842687,6.321207803742847,0.2352774987159476,0.7647225012840524,"Normal approximation: mean=calibrated_projection, sd=completions_backtest_calibrated_RMSE",Medium,ROUTE_PROXY_UNVALIDATED|LOW_CURRENT_SAMPLE|LOW_PLAYER_SAMPLE,HISTORICAL TEST ONLY,"Research only - no odds, edge, or betting recommendation."
J.Goff,DET,WAS,QB,26.5,18.89634229539541,19.938766084842687,6.321207803742847,0.14964164827781867,0.8503583517221813,"Normal approximation: mean=calibrated_projection, sd=completions_backtest_calibrated_RMSE",Medium,ROUTE_PROXY_UNVALIDATED|LOW_CURRENT_SAMPLE|LOW_PLAYER_SAMPLE,HISTORICAL TEST ONLY,"Research only - no odds, edge, or betting recommendation."
J.Goff,DET,WAS,QB,28.5,18.89634229539541,19.938766084842687,6.321207803742847,0.08780969383767045,0.9121903061623295,"Normal approximation: mean=calibrated_projection, sd=completions_backtest_calibrated_RMSE",Medium,ROUTE_PROXY_UNVALIDATED|LOW_CURRENT_SAMPLE|LOW_PLAYER_SAMPLE,HISTORICAL TEST ONLY,"Research only - no odds, edge, or betting recommendation."
J.Goff,DET,WAS,QB,30.5,18.89634229539541,19.938766084842687,6.321207803742847,0.0473843466283963,0.9526156533716037,"Normal approximation: mean=calibrated_projection, sd=completions_backtest_calibrated_RMSE",Medium,ROUTE_PROXY_UNVALIDATED|LOW_CURRENT_SAMPLE|LOW_PLAYER_SAMPLE,HISTORICAL TEST ONLY,"Research only - no odds, edge, or betting recommendation."
J.Goff,DET,WAS,QB,32.5,18.89634229539541,19.938766084842687,6.321207803742847,0.02345248681115164,0.9765475131888484,"Normal approximation: mean=calibrated_projection, sd=completions_backtest_calibrated_RMSE",Medium,ROUTE_PROXY_UNVALIDATED|LOW_CURRENT_SAMPLE|LOW_PLAYER_SAMPLE,HISTORICAL TEST ONLY,"Research only - no odds, edge, or betting recommendation."
J.Goff,DET,WAS,QB,34.5,18.89634229539541,19.938766084842687,6.321207803742847,0.010623888983611662,0.9893761110163883,"Normal approximation: mean=calibrated_projection, sd=completions_backtest_calibrated_RMSE",Medium,ROUTE_PROXY_UNVALIDATED|LOW_CURRENT_SAMPLE|LOW_PLAYER_SAMPLE,HISTORICAL TEST ONLY,"Research only - no odds, edge, or betting recommendation."
C.Williams,CHI,GB,QB,12.5,17.52004433979508,18.486544137823397,6.321207803742847,0.8281951343376571,0.17180486566234288,"Normal approximation: mean=calibrated_projection, sd=completions_backtest_calibrated_RMSE",Medium,ROUTE_PROXY_UNVALIDATED|LOW_CURRENT_SAMPLE|LOW_PLAYER_SAMPLE,HISTORICAL TEST ONLY,"Research only - no odds, edge, or betting recommendation."
C.Williams,CHI,GB,QB,14.5,17.52004433979508,18.486544137823397,6.321207803742847,0.7358691513874445,0.26413084861255554,"Normal approximation: mean=calibrated_projection, sd=completions_backtest_calibrated_RMSE",Medium,ROUTE_PROXY_UNVALIDATED|LOW_CURRENT_SAMPLE|LOW_PLAYER_SAMPLE,HISTORICAL TEST ONLY,"Research only - no odds, edge, or betting recommendation."
C.Williams,CHI,GB,QB,16.5,17.52004433979508,18.486544137823397,6.321207803742847,0.6233406974783455,0.37665930252165447,"Normal approximation: mean=calibrated_projection, sd=completions_backtest_calibrated_RMSE",Medium,ROUTE_PROXY_UNVALIDATED|LOW_CURRENT_SAMPLE|LOW_PLAYER_SAMPLE,HISTORICAL TEST ONLY,"Research only - no odds, edge, or betting recommendation."
C.Williams,CHI,GB,QB,18.5,17.52004433979508,18.486544137823397,6.321207803742847,0.4991507780705712,0.5008492219294288,"Normal approximation: mean=calibrated_projection, sd=completions_backtest_calibrated_RMSE",Medium,ROUTE_PROXY_UNVALIDATED|LOW_CURRENT_SAMPLE|LOW_PLAYER_SAMPLE,HISTORICAL TEST ONLY,"Research only - no odds, edge, or betting recommendation."
C.Williams,CHI,GB,QB,20.5,17.52004433979508,18.486544137823397,6.321207803742847,0.3750437782032062,0.6249562217967938,"Normal approximation: mean=calibrated_projection, sd=completions_backtest_calibrated_RMSE",Medium,ROUTE_PROXY_UNVALIDATED|LOW_CURRENT_SAMPLE|LOW_PLAYER_SAMPLE,HISTORICAL TEST ONLY,"Research only - no odds, edge, or betting recommendation."
C.Williams,CHI,GB,QB,22.5,17.52004433979508,18.486544137823397,6.321207803742847,0.2627405745800949,0.7372594254199051,"Normal approximation: mean=calibrated_projection, sd=completions_backtest_calibrated_RMSE",Medium,ROUTE_PROXY_UNVALIDATED|LOW_CURRENT_SAMPLE|LOW_PLAYER_SAMPLE,HISTORICAL TEST ONLY,"Research only - no odds, edge, or betting recommendation."
C.Williams,CHI,GB,QB,24.5,17.52004433979508,18.486544137823397,6.321207803742847,0.17072240548050832,0.8292775945194917,"Normal approximation: mean=calibrated_projection, sd=completions_backtest_calibrated_RMSE",Medium,ROUTE_PROXY_UNVALIDATED|LOW_CURRENT_SAMPLE|LOW_PLAYER_SAMPLE,HISTORICAL TEST ONLY,"Research only - no odds, edge, or betting recommendation."
C.Williams,CHI,GB,QB,26.5,17.52004433979508,18.486544137823397,6.321207803742847,0.10245083632614116,0.8975491636738588,"Normal approximation: mean=calibrated_projection, sd=completions_backtest_calibrated_RMSE",Medium,ROUTE_PROXY_UNVALIDATED|LOW_CURRENT_SAMPLE|LOW_PLAYER_SAMPLE,HISTORICAL TEST ONLY,"Research only - no odds, edge, or betting recommendation."
C.Williams,CHI,GB,QB,28.5,17.52004433979508,18.486544137823397,6.321207803742847,0.056584931840507724,0.9434150681594923,"Normal approximation: mean=calibrated_projection, sd=completions_backtest_calibrated_RMSE",Medium,ROUTE_PROXY_UNVALIDATED|LOW_CURRENT_SAMPLE|LOW_PLAYER_SAMPLE,HISTORICAL TEST ONLY,"Research only - no odds, edge, or betting recommendation."
C.Williams,CHI,GB,QB,30.5,17.52004433979508,18.486544137823397,6.321207803742847,0.02868376301746367,0.9713162369825363,"Normal approximation: mean=calibrated_projection, sd=completions_backtest_calibrated_RMSE",Medium,ROUTE_PROXY_UNVALIDATED|LOW_CURRENT_SAMPLE|LOW_PLAYER_SAMPLE,HISTORICAL TEST ONLY,"Research only - no odds, edge, or betting recommendation."
C.Williams,CHI,GB,QB,32.5,17.52004433979508,18.486544137823397,6.321207803742847,0.01331512355316189,0.9866848764468381,"Normal approximation: mean=calibrated_projection, sd=completions_backtest_calibrated_RMSE",Medium,ROUTE_PROXY_UNVALIDATED|LOW_CURRENT_SAMPLE|LOW_PLAYER_SAMPLE,HISTORICAL TEST ONLY,"Research only - no odds, edge, or betting recommendation."
C.Williams,CHI,GB,QB,34.5,17.52004433979508,18.486544137823397,6.321207803742847,0.00564986270429868,0.9943501372957013,"Normal approximation: mean=calibrated_projection, sd=completions_backtest_calibrated_RMSE",Medium,ROUTE_PROXY_UNVALIDATED|LOW_CURRENT_SAMPLE|LOW_PLAYER_SAMPLE,HISTORICAL TEST ONLY,"Research only - no odds, edge, or betting recommendation."
B.Nix,DEN,BUF,QB,12.5,16.46345245431084,17.371664965839578,6.321207803742847,0.7795533986559123,0.22044660134408767,"Normal approximation: mean=calibrated_projection, sd=completions_backtest_calibrated_RMSE",Medium,ROUTE_PROXY_UNVALIDATED|LOW_CURRENT_SAMPLE|LOW_PLAYER_SAMPLE,HISTORICAL TEST ONLY,"Research only - no odds, edge, or betting recommendation."
B.Nix,DEN,BUF,QB,14.5,16.46345245431084,17.371664965839578,6.321207803742847,0.675190141368379,0.32480985863162104,"Normal approximation: mean=calibrated_projection, sd=completions_backtest_calibrated_RMSE",Medium,ROUTE_PROXY_UNVALIDATED|LOW_CURRENT_SAMPLE|LOW_PLAYER_SAMPLE,HISTORICAL TEST ONLY,"Research only - no odds, edge, or betting recommendation."
B.Nix,DEN,BUF,QB,16.5,16.46345245431084,17.371664965839578,6.321207803742847,0.5548384249729654,0.4451615750270346,"Normal approximation: mean=calibrated_projection, sd=completions_backtest_calibrated_RMSE",Medium,ROUTE_PROXY_UNVALIDATED|LOW_CURRENT_SAMPLE|LOW_PLAYER_SAMPLE,HISTORICAL TEST ONLY,"Research only - no odds, edge, or betting recommendation."
B.Nix,DEN,BUF,QB,18.5,16.46345245431084,17.371664965839578,6.321207803742847,0.4291651953076322,0.5708348046923678,"Normal approximation: mean=calibrated_projection, sd=completions_backtest_calibrated_RMSE",Medium,ROUTE_PROXY_UNVALIDATED|LOW_CURRENT_SAMPLE|LOW_PLAYER_SAMPLE,HISTORICAL TEST ONLY,"Research only - no odds, edge, or betting recommendation."
B.Nix,DEN,BUF,QB,20.5,16.46345245431084,17.371664965839578,6.321207803742847,0.31033706999716004,0.68966293000284,"Normal approximation: mean=calibrated_projection, sd=completions_backtest_calibrated_RMSE",Medium,ROUTE_PROXY_UNVALIDATED|LOW_CURRENT_SAMPLE|LOW_PLAYER_SAMPLE,HISTORICAL TEST ONLY,"Research only - no odds, edge, or betting recommendation."
B.Nix,DEN,BUF,QB,22.5,16.46345245431084,17.371664965839578,6.321207803742847,0.20859946875333435,0.7914005312466657,"Normal approximation: mean=calibrated_projection, sd=completions_backtest_calibrated_RMSE",Medium,ROUTE_PROXY_UNVALIDATED|LOW_CURRENT_SAMPLE|LOW_PLAYER_SAMPLE,HISTORICAL TEST ONLY,"Research only - no odds, edge, or betting recommendation."
B.Nix,DEN,BUF,QB,24.5,16.46345245431084,17.371664965839578,6.321207803742847,0.12972635997421555,0.8702736400257844,"Normal approximation: mean=calibrated_projection, sd=completions_backtest_calibrated_RMSE",Medium,ROUTE_PROXY_UNVALIDATED|LOW_CURRENT_SAMPLE|LOW_PLAYER_SAMPLE,HISTORICAL TEST ONLY,"Research only - no odds, edge, or betting recommendation."
B.Nix,DEN,BUF,QB,26.5,16.46345245431084,17.371664965839578,6.321207803742847,0.07435811939062575,0.9256418806093742,"Normal approximation: mean=calibrated_projection, sd=completions_backtest_calibrated_RMSE",Medium,ROUTE_PROXY_UNVALIDATED|LOW_CURRENT_SAMPLE|LOW_PLAYER_SAMPLE,HISTORICAL TEST ONLY,"Research only - no odds, edge, or betting recommendation."
B.Nix,DEN,BUF,QB,28.5,16.46345245431084,17.371664965839578,6.321207803742847,0.03916356121709996,0.9608364387829,"Normal approximation: mean=calibrated_projection, sd=completions_backtest_calibrated_RMSE",Medium,ROUTE_PROXY_UNVALIDATED|LOW_CURRENT_SAMPLE|LOW_PLAYER_SAMPLE,HISTORICAL TEST ONLY,"Research only - no odds, edge, or betting recommendation."
B.Nix,DEN,BUF,QB,30.5,16.46345245431084,17.371664965839578,6.321207803742847,0.018906719897519464,0.9810932801024805,"Normal approximation: mean=calibrated_projection, sd=completions_backtest_calibrated_RMSE",Medium,ROUTE_PROXY_UNVALIDATED|LOW_CURRENT_SAMPLE|LOW_PLAYER_SAMPLE,HISTORICAL TEST ONLY,"Research only - no odds, edge, or betting recommendation."
B.Nix,DEN,BUF,QB,32.5,16.46345245431084,17.371664965839578,6.321207803742847,0.008349552804666649,0.9916504471953334,"Normal approximation: mean=calibrated_projection, sd=completions_backtest_calibrated_RMSE",Medium,ROUTE_PROXY_UNVALIDATED|LOW_CURRENT_SAMPLE|LOW_PLAYER_SAMPLE,HISTORICAL TEST ONLY,"Research only - no odds, edge, or betting recommendation."
B.Nix,DEN,BUF,QB,34.5,16.46345245431084,17.371664965839578,6.321207803742847,0.0033675927352210255,0.996632407264779,"Normal approximation: mean=calibrated_projection, sd=completions_backtest_calibrated_RMSE",Medium,ROUTE_PROXY_UNVALIDATED|LOW_CURRENT_SAMPLE|LOW_PLAYER_SAMPLE,HISTORICAL TEST ONLY,"Research only - no odds, edge, or betting recommendation."
J.Burrow,CIN,PIT,QB,12.5,16.402586372430658,17.307441183790203,6.321207803742847,0.776529802565364,0.22347019743463603,"Normal approximation: mean=calibrated_projection, sd=completions_backtest_calibrated_RMSE",Medium,ROUTE_PROXY_UNVALIDATED|LOW_CURRENT_SAMPLE|LOW_PLAYER_SAMPLE,HISTORICAL TEST ONLY,"Research only - no odds, edge, or betting recommendation."
J.Burrow,CIN,PIT,QB,14.5,16.402586372430658,17.307441183790203,6.321207803742847,0.6715258818749656,0.32847411812503435,"Normal approximation: mean=calibrated_projection, sd=completions_backtest_calibrated_RMSE",Medium,ROUTE_PROXY_UNVALIDATED|LOW_CURRENT_SAMPLE|LOW_PLAYER_SAMPLE,HISTORICAL TEST ONLY,"Research only - no odds, edge, or betting recommendation."
J.Burrow,CIN,PIT,QB,16.5,16.402586372430658,17.307441183790203,6.321207803742847,0.5508207612458365,0.44917923875416355,"Normal approximation: mean=calibrated_projection, sd=completions_backtest_calibrated_RMSE",Medium,ROUTE_PROXY_UNVALIDATED|LOW_CURRENT_SAMPLE|LOW_PLAYER_SAMPLE,HISTORICAL TEST ONLY,"Research only - no odds, edge, or betting recommendation."
J.Burrow,CIN,PIT,QB,18.5,16.402586372430658,17.307441183790203,6.321207803742847,0.42517966732853196,0.574820332671468,"Normal approximation: mean=calibrated_projection, sd=completions_backtest_calibrated_RMSE",Medium,ROUTE_PROXY_UNVALIDATED|LOW_CURRENT_SAMPLE|LOW_PLAYER_SAMPLE,HISTORICAL TEST ONLY,"Research only - no odds, edge, or betting recommendation."
J.Burrow,CIN,PIT,QB,20.5,16.402586372430658,17.307441183790203,6.321207803742847,0.3067600360946783,0.6932399639053217,"Normal approximation: mean=calibrated_projection, sd=completions_backtest_calibrated_RMSE",Medium,ROUTE_PROXY_UNVALIDATED|LOW_CURRENT_SAMPLE|LOW_PLAYER_SAMPLE,HISTORICAL TEST ONLY,"Research only - no odds, edge, or betting recommendation."
J.Burrow,CIN,PIT,QB,22.5,16.402586372430658,17.307441183790203,6.321207803742847,0.20569487655722152,0.7943051234427785,"Normal approximation: mean=calibrated_projection, sd=completions_backtest_calibrated_RMSE",Medium,ROUTE_PROXY_UNVALIDATED|LOW_CURRENT_SAMPLE|LOW_PLAYER_SAMPLE,HISTORICAL TEST ONLY,"Research only - no odds, edge, or betting recommendation."
J.Burrow,CIN,PIT,QB,24.5,16.402586372430658,17.307441183790203,6.321207803742847,0.12759246917003364,0.8724075308299664,"Normal approximation: mean=calibrated_projection, sd=completions_backtest_calibrated_RMSE",Medium,ROUTE_PROXY_UNVALIDATED|LOW_CURRENT_SAMPLE|LOW_PLAYER_SAMPLE,HISTORICAL TEST ONLY,"Research only - no odds, edge, or betting recommendation."
J.Burrow,CIN,PIT,QB,26.5,16.402586372430658,17.307441183790203,6.321207803742847,0.07293976703804905,0.927060232961951,"Normal approximation: mean=calibrated_projection, sd=completions_backtest_calibrated_RMSE",Medium,ROUTE_PROXY_UNVALIDATED|LOW_CURRENT_SAMPLE|LOW_PLAYER_SAMPLE,HISTORICAL TEST ONLY,"Research only - no odds, edge, or betting recommendation."
J.Burrow,CIN,PIT,QB,28.5,16.402586372430658,17.307441183790203,6.321207803742847,0.03831061628978194,0.9616893837102181,"Normal approximation: mean=calibrated_projection, sd=completions_backtest_calibrated_RMSE",Medium,ROUTE_PROXY_UNVALIDATED|LOW_CURRENT_SAMPLE|LOW_PLAYER_SAMPLE,HISTORICAL TEST ONLY,"Research only - no odds, edge, or betting recommendation."
J.Burrow,CIN,PIT,QB,30.5,16.402586372430658,17.307441183790203,6.321207803742847,0.01844265067795403,0.981557349322046,"Normal approximation: mean=calibrated_projection, sd=completions_backtest_calibrated_RMSE",Medium,ROUTE_PROXY_UNVALIDATED|LOW_CURRENT_SAMPLE|LOW_PLAYER_SAMPLE,HISTORICAL TEST ONLY,"Research only - no odds, edge, or betting recommendation."
J.Burrow,CIN,PIT,QB,32.5,16.402586372430658,17.307441183790203,6.321207803742847,0.008121114224200143,0.9918788857757999,"Normal approximation: mean=calibrated_projection, sd=completions_backtest_calibrated_RMSE",Medium,ROUTE_PROXY_UNVALIDATED|LOW_CURRENT_SAMPLE|LOW_PLAYER_SAMPLE,HISTORICAL TEST ONLY,"Research only - no odds, edge, or betting recommendation."
J.Burrow,CIN,PIT,QB,34.5,16.402586372430658,17.307441183790203,6.321207803742847,0.0032658552361497506,0.9967341447638502,"Normal approximation: mean=calibrated_projection, sd=completions_backtest_calibrated_RMSE",Medium,ROUTE_PROXY_UNVALIDATED|LOW_CURRENT_SAMPLE|LOW_PLAYER_SAMPLE,HISTORICAL TEST ONLY,"Research only - no odds, edge, or betting recommendation."
G.Smith,SEA,LA,QB,12.5,14.281417441086376,13.428567798106926,6.321207803742847,0.5583934234282079,0.44160657657179214,"Normal approximation: mean=calibrated_projection, sd=completions_backtest_calibrated_RMSE",Medium,ROUTE_PROXY_UNVALIDATED|LOW_CURRENT_SAMPLE|LOW_PLAYER_SAMPLE,HISTORICAL TEST ONLY,"Research only - no odds, edge, or betting recommendation."
G.Smith,SEA,LA,QB,14.5,14.281417441086376,13.428567798106926,6.321207803742847,0.4327024651218082,0.5672975348781918,"Normal approximation: mean=calibrated_projection, sd=completions_backtest_calibrated_RMSE",Medium,ROUTE_PROXY_UNVALIDATED|LOW_CURRENT_SAMPLE|LOW_PLAYER_SAMPLE,HISTORICAL TEST ONLY,"Research only - no odds, edge, or betting recommendation."
G.Smith,SEA,LA,QB,16.5,14.281417441086376,13.428567798106926,6.321207803742847,0.3135214273216371,0.6864785726783629,"Normal approximation: mean=calibrated_projection, sd=completions_backtest_calibrated_RMSE",Medium,ROUTE_PROXY_UNVALIDATED|LOW_CURRENT_SAMPLE|LOW_PLAYER_SAMPLE,HISTORICAL TEST ONLY,"Research only - no odds, edge, or betting recommendation."
G.Smith,SEA,LA,QB,18.5,14.281417441086376,13.428567798106926,6.321207803742847,0.21119305227077156,0.7888069477292284,"Normal approximation: mean=calibrated_projection, sd=completions_backtest_calibrated_RMSE",Medium,ROUTE_PROXY_UNVALIDATED|LOW_CURRENT_SAMPLE|LOW_PLAYER_SAMPLE,HISTORICAL TEST ONLY,"Research only - no odds, edge, or betting recommendation."
G.Smith,SEA,LA,QB,20.5,14.281417441086376,13.428567798106926,6.321207803742847,0.1316375484385548,0.8683624515614452,"Normal approximation: mean=calibrated_projection, sd=completions_backtest_calibrated_RMSE",Medium,ROUTE_PROXY_UNVALIDATED|LOW_CURRENT_SAMPLE|LOW_PLAYER_SAMPLE,HISTORICAL TEST ONLY,"Research only - no odds, edge, or betting recommendation."
G.Smith,SEA,LA,QB,22.5,14.281417441086376,13.428567798106926,6.321207803742847,0.0756323018691114,0.9243676981308886,"Normal approximation: mean=calibrated_projection, sd=completions_backtest_calibrated_RMSE",Medium,ROUTE_PROXY_UNVALIDATED|LOW_CURRENT_SAMPLE|LOW_PLAYER_SAMPLE,HISTORICAL TEST ONLY,"Research only - no odds, edge, or betting recommendation."
G.Smith,SEA,LA,QB,24.5,14.281417441086376,13.428567798106926,6.321207803742847,0.03993213325056577,0.9600678667494342,"Normal approximation: mean=calibrated_projection, sd=completions_backtest_calibrated_RMSE",Medium,ROUTE_PROXY_UNVALIDATED|LOW_CURRENT_SAMPLE|LOW_PLAYER_SAMPLE,HISTORICAL TEST ONLY,"Research only - no odds, edge, or betting recommendation."
G.Smith,SEA,LA,QB,26.5,14.281417441086376,13.428567798106926,6.321207803742847,0.019326152670433805,0.9806738473295662,"Normal approximation: mean=calibrated_projection, sd=completions_backtest_calibrated_RMSE",Medium,ROUTE_PROXY_UNVALIDATED|LOW_CURRENT_SAMPLE|LOW_PLAYER_SAMPLE,HISTORICAL TEST ONLY,"Research only - no odds, edge, or betting recommendation."
G.Smith,SEA,LA,QB,28.5,14.281417441086376,13.428567798106926,6.321207803742847,0.008556645595675372,0.9914433544043246,"Normal approximation: mean=calibrated_projection, sd=completions_backtest_calibrated_RMSE",Medium,ROUTE_PROXY_UNVALIDATED|LOW_CURRENT_SAMPLE|LOW_PLAYER_SAMPLE,HISTORICAL TEST ONLY,"Research only - no odds, edge, or betting recommendation."
G.Smith,SEA,LA,QB,30.5,14.281417441086376,13.428567798106926,6.321207803742847,0.003460103535127379,0.9965398964648726,"Normal approximation: mean=calibrated_projection, sd=completions_backtest_calibrated_RMSE",Medium,ROUTE_PROXY_UNVALIDATED|LOW_CURRENT_SAMPLE|LOW_PLAYER_SAMPLE,HISTORICAL TEST ONLY,"Research only - no odds, edge, or betting recommendation."
G.Smith,SEA,LA,QB,32.5,14.281417441086376,13.428567798106926,6.321207803742847,0.0012762170860616262,0.9987237829139384,"Normal approximation: mean=calibrated_projection, sd=completions_backtest_calibrated_RMSE",Medium,ROUTE_PROXY_UNVALIDATED|LOW_CURRENT_SAMPLE|LOW_PLAYER_SAMPLE,HISTORICAL TEST ONLY,"Research only - no odds, edge, or betting recommendation."
G.Smith,SEA,LA,QB,34.5,14.281417441086376,13.428567798106926,6.321207803742847,0.0004288799360201434,0.9995711200639799,"Normal approximation: mean=calibrated_projection, sd=completions_backtest_calibrated_RMSE",Medium,ROUTE_PROXY_UNVALIDATED|LOW_CURRENT_SAMPLE|LOW_PLAYER_SAMPLE,HISTORICAL TEST ONLY,"Research only - no odds, edge, or betting recommendation."
L.Jackson,BAL,BUF,QB,12.5,14.265421051292137,13.41352667170872,6.321207803742847,0.557454175863441,0.44254582413655896,"Normal approximation: mean=calibrated_projection, sd=completions_backtest_calibrated_RMSE",Medium,ROUTE_PROXY_UNVALIDATED|LOW_CURRENT_SAMPLE|LOW_PLAYER_SAMPLE,HISTORICAL TEST ONLY,"Research only - no odds, edge, or betting recommendation."
L.Jackson,BAL,BUF,QB,14.5,14.265421051292137,13.41352667170872,6.321207803742847,0.431766921968628,0.568233078031372,"Normal approximation: mean=calibrated_projection, sd=completions_backtest_calibrated_RMSE",Medium,ROUTE_PROXY_UNVALIDATED|LOW_CURRENT_SAMPLE|LOW_PLAYER_SAMPLE,HISTORICAL TEST ONLY,"Research only - no odds, edge, or betting recommendation."
L.Jackson,BAL,BUF,QB,16.5,14.265421051292137,13.41352667170872,6.321207803742847,0.31267834082381296,0.687321659176187,"Normal approximation: mean=calibrated_projection, sd=completions_backtest_calibrated_RMSE",Medium,ROUTE_PROXY_UNVALIDATED|LOW_CURRENT_SAMPLE|LOW_PLAYER_SAMPLE,HISTORICAL TEST ONLY,"Research only - no odds, edge, or betting recommendation."
L.Jackson,BAL,BUF,QB,18.5,14.265421051292137,13.41352667170872,6.321207803742847,0.2105056594282212,0.7894943405717788,"Normal approximation: mean=calibrated_projection, sd=completions_backtest_calibrated_RMSE",Medium,ROUTE_PROXY_UNVALIDATED|LOW_CURRENT_SAMPLE|LOW_PLAYER_SAMPLE,HISTORICAL TEST ONLY,"Research only - no odds, edge, or betting recommendation."
L.Jackson,BAL,BUF,QB,20.5,14.265421051292137,13.41352667170872,6.321207803742847,0.13113048483349066,0.8688695151665093,"Normal approximation: mean=calibrated_projection, sd=completions_backtest_calibrated_RMSE",Medium,ROUTE_PROXY_UNVALIDATED|LOW_CURRENT_SAMPLE|LOW_PLAYER_SAMPLE,HISTORICAL TEST ONLY,"Research only - no odds, edge, or betting recommendation."
L.Jackson,BAL,BUF,QB,22.5,14.265421051292137,13.41352667170872,6.321207803742847,0.07529389089644478,0.9247061091035552,"Normal approximation: mean=calibrated_projection, sd=completions_backtest_calibrated_RMSE",Medium,ROUTE_PROXY_UNVALIDATED|LOW_CURRENT_SAMPLE|LOW_PLAYER_SAMPLE,HISTORICAL TEST ONLY,"Research only - no odds, edge, or betting recommendation."
L.Jackson,BAL,BUF,QB,24.5,14.265421051292137,13.41352667170872,6.321207803742847,0.03972779437701013,0.9602722056229899,"Normal approximation: mean=calibrated_projection, sd=completions_backtest_calibrated_RMSE",Medium,ROUTE_PROXY_UNVALIDATED|LOW_CURRENT_SAMPLE|LOW_PLAYER_SAMPLE,HISTORICAL TEST ONLY,"Research only - no odds, edge, or betting recommendation."
L.Jackson,BAL,BUF,QB,26.5,14.265421051292137,13.41352667170872,6.321207803742847,0.019214522364222608,0.9807854776357774,"Normal approximation: mean=calibrated_projection, sd=completions_backtest_calibrated_RMSE",Medium,ROUTE_PROXY_UNVALIDATED|LOW_CURRENT_SAMPLE|LOW_PLAYER_SAMPLE,HISTORICAL TEST ONLY,"Research only - no odds, edge, or betting recommendation."
L.Jackson,BAL,BUF,QB,28.5,14.265421051292137,13.41352667170872,6.321207803742847,0.00850147117275335,0.9914985288272467,"Normal approximation: mean=calibrated_projection, sd=completions_backtest_calibrated_RMSE",Medium,ROUTE_PROXY_UNVALIDATED|LOW_CURRENT_SAMPLE|LOW_PLAYER_SAMPLE,HISTORICAL TEST ONLY,"Research only - no odds, edge, or betting recommendation."
L.Jackson,BAL,BUF,QB,30.5,14.265421051292137,13.41352667170872,6.321207803742847,0.0034354307574550047,0.996564569242545,"Normal approximation: mean=calibrated_projection, sd=completions_backtest_calibrated_RMSE",Medium,ROUTE_PROXY_UNVALIDATED|LOW_CURRENT_SAMPLE|LOW_PLAYER_SAMPLE,HISTORICAL TEST ONLY,"Research only - no odds, edge, or betting recommendation."
L.Jackson,BAL,BUF,QB,32.5,14.265421051292137,13.41352667170872,6.321207803742847,0.0012662349645209403,0.9987337650354791,"Normal approximation: mean=calibrated_projection, sd=completions_backtest_calibrated_RMSE",Medium,ROUTE_PROXY_UNVALIDATED|LOW_CURRENT_SAMPLE|LOW_PLAYER_SAMPLE,HISTORICAL TEST ONLY,"Research only - no odds, edge, or betting recommendation."
L.Jackson,BAL,BUF,QB,34.5,14.265421051292137,13.41352667170872,6.321207803742847,0.00042522607332018403,0.9995747739266798,"Normal approximation: mean=calibrated_projection, sd=completions_backtest_calibrated_RMSE",Medium,ROUTE_PROXY_UNVALIDATED|LOW_CURRENT_SAMPLE|LOW_PLAYER_SAMPLE,HISTORICAL TEST ONLY,"Research only - no odds, edge, or betting recommendation."
S.Darnold,MIN,LA,QB,12.5,13.760184768779046,12.93846180494894,6.321207803742847,0.5276499036935032,0.4723500963064968,"Normal approximation: mean=calibrated_projection, sd=completions_backtest_calibrated_RMSE",Medium,ROUTE_PROXY_UNVALIDATED|LOW_CURRENT_SAMPLE|LOW_PLAYER_SAMPLE,HISTORICAL TEST ONLY,"Research only - no odds, edge, or betting recommendation."
S.Darnold,MIN,LA,QB,14.5,13.760184768779046,12.93846180494894,6.321207803742847,0.40244187707548407,0.5975581229245159,"Normal approximation: mean=calibrated_projection, sd=completions_backtest_calibrated_RMSE",Medium,ROUTE_PROXY_UNVALIDATED|LOW_CURRENT_SAMPLE|LOW_PLAYER_SAMPLE,HISTORICAL TEST ONLY,"Research only - no odds, edge, or betting recommendation."
S.Darnold,MIN,LA,QB,16.5,13.760184768779046,12.93846180494894,6.321207803742847,0.2865721293798087,0.7134278706201913,"Normal approximation: mean=calibrated_projection, sd=completions_backtest_calibrated_RMSE",Medium,ROUTE_PROXY_UNVALIDATED|LOW_CURRENT_SAMPLE|LOW_PLAYER_SAMPLE,HISTORICAL TEST ONLY,"Research only - no odds, edge, or betting recommendation."
S.Darnold,MIN,LA,QB,18.5,13.760184768779046,12.93846180494894,6.321207803742847,0.18947785079366353,0.8105221492063365,"Normal approximation: mean=calibrated_projection, sd=completions_backtest_calibrated_RMSE",Medium,ROUTE_PROXY_UNVALIDATED|LOW_CURRENT_SAMPLE|LOW_PLAYER_SAMPLE,HISTORICAL TEST ONLY,"Research only - no odds, edge, or betting recommendation."
S.Darnold,MIN,LA,QB,20.5,13.760184768779046,12.93846180494894,6.321207803742847,0.11580588376948353,0.8841941162305165,"Normal approximation: mean=calibrated_projection, sd=completions_backtest_calibrated_RMSE",Medium,ROUTE_PROXY_UNVALIDATED|LOW_CURRENT_SAMPLE|LOW_PLAYER_SAMPLE,HISTORICAL TEST ONLY,"Research only - no odds, edge, or betting recommendation."
S.Darnold,MIN,LA,QB,22.5,13.760184768779046,12.93846180494894,6.321207803742847,0.06518905343216441,0.9348109465678356,"Normal approximation: mean=calibrated_projection, sd=completions_backtest_calibrated_RMSE",Medium,ROUTE_PROXY_UNVALIDATED|LOW_CURRENT_SAMPLE|LOW_PLAYER_SAMPLE,HISTORICAL TEST ONLY,"Research only - no odds, edge, or betting recommendation."
S.Darnold,MIN,LA,QB,24.5,13.760184768779046,12.93846180494894,6.321207803742847,0.03369922205520204,0.966300777944798,"Normal approximation: mean=calibrated_projection, sd=completions_backtest_calibrated_RMSE",Medium,ROUTE_PROXY_UNVALIDATED|LOW_CURRENT_SAMPLE|LOW_PLAYER_SAMPLE,HISTORICAL TEST ONLY,"Research only - no odds, edge, or betting recommendation."
S.Darnold,MIN,LA,QB,26.5,13.760184768779046,12.93846180494894,6.321207803742847,0.0159603196676239,0.9840396803323761,"Normal approximation: mean=calibrated_projection, sd=completions_backtest_calibrated_RMSE",Medium,ROUTE_PROXY_UNVALIDATED|LOW_CURRENT_SAMPLE|LOW_PLAYER_SAMPLE,HISTORICAL TEST ONLY,"Research only - no odds, edge, or betting recommendation."
S.Darnold,MIN,LA,QB,28.5,13.760184768779046,12.93846180494894,6.321207803742847,0.00691212060581714,0.9930878793941829,"Normal approximation: mean=calibrated_projection, sd=completions_backtest_calibrated_RMSE",Medium,ROUTE_PROXY_UNVALIDATED|LOW_CURRENT_SAMPLE|LOW_PLAYER_SAMPLE,HISTORICAL TEST ONLY,"Research only - no odds, edge, or betting recommendation."
S.Darnold,MIN,LA,QB,30.5,13.760184768779046,12.93846180494894,6.321207803742847,0.0027331031039874443,0.9972668968960126,"Normal approximation: mean=calibrated_projection, sd=completions_backtest_calibrated_RMSE",Medium,ROUTE_PROXY_UNVALIDATED|LOW_CURRENT_SAMPLE|LOW_PLAYER_SAMPLE,HISTORICAL TEST ONLY,"Research only - no odds, edge, or betting recommendation."
S.Darnold,MIN,LA,QB,32.5,13.760184768779046,12.93846180494894,6.321207803742847,0.0009854299922076315,0.9990145700077924,"Normal approximation: mean=calibrated_projection, sd=completions_backtest_calibrated_RMSE",Medium,ROUTE_PROXY_UNVALIDATED|LOW_CURRENT_SAMPLE|LOW_PLAYER_SAMPLE,HISTORICAL TEST ONLY,"Research only - no odds, edge, or betting recommendation."
S.Darnold,MIN,LA,QB,34.5,13.760184768779046,12.93846180494894,6.321207803742847,0.0003236445395803367,0.9996763554604197,"Normal approximation: mean=calibrated_projection, sd=completions_backtest_calibrated_RMSE",Medium,ROUTE_PROXY_UNVALIDATED|LOW_CURRENT_SAMPLE|LOW_PLAYER_SAMPLE,HISTORICAL TEST ONLY,"Research only - no odds, edge, or betting recommendation."
R.Wilson,PIT,BAL,QB,12.5,13.25505854953552,12.463500428762382,6.321207803742847,0.4976964621758978,0.5023035378241022,"Normal approximation: mean=calibrated_projection, sd=completions_backtest_calibrated_RMSE",Medium,ROUTE_PROXY_UNVALIDATED|LOW_CURRENT_SAMPLE|LOW_PLAYER_SAMPLE,HISTORICAL TEST ONLY,"Research only - no odds, edge, or betting recommendation."
R.Wilson,PIT,BAL,QB,14.5,13.25505854953552,12.463500428762382,6.321207803742847,0.3736621916824797,0.6263378083175203,"Normal approximation: mean=calibrated_projection, sd=completions_backtest_calibrated_RMSE",Medium,ROUTE_PROXY_UNVALIDATED|LOW_CURRENT_SAMPLE|LOW_PLAYER_SAMPLE,HISTORICAL TEST ONLY,"Research only - no odds, edge, or betting recommendation."
R.Wilson,PIT,BAL,QB,16.5,13.25505854953552,12.463500428762382,6.321207803742847,0.2615531063090317,0.7384468936909683,"Normal approximation: mean=calibrated_projection, sd=completions_backtest_calibrated_RMSE",Medium,ROUTE_PROXY_UNVALIDATED|LOW_CURRENT_SAMPLE|LOW_PLAYER_SAMPLE,HISTORICAL TEST ONLY,"Research only - no odds, edge, or betting recommendation."
R.Wilson,PIT,BAL,QB,18.5,13.25505854953552,12.463500428762382,6.321207803742847,0.16979900407573556,0.8302009959242644,"Normal approximation: mean=calibrated_projection, sd=completions_backtest_calibrated_RMSE",Medium,ROUTE_PROXY_UNVALIDATED|LOW_CURRENT_SAMPLE|LOW_PLAYER_SAMPLE,HISTORICAL TEST ONLY,"Research only - no odds, edge, or betting recommendation."
R.Wilson,PIT,BAL,QB,20.5,13.25505854953552,12.463500428762382,6.321207803742847,0.10180118005116334,0.8981988199488367,"Normal approximation: mean=calibrated_projection, sd=completions_backtest_calibrated_RMSE",Medium,ROUTE_PROXY_UNVALIDATED|LOW_CURRENT_SAMPLE|LOW_PLAYER_SAMPLE,HISTORICAL TEST ONLY,"Research only - no odds, edge, or betting recommendation."
R.Wilson,PIT,BAL,QB,22.5,13.25505854953552,12.463500428762382,6.321207803742847,0.056171407255655836,0.9438285927443442,"Normal approximation: mean=calibrated_projection, sd=completions_backtest_calibrated_RMSE",Medium,ROUTE_PROXY_UNVALIDATED|LOW_CURRENT_SAMPLE|LOW_PLAYER_SAMPLE,HISTORICAL TEST ONLY,"Research only - no odds, edge, or betting recommendation."
R.Wilson,PIT,BAL,QB,24.5,13.25505854953552,12.463500428762382,6.321207803742847,0.028445616836679677,0.9715543831633203,"Normal approximation: mean=calibrated_projection, sd=completions_backtest_calibrated_RMSE",Medium,ROUTE_PROXY_UNVALIDATED|LOW_CURRENT_SAMPLE|LOW_PLAYER_SAMPLE,HISTORICAL TEST ONLY,"Research only - no odds, edge, or betting recommendation."
R.Wilson,PIT,BAL,QB,26.5,13.25505854953552,12.463500428762382,6.321207803742847,0.0131910410638294,0.9868089589361706,"Normal approximation: mean=calibrated_projection, sd=completions_backtest_calibrated_RMSE",Medium,ROUTE_PROXY_UNVALIDATED|LOW_CURRENT_SAMPLE|LOW_PLAYER_SAMPLE,HISTORICAL TEST ONLY,"Research only - no odds, edge, or betting recommendation."
R.Wilson,PIT,BAL,QB,28.5,13.25505854953552,12.463500428762382,6.321207803742847,0.00559136996448073,0.9944086300355193,"Normal approximation: mean=calibrated_projection, sd=completions_backtest_calibrated_RMSE",Medium,ROUTE_PROXY_UNVALIDATED|LOW_CURRENT_SAMPLE|LOW_PLAYER_SAMPLE,HISTORICAL TEST ONLY,"Research only - no odds, edge, or betting recommendation."
R.Wilson,PIT,BAL,QB,30.5,13.25505854953552,12.463500428762382,6.321207803742847,0.0021631751403885513,0.9978368248596114,"Normal approximation: mean=calibrated_projection, sd=completions_backtest_calibrated_RMSE",Medium,ROUTE_PROXY_UNVALIDATED|LOW_CURRENT_SAMPLE|LOW_PLAYER_SAMPLE,HISTORICAL TEST ONLY,"Research only - no odds, edge, or betting recommendation."
R.Wilson,PIT,BAL,QB,32.5,13.25505854953552,12.463500428762382,6.321207803742847,0.0007629125554844407,0.9992370874445156,"Normal approximation: mean=calibrated_projection, sd=completions_backtest_calibrated_RMSE",Medium,ROUTE_PROXY_UNVALIDATED|LOW_CURRENT_SAMPLE|LOW_PLAYER_SAMPLE,HISTORICAL TEST ONLY,"Research only - no odds, edge, or betting recommendation."
R.Wilson,PIT,BAL,QB,34.5,13.25505854953552,12.463500428762382,6.321207803742847,0.00024503901575501086,0.999754960984245,"Normal approximation: mean=calibrated_projection, sd=completions_backtest_calibrated_RMSE",Medium,ROUTE_PROXY_UNVALIDATED|LOW_CURRENT_SAMPLE|LOW_PLAYER_SAMPLE,HISTORICAL TEST ONLY,"Research only - no odds, edge, or betting recommendation."
J.Flacco,IND,JAX,QB,12.5,13.01439722305395,12.237210779827205,6.321207803742847,0.4834196970541844,0.5165803029458156,"Normal approximation: mean=calibrated_projection, sd=completions_backtest_calibrated_RMSE",Medium,ROUTE_PROXY_UNVALIDATED|LOW_CURRENT_SAMPLE|LOW_PLAYER_SAMPLE,HISTORICAL TEST ONLY,"Research only - no odds, edge, or betting recommendation."
J.Flacco,IND,JAX,QB,14.5,13.01439722305395,12.237210779827205,6.321207803742847,0.36018368355078445,0.6398163164492155,"Normal approximation: mean=calibrated_projection, sd=completions_backtest_calibrated_RMSE",Medium,ROUTE_PROXY_UNVALIDATED|LOW_CURRENT_SAMPLE|LOW_PLAYER_SAMPLE,HISTORICAL TEST ONLY,"Research only - no odds, edge, or betting recommendation."
J.Flacco,IND,JAX,QB,16.5,13.01439722305395,12.237210779827205,6.321207803742847,0.25004025170869926,0.7499597482913007,"Normal approximation: mean=calibrated_projection, sd=completions_backtest_calibrated_RMSE",Medium,ROUTE_PROXY_UNVALIDATED|LOW_CURRENT_SAMPLE|LOW_PLAYER_SAMPLE,HISTORICAL TEST ONLY,"Research only - no odds, edge, or betting recommendation."
J.Flacco,IND,JAX,QB,18.5,13.01439722305395,12.237210779827205,6.321207803742847,0.16090180313396862,0.8390981968660314,"Normal approximation: mean=calibrated_projection, sd=completions_backtest_calibrated_RMSE",Medium,ROUTE_PROXY_UNVALIDATED|LOW_CURRENT_SAMPLE|LOW_PLAYER_SAMPLE,HISTORICAL TEST ONLY,"Research only - no odds, edge, or betting recommendation."
J.Flacco,IND,JAX,QB,20.5,13.01439722305395,12.237210779827205,6.321207803742847,0.0955802837389681,0.9044197162610319,"Normal approximation: mean=calibrated_projection, sd=completions_backtest_calibrated_RMSE",Medium,ROUTE_PROXY_UNVALIDATED|LOW_CURRENT_SAMPLE|LOW_PLAYER_SAMPLE,HISTORICAL TEST ONLY,"Research only - no odds, edge, or betting recommendation."
J.Flacco,IND,JAX,QB,22.5,13.01439722305395,12.237210779827205,6.321207803742847,0.05223607223492088,0.9477639277650791,"Normal approximation: mean=calibrated_projection, sd=completions_backtest_calibrated_RMSE",Medium,ROUTE_PROXY_UNVALIDATED|LOW_CURRENT_SAMPLE|LOW_PLAYER_SAMPLE,HISTORICAL TEST ONLY,"Research only - no odds, edge, or betting recommendation."
J.Flacco,IND,JAX,QB,24.5,13.01439722305395,12.237210779827205,6.321207803742847,0.026193247315738244,0.9738067526842618,"Normal approximation: mean=calibrated_projection, sd=completions_backtest_calibrated_RMSE",Medium,ROUTE_PROXY_UNVALIDATED|LOW_CURRENT_SAMPLE|LOW_PLAYER_SAMPLE,HISTORICAL TEST ONLY,"Research only - no odds, edge, or betting recommendation."
J.Flacco,IND,JAX,QB,26.5,13.01439722305395,12.237210779827205,6.321207803742847,0.012024696802827473,0.9879753031971725,"Normal approximation: mean=calibrated_projection, sd=completions_backtest_calibrated_RMSE",Medium,ROUTE_PROXY_UNVALIDATED|LOW_CURRENT_SAMPLE|LOW_PLAYER_SAMPLE,HISTORICAL TEST ONLY,"Research only - no odds, edge, or betting recommendation."
J.Flacco,IND,JAX,QB,28.5,13.01439722305395,12.237210779827205,6.321207803742847,0.005044929244661711,0.9949550707553383,"Normal approximation: mean=calibrated_projection, sd=completions_backtest_calibrated_RMSE",Medium,ROUTE_PROXY_UNVALIDATED|LOW_CURRENT_SAMPLE|LOW_PLAYER_SAMPLE,HISTORICAL TEST ONLY,"Research only - no odds, edge, or betting recommendation."
J.Flacco,IND,JAX,QB,30.5,13.01439722305395,12.237210779827205,6.321207803742847,0.001931548485414103,0.9980684515145859,"Normal approximation: mean=calibrated_projection, sd=completions_backtest_calibrated_RMSE",Medium,ROUTE_PROXY_UNVALIDATED|LOW_CURRENT_SAMPLE|LOW_PLAYER_SAMPLE,HISTORICAL TEST ONLY,"Research only - no odds, edge, or betting recommendation."
J.Flacco,IND,JAX,QB,32.5,13.01439722305395,12.237210779827205,6.321207803742847,0.0006740818322322761,0.9993259181677677,"Normal approximation: mean=calibrated_projection, sd=completions_backtest_calibrated_RMSE",Medium,ROUTE_PROXY_UNVALIDATED|LOW_CURRENT_SAMPLE|LOW_PLAYER_SAMPLE,HISTORICAL TEST ONLY,"Research only - no odds, edge, or betting recommendation."
J.Flacco,IND,JAX,QB,34.5,13.01439722305395,12.237210779827205,6.321207803742847,0.00021421657387055149,0.9997857834261294,"Normal approximation: mean=calibrated_projection, sd=completions_backtest_calibrated_RMSE",Medium,ROUTE_PROXY_UNVALIDATED|LOW_CURRENT_SAMPLE|LOW_PLAYER_SAMPLE,HISTORICAL TEST ONLY,"Research only - no odds, edge, or betting recommendation."
T.Tagovailoa,MIA,SF,QB,12.5,11.900166656006444,11.18951920621108,6.321207803742847,0.41788195498994984,0.5821180450100502,"Normal approximation: mean=calibrated_projection, sd=completions_backtest_calibrated_RMSE",Medium,ROUTE_PROXY_UNVALIDATED|LOW_CURRENT_SAMPLE|LOW_PLAYER_SAMPLE,HISTORICAL TEST ONLY,"Research only - no odds, edge, or betting recommendation."
T.Tagovailoa,MIA,SF,QB,14.5,11.900166656006444,11.18951920621108,6.321207803742847,0.300240071578628,0.699759928421372,"Normal approximation: mean=calibrated_projection, sd=completions_backtest_calibrated_RMSE",Medium,ROUTE_PROXY_UNVALIDATED|LOW_CURRENT_SAMPLE|LOW_PLAYER_SAMPLE,HISTORICAL TEST ONLY,"Research only - no odds, edge, or betting recommendation."
T.Tagovailoa,MIA,SF,QB,16.5,11.900166656006444,11.18951920621108,6.321207803742847,0.20042464706953855,0.7995753529304614,"Normal approximation: mean=calibrated_projection, sd=completions_backtest_calibrated_RMSE",Medium,ROUTE_PROXY_UNVALIDATED|LOW_CURRENT_SAMPLE|LOW_PLAYER_SAMPLE,HISTORICAL TEST ONLY,"Research only - no odds, edge, or betting recommendation."
T.Tagovailoa,MIA,SF,QB,18.5,11.900166656006444,11.18951920621108,6.321207803742847,0.12373822145425628,0.8762617785457437,"Normal approximation: mean=calibrated_projection, sd=completions_backtest_calibrated_RMSE",Medium,ROUTE_PROXY_UNVALIDATED|LOW_CURRENT_SAMPLE|LOW_PLAYER_SAMPLE,HISTORICAL TEST ONLY,"Research only - no odds, edge, or betting recommendation."
T.Tagovailoa,MIA,SF,QB,20.5,11.900166656006444,11.18951920621108,6.321207803742847,0.07038955951020598,0.929610440489794,"Normal approximation: mean=calibrated_projection, sd=completions_backtest_calibrated_RMSE",Medium,ROUTE_PROXY_UNVALIDATED|LOW_CURRENT_SAMPLE|LOW_PLAYER_SAMPLE,HISTORICAL TEST ONLY,"Research only - no odds, edge, or betting recommendation."
T.Tagovailoa,MIA,SF,QB,22.5,11.900166656006444,11.18951920621108,6.321207803742847,0.03678397422146773,0.9632160257785323,"Normal approximation: mean=calibrated_projection, sd=completions_backtest_calibrated_RMSE",Medium,ROUTE_PROXY_UNVALIDATED|LOW_CURRENT_SAMPLE|LOW_PLAYER_SAMPLE,HISTORICAL TEST ONLY,"Research only - no odds, edge, or betting recommendation."
T.Tagovailoa,MIA,SF,QB,24.5,11.900166656006444,11.18951920621108,6.321207803742847,0.017615804486108555,0.9823841955138914,"Normal approximation: mean=calibrated_projection, sd=completions_backtest_calibrated_RMSE",Medium,ROUTE_PROXY_UNVALIDATED|LOW_CURRENT_SAMPLE|LOW_PLAYER_SAMPLE,HISTORICAL TEST ONLY,"Research only - no odds, edge, or betting recommendation."
T.Tagovailoa,MIA,SF,QB,26.5,11.900166656006444,11.18951920621108,6.321207803742847,0.007715943518403767,0.9922840564815962,"Normal approximation: mean=calibrated_projection, sd=completions_backtest_calibrated_RMSE",Medium,ROUTE_PROXY_UNVALIDATED|LOW_CURRENT_SAMPLE|LOW_PLAYER_SAMPLE,HISTORICAL TEST ONLY,"Research only - no odds, edge, or betting recommendation."
T.Tagovailoa,MIA,SF,QB,28.5,11.900166656006444,11.18951920621108,6.321207803742847,0.0030862259484027987,0.9969137740515972,"Normal approximation: mean=calibrated_projection, sd=completions_backtest_calibrated_RMSE",Medium,ROUTE_PROXY_UNVALIDATED|LOW_CURRENT_SAMPLE|LOW_PLAYER_SAMPLE,HISTORICAL TEST ONLY,"Research only - no odds, edge, or betting recommendation."
T.Tagovailoa,MIA,SF,QB,30.5,11.900166656006444,11.18951920621108,6.321207803742847,0.0011257829275139741,0.998874217072486,"Normal approximation: mean=calibrated_projection, sd=completions_backtest_calibrated_RMSE",Medium,ROUTE_PROXY_UNVALIDATED|LOW_CURRENT_SAMPLE|LOW_PLAYER_SAMPLE,HISTORICAL TEST ONLY,"Research only - no odds, edge, or betting recommendation."
T.Tagovailoa,MIA,SF,QB,32.5,11.900166656006444,11.18951920621108,6.321207803742847,0.0003741161820166594,0.9996258838179833,"Normal approximation: mean=calibrated_projection, sd=completions_backtest_calibrated_RMSE",Medium,ROUTE_PROXY_UNVALIDATED|LOW_CURRENT_SAMPLE|LOW_PLAYER_SAMPLE,HISTORICAL TEST ONLY,"Research only - no odds, edge, or betting recommendation."
T.Tagovailoa,MIA,SF,QB,34.5,11.900166656006444,11.18951920621108,6.321207803742847,0.00011316179243781033,0.9998868382075622,"Normal approximation: mean=calibrated_projection, sd=completions_backtest_calibrated_RMSE",Medium,ROUTE_PROXY_UNVALIDATED|LOW_CURRENT_SAMPLE|LOW_PLAYER_SAMPLE,HISTORICAL TEST ONLY,"Research only - no odds, edge, or betting recommendation."
J.Allen,BUF,KC,QB,12.5,11.8978334152024,11.187325300567217,6.321207803742847,0.41774644246590487,0.5822535575340951,"Normal approximation: mean=calibrated_projection, sd=completions_backtest_calibrated_RMSE",Medium,ROUTE_PROXY_UNVALIDATED|LOW_CURRENT_SAMPLE|LOW_PLAYER_SAMPLE,HISTORICAL TEST ONLY,"Research only - no odds, edge, or betting recommendation."
J.Allen,BUF,KC,QB,14.5,11.8978334152024,11.187325300567217,6.321207803742847,0.3001193649877797,0.6998806350122203,"Normal approximation: mean=calibrated_projection, sd=completions_backtest_calibrated_RMSE",Medium,ROUTE_PROXY_UNVALIDATED|LOW_CURRENT_SAMPLE|LOW_PLAYER_SAMPLE,HISTORICAL TEST ONLY,"Research only - no odds, edge, or betting recommendation."
J.Allen,BUF,KC,QB,16.5,11.8978334152024,11.187325300567217,6.321207803742847,0.20032737076220508,0.7996726292377949,"Normal approximation: mean=calibrated_projection, sd=completions_backtest_calibrated_RMSE",Medium,ROUTE_PROXY_UNVALIDATED|LOW_CURRENT_SAMPLE|LOW_PLAYER_SAMPLE,HISTORICAL TEST ONLY,"Research only - no odds, edge, or betting recommendation."
J.Allen,BUF,KC,QB,18.5,11.8978334152024,11.187325300567217,6.321207803742847,0.12366729508799323,0.8763327049120068,"Normal approximation: mean=calibrated_projection, sd=completions_backtest_calibrated_RMSE",Medium,ROUTE_PROXY_UNVALIDATED|LOW_CURRENT_SAMPLE|LOW_PLAYER_SAMPLE,HISTORICAL TEST ONLY,"Research only - no odds, edge, or betting recommendation."
J.Allen,BUF,KC,QB,20.5,11.8978334152024,11.187325300567217,6.321207803742847,0.07034277168196446,0.9296572283180355,"Normal approximation: mean=calibrated_projection, sd=completions_backtest_calibrated_RMSE",Medium,ROUTE_PROXY_UNVALIDATED|LOW_CURRENT_SAMPLE|LOW_PLAYER_SAMPLE,HISTORICAL TEST ONLY,"Research only - no odds, edge, or betting recommendation."
J.Allen,BUF,KC,QB,22.5,11.8978334152024,11.187325300567217,6.321207803742847,0.036756049901495835,0.9632439500985042,"Normal approximation: mean=calibrated_projection, sd=completions_backtest_calibrated_RMSE",Medium,ROUTE_PROXY_UNVALIDATED|LOW_CURRENT_SAMPLE|LOW_PLAYER_SAMPLE,HISTORICAL TEST ONLY,"Research only - no odds, edge, or betting recommendation."
J.Allen,BUF,KC,QB,24.5,11.8978334152024,11.187325300567217,6.321207803742847,0.017600726030324143,0.9823992739696759,"Normal approximation: mean=calibrated_projection, sd=completions_backtest_calibrated_RMSE",Medium,ROUTE_PROXY_UNVALIDATED|LOW_CURRENT_SAMPLE|LOW_PLAYER_SAMPLE,HISTORICAL TEST ONLY,"Research only - no odds, edge, or betting recommendation."
J.Allen,BUF,KC,QB,26.5,11.8978334152024,11.187325300567217,6.321207803742847,0.007708577112084614,0.9922914228879154,"Normal approximation: mean=calibrated_projection, sd=completions_backtest_calibrated_RMSE",Medium,ROUTE_PROXY_UNVALIDATED|LOW_CURRENT_SAMPLE|LOW_PLAYER_SAMPLE,HISTORICAL TEST ONLY,"Research only - no odds, edge, or betting recommendation."
J.Allen,BUF,KC,QB,28.5,11.8978334152024,11.187325300567217,6.321207803742847,0.0030829699887406914,0.9969170300112593,"Normal approximation: mean=calibrated_projection, sd=completions_backtest_calibrated_RMSE",Medium,ROUTE_PROXY_UNVALIDATED|LOW_CURRENT_SAMPLE|LOW_PLAYER_SAMPLE,HISTORICAL TEST ONLY,"Research only - no odds, edge, or betting recommendation."
J.Allen,BUF,KC,QB,30.5,11.8978334152024,11.187325300567217,6.321207803742847,0.0011244808797870043,0.998875519120213,"Normal approximation: mean=calibrated_projection, sd=completions_backtest_calibrated_RMSE",Medium,ROUTE_PROXY_UNVALIDATED|LOW_CURRENT_SAMPLE|LOW_PLAYER_SAMPLE,HISTORICAL TEST ONLY,"Research only - no odds, edge, or betting recommendation."
J.Allen,BUF,KC,QB,32.5,11.8978334152024,11.187325300567217,6.321207803742847,0.00037364509695381187,0.9996263549030462,"Normal approximation: mean=calibrated_projection, sd=completions_backtest_calibrated_RMSE",Medium,ROUTE_PROXY_UNVALIDATED|LOW_CURRENT_SAMPLE|LOW_PLAYER_SAMPLE,HISTORICAL TEST ONLY,"Research only - no odds, edge, or betting recommendation."
J.Allen,BUF,KC,QB,34.5,11.8978334152024,11.187325300567217,6.321207803742847,0.00011300758820098622,0.999886992411799,"Normal approximation: mean=calibrated_projection, sd=completions_backtest_calibrated_RMSE",Medium,ROUTE_PROXY_UNVALIDATED|LOW_CURRENT_SAMPLE|LOW_PLAYER_SAMPLE,HISTORICAL TEST ONLY,"Research only - no odds, edge, or betting recommendation."
B.Purdy,SF,DET,QB,12.5,11.674569786873713,10.977394403845588,6.321207803742847,0.40482693947452164,0.5951730605254784,"Normal approximation: mean=calibrated_projection, sd=completions_backtest_calibrated_RMSE",Medium,ROUTE_PROXY_UNVALIDATED|LOW_CURRENT_SAMPLE|LOW_PLAYER_SAMPLE,HISTORICAL TEST ONLY,"Research only - no odds, edge, or betting recommendation."
B.Purdy,SF,DET,QB,14.5,11.674569786873713,10.977394403845588,6.321207803742847,0.288672234579628,0.711327765420372,"Normal approximation: mean=calibrated_projection, sd=completions_backtest_calibrated_RMSE",Medium,ROUTE_PROXY_UNVALIDATED|LOW_CURRENT_SAMPLE|LOW_PLAYER_SAMPLE,HISTORICAL TEST ONLY,"Research only - no odds, edge, or betting recommendation."
B.Purdy,SF,DET,QB,16.5,11.674569786873713,10.977394403845588,6.321207803742847,0.1911508935271612,0.8088491064728388,"Normal approximation: mean=calibrated_projection, sd=completions_backtest_calibrated_RMSE",Medium,ROUTE_PROXY_UNVALIDATED|LOW_CURRENT_SAMPLE|LOW_PLAYER_SAMPLE,HISTORICAL TEST ONLY,"Research only - no odds, edge, or betting recommendation."
B.Purdy,SF,DET,QB,18.5,11.674569786873713,10.977394403845588,6.321207803742847,0.11701174601244047,0.8829882539875595,"Normal approximation: mean=calibrated_projection, sd=completions_backtest_calibrated_RMSE",Medium,ROUTE_PROXY_UNVALIDATED|LOW_CURRENT_SAMPLE|LOW_PLAYER_SAMPLE,HISTORICAL TEST ONLY,"Research only - no odds, edge, or betting recommendation."
B.Purdy,SF,DET,QB,20.5,11.674569786873713,10.977394403845588,6.321207803742847,0.06597539826874121,0.9340246017312588,"Normal approximation: mean=calibrated_projection, sd=completions_backtest_calibrated_RMSE",Medium,ROUTE_PROXY_UNVALIDATED|LOW_CURRENT_SAMPLE|LOW_PLAYER_SAMPLE,HISTORICAL TEST ONLY,"Research only - no odds, edge, or betting recommendation."
B.Purdy,SF,DET,QB,22.5,11.674569786873713,10.977394403845588,6.321207803742847,0.034163152700360744,0.9658368472996393,"Normal approximation: mean=calibrated_projection, sd=completions_backtest_calibrated_RMSE",Medium,ROUTE_PROXY_UNVALIDATED|LOW_CURRENT_SAMPLE|LOW_PLAYER_SAMPLE,HISTORICAL TEST ONLY,"Research only - no odds, edge, or betting recommendation."
B.Purdy,SF,DET,QB,24.5,11.674569786873713,10.977394403845588,6.321207803742847,0.016207957937902306,0.9837920420620977,"Normal approximation: mean=calibrated_projection, sd=completions_backtest_calibrated_RMSE",Medium,ROUTE_PROXY_UNVALIDATED|LOW_CURRENT_SAMPLE|LOW_PLAYER_SAMPLE,HISTORICAL TEST ONLY,"Research only - no odds, edge, or betting recommendation."
B.Purdy,SF,DET,QB,26.5,11.674569786873713,10.977394403845588,6.321207803742847,0.007031713986289878,0.9929682860137101,"Normal approximation: mean=calibrated_projection, sd=completions_backtest_calibrated_RMSE",Medium,ROUTE_PROXY_UNVALIDATED|LOW_CURRENT_SAMPLE|LOW_PLAYER_SAMPLE,HISTORICAL TEST ONLY,"Research only - no odds, edge, or betting recommendation."
B.Purdy,SF,DET,QB,28.5,11.674569786873713,10.977394403845588,6.321207803742847,0.0027853573037739388,0.9972146426962261,"Normal approximation: mean=calibrated_projection, sd=completions_backtest_calibrated_RMSE",Medium,ROUTE_PROXY_UNVALIDATED|LOW_CURRENT_SAMPLE|LOW_PLAYER_SAMPLE,HISTORICAL TEST ONLY,"Research only - no odds, edge, or betting recommendation."
B.Purdy,SF,DET,QB,30.5,11.674569786873713,10.977394403845588,6.321207803742847,0.0010060866445408267,0.9989939133554592,"Normal approximation: mean=calibrated_projection, sd=completions_backtest_calibrated_RMSE",Medium,ROUTE_PROXY_UNVALIDATED|LOW_CURRENT_SAMPLE|LOW_PLAYER_SAMPLE,HISTORICAL TEST ONLY,"Research only - no odds, edge, or betting recommendation."
B.Purdy,SF,DET,QB,32.5,11.674569786873713,10.977394403845588,6.321207803742847,0.00033103247955135195,0.9996689675204486,"Normal approximation: mean=calibrated_projection, sd=completions_backtest_calibrated_RMSE",Medium,ROUTE_PROXY_UNVALIDATED|LOW_CURRENT_SAMPLE|LOW_PLAYER_SAMPLE,HISTORICAL TEST ONLY,"Research only - no odds, edge, or betting recommendation."
B.Purdy,SF,DET,QB,34.5,11.674569786873713,10.977394403845588,6.321207803742847,9.913126521299276e-05,0.999900868734787,"Normal approximation: mean=calibrated_projection, sd=completions_backtest_calibrated_RMSE",Medium,ROUTE_PROXY_UNVALIDATED|LOW_CURRENT_SAMPLE|LOW_PLAYER_SAMPLE,HISTORICAL TEST ONLY,"Research only - no odds, edge, or betting recommendation."
D.Carr,NO,NYG,QB,12.5,10.675499603734496,10.037986131193662,6.321207803742847,0.3484588048683356,0.6515411951316644,"Normal approximation: mean=calibrated_projection, sd=completions_backtest_calibrated_RMSE",Medium,ROUTE_PROXY_UNVALIDATED|LOW_CURRENT_SAMPLE|LOW_PLAYER_SAMPLE,HISTORICAL TEST ONLY,"Research only - no odds, edge, or betting recommendation."
D.Carr,NO,NYG,QB,14.5,10.675499603734496,10.037986131193662,6.321207803742847,0.2401313976073911,0.7598686023926089,"Normal approximation: mean=calibrated_projection, sd=completions_backtest_calibrated_RMSE",Medium,ROUTE_PROXY_UNVALIDATED|LOW_CURRENT_SAMPLE|LOW_PLAYER_SAMPLE,HISTORICAL TEST ONLY,"Research only - no odds, edge, or betting recommendation."
D.Carr,NO,NYG,QB,16.5,10.675499603734496,10.037986131193662,6.321207803742847,0.15332533762750078,0.8466746623724992,"Normal approximation: mean=calibrated_projection, sd=completions_backtest_calibrated_RMSE",Medium,ROUTE_PROXY_UNVALIDATED|LOW_CURRENT_SAMPLE|LOW_PLAYER_SAMPLE,HISTORICAL TEST ONLY,"Research only - no odds, edge, or betting recommendation."
D.Carr,NO,NYG,QB,18.5,10.675499603734496,10.037986131193662,6.321207803742847,0.0903389959444032,0.9096610040555968,"Normal approximation: mean=calibrated_projection, sd=completions_backtest_calibrated_RMSE",Medium,ROUTE_PROXY_UNVALIDATED|LOW_CURRENT_SAMPLE|LOW_PLAYER_SAMPLE,HISTORICAL TEST ONLY,"Research only - no odds, edge, or betting recommendation."
D.Carr,NO,NYG,QB,20.5,10.675499603734496,10.037986131193662,6.321207803742847,0.048955591406976584,0.9510444085930234,"Normal approximation: mean=calibrated_projection, sd=completions_backtest_calibrated_RMSE",Medium,ROUTE_PROXY_UNVALIDATED|LOW_CURRENT_SAMPLE|LOW_PLAYER_SAMPLE,HISTORICAL TEST ONLY,"Research only - no odds, edge, or betting recommendation."
D.Carr,NO,NYG,QB,22.5,10.675499603734496,10.037986131193662,6.321207803742847,0.024335591973722703,0.9756644080262773,"Normal approximation: mean=calibrated_projection, sd=completions_backtest_calibrated_RMSE",Medium,ROUTE_PROXY_UNVALIDATED|LOW_CURRENT_SAMPLE|LOW_PLAYER_SAMPLE,HISTORICAL TEST ONLY,"Research only - no odds, edge, or betting recommendation."
D.Carr,NO,NYG,QB,24.5,10.675499603734496,10.037986131193662,6.321207803742847,0.0110729511158707,0.9889270488841293,"Normal approximation: mean=calibrated_projection, sd=completions_backtest_calibrated_RMSE",Medium,ROUTE_PROXY_UNVALIDATED|LOW_CURRENT_SAMPLE|LOW_PLAYER_SAMPLE,HISTORICAL TEST ONLY,"Research only - no odds, edge, or betting recommendation."
D.Carr,NO,NYG,QB,26.5,10.675499603734496,10.037986131193662,6.321207803742847,0.004603760401496126,0.9953962395985039,"Normal approximation: mean=calibrated_projection, sd=completions_backtest_calibrated_RMSE",Medium,ROUTE_PROXY_UNVALIDATED|LOW_CURRENT_SAMPLE|LOW_PLAYER_SAMPLE,HISTORICAL TEST ONLY,"Research only - no odds, edge, or betting recommendation."
D.Carr,NO,NYG,QB,28.5,10.675499603734496,10.037986131193662,6.321207803742847,0.0017465292470371097,0.9982534707529629,"Normal approximation: mean=calibrated_projection, sd=completions_backtest_calibrated_RMSE",Medium,ROUTE_PROXY_UNVALIDATED|LOW_CURRENT_SAMPLE|LOW_PLAYER_SAMPLE,HISTORICAL TEST ONLY,"Research only - no odds, edge, or betting recommendation."
D.Carr,NO,NYG,QB,30.5,10.675499603734496,10.037986131193662,6.321207803742847,0.0006038786040096777,0.9993961213959903,"Normal approximation: mean=calibrated_projection, sd=completions_backtest_calibrated_RMSE",Medium,ROUTE_PROXY_UNVALIDATED|LOW_CURRENT_SAMPLE|LOW_PLAYER_SAMPLE,HISTORICAL TEST ONLY,"Research only - no odds, edge, or betting recommendation."
D.Carr,NO,NYG,QB,32.5,10.675499603734496,10.037986131193662,6.321207803742847,0.00019011610920216526,0.9998098838907978,"Normal approximation: mean=calibrated_projection, sd=completions_backtest_calibrated_RMSE",Medium,ROUTE_PROXY_UNVALIDATED|LOW_CURRENT_SAMPLE|LOW_PLAYER_SAMPLE,HISTORICAL TEST ONLY,"Research only - no odds, edge, or betting recommendation."
D.Carr,NO,NYG,QB,34.5,10.675499603734496,10.037986131193662,6.321207803742847,5.445513080482023e-05,0.9999455448691952,"Normal approximation: mean=calibrated_projection, sd=completions_backtest_calibrated_RMSE",Medium,ROUTE_PROXY_UNVALIDATED|LOW_CURRENT_SAMPLE|LOW_PLAYER_SAMPLE,HISTORICAL TEST ONLY,"Research only - no odds, edge, or betting recommendation."
D.Prescott,DAL,ATL,QB,12.5,10.561220560579294,9.930531539571858,6.321207803742847,0.3421935851558152,0.6578064148441848,"Normal approximation: mean=calibrated_projection, sd=completions_backtest_calibrated_RMSE",Medium,ROUTE_PROXY_UNVALIDATED|LOW_CURRENT_SAMPLE|LOW_PLAYER_SAMPLE,HISTORICAL TEST ONLY,"Research only - no odds, edge, or betting recommendation."
D.Prescott,DAL,ATL,QB,14.5,10.561220560579294,9.930531539571858,6.321207803742847,0.23487710908404458,0.7651228909159554,"Normal approximation: mean=calibrated_projection, sd=completions_backtest_calibrated_RMSE",Medium,ROUTE_PROXY_UNVALIDATED|LOW_CURRENT_SAMPLE|LOW_PLAYER_SAMPLE,HISTORICAL TEST ONLY,"Research only - no odds, edge, or betting recommendation."
D.Prescott,DAL,ATL,QB,16.5,10.561220560579294,9.930531539571858,6.321207803742847,0.14933860493802686,0.8506613950619731,"Normal approximation: mean=calibrated_projection, sd=completions_backtest_calibrated_RMSE",Medium,ROUTE_PROXY_UNVALIDATED|LOW_CURRENT_SAMPLE|LOW_PLAYER_SAMPLE,HISTORICAL TEST ONLY,"Research only - no odds, edge, or betting recommendation."
D.Prescott,DAL,ATL,QB,18.5,10.561220560579294,9.930531539571858,6.321207803742847,0.08760217801692516,0.9123978219830748,"Normal approximation: mean=calibrated_projection, sd=completions_backtest_calibrated_RMSE",Medium,ROUTE_PROXY_UNVALIDATED|LOW_CURRENT_SAMPLE|LOW_PLAYER_SAMPLE,HISTORICAL TEST ONLY,"Research only - no odds, edge, or betting recommendation."
D.Prescott,DAL,ATL,QB,20.5,10.561220560579294,9.930531539571858,6.321207803742847,0.047255781783830164,0.9527442182161698,"Normal approximation: mean=calibrated_projection, sd=completions_backtest_calibrated_RMSE",Medium,ROUTE_PROXY_UNVALIDATED|LOW_CURRENT_SAMPLE|LOW_PLAYER_SAMPLE,HISTORICAL TEST ONLY,"Research only - no odds, edge, or betting recommendation."
D.Prescott,DAL,ATL,QB,22.5,10.561220560579294,9.930531539571858,6.321207803742847,0.023380422905847853,0.9766195770941521,"Normal approximation: mean=calibrated_projection, sd=completions_backtest_calibrated_RMSE",Medium,ROUTE_PROXY_UNVALIDATED|LOW_CURRENT_SAMPLE|LOW_PLAYER_SAMPLE,HISTORICAL TEST ONLY,"Research only - no odds, edge, or betting recommendation."
D.Prescott,DAL,ATL,QB,24.5,10.561220560579294,9.930531539571858,6.321207803742847,0.010587343147146933,0.9894126568528531,"Normal approximation: mean=calibrated_projection, sd=completions_backtest_calibrated_RMSE",Medium,ROUTE_PROXY_UNVALIDATED|LOW_CURRENT_SAMPLE|LOW_PLAYER_SAMPLE,HISTORICAL TEST ONLY,"Research only - no odds, edge, or betting recommendation."
D.Prescott,DAL,ATL,QB,26.5,10.561220560579294,9.930531539571858,6.321207803742847,0.004380394462484061,0.9956196055375159,"Normal approximation: mean=calibrated_projection, sd=completions_backtest_calibrated_RMSE",Medium,ROUTE_PROXY_UNVALIDATED|LOW_CURRENT_SAMPLE|LOW_PLAYER_SAMPLE,HISTORICAL TEST ONLY,"Research only - no odds, edge, or betting recommendation."
D.Prescott,DAL,ATL,QB,28.5,10.561220560579294,9.930531539571858,6.321207803742847,0.001653574048948947,0.998346425951051,"Normal approximation: mean=calibrated_projection, sd=completions_backtest_calibrated_RMSE",Medium,ROUTE_PROXY_UNVALIDATED|LOW_CURRENT_SAMPLE|LOW_PLAYER_SAMPLE,HISTORICAL TEST ONLY,"Research only - no odds, edge, or betting recommendation."
D.Prescott,DAL,ATL,QB,30.5,10.561220560579294,9.930531539571858,6.321207803742847,0.0005688795745293351,0.9994311204254707,"Normal approximation: mean=calibrated_projection, sd=completions_backtest_calibrated_RMSE",Medium,ROUTE_PROXY_UNVALIDATED|LOW_CURRENT_SAMPLE|LOW_PLAYER_SAMPLE,HISTORICAL TEST ONLY,"Research only - no odds, edge, or betting recommendation."
D.Prescott,DAL,ATL,QB,32.5,10.561220560579294,9.930531539571858,6.321207803742847,0.00017819370309135607,0.9998218062969086,"Normal approximation: mean=calibrated_projection, sd=completions_backtest_calibrated_RMSE",Medium,ROUTE_PROXY_UNVALIDATED|LOW_CURRENT_SAMPLE|LOW_PLAYER_SAMPLE,HISTORICAL TEST ONLY,"Research only - no odds, edge, or betting recommendation."
D.Prescott,DAL,ATL,QB,34.5,10.561220560579294,9.930531539571858,6.321207803742847,5.078063793440002e-05,0.9999492193620656,"Normal approximation: mean=calibrated_projection, sd=completions_backtest_calibrated_RMSE",Medium,ROUTE_PROXY_UNVALIDATED|LOW_CURRENT_SAMPLE|LOW_PLAYER_SAMPLE,HISTORICAL TEST ONLY,"Research only - no odds, edge, or betting recommendation."
S.Rattler,NO,TB,QB,12.5,10.493768392624606,9.867107442191791,6.321207803742847,0.3385157466917109,0.6614842533082891,"Normal approximation: mean=calibrated_projection, sd=completions_backtest_calibrated_RMSE",Medium,ROUTE_PROXY_UNVALIDATED|LOW_CURRENT_SAMPLE|LOW_PLAYER_SAMPLE,HISTORICAL TEST ONLY,"Research only - no odds, edge, or betting recommendation."
S.Rattler,NO,TB,QB,14.5,10.493768392624606,9.867107442191791,6.321207803742847,0.2318058827642724,0.7681941172357276,"Normal approximation: mean=calibrated_projection, sd=completions_backtest_calibrated_RMSE",Medium,ROUTE_PROXY_UNVALIDATED|LOW_CURRENT_SAMPLE|LOW_PLAYER_SAMPLE,HISTORICAL TEST ONLY,"Research only - no odds, edge, or betting recommendation."
S.Rattler,NO,TB,QB,16.5,10.493768392624606,9.867107442191791,6.321207803742847,0.1470182421182482,0.8529817578817518,"Normal approximation: mean=calibrated_projection, sd=completions_backtest_calibrated_RMSE",Medium,ROUTE_PROXY_UNVALIDATED|LOW_CURRENT_SAMPLE|LOW_PLAYER_SAMPLE,HISTORICAL TEST ONLY,"Research only - no odds, edge, or betting recommendation."
S.Rattler,NO,TB,QB,18.5,10.493768392624606,9.867107442191791,6.321207803742847,0.08601609877399519,0.9139839012260048,"Normal approximation: mean=calibrated_projection, sd=completions_backtest_calibrated_RMSE",Medium,ROUTE_PROXY_UNVALIDATED|LOW_CURRENT_SAMPLE|LOW_PLAYER_SAMPLE,HISTORICAL TEST ONLY,"Research only - no odds, edge, or betting recommendation."
S.Rattler,NO,TB,QB,20.5,10.493768392624606,9.867107442191791,6.321207803742847,0.046274895251469994,0.95372510474853,"Normal approximation: mean=calibrated_projection, sd=completions_backtest_calibrated_RMSE",Medium,ROUTE_PROXY_UNVALIDATED|LOW_CURRENT_SAMPLE|LOW_PLAYER_SAMPLE,HISTORICAL TEST ONLY,"Research only - no odds, edge, or betting recommendation."
S.Rattler,NO,TB,QB,22.5,10.493768392624606,9.867107442191791,6.321207803742847,0.022831593252422122,0.9771684067475779,"Normal approximation: mean=calibrated_projection, sd=completions_backtest_calibrated_RMSE",Medium,ROUTE_PROXY_UNVALIDATED|LOW_CURRENT_SAMPLE|LOW_PLAYER_SAMPLE,HISTORICAL TEST ONLY,"Research only - no odds, edge, or betting recommendation."
S.Rattler,NO,TB,QB,24.5,10.493768392624606,9.867107442191791,6.321207803742847,0.010309511782774061,0.9896904882172259,"Normal approximation: mean=calibrated_projection, sd=completions_backtest_calibrated_RMSE",Medium,ROUTE_PROXY_UNVALIDATED|LOW_CURRENT_SAMPLE|LOW_PLAYER_SAMPLE,HISTORICAL TEST ONLY,"Research only - no odds, edge, or betting recommendation."
S.Rattler,NO,TB,QB,26.5,10.493768392624606,9.867107442191791,6.321207803742847,0.004253146779984895,0.9957468532200151,"Normal approximation: mean=calibrated_projection, sd=completions_backtest_calibrated_RMSE",Medium,ROUTE_PROXY_UNVALIDATED|LOW_CURRENT_SAMPLE|LOW_PLAYER_SAMPLE,HISTORICAL TEST ONLY,"Research only - no odds, edge, or betting recommendation."
S.Rattler,NO,TB,QB,28.5,10.493768392624606,9.867107442191791,6.321207803742847,0.0016008457940790422,0.998399154205921,"Normal approximation: mean=calibrated_projection, sd=completions_backtest_calibrated_RMSE",Medium,ROUTE_PROXY_UNVALIDATED|LOW_CURRENT_SAMPLE|LOW_PLAYER_SAMPLE,HISTORICAL TEST ONLY,"Research only - no odds, edge, or betting recommendation."
S.Rattler,NO,TB,QB,30.5,10.493768392624606,9.867107442191791,6.321207803742847,0.0005491116160230014,0.999450888383977,"Normal approximation: mean=calibrated_projection, sd=completions_backtest_calibrated_RMSE",Medium,ROUTE_PROXY_UNVALIDATED|LOW_CURRENT_SAMPLE|LOW_PLAYER_SAMPLE,HISTORICAL TEST ONLY,"Research only - no odds, edge, or betting recommendation."
S.Rattler,NO,TB,QB,32.5,10.493768392624606,9.867107442191791,6.321207803742847,0.00017148860477478323,0.9998285113952252,"Normal approximation: mean=calibrated_projection, sd=completions_backtest_calibrated_RMSE",Medium,ROUTE_PROXY_UNVALIDATED|LOW_CURRENT_SAMPLE|LOW_PLAYER_SAMPLE,HISTORICAL TEST ONLY,"Research only - no odds, edge, or betting recommendation."
S.Rattler,NO,TB,QB,34.5,10.493768392624606,9.867107442191791,6.321207803742847,4.8722979018700485e-05,0.9999512770209813,"Normal approximation: mean=calibrated_projection, sd=completions_backtest_calibrated_RMSE",Medium,ROUTE_PROXY_UNVALIDATED|LOW_CURRENT_SAMPLE|LOW_PLAYER_SAMPLE,HISTORICAL TEST ONLY,"Research only - no odds, edge, or betting recommendation."
A.Dalton,CAR,WAS,QB,12.5,10.418665572831936,9.796489570291108,6.321207803742847,0.3344388151536295,0.6655611848463705,"Normal approximation: mean=calibrated_projection, sd=completions_backtest_calibrated_RMSE",Medium,ROUTE_PROXY_UNVALIDATED|LOW_CURRENT_SAMPLE|LOW_PLAYER_SAMPLE,HISTORICAL TEST ONLY,"Research only - no odds, edge, or betting recommendation."
A.Dalton,CAR,WAS,QB,14.5,10.418665572831936,9.796489570291108,6.321207803742847,0.22841278887035377,0.7715872111296462,"Normal approximation: mean=calibrated_projection, sd=completions_backtest_calibrated_RMSE",Medium,ROUTE_PROXY_UNVALIDATED|LOW_CURRENT_SAMPLE|LOW_PLAYER_SAMPLE,HISTORICAL TEST ONLY,"Research only - no odds, edge, or betting recommendation."
A.Dalton,CAR,WAS,QB,16.5,10.418665572831936,9.796489570291108,6.321207803742847,0.14446328667543606,0.8555367133245639,"Normal approximation: mean=calibrated_projection, sd=completions_backtest_calibrated_RMSE",Medium,ROUTE_PROXY_UNVALIDATED|LOW_CURRENT_SAMPLE|LOW_PLAYER_SAMPLE,HISTORICAL TEST ONLY,"Research only - no odds, edge, or betting recommendation."
A.Dalton,CAR,WAS,QB,18.5,10.418665572831936,9.796489570291108,6.321207803742847,0.08427551160528535,0.9157244883947147,"Normal approximation: mean=calibrated_projection, sd=completions_backtest_calibrated_RMSE",Medium,ROUTE_PROXY_UNVALIDATED|LOW_CURRENT_SAMPLE|LOW_PLAYER_SAMPLE,HISTORICAL TEST ONLY,"Research only - no odds, edge, or betting recommendation."
A.Dalton,CAR,WAS,QB,20.5,10.418665572831936,9.796489570291108,6.321207803742847,0.04520205954687162,0.9547979404531284,"Normal approximation: mean=calibrated_projection, sd=completions_backtest_calibrated_RMSE",Medium,ROUTE_PROXY_UNVALIDATED|LOW_CURRENT_SAMPLE|LOW_PLAYER_SAMPLE,HISTORICAL TEST ONLY,"Research only - no odds, edge, or betting recommendation."
A.Dalton,CAR,WAS,QB,22.5,10.418665572831936,9.796489570291108,6.321207803742847,0.02223332541826606,0.9777666745817339,"Normal approximation: mean=calibrated_projection, sd=completions_backtest_calibrated_RMSE",Medium,ROUTE_PROXY_UNVALIDATED|LOW_CURRENT_SAMPLE|LOW_PLAYER_SAMPLE,HISTORICAL TEST ONLY,"Research only - no odds, edge, or betting recommendation."
A.Dalton,CAR,WAS,QB,24.5,10.418665572831936,9.796489570291108,6.321207803742847,0.010007667410818488,0.9899923325891815,"Normal approximation: mean=calibrated_projection, sd=completions_backtest_calibrated_RMSE",Medium,ROUTE_PROXY_UNVALIDATED|LOW_CURRENT_SAMPLE|LOW_PLAYER_SAMPLE,HISTORICAL TEST ONLY,"Research only - no odds, edge, or betting recommendation."
A.Dalton,CAR,WAS,QB,26.5,10.418665572831936,9.796489570291108,6.321207803742847,0.004115363821544871,0.9958846361784551,"Normal approximation: mean=calibrated_projection, sd=completions_backtest_calibrated_RMSE",Medium,ROUTE_PROXY_UNVALIDATED|LOW_CURRENT_SAMPLE|LOW_PLAYER_SAMPLE,HISTORICAL TEST ONLY,"Research only - no odds, edge, or betting recommendation."
A.Dalton,CAR,WAS,QB,28.5,10.418665572831936,9.796489570291108,6.321207803742847,0.0015439430877108862,0.9984560569122891,"Normal approximation: mean=calibrated_projection, sd=completions_backtest_calibrated_RMSE",Medium,ROUTE_PROXY_UNVALIDATED|LOW_CURRENT_SAMPLE|LOW_PLAYER_SAMPLE,HISTORICAL TEST ONLY,"Research only - no odds, edge, or betting recommendation."
A.Dalton,CAR,WAS,QB,30.5,10.418665572831936,9.796489570291108,6.321207803742847,0.000527850045885625,0.9994721499541144,"Normal approximation: mean=calibrated_projection, sd=completions_backtest_calibrated_RMSE",Medium,ROUTE_PROXY_UNVALIDATED|LOW_CURRENT_SAMPLE|LOW_PLAYER_SAMPLE,HISTORICAL TEST ONLY,"Research only - no odds, edge, or betting recommendation."
A.Dalton,CAR,WAS,QB,32.5,10.418665572831936,9.796489570291108,6.321207803742847,0.00016430102400133428,0.9998356989759987,"Normal approximation: mean=calibrated_projection, sd=completions_backtest_calibrated_RMSE",Medium,ROUTE_PROXY_UNVALIDATED|LOW_CURRENT_SAMPLE|LOW_PLAYER_SAMPLE,HISTORICAL TEST ONLY,"Research only - no odds, edge, or betting recommendation."
A.Dalton,CAR,WAS,QB,34.5,10.418665572831936,9.796489570291108,6.321207803742847,4.652463762711001e-05,0.9999534753623729,"Normal approximation: mean=calibrated_projection, sd=completions_backtest_calibrated_RMSE",Medium,ROUTE_PROXY_UNVALIDATED|LOW_CURRENT_SAMPLE|LOW_PLAYER_SAMPLE,HISTORICAL TEST ONLY,"Research only - no odds, edge, or betting recommendation."
B.Young,CAR,ATL,QB,12.5,10.384088046215997,9.76397692493441,6.321207803742847,0.3325682936443387,0.6674317063556613,"Normal approximation: mean=calibrated_projection, sd=completions_backtest_calibrated_RMSE",Medium,ROUTE_PROXY_UNVALIDATED|LOW_CURRENT_SAMPLE|LOW_PLAYER_SAMPLE,HISTORICAL TEST ONLY,"Research only - no odds, edge, or betting recommendation."
B.Young,CAR,ATL,QB,14.5,10.384088046215997,9.76397692493441,6.321207803742847,0.22686003148730072,0.7731399685126993,"Normal approximation: mean=calibrated_projection, sd=completions_backtest_calibrated_RMSE",Medium,ROUTE_PROXY_UNVALIDATED|LOW_CURRENT_SAMPLE|LOW_PLAYER_SAMPLE,HISTORICAL TEST ONLY,"Research only - no odds, edge, or betting recommendation."
B.Young,CAR,ATL,QB,16.5,10.384088046215997,9.76397692493441,6.321207803742847,0.1432970971483415,0.8567029028516585,"Normal approximation: mean=calibrated_projection, sd=completions_backtest_calibrated_RMSE",Medium,ROUTE_PROXY_UNVALIDATED|LOW_CURRENT_SAMPLE|LOW_PLAYER_SAMPLE,HISTORICAL TEST ONLY,"Research only - no odds, edge, or betting recommendation."
B.Young,CAR,ATL,QB,18.5,10.384088046215997,9.76397692493441,6.321207803742847,0.08348308452494946,0.9165169154750505,"Normal approximation: mean=calibrated_projection, sd=completions_backtest_calibrated_RMSE",Medium,ROUTE_PROXY_UNVALIDATED|LOW_CURRENT_SAMPLE|LOW_PLAYER_SAMPLE,HISTORICAL TEST ONLY,"Research only - no odds, edge, or betting recommendation."
B.Young,CAR,ATL,QB,20.5,10.384088046215997,9.76397692493441,6.321207803742847,0.044714896746733235,0.9552851032532668,"Normal approximation: mean=calibrated_projection, sd=completions_backtest_calibrated_RMSE",Medium,ROUTE_PROXY_UNVALIDATED|LOW_CURRENT_SAMPLE|LOW_PLAYER_SAMPLE,HISTORICAL TEST ONLY,"Research only - no odds, edge, or betting recommendation."
B.Young,CAR,ATL,QB,22.5,10.384088046215997,9.76397692493441,6.321207803742847,0.021962360188917174,0.9780376398110828,"Normal approximation: mean=calibrated_projection, sd=completions_backtest_calibrated_RMSE",Medium,ROUTE_PROXY_UNVALIDATED|LOW_CURRENT_SAMPLE|LOW_PLAYER_SAMPLE,HISTORICAL TEST ONLY,"Research only - no odds, edge, or betting recommendation."
B.Young,CAR,ATL,QB,24.5,10.384088046215997,9.76397692493441,6.321207803742847,0.00987131034419253,0.9901286896558075,"Normal approximation: mean=calibrated_projection, sd=completions_backtest_calibrated_RMSE",Medium,ROUTE_PROXY_UNVALIDATED|LOW_CURRENT_SAMPLE|LOW_PLAYER_SAMPLE,HISTORICAL TEST ONLY,"Research only - no odds, edge, or betting recommendation."
B.Young,CAR,ATL,QB,26.5,10.384088046215997,9.76397692493441,6.321207803742847,0.004053281725354019,0.995946718274646,"Normal approximation: mean=calibrated_projection, sd=completions_backtest_calibrated_RMSE",Medium,ROUTE_PROXY_UNVALIDATED|LOW_CURRENT_SAMPLE|LOW_PLAYER_SAMPLE,HISTORICAL TEST ONLY,"Research only - no odds, edge, or betting recommendation."
B.Young,CAR,ATL,QB,28.5,10.384088046215997,9.76397692493441,6.321207803742847,0.001518370202306274,0.9984816297976937,"Normal approximation: mean=calibrated_projection, sd=completions_backtest_calibrated_RMSE",Medium,ROUTE_PROXY_UNVALIDATED|LOW_CURRENT_SAMPLE|LOW_PLAYER_SAMPLE,HISTORICAL TEST ONLY,"Research only - no odds, edge, or betting recommendation."
B.Young,CAR,ATL,QB,30.5,10.384088046215997,9.76397692493441,6.321207803742847,0.0005183195010165509,0.9994816804989834,"Normal approximation: mean=calibrated_projection, sd=completions_backtest_calibrated_RMSE",Medium,ROUTE_PROXY_UNVALIDATED|LOW_CURRENT_SAMPLE|LOW_PLAYER_SAMPLE,HISTORICAL TEST ONLY,"Research only - no odds, edge, or betting recommendation."
B.Young,CAR,ATL,QB,32.5,10.384088046215997,9.76397692493441,6.321207803742847,0.00016108750874699318,0.999838912491253,"Normal approximation: mean=calibrated_projection, sd=completions_backtest_calibrated_RMSE",Medium,ROUTE_PROXY_UNVALIDATED|LOW_CURRENT_SAMPLE|LOW_PLAYER_SAMPLE,HISTORICAL TEST ONLY,"Research only - no odds, edge, or betting recommendation."
B.Young,CAR,ATL,QB,34.5,10.384088046215997,9.76397692493441,6.321207803742847,4.554431813275084e-05,0.9999544556818672,"Normal approximation: mean=calibrated_projection, sd=completions_backtest_calibrated_RMSE",Medium,ROUTE_PROXY_UNVALIDATED|LOW_CURRENT_SAMPLE|LOW_PLAYER_SAMPLE,HISTORICAL TEST ONLY,"Research only - no odds, edge, or betting recommendation."
J.Herbert,LAC,HOU,QB,12.5,10.32862330129326,9.711824392409389,6.321207803742847,0.3295765520956584,0.6704234479043416,"Normal approximation: mean=calibrated_projection, sd=completions_backtest_calibrated_RMSE",Medium,ROUTE_PROXY_UNVALIDATED|LOW_CURRENT_SAMPLE|LOW_PLAYER_SAMPLE,HISTORICAL TEST ONLY,"Research only - no odds, edge, or betting recommendation."
J.Herbert,LAC,HOU,QB,14.5,10.32862330129326,9.711824392409389,6.321207803742847,0.22438178191155012,0.7756182180884499,"Normal approximation: mean=calibrated_projection, sd=completions_backtest_calibrated_RMSE",Medium,ROUTE_PROXY_UNVALIDATED|LOW_CURRENT_SAMPLE|LOW_PLAYER_SAMPLE,HISTORICAL TEST ONLY,"Research only - no odds, edge, or betting recommendation."
J.Herbert,LAC,HOU,QB,16.5,10.32862330129326,9.711824392409389,6.321207803742847,0.14143975977974166,0.8585602402202583,"Normal approximation: mean=calibrated_projection, sd=completions_backtest_calibrated_RMSE",Medium,ROUTE_PROXY_UNVALIDATED|LOW_CURRENT_SAMPLE|LOW_PLAYER_SAMPLE,HISTORICAL TEST ONLY,"Research only - no odds, edge, or betting recommendation."
J.Herbert,LAC,HOU,QB,18.5,10.32862330129326,9.711824392409389,6.321207803742847,0.08222369133340623,0.9177763086665938,"Normal approximation: mean=calibrated_projection, sd=completions_backtest_calibrated_RMSE",Medium,ROUTE_PROXY_UNVALIDATED|LOW_CURRENT_SAMPLE|LOW_PLAYER_SAMPLE,HISTORICAL TEST ONLY,"Research only - no odds, edge, or betting recommendation."
J.Herbert,LAC,HOU,QB,20.5,10.32862330129326,9.711824392409389,6.321207803742847,0.0439422932416329,0.9560577067583671,"Normal approximation: mean=calibrated_projection, sd=completions_backtest_calibrated_RMSE",Medium,ROUTE_PROXY_UNVALIDATED|LOW_CURRENT_SAMPLE|LOW_PLAYER_SAMPLE,HISTORICAL TEST ONLY,"Research only - no odds, edge, or betting recommendation."
J.Herbert,LAC,HOU,QB,22.5,10.32862330129326,9.711824392409389,6.321207803742847,0.02153353844810224,0.9784664615518978,"Normal approximation: mean=calibrated_projection, sd=completions_backtest_calibrated_RMSE",Medium,ROUTE_PROXY_UNVALIDATED|LOW_CURRENT_SAMPLE|LOW_PLAYER_SAMPLE,HISTORICAL TEST ONLY,"Research only - no odds, edge, or betting recommendation."
J.Herbert,LAC,HOU,QB,24.5,10.32862330129326,9.711824392409389,6.321207803742847,0.00965597183335154,0.9903440281666485,"Normal approximation: mean=calibrated_projection, sd=completions_backtest_calibrated_RMSE",Medium,ROUTE_PROXY_UNVALIDATED|LOW_CURRENT_SAMPLE|LOW_PLAYER_SAMPLE,HISTORICAL TEST ONLY,"Research only - no odds, edge, or betting recommendation."
J.Herbert,LAC,HOU,QB,26.5,10.32862330129326,9.711824392409389,6.321207803742847,0.003955447366397413,0.9960445526336026,"Normal approximation: mean=calibrated_projection, sd=completions_backtest_calibrated_RMSE",Medium,ROUTE_PROXY_UNVALIDATED|LOW_CURRENT_SAMPLE|LOW_PLAYER_SAMPLE,HISTORICAL TEST ONLY,"Research only - no odds, edge, or betting recommendation."
J.Herbert,LAC,HOU,QB,28.5,10.32862330129326,9.711824392409389,6.321207803742847,0.0014781554044080991,0.9985218445955919,"Normal approximation: mean=calibrated_projection, sd=completions_backtest_calibrated_RMSE",Medium,ROUTE_PROXY_UNVALIDATED|LOW_CURRENT_SAMPLE|LOW_PLAYER_SAMPLE,HISTORICAL TEST ONLY,"Research only - no odds, edge, or betting recommendation."
J.Herbert,LAC,HOU,QB,30.5,10.32862330129326,9.711824392409389,6.321207803742847,0.0005033638554015063,0.9994966361445985,"Normal approximation: mean=calibrated_projection, sd=completions_backtest_calibrated_RMSE",Medium,ROUTE_PROXY_UNVALIDATED|LOW_CURRENT_SAMPLE|LOW_PLAYER_SAMPLE,HISTORICAL TEST ONLY,"Research only - no odds, edge, or betting recommendation."
J.Herbert,LAC,HOU,QB,32.5,10.32862330129326,9.711824392409389,6.321207803742847,0.0001560554091373234,0.9998439445908627,"Normal approximation: mean=calibrated_projection, sd=completions_backtest_calibrated_RMSE",Medium,ROUTE_PROXY_UNVALIDATED|LOW_CURRENT_SAMPLE|LOW_PLAYER_SAMPLE,HISTORICAL TEST ONLY,"Research only - no odds, edge, or betting recommendation."
J.Herbert,LAC,HOU,QB,34.5,10.32862330129326,9.711824392409389,6.321207803742847,4.401246164098538e-05,0.999955987538359,"Normal approximation: mean=calibrated_projection, sd=completions_backtest_calibrated_RMSE",Medium,ROUTE_PROXY_UNVALIDATED|LOW_CURRENT_SAMPLE|LOW_PLAYER_SAMPLE,HISTORICAL TEST ONLY,"Research only - no odds, edge, or betting recommendation."
J.Dobbs,SF,ARI,QB,12.5,10.32396207244017,9.707441520195587,6.321207803742847,0.3293256204096626,0.6706743795903374,"Normal approximation: mean=calibrated_projection, sd=completions_backtest_calibrated_RMSE",Medium,ROUTE_PROXY_UNVALIDATED|LOW_CURRENT_SAMPLE|LOW_PLAYER_SAMPLE,HISTORICAL TEST ONLY,"Research only - no odds, edge, or betting recommendation."
J.Dobbs,SF,ARI,QB,14.5,10.32396207244017,9.707441520195587,6.321207803742847,0.22417421336895937,0.7758257866310406,"Normal approximation: mean=calibrated_projection, sd=completions_backtest_calibrated_RMSE",Medium,ROUTE_PROXY_UNVALIDATED|LOW_CURRENT_SAMPLE|LOW_PLAYER_SAMPLE,HISTORICAL TEST ONLY,"Research only - no odds, edge, or betting recommendation."
J.Dobbs,SF,ARI,QB,16.5,10.32396207244017,9.707441520195587,6.321207803742847,0.1412844166284617,0.8587155833715383,"Normal approximation: mean=calibrated_projection, sd=completions_backtest_calibrated_RMSE",Medium,ROUTE_PROXY_UNVALIDATED|LOW_CURRENT_SAMPLE|LOW_PLAYER_SAMPLE,HISTORICAL TEST ONLY,"Research only - no odds, edge, or betting recommendation."
J.Dobbs,SF,ARI,QB,18.5,10.32396207244017,9.707441520195587,6.321207803742847,0.08211850792747932,0.9178814920725207,"Normal approximation: mean=calibrated_projection, sd=completions_backtest_calibrated_RMSE",Medium,ROUTE_PROXY_UNVALIDATED|LOW_CURRENT_SAMPLE|LOW_PLAYER_SAMPLE,HISTORICAL TEST ONLY,"Research only - no odds, edge, or betting recommendation."
J.Dobbs,SF,ARI,QB,20.5,10.32396207244017,9.707441520195587,6.321207803742847,0.04387785749106898,0.956122142508931,"Normal approximation: mean=calibrated_projection, sd=completions_backtest_calibrated_RMSE",Medium,ROUTE_PROXY_UNVALIDATED|LOW_CURRENT_SAMPLE|LOW_PLAYER_SAMPLE,HISTORICAL TEST ONLY,"Research only - no odds, edge, or betting recommendation."
J.Dobbs,SF,ARI,QB,22.5,10.32396207244017,9.707441520195587,6.321207803742847,0.021497825056379205,0.9785021749436208,"Normal approximation: mean=calibrated_projection, sd=completions_backtest_calibrated_RMSE",Medium,ROUTE_PROXY_UNVALIDATED|LOW_CURRENT_SAMPLE|LOW_PLAYER_SAMPLE,HISTORICAL TEST ONLY,"Research only - no odds, edge, or betting recommendation."
J.Dobbs,SF,ARI,QB,24.5,10.32396207244017,9.707441520195587,6.321207803742847,0.009638063307150002,0.99036193669285,"Normal approximation: mean=calibrated_projection, sd=completions_backtest_calibrated_RMSE",Medium,ROUTE_PROXY_UNVALIDATED|LOW_CURRENT_SAMPLE|LOW_PLAYER_SAMPLE,HISTORICAL TEST ONLY,"Research only - no odds, edge, or betting recommendation."
J.Dobbs,SF,ARI,QB,26.5,10.32396207244017,9.707441520195587,6.321207803742847,0.003947322557785404,0.9960526774422146,"Normal approximation: mean=calibrated_projection, sd=completions_backtest_calibrated_RMSE",Medium,ROUTE_PROXY_UNVALIDATED|LOW_CURRENT_SAMPLE|LOW_PLAYER_SAMPLE,HISTORICAL TEST ONLY,"Research only - no odds, edge, or betting recommendation."
J.Dobbs,SF,ARI,QB,28.5,10.32396207244017,9.707441520195587,6.321207803742847,0.001474820441745739,0.9985251795582543,"Normal approximation: mean=calibrated_projection, sd=completions_backtest_calibrated_RMSE",Medium,ROUTE_PROXY_UNVALIDATED|LOW_CURRENT_SAMPLE|LOW_PLAYER_SAMPLE,HISTORICAL TEST ONLY,"Research only - no odds, edge, or betting recommendation."
J.Dobbs,SF,ARI,QB,30.5,10.32396207244017,9.707441520195587,6.321207803742847,0.0005021253629726719,0.9994978746370273,"Normal approximation: mean=calibrated_projection, sd=completions_backtest_calibrated_RMSE",Medium,ROUTE_PROXY_UNVALIDATED|LOW_CURRENT_SAMPLE|LOW_PLAYER_SAMPLE,HISTORICAL TEST ONLY,"Research only - no odds, edge, or betting recommendation."
J.Dobbs,SF,ARI,QB,32.5,10.32396207244017,9.707441520195587,6.321207803742847,0.00015563928751816114,0.9998443607124818,"Normal approximation: mean=calibrated_projection, sd=completions_backtest_calibrated_RMSE",Medium,ROUTE_PROXY_UNVALIDATED|LOW_CURRENT_SAMPLE|LOW_PLAYER_SAMPLE,HISTORICAL TEST ONLY,"Research only - no odds, edge, or betting recommendation."
J.Dobbs,SF,ARI,QB,34.5,10.32396207244017,9.707441520195587,6.321207803742847,4.388596711057957e-05,0.9999561140328894,"Normal approximation: mean=calibrated_projection, sd=completions_backtest_calibrated_RMSE",Medium,ROUTE_PROXY_UNVALIDATED|LOW_CURRENT_SAMPLE|LOW_PLAYER_SAMPLE,HISTORICAL TEST ONLY,"Research only - no odds, edge, or betting recommendation."
E.Stick,LAC,KC,QB,12.5,10.295620500089033,9.6807924338992,6.321207803742847,0.3278015434799916,0.6721984565200084,"Normal approximation: mean=calibrated_projection, sd=completions_backtest_calibrated_RMSE",Medium,ROUTE_PROXY_UNVALIDATED|LOW_CURRENT_SAMPLE|LOW_PLAYER_SAMPLE,HISTORICAL TEST ONLY,"Research only - no odds, edge, or betting recommendation."
E.Stick,LAC,KC,QB,14.5,10.295620500089033,9.6807924338992,6.321207803742847,0.22291448834198846,0.7770855116580115,"Normal approximation: mean=calibrated_projection, sd=completions_backtest_calibrated_RMSE",Medium,ROUTE_PROXY_UNVALIDATED|LOW_CURRENT_SAMPLE|LOW_PLAYER_SAMPLE,HISTORICAL TEST ONLY,"Research only - no odds, edge, or betting recommendation."
E.Stick,LAC,KC,QB,16.5,10.295620500089033,9.6807924338992,6.321207803742847,0.1403423768703328,0.8596576231296672,"Normal approximation: mean=calibrated_projection, sd=completions_backtest_calibrated_RMSE",Medium,ROUTE_PROXY_UNVALIDATED|LOW_CURRENT_SAMPLE|LOW_PLAYER_SAMPLE,HISTORICAL TEST ONLY,"Research only - no odds, edge, or betting recommendation."
E.Stick,LAC,KC,QB,18.5,10.295620500089033,9.6807924338992,6.321207803742847,0.08148114424525543,0.9185188557547446,"Normal approximation: mean=calibrated_projection, sd=completions_backtest_calibrated_RMSE",Medium,ROUTE_PROXY_UNVALIDATED|LOW_CURRENT_SAMPLE|LOW_PLAYER_SAMPLE,HISTORICAL TEST ONLY,"Research only - no odds, edge, or betting recommendation."
E.Stick,LAC,KC,QB,20.5,10.295620500089033,9.6807924338992,6.321207803742847,0.04348770893821596,0.956512291061784,"Normal approximation: mean=calibrated_projection, sd=completions_backtest_calibrated_RMSE",Medium,ROUTE_PROXY_UNVALIDATED|LOW_CURRENT_SAMPLE|LOW_PLAYER_SAMPLE,HISTORICAL TEST ONLY,"Research only - no odds, edge, or betting recommendation."
E.Stick,LAC,KC,QB,22.5,10.295620500089033,9.6807924338992,6.321207803742847,0.02128175365246565,0.9787182463475343,"Normal approximation: mean=calibrated_projection, sd=completions_backtest_calibrated_RMSE",Medium,ROUTE_PROXY_UNVALIDATED|LOW_CURRENT_SAMPLE|LOW_PLAYER_SAMPLE,HISTORICAL TEST ONLY,"Research only - no odds, edge, or betting recommendation."
E.Stick,LAC,KC,QB,24.5,10.295620500089033,9.6807924338992,6.321207803742847,0.009529798029656478,0.9904702019703435,"Normal approximation: mean=calibrated_projection, sd=completions_backtest_calibrated_RMSE",Medium,ROUTE_PROXY_UNVALIDATED|LOW_CURRENT_SAMPLE|LOW_PLAYER_SAMPLE,HISTORICAL TEST ONLY,"Research only - no odds, edge, or betting recommendation."
E.Stick,LAC,KC,QB,26.5,10.295620500089033,9.6807924338992,6.321207803742847,0.0038982424283696693,0.9961017575716303,"Normal approximation: mean=calibrated_projection, sd=completions_backtest_calibrated_RMSE",Medium,ROUTE_PROXY_UNVALIDATED|LOW_CURRENT_SAMPLE|LOW_PLAYER_SAMPLE,HISTORICAL TEST ONLY,"Research only - no odds, edge, or betting recommendation."
E.Stick,LAC,KC,QB,28.5,10.295620500089033,9.6807924338992,6.321207803742847,0.0014546903010047574,0.9985453096989952,"Normal approximation: mean=calibrated_projection, sd=completions_backtest_calibrated_RMSE",Medium,ROUTE_PROXY_UNVALIDATED|LOW_CURRENT_SAMPLE|LOW_PLAYER_SAMPLE,HISTORICAL TEST ONLY,"Research only - no odds, edge, or betting recommendation."
E.Stick,LAC,KC,QB,30.5,10.295620500089033,9.6807924338992,6.321207803742847,0.0004946555018159327,0.9995053444981841,"Normal approximation: mean=calibrated_projection, sd=completions_backtest_calibrated_RMSE",Medium,ROUTE_PROXY_UNVALIDATED|LOW_CURRENT_SAMPLE|LOW_PLAYER_SAMPLE,HISTORICAL TEST ONLY,"Research only - no odds, edge, or betting recommendation."
E.Stick,LAC,KC,QB,32.5,10.295620500089033,9.6807924338992,6.321207803742847,0.0001531314300268205,0.9998468685699732,"Normal approximation: mean=calibrated_projection, sd=completions_backtest_calibrated_RMSE",Medium,ROUTE_PROXY_UNVALIDATED|LOW_CURRENT_SAMPLE|LOW_PLAYER_SAMPLE,HISTORICAL TEST ONLY,"Research only - no odds, edge, or betting recommendation."
E.Stick,LAC,KC,QB,34.5,10.295620500089033,9.6807924338992,6.321207803742847,4.312420777574655e-05,0.9999568757922243,"Normal approximation: mean=calibrated_projection, sd=completions_backtest_calibrated_RMSE",Medium,ROUTE_PROXY_UNVALIDATED|LOW_CURRENT_SAMPLE|LOW_PLAYER_SAMPLE,HISTORICAL TEST ONLY,"Research only - no odds, edge, or betting recommendation."
J.Hall,MIN,GB,QB,12.5,10.272943557665094,9.659469700350533,6.321207803742847,0.3265841445370279,0.6734158554629721,"Normal approximation: mean=calibrated_projection, sd=completions_backtest_calibrated_RMSE",Medium,ROUTE_PROXY_UNVALIDATED|LOW_CURRENT_SAMPLE|LOW_PLAYER_SAMPLE|LOW_QB_ATTEMPT_SAMPLE|LOW_COMPLETION_SAMPLE,HISTORICAL TEST ONLY,"Research only - no odds, edge, or betting recommendation."
J.Hall,MIN,GB,QB,14.5,10.272943557665094,9.659469700350533,6.321207803742847,0.2219094552863179,0.7780905447136821,"Normal approximation: mean=calibrated_projection, sd=completions_backtest_calibrated_RMSE",Medium,ROUTE_PROXY_UNVALIDATED|LOW_CURRENT_SAMPLE|LOW_PLAYER_SAMPLE|LOW_QB_ATTEMPT_SAMPLE|LOW_COMPLETION_SAMPLE,HISTORICAL TEST ONLY,"Research only - no odds, edge, or betting recommendation."
J.Hall,MIN,GB,QB,16.5,10.272943557665094,9.659469700350533,6.321207803742847,0.13959170117534025,0.8604082988246597,"Normal approximation: mean=calibrated_projection, sd=completions_backtest_calibrated_RMSE",Medium,ROUTE_PROXY_UNVALIDATED|LOW_CURRENT_SAMPLE|LOW_PLAYER_SAMPLE|LOW_QB_ATTEMPT_SAMPLE|LOW_COMPLETION_SAMPLE,HISTORICAL TEST ONLY,"Research only - no odds, edge, or betting recommendation."
J.Hall,MIN,GB,QB,18.5,10.272943557665094,9.659469700350533,6.321207803742847,0.08097386283619068,0.9190261371638093,"Normal approximation: mean=calibrated_projection, sd=completions_backtest_calibrated_RMSE",Medium,ROUTE_PROXY_UNVALIDATED|LOW_CURRENT_SAMPLE|LOW_PLAYER_SAMPLE|LOW_QB_ATTEMPT_SAMPLE|LOW_COMPLETION_SAMPLE,HISTORICAL TEST ONLY,"Research only - no odds, edge, or betting recommendation."
J.Hall,MIN,GB,QB,20.5,10.272943557665094,9.659469700350533,6.321207803742847,0.04317756012665219,0.9568224398733478,"Normal approximation: mean=calibrated_projection, sd=completions_backtest_calibrated_RMSE",Medium,ROUTE_PROXY_UNVALIDATED|LOW_CURRENT_SAMPLE|LOW_PLAYER_SAMPLE|LOW_QB_ATTEMPT_SAMPLE|LOW_COMPLETION_SAMPLE,HISTORICAL TEST ONLY,"Research only - no odds, edge, or betting recommendation."
J.Hall,MIN,GB,QB,22.5,10.272943557665094,9.659469700350533,6.321207803742847,0.021110193714994674,0.9788898062850053,"Normal approximation: mean=calibrated_projection, sd=completions_backtest_calibrated_RMSE",Medium,ROUTE_PROXY_UNVALIDATED|LOW_CURRENT_SAMPLE|LOW_PLAYER_SAMPLE|LOW_QB_ATTEMPT_SAMPLE|LOW_COMPLETION_SAMPLE,HISTORICAL TEST ONLY,"Research only - no odds, edge, or betting recommendation."
J.Hall,MIN,GB,QB,24.5,10.272943557665094,9.659469700350533,6.321207803742847,0.009443938951701814,0.9905560610482982,"Normal approximation: mean=calibrated_projection, sd=completions_backtest_calibrated_RMSE",Medium,ROUTE_PROXY_UNVALIDATED|LOW_CURRENT_SAMPLE|LOW_PLAYER_SAMPLE|LOW_QB_ATTEMPT_SAMPLE|LOW_COMPLETION_SAMPLE,HISTORICAL TEST ONLY,"Research only - no odds, edge, or betting recommendation."
J.Hall,MIN,GB,QB,26.5,10.272943557665094,9.659469700350533,6.321207803742847,0.003859366466785752,0.9961406335332142,"Normal approximation: mean=calibrated_projection, sd=completions_backtest_calibrated_RMSE",Medium,ROUTE_PROXY_UNVALIDATED|LOW_CURRENT_SAMPLE|LOW_PLAYER_SAMPLE|LOW_QB_ATTEMPT_SAMPLE|LOW_COMPLETION_SAMPLE,HISTORICAL TEST ONLY,"Research only - no odds, edge, or betting recommendation."
J.Hall,MIN,GB,QB,28.5,10.272943557665094,9.659469700350533,6.321207803742847,0.001438764523228997,0.998561235476771,"Normal approximation: mean=calibrated_projection, sd=completions_backtest_calibrated_RMSE",Medium,ROUTE_PROXY_UNVALIDATED|LOW_CURRENT_SAMPLE|LOW_PLAYER_SAMPLE|LOW_QB_ATTEMPT_SAMPLE|LOW_COMPLETION_SAMPLE,HISTORICAL TEST ONLY,"Research only - no odds, edge, or betting recommendation."
J.Hall,MIN,GB,QB,30.5,10.272943557665094,9.659469700350533,6.321207803742847,0.0004887528829502497,0.9995112471170498,"Normal approximation: mean=calibrated_projection, sd=completions_backtest_calibrated_RMSE",Medium,ROUTE_PROXY_UNVALIDATED|LOW_CURRENT_SAMPLE|LOW_PLAYER_SAMPLE|LOW_QB_ATTEMPT_SAMPLE|LOW_COMPLETION_SAMPLE,HISTORICAL TEST ONLY,"Research only - no odds, edge, or betting recommendation."
J.Hall,MIN,GB,QB,32.5,10.272943557665094,9.659469700350533,6.321207803742847,0.00015115212186822546,0.9998488478781318,"Normal approximation: mean=calibrated_projection, sd=completions_backtest_calibrated_RMSE",Medium,ROUTE_PROXY_UNVALIDATED|LOW_CURRENT_SAMPLE|LOW_PLAYER_SAMPLE|LOW_QB_ATTEMPT_SAMPLE|LOW_COMPLETION_SAMPLE,HISTORICAL TEST ONLY,"Research only - no odds, edge, or betting recommendation."
J.Hall,MIN,GB,QB,34.5,10.272943557665094,9.659469700350533,6.321207803742847,4.2523716542897105e-05,0.9999574762834571,"Normal approximation: mean=calibrated_projection, sd=completions_backtest_calibrated_RMSE",Medium,ROUTE_PROXY_UNVALIDATED|LOW_CURRENT_SAMPLE|LOW_PLAYER_SAMPLE|LOW_QB_ATTEMPT_SAMPLE|LOW_COMPLETION_SAMPLE,HISTORICAL TEST ONLY,"Research only - no odds, edge, or betting recommendation."
J.Love,GB,PHI,QB,12.5,9.867760114100252,9.278482773455758,6.321207803742847,0.30515312890718516,0.6948468710928148,"Normal approximation: mean=calibrated_projection, sd=completions_backtest_calibrated_RMSE",Medium,ROUTE_PROXY_UNVALIDATED|LOW_CURRENT_SAMPLE|LOW_PLAYER_SAMPLE,HISTORICAL TEST ONLY,"Research only - no odds, edge, or betting recommendation."
J.Love,GB,PHI,QB,14.5,9.867760114100252,9.278482773455758,6.321207803742847,0.2043930908453646,0.7956069091546354,"Normal approximation: mean=calibrated_projection, sd=completions_backtest_calibrated_RMSE",Medium,ROUTE_PROXY_UNVALIDATED|LOW_CURRENT_SAMPLE|LOW_PLAYER_SAMPLE,HISTORICAL TEST ONLY,"Research only - no odds, edge, or betting recommendation."
J.Love,GB,PHI,QB,16.5,9.867760114100252,9.278482773455758,6.321207803742847,0.12663832758247895,0.873361672417521,"Normal approximation: mean=calibrated_projection, sd=completions_backtest_calibrated_RMSE",Medium,ROUTE_PROXY_UNVALIDATED|LOW_CURRENT_SAMPLE|LOW_PLAYER_SAMPLE,HISTORICAL TEST ONLY,"Research only - no odds, edge, or betting recommendation."
J.Love,GB,PHI,QB,18.5,9.867760114100252,9.278482773455758,6.321207803742847,0.07230704819483513,0.9276929518051649,"Normal approximation: mean=calibrated_projection, sd=completions_backtest_calibrated_RMSE",Medium,ROUTE_PROXY_UNVALIDATED|LOW_CURRENT_SAMPLE|LOW_PLAYER_SAMPLE,HISTORICAL TEST ONLY,"Research only - no odds, edge, or betting recommendation."
J.Love,GB,PHI,QB,20.5,9.867760114100252,9.278482773455758,6.321207803742847,0.03793101006152977,0.9620689899384702,"Normal approximation: mean=calibrated_projection, sd=completions_backtest_calibrated_RMSE",Medium,ROUTE_PROXY_UNVALIDATED|LOW_CURRENT_SAMPLE|LOW_PLAYER_SAMPLE,HISTORICAL TEST ONLY,"Research only - no odds, edge, or betting recommendation."
J.Love,GB,PHI,QB,22.5,9.867760114100252,9.278482773455758,6.321207803742847,0.018236596934918414,0.9817634030650816,"Normal approximation: mean=calibrated_projection, sd=completions_backtest_calibrated_RMSE",Medium,ROUTE_PROXY_UNVALIDATED|LOW_CURRENT_SAMPLE|LOW_PLAYER_SAMPLE,HISTORICAL TEST ONLY,"Research only - no odds, edge, or betting recommendation."
J.Love,GB,PHI,QB,24.5,9.867760114100252,9.278482773455758,6.321207803742847,0.008019920797036617,0.9919800792029634,"Normal approximation: mean=calibrated_projection, sd=completions_backtest_calibrated_RMSE",Medium,ROUTE_PROXY_UNVALIDATED|LOW_CURRENT_SAMPLE|LOW_PLAYER_SAMPLE,HISTORICAL TEST ONLY,"Research only - no odds, edge, or betting recommendation."
J.Love,GB,PHI,QB,26.5,9.867760114100252,9.278482773455758,6.321207803742847,0.0032208929154405874,0.9967791070845594,"Normal approximation: mean=calibrated_projection, sd=completions_backtest_calibrated_RMSE",Medium,ROUTE_PROXY_UNVALIDATED|LOW_CURRENT_SAMPLE|LOW_PLAYER_SAMPLE,HISTORICAL TEST ONLY,"Research only - no odds, edge, or betting recommendation."
J.Love,GB,PHI,QB,28.5,9.867760114100252,9.278482773455758,6.321207803742847,0.0011797596232305807,0.9988202403767694,"Normal approximation: mean=calibrated_projection, sd=completions_backtest_calibrated_RMSE",Medium,ROUTE_PROXY_UNVALIDATED|LOW_CURRENT_SAMPLE|LOW_PLAYER_SAMPLE,HISTORICAL TEST ONLY,"Research only - no odds, edge, or betting recommendation."
J.Love,GB,PHI,QB,30.5,9.867760114100252,9.278482773455758,6.321207803742847,0.00039369005519263034,0.9996063099448074,"Normal approximation: mean=calibrated_projection, sd=completions_backtest_calibrated_RMSE",Medium,ROUTE_PROXY_UNVALIDATED|LOW_CURRENT_SAMPLE|LOW_PLAYER_SAMPLE,HISTORICAL TEST ONLY,"Research only - no odds, edge, or betting recommendation."
J.Love,GB,PHI,QB,32.5,9.867760114100252,9.278482773455758,6.321207803742847,0.00011958382502019749,0.9998804161749798,"Normal approximation: mean=calibrated_projection, sd=completions_backtest_calibrated_RMSE",Medium,ROUTE_PROXY_UNVALIDATED|LOW_CURRENT_SAMPLE|LOW_PLAYER_SAMPLE,HISTORICAL TEST ONLY,"Research only - no odds, edge, or betting recommendation."
J.Love,GB,PHI,QB,34.5,9.867760114100252,9.278482773455758,6.321207803742847,3.303889325134701e-05,0.9999669611067487,"Normal approximation: mean=calibrated_projection, sd=completions_backtest_calibrated_RMSE",Medium,ROUTE_PROXY_UNVALIDATED|LOW_CURRENT_SAMPLE|LOW_PLAYER_SAMPLE,HISTORICAL TEST ONLY,"Research only - no odds, edge, or betting recommendation."
C.Stroud,HOU,KC,QB,12.5,9.746629532244215,9.164585799462245,6.321207803742847,0.298869554273573,0.701130445726427,"Normal approximation: mean=calibrated_projection, sd=completions_backtest_calibrated_RMSE",Medium,ROUTE_PROXY_UNVALIDATED|LOW_CURRENT_SAMPLE|LOW_PLAYER_SAMPLE,HISTORICAL TEST ONLY,"Research only - no odds, edge, or betting recommendation."
C.Stroud,HOU,KC,QB,14.5,9.746629532244215,9.164585799462245,6.321207803742847,0.1993207881177823,0.8006792118822177,"Normal approximation: mean=calibrated_projection, sd=completions_backtest_calibrated_RMSE",Medium,ROUTE_PROXY_UNVALIDATED|LOW_CURRENT_SAMPLE|LOW_PLAYER_SAMPLE,HISTORICAL TEST ONLY,"Research only - no odds, edge, or betting recommendation."
C.Stroud,HOU,KC,QB,16.5,9.746629532244215,9.164585799462245,6.321207803742847,0.12293383038087002,0.87706616961913,"Normal approximation: mean=calibrated_projection, sd=completions_backtest_calibrated_RMSE",Medium,ROUTE_PROXY_UNVALIDATED|LOW_CURRENT_SAMPLE|LOW_PLAYER_SAMPLE,HISTORICAL TEST ONLY,"Research only - no odds, edge, or betting recommendation."
C.Stroud,HOU,KC,QB,18.5,9.746629532244215,9.164585799462245,6.321207803742847,0.06985923036019337,0.9301407696398066,"Normal approximation: mean=calibrated_projection, sd=completions_backtest_calibrated_RMSE",Medium,ROUTE_PROXY_UNVALIDATED|LOW_CURRENT_SAMPLE|LOW_PLAYER_SAMPLE,HISTORICAL TEST ONLY,"Research only - no odds, edge, or betting recommendation."
C.Stroud,HOU,KC,QB,20.5,9.746629532244215,9.164585799462245,6.321207803742847,0.036467638414254155,0.9635323615857458,"Normal approximation: mean=calibrated_projection, sd=completions_backtest_calibrated_RMSE",Medium,ROUTE_PROXY_UNVALIDATED|LOW_CURRENT_SAMPLE|LOW_PLAYER_SAMPLE,HISTORICAL TEST ONLY,"Research only - no odds, edge, or betting recommendation."
C.Stroud,HOU,KC,QB,22.5,9.746629532244215,9.164585799462245,6.321207803742847,0.0174450878646899,0.9825549121353101,"Normal approximation: mean=calibrated_projection, sd=completions_backtest_calibrated_RMSE",Medium,ROUTE_PROXY_UNVALIDATED|LOW_CURRENT_SAMPLE|LOW_PLAYER_SAMPLE,HISTORICAL TEST ONLY,"Research only - no odds, edge, or betting recommendation."
C.Stroud,HOU,KC,QB,24.5,9.746629532244215,9.164585799462245,6.321207803742847,0.0076325892472188794,0.9923674107527811,"Normal approximation: mean=calibrated_projection, sd=completions_backtest_calibrated_RMSE",Medium,ROUTE_PROXY_UNVALIDATED|LOW_CURRENT_SAMPLE|LOW_PLAYER_SAMPLE,HISTORICAL TEST ONLY,"Research only - no odds, edge, or betting recommendation."
C.Stroud,HOU,KC,QB,26.5,9.746629532244215,9.164585799462245,6.321207803742847,0.0030494041913599057,0.9969505958086401,"Normal approximation: mean=calibrated_projection, sd=completions_backtest_calibrated_RMSE",Medium,ROUTE_PROXY_UNVALIDATED|LOW_CURRENT_SAMPLE|LOW_PLAYER_SAMPLE,HISTORICAL TEST ONLY,"Research only - no odds, edge, or betting recommendation."
C.Stroud,HOU,KC,QB,28.5,9.746629532244215,9.164585799462245,6.321207803742847,0.0011110663861355619,0.9988889336138644,"Normal approximation: mean=calibrated_projection, sd=completions_backtest_calibrated_RMSE",Medium,ROUTE_PROXY_UNVALIDATED|LOW_CURRENT_SAMPLE|LOW_PLAYER_SAMPLE,HISTORICAL TEST ONLY,"Research only - no odds, edge, or betting recommendation."
C.Stroud,HOU,KC,QB,30.5,9.746629532244215,9.164585799462245,6.321207803742847,0.0003687947122165136,0.9996312052877835,"Normal approximation: mean=calibrated_projection, sd=completions_backtest_calibrated_RMSE",Medium,ROUTE_PROXY_UNVALIDATED|LOW_CURRENT_SAMPLE|LOW_PLAYER_SAMPLE,HISTORICAL TEST ONLY,"Research only - no odds, edge, or betting recommendation."
C.Stroud,HOU,KC,QB,32.5,9.746629532244215,9.164585799462245,6.321207803742847,0.00011142085948412372,0.9998885791405159,"Normal approximation: mean=calibrated_projection, sd=completions_backtest_calibrated_RMSE",Medium,ROUTE_PROXY_UNVALIDATED|LOW_CURRENT_SAMPLE|LOW_PLAYER_SAMPLE,HISTORICAL TEST ONLY,"Research only - no odds, edge, or betting recommendation."
C.Stroud,HOU,KC,QB,34.5,9.746629532244215,9.164585799462245,6.321207803742847,3.0617286995937576e-05,0.9999693827130041,"Normal approximation: mean=calibrated_projection, sd=completions_backtest_calibrated_RMSE",Medium,ROUTE_PROXY_UNVALIDATED|LOW_CURRENT_SAMPLE|LOW_PLAYER_SAMPLE,HISTORICAL TEST ONLY,"Research only - no odds, edge, or betting recommendation."
J.Garoppolo,LA,SEA,QB,12.5,9.49750908409096,8.930342185918917,6.321207803742847,0.2861350553169675,0.7138649446830325,"Normal approximation: mean=calibrated_projection, sd=completions_backtest_calibrated_RMSE",Medium,ROUTE_PROXY_UNVALIDATED|LOW_CURRENT_SAMPLE|LOW_PLAYER_SAMPLE,HISTORICAL TEST ONLY,"Research only - no odds, edge, or betting recommendation."
J.Garoppolo,LA,SEA,QB,14.5,9.49750908409096,8.930342185918917,6.321207803742847,0.18913006701947943,0.8108699329805206,"Normal approximation: mean=calibrated_projection, sd=completions_backtest_calibrated_RMSE",Medium,ROUTE_PROXY_UNVALIDATED|LOW_CURRENT_SAMPLE|LOW_PLAYER_SAMPLE,HISTORICAL TEST ONLY,"Research only - no odds, edge, or betting recommendation."
J.Garoppolo,LA,SEA,QB,16.5,9.49750908409096,8.930342185918917,6.321207803742847,0.11555551039360856,0.8844444896063914,"Normal approximation: mean=calibrated_projection, sd=completions_backtest_calibrated_RMSE",Medium,ROUTE_PROXY_UNVALIDATED|LOW_CURRENT_SAMPLE|LOW_PLAYER_SAMPLE,HISTORICAL TEST ONLY,"Research only - no odds, edge, or betting recommendation."
J.Garoppolo,LA,SEA,QB,18.5,9.49750908409096,8.930342185918917,6.321207803742847,0.06502597687960376,0.9349740231203962,"Normal approximation: mean=calibrated_projection, sd=completions_backtest_calibrated_RMSE",Medium,ROUTE_PROXY_UNVALIDATED|LOW_CURRENT_SAMPLE|LOW_PLAYER_SAMPLE,HISTORICAL TEST ONLY,"Research only - no odds, edge, or betting recommendation."
J.Garoppolo,LA,SEA,QB,20.5,9.49750908409096,8.930342185918917,6.321207803742847,0.033603122927300166,0.9663968770726998,"Normal approximation: mean=calibrated_projection, sd=completions_backtest_calibrated_RMSE",Medium,ROUTE_PROXY_UNVALIDATED|LOW_CURRENT_SAMPLE|LOW_PLAYER_SAMPLE,HISTORICAL TEST ONLY,"Research only - no odds, edge, or betting recommendation."
J.Garoppolo,LA,SEA,QB,22.5,9.49750908409096,8.930342185918917,6.321207803742847,0.01590908405671776,0.9840909159432822,"Normal approximation: mean=calibrated_projection, sd=completions_backtest_calibrated_RMSE",Medium,ROUTE_PROXY_UNVALIDATED|LOW_CURRENT_SAMPLE|LOW_PLAYER_SAMPLE,HISTORICAL TEST ONLY,"Research only - no odds, edge, or betting recommendation."
J.Garoppolo,LA,SEA,QB,24.5,9.49750908409096,8.930342185918917,6.321207803742847,0.006887406270254193,0.9931125937297458,"Normal approximation: mean=calibrated_projection, sd=completions_backtest_calibrated_RMSE",Medium,ROUTE_PROXY_UNVALIDATED|LOW_CURRENT_SAMPLE|LOW_PLAYER_SAMPLE,HISTORICAL TEST ONLY,"Research only - no odds, edge, or betting recommendation."
J.Garoppolo,LA,SEA,QB,26.5,9.49750908409096,8.930342185918917,6.321207803742847,0.00272231735007733,0.9972776826499227,"Normal approximation: mean=calibrated_projection, sd=completions_backtest_calibrated_RMSE",Medium,ROUTE_PROXY_UNVALIDATED|LOW_CURRENT_SAMPLE|LOW_PLAYER_SAMPLE,HISTORICAL TEST ONLY,"Research only - no odds, edge, or betting recommendation."
J.Garoppolo,LA,SEA,QB,28.5,9.49750908409096,8.930342185918917,6.321207803742847,0.0009811712963725405,0.9990188287036275,"Normal approximation: mean=calibrated_projection, sd=completions_backtest_calibrated_RMSE",Medium,ROUTE_PROXY_UNVALIDATED|LOW_CURRENT_SAMPLE|LOW_PLAYER_SAMPLE,HISTORICAL TEST ONLY,"Research only - no odds, edge, or betting recommendation."
J.Garoppolo,LA,SEA,QB,30.5,9.49750908409096,8.930342185918917,6.321207803742847,0.0003221231960686133,0.9996778768039314,"Normal approximation: mean=calibrated_projection, sd=completions_backtest_calibrated_RMSE",Medium,ROUTE_PROXY_UNVALIDATED|LOW_CURRENT_SAMPLE|LOW_PLAYER_SAMPLE,HISTORICAL TEST ONLY,"Research only - no odds, edge, or betting recommendation."
J.Garoppolo,LA,SEA,QB,32.5,9.49750908409096,8.930342185918917,6.321207803742847,9.6248937629273e-05,0.9999037510623707,"Normal approximation: mean=calibrated_projection, sd=completions_backtest_calibrated_RMSE",Medium,ROUTE_PROXY_UNVALIDATED|LOW_CURRENT_SAMPLE|LOW_PLAYER_SAMPLE,HISTORICAL TEST ONLY,"Research only - no odds, edge, or betting recommendation."
J.Garoppolo,LA,SEA,QB,34.5,9.49750908409096,8.930342185918917,6.321207803742847,2.61549866634736e-05,0.9999738450133365,"Normal approximation: mean=calibrated_projection, sd=completions_backtest_calibrated_RMSE",Medium,ROUTE_PROXY_UNVALIDATED|LOW_CURRENT_SAMPLE|LOW_PLAYER_SAMPLE,HISTORICAL TEST ONLY,"Research only - no odds, edge, or betting recommendation."
P.Mahomes,KC,PHI,QB,12.5,9.382825412909416,8.822507129619352,6.321207803742847,0.2803606041177953,0.7196393958822047,"Normal approximation: mean=calibrated_projection, sd=completions_backtest_calibrated_RMSE",Medium,ROUTE_PROXY_UNVALIDATED|LOW_CURRENT_SAMPLE|LOW_PLAYER_SAMPLE,HISTORICAL TEST ONLY,"Research only - no odds, edge, or betting recommendation."
P.Mahomes,KC,PHI,QB,14.5,9.382825412909416,8.822507129619352,6.321207803742847,0.1845485729933074,0.8154514270066926,"Normal approximation: mean=calibrated_projection, sd=completions_backtest_calibrated_RMSE",Medium,ROUTE_PROXY_UNVALIDATED|LOW_CURRENT_SAMPLE|LOW_PLAYER_SAMPLE,HISTORICAL TEST ONLY,"Research only - no odds, edge, or betting recommendation."
P.Mahomes,KC,PHI,QB,16.5,9.382825412909416,8.822507129619352,6.321207803742847,0.11226677350248737,0.8877332264975126,"Normal approximation: mean=calibrated_projection, sd=completions_backtest_calibrated_RMSE",Medium,ROUTE_PROXY_UNVALIDATED|LOW_CURRENT_SAMPLE|LOW_PLAYER_SAMPLE,HISTORICAL TEST ONLY,"Research only - no odds, edge, or betting recommendation."
P.Mahomes,KC,PHI,QB,18.5,9.382825412909416,8.822507129619352,6.321207803742847,0.06289009745782304,0.937109902542177,"Normal approximation: mean=calibrated_projection, sd=completions_backtest_calibrated_RMSE",Medium,ROUTE_PROXY_UNVALIDATED|LOW_CURRENT_SAMPLE|LOW_PLAYER_SAMPLE,HISTORICAL TEST ONLY,"Research only - no odds, edge, or betting recommendation."
P.Mahomes,KC,PHI,QB,20.5,9.382825412909416,8.822507129619352,6.321207803742847,0.03234810500097418,0.9676518949990258,"Normal approximation: mean=calibrated_projection, sd=completions_backtest_calibrated_RMSE",Medium,ROUTE_PROXY_UNVALIDATED|LOW_CURRENT_SAMPLE|LOW_PLAYER_SAMPLE,HISTORICAL TEST ONLY,"Research only - no odds, edge, or betting recommendation."
P.Mahomes,KC,PHI,QB,22.5,9.382825412909416,8.822507129619352,6.321207803742847,0.01524189529398845,0.9847581047060116,"Normal approximation: mean=calibrated_projection, sd=completions_backtest_calibrated_RMSE",Medium,ROUTE_PROXY_UNVALIDATED|LOW_CURRENT_SAMPLE|LOW_PLAYER_SAMPLE,HISTORICAL TEST ONLY,"Research only - no odds, edge, or betting recommendation."
P.Mahomes,KC,PHI,QB,24.5,9.382825412909416,8.822507129619352,6.321207803742847,0.006566503761096909,0.9934334962389031,"Normal approximation: mean=calibrated_projection, sd=completions_backtest_calibrated_RMSE",Medium,ROUTE_PROXY_UNVALIDATED|LOW_CURRENT_SAMPLE|LOW_PLAYER_SAMPLE,HISTORICAL TEST ONLY,"Research only - no odds, edge, or betting recommendation."
P.Mahomes,KC,PHI,QB,26.5,9.382825412909416,8.822507129619352,6.321207803742847,0.0025826730868980796,0.9974173269131019,"Normal approximation: mean=calibrated_projection, sd=completions_backtest_calibrated_RMSE",Medium,ROUTE_PROXY_UNVALIDATED|LOW_CURRENT_SAMPLE|LOW_PLAYER_SAMPLE,HISTORICAL TEST ONLY,"Research only - no odds, edge, or betting recommendation."
P.Mahomes,KC,PHI,QB,28.5,9.382825412909416,8.822507129619352,6.321207803742847,0.0009261920628591547,0.9990738079371408,"Normal approximation: mean=calibrated_projection, sd=completions_backtest_calibrated_RMSE",Medium,ROUTE_PROXY_UNVALIDATED|LOW_CURRENT_SAMPLE|LOW_PLAYER_SAMPLE,HISTORICAL TEST ONLY,"Research only - no odds, edge, or betting recommendation."
P.Mahomes,KC,PHI,QB,30.5,9.382825412909416,8.822507129619352,6.321207803742847,0.0003025392655819914,0.999697460734418,"Normal approximation: mean=calibrated_projection, sd=completions_backtest_calibrated_RMSE",Medium,ROUTE_PROXY_UNVALIDATED|LOW_CURRENT_SAMPLE|LOW_PLAYER_SAMPLE,HISTORICAL TEST ONLY,"Research only - no odds, edge, or betting recommendation."
P.Mahomes,KC,PHI,QB,32.5,9.382825412909416,8.822507129619352,6.321207803742847,8.993752415054068e-05,0.9999100624758495,"Normal approximation: mean=calibrated_projection, sd=completions_backtest_calibrated_RMSE",Medium,ROUTE_PROXY_UNVALIDATED|LOW_CURRENT_SAMPLE|LOW_PLAYER_SAMPLE,HISTORICAL TEST ONLY,"Research only - no odds, edge, or betting recommendation."
P.Mahomes,KC,PHI,QB,34.5,9.382825412909416,8.822507129619352,6.321207803742847,2.43147274405775e-05,0.9999756852725594,"Normal approximation: mean=calibrated_projection, sd=completions_backtest_calibrated_RMSE",Medium,ROUTE_PROXY_UNVALIDATED|LOW_CURRENT_SAMPLE|LOW_PLAYER_SAMPLE,HISTORICAL TEST ONLY,"Research only - no odds, edge, or betting recommendation."
A.McCarron,CIN,CLE,QB,12.5,9.314830458059292,8.758572659185957,6.321207803742847,0.2769638386910179,0.7230361613089821,"Normal approximation: mean=calibrated_projection, sd=completions_backtest_calibrated_RMSE",Medium,ROUTE_PROXY_UNVALIDATED|LOW_CURRENT_SAMPLE|LOW_PLAYER_SAMPLE|LOW_QB_ATTEMPT_SAMPLE|LOW_COMPLETION_SAMPLE,HISTORICAL TEST ONLY,"Research only - no odds, edge, or betting recommendation."
A.McCarron,CIN,CLE,QB,14.5,9.314830458059292,8.758572659185957,6.321207803742847,0.18186512327944304,0.818134876720557,"Normal approximation: mean=calibrated_projection, sd=completions_backtest_calibrated_RMSE",Medium,ROUTE_PROXY_UNVALIDATED|LOW_CURRENT_SAMPLE|LOW_PLAYER_SAMPLE|LOW_QB_ATTEMPT_SAMPLE|LOW_COMPLETION_SAMPLE,HISTORICAL TEST ONLY,"Research only - no odds, edge, or betting recommendation."
A.McCarron,CIN,CLE,QB,16.5,9.314830458059292,8.758572659185957,6.321207803742847,0.1103487837671977,0.8896512162328023,"Normal approximation: mean=calibrated_projection, sd=completions_backtest_calibrated_RMSE",Medium,ROUTE_PROXY_UNVALIDATED|LOW_CURRENT_SAMPLE|LOW_PLAYER_SAMPLE|LOW_QB_ATTEMPT_SAMPLE|LOW_COMPLETION_SAMPLE,HISTORICAL TEST ONLY,"Research only - no odds, edge, or betting recommendation."
A.McCarron,CIN,CLE,QB,18.5,9.314830458059292,8.758572659185957,6.321207803742847,0.06164980526975361,0.9383501947302464,"Normal approximation: mean=calibrated_projection, sd=completions_backtest_calibrated_RMSE",Medium,ROUTE_PROXY_UNVALIDATED|LOW_CURRENT_SAMPLE|LOW_PLAYER_SAMPLE|LOW_QB_ATTEMPT_SAMPLE|LOW_COMPLETION_SAMPLE,HISTORICAL TEST ONLY,"Research only - no odds, edge, or betting recommendation."
A.McCarron,CIN,CLE,QB,20.5,9.314830458059292,8.758572659185957,6.321207803742847,0.03162245591841217,0.9683775440815878,"Normal approximation: mean=calibrated_projection, sd=completions_backtest_calibrated_RMSE",Medium,ROUTE_PROXY_UNVALIDATED|LOW_CURRENT_SAMPLE|LOW_PLAYER_SAMPLE|LOW_QB_ATTEMPT_SAMPLE|LOW_COMPLETION_SAMPLE,HISTORICAL TEST ONLY,"Research only - no odds, edge, or betting recommendation."
A.McCarron,CIN,CLE,QB,22.5,9.314830458059292,8.758572659185957,6.321207803742847,0.014857786539864248,0.9851422134601358,"Normal approximation: mean=calibrated_projection, sd=completions_backtest_calibrated_RMSE",Medium,ROUTE_PROXY_UNVALIDATED|LOW_CURRENT_SAMPLE|LOW_PLAYER_SAMPLE|LOW_QB_ATTEMPT_SAMPLE|LOW_COMPLETION_SAMPLE,HISTORICAL TEST ONLY,"Research only - no odds, edge, or betting recommendation."
A.McCarron,CIN,CLE,QB,24.5,9.314830458059292,8.758572659185957,6.321207803742847,0.006382550846930846,0.9936174491530692,"Normal approximation: mean=calibrated_projection, sd=completions_backtest_calibrated_RMSE",Medium,ROUTE_PROXY_UNVALIDATED|LOW_CURRENT_SAMPLE|LOW_PLAYER_SAMPLE|LOW_QB_ATTEMPT_SAMPLE|LOW_COMPLETION_SAMPLE,HISTORICAL TEST ONLY,"Research only - no odds, edge, or betting recommendation."
A.McCarron,CIN,CLE,QB,26.5,9.314830458059292,8.758572659185957,6.321207803742847,0.002502968364810787,0.9974970316351892,"Normal approximation: mean=calibrated_projection, sd=completions_backtest_calibrated_RMSE",Medium,ROUTE_PROXY_UNVALIDATED|LOW_CURRENT_SAMPLE|LOW_PLAYER_SAMPLE|LOW_QB_ATTEMPT_SAMPLE|LOW_COMPLETION_SAMPLE,HISTORICAL TEST ONLY,"Research only - no odds, edge, or betting recommendation."
A.McCarron,CIN,CLE,QB,28.5,9.314830458059292,8.758572659185957,6.321207803742847,0.0008949466445128396,0.9991050533554872,"Normal approximation: mean=calibrated_projection, sd=completions_backtest_calibrated_RMSE",Medium,ROUTE_PROXY_UNVALIDATED|LOW_CURRENT_SAMPLE|LOW_PLAYER_SAMPLE|LOW_QB_ATTEMPT_SAMPLE|LOW_COMPLETION_SAMPLE,HISTORICAL TEST ONLY,"Research only - no odds, edge, or betting recommendation."
A.McCarron,CIN,CLE,QB,30.5,9.314830458059292,8.758572659185957,6.321207803742847,0.0002914573828982636,0.9997085426171017,"Normal approximation: mean=calibrated_projection, sd=completions_backtest_calibrated_RMSE",Medium,ROUTE_PROXY_UNVALIDATED|LOW_CURRENT_SAMPLE|LOW_PLAYER_SAMPLE|LOW_QB_ATTEMPT_SAMPLE|LOW_COMPLETION_SAMPLE,HISTORICAL TEST ONLY,"Research only - no odds, edge, or betting recommendation."
A.McCarron,CIN,CLE,QB,32.5,9.314830458059292,8.758572659185957,6.321207803742847,8.638149211193102e-05,0.9999136185078881,"Normal approximation: mean=calibrated_projection, sd=completions_backtest_calibrated_RMSE",Medium,ROUTE_PROXY_UNVALIDATED|LOW_CURRENT_SAMPLE|LOW_PLAYER_SAMPLE|LOW_QB_ATTEMPT_SAMPLE|LOW_COMPLETION_SAMPLE,HISTORICAL TEST ONLY,"Research only - no odds, edge, or betting recommendation."
A.McCarron,CIN,CLE,QB,34.5,9.314830458059292,8.758572659185957,6.321207803742847,2.3282340042896088e-05,0.9999767176599571,"Normal approximation: mean=calibrated_projection, sd=completions_backtest_calibrated_RMSE",Medium,ROUTE_PROXY_UNVALIDATED|LOW_CURRENT_SAMPLE|LOW_PLAYER_SAMPLE|LOW_QB_ATTEMPT_SAMPLE|LOW_COMPLETION_SAMPLE,HISTORICAL TEST ONLY,"Research only - no odds, edge, or betting recommendation."
C.Keenum,HOU,CLE,QB,12.5,8.811935982174347,8.285709752365083,6.321207803742847,0.2524848707136632,0.7475151292863368,"Normal approximation: mean=calibrated_projection, sd=completions_backtest_calibrated_RMSE",Medium,ROUTE_PROXY_UNVALIDATED|LOW_CURRENT_SAMPLE|LOW_PLAYER_SAMPLE|LOW_COMPLETION_SAMPLE,HISTORICAL TEST ONLY,"Research only - no odds, edge, or betting recommendation."
C.Keenum,HOU,CLE,QB,14.5,8.811935982174347,8.285709752365083,6.321207803742847,0.16278258221120434,0.8372174177887957,"Normal approximation: mean=calibrated_projection, sd=completions_backtest_calibrated_RMSE",Medium,ROUTE_PROXY_UNVALIDATED|LOW_CURRENT_SAMPLE|LOW_PLAYER_SAMPLE|LOW_COMPLETION_SAMPLE,HISTORICAL TEST ONLY,"Research only - no odds, edge, or betting recommendation."
C.Keenum,HOU,CLE,QB,16.5,8.811935982174347,8.285709752365083,6.321207803742847,0.09688943292797436,0.9031105670720256,"Normal approximation: mean=calibrated_projection, sd=completions_backtest_calibrated_RMSE",Medium,ROUTE_PROXY_UNVALIDATED|LOW_CURRENT_SAMPLE|LOW_PLAYER_SAMPLE|LOW_COMPLETION_SAMPLE,HISTORICAL TEST ONLY,"Research only - no odds, edge, or betting recommendation."
C.Keenum,HOU,CLE,QB,18.5,8.811935982174347,8.285709752365083,6.321207803742847,0.053060524000390075,0.9469394759996099,"Normal approximation: mean=calibrated_projection, sd=completions_backtest_calibrated_RMSE",Medium,ROUTE_PROXY_UNVALIDATED|LOW_CURRENT_SAMPLE|LOW_PLAYER_SAMPLE|LOW_COMPLETION_SAMPLE,HISTORICAL TEST ONLY,"Research only - no odds, edge, or betting recommendation."
C.Keenum,HOU,CLE,QB,20.5,8.811935982174347,8.285709752365083,6.321207803742847,0.026662996591015453,0.9733370034089845,"Normal approximation: mean=calibrated_projection, sd=completions_backtest_calibrated_RMSE",Medium,ROUTE_PROXY_UNVALIDATED|LOW_CURRENT_SAMPLE|LOW_PLAYER_SAMPLE|LOW_COMPLETION_SAMPLE,HISTORICAL TEST ONLY,"Research only - no odds, edge, or betting recommendation."
C.Keenum,HOU,CLE,QB,22.5,8.811935982174347,8.285709752365083,6.321207803742847,0.012266850854666167,0.9877331491453338,"Normal approximation: mean=calibrated_projection, sd=completions_backtest_calibrated_RMSE",Medium,ROUTE_PROXY_UNVALIDATED|LOW_CURRENT_SAMPLE|LOW_PLAYER_SAMPLE|LOW_COMPLETION_SAMPLE,HISTORICAL TEST ONLY,"Research only - no odds, edge, or betting recommendation."
C.Keenum,HOU,CLE,QB,24.5,8.811935982174347,8.285709752365083,6.321207803742847,0.005157867771073299,0.9948421322289267,"Normal approximation: mean=calibrated_projection, sd=completions_backtest_calibrated_RMSE",Medium,ROUTE_PROXY_UNVALIDATED|LOW_CURRENT_SAMPLE|LOW_PLAYER_SAMPLE|LOW_COMPLETION_SAMPLE,HISTORICAL TEST ONLY,"Research only - no odds, edge, or betting recommendation."
C.Keenum,HOU,CLE,QB,26.5,8.811935982174347,8.285709752365083,6.321207803742847,0.001979204448272931,0.9980207955517271,"Normal approximation: mean=calibrated_projection, sd=completions_backtest_calibrated_RMSE",Medium,ROUTE_PROXY_UNVALIDATED|LOW_CURRENT_SAMPLE|LOW_PLAYER_SAMPLE|LOW_COMPLETION_SAMPLE,HISTORICAL TEST ONLY,"Research only - no odds, edge, or betting recommendation."
C.Keenum,HOU,CLE,QB,28.5,8.811935982174347,8.285709752365083,6.321207803742847,0.0006922753691116501,0.9993077246308883,"Normal approximation: mean=calibrated_projection, sd=completions_backtest_calibrated_RMSE",Medium,ROUTE_PROXY_UNVALIDATED|LOW_CURRENT_SAMPLE|LOW_PLAYER_SAMPLE|LOW_COMPLETION_SAMPLE,HISTORICAL TEST ONLY,"Research only - no odds, edge, or betting recommendation."
C.Keenum,HOU,CLE,QB,30.5,8.811935982174347,8.285709752365083,6.321207803742847,0.00022050065491463489,0.9997794993450854,"Normal approximation: mean=calibrated_projection, sd=completions_backtest_calibrated_RMSE",Medium,ROUTE_PROXY_UNVALIDATED|LOW_CURRENT_SAMPLE|LOW_PLAYER_SAMPLE|LOW_COMPLETION_SAMPLE,HISTORICAL TEST ONLY,"Research only - no odds, edge, or betting recommendation."
C.Keenum,HOU,CLE,QB,32.5,8.811935982174347,8.285709752365083,6.321207803742847,6.390442179160516e-05,0.9999360955782084,"Normal approximation: mean=calibrated_projection, sd=completions_backtest_calibrated_RMSE",Medium,ROUTE_PROXY_UNVALIDATED|LOW_CURRENT_SAMPLE|LOW_PLAYER_SAMPLE|LOW_COMPLETION_SAMPLE,HISTORICAL TEST ONLY,"Research only - no odds, edge, or betting recommendation."
C.Keenum,HOU,CLE,QB,34.5,8.811935982174347,8.285709752365083,6.321207803742847,1.684019411585247e-05,0.9999831598058841,"Normal approximation: mean=calibrated_projection, sd=completions_backtest_calibrated_RMSE",Medium,ROUTE_PROXY_UNVALIDATED|LOW_CURRENT_SAMPLE|LOW_PLAYER_SAMPLE|LOW_COMPLETION_SAMPLE,HISTORICAL TEST ONLY,"Research only - no odds, edge, or betting recommendation."
K.Cousins,ATL,LV,QB,12.5,8.7996996204169,8.274204114767143,6.321207803742847,0.2519037850823477,0.7480962149176523,"Normal approximation: mean=calibrated_projection, sd=completions_backtest_calibrated_RMSE",Medium,ROUTE_PROXY_UNVALIDATED|LOW_CURRENT_SAMPLE|LOW_PLAYER_SAMPLE,HISTORICAL TEST ONLY,"Research only - no odds, edge, or betting recommendation."
K.Cousins,ATL,LV,QB,14.5,8.7996996204169,8.274204114767143,6.321207803742847,0.16233510771681148,0.8376648922831885,"Normal approximation: mean=calibrated_projection, sd=completions_backtest_calibrated_RMSE",Medium,ROUTE_PROXY_UNVALIDATED|LOW_CURRENT_SAMPLE|LOW_PLAYER_SAMPLE,HISTORICAL TEST ONLY,"Research only - no odds, edge, or betting recommendation."
K.Cousins,ATL,LV,QB,16.5,8.7996996204169,8.274204114767143,6.321207803742847,0.0965776724998344,0.9034223275001656,"Normal approximation: mean=calibrated_projection, sd=completions_backtest_calibrated_RMSE",Medium,ROUTE_PROXY_UNVALIDATED|LOW_CURRENT_SAMPLE|LOW_PLAYER_SAMPLE,HISTORICAL TEST ONLY,"Research only - no odds, edge, or betting recommendation."
K.Cousins,ATL,LV,QB,18.5,8.7996996204169,8.274204114767143,6.321207803742847,0.05286400785080769,0.9471359921491923,"Normal approximation: mean=calibrated_projection, sd=completions_backtest_calibrated_RMSE",Medium,ROUTE_PROXY_UNVALIDATED|LOW_CURRENT_SAMPLE|LOW_PLAYER_SAMPLE,HISTORICAL TEST ONLY,"Research only - no odds, edge, or betting recommendation."
K.Cousins,ATL,LV,QB,20.5,8.7996996204169,8.274204114767143,6.321207803742847,0.026550923833658757,0.9734490761663412,"Normal approximation: mean=calibrated_projection, sd=completions_backtest_calibrated_RMSE",Medium,ROUTE_PROXY_UNVALIDATED|LOW_CURRENT_SAMPLE|LOW_PLAYER_SAMPLE,HISTORICAL TEST ONLY,"Research only - no odds, edge, or betting recommendation."
K.Cousins,ATL,LV,QB,22.5,8.7996996204169,8.274204114767143,6.321207803742847,0.012209024419268522,0.9877909755807315,"Normal approximation: mean=calibrated_projection, sd=completions_backtest_calibrated_RMSE",Medium,ROUTE_PROXY_UNVALIDATED|LOW_CURRENT_SAMPLE|LOW_PLAYER_SAMPLE,HISTORICAL TEST ONLY,"Research only - no odds, edge, or betting recommendation."
K.Cousins,ATL,LV,QB,24.5,8.7996996204169,8.274204114767143,6.321207803742847,0.005130873143484482,0.9948691268565155,"Normal approximation: mean=calibrated_projection, sd=completions_backtest_calibrated_RMSE",Medium,ROUTE_PROXY_UNVALIDATED|LOW_CURRENT_SAMPLE|LOW_PLAYER_SAMPLE,HISTORICAL TEST ONLY,"Research only - no odds, edge, or betting recommendation."
K.Cousins,ATL,LV,QB,26.5,8.7996996204169,8.274204114767143,6.321207803742847,0.001967803189239281,0.9980321968107607,"Normal approximation: mean=calibrated_projection, sd=completions_backtest_calibrated_RMSE",Medium,ROUTE_PROXY_UNVALIDATED|LOW_CURRENT_SAMPLE|LOW_PLAYER_SAMPLE,HISTORICAL TEST ONLY,"Research only - no odds, edge, or betting recommendation."
K.Cousins,ATL,LV,QB,28.5,8.7996996204169,8.274204114767143,6.321207803742847,0.0006879187174297918,0.9993120812825702,"Normal approximation: mean=calibrated_projection, sd=completions_backtest_calibrated_RMSE",Medium,ROUTE_PROXY_UNVALIDATED|LOW_CURRENT_SAMPLE|LOW_PLAYER_SAMPLE,HISTORICAL TEST ONLY,"Research only - no odds, edge, or betting recommendation."
K.Cousins,ATL,LV,QB,30.5,8.7996996204169,8.274204114767143,6.321207803742847,0.00021899447303241892,0.9997810055269676,"Normal approximation: mean=calibrated_projection, sd=completions_backtest_calibrated_RMSE",Medium,ROUTE_PROXY_UNVALIDATED|LOW_CURRENT_SAMPLE|LOW_PLAYER_SAMPLE,HISTORICAL TEST ONLY,"Research only - no odds, edge, or betting recommendation."
K.Cousins,ATL,LV,QB,32.5,8.7996996204169,8.274204114767143,6.321207803742847,6.343330720270934e-05,0.9999365666927973,"Normal approximation: mean=calibrated_projection, sd=completions_backtest_calibrated_RMSE",Medium,ROUTE_PROXY_UNVALIDATED|LOW_CURRENT_SAMPLE|LOW_PLAYER_SAMPLE,HISTORICAL TEST ONLY,"Research only - no odds, edge, or betting recommendation."
K.Cousins,ATL,LV,QB,34.5,8.7996996204169,8.274204114767143,6.321207803742847,1.6706872600469325e-05,0.9999832931273995,"Normal approximation: mean=calibrated_projection, sd=completions_backtest_calibrated_RMSE",Medium,ROUTE_PROXY_UNVALIDATED|LOW_CURRENT_SAMPLE|LOW_PLAYER_SAMPLE,HISTORICAL TEST ONLY,"Research only - no odds, edge, or betting recommendation."
M.Stafford,LA,PHI,QB,12.5,8.792710082723572,8.267631974349044,6.321207803742847,0.251572179929174,0.748427820070826,"Normal approximation: mean=calibrated_projection, sd=completions_backtest_calibrated_RMSE",Medium,ROUTE_PROXY_UNVALIDATED|LOW_CURRENT_SAMPLE|LOW_PLAYER_SAMPLE,HISTORICAL TEST ONLY,"Research only - no odds, edge, or betting recommendation."
M.Stafford,LA,PHI,QB,14.5,8.792710082723572,8.267631974349044,6.321207803742847,0.16207986526115903,0.837920134738841,"Normal approximation: mean=calibrated_projection, sd=completions_backtest_calibrated_RMSE",Medium,ROUTE_PROXY_UNVALIDATED|LOW_CURRENT_SAMPLE|LOW_PLAYER_SAMPLE,HISTORICAL TEST ONLY,"Research only - no odds, edge, or betting recommendation."
M.Stafford,LA,PHI,QB,16.5,8.792710082723572,8.267631974349044,6.321207803742847,0.0963999227069472,0.9036000772930528,"Normal approximation: mean=calibrated_projection, sd=completions_backtest_calibrated_RMSE",Medium,ROUTE_PROXY_UNVALIDATED|LOW_CURRENT_SAMPLE|LOW_PLAYER_SAMPLE,HISTORICAL TEST ONLY,"Research only - no odds, edge, or betting recommendation."
M.Stafford,LA,PHI,QB,18.5,8.792710082723572,8.267631974349044,6.321207803742847,0.05275201511904459,0.9472479848809554,"Normal approximation: mean=calibrated_projection, sd=completions_backtest_calibrated_RMSE",Medium,ROUTE_PROXY_UNVALIDATED|LOW_CURRENT_SAMPLE|LOW_PLAYER_SAMPLE,HISTORICAL TEST ONLY,"Research only - no odds, edge, or betting recommendation."
M.Stafford,LA,PHI,QB,20.5,8.792710082723572,8.267631974349044,6.321207803742847,0.026487083504310727,0.9735129164956893,"Normal approximation: mean=calibrated_projection, sd=completions_backtest_calibrated_RMSE",Medium,ROUTE_PROXY_UNVALIDATED|LOW_CURRENT_SAMPLE|LOW_PLAYER_SAMPLE,HISTORICAL TEST ONLY,"Research only - no odds, edge, or betting recommendation."
M.Stafford,LA,PHI,QB,22.5,8.792710082723572,8.267631974349044,6.321207803742847,0.012176099482830827,0.9878239005171692,"Normal approximation: mean=calibrated_projection, sd=completions_backtest_calibrated_RMSE",Medium,ROUTE_PROXY_UNVALIDATED|LOW_CURRENT_SAMPLE|LOW_PLAYER_SAMPLE,HISTORICAL TEST ONLY,"Research only - no odds, edge, or betting recommendation."
M.Stafford,LA,PHI,QB,24.5,8.792710082723572,8.267631974349044,6.321207803742847,0.005115510027215109,0.9948844899727849,"Normal approximation: mean=calibrated_projection, sd=completions_backtest_calibrated_RMSE",Medium,ROUTE_PROXY_UNVALIDATED|LOW_CURRENT_SAMPLE|LOW_PLAYER_SAMPLE,HISTORICAL TEST ONLY,"Research only - no odds, edge, or betting recommendation."
M.Stafford,LA,PHI,QB,26.5,8.792710082723572,8.267631974349044,6.321207803742847,0.0019613174686456958,0.9980386825313543,"Normal approximation: mean=calibrated_projection, sd=completions_backtest_calibrated_RMSE",Medium,ROUTE_PROXY_UNVALIDATED|LOW_CURRENT_SAMPLE|LOW_PLAYER_SAMPLE,HISTORICAL TEST ONLY,"Research only - no odds, edge, or betting recommendation."
M.Stafford,LA,PHI,QB,28.5,8.792710082723572,8.267631974349044,6.321207803742847,0.0006854415138504155,0.9993145584861496,"Normal approximation: mean=calibrated_projection, sd=completions_backtest_calibrated_RMSE",Medium,ROUTE_PROXY_UNVALIDATED|LOW_CURRENT_SAMPLE|LOW_PLAYER_SAMPLE,HISTORICAL TEST ONLY,"Research only - no odds, edge, or betting recommendation."
M.Stafford,LA,PHI,QB,30.5,8.792710082723572,8.267631974349044,6.321207803742847,0.00021813844160689655,0.9997818615583931,"Normal approximation: mean=calibrated_projection, sd=completions_backtest_calibrated_RMSE",Medium,ROUTE_PROXY_UNVALIDATED|LOW_CURRENT_SAMPLE|LOW_PLAYER_SAMPLE,HISTORICAL TEST ONLY,"Research only - no odds, edge, or betting recommendation."
M.Stafford,LA,PHI,QB,32.5,8.792710082723572,8.267631974349044,6.321207803742847,6.316567259978534e-05,0.9999368343274002,"Normal approximation: mean=calibrated_projection, sd=completions_backtest_calibrated_RMSE",Medium,ROUTE_PROXY_UNVALIDATED|LOW_CURRENT_SAMPLE|LOW_PLAYER_SAMPLE,HISTORICAL TEST ONLY,"Research only - no odds, edge, or betting recommendation."
M.Stafford,LA,PHI,QB,34.5,8.792710082723572,8.267631974349044,6.321207803742847,1.663116850680879e-05,0.9999833688314932,"Normal approximation: mean=calibrated_projection, sd=completions_backtest_calibrated_RMSE",Medium,ROUTE_PROXY_UNVALIDATED|LOW_CURRENT_SAMPLE|LOW_PLAYER_SAMPLE,HISTORICAL TEST ONLY,"Research only - no odds, edge, or betting recommendation."
T.Lawrence,JAX,HOU,QB,12.5,8.625011951712017,8.109948345872096,6.321207803742847,0.24368569748654423,0.7563143025134558,"Normal approximation: mean=calibrated_projection, sd=completions_backtest_calibrated_RMSE",Medium,ROUTE_PROXY_UNVALIDATED|LOW_CURRENT_SAMPLE|LOW_PLAYER_SAMPLE,HISTORICAL TEST ONLY,"Research only - no odds, edge, or betting recommendation."
T.Lawrence,JAX,HOU,QB,14.5,8.625011951712017,8.109948345872096,6.321207803742847,0.15603431707726223,0.8439656829227378,"Normal approximation: mean=calibrated_projection, sd=completions_backtest_calibrated_RMSE",Medium,ROUTE_PROXY_UNVALIDATED|LOW_CURRENT_SAMPLE|LOW_PLAYER_SAMPLE,HISTORICAL TEST ONLY,"Research only - no odds, edge, or betting recommendation."
T.Lawrence,JAX,HOU,QB,16.5,8.625011951712017,8.109948345872096,6.321207803742847,0.09220701957416355,0.9077929804258364,"Normal approximation: mean=calibrated_projection, sd=completions_backtest_calibrated_RMSE",Medium,ROUTE_PROXY_UNVALIDATED|LOW_CURRENT_SAMPLE|LOW_PLAYER_SAMPLE,HISTORICAL TEST ONLY,"Research only - no odds, edge, or betting recommendation."
T.Lawrence,JAX,HOU,QB,18.5,8.625011951712017,8.109948345872096,6.321207803742847,0.050121015607176855,0.9498789843928231,"Normal approximation: mean=calibrated_projection, sd=completions_backtest_calibrated_RMSE",Medium,ROUTE_PROXY_UNVALIDATED|LOW_CURRENT_SAMPLE|LOW_PLAYER_SAMPLE,HISTORICAL TEST ONLY,"Research only - no odds, edge, or betting recommendation."
T.Lawrence,JAX,HOU,QB,20.5,8.625011951712017,8.109948345872096,6.321207803742847,0.02499341748183559,0.9750065825181644,"Normal approximation: mean=calibrated_projection, sd=completions_backtest_calibrated_RMSE",Medium,ROUTE_PROXY_UNVALIDATED|LOW_CURRENT_SAMPLE|LOW_PLAYER_SAMPLE,HISTORICAL TEST ONLY,"Research only - no odds, edge, or betting recommendation."
T.Lawrence,JAX,HOU,QB,22.5,8.625011951712017,8.109948345872096,6.321207803742847,0.011408891642769703,0.9885911083572303,"Normal approximation: mean=calibrated_projection, sd=completions_backtest_calibrated_RMSE",Medium,ROUTE_PROXY_UNVALIDATED|LOW_CURRENT_SAMPLE|LOW_PLAYER_SAMPLE,HISTORICAL TEST ONLY,"Research only - no odds, edge, or betting recommendation."
T.Lawrence,JAX,HOU,QB,24.5,8.625011951712017,8.109948345872096,6.321207803742847,0.004758977335145076,0.9952410226648549,"Normal approximation: mean=calibrated_projection, sd=completions_backtest_calibrated_RMSE",Medium,ROUTE_PROXY_UNVALIDATED|LOW_CURRENT_SAMPLE|LOW_PLAYER_SAMPLE,HISTORICAL TEST ONLY,"Research only - no odds, edge, or betting recommendation."
T.Lawrence,JAX,HOU,QB,26.5,8.625011951712017,8.109948345872096,6.321207803742847,0.0018114137245035522,0.9981885862754964,"Normal approximation: mean=calibrated_projection, sd=completions_backtest_calibrated_RMSE",Medium,ROUTE_PROXY_UNVALIDATED|LOW_CURRENT_SAMPLE|LOW_PLAYER_SAMPLE,HISTORICAL TEST ONLY,"Research only - no odds, edge, or betting recommendation."
T.Lawrence,JAX,HOU,QB,28.5,8.625011951712017,8.109948345872096,6.321207803742847,0.0006284182071381039,0.9993715817928619,"Normal approximation: mean=calibrated_projection, sd=completions_backtest_calibrated_RMSE",Medium,ROUTE_PROXY_UNVALIDATED|LOW_CURRENT_SAMPLE|LOW_PLAYER_SAMPLE,HISTORICAL TEST ONLY,"Research only - no odds, edge, or betting recommendation."
T.Lawrence,JAX,HOU,QB,30.5,8.625011951712017,8.109948345872096,6.321207803742847,0.00019851301477424865,0.9998014869852258,"Normal approximation: mean=calibrated_projection, sd=completions_backtest_calibrated_RMSE",Medium,ROUTE_PROXY_UNVALIDATED|LOW_CURRENT_SAMPLE|LOW_PLAYER_SAMPLE,HISTORICAL TEST ONLY,"Research only - no odds, edge, or betting recommendation."
T.Lawrence,JAX,HOU,QB,32.5,8.625011951712017,8.109948345872096,6.321207803742847,5.7054667876643705e-05,0.9999429453321234,"Normal approximation: mean=calibrated_projection, sd=completions_backtest_calibrated_RMSE",Medium,ROUTE_PROXY_UNVALIDATED|LOW_CURRENT_SAMPLE|LOW_PLAYER_SAMPLE,HISTORICAL TEST ONLY,"Research only - no odds, edge, or betting recommendation."
T.Lawrence,JAX,HOU,QB,34.5,8.625011951712017,8.109948345872096,6.321207803742847,1.4909565855036888e-05,0.999985090434145,"Normal approximation: mean=calibrated_projection, sd=completions_backtest_calibrated_RMSE",Medium,ROUTE_PROXY_UNVALIDATED|LOW_CURRENT_SAMPLE|LOW_PLAYER_SAMPLE,HISTORICAL TEST ONLY,"Research only - no odds, edge, or betting recommendation."
