player_name,team,opponent,position,line,raw_projection,calibrated_projection,projection_sd,model_over_probability,model_under_probability,probability_method,confidence_tier,flags,usage_status,notes
K.Murray,ARI,SF,QB,19.5,33.142581056022614,32.49919987521579,9.17569493322518,0.9217145577235974,0.07828544227640255,"Normal approximation: mean=calibrated_projection, sd=pass_attempts_backtest_calibrated_RMSE",Medium,ROUTE_PROXY_UNVALIDATED|LOW_CURRENT_SAMPLE|LOW_PLAYER_SAMPLE,HISTORICAL TEST ONLY,"Research only - no odds, edge, or betting recommendation."
K.Murray,ARI,SF,QB,21.5,33.142581056022614,32.49919987521579,9.17569493322518,0.8846839301121603,0.11531606988783971,"Normal approximation: mean=calibrated_projection, sd=pass_attempts_backtest_calibrated_RMSE",Medium,ROUTE_PROXY_UNVALIDATED|LOW_CURRENT_SAMPLE|LOW_PLAYER_SAMPLE,HISTORICAL TEST ONLY,"Research only - no odds, edge, or betting recommendation."
K.Murray,ARI,SF,QB,23.5,33.142581056022614,32.49919987521579,9.17569493322518,0.8366456639446,0.16335433605539995,"Normal approximation: mean=calibrated_projection, sd=pass_attempts_backtest_calibrated_RMSE",Medium,ROUTE_PROXY_UNVALIDATED|LOW_CURRENT_SAMPLE|LOW_PLAYER_SAMPLE,HISTORICAL TEST ONLY,"Research only - no odds, edge, or betting recommendation."
K.Murray,ARI,SF,QB,25.5,33.142581056022614,32.49919987521579,9.17569493322518,0.7772080022348893,0.22279199776511072,"Normal approximation: mean=calibrated_projection, sd=pass_attempts_backtest_calibrated_RMSE",Medium,ROUTE_PROXY_UNVALIDATED|LOW_CURRENT_SAMPLE|LOW_PLAYER_SAMPLE,HISTORICAL TEST ONLY,"Research only - no odds, edge, or betting recommendation."
K.Murray,ARI,SF,QB,27.5,33.142581056022614,32.49919987521579,9.17569493322518,0.7070650032796314,0.2929349967203686,"Normal approximation: mean=calibrated_projection, sd=pass_attempts_backtest_calibrated_RMSE",Medium,ROUTE_PROXY_UNVALIDATED|LOW_CURRENT_SAMPLE|LOW_PLAYER_SAMPLE,HISTORICAL TEST ONLY,"Research only - no odds, edge, or betting recommendation."
K.Murray,ARI,SF,QB,29.5,33.142581056022614,32.49919987521579,9.17569493322518,0.6281144403174529,0.3718855596825471,"Normal approximation: mean=calibrated_projection, sd=pass_attempts_backtest_calibrated_RMSE",Medium,ROUTE_PROXY_UNVALIDATED|LOW_CURRENT_SAMPLE|LOW_PLAYER_SAMPLE,HISTORICAL TEST ONLY,"Research only - no odds, edge, or betting recommendation."
K.Murray,ARI,SF,QB,31.5,33.142581056022614,32.49919987521579,9.17569493322518,0.5433576572836951,0.4566423427163049,"Normal approximation: mean=calibrated_projection, sd=pass_attempts_backtest_calibrated_RMSE",Medium,ROUTE_PROXY_UNVALIDATED|LOW_CURRENT_SAMPLE|LOW_PLAYER_SAMPLE,HISTORICAL TEST ONLY,"Research only - no odds, edge, or betting recommendation."
K.Murray,ARI,SF,QB,33.5,33.142581056022614,32.49919987521579,9.17569493322518,0.4565731787852374,0.5434268212147626,"Normal approximation: mean=calibrated_projection, sd=pass_attempts_backtest_calibrated_RMSE",Medium,ROUTE_PROXY_UNVALIDATED|LOW_CURRENT_SAMPLE|LOW_PLAYER_SAMPLE,HISTORICAL TEST ONLY,"Research only - no odds, edge, or betting recommendation."
K.Murray,ARI,SF,QB,35.5,33.142581056022614,32.49919987521579,9.17569493322518,0.371819604871624,0.628180395128376,"Normal approximation: mean=calibrated_projection, sd=pass_attempts_backtest_calibrated_RMSE",Medium,ROUTE_PROXY_UNVALIDATED|LOW_CURRENT_SAMPLE|LOW_PLAYER_SAMPLE,HISTORICAL TEST ONLY,"Research only - no odds, edge, or betting recommendation."
K.Murray,ARI,SF,QB,37.5,33.142581056022614,32.49919987521579,9.17569493322518,0.2928750203609529,0.7071249796390471,"Normal approximation: mean=calibrated_projection, sd=pass_attempts_backtest_calibrated_RMSE",Medium,ROUTE_PROXY_UNVALIDATED|LOW_CURRENT_SAMPLE|LOW_PLAYER_SAMPLE,HISTORICAL TEST ONLY,"Research only - no odds, edge, or betting recommendation."
K.Murray,ARI,SF,QB,39.5,33.142581056022614,32.49919987521579,9.17569493322518,0.22273998852224042,0.7772600114777596,"Normal approximation: mean=calibrated_projection, sd=pass_attempts_backtest_calibrated_RMSE",Medium,ROUTE_PROXY_UNVALIDATED|LOW_CURRENT_SAMPLE|LOW_PLAYER_SAMPLE,HISTORICAL TEST ONLY,"Research only - no odds, edge, or betting recommendation."
K.Murray,ARI,SF,QB,41.5,33.142581056022614,32.49919987521579,9.17569493322518,0.16331132820136895,0.836688671798631,"Normal approximation: mean=calibrated_projection, sd=pass_attempts_backtest_calibrated_RMSE",Medium,ROUTE_PROXY_UNVALIDATED|LOW_CURRENT_SAMPLE|LOW_PLAYER_SAMPLE,HISTORICAL TEST ONLY,"Research only - no odds, edge, or betting recommendation."
K.Murray,ARI,SF,QB,43.5,33.142581056022614,32.49919987521579,9.17569493322518,0.11528215566847777,0.8847178443315222,"Normal approximation: mean=calibrated_projection, sd=pass_attempts_backtest_calibrated_RMSE",Medium,ROUTE_PROXY_UNVALIDATED|LOW_CURRENT_SAMPLE|LOW_PLAYER_SAMPLE,HISTORICAL TEST ONLY,"Research only - no odds, edge, or betting recommendation."
K.Murray,ARI,SF,QB,45.5,33.142581056022614,32.49919987521579,9.17569493322518,0.07825993978045798,0.921740060219542,"Normal approximation: mean=calibrated_projection, sd=pass_attempts_backtest_calibrated_RMSE",Medium,ROUTE_PROXY_UNVALIDATED|LOW_CURRENT_SAMPLE|LOW_PLAYER_SAMPLE,HISTORICAL TEST ONLY,"Research only - no odds, edge, or betting recommendation."
C.Williams,CHI,GB,QB,19.5,27.735162590585247,30.41695015325381,9.17569493322518,0.8829312465732044,0.11706875342679557,"Normal approximation: mean=calibrated_projection, sd=pass_attempts_backtest_calibrated_RMSE",Medium,ROUTE_PROXY_UNVALIDATED|LOW_CURRENT_SAMPLE|LOW_PLAYER_SAMPLE,HISTORICAL TEST ONLY,"Research only - no odds, edge, or betting recommendation."
C.Williams,CHI,GB,QB,21.5,27.735162590585247,30.41695015325381,9.17569493322518,0.8344252382453273,0.16557476175467267,"Normal approximation: mean=calibrated_projection, sd=pass_attempts_backtest_calibrated_RMSE",Medium,ROUTE_PROXY_UNVALIDATED|LOW_CURRENT_SAMPLE|LOW_PLAYER_SAMPLE,HISTORICAL TEST ONLY,"Research only - no odds, edge, or betting recommendation."
C.Williams,CHI,GB,QB,23.5,27.735162590585247,30.41695015325381,9.17569493322518,0.7745255257032959,0.22547447429670409,"Normal approximation: mean=calibrated_projection, sd=pass_attempts_backtest_calibrated_RMSE",Medium,ROUTE_PROXY_UNVALIDATED|LOW_CURRENT_SAMPLE|LOW_PLAYER_SAMPLE,HISTORICAL TEST ONLY,"Research only - no odds, edge, or betting recommendation."
C.Williams,CHI,GB,QB,25.5,27.735162590585247,30.41695015325381,9.17569493322518,0.7039746895920509,0.2960253104079491,"Normal approximation: mean=calibrated_projection, sd=pass_attempts_backtest_calibrated_RMSE",Medium,ROUTE_PROXY_UNVALIDATED|LOW_CURRENT_SAMPLE|LOW_PLAYER_SAMPLE,HISTORICAL TEST ONLY,"Research only - no odds, edge, or betting recommendation."
C.Williams,CHI,GB,QB,27.5,27.735162590585247,30.41695015325381,9.17569493322518,0.6247194686964502,0.37528053130354977,"Normal approximation: mean=calibrated_projection, sd=pass_attempts_backtest_calibrated_RMSE",Medium,ROUTE_PROXY_UNVALIDATED|LOW_CURRENT_SAMPLE|LOW_PLAYER_SAMPLE,HISTORICAL TEST ONLY,"Research only - no odds, edge, or betting recommendation."
C.Williams,CHI,GB,QB,29.5,27.735162590585247,30.41695015325381,9.17569493322518,0.5398010437263121,0.4601989562736879,"Normal approximation: mean=calibrated_projection, sd=pass_attempts_backtest_calibrated_RMSE",Medium,ROUTE_PROXY_UNVALIDATED|LOW_CURRENT_SAMPLE|LOW_PLAYER_SAMPLE,HISTORICAL TEST ONLY,"Research only - no odds, edge, or betting recommendation."
C.Williams,CHI,GB,QB,31.5,27.735162590585247,30.41695015325381,9.17569493322518,0.45302010554784133,0.5469798944521587,"Normal approximation: mean=calibrated_projection, sd=pass_attempts_backtest_calibrated_RMSE",Medium,ROUTE_PROXY_UNVALIDATED|LOW_CURRENT_SAMPLE|LOW_PLAYER_SAMPLE,HISTORICAL TEST ONLY,"Research only - no odds, edge, or betting recommendation."
C.Williams,CHI,GB,QB,33.5,27.735162590585247,30.41695015325381,9.17569493322518,0.36843476141785525,0.6315652385821448,"Normal approximation: mean=calibrated_projection, sd=pass_attempts_backtest_calibrated_RMSE",Medium,ROUTE_PROXY_UNVALIDATED|LOW_CURRENT_SAMPLE|LOW_PLAYER_SAMPLE,HISTORICAL TEST ONLY,"Research only - no odds, edge, or betting recommendation."
C.Williams,CHI,GB,QB,35.5,27.735162590585247,30.41695015325381,9.17569493322518,0.2898000568648582,0.7101999431351418,"Normal approximation: mean=calibrated_projection, sd=pass_attempts_backtest_calibrated_RMSE",Medium,ROUTE_PROXY_UNVALIDATED|LOW_CURRENT_SAMPLE|LOW_PLAYER_SAMPLE,HISTORICAL TEST ONLY,"Research only - no odds, edge, or betting recommendation."
C.Williams,CHI,GB,QB,37.5,27.735162590585247,30.41695015325381,9.17569493322518,0.22007614757903005,0.77992385242097,"Normal approximation: mean=calibrated_projection, sd=pass_attempts_backtest_calibrated_RMSE",Medium,ROUTE_PROXY_UNVALIDATED|LOW_CURRENT_SAMPLE|LOW_PLAYER_SAMPLE,HISTORICAL TEST ONLY,"Research only - no odds, edge, or betting recommendation."
C.Williams,CHI,GB,QB,39.5,27.735162590585247,30.41695015325381,9.17569493322518,0.16111071576247915,0.8388892842375208,"Normal approximation: mean=calibrated_projection, sd=pass_attempts_backtest_calibrated_RMSE",Medium,ROUTE_PROXY_UNVALIDATED|LOW_CURRENT_SAMPLE|LOW_PLAYER_SAMPLE,HISTORICAL TEST ONLY,"Research only - no odds, edge, or betting recommendation."
C.Williams,CHI,GB,QB,41.5,27.735162590585247,30.41695015325381,9.17569493322518,0.11354856809333702,0.886451431906663,"Normal approximation: mean=calibrated_projection, sd=pass_attempts_backtest_calibrated_RMSE",Medium,ROUTE_PROXY_UNVALIDATED|LOW_CURRENT_SAMPLE|LOW_PLAYER_SAMPLE,HISTORICAL TEST ONLY,"Research only - no odds, edge, or betting recommendation."
C.Williams,CHI,GB,QB,43.5,27.735162590585247,30.41695015325381,9.17569493322518,0.07695762803824646,0.9230423719617535,"Normal approximation: mean=calibrated_projection, sd=pass_attempts_backtest_calibrated_RMSE",Medium,ROUTE_PROXY_UNVALIDATED|LOW_CURRENT_SAMPLE|LOW_PLAYER_SAMPLE,HISTORICAL TEST ONLY,"Research only - no odds, edge, or betting recommendation."
C.Williams,CHI,GB,QB,45.5,27.735162590585247,30.41695015325381,9.17569493322518,0.050108281982530034,0.94989171801747,"Normal approximation: mean=calibrated_projection, sd=pass_attempts_backtest_calibrated_RMSE",Medium,ROUTE_PROXY_UNVALIDATED|LOW_CURRENT_SAMPLE|LOW_PLAYER_SAMPLE,HISTORICAL TEST ONLY,"Research only - no odds, edge, or betting recommendation."
J.Goff,DET,WAS,QB,19.5,27.480758792284927,30.137947366577308,9.17569493322518,0.8768455668189614,0.12315443318103858,"Normal approximation: mean=calibrated_projection, sd=pass_attempts_backtest_calibrated_RMSE",Medium,ROUTE_PROXY_UNVALIDATED|LOW_CURRENT_SAMPLE|LOW_PLAYER_SAMPLE,HISTORICAL TEST ONLY,"Research only - no odds, edge, or betting recommendation."
J.Goff,DET,WAS,QB,21.5,27.480758792284927,30.137947366577308,9.17569493322518,0.8267485960144216,0.17325140398557837,"Normal approximation: mean=calibrated_projection, sd=pass_attempts_backtest_calibrated_RMSE",Medium,ROUTE_PROXY_UNVALIDATED|LOW_CURRENT_SAMPLE|LOW_PLAYER_SAMPLE,HISTORICAL TEST ONLY,"Research only - no odds, edge, or betting recommendation."
J.Goff,DET,WAS,QB,23.5,27.480758792284927,30.137947366577308,9.17569493322518,0.7652912697773118,0.23470873022268823,"Normal approximation: mean=calibrated_projection, sd=pass_attempts_backtest_calibrated_RMSE",Medium,ROUTE_PROXY_UNVALIDATED|LOW_CURRENT_SAMPLE|LOW_PLAYER_SAMPLE,HISTORICAL TEST ONLY,"Research only - no odds, edge, or betting recommendation."
J.Goff,DET,WAS,QB,25.5,27.480758792284927,30.137947366577308,9.17569493322518,0.6933821300790495,0.3066178699209505,"Normal approximation: mean=calibrated_projection, sd=pass_attempts_backtest_calibrated_RMSE",Medium,ROUTE_PROXY_UNVALIDATED|LOW_CURRENT_SAMPLE|LOW_PLAYER_SAMPLE,HISTORICAL TEST ONLY,"Research only - no odds, edge, or betting recommendation."
J.Goff,DET,WAS,QB,27.5,27.480758792284927,30.137947366577308,9.17569493322518,0.6131325404213734,0.38686745957862656,"Normal approximation: mean=calibrated_projection, sd=pass_attempts_backtest_calibrated_RMSE",Medium,ROUTE_PROXY_UNVALIDATED|LOW_CURRENT_SAMPLE|LOW_PLAYER_SAMPLE,HISTORICAL TEST ONLY,"Research only - no odds, edge, or betting recommendation."
J.Goff,DET,WAS,QB,29.5,27.480758792284927,30.137947366577308,9.17569493322518,0.5277144444235637,0.47228555557643626,"Normal approximation: mean=calibrated_projection, sd=pass_attempts_backtest_calibrated_RMSE",Medium,ROUTE_PROXY_UNVALIDATED|LOW_CURRENT_SAMPLE|LOW_PLAYER_SAMPLE,HISTORICAL TEST ONLY,"Research only - no odds, edge, or betting recommendation."
J.Goff,DET,WAS,QB,31.5,27.480758792284927,30.137947366577308,9.17569493322518,0.440997230586224,0.559002769413776,"Normal approximation: mean=calibrated_projection, sd=pass_attempts_backtest_calibrated_RMSE",Medium,ROUTE_PROXY_UNVALIDATED|LOW_CURRENT_SAMPLE|LOW_PLAYER_SAMPLE,HISTORICAL TEST ONLY,"Research only - no odds, edge, or betting recommendation."
J.Goff,DET,WAS,QB,33.5,27.480758792284927,30.137947366577308,9.17569493322518,0.35703013834173714,0.6429698616582629,"Normal approximation: mean=calibrated_projection, sd=pass_attempts_backtest_calibrated_RMSE",Medium,ROUTE_PROXY_UNVALIDATED|LOW_CURRENT_SAMPLE|LOW_PLAYER_SAMPLE,HISTORICAL TEST ONLY,"Research only - no odds, edge, or betting recommendation."
J.Goff,DET,WAS,QB,35.5,27.480758792284927,30.137947366577308,9.17569493322518,0.27948380486521907,0.7205161951347809,"Normal approximation: mean=calibrated_projection, sd=pass_attempts_backtest_calibrated_RMSE",Medium,ROUTE_PROXY_UNVALIDATED|LOW_CURRENT_SAMPLE|LOW_PLAYER_SAMPLE,HISTORICAL TEST ONLY,"Research only - no odds, edge, or betting recommendation."
J.Goff,DET,WAS,QB,37.5,27.480758792284927,30.137947366577308,9.17569493322518,0.21117734958570122,0.7888226504142988,"Normal approximation: mean=calibrated_projection, sd=pass_attempts_backtest_calibrated_RMSE",Medium,ROUTE_PROXY_UNVALIDATED|LOW_CURRENT_SAMPLE|LOW_PLAYER_SAMPLE,HISTORICAL TEST ONLY,"Research only - no odds, edge, or betting recommendation."
J.Goff,DET,WAS,QB,39.5,27.480758792284927,30.137947366577308,9.17569493322518,0.15379074824160588,0.8462092517583941,"Normal approximation: mean=calibrated_projection, sd=pass_attempts_backtest_calibrated_RMSE",Medium,ROUTE_PROXY_UNVALIDATED|LOW_CURRENT_SAMPLE|LOW_PLAYER_SAMPLE,HISTORICAL TEST ONLY,"Research only - no odds, edge, or betting recommendation."
J.Goff,DET,WAS,QB,41.5,27.480758792284927,30.137947366577308,9.17569493322518,0.10780667159365875,0.8921933284063412,"Normal approximation: mean=calibrated_projection, sd=pass_attempts_backtest_calibrated_RMSE",Medium,ROUTE_PROXY_UNVALIDATED|LOW_CURRENT_SAMPLE|LOW_PLAYER_SAMPLE,HISTORICAL TEST ONLY,"Research only - no odds, edge, or betting recommendation."
J.Goff,DET,WAS,QB,43.5,27.480758792284927,30.137947366577308,9.17569493322518,0.07266256081408673,0.9273374391859133,"Normal approximation: mean=calibrated_projection, sd=pass_attempts_backtest_calibrated_RMSE",Medium,ROUTE_PROXY_UNVALIDATED|LOW_CURRENT_SAMPLE|LOW_PLAYER_SAMPLE,HISTORICAL TEST ONLY,"Research only - no odds, edge, or betting recommendation."
J.Goff,DET,WAS,QB,45.5,27.480758792284927,30.137947366577308,9.17569493322518,0.04704453447373591,0.9529554655262641,"Normal approximation: mean=calibrated_projection, sd=pass_attempts_backtest_calibrated_RMSE",Medium,ROUTE_PROXY_UNVALIDATED|LOW_CURRENT_SAMPLE|LOW_PLAYER_SAMPLE,HISTORICAL TEST ONLY,"Research only - no odds, edge, or betting recommendation."
B.Mayfield,TB,WAS,QB,19.5,29.139932863115614,28.574253190116945,9.17569493322518,0.8386548557595919,0.16134514424040813,"Normal approximation: mean=calibrated_projection, sd=pass_attempts_backtest_calibrated_RMSE",Medium,ROUTE_PROXY_UNVALIDATED|LOW_CURRENT_SAMPLE|LOW_PLAYER_SAMPLE,HISTORICAL TEST ONLY,"Research only - no odds, edge, or betting recommendation."
B.Mayfield,TB,WAS,QB,21.5,29.139932863115614,28.574253190116945,9.17569493322518,0.779639828750216,0.22036017124978402,"Normal approximation: mean=calibrated_projection, sd=pass_attempts_backtest_calibrated_RMSE",Medium,ROUTE_PROXY_UNVALIDATED|LOW_CURRENT_SAMPLE|LOW_PLAYER_SAMPLE,HISTORICAL TEST ONLY,"Research only - no odds, edge, or betting recommendation."
B.Mayfield,TB,WAS,QB,23.5,29.139932863115614,28.574253190116945,9.17569493322518,0.7098717983430438,0.2901282016569562,"Normal approximation: mean=calibrated_projection, sd=pass_attempts_backtest_calibrated_RMSE",Medium,ROUTE_PROXY_UNVALIDATED|LOW_CURRENT_SAMPLE|LOW_PLAYER_SAMPLE,HISTORICAL TEST ONLY,"Research only - no odds, edge, or betting recommendation."
B.Mayfield,TB,WAS,QB,25.5,29.139932863115614,28.574253190116945,9.17569493322518,0.6312037094421689,0.36879629055783114,"Normal approximation: mean=calibrated_projection, sd=pass_attempts_backtest_calibrated_RMSE",Medium,ROUTE_PROXY_UNVALIDATED|LOW_CURRENT_SAMPLE|LOW_PLAYER_SAMPLE,HISTORICAL TEST ONLY,"Research only - no odds, edge, or betting recommendation."
B.Mayfield,TB,WAS,QB,27.5,29.139932863115614,28.574253190116945,9.17569493322518,0.5466000656342315,0.45339993436576853,"Normal approximation: mean=calibrated_projection, sd=pass_attempts_backtest_calibrated_RMSE",Medium,ROUTE_PROXY_UNVALIDATED|LOW_CURRENT_SAMPLE|LOW_PLAYER_SAMPLE,HISTORICAL TEST ONLY,"Research only - no odds, edge, or betting recommendation."
B.Mayfield,TB,WAS,QB,29.5,29.139932863115614,28.574253190116945,9.17569493322518,0.4598184171377532,0.5401815828622468,"Normal approximation: mean=calibrated_projection, sd=pass_attempts_backtest_calibrated_RMSE",Medium,ROUTE_PROXY_UNVALIDATED|LOW_CURRENT_SAMPLE|LOW_PLAYER_SAMPLE,HISTORICAL TEST ONLY,"Research only - no odds, edge, or betting recommendation."
B.Mayfield,TB,WAS,QB,31.5,29.139932863115614,28.574253190116945,9.17569493322518,0.3749169700807886,0.6250830299192114,"Normal approximation: mean=calibrated_projection, sd=pass_attempts_backtest_calibrated_RMSE",Medium,ROUTE_PROXY_UNVALIDATED|LOW_CURRENT_SAMPLE|LOW_PLAYER_SAMPLE,HISTORICAL TEST ONLY,"Research only - no odds, edge, or betting recommendation."
B.Mayfield,TB,WAS,QB,33.5,29.139932863115614,28.574253190116945,9.17569493322518,0.2956940857997803,0.7043059142002197,"Normal approximation: mean=calibrated_projection, sd=pass_attempts_backtest_calibrated_RMSE",Medium,ROUTE_PROXY_UNVALIDATED|LOW_CURRENT_SAMPLE|LOW_PLAYER_SAMPLE,HISTORICAL TEST ONLY,"Research only - no odds, edge, or betting recommendation."
B.Mayfield,TB,WAS,QB,35.5,29.139932863115614,28.574253190116945,9.17569493322518,0.22518671163195014,0.7748132883680499,"Normal approximation: mean=calibrated_projection, sd=pass_attempts_backtest_calibrated_RMSE",Medium,ROUTE_PROXY_UNVALIDATED|LOW_CURRENT_SAMPLE|LOW_PLAYER_SAMPLE,HISTORICAL TEST ONLY,"Research only - no odds, edge, or betting recommendation."
B.Mayfield,TB,WAS,QB,37.5,29.139932863115614,28.574253190116945,9.17569493322518,0.16533635798957758,0.8346636420104224,"Normal approximation: mean=calibrated_projection, sd=pass_attempts_backtest_calibrated_RMSE",Medium,ROUTE_PROXY_UNVALIDATED|LOW_CURRENT_SAMPLE|LOW_PLAYER_SAMPLE,HISTORICAL TEST ONLY,"Research only - no odds, edge, or betting recommendation."
B.Mayfield,TB,WAS,QB,39.5,29.139932863115614,28.574253190116945,9.17569493322518,0.11688040647966957,0.8831195935203304,"Normal approximation: mean=calibrated_projection, sd=pass_attempts_backtest_calibrated_RMSE",Medium,ROUTE_PROXY_UNVALIDATED|LOW_CURRENT_SAMPLE|LOW_PLAYER_SAMPLE,HISTORICAL TEST ONLY,"Research only - no odds, edge, or betting recommendation."
B.Mayfield,TB,WAS,QB,41.5,29.139932863115614,28.574253190116945,9.17569493322518,0.0794628282899923,0.9205371717100077,"Normal approximation: mean=calibrated_projection, sd=pass_attempts_backtest_calibrated_RMSE",Medium,ROUTE_PROXY_UNVALIDATED|LOW_CURRENT_SAMPLE|LOW_PLAYER_SAMPLE,HISTORICAL TEST ONLY,"Research only - no odds, edge, or betting recommendation."
B.Mayfield,TB,WAS,QB,43.5,29.139932863115614,28.574253190116945,9.17569493322518,0.0519045381883072,0.9480954618116928,"Normal approximation: mean=calibrated_projection, sd=pass_attempts_backtest_calibrated_RMSE",Medium,ROUTE_PROXY_UNVALIDATED|LOW_CURRENT_SAMPLE|LOW_PLAYER_SAMPLE,HISTORICAL TEST ONLY,"Research only - no odds, edge, or betting recommendation."
B.Mayfield,TB,WAS,QB,45.5,29.139932863115614,28.574253190116945,9.17569493322518,0.03254581158502312,0.9674541884149769,"Normal approximation: mean=calibrated_projection, sd=pass_attempts_backtest_calibrated_RMSE",Medium,ROUTE_PROXY_UNVALIDATED|LOW_CURRENT_SAMPLE|LOW_PLAYER_SAMPLE,HISTORICAL TEST ONLY,"Research only - no odds, edge, or betting recommendation."
J.Daniels,WAS,PHI,QB,19.5,28.28658448622757,27.73747045986438,9.17569493322518,0.8153402958781244,0.1846597041218756,"Normal approximation: mean=calibrated_projection, sd=pass_attempts_backtest_calibrated_RMSE",Medium,ROUTE_PROXY_UNVALIDATED|LOW_CURRENT_SAMPLE|LOW_PLAYER_SAMPLE,HISTORICAL TEST ONLY,"Research only - no odds, edge, or betting recommendation."
J.Daniels,WAS,PHI,QB,21.5,28.28658448622757,27.73747045986438,9.17569493322518,0.7516786852954165,0.24832131470458352,"Normal approximation: mean=calibrated_projection, sd=pass_attempts_backtest_calibrated_RMSE",Medium,ROUTE_PROXY_UNVALIDATED|LOW_CURRENT_SAMPLE|LOW_PLAYER_SAMPLE,HISTORICAL TEST ONLY,"Research only - no odds, edge, or betting recommendation."
J.Daniels,WAS,PHI,QB,23.5,28.28658448622757,27.73747045986438,9.17569493322518,0.6778928824428677,0.3221071175571323,"Normal approximation: mean=calibrated_projection, sd=pass_attempts_backtest_calibrated_RMSE",Medium,ROUTE_PROXY_UNVALIDATED|LOW_CURRENT_SAMPLE|LOW_PLAYER_SAMPLE,HISTORICAL TEST ONLY,"Research only - no odds, edge, or betting recommendation."
J.Daniels,WAS,PHI,QB,25.5,28.28658448622757,27.73747045986438,9.17569493322518,0.5963255426043272,0.40367445739567276,"Normal approximation: mean=calibrated_projection, sd=pass_attempts_backtest_calibrated_RMSE",Medium,ROUTE_PROXY_UNVALIDATED|LOW_CURRENT_SAMPLE|LOW_PLAYER_SAMPLE,HISTORICAL TEST ONLY,"Research only - no odds, edge, or betting recommendation."
J.Daniels,WAS,PHI,QB,27.5,28.28658448622757,27.73747045986438,9.17569493322518,0.5103236248398533,0.4896763751601467,"Normal approximation: mean=calibrated_projection, sd=pass_attempts_backtest_calibrated_RMSE",Medium,ROUTE_PROXY_UNVALIDATED|LOW_CURRENT_SAMPLE|LOW_PLAYER_SAMPLE,HISTORICAL TEST ONLY,"Research only - no odds, edge, or betting recommendation."
J.Daniels,WAS,PHI,QB,29.5,28.28658448622757,27.73747045986438,9.17569493322518,0.4238371216262309,0.5761628783737691,"Normal approximation: mean=calibrated_projection, sd=pass_attempts_backtest_calibrated_RMSE",Medium,ROUTE_PROXY_UNVALIDATED|LOW_CURRENT_SAMPLE|LOW_PLAYER_SAMPLE,HISTORICAL TEST ONLY,"Research only - no odds, edge, or betting recommendation."
J.Daniels,WAS,PHI,QB,31.5,28.28658448622757,27.73747045986438,9.17569493322518,0.34088320255823057,0.6591167974417694,"Normal approximation: mean=calibrated_projection, sd=pass_attempts_backtest_calibrated_RMSE",Medium,ROUTE_PROXY_UNVALIDATED|LOW_CURRENT_SAMPLE|LOW_PLAYER_SAMPLE,HISTORICAL TEST ONLY,"Research only - no odds, edge, or betting recommendation."
J.Daniels,WAS,PHI,QB,33.5,28.28658448622757,27.73747045986438,9.17569493322518,0.2649950761611346,0.7350049238388654,"Normal approximation: mean=calibrated_projection, sd=pass_attempts_backtest_calibrated_RMSE",Medium,ROUTE_PROXY_UNVALIDATED|LOW_CURRENT_SAMPLE|LOW_PLAYER_SAMPLE,HISTORICAL TEST ONLY,"Research only - no odds, edge, or betting recommendation."
J.Daniels,WAS,PHI,QB,35.5,28.28658448622757,27.73747045986438,9.17569493322518,0.19877966656450496,0.801220333435495,"Normal approximation: mean=calibrated_projection, sd=pass_attempts_backtest_calibrated_RMSE",Medium,ROUTE_PROXY_UNVALIDATED|LOW_CURRENT_SAMPLE|LOW_PLAYER_SAMPLE,HISTORICAL TEST ONLY,"Research only - no odds, edge, or betting recommendation."
J.Daniels,WAS,PHI,QB,37.5,28.28658448622757,27.73747045986438,9.17569493322518,0.14367446777416237,0.8563255322258376,"Normal approximation: mean=calibrated_projection, sd=pass_attempts_backtest_calibrated_RMSE",Medium,ROUTE_PROXY_UNVALIDATED|LOW_CURRENT_SAMPLE|LOW_PLAYER_SAMPLE,HISTORICAL TEST ONLY,"Research only - no odds, edge, or betting recommendation."
J.Daniels,WAS,PHI,QB,39.5,28.28658448622757,27.73747045986438,9.17569493322518,0.09993492183304575,0.9000650781669542,"Normal approximation: mean=calibrated_projection, sd=pass_attempts_backtest_calibrated_RMSE",Medium,ROUTE_PROXY_UNVALIDATED|LOW_CURRENT_SAMPLE|LOW_PLAYER_SAMPLE,HISTORICAL TEST ONLY,"Research only - no odds, edge, or betting recommendation."
J.Daniels,WAS,PHI,QB,41.5,28.28658448622757,27.73747045986438,9.17569493322518,0.0668214992610161,0.9331785007389839,"Normal approximation: mean=calibrated_projection, sd=pass_attempts_backtest_calibrated_RMSE",Medium,ROUTE_PROXY_UNVALIDATED|LOW_CURRENT_SAMPLE|LOW_PLAYER_SAMPLE,HISTORICAL TEST ONLY,"Research only - no odds, edge, or betting recommendation."
J.Daniels,WAS,PHI,QB,43.5,28.28658448622757,27.73747045986438,9.17569493322518,0.042911373015736,0.957088626984264,"Normal approximation: mean=calibrated_projection, sd=pass_attempts_backtest_calibrated_RMSE",Medium,ROUTE_PROXY_UNVALIDATED|LOW_CURRENT_SAMPLE|LOW_PLAYER_SAMPLE,HISTORICAL TEST ONLY,"Research only - no odds, edge, or betting recommendation."
J.Daniels,WAS,PHI,QB,45.5,28.28658448622757,27.73747045986438,9.17569493322518,0.026444636414658773,0.9735553635853412,"Normal approximation: mean=calibrated_projection, sd=pass_attempts_backtest_calibrated_RMSE",Medium,ROUTE_PROXY_UNVALIDATED|LOW_CURRENT_SAMPLE|LOW_PLAYER_SAMPLE,HISTORICAL TEST ONLY,"Research only - no odds, edge, or betting recommendation."
B.Nix,DEN,BUF,QB,19.5,25.065734635721373,27.48940802056919,9.17569493322518,0.8080448928208172,0.19195510717918285,"Normal approximation: mean=calibrated_projection, sd=pass_attempts_backtest_calibrated_RMSE",Medium,ROUTE_PROXY_UNVALIDATED|LOW_CURRENT_SAMPLE|LOW_PLAYER_SAMPLE,HISTORICAL TEST ONLY,"Research only - no odds, edge, or betting recommendation."
B.Nix,DEN,BUF,QB,21.5,25.065734635721373,27.48940802056919,9.17569493322518,0.7430403254405448,0.25695967455945523,"Normal approximation: mean=calibrated_projection, sd=pass_attempts_backtest_calibrated_RMSE",Medium,ROUTE_PROXY_UNVALIDATED|LOW_CURRENT_SAMPLE|LOW_PLAYER_SAMPLE,HISTORICAL TEST ONLY,"Research only - no odds, edge, or betting recommendation."
B.Nix,DEN,BUF,QB,23.5,25.065734635721373,27.48940802056919,9.17569493322518,0.668138913694513,0.33186108630548705,"Normal approximation: mean=calibrated_projection, sd=pass_attempts_backtest_calibrated_RMSE",Medium,ROUTE_PROXY_UNVALIDATED|LOW_CURRENT_SAMPLE|LOW_PLAYER_SAMPLE,HISTORICAL TEST ONLY,"Research only - no odds, edge, or betting recommendation."
B.Nix,DEN,BUF,QB,25.5,25.065734635721373,27.48940802056919,9.17569493322518,0.585822878050543,0.414177121949457,"Normal approximation: mean=calibrated_projection, sd=pass_attempts_backtest_calibrated_RMSE",Medium,ROUTE_PROXY_UNVALIDATED|LOW_CURRENT_SAMPLE|LOW_PLAYER_SAMPLE,HISTORICAL TEST ONLY,"Research only - no odds, edge, or betting recommendation."
B.Nix,DEN,BUF,QB,27.5,25.065734635721373,27.48940802056919,9.17569493322518,0.4995394803859118,0.5004605196140882,"Normal approximation: mean=calibrated_projection, sd=pass_attempts_backtest_calibrated_RMSE",Medium,ROUTE_PROXY_UNVALIDATED|LOW_CURRENT_SAMPLE|LOW_PLAYER_SAMPLE,HISTORICAL TEST ONLY,"Research only - no odds, edge, or betting recommendation."
B.Nix,DEN,BUF,QB,29.5,25.065734635721373,27.48940802056919,9.17569493322518,0.4132777040268416,0.5867222959731584,"Normal approximation: mean=calibrated_projection, sd=pass_attempts_backtest_calibrated_RMSE",Medium,ROUTE_PROXY_UNVALIDATED|LOW_CURRENT_SAMPLE|LOW_PLAYER_SAMPLE,HISTORICAL TEST ONLY,"Research only - no odds, edge, or betting recommendation."
B.Nix,DEN,BUF,QB,31.5,25.065734635721373,27.48940802056919,9.17569493322518,0.33102353433118703,0.668976465668813,"Normal approximation: mean=calibrated_projection, sd=pass_attempts_backtest_calibrated_RMSE",Medium,ROUTE_PROXY_UNVALIDATED|LOW_CURRENT_SAMPLE|LOW_PLAYER_SAMPLE,HISTORICAL TEST ONLY,"Research only - no odds, edge, or betting recommendation."
B.Nix,DEN,BUF,QB,33.5,25.065734635721373,27.48940802056919,9.17569493322518,0.2562159214140469,0.7437840785859531,"Normal approximation: mean=calibrated_projection, sd=pass_attempts_backtest_calibrated_RMSE",Medium,ROUTE_PROXY_UNVALIDATED|LOW_CURRENT_SAMPLE|LOW_PLAYER_SAMPLE,HISTORICAL TEST ONLY,"Research only - no odds, edge, or betting recommendation."
B.Nix,DEN,BUF,QB,35.5,25.065734635721373,27.48940802056919,9.17569493322518,0.19132529263770803,0.808674707362292,"Normal approximation: mean=calibrated_projection, sd=pass_attempts_backtest_calibrated_RMSE",Medium,ROUTE_PROXY_UNVALIDATED|LOW_CURRENT_SAMPLE|LOW_PLAYER_SAMPLE,HISTORICAL TEST ONLY,"Research only - no odds, edge, or betting recommendation."
B.Nix,DEN,BUF,QB,37.5,25.065734635721373,27.48940802056919,9.17569493322518,0.13763862788520298,0.862361372114797,"Normal approximation: mean=calibrated_projection, sd=pass_attempts_backtest_calibrated_RMSE",Medium,ROUTE_PROXY_UNVALIDATED|LOW_CURRENT_SAMPLE|LOW_PLAYER_SAMPLE,HISTORICAL TEST ONLY,"Research only - no odds, edge, or betting recommendation."
B.Nix,DEN,BUF,QB,39.5,25.065734635721373,27.48940802056919,9.17569493322518,0.09527442395519758,0.9047255760448024,"Normal approximation: mean=calibrated_projection, sd=pass_attempts_backtest_calibrated_RMSE",Medium,ROUTE_PROXY_UNVALIDATED|LOW_CURRENT_SAMPLE|LOW_PLAYER_SAMPLE,HISTORICAL TEST ONLY,"Research only - no odds, edge, or betting recommendation."
B.Nix,DEN,BUF,QB,41.5,25.065734635721373,27.48940802056919,9.17569493322518,0.06338991248805215,0.9366100875119479,"Normal approximation: mean=calibrated_projection, sd=pass_attempts_backtest_calibrated_RMSE",Medium,ROUTE_PROXY_UNVALIDATED|LOW_CURRENT_SAMPLE|LOW_PLAYER_SAMPLE,HISTORICAL TEST ONLY,"Research only - no odds, edge, or betting recommendation."
B.Nix,DEN,BUF,QB,43.5,25.065734635721373,27.48940802056919,9.17569493322518,0.04050187971763619,0.9594981202823638,"Normal approximation: mean=calibrated_projection, sd=pass_attempts_backtest_calibrated_RMSE",Medium,ROUTE_PROXY_UNVALIDATED|LOW_CURRENT_SAMPLE|LOW_PLAYER_SAMPLE,HISTORICAL TEST ONLY,"Research only - no odds, edge, or betting recommendation."
B.Nix,DEN,BUF,QB,45.5,25.065734635721373,27.48940802056919,9.17569493322518,0.024831301520767735,0.9751686984792323,"Normal approximation: mean=calibrated_projection, sd=pass_attempts_backtest_calibrated_RMSE",Medium,ROUTE_PROXY_UNVALIDATED|LOW_CURRENT_SAMPLE|LOW_PLAYER_SAMPLE,HISTORICAL TEST ONLY,"Research only - no odds, edge, or betting recommendation."
J.Burrow,CIN,PIT,QB,19.5,23.967064031685183,26.284503997069507,9.17569493322518,0.7701677688693338,0.2298322311306662,"Normal approximation: mean=calibrated_projection, sd=pass_attempts_backtest_calibrated_RMSE",Medium,ROUTE_PROXY_UNVALIDATED|LOW_CURRENT_SAMPLE|LOW_PLAYER_SAMPLE,HISTORICAL TEST ONLY,"Research only - no odds, edge, or betting recommendation."
J.Burrow,CIN,PIT,QB,21.5,23.967064031685183,26.284503997069507,9.17569493322518,0.6989671830496933,0.3010328169503067,"Normal approximation: mean=calibrated_projection, sd=pass_attempts_backtest_calibrated_RMSE",Medium,ROUTE_PROXY_UNVALIDATED|LOW_CURRENT_SAMPLE|LOW_PLAYER_SAMPLE,HISTORICAL TEST ONLY,"Research only - no odds, edge, or betting recommendation."
J.Burrow,CIN,PIT,QB,23.5,23.967064031685183,26.284503997069507,9.17569493322518,0.6192323137159232,0.38076768628407676,"Normal approximation: mean=calibrated_projection, sd=pass_attempts_backtest_calibrated_RMSE",Medium,ROUTE_PROXY_UNVALIDATED|LOW_CURRENT_SAMPLE|LOW_PLAYER_SAMPLE,HISTORICAL TEST ONLY,"Research only - no odds, edge, or betting recommendation."
J.Burrow,CIN,PIT,QB,25.5,23.967064031685183,26.284503997069507,9.17569493322518,0.5340672759897358,0.4659327240102642,"Normal approximation: mean=calibrated_projection, sd=pass_attempts_backtest_calibrated_RMSE",Medium,ROUTE_PROXY_UNVALIDATED|LOW_CURRENT_SAMPLE|LOW_PLAYER_SAMPLE,HISTORICAL TEST ONLY,"Research only - no odds, edge, or betting recommendation."
J.Burrow,CIN,PIT,QB,27.5,23.967064031685183,26.284503997069507,9.17569493322518,0.4473066331315203,0.5526933668684797,"Normal approximation: mean=calibrated_projection, sd=pass_attempts_backtest_calibrated_RMSE",Medium,ROUTE_PROXY_UNVALIDATED|LOW_CURRENT_SAMPLE|LOW_PLAYER_SAMPLE,HISTORICAL TEST ONLY,"Research only - no odds, edge, or betting recommendation."
J.Burrow,CIN,PIT,QB,29.5,23.967064031685183,26.284503997069507,9.17569493322518,0.36300566765667586,0.6369943323433241,"Normal approximation: mean=calibrated_projection, sd=pass_attempts_backtest_calibrated_RMSE",Medium,ROUTE_PROXY_UNVALIDATED|LOW_CURRENT_SAMPLE|LOW_PLAYER_SAMPLE,HISTORICAL TEST ONLY,"Research only - no odds, edge, or betting recommendation."
J.Burrow,CIN,PIT,QB,31.5,23.967064031685183,26.284503997069507,9.17569493322518,0.28488054833823195,0.715119451661768,"Normal approximation: mean=calibrated_projection, sd=pass_attempts_backtest_calibrated_RMSE",Medium,ROUTE_PROXY_UNVALIDATED|LOW_CURRENT_SAMPLE|LOW_PLAYER_SAMPLE,HISTORICAL TEST ONLY,"Research only - no odds, edge, or betting recommendation."
J.Burrow,CIN,PIT,QB,33.5,23.967064031685183,26.284503997069507,9.17569493322518,0.21582522434951157,0.7841747756504884,"Normal approximation: mean=calibrated_projection, sd=pass_attempts_backtest_calibrated_RMSE",Medium,ROUTE_PROXY_UNVALIDATED|LOW_CURRENT_SAMPLE|LOW_PLAYER_SAMPLE,HISTORICAL TEST ONLY,"Research only - no odds, edge, or betting recommendation."
J.Burrow,CIN,PIT,QB,35.5,23.967064031685183,26.284503997069507,9.17569493322518,0.157607942914883,0.842392057085117,"Normal approximation: mean=calibrated_projection, sd=pass_attempts_backtest_calibrated_RMSE",Medium,ROUTE_PROXY_UNVALIDATED|LOW_CURRENT_SAMPLE|LOW_PLAYER_SAMPLE,HISTORICAL TEST ONLY,"Research only - no odds, edge, or betting recommendation."
J.Burrow,CIN,PIT,QB,37.5,23.967064031685183,26.284503997069507,9.17569493322518,0.11079619150029352,0.8892038084997065,"Normal approximation: mean=calibrated_projection, sd=pass_attempts_backtest_calibrated_RMSE",Medium,ROUTE_PROXY_UNVALIDATED|LOW_CURRENT_SAMPLE|LOW_PLAYER_SAMPLE,HISTORICAL TEST ONLY,"Research only - no odds, edge, or betting recommendation."
J.Burrow,CIN,PIT,QB,39.5,23.967064031685183,26.284503997069507,9.17569493322518,0.07489523750892113,0.9251047624910789,"Normal approximation: mean=calibrated_projection, sd=pass_attempts_backtest_calibrated_RMSE",Medium,ROUTE_PROXY_UNVALIDATED|LOW_CURRENT_SAMPLE|LOW_PLAYER_SAMPLE,HISTORICAL TEST ONLY,"Research only - no odds, edge, or betting recommendation."
J.Burrow,CIN,PIT,QB,41.5,23.967064031685183,26.284503997069507,9.17569493322518,0.04863460899105709,0.9513653910089429,"Normal approximation: mean=calibrated_projection, sd=pass_attempts_backtest_calibrated_RMSE",Medium,ROUTE_PROXY_UNVALIDATED|LOW_CURRENT_SAMPLE|LOW_PLAYER_SAMPLE,HISTORICAL TEST ONLY,"Research only - no odds, edge, or betting recommendation."
J.Burrow,CIN,PIT,QB,43.5,23.967064031685183,26.284503997069507,9.17569493322518,0.03031348343868756,0.9696865165613124,"Normal approximation: mean=calibrated_projection, sd=pass_attempts_backtest_calibrated_RMSE",Medium,ROUTE_PROXY_UNVALIDATED|LOW_CURRENT_SAMPLE|LOW_PLAYER_SAMPLE,HISTORICAL TEST ONLY,"Research only - no odds, edge, or betting recommendation."
J.Burrow,CIN,PIT,QB,45.5,23.967064031685183,26.284503997069507,9.17569493322518,0.01812226943192896,0.981877730568071,"Normal approximation: mean=calibrated_projection, sd=pass_attempts_backtest_calibrated_RMSE",Medium,ROUTE_PROXY_UNVALIDATED|LOW_CURRENT_SAMPLE|LOW_PLAYER_SAMPLE,HISTORICAL TEST ONLY,"Research only - no odds, edge, or betting recommendation."
L.Jackson,BAL,BUF,QB,19.5,21.470857603419645,23.54693264688178,9.17569493322518,0.6704113001303352,0.32958869986966477,"Normal approximation: mean=calibrated_projection, sd=pass_attempts_backtest_calibrated_RMSE",Medium,ROUTE_PROXY_UNVALIDATED|LOW_CURRENT_SAMPLE|LOW_PLAYER_SAMPLE,HISTORICAL TEST ONLY,"Research only - no odds, edge, or betting recommendation."
L.Jackson,BAL,BUF,QB,21.5,21.470857603419645,23.54693264688178,9.17569493322518,0.5882641677952255,0.4117358322047745,"Normal approximation: mean=calibrated_projection, sd=pass_attempts_backtest_calibrated_RMSE",Medium,ROUTE_PROXY_UNVALIDATED|LOW_CURRENT_SAMPLE|LOW_PLAYER_SAMPLE,HISTORICAL TEST ONLY,"Research only - no odds, edge, or betting recommendation."
L.Jackson,BAL,BUF,QB,23.5,21.470857603419645,23.54693264688178,9.17569493322518,0.502040535966845,0.49795946403315505,"Normal approximation: mean=calibrated_projection, sd=pass_attempts_backtest_calibrated_RMSE",Medium,ROUTE_PROXY_UNVALIDATED|LOW_CURRENT_SAMPLE|LOW_PLAYER_SAMPLE,HISTORICAL TEST ONLY,"Research only - no odds, edge, or betting recommendation."
L.Jackson,BAL,BUF,QB,25.5,21.470857603419645,23.54693264688178,9.17569493322518,0.41572110215855573,0.5842788978414443,"Normal approximation: mean=calibrated_projection, sd=pass_attempts_backtest_calibrated_RMSE",Medium,ROUTE_PROXY_UNVALIDATED|LOW_CURRENT_SAMPLE|LOW_PLAYER_SAMPLE,HISTORICAL TEST ONLY,"Research only - no odds, edge, or betting recommendation."
L.Jackson,BAL,BUF,QB,27.5,21.470857603419645,23.54693264688178,9.17569493322518,0.33329984749383423,0.6667001525061658,"Normal approximation: mean=calibrated_projection, sd=pass_attempts_backtest_calibrated_RMSE",Medium,ROUTE_PROXY_UNVALIDATED|LOW_CURRENT_SAMPLE|LOW_PLAYER_SAMPLE,HISTORICAL TEST ONLY,"Research only - no odds, edge, or betting recommendation."
L.Jackson,BAL,BUF,QB,29.5,21.470857603419645,23.54693264688178,9.17569493322518,0.2582381798687233,0.7417618201312767,"Normal approximation: mean=calibrated_projection, sd=pass_attempts_backtest_calibrated_RMSE",Medium,ROUTE_PROXY_UNVALIDATED|LOW_CURRENT_SAMPLE|LOW_PLAYER_SAMPLE,HISTORICAL TEST ONLY,"Research only - no odds, edge, or betting recommendation."
L.Jackson,BAL,BUF,QB,31.5,21.470857603419645,23.54693264688178,9.17569493322518,0.19303849311931687,0.8069615068806831,"Normal approximation: mean=calibrated_projection, sd=pass_attempts_backtest_calibrated_RMSE",Medium,ROUTE_PROXY_UNVALIDATED|LOW_CURRENT_SAMPLE|LOW_PLAYER_SAMPLE,HISTORICAL TEST ONLY,"Research only - no odds, edge, or betting recommendation."
L.Jackson,BAL,BUF,QB,33.5,21.470857603419645,23.54693264688178,9.17569493322518,0.13902266135828312,0.8609773386417169,"Normal approximation: mean=calibrated_projection, sd=pass_attempts_backtest_calibrated_RMSE",Medium,ROUTE_PROXY_UNVALIDATED|LOW_CURRENT_SAMPLE|LOW_PLAYER_SAMPLE,HISTORICAL TEST ONLY,"Research only - no odds, edge, or betting recommendation."
L.Jackson,BAL,BUF,QB,35.5,21.470857603419645,23.54693264688178,9.17569493322518,0.09634065636034861,0.9036593436396514,"Normal approximation: mean=calibrated_projection, sd=pass_attempts_backtest_calibrated_RMSE",Medium,ROUTE_PROXY_UNVALIDATED|LOW_CURRENT_SAMPLE|LOW_PLAYER_SAMPLE,HISTORICAL TEST ONLY,"Research only - no odds, edge, or betting recommendation."
L.Jackson,BAL,BUF,QB,37.5,21.470857603419645,23.54693264688178,9.17569493322518,0.06417320511624114,0.9358267948837589,"Normal approximation: mean=calibrated_projection, sd=pass_attempts_backtest_calibrated_RMSE",Medium,ROUTE_PROXY_UNVALIDATED|LOW_CURRENT_SAMPLE|LOW_PLAYER_SAMPLE,HISTORICAL TEST ONLY,"Research only - no odds, edge, or betting recommendation."
L.Jackson,BAL,BUF,QB,39.5,21.470857603419645,23.54693264688178,9.17569493322518,0.04105061524476872,0.9589493847552313,"Normal approximation: mean=calibrated_projection, sd=pass_attempts_backtest_calibrated_RMSE",Medium,ROUTE_PROXY_UNVALIDATED|LOW_CURRENT_SAMPLE|LOW_PLAYER_SAMPLE,HISTORICAL TEST ONLY,"Research only - no odds, edge, or betting recommendation."
L.Jackson,BAL,BUF,QB,41.5,21.470857603419645,23.54693264688178,9.17569493322518,0.025197881714533965,0.974802118285466,"Normal approximation: mean=calibrated_projection, sd=pass_attempts_backtest_calibrated_RMSE",Medium,ROUTE_PROXY_UNVALIDATED|LOW_CURRENT_SAMPLE|LOW_PLAYER_SAMPLE,HISTORICAL TEST ONLY,"Research only - no odds, edge, or betting recommendation."
L.Jackson,BAL,BUF,QB,43.5,21.470857603419645,23.54693264688178,9.17569493322518,0.014831682348027675,0.9851683176519723,"Normal approximation: mean=calibrated_projection, sd=pass_attempts_backtest_calibrated_RMSE",Medium,ROUTE_PROXY_UNVALIDATED|LOW_CURRENT_SAMPLE|LOW_PLAYER_SAMPLE,HISTORICAL TEST ONLY,"Research only - no odds, edge, or betting recommendation."
L.Jackson,BAL,BUF,QB,45.5,21.470857603419645,23.54693264688178,9.17569493322518,0.008366474280324221,0.9916335257196758,"Normal approximation: mean=calibrated_projection, sd=pass_attempts_backtest_calibrated_RMSE",Medium,ROUTE_PROXY_UNVALIDATED|LOW_CURRENT_SAMPLE|LOW_PLAYER_SAMPLE,HISTORICAL TEST ONLY,"Research only - no odds, edge, or betting recommendation."
G.Smith,SEA,LA,QB,19.5,21.017365073204356,23.049590702648366,9.17569493322518,0.6505652860568345,0.3494347139431655,"Normal approximation: mean=calibrated_projection, sd=pass_attempts_backtest_calibrated_RMSE",Medium,ROUTE_PROXY_UNVALIDATED|LOW_CURRENT_SAMPLE|LOW_PLAYER_SAMPLE,HISTORICAL TEST ONLY,"Research only - no odds, edge, or betting recommendation."
G.Smith,SEA,LA,QB,21.5,21.017365073204356,23.049590702648366,9.17569493322518,0.567054456351882,0.432945543648118,"Normal approximation: mean=calibrated_projection, sd=pass_attempts_backtest_calibrated_RMSE",Medium,ROUTE_PROXY_UNVALIDATED|LOW_CURRENT_SAMPLE|LOW_PLAYER_SAMPLE,HISTORICAL TEST ONLY,"Research only - no odds, edge, or betting recommendation."
G.Smith,SEA,LA,QB,23.5,21.017365073204356,23.049590702648366,9.17569493322518,0.48042489658632725,0.5195751034136727,"Normal approximation: mean=calibrated_projection, sd=pass_attempts_backtest_calibrated_RMSE",Medium,ROUTE_PROXY_UNVALIDATED|LOW_CURRENT_SAMPLE|LOW_PLAYER_SAMPLE,HISTORICAL TEST ONLY,"Research only - no odds, edge, or betting recommendation."
G.Smith,SEA,LA,QB,25.5,21.017365073204356,23.049590702648366,9.17569493322518,0.39471365528799285,0.6052863447120072,"Normal approximation: mean=calibrated_projection, sd=pass_attempts_backtest_calibrated_RMSE",Medium,ROUTE_PROXY_UNVALIDATED|LOW_CURRENT_SAMPLE|LOW_PLAYER_SAMPLE,HISTORICAL TEST ONLY,"Research only - no odds, edge, or betting recommendation."
G.Smith,SEA,LA,QB,27.5,21.017365073204356,23.049590702648366,9.17569493322518,0.3138305481436815,0.6861694518563185,"Normal approximation: mean=calibrated_projection, sd=pass_attempts_backtest_calibrated_RMSE",Medium,ROUTE_PROXY_UNVALIDATED|LOW_CURRENT_SAMPLE|LOW_PLAYER_SAMPLE,HISTORICAL TEST ONLY,"Research only - no odds, edge, or betting recommendation."
G.Smith,SEA,LA,QB,29.5,21.017365073204356,23.049590702648366,9.17569493322518,0.24103141466259437,0.7589685853374056,"Normal approximation: mean=calibrated_projection, sd=pass_attempts_backtest_calibrated_RMSE",Medium,ROUTE_PROXY_UNVALIDATED|LOW_CURRENT_SAMPLE|LOW_PLAYER_SAMPLE,HISTORICAL TEST ONLY,"Research only - no odds, edge, or betting recommendation."
G.Smith,SEA,LA,QB,31.5,21.017365073204356,23.049590702648366,9.17569493322518,0.17853675682398307,0.8214632431760169,"Normal approximation: mean=calibrated_projection, sd=pass_attempts_backtest_calibrated_RMSE",Medium,ROUTE_PROXY_UNVALIDATED|LOW_CURRENT_SAMPLE|LOW_PLAYER_SAMPLE,HISTORICAL TEST ONLY,"Research only - no odds, edge, or betting recommendation."
G.Smith,SEA,LA,QB,33.5,21.017365073204356,23.049590702648366,9.17569493322518,0.12736765177138798,0.872632348228612,"Normal approximation: mean=calibrated_projection, sd=pass_attempts_backtest_calibrated_RMSE",Medium,ROUTE_PROXY_UNVALIDATED|LOW_CURRENT_SAMPLE|LOW_PLAYER_SAMPLE,HISTORICAL TEST ONLY,"Research only - no odds, edge, or betting recommendation."
G.Smith,SEA,LA,QB,35.5,21.017365073204356,23.049590702648366,9.17569493322518,0.08740807198709521,0.9125919280129048,"Normal approximation: mean=calibrated_projection, sd=pass_attempts_backtest_calibrated_RMSE",Medium,ROUTE_PROXY_UNVALIDATED|LOW_CURRENT_SAMPLE|LOW_PLAYER_SAMPLE,HISTORICAL TEST ONLY,"Research only - no odds, edge, or betting recommendation."
G.Smith,SEA,LA,QB,37.5,21.017365073204356,23.049590702648366,9.17569493322518,0.057644704055916374,0.9423552959440836,"Normal approximation: mean=calibrated_projection, sd=pass_attempts_backtest_calibrated_RMSE",Medium,ROUTE_PROXY_UNVALIDATED|LOW_CURRENT_SAMPLE|LOW_PLAYER_SAMPLE,HISTORICAL TEST ONLY,"Research only - no odds, edge, or betting recommendation."
G.Smith,SEA,LA,QB,39.5,21.017365073204356,23.049590702648366,9.17569493322518,0.036500507398048665,0.9634994926019513,"Normal approximation: mean=calibrated_projection, sd=pass_attempts_backtest_calibrated_RMSE",Medium,ROUTE_PROXY_UNVALIDATED|LOW_CURRENT_SAMPLE|LOW_PLAYER_SAMPLE,HISTORICAL TEST ONLY,"Research only - no odds, edge, or betting recommendation."
G.Smith,SEA,LA,QB,41.5,21.017365073204356,23.049590702648366,9.17569493322518,0.022173742631829363,0.9778262573681706,"Normal approximation: mean=calibrated_projection, sd=pass_attempts_backtest_calibrated_RMSE",Medium,ROUTE_PROXY_UNVALIDATED|LOW_CURRENT_SAMPLE|LOW_PLAYER_SAMPLE,HISTORICAL TEST ONLY,"Research only - no odds, edge, or betting recommendation."
G.Smith,SEA,LA,QB,43.5,21.017365073204356,23.049590702648366,9.17569493322518,0.012914984348159075,0.9870850156518409,"Normal approximation: mean=calibrated_projection, sd=pass_attempts_backtest_calibrated_RMSE",Medium,ROUTE_PROXY_UNVALIDATED|LOW_CURRENT_SAMPLE|LOW_PLAYER_SAMPLE,HISTORICAL TEST ONLY,"Research only - no odds, edge, or betting recommendation."
G.Smith,SEA,LA,QB,45.5,21.017365073204356,23.049590702648366,9.17569493322518,0.007208023794189167,0.9927919762058108,"Normal approximation: mean=calibrated_projection, sd=pass_attempts_backtest_calibrated_RMSE",Medium,ROUTE_PROXY_UNVALIDATED|LOW_CURRENT_SAMPLE|LOW_PLAYER_SAMPLE,HISTORICAL TEST ONLY,"Research only - no odds, edge, or betting recommendation."
S.Darnold,MIN,LA,QB,19.5,20.999447219607525,23.02994032353384,9.17569493322518,0.6497721907416818,0.3502278092583182,"Normal approximation: mean=calibrated_projection, sd=pass_attempts_backtest_calibrated_RMSE",Medium,ROUTE_PROXY_UNVALIDATED|LOW_CURRENT_SAMPLE|LOW_PLAYER_SAMPLE,HISTORICAL TEST ONLY,"Research only - no odds, edge, or betting recommendation."
S.Darnold,MIN,LA,QB,21.5,20.999447219607525,23.02994032353384,9.17569493322518,0.5662120393830794,0.4337879606169206,"Normal approximation: mean=calibrated_projection, sd=pass_attempts_backtest_calibrated_RMSE",Medium,ROUTE_PROXY_UNVALIDATED|LOW_CURRENT_SAMPLE|LOW_PLAYER_SAMPLE,HISTORICAL TEST ONLY,"Research only - no odds, edge, or betting recommendation."
S.Darnold,MIN,LA,QB,23.5,20.999447219607525,23.02994032353384,9.17569493322518,0.47957160857031245,0.5204283914296876,"Normal approximation: mean=calibrated_projection, sd=pass_attempts_backtest_calibrated_RMSE",Medium,ROUTE_PROXY_UNVALIDATED|LOW_CURRENT_SAMPLE|LOW_PLAYER_SAMPLE,HISTORICAL TEST ONLY,"Research only - no odds, edge, or betting recommendation."
S.Darnold,MIN,LA,QB,25.5,20.999447219607525,23.02994032353384,9.17569493322518,0.39388945833539335,0.6061105416646067,"Normal approximation: mean=calibrated_projection, sd=pass_attempts_backtest_calibrated_RMSE",Medium,ROUTE_PROXY_UNVALIDATED|LOW_CURRENT_SAMPLE|LOW_PLAYER_SAMPLE,HISTORICAL TEST ONLY,"Research only - no odds, edge, or betting recommendation."
S.Darnold,MIN,LA,QB,27.5,20.999447219607525,23.02994032353384,9.17569493322518,0.3130713883819485,0.6869286116180515,"Normal approximation: mean=calibrated_projection, sd=pass_attempts_backtest_calibrated_RMSE",Medium,ROUTE_PROXY_UNVALIDATED|LOW_CURRENT_SAMPLE|LOW_PLAYER_SAMPLE,HISTORICAL TEST ONLY,"Research only - no odds, edge, or betting recommendation."
S.Darnold,MIN,LA,QB,29.5,20.999447219607525,23.02994032353384,9.17569493322518,0.24036460455326758,0.7596353954467324,"Normal approximation: mean=calibrated_projection, sd=pass_attempts_backtest_calibrated_RMSE",Medium,ROUTE_PROXY_UNVALIDATED|LOW_CURRENT_SAMPLE|LOW_PLAYER_SAMPLE,HISTORICAL TEST ONLY,"Research only - no odds, edge, or betting recommendation."
S.Darnold,MIN,LA,QB,31.5,20.999447219607525,23.02994032353384,9.17569493322518,0.1779782377770739,0.8220217622229261,"Normal approximation: mean=calibrated_projection, sd=pass_attempts_backtest_calibrated_RMSE",Medium,ROUTE_PROXY_UNVALIDATED|LOW_CURRENT_SAMPLE|LOW_PLAYER_SAMPLE,HISTORICAL TEST ONLY,"Research only - no odds, edge, or betting recommendation."
S.Darnold,MIN,LA,QB,33.5,20.999447219607525,23.02994032353384,9.17569493322518,0.12692154314704807,0.8730784568529519,"Normal approximation: mean=calibrated_projection, sd=pass_attempts_backtest_calibrated_RMSE",Medium,ROUTE_PROXY_UNVALIDATED|LOW_CURRENT_SAMPLE|LOW_PLAYER_SAMPLE,HISTORICAL TEST ONLY,"Research only - no odds, edge, or betting recommendation."
S.Darnold,MIN,LA,QB,35.5,20.999447219607525,23.02994032353384,9.17569493322518,0.08706828239781972,0.9129317176021803,"Normal approximation: mean=calibrated_projection, sd=pass_attempts_backtest_calibrated_RMSE",Medium,ROUTE_PROXY_UNVALIDATED|LOW_CURRENT_SAMPLE|LOW_PLAYER_SAMPLE,HISTORICAL TEST ONLY,"Research only - no odds, edge, or betting recommendation."
S.Darnold,MIN,LA,QB,37.5,20.999447219607525,23.02994032353384,9.17569493322518,0.05739790338501516,0.9426020966149848,"Normal approximation: mean=calibrated_projection, sd=pass_attempts_backtest_calibrated_RMSE",Medium,ROUTE_PROXY_UNVALIDATED|LOW_CURRENT_SAMPLE|LOW_PLAYER_SAMPLE,HISTORICAL TEST ONLY,"Research only - no odds, edge, or betting recommendation."
S.Darnold,MIN,LA,QB,39.5,20.999447219607525,23.02994032353384,9.17569493322518,0.036329565145841736,0.9636704348541583,"Normal approximation: mean=calibrated_projection, sd=pass_attempts_backtest_calibrated_RMSE",Medium,ROUTE_PROXY_UNVALIDATED|LOW_CURRENT_SAMPLE|LOW_PLAYER_SAMPLE,HISTORICAL TEST ONLY,"Research only - no odds, edge, or betting recommendation."
S.Darnold,MIN,LA,QB,41.5,20.999447219607525,23.02994032353384,9.17569493322518,0.02206083603288511,0.9779391639671149,"Normal approximation: mean=calibrated_projection, sd=pass_attempts_backtest_calibrated_RMSE",Medium,ROUTE_PROXY_UNVALIDATED|LOW_CURRENT_SAMPLE|LOW_PLAYER_SAMPLE,HISTORICAL TEST ONLY,"Research only - no odds, edge, or betting recommendation."
S.Darnold,MIN,LA,QB,43.5,20.999447219607525,23.02994032353384,9.17569493322518,0.012843870194215512,0.9871561298057845,"Normal approximation: mean=calibrated_projection, sd=pass_attempts_backtest_calibrated_RMSE",Medium,ROUTE_PROXY_UNVALIDATED|LOW_CURRENT_SAMPLE|LOW_PLAYER_SAMPLE,HISTORICAL TEST ONLY,"Research only - no odds, edge, or betting recommendation."
S.Darnold,MIN,LA,QB,45.5,20.999447219607525,23.02994032353384,9.17569493322518,0.0071653108421732,0.9928346891578268,"Normal approximation: mean=calibrated_projection, sd=pass_attempts_backtest_calibrated_RMSE",Medium,ROUTE_PROXY_UNVALIDATED|LOW_CURRENT_SAMPLE|LOW_PLAYER_SAMPLE,HISTORICAL TEST ONLY,"Research only - no odds, edge, or betting recommendation."
R.Wilson,PIT,BAL,QB,19.5,20.48306803749948,22.463631047680163,9.17569493322518,0.6266474921437124,0.3733525078562876,"Normal approximation: mean=calibrated_projection, sd=pass_attempts_backtest_calibrated_RMSE",Medium,ROUTE_PROXY_UNVALIDATED|LOW_CURRENT_SAMPLE|LOW_PLAYER_SAMPLE,HISTORICAL TEST ONLY,"Research only - no odds, edge, or betting recommendation."
R.Wilson,PIT,BAL,QB,21.5,20.48306803749948,22.463631047680163,9.17569493322518,0.5418200118398964,0.45817998816010364,"Normal approximation: mean=calibrated_projection, sd=pass_attempts_backtest_calibrated_RMSE",Medium,ROUTE_PROXY_UNVALIDATED|LOW_CURRENT_SAMPLE|LOW_PLAYER_SAMPLE,HISTORICAL TEST ONLY,"Research only - no odds, edge, or betting recommendation."
R.Wilson,PIT,BAL,QB,23.5,20.48306803749948,22.463631047680163,9.17569493322518,0.45503621201924405,0.544963787980756,"Normal approximation: mean=calibrated_projection, sd=pass_attempts_backtest_calibrated_RMSE",Medium,ROUTE_PROXY_UNVALIDATED|LOW_CURRENT_SAMPLE|LOW_PLAYER_SAMPLE,HISTORICAL TEST ONLY,"Research only - no odds, edge, or betting recommendation."
R.Wilson,PIT,BAL,QB,25.5,20.48306803749948,22.463631047680163,9.17569493322518,0.37035459826212946,0.6296454017378705,"Normal approximation: mean=calibrated_projection, sd=pass_attempts_backtest_calibrated_RMSE",Medium,ROUTE_PROXY_UNVALIDATED|LOW_CURRENT_SAMPLE|LOW_PLAYER_SAMPLE,HISTORICAL TEST ONLY,"Research only - no odds, edge, or betting recommendation."
R.Wilson,PIT,BAL,QB,27.5,20.48306803749948,22.463631047680163,9.17569493322518,0.29154339662597617,0.7084566033740238,"Normal approximation: mean=calibrated_projection, sd=pass_attempts_backtest_calibrated_RMSE",Medium,ROUTE_PROXY_UNVALIDATED|LOW_CURRENT_SAMPLE|LOW_PLAYER_SAMPLE,HISTORICAL TEST ONLY,"Research only - no odds, edge, or betting recommendation."
R.Wilson,PIT,BAL,QB,29.5,20.48306803749948,22.463631047680163,9.17569493322518,0.22158576397318752,0.7784142360268125,"Normal approximation: mean=calibrated_projection, sd=pass_attempts_backtest_calibrated_RMSE",Medium,ROUTE_PROXY_UNVALIDATED|LOW_CURRENT_SAMPLE|LOW_PLAYER_SAMPLE,HISTORICAL TEST ONLY,"Research only - no odds, edge, or betting recommendation."
R.Wilson,PIT,BAL,QB,31.5,20.48306803749948,22.463631047680163,9.17569493322518,0.1623572896533847,0.8376427103466153,"Normal approximation: mean=calibrated_projection, sd=pass_attempts_backtest_calibrated_RMSE",Medium,ROUTE_PROXY_UNVALIDATED|LOW_CURRENT_SAMPLE|LOW_PLAYER_SAMPLE,HISTORICAL TEST ONLY,"Research only - no odds, edge, or betting recommendation."
R.Wilson,PIT,BAL,QB,33.5,20.48306803749948,22.463631047680163,9.17569493322518,0.11453017205900617,0.8854698279409938,"Normal approximation: mean=calibrated_projection, sd=pass_attempts_backtest_calibrated_RMSE",Medium,ROUTE_PROXY_UNVALIDATED|LOW_CURRENT_SAMPLE|LOW_PLAYER_SAMPLE,HISTORICAL TEST ONLY,"Research only - no odds, edge, or betting recommendation."
R.Wilson,PIT,BAL,QB,35.5,20.48306803749948,22.463631047680163,9.17569493322518,0.07769471959568564,0.9223052804043144,"Normal approximation: mean=calibrated_projection, sd=pass_attempts_backtest_calibrated_RMSE",Medium,ROUTE_PROXY_UNVALIDATED|LOW_CURRENT_SAMPLE|LOW_PLAYER_SAMPLE,HISTORICAL TEST ONLY,"Research only - no odds, edge, or betting recommendation."
R.Wilson,PIT,BAL,QB,37.5,20.48306803749948,22.463631047680163,9.17569493322518,0.05063608689045518,0.9493639131095448,"Normal approximation: mean=calibrated_projection, sd=pass_attempts_backtest_calibrated_RMSE",Medium,ROUTE_PROXY_UNVALIDATED|LOW_CURRENT_SAMPLE|LOW_PLAYER_SAMPLE,HISTORICAL TEST ONLY,"Research only - no odds, edge, or betting recommendation."
R.Wilson,PIT,BAL,QB,39.5,20.48306803749948,22.463631047680163,9.17569493322518,0.031678039461150886,0.9683219605388491,"Normal approximation: mean=calibrated_projection, sd=pass_attempts_backtest_calibrated_RMSE",Medium,ROUTE_PROXY_UNVALIDATED|LOW_CURRENT_SAMPLE|LOW_PLAYER_SAMPLE,HISTORICAL TEST ONLY,"Research only - no odds, edge, or betting recommendation."
R.Wilson,PIT,BAL,QB,41.5,20.48306803749948,22.463631047680163,9.17569493322518,0.019009424234014638,0.9809905757659854,"Normal approximation: mean=calibrated_projection, sd=pass_attempts_backtest_calibrated_RMSE",Medium,ROUTE_PROXY_UNVALIDATED|LOW_CURRENT_SAMPLE|LOW_PLAYER_SAMPLE,HISTORICAL TEST ONLY,"Research only - no odds, edge, or betting recommendation."
R.Wilson,PIT,BAL,QB,43.5,20.48306803749948,22.463631047680163,9.17569493322518,0.010934986040006645,0.9890650139599934,"Normal approximation: mean=calibrated_projection, sd=pass_attempts_backtest_calibrated_RMSE",Medium,ROUTE_PROXY_UNVALIDATED|LOW_CURRENT_SAMPLE|LOW_PLAYER_SAMPLE,HISTORICAL TEST ONLY,"Research only - no odds, edge, or betting recommendation."
R.Wilson,PIT,BAL,QB,45.5,20.48306803749948,22.463631047680163,9.17569493322518,0.006026552222715864,0.9939734477772841,"Normal approximation: mean=calibrated_projection, sd=pass_attempts_backtest_calibrated_RMSE",Medium,ROUTE_PROXY_UNVALIDATED|LOW_CURRENT_SAMPLE|LOW_PLAYER_SAMPLE,HISTORICAL TEST ONLY,"Research only - no odds, edge, or betting recommendation."
J.Flacco,IND,JAX,QB,19.5,20.0851524439257,22.027239923762806,9.17569493322518,0.6085061411226339,0.3914938588773661,"Normal approximation: mean=calibrated_projection, sd=pass_attempts_backtest_calibrated_RMSE",Medium,ROUTE_PROXY_UNVALIDATED|LOW_CURRENT_SAMPLE|LOW_PLAYER_SAMPLE,HISTORICAL TEST ONLY,"Research only - no odds, edge, or betting recommendation."
J.Flacco,IND,JAX,QB,21.5,20.0851524439257,22.027239923762806,9.17569493322518,0.5229108106143929,0.47708918938560707,"Normal approximation: mean=calibrated_projection, sd=pass_attempts_backtest_calibrated_RMSE",Medium,ROUTE_PROXY_UNVALIDATED|LOW_CURRENT_SAMPLE|LOW_PLAYER_SAMPLE,HISTORICAL TEST ONLY,"Research only - no odds, edge, or betting recommendation."
J.Flacco,IND,JAX,QB,23.5,20.0851524439257,22.027239923762806,9.17569493322518,0.4362409908948668,0.5637590091051332,"Normal approximation: mean=calibrated_projection, sd=pass_attempts_backtest_calibrated_RMSE",Medium,ROUTE_PROXY_UNVALIDATED|LOW_CURRENT_SAMPLE|LOW_PLAYER_SAMPLE,HISTORICAL TEST ONLY,"Research only - no odds, edge, or betting recommendation."
J.Flacco,IND,JAX,QB,25.5,20.0851524439257,22.027239923762806,9.17569493322518,0.35253932883399774,0.6474606711660023,"Normal approximation: mean=calibrated_projection, sd=pass_attempts_backtest_calibrated_RMSE",Medium,ROUTE_PROXY_UNVALIDATED|LOW_CURRENT_SAMPLE|LOW_PLAYER_SAMPLE,HISTORICAL TEST ONLY,"Research only - no odds, edge, or betting recommendation."
J.Flacco,IND,JAX,QB,27.5,20.0851524439257,22.027239923762806,9.17569493322518,0.27544035004666134,0.7245596499533387,"Normal approximation: mean=calibrated_projection, sd=pass_attempts_backtest_calibrated_RMSE",Medium,ROUTE_PROXY_UNVALIDATED|LOW_CURRENT_SAMPLE|LOW_PLAYER_SAMPLE,HISTORICAL TEST ONLY,"Research only - no odds, edge, or betting recommendation."
J.Flacco,IND,JAX,QB,29.5,20.0851524439257,22.027239923762806,9.17569493322518,0.2077056062018141,0.7922943937981859,"Normal approximation: mean=calibrated_projection, sd=pass_attempts_backtest_calibrated_RMSE",Medium,ROUTE_PROXY_UNVALIDATED|LOW_CURRENT_SAMPLE|LOW_PLAYER_SAMPLE,HISTORICAL TEST ONLY,"Research only - no odds, edge, or betting recommendation."
J.Flacco,IND,JAX,QB,31.5,20.0851524439257,22.027239923762806,9.17569493322518,0.15094818785812236,0.8490518121418776,"Normal approximation: mean=calibrated_projection, sd=pass_attempts_backtest_calibrated_RMSE",Medium,ROUTE_PROXY_UNVALIDATED|LOW_CURRENT_SAMPLE|LOW_PLAYER_SAMPLE,HISTORICAL TEST ONLY,"Research only - no odds, edge, or betting recommendation."
J.Flacco,IND,JAX,QB,33.5,20.0851524439257,22.027239923762806,9.17569493322518,0.10558725493168675,0.8944127450683133,"Normal approximation: mean=calibrated_projection, sd=pass_attempts_backtest_calibrated_RMSE",Medium,ROUTE_PROXY_UNVALIDATED|LOW_CURRENT_SAMPLE|LOW_PLAYER_SAMPLE,HISTORICAL TEST ONLY,"Research only - no odds, edge, or betting recommendation."
J.Flacco,IND,JAX,QB,35.5,20.0851524439257,22.027239923762806,9.17569493322518,0.07101008525097163,0.9289899147490284,"Normal approximation: mean=calibrated_projection, sd=pass_attempts_backtest_calibrated_RMSE",Medium,ROUTE_PROXY_UNVALIDATED|LOW_CURRENT_SAMPLE|LOW_PLAYER_SAMPLE,HISTORICAL TEST ONLY,"Research only - no odds, edge, or betting recommendation."
J.Flacco,IND,JAX,QB,37.5,20.0851524439257,22.027239923762806,9.17569493322518,0.045871263544178476,0.9541287364558215,"Normal approximation: mean=calibrated_projection, sd=pass_attempts_backtest_calibrated_RMSE",Medium,ROUTE_PROXY_UNVALIDATED|LOW_CURRENT_SAMPLE|LOW_PLAYER_SAMPLE,HISTORICAL TEST ONLY,"Research only - no odds, edge, or betting recommendation."
J.Flacco,IND,JAX,QB,39.5,20.0851524439257,22.027239923762806,9.17569493322518,0.028439220672195287,0.9715607793278047,"Normal approximation: mean=calibrated_projection, sd=pass_attempts_backtest_calibrated_RMSE",Medium,ROUTE_PROXY_UNVALIDATED|LOW_CURRENT_SAMPLE|LOW_PLAYER_SAMPLE,HISTORICAL TEST ONLY,"Research only - no odds, edge, or betting recommendation."
J.Flacco,IND,JAX,QB,41.5,20.0851524439257,22.027239923762806,9.17569493322518,0.01691001456175223,0.9830899854382478,"Normal approximation: mean=calibrated_projection, sd=pass_attempts_backtest_calibrated_RMSE",Medium,ROUTE_PROXY_UNVALIDATED|LOW_CURRENT_SAMPLE|LOW_PLAYER_SAMPLE,HISTORICAL TEST ONLY,"Research only - no odds, edge, or betting recommendation."
J.Flacco,IND,JAX,QB,43.5,20.0851524439257,22.027239923762806,9.17569493322518,0.009637273699049431,0.9903627263009506,"Normal approximation: mean=calibrated_projection, sd=pass_attempts_backtest_calibrated_RMSE",Medium,ROUTE_PROXY_UNVALIDATED|LOW_CURRENT_SAMPLE|LOW_PLAYER_SAMPLE,HISTORICAL TEST ONLY,"Research only - no odds, edge, or betting recommendation."
J.Flacco,IND,JAX,QB,45.5,20.0851524439257,22.027239923762806,9.17569493322518,0.005261606936875274,0.9947383930631247,"Normal approximation: mean=calibrated_projection, sd=pass_attempts_backtest_calibrated_RMSE",Medium,ROUTE_PROXY_UNVALIDATED|LOW_CURRENT_SAMPLE|LOW_PLAYER_SAMPLE,HISTORICAL TEST ONLY,"Research only - no odds, edge, or betting recommendation."
J.Allen,BUF,KC,QB,19.5,18.303689975666472,15.341667010111776,9.17569493322518,0.32520597402728746,0.6747940259727125,"Normal approximation: mean=calibrated_projection, sd=pass_attempts_backtest_calibrated_RMSE",Medium,ROUTE_PROXY_UNVALIDATED|LOW_CURRENT_SAMPLE|LOW_PLAYER_SAMPLE,HISTORICAL TEST ONLY,"Research only - no odds, edge, or betting recommendation."
J.Allen,BUF,KC,QB,21.5,18.303689975666472,15.341667010111776,9.17569493322518,0.2510602208330396,0.7489397791669604,"Normal approximation: mean=calibrated_projection, sd=pass_attempts_backtest_calibrated_RMSE",Medium,ROUTE_PROXY_UNVALIDATED|LOW_CURRENT_SAMPLE|LOW_PLAYER_SAMPLE,HISTORICAL TEST ONLY,"Research only - no odds, edge, or betting recommendation."
J.Allen,BUF,KC,QB,23.5,18.303689975666472,15.341667010111776,9.17569493322518,0.1869681504007471,0.8130318495992529,"Normal approximation: mean=calibrated_projection, sd=pass_attempts_backtest_calibrated_RMSE",Medium,ROUTE_PROXY_UNVALIDATED|LOW_CURRENT_SAMPLE|LOW_PLAYER_SAMPLE,HISTORICAL TEST ONLY,"Research only - no odds, edge, or betting recommendation."
J.Allen,BUF,KC,QB,25.5,18.303689975666472,15.341667010111776,9.17569493322518,0.13412720574195336,0.8658727942580466,"Normal approximation: mean=calibrated_projection, sd=pass_attempts_backtest_calibrated_RMSE",Medium,ROUTE_PROXY_UNVALIDATED|LOW_CURRENT_SAMPLE|LOW_PLAYER_SAMPLE,HISTORICAL TEST ONLY,"Research only - no odds, edge, or betting recommendation."
J.Allen,BUF,KC,QB,27.5,18.303689975666472,15.341667010111776,9.17569493322518,0.09257586689481445,0.9074241331051855,"Normal approximation: mean=calibrated_projection, sd=pass_attempts_backtest_calibrated_RMSE",Medium,ROUTE_PROXY_UNVALIDATED|LOW_CURRENT_SAMPLE|LOW_PLAYER_SAMPLE,HISTORICAL TEST ONLY,"Research only - no odds, edge, or betting recommendation."
J.Allen,BUF,KC,QB,29.5,18.303689975666472,15.341667010111776,9.17569493322518,0.06141227164059515,0.9385877283594048,"Normal approximation: mean=calibrated_projection, sd=pass_attempts_backtest_calibrated_RMSE",Medium,ROUTE_PROXY_UNVALIDATED|LOW_CURRENT_SAMPLE|LOW_PLAYER_SAMPLE,HISTORICAL TEST ONLY,"Research only - no odds, edge, or betting recommendation."
J.Allen,BUF,KC,QB,31.5,18.303689975666472,15.341667010111776,9.17569493322518,0.03911980826050887,0.9608801917394911,"Normal approximation: mean=calibrated_projection, sd=pass_attempts_backtest_calibrated_RMSE",Medium,ROUTE_PROXY_UNVALIDATED|LOW_CURRENT_SAMPLE|LOW_PLAYER_SAMPLE,HISTORICAL TEST ONLY,"Research only - no odds, edge, or betting recommendation."
J.Allen,BUF,KC,QB,33.5,18.303689975666472,15.341667010111776,9.17569493322518,0.023910256565481625,0.9760897434345184,"Normal approximation: mean=calibrated_projection, sd=pass_attempts_backtest_calibrated_RMSE",Medium,ROUTE_PROXY_UNVALIDATED|LOW_CURRENT_SAMPLE|LOW_PLAYER_SAMPLE,HISTORICAL TEST ONLY,"Research only - no odds, edge, or betting recommendation."
J.Allen,BUF,KC,QB,35.5,18.303689975666472,15.341667010111776,9.17569493322518,0.014012826018221292,0.9859871739817787,"Normal approximation: mean=calibrated_projection, sd=pass_attempts_backtest_calibrated_RMSE",Medium,ROUTE_PROXY_UNVALIDATED|LOW_CURRENT_SAMPLE|LOW_PLAYER_SAMPLE,HISTORICAL TEST ONLY,"Research only - no odds, edge, or betting recommendation."
J.Allen,BUF,KC,QB,37.5,18.303689975666472,15.341667010111776,9.17569493322518,0.007869889229738636,0.9921301107702614,"Normal approximation: mean=calibrated_projection, sd=pass_attempts_backtest_calibrated_RMSE",Medium,ROUTE_PROXY_UNVALIDATED|LOW_CURRENT_SAMPLE|LOW_PLAYER_SAMPLE,HISTORICAL TEST ONLY,"Research only - no odds, edge, or betting recommendation."
J.Allen,BUF,KC,QB,39.5,18.303689975666472,15.341667010111776,9.17569493322518,0.004233444574628709,0.9957665554253713,"Normal approximation: mean=calibrated_projection, sd=pass_attempts_backtest_calibrated_RMSE",Medium,ROUTE_PROXY_UNVALIDATED|LOW_CURRENT_SAMPLE|LOW_PLAYER_SAMPLE,HISTORICAL TEST ONLY,"Research only - no odds, edge, or betting recommendation."
J.Allen,BUF,KC,QB,41.5,18.303689975666472,15.341667010111776,9.17569493322518,0.002180273811383082,0.9978197261886169,"Normal approximation: mean=calibrated_projection, sd=pass_attempts_backtest_calibrated_RMSE",Medium,ROUTE_PROXY_UNVALIDATED|LOW_CURRENT_SAMPLE|LOW_PLAYER_SAMPLE,HISTORICAL TEST ONLY,"Research only - no odds, edge, or betting recommendation."
J.Allen,BUF,KC,QB,43.5,18.303689975666472,15.341667010111776,9.17569493322518,0.0010746176310584277,0.9989253823689416,"Normal approximation: mean=calibrated_projection, sd=pass_attempts_backtest_calibrated_RMSE",Medium,ROUTE_PROXY_UNVALIDATED|LOW_CURRENT_SAMPLE|LOW_PLAYER_SAMPLE,HISTORICAL TEST ONLY,"Research only - no odds, edge, or betting recommendation."
J.Allen,BUF,KC,QB,45.5,18.303689975666472,15.341667010111776,9.17569493322518,0.0005067307594046611,0.9994932692405953,"Normal approximation: mean=calibrated_projection, sd=pass_attempts_backtest_calibrated_RMSE",Medium,ROUTE_PROXY_UNVALIDATED|LOW_CURRENT_SAMPLE|LOW_PLAYER_SAMPLE,HISTORICAL TEST ONLY,"Research only - no odds, edge, or betting recommendation."
B.Purdy,SF,DET,QB,19.5,17.714702379580412,14.847993243551516,9.17569493322518,0.3060801076675238,0.6939198923324762,"Normal approximation: mean=calibrated_projection, sd=pass_attempts_backtest_calibrated_RMSE",Medium,ROUTE_PROXY_UNVALIDATED|LOW_CURRENT_SAMPLE|LOW_PLAYER_SAMPLE,HISTORICAL TEST ONLY,"Research only - no odds, edge, or betting recommendation."
B.Purdy,SF,DET,QB,21.5,17.714702379580412,14.847993243551516,9.17569493322518,0.2342384536059191,0.7657615463940809,"Normal approximation: mean=calibrated_projection, sd=pass_attempts_backtest_calibrated_RMSE",Medium,ROUTE_PROXY_UNVALIDATED|LOW_CURRENT_SAMPLE|LOW_PLAYER_SAMPLE,HISTORICAL TEST ONLY,"Research only - no odds, edge, or betting recommendation."
B.Purdy,SF,DET,QB,23.5,17.714702379580412,14.847993243551516,9.17569493322518,0.17285922594738223,0.8271407740526178,"Normal approximation: mean=calibrated_projection, sd=pass_attempts_backtest_calibrated_RMSE",Medium,ROUTE_PROXY_UNVALIDATED|LOW_CURRENT_SAMPLE|LOW_PLAYER_SAMPLE,HISTORICAL TEST ONLY,"Research only - no odds, edge, or betting recommendation."
B.Purdy,SF,DET,QB,25.5,17.714702379580412,14.847993243551516,9.17569493322518,0.12284255860786042,0.8771574413921396,"Normal approximation: mean=calibrated_projection, sd=pass_attempts_backtest_calibrated_RMSE",Medium,ROUTE_PROXY_UNVALIDATED|LOW_CURRENT_SAMPLE|LOW_PLAYER_SAMPLE,HISTORICAL TEST ONLY,"Research only - no odds, edge, or betting recommendation."
B.Purdy,SF,DET,QB,27.5,17.714702379580412,14.847993243551516,9.17569493322518,0.08396882642560555,0.9160311735743945,"Normal approximation: mean=calibrated_projection, sd=pass_attempts_backtest_calibrated_RMSE",Medium,ROUTE_PROXY_UNVALIDATED|LOW_CURRENT_SAMPLE|LOW_PLAYER_SAMPLE,HISTORICAL TEST ONLY,"Research only - no odds, edge, or betting recommendation."
B.Purdy,SF,DET,QB,29.5,17.714702379580412,14.847993243551516,9.17569493322518,0.05515202430214816,0.9448479756978518,"Normal approximation: mean=calibrated_projection, sd=pass_attempts_backtest_calibrated_RMSE",Medium,ROUTE_PROXY_UNVALIDATED|LOW_CURRENT_SAMPLE|LOW_PLAYER_SAMPLE,HISTORICAL TEST ONLY,"Research only - no odds, edge, or betting recommendation."
B.Purdy,SF,DET,QB,31.5,17.714702379580412,14.847993243551516,9.17569493322518,0.03477769722618729,0.9652223027738127,"Normal approximation: mean=calibrated_projection, sd=pass_attempts_backtest_calibrated_RMSE",Medium,ROUTE_PROXY_UNVALIDATED|LOW_CURRENT_SAMPLE|LOW_PLAYER_SAMPLE,HISTORICAL TEST ONLY,"Research only - no odds, edge, or betting recommendation."
B.Purdy,SF,DET,QB,33.5,17.714702379580412,14.847993243551516,9.17569493322518,0.02103827173182704,0.978961728268173,"Normal approximation: mean=calibrated_projection, sd=pass_attempts_backtest_calibrated_RMSE",Medium,ROUTE_PROXY_UNVALIDATED|LOW_CURRENT_SAMPLE|LOW_PLAYER_SAMPLE,HISTORICAL TEST ONLY,"Research only - no odds, edge, or betting recommendation."
B.Purdy,SF,DET,QB,35.5,17.714702379580412,14.847993243551516,9.17569493322518,0.012201339343736128,0.9877986606562639,"Normal approximation: mean=calibrated_projection, sd=pass_attempts_backtest_calibrated_RMSE",Medium,ROUTE_PROXY_UNVALIDATED|LOW_CURRENT_SAMPLE|LOW_PLAYER_SAMPLE,HISTORICAL TEST ONLY,"Research only - no odds, edge, or betting recommendation."
B.Purdy,SF,DET,QB,37.5,17.714702379580412,14.847993243551516,9.17569493322518,0.006780307208105629,0.9932196927918944,"Normal approximation: mean=calibrated_projection, sd=pass_attempts_backtest_calibrated_RMSE",Medium,ROUTE_PROXY_UNVALIDATED|LOW_CURRENT_SAMPLE|LOW_PLAYER_SAMPLE,HISTORICAL TEST ONLY,"Research only - no odds, edge, or betting recommendation."
B.Purdy,SF,DET,QB,39.5,17.714702379580412,14.847993243551516,9.17569493322518,0.003608478423014372,0.9963915215769856,"Normal approximation: mean=calibrated_projection, sd=pass_attempts_backtest_calibrated_RMSE",Medium,ROUTE_PROXY_UNVALIDATED|LOW_CURRENT_SAMPLE|LOW_PLAYER_SAMPLE,HISTORICAL TEST ONLY,"Research only - no odds, edge, or betting recommendation."
B.Purdy,SF,DET,QB,41.5,17.714702379580412,14.847993243551516,9.17569493322518,0.001838432263612022,0.998161567736388,"Normal approximation: mean=calibrated_projection, sd=pass_attempts_backtest_calibrated_RMSE",Medium,ROUTE_PROXY_UNVALIDATED|LOW_CURRENT_SAMPLE|LOW_PLAYER_SAMPLE,HISTORICAL TEST ONLY,"Research only - no odds, edge, or betting recommendation."
B.Purdy,SF,DET,QB,43.5,17.714702379580412,14.847993243551516,9.17569493322518,0.0008963120335745423,0.9991036879664255,"Normal approximation: mean=calibrated_projection, sd=pass_attempts_backtest_calibrated_RMSE",Medium,ROUTE_PROXY_UNVALIDATED|LOW_CURRENT_SAMPLE|LOW_PLAYER_SAMPLE,HISTORICAL TEST ONLY,"Research only - no odds, edge, or betting recommendation."
B.Purdy,SF,DET,QB,45.5,17.714702379580412,14.847993243551516,9.17569493322518,0.00041804030335490516,0.9995819596966451,"Normal approximation: mean=calibrated_projection, sd=pass_attempts_backtest_calibrated_RMSE",Medium,ROUTE_PROXY_UNVALIDATED|LOW_CURRENT_SAMPLE|LOW_PLAYER_SAMPLE,HISTORICAL TEST ONLY,"Research only - no odds, edge, or betting recommendation."
S.Rattler,NO,TB,QB,19.5,17.6774398090597,14.81676074619008,9.17569493322518,0.3048869811296958,0.6951130188703042,"Normal approximation: mean=calibrated_projection, sd=pass_attempts_backtest_calibrated_RMSE",Medium,ROUTE_PROXY_UNVALIDATED|LOW_CURRENT_SAMPLE|LOW_PLAYER_SAMPLE,HISTORICAL TEST ONLY,"Research only - no odds, edge, or betting recommendation."
S.Rattler,NO,TB,QB,21.5,17.6774398090597,14.81676074619008,9.17569493322518,0.23319561766216923,0.7668043823378308,"Normal approximation: mean=calibrated_projection, sd=pass_attempts_backtest_calibrated_RMSE",Medium,ROUTE_PROXY_UNVALIDATED|LOW_CURRENT_SAMPLE|LOW_PLAYER_SAMPLE,HISTORICAL TEST ONLY,"Research only - no odds, edge, or betting recommendation."
S.Rattler,NO,TB,QB,23.5,17.6774398090597,14.81676074619008,9.17569493322518,0.17199004077662605,0.828009959223374,"Normal approximation: mean=calibrated_projection, sd=pass_attempts_backtest_calibrated_RMSE",Medium,ROUTE_PROXY_UNVALIDATED|LOW_CURRENT_SAMPLE|LOW_PLAYER_SAMPLE,HISTORICAL TEST ONLY,"Research only - no odds, edge, or betting recommendation."
S.Rattler,NO,TB,QB,25.5,17.6774398090597,14.81676074619008,9.17569493322518,0.1221517218220941,0.8778482781779059,"Normal approximation: mean=calibrated_projection, sd=pass_attempts_backtest_calibrated_RMSE",Medium,ROUTE_PROXY_UNVALIDATED|LOW_CURRENT_SAMPLE|LOW_PLAYER_SAMPLE,HISTORICAL TEST ONLY,"Research only - no odds, edge, or betting recommendation."
S.Rattler,NO,TB,QB,27.5,17.6774398090597,14.81676074619008,9.17569493322518,0.08344521944017858,0.9165547805598214,"Normal approximation: mean=calibrated_projection, sd=pass_attempts_backtest_calibrated_RMSE",Medium,ROUTE_PROXY_UNVALIDATED|LOW_CURRENT_SAMPLE|LOW_PLAYER_SAMPLE,HISTORICAL TEST ONLY,"Research only - no odds, edge, or betting recommendation."
S.Rattler,NO,TB,QB,29.5,17.6774398090597,14.81676074619008,9.17569493322518,0.05477357976635022,0.9452264202336498,"Normal approximation: mean=calibrated_projection, sd=pass_attempts_backtest_calibrated_RMSE",Medium,ROUTE_PROXY_UNVALIDATED|LOW_CURRENT_SAMPLE|LOW_PLAYER_SAMPLE,HISTORICAL TEST ONLY,"Research only - no odds, edge, or betting recommendation."
S.Rattler,NO,TB,QB,31.5,17.6774398090597,14.81676074619008,9.17569493322518,0.03451686222022521,0.9654831377797748,"Normal approximation: mean=calibrated_projection, sd=pass_attempts_backtest_calibrated_RMSE",Medium,ROUTE_PROXY_UNVALIDATED|LOW_CURRENT_SAMPLE|LOW_PLAYER_SAMPLE,HISTORICAL TEST ONLY,"Research only - no odds, edge, or betting recommendation."
S.Rattler,NO,TB,QB,33.5,17.6774398090597,14.81676074619008,9.17569493322518,0.02086683797432798,0.979133162025672,"Normal approximation: mean=calibrated_projection, sd=pass_attempts_backtest_calibrated_RMSE",Medium,ROUTE_PROXY_UNVALIDATED|LOW_CURRENT_SAMPLE|LOW_PLAYER_SAMPLE,HISTORICAL TEST ONLY,"Research only - no odds, edge, or betting recommendation."
S.Rattler,NO,TB,QB,35.5,17.6774398090597,14.81676074619008,9.17569493322518,0.01209389250506887,0.9879061074949311,"Normal approximation: mean=calibrated_projection, sd=pass_attempts_backtest_calibrated_RMSE",Medium,ROUTE_PROXY_UNVALIDATED|LOW_CURRENT_SAMPLE|LOW_PLAYER_SAMPLE,HISTORICAL TEST ONLY,"Research only - no odds, edge, or betting recommendation."
S.Rattler,NO,TB,QB,37.5,17.6774398090597,14.81676074619008,9.17569493322518,0.006716089061060693,0.9932839109389393,"Normal approximation: mean=calibrated_projection, sd=pass_attempts_backtest_calibrated_RMSE",Medium,ROUTE_PROXY_UNVALIDATED|LOW_CURRENT_SAMPLE|LOW_PLAYER_SAMPLE,HISTORICAL TEST ONLY,"Research only - no odds, edge, or betting recommendation."
S.Rattler,NO,TB,QB,39.5,17.6774398090597,14.81676074619008,9.17569493322518,0.00357187777887491,0.9964281222211251,"Normal approximation: mean=calibrated_projection, sd=pass_attempts_backtest_calibrated_RMSE",Medium,ROUTE_PROXY_UNVALIDATED|LOW_CURRENT_SAMPLE|LOW_PLAYER_SAMPLE,HISTORICAL TEST ONLY,"Research only - no odds, edge, or betting recommendation."
S.Rattler,NO,TB,QB,41.5,17.6774398090597,14.81676074619008,9.17569493322518,0.00181853989412617,0.9981814601058738,"Normal approximation: mean=calibrated_projection, sd=pass_attempts_backtest_calibrated_RMSE",Medium,ROUTE_PROXY_UNVALIDATED|LOW_CURRENT_SAMPLE|LOW_PLAYER_SAMPLE,HISTORICAL TEST ONLY,"Research only - no odds, edge, or betting recommendation."
S.Rattler,NO,TB,QB,43.5,17.6774398090597,14.81676074619008,9.17569493322518,0.0008860022123100553,0.99911399778769,"Normal approximation: mean=calibrated_projection, sd=pass_attempts_backtest_calibrated_RMSE",Medium,ROUTE_PROXY_UNVALIDATED|LOW_CURRENT_SAMPLE|LOW_PLAYER_SAMPLE,HISTORICAL TEST ONLY,"Research only - no odds, edge, or betting recommendation."
S.Rattler,NO,TB,QB,45.5,17.6774398090597,14.81676074619008,9.17569493322518,0.0004129448528734647,0.9995870551471265,"Normal approximation: mean=calibrated_projection, sd=pass_attempts_backtest_calibrated_RMSE",Medium,ROUTE_PROXY_UNVALIDATED|LOW_CURRENT_SAMPLE|LOW_PLAYER_SAMPLE,HISTORICAL TEST ONLY,"Research only - no odds, edge, or betting recommendation."
T.Tagovailoa,MIA,SF,QB,19.5,17.089306221975004,14.32380278730248,9.17569493322518,0.2863360785927648,0.7136639214072352,"Normal approximation: mean=calibrated_projection, sd=pass_attempts_backtest_calibrated_RMSE",Medium,ROUTE_PROXY_UNVALIDATED|LOW_CURRENT_SAMPLE|LOW_PLAYER_SAMPLE,HISTORICAL TEST ONLY,"Research only - no odds, edge, or betting recommendation."
T.Tagovailoa,MIA,SF,QB,21.5,17.089306221975004,14.32380278730248,9.17569493322518,0.2170815473061457,0.7829184526938543,"Normal approximation: mean=calibrated_projection, sd=pass_attempts_backtest_calibrated_RMSE",Medium,ROUTE_PROXY_UNVALIDATED|LOW_CURRENT_SAMPLE|LOW_PLAYER_SAMPLE,HISTORICAL TEST ONLY,"Research only - no odds, edge, or betting recommendation."
T.Tagovailoa,MIA,SF,QB,23.5,17.089306221975004,14.32380278730248,9.17569493322518,0.15864200876558798,0.841357991234412,"Normal approximation: mean=calibrated_projection, sd=pass_attempts_backtest_calibrated_RMSE",Medium,ROUTE_PROXY_UNVALIDATED|LOW_CURRENT_SAMPLE|LOW_PLAYER_SAMPLE,HISTORICAL TEST ONLY,"Research only - no odds, edge, or betting recommendation."
T.Tagovailoa,MIA,SF,QB,25.5,17.089306221975004,14.32380278730248,9.17569493322518,0.11160782868990138,0.8883921713100986,"Normal approximation: mean=calibrated_projection, sd=pass_attempts_backtest_calibrated_RMSE",Medium,ROUTE_PROXY_UNVALIDATED|LOW_CURRENT_SAMPLE|LOW_PLAYER_SAMPLE,HISTORICAL TEST ONLY,"Research only - no odds, edge, or betting recommendation."
T.Tagovailoa,MIA,SF,QB,27.5,17.089306221975004,14.32380278730248,9.17569493322518,0.07550273224979576,0.9244972677502042,"Normal approximation: mean=calibrated_projection, sd=pass_attempts_backtest_calibrated_RMSE",Medium,ROUTE_PROXY_UNVALIDATED|LOW_CURRENT_SAMPLE|LOW_PLAYER_SAMPLE,HISTORICAL TEST ONLY,"Research only - no odds, edge, or betting recommendation."
T.Tagovailoa,MIA,SF,QB,29.5,17.089306221975004,14.32380278730248,9.17569493322518,0.0490682096650481,0.9509317903349519,"Normal approximation: mean=calibrated_projection, sd=pass_attempts_backtest_calibrated_RMSE",Medium,ROUTE_PROXY_UNVALIDATED|LOW_CURRENT_SAMPLE|LOW_PLAYER_SAMPLE,HISTORICAL TEST ONLY,"Research only - no odds, edge, or betting recommendation."
T.Tagovailoa,MIA,SF,QB,31.5,17.089306221975004,14.32380278730248,9.17569493322518,0.030608607226650042,0.96939139277335,"Normal approximation: mean=calibrated_projection, sd=pass_attempts_backtest_calibrated_RMSE",Medium,ROUTE_PROXY_UNVALIDATED|LOW_CURRENT_SAMPLE|LOW_PLAYER_SAMPLE,HISTORICAL TEST ONLY,"Research only - no odds, edge, or betting recommendation."
T.Tagovailoa,MIA,SF,QB,33.5,17.089306221975004,14.32380278730248,9.17569493322518,0.018313820830066718,0.9816861791699333,"Normal approximation: mean=calibrated_projection, sd=pass_attempts_backtest_calibrated_RMSE",Medium,ROUTE_PROXY_UNVALIDATED|LOW_CURRENT_SAMPLE|LOW_PLAYER_SAMPLE,HISTORICAL TEST ONLY,"Research only - no odds, edge, or betting recommendation."
T.Tagovailoa,MIA,SF,QB,35.5,17.089306221975004,14.32380278730248,9.17569493322518,0.010503529221836283,0.9894964707781637,"Normal approximation: mean=calibrated_projection, sd=pass_attempts_backtest_calibrated_RMSE",Medium,ROUTE_PROXY_UNVALIDATED|LOW_CURRENT_SAMPLE|LOW_PLAYER_SAMPLE,HISTORICAL TEST ONLY,"Research only - no odds, edge, or betting recommendation."
T.Tagovailoa,MIA,SF,QB,37.5,17.089306221975004,14.32380278730248,9.17569493322518,0.0057713525084366335,0.9942286474915634,"Normal approximation: mean=calibrated_projection, sd=pass_attempts_backtest_calibrated_RMSE",Medium,ROUTE_PROXY_UNVALIDATED|LOW_CURRENT_SAMPLE|LOW_PLAYER_SAMPLE,HISTORICAL TEST ONLY,"Research only - no odds, edge, or betting recommendation."
T.Tagovailoa,MIA,SF,QB,39.5,17.089306221975004,14.32380278730248,9.17569493322518,0.003036701487911575,0.9969632985120884,"Normal approximation: mean=calibrated_projection, sd=pass_attempts_backtest_calibrated_RMSE",Medium,ROUTE_PROXY_UNVALIDATED|LOW_CURRENT_SAMPLE|LOW_PLAYER_SAMPLE,HISTORICAL TEST ONLY,"Research only - no odds, edge, or betting recommendation."
T.Tagovailoa,MIA,SF,QB,41.5,17.089306221975004,14.32380278730248,9.17569493322518,0.0015294354423714962,0.9984705645576285,"Normal approximation: mean=calibrated_projection, sd=pass_attempts_backtest_calibrated_RMSE",Medium,ROUTE_PROXY_UNVALIDATED|LOW_CURRENT_SAMPLE|LOW_PLAYER_SAMPLE,HISTORICAL TEST ONLY,"Research only - no odds, edge, or betting recommendation."
T.Tagovailoa,MIA,SF,QB,43.5,17.089306221975004,14.32380278730248,9.17569493322518,0.0007370714338787998,0.9992629285661212,"Normal approximation: mean=calibrated_projection, sd=pass_attempts_backtest_calibrated_RMSE",Medium,ROUTE_PROXY_UNVALIDATED|LOW_CURRENT_SAMPLE|LOW_PLAYER_SAMPLE,HISTORICAL TEST ONLY,"Research only - no odds, edge, or betting recommendation."
T.Tagovailoa,MIA,SF,QB,45.5,17.089306221975004,14.32380278730248,9.17569493322518,0.00033978279623303465,0.999660217203767,"Normal approximation: mean=calibrated_projection, sd=pass_attempts_backtest_calibrated_RMSE",Medium,ROUTE_PROXY_UNVALIDATED|LOW_CURRENT_SAMPLE|LOW_PLAYER_SAMPLE,HISTORICAL TEST ONLY,"Research only - no odds, edge, or betting recommendation."
B.Young,CAR,ATL,QB,19.5,16.7744366655444,14.059887484278777,9.17569493322518,0.2766297652189512,0.7233702347810488,"Normal approximation: mean=calibrated_projection, sd=pass_attempts_backtest_calibrated_RMSE",Medium,ROUTE_PROXY_UNVALIDATED|LOW_CURRENT_SAMPLE|LOW_PLAYER_SAMPLE,HISTORICAL TEST ONLY,"Research only - no odds, edge, or betting recommendation."
B.Young,CAR,ATL,QB,21.5,16.7744366655444,14.059887484278777,9.17569493322518,0.20872589967153288,0.7912741003284671,"Normal approximation: mean=calibrated_projection, sd=pass_attempts_backtest_calibrated_RMSE",Medium,ROUTE_PROXY_UNVALIDATED|LOW_CURRENT_SAMPLE|LOW_PLAYER_SAMPLE,HISTORICAL TEST ONLY,"Research only - no odds, edge, or betting recommendation."
B.Young,CAR,ATL,QB,23.5,16.7744366655444,14.059887484278777,9.17569493322518,0.15178279783512516,0.8482172021648748,"Normal approximation: mean=calibrated_projection, sd=pass_attempts_backtest_calibrated_RMSE",Medium,ROUTE_PROXY_UNVALIDATED|LOW_CURRENT_SAMPLE|LOW_PLAYER_SAMPLE,HISTORICAL TEST ONLY,"Research only - no odds, edge, or betting recommendation."
B.Young,CAR,ATL,QB,25.5,16.7744366655444,14.059887484278777,9.17569493322518,0.1062382967254536,0.8937617032745464,"Normal approximation: mean=calibrated_projection, sd=pass_attempts_backtest_calibrated_RMSE",Medium,ROUTE_PROXY_UNVALIDATED|LOW_CURRENT_SAMPLE|LOW_PLAYER_SAMPLE,HISTORICAL TEST ONLY,"Research only - no odds, edge, or betting recommendation."
B.Young,CAR,ATL,QB,27.5,16.7744366655444,14.059887484278777,9.17569493322518,0.07149437022937533,0.9285056297706247,"Normal approximation: mean=calibrated_projection, sd=pass_attempts_backtest_calibrated_RMSE",Medium,ROUTE_PROXY_UNVALIDATED|LOW_CURRENT_SAMPLE|LOW_PLAYER_SAMPLE,HISTORICAL TEST ONLY,"Research only - no odds, edge, or betting recommendation."
B.Young,CAR,ATL,QB,29.5,16.7744366655444,14.059887484278777,9.17569493322518,0.04621478981867466,0.9537852101813253,"Normal approximation: mean=calibrated_projection, sd=pass_attempts_backtest_calibrated_RMSE",Medium,ROUTE_PROXY_UNVALIDATED|LOW_CURRENT_SAMPLE|LOW_PLAYER_SAMPLE,HISTORICAL TEST ONLY,"Research only - no odds, edge, or betting recommendation."
B.Young,CAR,ATL,QB,31.5,16.7744366655444,14.059887484278777,9.17569493322518,0.02867159371928718,0.9713284062807128,"Normal approximation: mean=calibrated_projection, sd=pass_attempts_backtest_calibrated_RMSE",Medium,ROUTE_PROXY_UNVALIDATED|LOW_CURRENT_SAMPLE|LOW_PLAYER_SAMPLE,HISTORICAL TEST ONLY,"Research only - no odds, edge, or betting recommendation."
B.Young,CAR,ATL,QB,33.5,16.7744366655444,14.059887484278777,9.17569493322518,0.017059906535503377,0.9829400934644966,"Normal approximation: mean=calibrated_projection, sd=pass_attempts_backtest_calibrated_RMSE",Medium,ROUTE_PROXY_UNVALIDATED|LOW_CURRENT_SAMPLE|LOW_PLAYER_SAMPLE,HISTORICAL TEST ONLY,"Research only - no odds, edge, or betting recommendation."
B.Young,CAR,ATL,QB,35.5,16.7744366655444,14.059887484278777,9.17569493322518,0.009729475167070678,0.9902705248329293,"Normal approximation: mean=calibrated_projection, sd=pass_attempts_backtest_calibrated_RMSE",Medium,ROUTE_PROXY_UNVALIDATED|LOW_CURRENT_SAMPLE|LOW_PLAYER_SAMPLE,HISTORICAL TEST ONLY,"Research only - no odds, edge, or betting recommendation."
B.Young,CAR,ATL,QB,37.5,16.7744366655444,14.059887484278777,9.17569493322518,0.005315690354239733,0.9946843096457603,"Normal approximation: mean=calibrated_projection, sd=pass_attempts_backtest_calibrated_RMSE",Medium,ROUTE_PROXY_UNVALIDATED|LOW_CURRENT_SAMPLE|LOW_PLAYER_SAMPLE,HISTORICAL TEST ONLY,"Research only - no odds, edge, or betting recommendation."
B.Young,CAR,ATL,QB,39.5,16.7744366655444,14.059887484278777,9.17569493322518,0.002780911901092864,0.9972190880989071,"Normal approximation: mean=calibrated_projection, sd=pass_attempts_backtest_calibrated_RMSE",Medium,ROUTE_PROXY_UNVALIDATED|LOW_CURRENT_SAMPLE|LOW_PLAYER_SAMPLE,HISTORICAL TEST ONLY,"Research only - no odds, edge, or betting recommendation."
B.Young,CAR,ATL,QB,41.5,16.7744366655444,14.059887484278777,9.17569493322518,0.0013925078430183646,0.9986074921569816,"Normal approximation: mean=calibrated_projection, sd=pass_attempts_backtest_calibrated_RMSE",Medium,ROUTE_PROXY_UNVALIDATED|LOW_CURRENT_SAMPLE|LOW_PLAYER_SAMPLE,HISTORICAL TEST ONLY,"Research only - no odds, edge, or betting recommendation."
B.Young,CAR,ATL,QB,43.5,16.7744366655444,14.059887484278777,9.17569493322518,0.0006671730137193244,0.9993328269862807,"Normal approximation: mean=calibrated_projection, sd=pass_attempts_backtest_calibrated_RMSE",Medium,ROUTE_PROXY_UNVALIDATED|LOW_CURRENT_SAMPLE|LOW_PLAYER_SAMPLE,HISTORICAL TEST ONLY,"Research only - no odds, edge, or betting recommendation."
B.Young,CAR,ATL,QB,45.5,16.7744366655444,14.059887484278777,9.17569493322518,0.0003057567131605765,0.9996942432868394,"Normal approximation: mean=calibrated_projection, sd=pass_attempts_backtest_calibrated_RMSE",Medium,ROUTE_PROXY_UNVALIDATED|LOW_CURRENT_SAMPLE|LOW_PLAYER_SAMPLE,HISTORICAL TEST ONLY,"Research only - no odds, edge, or betting recommendation."
D.Prescott,DAL,ATL,QB,19.5,16.07272755559053,13.471733537332227,9.17569493322518,0.2555962433411989,0.7444037566588011,"Normal approximation: mean=calibrated_projection, sd=pass_attempts_backtest_calibrated_RMSE",Medium,ROUTE_PROXY_UNVALIDATED|LOW_CURRENT_SAMPLE|LOW_PLAYER_SAMPLE,HISTORICAL TEST ONLY,"Research only - no odds, edge, or betting recommendation."
D.Prescott,DAL,ATL,QB,21.5,16.07272755559053,13.471733537332227,9.17569493322518,0.1908007877445279,0.8091992122554721,"Normal approximation: mean=calibrated_projection, sd=pass_attempts_backtest_calibrated_RMSE",Medium,ROUTE_PROXY_UNVALIDATED|LOW_CURRENT_SAMPLE|LOW_PLAYER_SAMPLE,HISTORICAL TEST ONLY,"Research only - no odds, edge, or betting recommendation."
D.Prescott,DAL,ATL,QB,23.5,16.07272755559053,13.471733537332227,9.17569493322518,0.13721527767868147,0.8627847223213185,"Normal approximation: mean=calibrated_projection, sd=pass_attempts_backtest_calibrated_RMSE",Medium,ROUTE_PROXY_UNVALIDATED|LOW_CURRENT_SAMPLE|LOW_PLAYER_SAMPLE,HISTORICAL TEST ONLY,"Research only - no odds, edge, or betting recommendation."
D.Prescott,DAL,ATL,QB,25.5,16.07272755559053,13.471733537332227,9.17569493322518,0.09494857463109119,0.9050514253689088,"Normal approximation: mean=calibrated_projection, sd=pass_attempts_backtest_calibrated_RMSE",Medium,ROUTE_PROXY_UNVALIDATED|LOW_CURRENT_SAMPLE|LOW_PLAYER_SAMPLE,HISTORICAL TEST ONLY,"Research only - no odds, edge, or betting recommendation."
D.Prescott,DAL,ATL,QB,27.5,16.07272755559053,13.471733537332227,9.17569493322518,0.063150745799885,0.936849254200115,"Normal approximation: mean=calibrated_projection, sd=pass_attempts_backtest_calibrated_RMSE",Medium,ROUTE_PROXY_UNVALIDATED|LOW_CURRENT_SAMPLE|LOW_PLAYER_SAMPLE,HISTORICAL TEST ONLY,"Research only - no odds, edge, or betting recommendation."
D.Prescott,DAL,ATL,QB,29.5,16.07272755559053,13.471733537332227,9.17569493322518,0.040334481291044555,0.9596655187089554,"Normal approximation: mean=calibrated_projection, sd=pass_attempts_backtest_calibrated_RMSE",Medium,ROUTE_PROXY_UNVALIDATED|LOW_CURRENT_SAMPLE|LOW_PLAYER_SAMPLE,HISTORICAL TEST ONLY,"Research only - no odds, edge, or betting recommendation."
D.Prescott,DAL,ATL,QB,31.5,16.07272755559053,13.471733537332227,9.17569493322518,0.024719571759631576,0.9752804282403684,"Normal approximation: mean=calibrated_projection, sd=pass_attempts_backtest_calibrated_RMSE",Medium,ROUTE_PROXY_UNVALIDATED|LOW_CURRENT_SAMPLE|LOW_PLAYER_SAMPLE,HISTORICAL TEST ONLY,"Research only - no odds, edge, or betting recommendation."
D.Prescott,DAL,ATL,QB,33.5,16.07272755559053,13.471733537332227,9.17569493322518,0.014527039139908493,0.9854729608600915,"Normal approximation: mean=calibrated_projection, sd=pass_attempts_backtest_calibrated_RMSE",Medium,ROUTE_PROXY_UNVALIDATED|LOW_CURRENT_SAMPLE|LOW_PLAYER_SAMPLE,HISTORICAL TEST ONLY,"Research only - no odds, edge, or betting recommendation."
D.Prescott,DAL,ATL,QB,35.5,16.07272755559053,13.471733537332227,9.17569493322518,0.00818144498008988,0.9918185550199101,"Normal approximation: mean=calibrated_projection, sd=pass_attempts_backtest_calibrated_RMSE",Medium,ROUTE_PROXY_UNVALIDATED|LOW_CURRENT_SAMPLE|LOW_PLAYER_SAMPLE,HISTORICAL TEST ONLY,"Research only - no odds, edge, or betting recommendation."
D.Prescott,DAL,ATL,QB,37.5,16.07272755559053,13.471733537332227,9.17569493322518,0.004413454123624594,0.9955865458763754,"Normal approximation: mean=calibrated_projection, sd=pass_attempts_backtest_calibrated_RMSE",Medium,ROUTE_PROXY_UNVALIDATED|LOW_CURRENT_SAMPLE|LOW_PLAYER_SAMPLE,HISTORICAL TEST ONLY,"Research only - no odds, edge, or betting recommendation."
D.Prescott,DAL,ATL,QB,39.5,16.07272755559053,13.471733537332227,9.17569493322518,0.002279453438695178,0.9977205465613048,"Normal approximation: mean=calibrated_projection, sd=pass_attempts_backtest_calibrated_RMSE",Medium,ROUTE_PROXY_UNVALIDATED|LOW_CURRENT_SAMPLE|LOW_PLAYER_SAMPLE,HISTORICAL TEST ONLY,"Research only - no odds, edge, or betting recommendation."
D.Prescott,DAL,ATL,QB,41.5,16.07272755559053,13.471733537332227,9.17569493322518,0.0011267270890561454,0.9988732729109439,"Normal approximation: mean=calibrated_projection, sd=pass_attempts_backtest_calibrated_RMSE",Medium,ROUTE_PROXY_UNVALIDATED|LOW_CURRENT_SAMPLE|LOW_PLAYER_SAMPLE,HISTORICAL TEST ONLY,"Research only - no odds, edge, or betting recommendation."
D.Prescott,DAL,ATL,QB,43.5,16.07272755559053,13.471733537332227,9.17569493322518,0.0005328390113960024,0.999467160988604,"Normal approximation: mean=calibrated_projection, sd=pass_attempts_backtest_calibrated_RMSE",Medium,ROUTE_PROXY_UNVALIDATED|LOW_CURRENT_SAMPLE|LOW_PLAYER_SAMPLE,HISTORICAL TEST ONLY,"Research only - no odds, edge, or betting recommendation."
D.Prescott,DAL,ATL,QB,45.5,16.07272755559053,13.471733537332227,9.17569493322518,0.0002410093273843561,0.9997589906726156,"Normal approximation: mean=calibrated_projection, sd=pass_attempts_backtest_calibrated_RMSE",Medium,ROUTE_PROXY_UNVALIDATED|LOW_CURRENT_SAMPLE|LOW_PLAYER_SAMPLE,HISTORICAL TEST ONLY,"Research only - no odds, edge, or betting recommendation."
A.Dalton,CAR,WAS,QB,19.5,15.975563334455602,13.390293066698677,9.17569493322518,0.25275103665211074,0.7472489633478893,"Normal approximation: mean=calibrated_projection, sd=pass_attempts_backtest_calibrated_RMSE",Medium,ROUTE_PROXY_UNVALIDATED|LOW_CURRENT_SAMPLE|LOW_PLAYER_SAMPLE,HISTORICAL TEST ONLY,"Research only - no odds, edge, or betting recommendation."
A.Dalton,CAR,WAS,QB,21.5,15.975563334455602,13.390293066698677,9.17569493322518,0.18839539261024107,0.8116046073897589,"Normal approximation: mean=calibrated_projection, sd=pass_attempts_backtest_calibrated_RMSE",Medium,ROUTE_PROXY_UNVALIDATED|LOW_CURRENT_SAMPLE|LOW_PLAYER_SAMPLE,HISTORICAL TEST ONLY,"Research only - no odds, edge, or betting recommendation."
A.Dalton,CAR,WAS,QB,23.5,15.975563334455602,13.390293066698677,9.17569493322518,0.1352760625930607,0.8647239374069393,"Normal approximation: mean=calibrated_projection, sd=pass_attempts_backtest_calibrated_RMSE",Medium,ROUTE_PROXY_UNVALIDATED|LOW_CURRENT_SAMPLE|LOW_PLAYER_SAMPLE,HISTORICAL TEST ONLY,"Research only - no odds, edge, or betting recommendation."
A.Dalton,CAR,WAS,QB,25.5,15.975563334455602,13.390293066698677,9.17569493322518,0.09345772967748533,0.9065422703225147,"Normal approximation: mean=calibrated_projection, sd=pass_attempts_backtest_calibrated_RMSE",Medium,ROUTE_PROXY_UNVALIDATED|LOW_CURRENT_SAMPLE|LOW_PLAYER_SAMPLE,HISTORICAL TEST ONLY,"Research only - no odds, edge, or betting recommendation."
A.Dalton,CAR,WAS,QB,27.5,15.975563334455602,13.390293066698677,9.17569493322518,0.06205778163228892,0.9379422183677111,"Normal approximation: mean=calibrated_projection, sd=pass_attempts_backtest_calibrated_RMSE",Medium,ROUTE_PROXY_UNVALIDATED|LOW_CURRENT_SAMPLE|LOW_PLAYER_SAMPLE,HISTORICAL TEST ONLY,"Research only - no odds, edge, or betting recommendation."
A.Dalton,CAR,WAS,QB,29.5,15.975563334455602,13.390293066698677,9.17569493322518,0.03957038812718228,0.9604296118728177,"Normal approximation: mean=calibrated_projection, sd=pass_attempts_backtest_calibrated_RMSE",Medium,ROUTE_PROXY_UNVALIDATED|LOW_CURRENT_SAMPLE|LOW_PLAYER_SAMPLE,HISTORICAL TEST ONLY,"Research only - no odds, edge, or betting recommendation."
A.Dalton,CAR,WAS,QB,31.5,15.975563334455602,13.390293066698677,9.17569493322518,0.024210177965008683,0.9757898220349913,"Normal approximation: mean=calibrated_projection, sd=pass_attempts_backtest_calibrated_RMSE",Medium,ROUTE_PROXY_UNVALIDATED|LOW_CURRENT_SAMPLE|LOW_PLAYER_SAMPLE,HISTORICAL TEST ONLY,"Research only - no odds, edge, or betting recommendation."
A.Dalton,CAR,WAS,QB,33.5,15.975563334455602,13.390293066698677,9.17569493322518,0.014203201048044622,0.9857967989519554,"Normal approximation: mean=calibrated_projection, sd=pass_attempts_backtest_calibrated_RMSE",Medium,ROUTE_PROXY_UNVALIDATED|LOW_CURRENT_SAMPLE|LOW_PLAYER_SAMPLE,HISTORICAL TEST ONLY,"Research only - no odds, edge, or betting recommendation."
A.Dalton,CAR,WAS,QB,35.5,15.975563334455602,13.390293066698677,9.17569493322518,0.007985122894362484,0.9920148771056375,"Normal approximation: mean=calibrated_projection, sd=pass_attempts_backtest_calibrated_RMSE",Medium,ROUTE_PROXY_UNVALIDATED|LOW_CURRENT_SAMPLE|LOW_PLAYER_SAMPLE,HISTORICAL TEST ONLY,"Research only - no odds, edge, or betting recommendation."
A.Dalton,CAR,WAS,QB,37.5,15.975563334455602,13.390293066698677,9.17569493322518,0.004299958965928052,0.995700041034072,"Normal approximation: mean=calibrated_projection, sd=pass_attempts_backtest_calibrated_RMSE",Medium,ROUTE_PROXY_UNVALIDATED|LOW_CURRENT_SAMPLE|LOW_PLAYER_SAMPLE,HISTORICAL TEST ONLY,"Research only - no odds, edge, or betting recommendation."
A.Dalton,CAR,WAS,QB,39.5,15.975563334455602,13.390293066698677,9.17569493322518,0.0022168854129374083,0.9977831145870626,"Normal approximation: mean=calibrated_projection, sd=pass_attempts_backtest_calibrated_RMSE",Medium,ROUTE_PROXY_UNVALIDATED|LOW_CURRENT_SAMPLE|LOW_PLAYER_SAMPLE,HISTORICAL TEST ONLY,"Research only - no odds, edge, or betting recommendation."
A.Dalton,CAR,WAS,QB,41.5,15.975563334455602,13.390293066698677,9.17569493322518,0.001093834768317814,0.9989061652316822,"Normal approximation: mean=calibrated_projection, sd=pass_attempts_backtest_calibrated_RMSE",Medium,ROUTE_PROXY_UNVALIDATED|LOW_CURRENT_SAMPLE|LOW_PLAYER_SAMPLE,HISTORICAL TEST ONLY,"Research only - no odds, edge, or betting recommendation."
A.Dalton,CAR,WAS,QB,43.5,15.975563334455602,13.390293066698677,9.17569493322518,0.0005163496617488494,0.9994836503382512,"Normal approximation: mean=calibrated_projection, sd=pass_attempts_backtest_calibrated_RMSE",Medium,ROUTE_PROXY_UNVALIDATED|LOW_CURRENT_SAMPLE|LOW_PLAYER_SAMPLE,HISTORICAL TEST ONLY,"Research only - no odds, edge, or betting recommendation."
A.Dalton,CAR,WAS,QB,45.5,15.975563334455602,13.390293066698677,9.17569493322518,0.0002331265459796228,0.9997668734540204,"Normal approximation: mean=calibrated_projection, sd=pass_attempts_backtest_calibrated_RMSE",Medium,ROUTE_PROXY_UNVALIDATED|LOW_CURRENT_SAMPLE|LOW_PLAYER_SAMPLE,HISTORICAL TEST ONLY,"Research only - no odds, edge, or betting recommendation."
J.Herbert,LAC,HOU,QB,19.5,15.959757275724208,13.377044847890245,9.17569493322518,0.25228977867128555,0.7477102213287145,"Normal approximation: mean=calibrated_projection, sd=pass_attempts_backtest_calibrated_RMSE",Medium,ROUTE_PROXY_UNVALIDATED|LOW_CURRENT_SAMPLE|LOW_PLAYER_SAMPLE,HISTORICAL TEST ONLY,"Research only - no odds, edge, or betting recommendation."
J.Herbert,LAC,HOU,QB,21.5,15.959757275724208,13.377044847890245,9.17569493322518,0.18800587454697193,0.8119941254530281,"Normal approximation: mean=calibrated_projection, sd=pass_attempts_backtest_calibrated_RMSE",Medium,ROUTE_PROXY_UNVALIDATED|LOW_CURRENT_SAMPLE|LOW_PLAYER_SAMPLE,HISTORICAL TEST ONLY,"Research only - no odds, edge, or betting recommendation."
J.Herbert,LAC,HOU,QB,23.5,15.959757275724208,13.377044847890245,9.17569493322518,0.1349623888800784,0.8650376111199216,"Normal approximation: mean=calibrated_projection, sd=pass_attempts_backtest_calibrated_RMSE",Medium,ROUTE_PROXY_UNVALIDATED|LOW_CURRENT_SAMPLE|LOW_PLAYER_SAMPLE,HISTORICAL TEST ONLY,"Research only - no odds, edge, or betting recommendation."
J.Herbert,LAC,HOU,QB,25.5,15.959757275724208,13.377044847890245,9.17569493322518,0.09321685260672219,0.9067831473932778,"Normal approximation: mean=calibrated_projection, sd=pass_attempts_backtest_calibrated_RMSE",Medium,ROUTE_PROXY_UNVALIDATED|LOW_CURRENT_SAMPLE|LOW_PLAYER_SAMPLE,HISTORICAL TEST ONLY,"Research only - no odds, edge, or betting recommendation."
J.Herbert,LAC,HOU,QB,27.5,15.959757275724208,13.377044847890245,9.17569493322518,0.06188138933696008,0.9381186106630399,"Normal approximation: mean=calibrated_projection, sd=pass_attempts_backtest_calibrated_RMSE",Medium,ROUTE_PROXY_UNVALIDATED|LOW_CURRENT_SAMPLE|LOW_PLAYER_SAMPLE,HISTORICAL TEST ONLY,"Research only - no odds, edge, or betting recommendation."
J.Herbert,LAC,HOU,QB,29.5,15.959757275724208,13.377044847890245,9.17569493322518,0.03944721085679881,0.9605527891432012,"Normal approximation: mean=calibrated_projection, sd=pass_attempts_backtest_calibrated_RMSE",Medium,ROUTE_PROXY_UNVALIDATED|LOW_CURRENT_SAMPLE|LOW_PLAYER_SAMPLE,HISTORICAL TEST ONLY,"Research only - no odds, edge, or betting recommendation."
J.Herbert,LAC,HOU,QB,31.5,15.959757275724208,13.377044847890245,9.17569493322518,0.024128152565548566,0.9758718474344514,"Normal approximation: mean=calibrated_projection, sd=pass_attempts_backtest_calibrated_RMSE",Medium,ROUTE_PROXY_UNVALIDATED|LOW_CURRENT_SAMPLE|LOW_PLAYER_SAMPLE,HISTORICAL TEST ONLY,"Research only - no odds, edge, or betting recommendation."
J.Herbert,LAC,HOU,QB,33.5,15.959757275724208,13.377044847890245,9.17569493322518,0.01415111361608512,0.9858488863839149,"Normal approximation: mean=calibrated_projection, sd=pass_attempts_backtest_calibrated_RMSE",Medium,ROUTE_PROXY_UNVALIDATED|LOW_CURRENT_SAMPLE|LOW_PLAYER_SAMPLE,HISTORICAL TEST ONLY,"Research only - no odds, edge, or betting recommendation."
J.Herbert,LAC,HOU,QB,35.5,15.959757275724208,13.377044847890245,9.17569493322518,0.007953581248439812,0.9920464187515602,"Normal approximation: mean=calibrated_projection, sd=pass_attempts_backtest_calibrated_RMSE",Medium,ROUTE_PROXY_UNVALIDATED|LOW_CURRENT_SAMPLE|LOW_PLAYER_SAMPLE,HISTORICAL TEST ONLY,"Research only - no odds, edge, or betting recommendation."
J.Herbert,LAC,HOU,QB,37.5,15.959757275724208,13.377044847890245,9.17569493322518,0.004281745081686772,0.9957182549183132,"Normal approximation: mean=calibrated_projection, sd=pass_attempts_backtest_calibrated_RMSE",Medium,ROUTE_PROXY_UNVALIDATED|LOW_CURRENT_SAMPLE|LOW_PLAYER_SAMPLE,HISTORICAL TEST ONLY,"Research only - no odds, edge, or betting recommendation."
J.Herbert,LAC,HOU,QB,39.5,15.959757275724208,13.377044847890245,9.17569493322518,0.0022068557207215456,0.9977931442792785,"Normal approximation: mean=calibrated_projection, sd=pass_attempts_backtest_calibrated_RMSE",Medium,ROUTE_PROXY_UNVALIDATED|LOW_CURRENT_SAMPLE|LOW_PLAYER_SAMPLE,HISTORICAL TEST ONLY,"Research only - no odds, edge, or betting recommendation."
J.Herbert,LAC,HOU,QB,41.5,15.959757275724208,13.377044847890245,9.17569493322518,0.0010885680577344958,0.9989114319422655,"Normal approximation: mean=calibrated_projection, sd=pass_attempts_backtest_calibrated_RMSE",Medium,ROUTE_PROXY_UNVALIDATED|LOW_CURRENT_SAMPLE|LOW_PLAYER_SAMPLE,HISTORICAL TEST ONLY,"Research only - no odds, edge, or betting recommendation."
J.Herbert,LAC,HOU,QB,43.5,15.959757275724208,13.377044847890245,9.17569493322518,0.0005137123703689017,0.9994862876296311,"Normal approximation: mean=calibrated_projection, sd=pass_attempts_backtest_calibrated_RMSE",Medium,ROUTE_PROXY_UNVALIDATED|LOW_CURRENT_SAMPLE|LOW_PLAYER_SAMPLE,HISTORICAL TEST ONLY,"Research only - no odds, edge, or betting recommendation."
J.Herbert,LAC,HOU,QB,45.5,15.959757275724208,13.377044847890245,9.17569493322518,0.00023186720426049412,0.9997681327957395,"Normal approximation: mean=calibrated_projection, sd=pass_attempts_backtest_calibrated_RMSE",Medium,ROUTE_PROXY_UNVALIDATED|LOW_CURRENT_SAMPLE|LOW_PLAYER_SAMPLE,HISTORICAL TEST ONLY,"Research only - no odds, edge, or betting recommendation."
E.Stick,LAC,KC,QB,19.5,15.956821012900331,13.37458375034336,9.17569493322518,0.25220414052135476,0.7477958594786452,"Normal approximation: mean=calibrated_projection, sd=pass_attempts_backtest_calibrated_RMSE",Medium,ROUTE_PROXY_UNVALIDATED|LOW_CURRENT_SAMPLE|LOW_PLAYER_SAMPLE,HISTORICAL TEST ONLY,"Research only - no odds, edge, or betting recommendation."
E.Stick,LAC,KC,QB,21.5,15.956821012900331,13.37458375034336,9.17569493322518,0.1879335692790789,0.8120664307209211,"Normal approximation: mean=calibrated_projection, sd=pass_attempts_backtest_calibrated_RMSE",Medium,ROUTE_PROXY_UNVALIDATED|LOW_CURRENT_SAMPLE|LOW_PLAYER_SAMPLE,HISTORICAL TEST ONLY,"Research only - no odds, edge, or betting recommendation."
E.Stick,LAC,KC,QB,23.5,15.956821012900331,13.37458375034336,9.17569493322518,0.1349041732753724,0.8650958267246276,"Normal approximation: mean=calibrated_projection, sd=pass_attempts_backtest_calibrated_RMSE",Medium,ROUTE_PROXY_UNVALIDATED|LOW_CURRENT_SAMPLE|LOW_PLAYER_SAMPLE,HISTORICAL TEST ONLY,"Research only - no odds, edge, or betting recommendation."
E.Stick,LAC,KC,QB,25.5,15.956821012900331,13.37458375034336,9.17569493322518,0.09317215588233507,0.9068278441176649,"Normal approximation: mean=calibrated_projection, sd=pass_attempts_backtest_calibrated_RMSE",Medium,ROUTE_PROXY_UNVALIDATED|LOW_CURRENT_SAMPLE|LOW_PLAYER_SAMPLE,HISTORICAL TEST ONLY,"Research only - no odds, edge, or betting recommendation."
E.Stick,LAC,KC,QB,27.5,15.956821012900331,13.37458375034336,9.17569493322518,0.06184866440206216,0.9381513355979378,"Normal approximation: mean=calibrated_projection, sd=pass_attempts_backtest_calibrated_RMSE",Medium,ROUTE_PROXY_UNVALIDATED|LOW_CURRENT_SAMPLE|LOW_PLAYER_SAMPLE,HISTORICAL TEST ONLY,"Research only - no odds, edge, or betting recommendation."
E.Stick,LAC,KC,QB,29.5,15.956821012900331,13.37458375034336,9.17569493322518,0.03942436283018069,0.9605756371698193,"Normal approximation: mean=calibrated_projection, sd=pass_attempts_backtest_calibrated_RMSE",Medium,ROUTE_PROXY_UNVALIDATED|LOW_CURRENT_SAMPLE|LOW_PLAYER_SAMPLE,HISTORICAL TEST ONLY,"Research only - no odds, edge, or betting recommendation."
E.Stick,LAC,KC,QB,31.5,15.956821012900331,13.37458375034336,9.17569493322518,0.0241129405972631,0.9758870594027369,"Normal approximation: mean=calibrated_projection, sd=pass_attempts_backtest_calibrated_RMSE",Medium,ROUTE_PROXY_UNVALIDATED|LOW_CURRENT_SAMPLE|LOW_PLAYER_SAMPLE,HISTORICAL TEST ONLY,"Research only - no odds, edge, or betting recommendation."
E.Stick,LAC,KC,QB,33.5,15.956821012900331,13.37458375034336,9.17569493322518,0.01414145557748081,0.9858585444225192,"Normal approximation: mean=calibrated_projection, sd=pass_attempts_backtest_calibrated_RMSE",Medium,ROUTE_PROXY_UNVALIDATED|LOW_CURRENT_SAMPLE|LOW_PLAYER_SAMPLE,HISTORICAL TEST ONLY,"Research only - no odds, edge, or betting recommendation."
E.Stick,LAC,KC,QB,35.5,15.956821012900331,13.37458375034336,9.17569493322518,0.007947733895971587,0.9920522661040284,"Normal approximation: mean=calibrated_projection, sd=pass_attempts_backtest_calibrated_RMSE",Medium,ROUTE_PROXY_UNVALIDATED|LOW_CURRENT_SAMPLE|LOW_PLAYER_SAMPLE,HISTORICAL TEST ONLY,"Research only - no odds, edge, or betting recommendation."
E.Stick,LAC,KC,QB,37.5,15.956821012900331,13.37458375034336,9.17569493322518,0.004278369128469239,0.9957216308715308,"Normal approximation: mean=calibrated_projection, sd=pass_attempts_backtest_calibrated_RMSE",Medium,ROUTE_PROXY_UNVALIDATED|LOW_CURRENT_SAMPLE|LOW_PLAYER_SAMPLE,HISTORICAL TEST ONLY,"Research only - no odds, edge, or betting recommendation."
E.Stick,LAC,KC,QB,39.5,15.956821012900331,13.37458375034336,9.17569493322518,0.0022049970589063106,0.9977950029410937,"Normal approximation: mean=calibrated_projection, sd=pass_attempts_backtest_calibrated_RMSE",Medium,ROUTE_PROXY_UNVALIDATED|LOW_CURRENT_SAMPLE|LOW_PLAYER_SAMPLE,HISTORICAL TEST ONLY,"Research only - no odds, edge, or betting recommendation."
E.Stick,LAC,KC,QB,41.5,15.956821012900331,13.37458375034336,9.17569493322518,0.0010875922345230382,0.998912407765477,"Normal approximation: mean=calibrated_projection, sd=pass_attempts_backtest_calibrated_RMSE",Medium,ROUTE_PROXY_UNVALIDATED|LOW_CURRENT_SAMPLE|LOW_PLAYER_SAMPLE,HISTORICAL TEST ONLY,"Research only - no odds, edge, or betting recommendation."
E.Stick,LAC,KC,QB,43.5,15.956821012900331,13.37458375034336,9.17569493322518,0.0005132238207012918,0.9994867761792987,"Normal approximation: mean=calibrated_projection, sd=pass_attempts_backtest_calibrated_RMSE",Medium,ROUTE_PROXY_UNVALIDATED|LOW_CURRENT_SAMPLE|LOW_PLAYER_SAMPLE,HISTORICAL TEST ONLY,"Research only - no odds, edge, or betting recommendation."
E.Stick,LAC,KC,QB,45.5,15.956821012900331,13.37458375034336,9.17569493322518,0.00023163395884795435,0.999768366041152,"Normal approximation: mean=calibrated_projection, sd=pass_attempts_backtest_calibrated_RMSE",Medium,ROUTE_PROXY_UNVALIDATED|LOW_CURRENT_SAMPLE|LOW_PLAYER_SAMPLE,HISTORICAL TEST ONLY,"Research only - no odds, edge, or betting recommendation."
D.Carr,NO,NYG,QB,19.5,15.93204170902733,13.353814395679498,9.17569493322518,0.2514820458773305,0.7485179541226695,"Normal approximation: mean=calibrated_projection, sd=pass_attempts_backtest_calibrated_RMSE",Medium,ROUTE_PROXY_UNVALIDATED|LOW_CURRENT_SAMPLE|LOW_PLAYER_SAMPLE,HISTORICAL TEST ONLY,"Research only - no odds, edge, or betting recommendation."
D.Carr,NO,NYG,QB,21.5,15.93204170902733,13.353814395679498,9.17569493322518,0.18732406467836338,0.8126759353216366,"Normal approximation: mean=calibrated_projection, sd=pass_attempts_backtest_calibrated_RMSE",Medium,ROUTE_PROXY_UNVALIDATED|LOW_CURRENT_SAMPLE|LOW_PLAYER_SAMPLE,HISTORICAL TEST ONLY,"Research only - no odds, edge, or betting recommendation."
D.Carr,NO,NYG,QB,23.5,15.93204170902733,13.353814395679498,9.17569493322518,0.13441357426061606,0.8655864257393839,"Normal approximation: mean=calibrated_projection, sd=pass_attempts_backtest_calibrated_RMSE",Medium,ROUTE_PROXY_UNVALIDATED|LOW_CURRENT_SAMPLE|LOW_PLAYER_SAMPLE,HISTORICAL TEST ONLY,"Research only - no odds, edge, or betting recommendation."
D.Carr,NO,NYG,QB,25.5,15.93204170902733,13.353814395679498,9.17569493322518,0.09279558808816102,0.907204411911839,"Normal approximation: mean=calibrated_projection, sd=pass_attempts_backtest_calibrated_RMSE",Medium,ROUTE_PROXY_UNVALIDATED|LOW_CURRENT_SAMPLE|LOW_PLAYER_SAMPLE,HISTORICAL TEST ONLY,"Research only - no odds, edge, or betting recommendation."
D.Carr,NO,NYG,QB,27.5,15.93204170902733,13.353814395679498,9.17569493322518,0.06157303439501027,0.9384269656049897,"Normal approximation: mean=calibrated_projection, sd=pass_attempts_backtest_calibrated_RMSE",Medium,ROUTE_PROXY_UNVALIDATED|LOW_CURRENT_SAMPLE|LOW_PLAYER_SAMPLE,HISTORICAL TEST ONLY,"Research only - no odds, edge, or betting recommendation."
D.Carr,NO,NYG,QB,29.5,15.93204170902733,13.353814395679498,9.17569493322518,0.03923197542499057,0.9607680245750094,"Normal approximation: mean=calibrated_projection, sd=pass_attempts_backtest_calibrated_RMSE",Medium,ROUTE_PROXY_UNVALIDATED|LOW_CURRENT_SAMPLE|LOW_PLAYER_SAMPLE,HISTORICAL TEST ONLY,"Research only - no odds, edge, or betting recommendation."
D.Carr,NO,NYG,QB,31.5,15.93204170902733,13.353814395679498,9.17569493322518,0.02398488646509278,0.9760151135349072,"Normal approximation: mean=calibrated_projection, sd=pass_attempts_backtest_calibrated_RMSE",Medium,ROUTE_PROXY_UNVALIDATED|LOW_CURRENT_SAMPLE|LOW_PLAYER_SAMPLE,HISTORICAL TEST ONLY,"Research only - no odds, edge, or betting recommendation."
D.Carr,NO,NYG,QB,33.5,15.93204170902733,13.353814395679498,9.17569493322518,0.014060176759999488,0.9859398232400005,"Normal approximation: mean=calibrated_projection, sd=pass_attempts_backtest_calibrated_RMSE",Medium,ROUTE_PROXY_UNVALIDATED|LOW_CURRENT_SAMPLE|LOW_PLAYER_SAMPLE,HISTORICAL TEST ONLY,"Research only - no odds, edge, or betting recommendation."
D.Carr,NO,NYG,QB,35.5,15.93204170902733,13.353814395679498,9.17569493322518,0.007898538101911878,0.9921014618980881,"Normal approximation: mean=calibrated_projection, sd=pass_attempts_backtest_calibrated_RMSE",Medium,ROUTE_PROXY_UNVALIDATED|LOW_CURRENT_SAMPLE|LOW_PLAYER_SAMPLE,HISTORICAL TEST ONLY,"Research only - no odds, edge, or betting recommendation."
D.Carr,NO,NYG,QB,37.5,15.93204170902733,13.353814395679498,9.17569493322518,0.0042499738983703406,0.9957500261016297,"Normal approximation: mean=calibrated_projection, sd=pass_attempts_backtest_calibrated_RMSE",Medium,ROUTE_PROXY_UNVALIDATED|LOW_CURRENT_SAMPLE|LOW_PLAYER_SAMPLE,HISTORICAL TEST ONLY,"Research only - no odds, edge, or betting recommendation."
D.Carr,NO,NYG,QB,39.5,15.93204170902733,13.353814395679498,9.17569493322518,0.002189368115126822,0.9978106318848732,"Normal approximation: mean=calibrated_projection, sd=pass_attempts_backtest_calibrated_RMSE",Medium,ROUTE_PROXY_UNVALIDATED|LOW_CURRENT_SAMPLE|LOW_PLAYER_SAMPLE,HISTORICAL TEST ONLY,"Research only - no odds, edge, or betting recommendation."
D.Carr,NO,NYG,QB,41.5,15.93204170902733,13.353814395679498,9.17569493322518,0.0010793890839242426,0.9989206109160758,"Normal approximation: mean=calibrated_projection, sd=pass_attempts_backtest_calibrated_RMSE",Medium,ROUTE_PROXY_UNVALIDATED|LOW_CURRENT_SAMPLE|LOW_PLAYER_SAMPLE,HISTORICAL TEST ONLY,"Research only - no odds, edge, or betting recommendation."
D.Carr,NO,NYG,QB,43.5,15.93204170902733,13.353814395679498,9.17569493322518,0.0005091180134293438,0.9994908819865707,"Normal approximation: mean=calibrated_projection, sd=pass_attempts_backtest_calibrated_RMSE",Medium,ROUTE_PROXY_UNVALIDATED|LOW_CURRENT_SAMPLE|LOW_PLAYER_SAMPLE,HISTORICAL TEST ONLY,"Research only - no odds, edge, or betting recommendation."
D.Carr,NO,NYG,QB,45.5,15.93204170902733,13.353814395679498,9.17569493322518,0.00022967428745190865,0.9997703257125481,"Normal approximation: mean=calibrated_projection, sd=pass_attempts_backtest_calibrated_RMSE",Medium,ROUTE_PROXY_UNVALIDATED|LOW_CURRENT_SAMPLE|LOW_PLAYER_SAMPLE,HISTORICAL TEST ONLY,"Research only - no odds, edge, or betting recommendation."
J.Hall,MIN,GB,QB,19.5,15.832827638512873,13.27065579571555,9.17569493322518,0.24860182435040423,0.7513981756495958,"Normal approximation: mean=calibrated_projection, sd=pass_attempts_backtest_calibrated_RMSE",Medium,ROUTE_PROXY_UNVALIDATED|LOW_CURRENT_SAMPLE|LOW_PLAYER_SAMPLE|LOW_QB_ATTEMPT_SAMPLE,HISTORICAL TEST ONLY,"Research only - no odds, edge, or betting recommendation."
J.Hall,MIN,GB,QB,21.5,15.832827638512873,13.27065579571555,9.17569493322518,0.18489592793301735,0.8151040720669827,"Normal approximation: mean=calibrated_projection, sd=pass_attempts_backtest_calibrated_RMSE",Medium,ROUTE_PROXY_UNVALIDATED|LOW_CURRENT_SAMPLE|LOW_PLAYER_SAMPLE|LOW_QB_ATTEMPT_SAMPLE,HISTORICAL TEST ONLY,"Research only - no odds, edge, or betting recommendation."
J.Hall,MIN,GB,QB,23.5,15.832827638512873,13.27065579571555,9.17569493322518,0.13246154042141378,0.8675384595785862,"Normal approximation: mean=calibrated_projection, sd=pass_attempts_backtest_calibrated_RMSE",Medium,ROUTE_PROXY_UNVALIDATED|LOW_CURRENT_SAMPLE|LOW_PLAYER_SAMPLE|LOW_QB_ATTEMPT_SAMPLE,HISTORICAL TEST ONLY,"Research only - no odds, edge, or betting recommendation."
J.Hall,MIN,GB,QB,25.5,15.832827638512873,13.27065579571555,9.17569493322518,0.09129911643589472,0.9087008835641053,"Normal approximation: mean=calibrated_projection, sd=pass_attempts_backtest_calibrated_RMSE",Medium,ROUTE_PROXY_UNVALIDATED|LOW_CURRENT_SAMPLE|LOW_PLAYER_SAMPLE|LOW_QB_ATTEMPT_SAMPLE,HISTORICAL TEST ONLY,"Research only - no odds, edge, or betting recommendation."
J.Hall,MIN,GB,QB,27.5,15.832827638512873,13.27065579571555,9.17569493322518,0.06047903621804551,0.9395209637819545,"Normal approximation: mean=calibrated_projection, sd=pass_attempts_backtest_calibrated_RMSE",Medium,ROUTE_PROXY_UNVALIDATED|LOW_CURRENT_SAMPLE|LOW_PLAYER_SAMPLE|LOW_QB_ATTEMPT_SAMPLE,HISTORICAL TEST ONLY,"Research only - no odds, edge, or betting recommendation."
J.Hall,MIN,GB,QB,29.5,15.832827638512873,13.27065579571555,9.17569493322518,0.03846931422270983,0.9615306857772902,"Normal approximation: mean=calibrated_projection, sd=pass_attempts_backtest_calibrated_RMSE",Medium,ROUTE_PROXY_UNVALIDATED|LOW_CURRENT_SAMPLE|LOW_PLAYER_SAMPLE|LOW_QB_ATTEMPT_SAMPLE,HISTORICAL TEST ONLY,"Research only - no odds, edge, or betting recommendation."
J.Hall,MIN,GB,QB,31.5,15.832827638512873,13.27065579571555,9.17569493322518,0.023477879809170155,0.9765221201908298,"Normal approximation: mean=calibrated_projection, sd=pass_attempts_backtest_calibrated_RMSE",Medium,ROUTE_PROXY_UNVALIDATED|LOW_CURRENT_SAMPLE|LOW_PLAYER_SAMPLE|LOW_QB_ATTEMPT_SAMPLE,HISTORICAL TEST ONLY,"Research only - no odds, edge, or betting recommendation."
J.Hall,MIN,GB,QB,33.5,15.832827638512873,13.27065579571555,9.17569493322518,0.013738764366235556,0.9862612356337644,"Normal approximation: mean=calibrated_projection, sd=pass_attempts_backtest_calibrated_RMSE",Medium,ROUTE_PROXY_UNVALIDATED|LOW_CURRENT_SAMPLE|LOW_PLAYER_SAMPLE|LOW_QB_ATTEMPT_SAMPLE,HISTORICAL TEST ONLY,"Research only - no odds, edge, or betting recommendation."
J.Hall,MIN,GB,QB,35.5,15.832827638512873,13.27065579571555,9.17569493322518,0.007704235538883553,0.9922957644611164,"Normal approximation: mean=calibrated_projection, sd=pass_attempts_backtest_calibrated_RMSE",Medium,ROUTE_PROXY_UNVALIDATED|LOW_CURRENT_SAMPLE|LOW_PLAYER_SAMPLE|LOW_QB_ATTEMPT_SAMPLE,HISTORICAL TEST ONLY,"Research only - no odds, edge, or betting recommendation."
J.Hall,MIN,GB,QB,37.5,15.832827638512873,13.27065579571555,9.17569493322518,0.004137962713567922,0.9958620372864321,"Normal approximation: mean=calibrated_projection, sd=pass_attempts_backtest_calibrated_RMSE",Medium,ROUTE_PROXY_UNVALIDATED|LOW_CURRENT_SAMPLE|LOW_PLAYER_SAMPLE|LOW_QB_ATTEMPT_SAMPLE,HISTORICAL TEST ONLY,"Research only - no odds, edge, or betting recommendation."
J.Hall,MIN,GB,QB,39.5,15.832827638512873,13.27065579571555,9.17569493322518,0.0021277921533147115,0.9978722078466853,"Normal approximation: mean=calibrated_projection, sd=pass_attempts_backtest_calibrated_RMSE",Medium,ROUTE_PROXY_UNVALIDATED|LOW_CURRENT_SAMPLE|LOW_PLAYER_SAMPLE|LOW_QB_ATTEMPT_SAMPLE,HISTORICAL TEST ONLY,"Research only - no odds, edge, or betting recommendation."
J.Hall,MIN,GB,QB,41.5,15.832827638512873,13.27065579571555,9.17569493322518,0.001047109496966625,0.9989528905030334,"Normal approximation: mean=calibrated_projection, sd=pass_attempts_backtest_calibrated_RMSE",Medium,ROUTE_PROXY_UNVALIDATED|LOW_CURRENT_SAMPLE|LOW_PLAYER_SAMPLE|LOW_QB_ATTEMPT_SAMPLE,HISTORICAL TEST ONLY,"Research only - no odds, edge, or betting recommendation."
J.Hall,MIN,GB,QB,43.5,15.832827638512873,13.27065579571555,9.17569493322518,0.0004929814263763266,0.9995070185736237,"Normal approximation: mean=calibrated_projection, sd=pass_attempts_backtest_calibrated_RMSE",Medium,ROUTE_PROXY_UNVALIDATED|LOW_CURRENT_SAMPLE|LOW_PLAYER_SAMPLE|LOW_QB_ATTEMPT_SAMPLE,HISTORICAL TEST ONLY,"Research only - no odds, edge, or betting recommendation."
J.Hall,MIN,GB,QB,45.5,15.832827638512873,13.27065579571555,9.17569493322518,0.00022198187870436925,0.9997780181212956,"Normal approximation: mean=calibrated_projection, sd=pass_attempts_backtest_calibrated_RMSE",Medium,ROUTE_PROXY_UNVALIDATED|LOW_CURRENT_SAMPLE|LOW_PLAYER_SAMPLE|LOW_QB_ATTEMPT_SAMPLE,HISTORICAL TEST ONLY,"Research only - no odds, edge, or betting recommendation."
J.Dobbs,SF,ARI,QB,19.5,15.715498065836412,13.172313262770883,9.17569493322518,0.24521851296536945,0.7547814870346305,"Normal approximation: mean=calibrated_projection, sd=pass_attempts_backtest_calibrated_RMSE",Medium,ROUTE_PROXY_UNVALIDATED|LOW_CURRENT_SAMPLE|LOW_PLAYER_SAMPLE,HISTORICAL TEST ONLY,"Research only - no odds, edge, or betting recommendation."
J.Dobbs,SF,ARI,QB,21.5,15.715498065836412,13.172313262770883,9.17569493322518,0.182049808020316,0.817950191979684,"Normal approximation: mean=calibrated_projection, sd=pass_attempts_backtest_calibrated_RMSE",Medium,ROUTE_PROXY_UNVALIDATED|LOW_CURRENT_SAMPLE|LOW_PLAYER_SAMPLE,HISTORICAL TEST ONLY,"Research only - no odds, edge, or betting recommendation."
J.Dobbs,SF,ARI,QB,23.5,15.715498065836412,13.172313262770883,9.17569493322518,0.1301784062963821,0.8698215937036179,"Normal approximation: mean=calibrated_projection, sd=pass_attempts_backtest_calibrated_RMSE",Medium,ROUTE_PROXY_UNVALIDATED|LOW_CURRENT_SAMPLE|LOW_PLAYER_SAMPLE,HISTORICAL TEST ONLY,"Research only - no odds, edge, or betting recommendation."
J.Dobbs,SF,ARI,QB,25.5,15.715498065836412,13.172313262770883,9.17569493322518,0.08955258396366172,0.9104474160363383,"Normal approximation: mean=calibrated_projection, sd=pass_attempts_backtest_calibrated_RMSE",Medium,ROUTE_PROXY_UNVALIDATED|LOW_CURRENT_SAMPLE|LOW_PLAYER_SAMPLE,HISTORICAL TEST ONLY,"Research only - no odds, edge, or betting recommendation."
J.Dobbs,SF,ARI,QB,27.5,15.715498065836412,13.172313262770883,9.17569493322518,0.059204979061240115,0.9407950209387599,"Normal approximation: mean=calibrated_projection, sd=pass_attempts_backtest_calibrated_RMSE",Medium,ROUTE_PROXY_UNVALIDATED|LOW_CURRENT_SAMPLE|LOW_PLAYER_SAMPLE,HISTORICAL TEST ONLY,"Research only - no odds, edge, or betting recommendation."
J.Dobbs,SF,ARI,QB,29.5,15.715498065836412,13.172313262770883,9.17569493322518,0.037583039900574766,0.9624169600994252,"Normal approximation: mean=calibrated_projection, sd=pass_attempts_backtest_calibrated_RMSE",Medium,ROUTE_PROXY_UNVALIDATED|LOW_CURRENT_SAMPLE|LOW_PLAYER_SAMPLE,HISTORICAL TEST ONLY,"Research only - no odds, edge, or betting recommendation."
J.Dobbs,SF,ARI,QB,31.5,15.715498065836412,13.172313262770883,9.17569493322518,0.022889964959858622,0.9771100350401414,"Normal approximation: mean=calibrated_projection, sd=pass_attempts_backtest_calibrated_RMSE",Medium,ROUTE_PROXY_UNVALIDATED|LOW_CURRENT_SAMPLE|LOW_PLAYER_SAMPLE,HISTORICAL TEST ONLY,"Research only - no odds, edge, or betting recommendation."
J.Dobbs,SF,ARI,QB,33.5,15.715498065836412,13.172313262770883,9.17569493322518,0.013366863063037027,0.986633136936963,"Normal approximation: mean=calibrated_projection, sd=pass_attempts_backtest_calibrated_RMSE",Medium,ROUTE_PROXY_UNVALIDATED|LOW_CURRENT_SAMPLE|LOW_PLAYER_SAMPLE,HISTORICAL TEST ONLY,"Research only - no odds, edge, or betting recommendation."
J.Dobbs,SF,ARI,QB,35.5,15.715498065836412,13.172313262770883,9.17569493322518,0.007479894886402105,0.9925201051135979,"Normal approximation: mean=calibrated_projection, sd=pass_attempts_backtest_calibrated_RMSE",Medium,ROUTE_PROXY_UNVALIDATED|LOW_CURRENT_SAMPLE|LOW_PLAYER_SAMPLE,HISTORICAL TEST ONLY,"Research only - no odds, edge, or betting recommendation."
J.Dobbs,SF,ARI,QB,37.5,15.715498065836412,13.172313262770883,9.17569493322518,0.004008913528920299,0.9959910864710797,"Normal approximation: mean=calibrated_projection, sd=pass_attempts_backtest_calibrated_RMSE",Medium,ROUTE_PROXY_UNVALIDATED|LOW_CURRENT_SAMPLE|LOW_PLAYER_SAMPLE,HISTORICAL TEST ONLY,"Research only - no odds, edge, or betting recommendation."
J.Dobbs,SF,ARI,QB,39.5,15.715498065836412,13.172313262770883,9.17569493322518,0.002057002536895558,0.9979429974631044,"Normal approximation: mean=calibrated_projection, sd=pass_attempts_backtest_calibrated_RMSE",Medium,ROUTE_PROXY_UNVALIDATED|LOW_CURRENT_SAMPLE|LOW_PLAYER_SAMPLE,HISTORICAL TEST ONLY,"Research only - no odds, edge, or betting recommendation."
J.Dobbs,SF,ARI,QB,41.5,15.715498065836412,13.172313262770883,9.17569493322518,0.0010100797400593997,0.9989899202599406,"Normal approximation: mean=calibrated_projection, sd=pass_attempts_backtest_calibrated_RMSE",Medium,ROUTE_PROXY_UNVALIDATED|LOW_CURRENT_SAMPLE|LOW_PLAYER_SAMPLE,HISTORICAL TEST ONLY,"Research only - no odds, edge, or betting recommendation."
J.Dobbs,SF,ARI,QB,43.5,15.715498065836412,13.172313262770883,9.17569493322518,0.00047451005369603116,0.999525489946304,"Normal approximation: mean=calibrated_projection, sd=pass_attempts_backtest_calibrated_RMSE",Medium,ROUTE_PROXY_UNVALIDATED|LOW_CURRENT_SAMPLE|LOW_PLAYER_SAMPLE,HISTORICAL TEST ONLY,"Research only - no odds, edge, or betting recommendation."
J.Dobbs,SF,ARI,QB,45.5,15.715498065836412,13.172313262770883,9.17569493322518,0.00021319540753483857,0.9997868045924652,"Normal approximation: mean=calibrated_projection, sd=pass_attempts_backtest_calibrated_RMSE",Medium,ROUTE_PROXY_UNVALIDATED|LOW_CURRENT_SAMPLE|LOW_PLAYER_SAMPLE,HISTORICAL TEST ONLY,"Research only - no odds, edge, or betting recommendation."
J.Love,GB,PHI,QB,19.5,15.478499690106196,12.973667516081331,9.17569493322518,0.2384606315536073,0.7615393684463927,"Normal approximation: mean=calibrated_projection, sd=pass_attempts_backtest_calibrated_RMSE",Medium,ROUTE_PROXY_UNVALIDATED|LOW_CURRENT_SAMPLE|LOW_PLAYER_SAMPLE,HISTORICAL TEST ONLY,"Research only - no odds, edge, or betting recommendation."
J.Love,GB,PHI,QB,21.5,15.478499690106196,12.973667516081331,9.17569493322518,0.17638490981877775,0.8236150901812223,"Normal approximation: mean=calibrated_projection, sd=pass_attempts_backtest_calibrated_RMSE",Medium,ROUTE_PROXY_UNVALIDATED|LOW_CURRENT_SAMPLE|LOW_PLAYER_SAMPLE,HISTORICAL TEST ONLY,"Research only - no odds, edge, or betting recommendation."
J.Love,GB,PHI,QB,23.5,15.478499690106196,12.973667516081331,9.17569493322518,0.12565004291640958,0.8743499570835904,"Normal approximation: mean=calibrated_projection, sd=pass_attempts_backtest_calibrated_RMSE",Medium,ROUTE_PROXY_UNVALIDATED|LOW_CURRENT_SAMPLE|LOW_PLAYER_SAMPLE,HISTORICAL TEST ONLY,"Research only - no odds, edge, or betting recommendation."
J.Love,GB,PHI,QB,25.5,15.478499690106196,12.973667516081331,9.17569493322518,0.08610068523834924,0.9138993147616508,"Normal approximation: mean=calibrated_projection, sd=pass_attempts_backtest_calibrated_RMSE",Medium,ROUTE_PROXY_UNVALIDATED|LOW_CURRENT_SAMPLE|LOW_PLAYER_SAMPLE,HISTORICAL TEST ONLY,"Research only - no odds, edge, or betting recommendation."
J.Love,GB,PHI,QB,27.5,15.478499690106196,12.973667516081331,9.17569493322518,0.05669573770060299,0.943304262299397,"Normal approximation: mean=calibrated_projection, sd=pass_attempts_backtest_calibrated_RMSE",Medium,ROUTE_PROXY_UNVALIDATED|LOW_CURRENT_SAMPLE|LOW_PLAYER_SAMPLE,HISTORICAL TEST ONLY,"Research only - no odds, edge, or betting recommendation."
J.Love,GB,PHI,QB,29.5,15.478499690106196,12.973667516081331,9.17569493322518,0.035843660006373734,0.9641563399936263,"Normal approximation: mean=calibrated_projection, sd=pass_attempts_backtest_calibrated_RMSE",Medium,ROUTE_PROXY_UNVALIDATED|LOW_CURRENT_SAMPLE|LOW_PLAYER_SAMPLE,HISTORICAL TEST ONLY,"Research only - no odds, edge, or betting recommendation."
J.Love,GB,PHI,QB,31.5,15.478499690106196,12.973667516081331,9.17569493322518,0.021740186760239588,0.9782598132397604,"Normal approximation: mean=calibrated_projection, sd=pass_attempts_backtest_calibrated_RMSE",Medium,ROUTE_PROXY_UNVALIDATED|LOW_CURRENT_SAMPLE|LOW_PLAYER_SAMPLE,HISTORICAL TEST ONLY,"Research only - no odds, edge, or betting recommendation."
J.Love,GB,PHI,QB,33.5,15.478499690106196,12.973667516081331,9.17569493322518,0.012642091224335683,0.9873579087756643,"Normal approximation: mean=calibrated_projection, sd=pass_attempts_backtest_calibrated_RMSE",Medium,ROUTE_PROXY_UNVALIDATED|LOW_CURRENT_SAMPLE|LOW_PLAYER_SAMPLE,HISTORICAL TEST ONLY,"Research only - no odds, edge, or betting recommendation."
J.Love,GB,PHI,QB,35.5,15.478499690106196,12.973667516081331,9.17569493322518,0.007044226380029883,0.9929557736199701,"Normal approximation: mean=calibrated_projection, sd=pass_attempts_backtest_calibrated_RMSE",Medium,ROUTE_PROXY_UNVALIDATED|LOW_CURRENT_SAMPLE|LOW_PLAYER_SAMPLE,HISTORICAL TEST ONLY,"Research only - no odds, edge, or betting recommendation."
J.Love,GB,PHI,QB,37.5,15.478499690106196,12.973667516081331,9.17569493322518,0.0037591789734617853,0.9962408210265382,"Normal approximation: mean=calibrated_projection, sd=pass_attempts_backtest_calibrated_RMSE",Medium,ROUTE_PROXY_UNVALIDATED|LOW_CURRENT_SAMPLE|LOW_PLAYER_SAMPLE,HISTORICAL TEST ONLY,"Research only - no odds, edge, or betting recommendation."
J.Love,GB,PHI,QB,39.5,15.478499690106196,12.973667516081331,9.17569493322518,0.0019204911974797234,0.9980795088025203,"Normal approximation: mean=calibrated_projection, sd=pass_attempts_backtest_calibrated_RMSE",Medium,ROUTE_PROXY_UNVALIDATED|LOW_CURRENT_SAMPLE|LOW_PLAYER_SAMPLE,HISTORICAL TEST ONLY,"Research only - no odds, edge, or betting recommendation."
J.Love,GB,PHI,QB,41.5,15.478499690106196,12.973667516081331,9.17569493322518,0.0009389212977735095,0.9990610787022265,"Normal approximation: mean=calibrated_projection, sd=pass_attempts_backtest_calibrated_RMSE",Medium,ROUTE_PROXY_UNVALIDATED|LOW_CURRENT_SAMPLE|LOW_PLAYER_SAMPLE,HISTORICAL TEST ONLY,"Research only - no odds, edge, or betting recommendation."
J.Love,GB,PHI,QB,43.5,15.478499690106196,12.973667516081331,9.17569493322518,0.0004391386941304809,0.9995608613058695,"Normal approximation: mean=calibrated_projection, sd=pass_attempts_backtest_calibrated_RMSE",Medium,ROUTE_PROXY_UNVALIDATED|LOW_CURRENT_SAMPLE|LOW_PLAYER_SAMPLE,HISTORICAL TEST ONLY,"Research only - no odds, edge, or betting recommendation."
J.Love,GB,PHI,QB,45.5,15.478499690106196,12.973667516081331,9.17569493322518,0.0001964288196522057,0.9998035711803478,"Normal approximation: mean=calibrated_projection, sd=pass_attempts_backtest_calibrated_RMSE",Medium,ROUTE_PROXY_UNVALIDATED|LOW_CURRENT_SAMPLE|LOW_PLAYER_SAMPLE,HISTORICAL TEST ONLY,"Research only - no odds, edge, or betting recommendation."
C.Stroud,HOU,KC,QB,19.5,15.225218706787484,12.761374119982774,9.17569493322518,0.2313526421069454,0.7686473578930546,"Normal approximation: mean=calibrated_projection, sd=pass_attempts_backtest_calibrated_RMSE",Medium,ROUTE_PROXY_UNVALIDATED|LOW_CURRENT_SAMPLE|LOW_PLAYER_SAMPLE,HISTORICAL TEST ONLY,"Research only - no odds, edge, or betting recommendation."
C.Stroud,HOU,KC,QB,21.5,15.225218706787484,12.761374119982774,9.17569493322518,0.17045553245020617,0.8295444675497938,"Normal approximation: mean=calibrated_projection, sd=pass_attempts_backtest_calibrated_RMSE",Medium,ROUTE_PROXY_UNVALIDATED|LOW_CURRENT_SAMPLE|LOW_PLAYER_SAMPLE,HISTORICAL TEST ONLY,"Research only - no odds, edge, or betting recommendation."
C.Stroud,HOU,KC,QB,23.5,15.225218706787484,12.761374119982774,9.17569493322518,0.1209333333065783,0.8790666666934217,"Normal approximation: mean=calibrated_projection, sd=pass_attempts_backtest_calibrated_RMSE",Medium,ROUTE_PROXY_UNVALIDATED|LOW_CURRENT_SAMPLE|LOW_PLAYER_SAMPLE,HISTORICAL TEST ONLY,"Research only - no odds, edge, or betting recommendation."
C.Stroud,HOU,KC,QB,25.5,15.225218706787484,12.761374119982774,9.17569493322518,0.08252271340285144,0.9174772865971486,"Normal approximation: mean=calibrated_projection, sd=pass_attempts_backtest_calibrated_RMSE",Medium,ROUTE_PROXY_UNVALIDATED|LOW_CURRENT_SAMPLE|LOW_PLAYER_SAMPLE,HISTORICAL TEST ONLY,"Research only - no odds, edge, or betting recommendation."
C.Stroud,HOU,KC,QB,27.5,15.225218706787484,12.761374119982774,9.17569493322518,0.05410751032295669,0.9458924896770433,"Normal approximation: mean=calibrated_projection, sd=pass_attempts_backtest_calibrated_RMSE",Medium,ROUTE_PROXY_UNVALIDATED|LOW_CURRENT_SAMPLE|LOW_PLAYER_SAMPLE,HISTORICAL TEST ONLY,"Research only - no odds, edge, or betting recommendation."
C.Stroud,HOU,KC,QB,29.5,15.225218706787484,12.761374119982774,9.17569493322518,0.03405825944689367,0.9659417405531063,"Normal approximation: mean=calibrated_projection, sd=pass_attempts_backtest_calibrated_RMSE",Medium,ROUTE_PROXY_UNVALIDATED|LOW_CURRENT_SAMPLE|LOW_PLAYER_SAMPLE,HISTORICAL TEST ONLY,"Research only - no odds, edge, or betting recommendation."
C.Stroud,HOU,KC,QB,31.5,15.225218706787484,12.761374119982774,9.17569493322518,0.0205657310685452,0.9794342689314548,"Normal approximation: mean=calibrated_projection, sd=pass_attempts_backtest_calibrated_RMSE",Medium,ROUTE_PROXY_UNVALIDATED|LOW_CURRENT_SAMPLE|LOW_PLAYER_SAMPLE,HISTORICAL TEST ONLY,"Research only - no odds, edge, or betting recommendation."
C.Stroud,HOU,KC,QB,33.5,15.225218706787484,12.761374119982774,9.17569493322518,0.01190536634220285,0.9880946336577972,"Normal approximation: mean=calibrated_projection, sd=pass_attempts_backtest_calibrated_RMSE",Medium,ROUTE_PROXY_UNVALIDATED|LOW_CURRENT_SAMPLE|LOW_PLAYER_SAMPLE,HISTORICAL TEST ONLY,"Research only - no odds, edge, or betting recommendation."
C.Stroud,HOU,KC,QB,35.5,15.225218706787484,12.761374119982774,9.17569493322518,0.006603527679864607,0.9933964723201354,"Normal approximation: mean=calibrated_projection, sd=pass_attempts_backtest_calibrated_RMSE",Medium,ROUTE_PROXY_UNVALIDATED|LOW_CURRENT_SAMPLE|LOW_PLAYER_SAMPLE,HISTORICAL TEST ONLY,"Research only - no odds, edge, or betting recommendation."
C.Stroud,HOU,KC,QB,37.5,15.225218706787484,12.761374119982774,9.17569493322518,0.003507790169487768,0.9964922098305122,"Normal approximation: mean=calibrated_projection, sd=pass_attempts_backtest_calibrated_RMSE",Medium,ROUTE_PROXY_UNVALIDATED|LOW_CURRENT_SAMPLE|LOW_PLAYER_SAMPLE,HISTORICAL TEST ONLY,"Research only - no odds, edge, or betting recommendation."
C.Stroud,HOU,KC,QB,39.5,15.225218706787484,12.761374119982774,9.17569493322518,0.0017837441921159103,0.9982162558078841,"Normal approximation: mean=calibrated_projection, sd=pass_attempts_backtest_calibrated_RMSE",Medium,ROUTE_PROXY_UNVALIDATED|LOW_CURRENT_SAMPLE|LOW_PLAYER_SAMPLE,HISTORICAL TEST ONLY,"Research only - no odds, edge, or betting recommendation."
C.Stroud,HOU,KC,QB,41.5,15.225218706787484,12.761374119982774,9.17569493322518,0.0008679868082555053,0.9991320131917445,"Normal approximation: mean=calibrated_projection, sd=pass_attempts_backtest_calibrated_RMSE",Medium,ROUTE_PROXY_UNVALIDATED|LOW_CURRENT_SAMPLE|LOW_PLAYER_SAMPLE,HISTORICAL TEST ONLY,"Research only - no odds, edge, or betting recommendation."
C.Stroud,HOU,KC,QB,43.5,15.225218706787484,12.761374119982774,9.17569493322518,0.00040405019425771016,0.9995959498057423,"Normal approximation: mean=calibrated_projection, sd=pass_attempts_backtest_calibrated_RMSE",Medium,ROUTE_PROXY_UNVALIDATED|LOW_CURRENT_SAMPLE|LOW_PLAYER_SAMPLE,HISTORICAL TEST ONLY,"Research only - no odds, edge, or betting recommendation."
C.Stroud,HOU,KC,QB,45.5,15.225218706787484,12.761374119982774,9.17569493322518,0.00017987722333989709,0.9998201227766601,"Normal approximation: mean=calibrated_projection, sd=pass_attempts_backtest_calibrated_RMSE",Medium,ROUTE_PROXY_UNVALIDATED|LOW_CURRENT_SAMPLE|LOW_PLAYER_SAMPLE,HISTORICAL TEST ONLY,"Research only - no odds, edge, or betting recommendation."
J.Garoppolo,LA,SEA,QB,19.5,14.530383252202911,12.178981488484546,9.17569493322518,0.21247275224398354,0.7875272477560165,"Normal approximation: mean=calibrated_projection, sd=pass_attempts_backtest_calibrated_RMSE",Medium,ROUTE_PROXY_UNVALIDATED|LOW_CURRENT_SAMPLE|LOW_PLAYER_SAMPLE,HISTORICAL TEST ONLY,"Research only - no odds, edge, or betting recommendation."
J.Garoppolo,LA,SEA,QB,21.5,14.530383252202911,12.178981488484546,9.17569493322518,0.15485329655073565,0.8451467034492643,"Normal approximation: mean=calibrated_projection, sd=pass_attempts_backtest_calibrated_RMSE",Medium,ROUTE_PROXY_UNVALIDATED|LOW_CURRENT_SAMPLE|LOW_PLAYER_SAMPLE,HISTORICAL TEST ONLY,"Research only - no odds, edge, or betting recommendation."
J.Garoppolo,LA,SEA,QB,23.5,14.530383252202911,12.178981488484546,9.17569493322518,0.10863778335810581,0.8913622166418942,"Normal approximation: mean=calibrated_projection, sd=pass_attempts_backtest_calibrated_RMSE",Medium,ROUTE_PROXY_UNVALIDATED|LOW_CURRENT_SAMPLE|LOW_PLAYER_SAMPLE,HISTORICAL TEST ONLY,"Research only - no odds, edge, or betting recommendation."
J.Garoppolo,LA,SEA,QB,25.5,14.530383252202911,12.178981488484546,9.17569493322518,0.07328248277243932,0.9267175172275607,"Normal approximation: mean=calibrated_projection, sd=pass_attempts_backtest_calibrated_RMSE",Medium,ROUTE_PROXY_UNVALIDATED|LOW_CURRENT_SAMPLE|LOW_PLAYER_SAMPLE,HISTORICAL TEST ONLY,"Research only - no odds, edge, or betting recommendation."
J.Garoppolo,LA,SEA,QB,27.5,14.530383252202911,12.178981488484546,9.17569493322518,0.04748547646048018,0.9525145235395198,"Normal approximation: mean=calibrated_projection, sd=pass_attempts_backtest_calibrated_RMSE",Medium,ROUTE_PROXY_UNVALIDATED|LOW_CURRENT_SAMPLE|LOW_PLAYER_SAMPLE,HISTORICAL TEST ONLY,"Research only - no odds, edge, or betting recommendation."
J.Garoppolo,LA,SEA,QB,29.5,14.530383252202911,12.178981488484546,9.17569493322518,0.029532684975157597,0.9704673150248424,"Normal approximation: mean=calibrated_projection, sd=pass_attempts_backtest_calibrated_RMSE",Medium,ROUTE_PROXY_UNVALIDATED|LOW_CURRENT_SAMPLE|LOW_PLAYER_SAMPLE,HISTORICAL TEST ONLY,"Research only - no odds, edge, or betting recommendation."
J.Garoppolo,LA,SEA,QB,31.5,14.530383252202911,12.178981488484546,9.17569493322518,0.017616357620836798,0.9823836423791632,"Normal approximation: mean=calibrated_projection, sd=pass_attempts_backtest_calibrated_RMSE",Medium,ROUTE_PROXY_UNVALIDATED|LOW_CURRENT_SAMPLE|LOW_PLAYER_SAMPLE,HISTORICAL TEST ONLY,"Research only - no odds, edge, or betting recommendation."
J.Garoppolo,LA,SEA,QB,33.5,14.530383252202911,12.178981488484546,9.17569493322518,0.010072378659595427,0.9899276213404046,"Normal approximation: mean=calibrated_projection, sd=pass_attempts_backtest_calibrated_RMSE",Medium,ROUTE_PROXY_UNVALIDATED|LOW_CURRENT_SAMPLE|LOW_PLAYER_SAMPLE,HISTORICAL TEST ONLY,"Research only - no odds, edge, or betting recommendation."
J.Garoppolo,LA,SEA,QB,35.5,14.530383252202911,12.178981488484546,9.17569493322518,0.005517194470935793,0.9944828055290642,"Normal approximation: mean=calibrated_projection, sd=pass_attempts_backtest_calibrated_RMSE",Medium,ROUTE_PROXY_UNVALIDATED|LOW_CURRENT_SAMPLE|LOW_PLAYER_SAMPLE,HISTORICAL TEST ONLY,"Research only - no odds, edge, or betting recommendation."
J.Garoppolo,LA,SEA,QB,37.5,14.530383252202911,12.178981488484546,9.17569493322518,0.0028938298647974703,0.9971061701352025,"Normal approximation: mean=calibrated_projection, sd=pass_attempts_backtest_calibrated_RMSE",Medium,ROUTE_PROXY_UNVALIDATED|LOW_CURRENT_SAMPLE|LOW_PLAYER_SAMPLE,HISTORICAL TEST ONLY,"Research only - no odds, edge, or betting recommendation."
J.Garoppolo,LA,SEA,QB,39.5,14.530383252202911,12.178981488484546,9.17569493322518,0.001452848391334749,0.9985471516086653,"Normal approximation: mean=calibrated_projection, sd=pass_attempts_backtest_calibrated_RMSE",Medium,ROUTE_PROXY_UNVALIDATED|LOW_CURRENT_SAMPLE|LOW_PLAYER_SAMPLE,HISTORICAL TEST ONLY,"Research only - no odds, edge, or betting recommendation."
J.Garoppolo,LA,SEA,QB,41.5,14.530383252202911,12.178981488484546,9.17569493322518,0.0006979214168871817,0.9993020785831128,"Normal approximation: mean=calibrated_projection, sd=pass_attempts_backtest_calibrated_RMSE",Medium,ROUTE_PROXY_UNVALIDATED|LOW_CURRENT_SAMPLE|LOW_PLAYER_SAMPLE,HISTORICAL TEST ONLY,"Research only - no odds, edge, or betting recommendation."
J.Garoppolo,LA,SEA,QB,43.5,14.530383252202911,12.178981488484546,9.17569493322518,0.00032069851530569515,0.9996793014846943,"Normal approximation: mean=calibrated_projection, sd=pass_attempts_backtest_calibrated_RMSE",Medium,ROUTE_PROXY_UNVALIDATED|LOW_CURRENT_SAMPLE|LOW_PLAYER_SAMPLE,HISTORICAL TEST ONLY,"Research only - no odds, edge, or betting recommendation."
J.Garoppolo,LA,SEA,QB,45.5,14.530383252202911,12.178981488484546,9.17569493322518,0.00014092013573308027,0.9998590798642669,"Normal approximation: mean=calibrated_projection, sd=pass_attempts_backtest_calibrated_RMSE",Medium,ROUTE_PROXY_UNVALIDATED|LOW_CURRENT_SAMPLE|LOW_PLAYER_SAMPLE,HISTORICAL TEST ONLY,"Research only - no odds, edge, or betting recommendation."
S.Howell,SEA,GB,QB,19.5,14.232634926795647,11.929416746769109,9.17569493322518,0.20466615310871705,0.795333846891283,"Normal approximation: mean=calibrated_projection, sd=pass_attempts_backtest_calibrated_RMSE",Medium,ROUTE_PROXY_UNVALIDATED|LOW_CURRENT_SAMPLE|LOW_PLAYER_SAMPLE,HISTORICAL TEST ONLY,"Research only - no odds, edge, or betting recommendation."
S.Howell,SEA,GB,QB,21.5,14.232634926795647,11.929416746769109,9.17569493322518,0.14846573137459318,0.8515342686254068,"Normal approximation: mean=calibrated_projection, sd=pass_attempts_backtest_calibrated_RMSE",Medium,ROUTE_PROXY_UNVALIDATED|LOW_CURRENT_SAMPLE|LOW_PLAYER_SAMPLE,HISTORICAL TEST ONLY,"Research only - no odds, edge, or betting recommendation."
S.Howell,SEA,GB,QB,23.5,14.232634926795647,11.929416746769109,9.17569493322518,0.10365379645839812,0.8963462035416019,"Normal approximation: mean=calibrated_projection, sd=pass_attempts_backtest_calibrated_RMSE",Medium,ROUTE_PROXY_UNVALIDATED|LOW_CURRENT_SAMPLE|LOW_PLAYER_SAMPLE,HISTORICAL TEST ONLY,"Research only - no odds, edge, or betting recommendation."
S.Howell,SEA,GB,QB,25.5,14.232634926795647,11.929416746769109,9.17569493322518,0.06957408320379832,0.9304259167962017,"Normal approximation: mean=calibrated_projection, sd=pass_attempts_backtest_calibrated_RMSE",Medium,ROUTE_PROXY_UNVALIDATED|LOW_CURRENT_SAMPLE|LOW_PLAYER_SAMPLE,HISTORICAL TEST ONLY,"Research only - no odds, edge, or betting recommendation."
S.Howell,SEA,GB,QB,27.5,14.232634926795647,11.929416746769109,9.17569493322518,0.04485421361225583,0.9551457863877442,"Normal approximation: mean=calibrated_projection, sd=pass_attempts_backtest_calibrated_RMSE",Medium,ROUTE_PROXY_UNVALIDATED|LOW_CURRENT_SAMPLE|LOW_PLAYER_SAMPLE,HISTORICAL TEST ONLY,"Research only - no odds, edge, or betting recommendation."
S.Howell,SEA,GB,QB,29.5,14.232634926795647,11.929416746769109,9.17569493322518,0.02775231595811878,0.9722476840418812,"Normal approximation: mean=calibrated_projection, sd=pass_attempts_backtest_calibrated_RMSE",Medium,ROUTE_PROXY_UNVALIDATED|LOW_CURRENT_SAMPLE|LOW_PLAYER_SAMPLE,HISTORICAL TEST ONLY,"Research only - no odds, edge, or betting recommendation."
S.Howell,SEA,GB,QB,31.5,14.232634926795647,11.929416746769109,9.17569493322518,0.01646761190701662,0.9835323880929834,"Normal approximation: mean=calibrated_projection, sd=pass_attempts_backtest_calibrated_RMSE",Medium,ROUTE_PROXY_UNVALIDATED|LOW_CURRENT_SAMPLE|LOW_PLAYER_SAMPLE,HISTORICAL TEST ONLY,"Research only - no odds, edge, or betting recommendation."
S.Howell,SEA,GB,QB,33.5,14.232634926795647,11.929416746769109,9.17569493322518,0.009365563489335593,0.9906344365106644,"Normal approximation: mean=calibrated_projection, sd=pass_attempts_backtest_calibrated_RMSE",Medium,ROUTE_PROXY_UNVALIDATED|LOW_CURRENT_SAMPLE|LOW_PLAYER_SAMPLE,HISTORICAL TEST ONLY,"Research only - no odds, edge, or betting recommendation."
S.Howell,SEA,GB,QB,35.5,14.232634926795647,11.929416746769109,9.17569493322518,0.005102473590080758,0.9948975264099192,"Normal approximation: mean=calibrated_projection, sd=pass_attempts_backtest_calibrated_RMSE",Medium,ROUTE_PROXY_UNVALIDATED|LOW_CURRENT_SAMPLE|LOW_PLAYER_SAMPLE,HISTORICAL TEST ONLY,"Research only - no odds, edge, or betting recommendation."
S.Howell,SEA,GB,QB,37.5,14.232634926795647,11.929416746769109,9.17569493322518,0.0026617838979678954,0.9973382161020321,"Normal approximation: mean=calibrated_projection, sd=pass_attempts_backtest_calibrated_RMSE",Medium,ROUTE_PROXY_UNVALIDATED|LOW_CURRENT_SAMPLE|LOW_PLAYER_SAMPLE,HISTORICAL TEST ONLY,"Research only - no odds, edge, or betting recommendation."
S.Howell,SEA,GB,QB,39.5,14.232634926795647,11.929416746769109,9.17569493322518,0.001329037107090869,0.9986709628929091,"Normal approximation: mean=calibrated_projection, sd=pass_attempts_backtest_calibrated_RMSE",Medium,ROUTE_PROXY_UNVALIDATED|LOW_CURRENT_SAMPLE|LOW_PLAYER_SAMPLE,HISTORICAL TEST ONLY,"Research only - no odds, edge, or betting recommendation."
S.Howell,SEA,GB,QB,41.5,14.232634926795647,11.929416746769109,9.17569493322518,0.000634925193521596,0.9993650748064784,"Normal approximation: mean=calibrated_projection, sd=pass_attempts_backtest_calibrated_RMSE",Medium,ROUTE_PROXY_UNVALIDATED|LOW_CURRENT_SAMPLE|LOW_PLAYER_SAMPLE,HISTORICAL TEST ONLY,"Research only - no odds, edge, or betting recommendation."
S.Howell,SEA,GB,QB,43.5,14.232634926795647,11.929416746769109,9.17569493322518,0.00029013263685151447,0.9997098673631485,"Normal approximation: mean=calibrated_projection, sd=pass_attempts_backtest_calibrated_RMSE",Medium,ROUTE_PROXY_UNVALIDATED|LOW_CURRENT_SAMPLE|LOW_PLAYER_SAMPLE,HISTORICAL TEST ONLY,"Research only - no odds, edge, or betting recommendation."
S.Howell,SEA,GB,QB,45.5,14.232634926795647,11.929416746769109,9.17569493322518,0.00012677759848989112,0.9998732224015101,"Normal approximation: mean=calibrated_projection, sd=pass_attempts_backtest_calibrated_RMSE",Medium,ROUTE_PROXY_UNVALIDATED|LOW_CURRENT_SAMPLE|LOW_PLAYER_SAMPLE,HISTORICAL TEST ONLY,"Research only - no odds, edge, or betting recommendation."
P.Mahomes,KC,PHI,QB,19.5,14.081298687677837,11.80257072882438,9.17569493322518,0.2007645857270446,0.7992354142729554,"Normal approximation: mean=calibrated_projection, sd=pass_attempts_backtest_calibrated_RMSE",Medium,ROUTE_PROXY_UNVALIDATED|LOW_CURRENT_SAMPLE|LOW_PLAYER_SAMPLE,HISTORICAL TEST ONLY,"Research only - no odds, edge, or betting recommendation."
P.Mahomes,KC,PHI,QB,21.5,14.081298687677837,11.80257072882438,9.17569493322518,0.14528763556372915,0.8547123644362709,"Normal approximation: mean=calibrated_projection, sd=pass_attempts_backtest_calibrated_RMSE",Medium,ROUTE_PROXY_UNVALIDATED|LOW_CURRENT_SAMPLE|LOW_PLAYER_SAMPLE,HISTORICAL TEST ONLY,"Research only - no odds, edge, or betting recommendation."
P.Mahomes,KC,PHI,QB,23.5,14.081298687677837,11.80257072882438,9.17569493322518,0.10118513237315452,0.8988148676268455,"Normal approximation: mean=calibrated_projection, sd=pass_attempts_backtest_calibrated_RMSE",Medium,ROUTE_PROXY_UNVALIDATED|LOW_CURRENT_SAMPLE|LOW_PLAYER_SAMPLE,HISTORICAL TEST ONLY,"Research only - no odds, edge, or betting recommendation."
P.Mahomes,KC,PHI,QB,25.5,14.081298687677837,11.80257072882438,9.17569493322518,0.06774546031807693,0.9322545396819231,"Normal approximation: mean=calibrated_projection, sd=pass_attempts_backtest_calibrated_RMSE",Medium,ROUTE_PROXY_UNVALIDATED|LOW_CURRENT_SAMPLE|LOW_PLAYER_SAMPLE,HISTORICAL TEST ONLY,"Research only - no odds, edge, or betting recommendation."
P.Mahomes,KC,PHI,QB,27.5,14.081298687677837,11.80257072882438,9.17569493322518,0.04356253805430832,0.9564374619456917,"Normal approximation: mean=calibrated_projection, sd=pass_attempts_backtest_calibrated_RMSE",Medium,ROUTE_PROXY_UNVALIDATED|LOW_CURRENT_SAMPLE|LOW_PLAYER_SAMPLE,HISTORICAL TEST ONLY,"Research only - no odds, edge, or betting recommendation."
P.Mahomes,KC,PHI,QB,29.5,14.081298687677837,11.80257072882438,9.17569493322518,0.026882254619021717,0.9731177453809783,"Normal approximation: mean=calibrated_projection, sd=pass_attempts_backtest_calibrated_RMSE",Medium,ROUTE_PROXY_UNVALIDATED|LOW_CURRENT_SAMPLE|LOW_PLAYER_SAMPLE,HISTORICAL TEST ONLY,"Research only - no odds, edge, or betting recommendation."
P.Mahomes,KC,PHI,QB,31.5,14.081298687677837,11.80257072882438,9.17569493322518,0.015908738506436593,0.9840912614935634,"Normal approximation: mean=calibrated_projection, sd=pass_attempts_backtest_calibrated_RMSE",Medium,ROUTE_PROXY_UNVALIDATED|LOW_CURRENT_SAMPLE|LOW_PLAYER_SAMPLE,HISTORICAL TEST ONLY,"Research only - no odds, edge, or betting recommendation."
P.Mahomes,KC,PHI,QB,33.5,14.081298687677837,11.80257072882438,9.17569493322518,0.009023234129831081,0.9909767658701689,"Normal approximation: mean=calibrated_projection, sd=pass_attempts_backtest_calibrated_RMSE",Medium,ROUTE_PROXY_UNVALIDATED|LOW_CURRENT_SAMPLE|LOW_PLAYER_SAMPLE,HISTORICAL TEST ONLY,"Research only - no odds, edge, or betting recommendation."
P.Mahomes,KC,PHI,QB,35.5,14.081298687677837,11.80257072882438,9.17569493322518,0.004902514112252954,0.995097485887747,"Normal approximation: mean=calibrated_projection, sd=pass_attempts_backtest_calibrated_RMSE",Medium,ROUTE_PROXY_UNVALIDATED|LOW_CURRENT_SAMPLE|LOW_PLAYER_SAMPLE,HISTORICAL TEST ONLY,"Research only - no odds, edge, or betting recommendation."
P.Mahomes,KC,PHI,QB,37.5,14.081298687677837,11.80257072882438,9.17569493322518,0.0025504039580432902,0.9974495960419567,"Normal approximation: mean=calibrated_projection, sd=pass_attempts_backtest_calibrated_RMSE",Medium,ROUTE_PROXY_UNVALIDATED|LOW_CURRENT_SAMPLE|LOW_PLAYER_SAMPLE,HISTORICAL TEST ONLY,"Research only - no odds, edge, or betting recommendation."
P.Mahomes,KC,PHI,QB,39.5,14.081298687677837,11.80257072882438,9.17569493322518,0.0012698756170588243,0.9987301243829412,"Normal approximation: mean=calibrated_projection, sd=pass_attempts_backtest_calibrated_RMSE",Medium,ROUTE_PROXY_UNVALIDATED|LOW_CURRENT_SAMPLE|LOW_PLAYER_SAMPLE,HISTORICAL TEST ONLY,"Research only - no odds, edge, or betting recommendation."
P.Mahomes,KC,PHI,QB,41.5,14.081298687677837,11.80257072882438,9.17569493322518,0.0006049585317099426,0.9993950414682901,"Normal approximation: mean=calibrated_projection, sd=pass_attempts_backtest_calibrated_RMSE",Medium,ROUTE_PROXY_UNVALIDATED|LOW_CURRENT_SAMPLE|LOW_PLAYER_SAMPLE,HISTORICAL TEST ONLY,"Research only - no odds, edge, or betting recommendation."
P.Mahomes,KC,PHI,QB,43.5,14.081298687677837,11.80257072882438,9.17569493322518,0.0002756580969218714,0.9997243419030781,"Normal approximation: mean=calibrated_projection, sd=pass_attempts_backtest_calibrated_RMSE",Medium,ROUTE_PROXY_UNVALIDATED|LOW_CURRENT_SAMPLE|LOW_PLAYER_SAMPLE,HISTORICAL TEST ONLY,"Research only - no odds, edge, or betting recommendation."
P.Mahomes,KC,PHI,QB,45.5,14.081298687677837,11.80257072882438,9.17569493322518,0.0001201104779131601,0.9998798895220868,"Normal approximation: mean=calibrated_projection, sd=pass_attempts_backtest_calibrated_RMSE",Medium,ROUTE_PROXY_UNVALIDATED|LOW_CURRENT_SAMPLE|LOW_PLAYER_SAMPLE,HISTORICAL TEST ONLY,"Research only - no odds, edge, or betting recommendation."
A.Richardson,IND,TEN,QB,19.5,13.9148475560743,11.663055809269215,9.17569493322518,0.19652530071945307,0.8034746992805469,"Normal approximation: mean=calibrated_projection, sd=pass_attempts_backtest_calibrated_RMSE",Medium,ROUTE_PROXY_UNVALIDATED|LOW_CURRENT_SAMPLE|LOW_PLAYER_SAMPLE,HISTORICAL TEST ONLY,"Research only - no odds, edge, or betting recommendation."
A.Richardson,IND,TEN,QB,21.5,13.9148475560743,11.663055809269215,9.17569493322518,0.14184535040555246,0.8581546495944475,"Normal approximation: mean=calibrated_projection, sd=pass_attempts_backtest_calibrated_RMSE",Medium,ROUTE_PROXY_UNVALIDATED|LOW_CURRENT_SAMPLE|LOW_PLAYER_SAMPLE,HISTORICAL TEST ONLY,"Research only - no odds, edge, or betting recommendation."
A.Richardson,IND,TEN,QB,23.5,13.9148475560743,11.663055809269215,9.17569493322518,0.09851969623693646,0.9014803037630635,"Normal approximation: mean=calibrated_projection, sd=pass_attempts_backtest_calibrated_RMSE",Medium,ROUTE_PROXY_UNVALIDATED|LOW_CURRENT_SAMPLE|LOW_PLAYER_SAMPLE,HISTORICAL TEST ONLY,"Research only - no odds, edge, or betting recommendation."
A.Richardson,IND,TEN,QB,25.5,13.9148475560743,11.663055809269215,9.17569493322518,0.06577731606655068,0.9342226839334493,"Normal approximation: mean=calibrated_projection, sd=pass_attempts_backtest_calibrated_RMSE",Medium,ROUTE_PROXY_UNVALIDATED|LOW_CURRENT_SAMPLE|LOW_PLAYER_SAMPLE,HISTORICAL TEST ONLY,"Research only - no odds, edge, or betting recommendation."
A.Richardson,IND,TEN,QB,27.5,13.9148475560743,11.663055809269215,9.17569493322518,0.04217669905531918,0.9578233009446808,"Normal approximation: mean=calibrated_projection, sd=pass_attempts_backtest_calibrated_RMSE",Medium,ROUTE_PROXY_UNVALIDATED|LOW_CURRENT_SAMPLE|LOW_PLAYER_SAMPLE,HISTORICAL TEST ONLY,"Research only - no odds, edge, or betting recommendation."
A.Richardson,IND,TEN,QB,29.5,13.9148475560743,11.663055809269215,9.17569493322518,0.025951712920466385,0.9740482870795336,"Normal approximation: mean=calibrated_projection, sd=pass_attempts_backtest_calibrated_RMSE",Medium,ROUTE_PROXY_UNVALIDATED|LOW_CURRENT_SAMPLE|LOW_PLAYER_SAMPLE,HISTORICAL TEST ONLY,"Research only - no odds, edge, or betting recommendation."
A.Richardson,IND,TEN,QB,31.5,13.9148475560743,11.663055809269215,9.17569493322518,0.015312903373677411,0.9846870966263226,"Normal approximation: mean=calibrated_projection, sd=pass_attempts_backtest_calibrated_RMSE",Medium,ROUTE_PROXY_UNVALIDATED|LOW_CURRENT_SAMPLE|LOW_PLAYER_SAMPLE,HISTORICAL TEST ONLY,"Research only - no odds, edge, or betting recommendation."
A.Richardson,IND,TEN,QB,33.5,13.9148475560743,11.663055809269215,9.17569493322518,0.00865941663140457,0.9913405833685954,"Normal approximation: mean=calibrated_projection, sd=pass_attempts_backtest_calibrated_RMSE",Medium,ROUTE_PROXY_UNVALIDATED|LOW_CURRENT_SAMPLE|LOW_PLAYER_SAMPLE,HISTORICAL TEST ONLY,"Research only - no odds, edge, or betting recommendation."
A.Richardson,IND,TEN,QB,35.5,13.9148475560743,11.663055809269215,9.17569493322518,0.00469067396618561,0.9953093260338144,"Normal approximation: mean=calibrated_projection, sd=pass_attempts_backtest_calibrated_RMSE",Medium,ROUTE_PROXY_UNVALIDATED|LOW_CURRENT_SAMPLE|LOW_PLAYER_SAMPLE,HISTORICAL TEST ONLY,"Research only - no odds, edge, or betting recommendation."
A.Richardson,IND,TEN,QB,37.5,13.9148475560743,11.663055809269215,9.17569493322518,0.0024327788165493525,0.9975672211834506,"Normal approximation: mean=calibrated_projection, sd=pass_attempts_backtest_calibrated_RMSE",Medium,ROUTE_PROXY_UNVALIDATED|LOW_CURRENT_SAMPLE|LOW_PLAYER_SAMPLE,HISTORICAL TEST ONLY,"Research only - no odds, edge, or betting recommendation."
A.Richardson,IND,TEN,QB,39.5,13.9148475560743,11.663055809269215,9.17569493322518,0.0012075940891455028,0.9987924059108545,"Normal approximation: mean=calibrated_projection, sd=pass_attempts_backtest_calibrated_RMSE",Medium,ROUTE_PROXY_UNVALIDATED|LOW_CURRENT_SAMPLE|LOW_PLAYER_SAMPLE,HISTORICAL TEST ONLY,"Research only - no odds, edge, or betting recommendation."
A.Richardson,IND,TEN,QB,41.5,13.9148475560743,11.663055809269215,9.17569493322518,0.0005735110722792092,0.9994264889277208,"Normal approximation: mean=calibrated_projection, sd=pass_attempts_backtest_calibrated_RMSE",Medium,ROUTE_PROXY_UNVALIDATED|LOW_CURRENT_SAMPLE|LOW_PLAYER_SAMPLE,HISTORICAL TEST ONLY,"Research only - no odds, edge, or betting recommendation."
A.Richardson,IND,TEN,QB,43.5,13.9148475560743,11.663055809269215,9.17569493322518,0.00026051624200840173,0.9997394837579916,"Normal approximation: mean=calibrated_projection, sd=pass_attempts_backtest_calibrated_RMSE",Medium,ROUTE_PROXY_UNVALIDATED|LOW_CURRENT_SAMPLE|LOW_PLAYER_SAMPLE,HISTORICAL TEST ONLY,"Research only - no odds, edge, or betting recommendation."
A.Richardson,IND,TEN,QB,45.5,13.9148475560743,11.663055809269215,9.17569493322518,0.00011315799703093266,0.9998868420029691,"Normal approximation: mean=calibrated_projection, sd=pass_attempts_backtest_calibrated_RMSE",Medium,ROUTE_PROXY_UNVALIDATED|LOW_CURRENT_SAMPLE|LOW_PLAYER_SAMPLE,HISTORICAL TEST ONLY,"Research only - no odds, edge, or betting recommendation."
T.Lawrence,JAX,HOU,QB,19.5,13.72314984283202,11.502379875232268,9.17569493322518,0.19171080486979997,0.8082891951302,"Normal approximation: mean=calibrated_projection, sd=pass_attempts_backtest_calibrated_RMSE",Medium,ROUTE_PROXY_UNVALIDATED|LOW_CURRENT_SAMPLE|LOW_PLAYER_SAMPLE,HISTORICAL TEST ONLY,"Research only - no odds, edge, or betting recommendation."
T.Lawrence,JAX,HOU,QB,21.5,13.72314984283202,11.502379875232268,9.17569493322518,0.13794990447793265,0.8620500955220674,"Normal approximation: mean=calibrated_projection, sd=pass_attempts_backtest_calibrated_RMSE",Medium,ROUTE_PROXY_UNVALIDATED|LOW_CURRENT_SAMPLE|LOW_PLAYER_SAMPLE,HISTORICAL TEST ONLY,"Research only - no odds, edge, or betting recommendation."
T.Lawrence,JAX,HOU,QB,23.5,13.72314984283202,11.502379875232268,9.17569493322518,0.09551409831676594,0.9044859016832341,"Normal approximation: mean=calibrated_projection, sd=pass_attempts_backtest_calibrated_RMSE",Medium,ROUTE_PROXY_UNVALIDATED|LOW_CURRENT_SAMPLE|LOW_PLAYER_SAMPLE,HISTORICAL TEST ONLY,"Research only - no odds, edge, or betting recommendation."
T.Lawrence,JAX,HOU,QB,25.5,13.72314984283202,11.502379875232268,9.17569493322518,0.06356589256698753,0.9364341074330125,"Normal approximation: mean=calibrated_projection, sd=pass_attempts_backtest_calibrated_RMSE",Medium,ROUTE_PROXY_UNVALIDATED|LOW_CURRENT_SAMPLE|LOW_PLAYER_SAMPLE,HISTORICAL TEST ONLY,"Research only - no odds, edge, or betting recommendation."
T.Lawrence,JAX,HOU,QB,27.5,13.72314984283202,11.502379875232268,9.17569493322518,0.04062509717731766,0.9593749028226823,"Normal approximation: mean=calibrated_projection, sd=pass_attempts_backtest_calibrated_RMSE",Medium,ROUTE_PROXY_UNVALIDATED|LOW_CURRENT_SAMPLE|LOW_PLAYER_SAMPLE,HISTORICAL TEST ONLY,"Research only - no odds, edge, or betting recommendation."
T.Lawrence,JAX,HOU,QB,29.5,13.72314984283202,11.502379875232268,9.17569493322518,0.024913572716118493,0.9750864272838815,"Normal approximation: mean=calibrated_projection, sd=pass_attempts_backtest_calibrated_RMSE",Medium,ROUTE_PROXY_UNVALIDATED|LOW_CURRENT_SAMPLE|LOW_PLAYER_SAMPLE,HISTORICAL TEST ONLY,"Research only - no odds, edge, or betting recommendation."
T.Lawrence,JAX,HOU,QB,31.5,13.72314984283202,11.502379875232268,9.17569493322518,0.014650535802382292,0.9853494641976177,"Normal approximation: mean=calibrated_projection, sd=pass_attempts_backtest_calibrated_RMSE",Medium,ROUTE_PROXY_UNVALIDATED|LOW_CURRENT_SAMPLE|LOW_PLAYER_SAMPLE,HISTORICAL TEST ONLY,"Research only - no odds, edge, or betting recommendation."
T.Lawrence,JAX,HOU,QB,33.5,13.72314984283202,11.502379875232268,9.17569493322518,0.008256412544255243,0.9917435874557448,"Normal approximation: mean=calibrated_projection, sd=pass_attempts_backtest_calibrated_RMSE",Medium,ROUTE_PROXY_UNVALIDATED|LOW_CURRENT_SAMPLE|LOW_PLAYER_SAMPLE,HISTORICAL TEST ONLY,"Research only - no odds, edge, or betting recommendation."
T.Lawrence,JAX,HOU,QB,35.5,13.72314984283202,11.502379875232268,9.17569493322518,0.004456850993785233,0.9955431490062148,"Normal approximation: mean=calibrated_projection, sd=pass_attempts_backtest_calibrated_RMSE",Medium,ROUTE_PROXY_UNVALIDATED|LOW_CURRENT_SAMPLE|LOW_PLAYER_SAMPLE,HISTORICAL TEST ONLY,"Research only - no odds, edge, or betting recommendation."
T.Lawrence,JAX,HOU,QB,37.5,13.72314984283202,11.502379875232268,9.17569493322518,0.0023034092148843666,0.9976965907851156,"Normal approximation: mean=calibrated_projection, sd=pass_attempts_backtest_calibrated_RMSE",Medium,ROUTE_PROXY_UNVALIDATED|LOW_CURRENT_SAMPLE|LOW_PLAYER_SAMPLE,HISTORICAL TEST ONLY,"Research only - no odds, edge, or betting recommendation."
T.Lawrence,JAX,HOU,QB,39.5,13.72314984283202,11.502379875232268,9.17569493322518,0.001139337490569714,0.9988606625094303,"Normal approximation: mean=calibrated_projection, sd=pass_attempts_backtest_calibrated_RMSE",Medium,ROUTE_PROXY_UNVALIDATED|LOW_CURRENT_SAMPLE|LOW_PLAYER_SAMPLE,HISTORICAL TEST ONLY,"Research only - no odds, edge, or betting recommendation."
T.Lawrence,JAX,HOU,QB,41.5,13.72314984283202,11.502379875232268,9.17569493322518,0.0005391691673817256,0.9994608308326183,"Normal approximation: mean=calibrated_projection, sd=pass_attempts_backtest_calibrated_RMSE",Medium,ROUTE_PROXY_UNVALIDATED|LOW_CURRENT_SAMPLE|LOW_PLAYER_SAMPLE,HISTORICAL TEST ONLY,"Research only - no odds, edge, or betting recommendation."
T.Lawrence,JAX,HOU,QB,43.5,13.72314984283202,11.502379875232268,9.17569493322518,0.00024403949560125593,0.9997559605043987,"Normal approximation: mean=calibrated_projection, sd=pass_attempts_backtest_calibrated_RMSE",Medium,ROUTE_PROXY_UNVALIDATED|LOW_CURRENT_SAMPLE|LOW_PLAYER_SAMPLE,HISTORICAL TEST ONLY,"Research only - no odds, edge, or betting recommendation."
T.Lawrence,JAX,HOU,QB,45.5,13.72314984283202,11.502379875232268,9.17569493322518,0.00010561948084997219,0.99989438051915,"Normal approximation: mean=calibrated_projection, sd=pass_attempts_backtest_calibrated_RMSE",Medium,ROUTE_PROXY_UNVALIDATED|LOW_CURRENT_SAMPLE|LOW_PLAYER_SAMPLE,HISTORICAL TEST ONLY,"Research only - no odds, edge, or betting recommendation."
C.Keenum,HOU,CLE,QB,19.5,13.6346249949803,11.428180697926086,9.17569493322518,0.1895120919393063,0.8104879080606937,"Normal approximation: mean=calibrated_projection, sd=pass_attempts_backtest_calibrated_RMSE",Medium,ROUTE_PROXY_UNVALIDATED|LOW_CURRENT_SAMPLE|LOW_PLAYER_SAMPLE,HISTORICAL TEST ONLY,"Research only - no odds, edge, or betting recommendation."
C.Keenum,HOU,CLE,QB,21.5,13.6346249949803,11.428180697926086,9.17569493322518,0.1361758722889741,0.8638241277110259,"Normal approximation: mean=calibrated_projection, sd=pass_attempts_backtest_calibrated_RMSE",Medium,ROUTE_PROXY_UNVALIDATED|LOW_CURRENT_SAMPLE|LOW_PLAYER_SAMPLE,HISTORICAL TEST ONLY,"Research only - no odds, edge, or betting recommendation."
C.Keenum,HOU,CLE,QB,23.5,13.6346249949803,11.428180697926086,9.17569493322518,0.09414913373143374,0.9058508662685663,"Normal approximation: mean=calibrated_projection, sd=pass_attempts_backtest_calibrated_RMSE",Medium,ROUTE_PROXY_UNVALIDATED|LOW_CURRENT_SAMPLE|LOW_PLAYER_SAMPLE,HISTORICAL TEST ONLY,"Research only - no odds, edge, or betting recommendation."
C.Keenum,HOU,CLE,QB,25.5,13.6346249949803,11.428180697926086,9.17569493322518,0.06256439893029253,0.9374356010697075,"Normal approximation: mean=calibrated_projection, sd=pass_attempts_backtest_calibrated_RMSE",Medium,ROUTE_PROXY_UNVALIDATED|LOW_CURRENT_SAMPLE|LOW_PLAYER_SAMPLE,HISTORICAL TEST ONLY,"Research only - no odds, edge, or betting recommendation."
C.Keenum,HOU,CLE,QB,27.5,13.6346249949803,11.428180697926086,9.17569493322518,0.03992438134923926,0.9600756186507607,"Normal approximation: mean=calibrated_projection, sd=pass_attempts_backtest_calibrated_RMSE",Medium,ROUTE_PROXY_UNVALIDATED|LOW_CURRENT_SAMPLE|LOW_PLAYER_SAMPLE,HISTORICAL TEST ONLY,"Research only - no odds, edge, or betting recommendation."
C.Keenum,HOU,CLE,QB,29.5,13.6346249949803,11.428180697926086,9.17569493322518,0.02444605014372636,0.9755539498562736,"Normal approximation: mean=calibrated_projection, sd=pass_attempts_backtest_calibrated_RMSE",Medium,ROUTE_PROXY_UNVALIDATED|LOW_CURRENT_SAMPLE|LOW_PLAYER_SAMPLE,HISTORICAL TEST ONLY,"Research only - no odds, edge, or betting recommendation."
C.Keenum,HOU,CLE,QB,31.5,13.6346249949803,11.428180697926086,9.17569493322518,0.014353074713916891,0.9856469252860831,"Normal approximation: mean=calibrated_projection, sd=pass_attempts_backtest_calibrated_RMSE",Medium,ROUTE_PROXY_UNVALIDATED|LOW_CURRENT_SAMPLE|LOW_PLAYER_SAMPLE,HISTORICAL TEST ONLY,"Research only - no odds, edge, or betting recommendation."
C.Keenum,HOU,CLE,QB,33.5,13.6346249949803,11.428180697926086,9.17569493322518,0.008075934380166516,0.9919240656198335,"Normal approximation: mean=calibrated_projection, sd=pass_attempts_backtest_calibrated_RMSE",Medium,ROUTE_PROXY_UNVALIDATED|LOW_CURRENT_SAMPLE|LOW_PLAYER_SAMPLE,HISTORICAL TEST ONLY,"Research only - no odds, edge, or betting recommendation."
C.Keenum,HOU,CLE,QB,35.5,13.6346249949803,11.428180697926086,9.17569493322518,0.004352430416723729,0.9956475695832763,"Normal approximation: mean=calibrated_projection, sd=pass_attempts_backtest_calibrated_RMSE",Medium,ROUTE_PROXY_UNVALIDATED|LOW_CURRENT_SAMPLE|LOW_PLAYER_SAMPLE,HISTORICAL TEST ONLY,"Research only - no odds, edge, or betting recommendation."
C.Keenum,HOU,CLE,QB,37.5,13.6346249949803,11.428180697926086,9.17569493322518,0.002245797018004314,0.9977542029819957,"Normal approximation: mean=calibrated_projection, sd=pass_attempts_backtest_calibrated_RMSE",Medium,ROUTE_PROXY_UNVALIDATED|LOW_CURRENT_SAMPLE|LOW_PLAYER_SAMPLE,HISTORICAL TEST ONLY,"Research only - no odds, edge, or betting recommendation."
C.Keenum,HOU,CLE,QB,39.5,13.6346249949803,11.428180697926086,9.17569493322518,0.001109025831601218,0.9988909741683988,"Normal approximation: mean=calibrated_projection, sd=pass_attempts_backtest_calibrated_RMSE",Medium,ROUTE_PROXY_UNVALIDATED|LOW_CURRENT_SAMPLE|LOW_PLAYER_SAMPLE,HISTORICAL TEST ONLY,"Research only - no odds, edge, or betting recommendation."
C.Keenum,HOU,CLE,QB,41.5,13.6346249949803,11.428180697926086,9.17569493322518,0.0005239611745606609,0.9994760388254393,"Normal approximation: mean=calibrated_projection, sd=pass_attempts_backtest_calibrated_RMSE",Medium,ROUTE_PROXY_UNVALIDATED|LOW_CURRENT_SAMPLE|LOW_PLAYER_SAMPLE,HISTORICAL TEST ONLY,"Research only - no odds, edge, or betting recommendation."
C.Keenum,HOU,CLE,QB,43.5,13.6346249949803,11.428180697926086,9.17569493322518,0.00023676335614386534,0.9997632366438561,"Normal approximation: mean=calibrated_projection, sd=pass_attempts_backtest_calibrated_RMSE",Medium,ROUTE_PROXY_UNVALIDATED|LOW_CURRENT_SAMPLE|LOW_PLAYER_SAMPLE,HISTORICAL TEST ONLY,"Research only - no odds, edge, or betting recommendation."
C.Keenum,HOU,CLE,QB,45.5,13.6346249949803,11.428180697926086,9.17569493322518,0.00010229979450104842,0.999897700205499,"Normal approximation: mean=calibrated_projection, sd=pass_attempts_backtest_calibrated_RMSE",Medium,ROUTE_PROXY_UNVALIDATED|LOW_CURRENT_SAMPLE|LOW_PLAYER_SAMPLE,HISTORICAL TEST ONLY,"Research only - no odds, edge, or betting recommendation."
M.Stafford,LA,PHI,QB,19.5,13.542971124550986,11.351358856964843,9.17569493322518,0.18725208446910035,0.8127479155308996,"Normal approximation: mean=calibrated_projection, sd=pass_attempts_backtest_calibrated_RMSE",Medium,ROUTE_PROXY_UNVALIDATED|LOW_CURRENT_SAMPLE|LOW_PLAYER_SAMPLE,HISTORICAL TEST ONLY,"Research only - no odds, edge, or betting recommendation."
M.Stafford,LA,PHI,QB,21.5,13.542971124550986,11.351358856964843,9.17569493322518,0.13435565234082558,0.8656443476591744,"Normal approximation: mean=calibrated_projection, sd=pass_attempts_backtest_calibrated_RMSE",Medium,ROUTE_PROXY_UNVALIDATED|LOW_CURRENT_SAMPLE|LOW_PLAYER_SAMPLE,HISTORICAL TEST ONLY,"Research only - no odds, edge, or betting recommendation."
M.Stafford,LA,PHI,QB,23.5,13.542971124550986,11.351358856964843,9.17569493322518,0.09275114138002216,0.9072488586199778,"Normal approximation: mean=calibrated_projection, sd=pass_attempts_backtest_calibrated_RMSE",Medium,ROUTE_PROXY_UNVALIDATED|LOW_CURRENT_SAMPLE|LOW_PLAYER_SAMPLE,HISTORICAL TEST ONLY,"Research only - no odds, edge, or betting recommendation."
M.Stafford,LA,PHI,QB,25.5,13.542971124550986,11.351358856964843,9.17569493322518,0.061540510461454256,0.9384594895385457,"Normal approximation: mean=calibrated_projection, sd=pass_attempts_backtest_calibrated_RMSE",Medium,ROUTE_PROXY_UNVALIDATED|LOW_CURRENT_SAMPLE|LOW_PLAYER_SAMPLE,HISTORICAL TEST ONLY,"Research only - no odds, edge, or betting recommendation."
M.Stafford,LA,PHI,QB,27.5,13.542971124550986,11.351358856964843,9.17569493322518,0.03920928026025505,0.960790719739745,"Normal approximation: mean=calibrated_projection, sd=pass_attempts_backtest_calibrated_RMSE",Medium,ROUTE_PROXY_UNVALIDATED|LOW_CURRENT_SAMPLE|LOW_PLAYER_SAMPLE,HISTORICAL TEST ONLY,"Research only - no odds, edge, or betting recommendation."
M.Stafford,LA,PHI,QB,29.5,13.542971124550986,11.351358856964843,9.17569493322518,0.0239697846056367,0.9760302153943633,"Normal approximation: mean=calibrated_projection, sd=pass_attempts_backtest_calibrated_RMSE",Medium,ROUTE_PROXY_UNVALIDATED|LOW_CURRENT_SAMPLE|LOW_PLAYER_SAMPLE,HISTORICAL TEST ONLY,"Research only - no odds, edge, or betting recommendation."
M.Stafford,LA,PHI,QB,31.5,13.542971124550986,11.351358856964843,9.17569493322518,0.014050593918180754,0.9859494060818192,"Normal approximation: mean=calibrated_projection, sd=pass_attempts_backtest_calibrated_RMSE",Medium,ROUTE_PROXY_UNVALIDATED|LOW_CURRENT_SAMPLE|LOW_PLAYER_SAMPLE,HISTORICAL TEST ONLY,"Research only - no odds, edge, or betting recommendation."
M.Stafford,LA,PHI,QB,33.5,13.542971124550986,11.351358856964843,9.17569493322518,0.007892739476892396,0.9921072605231076,"Normal approximation: mean=calibrated_projection, sd=pass_attempts_backtest_calibrated_RMSE",Medium,ROUTE_PROXY_UNVALIDATED|LOW_CURRENT_SAMPLE|LOW_PLAYER_SAMPLE,HISTORICAL TEST ONLY,"Research only - no odds, edge, or betting recommendation."
M.Stafford,LA,PHI,QB,35.5,13.542971124550986,11.351358856964843,9.17569493322518,0.004246627924530233,0.9957533720754698,"Normal approximation: mean=calibrated_projection, sd=pass_attempts_backtest_calibrated_RMSE",Medium,ROUTE_PROXY_UNVALIDATED|LOW_CURRENT_SAMPLE|LOW_PLAYER_SAMPLE,HISTORICAL TEST ONLY,"Research only - no odds, edge, or betting recommendation."
M.Stafford,LA,PHI,QB,37.5,13.542971124550986,11.351358856964843,9.17569493322518,0.0021875269748967696,0.9978124730251032,"Normal approximation: mean=calibrated_projection, sd=pass_attempts_backtest_calibrated_RMSE",Medium,ROUTE_PROXY_UNVALIDATED|LOW_CURRENT_SAMPLE|LOW_PLAYER_SAMPLE,HISTORICAL TEST ONLY,"Research only - no odds, edge, or betting recommendation."
M.Stafford,LA,PHI,QB,39.5,13.542971124550986,11.351358856964843,9.17569493322518,0.0010784229929945433,0.9989215770070055,"Normal approximation: mean=calibrated_projection, sd=pass_attempts_backtest_calibrated_RMSE",Medium,ROUTE_PROXY_UNVALIDATED|LOW_CURRENT_SAMPLE|LOW_PLAYER_SAMPLE,HISTORICAL TEST ONLY,"Research only - no odds, edge, or betting recommendation."
M.Stafford,LA,PHI,QB,41.5,13.542971124550986,11.351358856964843,9.17569493322518,0.0005086346030709343,0.9994913653969291,"Normal approximation: mean=calibrated_projection, sd=pass_attempts_backtest_calibrated_RMSE",Medium,ROUTE_PROXY_UNVALIDATED|LOW_CURRENT_SAMPLE|LOW_PLAYER_SAMPLE,HISTORICAL TEST ONLY,"Research only - no odds, edge, or betting recommendation."
M.Stafford,LA,PHI,QB,43.5,13.542971124550986,11.351358856964843,9.17569493322518,0.00022944362297860899,0.9997705563770214,"Normal approximation: mean=calibrated_projection, sd=pass_attempts_backtest_calibrated_RMSE",Medium,ROUTE_PROXY_UNVALIDATED|LOW_CURRENT_SAMPLE|LOW_PLAYER_SAMPLE,HISTORICAL TEST ONLY,"Research only - no odds, edge, or betting recommendation."
M.Stafford,LA,PHI,QB,45.5,13.542971124550986,11.351358856964843,9.17569493322518,9.896620273641688e-05,0.9999010337972636,"Normal approximation: mean=calibrated_projection, sd=pass_attempts_backtest_calibrated_RMSE",Medium,ROUTE_PROXY_UNVALIDATED|LOW_CURRENT_SAMPLE|LOW_PLAYER_SAMPLE,HISTORICAL TEST ONLY,"Research only - no odds, edge, or betting recommendation."
A.McCarron,CIN,CLE,QB,19.5,13.425075633484344,11.252541986249565,9.17569493322518,0.18436963101455772,0.8156303689854423,"Normal approximation: mean=calibrated_projection, sd=pass_attempts_backtest_calibrated_RMSE",Medium,ROUTE_PROXY_UNVALIDATED|LOW_CURRENT_SAMPLE|LOW_PLAYER_SAMPLE|LOW_QB_ATTEMPT_SAMPLE,HISTORICAL TEST ONLY,"Research only - no odds, edge, or betting recommendation."
A.McCarron,CIN,CLE,QB,21.5,13.425075633484344,11.252541986249565,9.17569493322518,0.13203894769583413,0.8679610523041659,"Normal approximation: mean=calibrated_projection, sd=pass_attempts_backtest_calibrated_RMSE",Medium,ROUTE_PROXY_UNVALIDATED|LOW_CURRENT_SAMPLE|LOW_PLAYER_SAMPLE|LOW_QB_ATTEMPT_SAMPLE,HISTORICAL TEST ONLY,"Research only - no odds, edge, or betting recommendation."
A.McCarron,CIN,CLE,QB,23.5,13.425075633484344,11.252541986249565,9.17569493322518,0.09097553766299427,0.9090244623370057,"Normal approximation: mean=calibrated_projection, sd=pass_attempts_backtest_calibrated_RMSE",Medium,ROUTE_PROXY_UNVALIDATED|LOW_CURRENT_SAMPLE|LOW_PLAYER_SAMPLE|LOW_QB_ATTEMPT_SAMPLE,HISTORICAL TEST ONLY,"Research only - no odds, edge, or betting recommendation."
A.McCarron,CIN,CLE,QB,25.5,13.425075633484344,11.252541986249565,9.17569493322518,0.060242768249330725,0.9397572317506693,"Normal approximation: mean=calibrated_projection, sd=pass_attempts_backtest_calibrated_RMSE",Medium,ROUTE_PROXY_UNVALIDATED|LOW_CURRENT_SAMPLE|LOW_PLAYER_SAMPLE|LOW_QB_ATTEMPT_SAMPLE,HISTORICAL TEST ONLY,"Research only - no odds, edge, or betting recommendation."
A.McCarron,CIN,CLE,QB,27.5,13.425075633484344,11.252541986249565,9.17569493322518,0.03830480263705849,0.9616951973629415,"Normal approximation: mean=calibrated_projection, sd=pass_attempts_backtest_calibrated_RMSE",Medium,ROUTE_PROXY_UNVALIDATED|LOW_CURRENT_SAMPLE|LOW_PLAYER_SAMPLE|LOW_QB_ATTEMPT_SAMPLE,HISTORICAL TEST ONLY,"Research only - no odds, edge, or betting recommendation."
A.McCarron,CIN,CLE,QB,29.5,13.425075633484344,11.252541986249565,9.17569493322518,0.023368646536316873,0.9766313534636831,"Normal approximation: mean=calibrated_projection, sd=pass_attempts_backtest_calibrated_RMSE",Medium,ROUTE_PROXY_UNVALIDATED|LOW_CURRENT_SAMPLE|LOW_PLAYER_SAMPLE|LOW_QB_ATTEMPT_SAMPLE,HISTORICAL TEST ONLY,"Research only - no odds, edge, or betting recommendation."
A.McCarron,CIN,CLE,QB,31.5,13.425075633484344,11.252541986249565,9.17569493322518,0.013669600347290256,0.9863303996527097,"Normal approximation: mean=calibrated_projection, sd=pass_attempts_backtest_calibrated_RMSE",Medium,ROUTE_PROXY_UNVALIDATED|LOW_CURRENT_SAMPLE|LOW_PLAYER_SAMPLE|LOW_QB_ATTEMPT_SAMPLE,HISTORICAL TEST ONLY,"Research only - no odds, edge, or betting recommendation."
A.McCarron,CIN,CLE,QB,33.5,13.425075633484344,11.252541986249565,9.17569493322518,0.007662474402016839,0.9923375255979832,"Normal approximation: mean=calibrated_projection, sd=pass_attempts_backtest_calibrated_RMSE",Medium,ROUTE_PROXY_UNVALIDATED|LOW_CURRENT_SAMPLE|LOW_PLAYER_SAMPLE|LOW_QB_ATTEMPT_SAMPLE,HISTORICAL TEST ONLY,"Research only - no odds, edge, or betting recommendation."
A.McCarron,CIN,CLE,QB,35.5,13.425075633484344,11.252541986249565,9.17569493322518,0.004113917356982411,0.9958860826430176,"Normal approximation: mean=calibrated_projection, sd=pass_attempts_backtest_calibrated_RMSE",Medium,ROUTE_PROXY_UNVALIDATED|LOW_CURRENT_SAMPLE|LOW_PLAYER_SAMPLE|LOW_QB_ATTEMPT_SAMPLE,HISTORICAL TEST ONLY,"Research only - no odds, edge, or betting recommendation."
A.McCarron,CIN,CLE,QB,37.5,13.425075633484344,11.252541986249565,9.17569493322518,0.0021145896298548905,0.9978854103701451,"Normal approximation: mean=calibrated_projection, sd=pass_attempts_backtest_calibrated_RMSE",Medium,ROUTE_PROXY_UNVALIDATED|LOW_CURRENT_SAMPLE|LOW_PLAYER_SAMPLE|LOW_QB_ATTEMPT_SAMPLE,HISTORICAL TEST ONLY,"Research only - no odds, edge, or betting recommendation."
A.McCarron,CIN,CLE,QB,39.5,13.425075633484344,11.252541986249565,9.17569493322518,0.0010401967686146651,0.9989598032313853,"Normal approximation: mean=calibrated_projection, sd=pass_attempts_backtest_calibrated_RMSE",Medium,ROUTE_PROXY_UNVALIDATED|LOW_CURRENT_SAMPLE|LOW_PLAYER_SAMPLE|LOW_QB_ATTEMPT_SAMPLE,HISTORICAL TEST ONLY,"Research only - no odds, edge, or betting recommendation."
A.McCarron,CIN,CLE,QB,41.5,13.425075633484344,11.252541986249565,9.17569493322518,0.000489529918642484,0.9995104700813575,"Normal approximation: mean=calibrated_projection, sd=pass_attempts_backtest_calibrated_RMSE",Medium,ROUTE_PROXY_UNVALIDATED|LOW_CURRENT_SAMPLE|LOW_PLAYER_SAMPLE|LOW_QB_ATTEMPT_SAMPLE,HISTORICAL TEST ONLY,"Research only - no odds, edge, or betting recommendation."
A.McCarron,CIN,CLE,QB,43.5,13.425075633484344,11.252541986249565,9.17569493322518,0.00022033850994063187,0.9997796614900594,"Normal approximation: mean=calibrated_projection, sd=pass_attempts_backtest_calibrated_RMSE",Medium,ROUTE_PROXY_UNVALIDATED|LOW_CURRENT_SAMPLE|LOW_PLAYER_SAMPLE|LOW_QB_ATTEMPT_SAMPLE,HISTORICAL TEST ONLY,"Research only - no odds, edge, or betting recommendation."
A.McCarron,CIN,CLE,QB,45.5,13.425075633484344,11.252541986249565,9.17569493322518,9.482813281214142e-05,0.9999051718671879,"Normal approximation: mean=calibrated_projection, sd=pass_attempts_backtest_calibrated_RMSE",Medium,ROUTE_PROXY_UNVALIDATED|LOW_CURRENT_SAMPLE|LOW_PLAYER_SAMPLE|LOW_QB_ATTEMPT_SAMPLE,HISTORICAL TEST ONLY,"Research only - no odds, edge, or betting recommendation."
K.Cousins,ATL,LV,QB,19.5,13.215786926153182,11.077121747974113,9.17569493322518,0.1793211211194108,0.8206788788805892,"Normal approximation: mean=calibrated_projection, sd=pass_attempts_backtest_calibrated_RMSE",Medium,ROUTE_PROXY_UNVALIDATED|LOW_CURRENT_SAMPLE|LOW_PLAYER_SAMPLE,HISTORICAL TEST ONLY,"Research only - no odds, edge, or betting recommendation."
K.Cousins,ATL,LV,QB,21.5,13.215786926153182,11.077121747974113,9.17569493322518,0.1279945021013016,0.8720054978986984,"Normal approximation: mean=calibrated_projection, sd=pass_attempts_backtest_calibrated_RMSE",Medium,ROUTE_PROXY_UNVALIDATED|LOW_CURRENT_SAMPLE|LOW_PLAYER_SAMPLE,HISTORICAL TEST ONLY,"Research only - no odds, edge, or betting recommendation."
K.Cousins,ATL,LV,QB,23.5,13.215786926153182,11.077121747974113,9.17569493322518,0.08788579562095311,0.9121142043790469,"Normal approximation: mean=calibrated_projection, sd=pass_attempts_backtest_calibrated_RMSE",Medium,ROUTE_PROXY_UNVALIDATED|LOW_CURRENT_SAMPLE|LOW_PLAYER_SAMPLE,HISTORICAL TEST ONLY,"Research only - no odds, edge, or betting recommendation."
K.Cousins,ATL,LV,QB,25.5,13.215786926153182,11.077121747974113,9.17569493322518,0.057991885432920665,0.9420081145670793,"Normal approximation: mean=calibrated_projection, sd=pass_attempts_backtest_calibrated_RMSE",Medium,ROUTE_PROXY_UNVALIDATED|LOW_CURRENT_SAMPLE|LOW_PLAYER_SAMPLE,HISTORICAL TEST ONLY,"Research only - no odds, edge, or betting recommendation."
K.Cousins,ATL,LV,QB,27.5,13.215786926153182,11.077121747974113,9.17569493322518,0.036741111452449515,0.9632588885475505,"Normal approximation: mean=calibrated_projection, sd=pass_attempts_backtest_calibrated_RMSE",Medium,ROUTE_PROXY_UNVALIDATED|LOW_CURRENT_SAMPLE|LOW_PLAYER_SAMPLE,HISTORICAL TEST ONLY,"Research only - no odds, edge, or betting recommendation."
K.Cousins,ATL,LV,QB,29.5,13.215786926153182,11.077121747974113,9.17569493322518,0.022332749647696826,0.9776672503523032,"Normal approximation: mean=calibrated_projection, sd=pass_attempts_backtest_calibrated_RMSE",Medium,ROUTE_PROXY_UNVALIDATED|LOW_CURRENT_SAMPLE|LOW_PLAYER_SAMPLE,HISTORICAL TEST ONLY,"Research only - no odds, edge, or betting recommendation."
K.Cousins,ATL,LV,QB,31.5,13.215786926153182,11.077121747974113,9.17569493322518,0.013015190978593827,0.9869848090214062,"Normal approximation: mean=calibrated_projection, sd=pass_attempts_backtest_calibrated_RMSE",Medium,ROUTE_PROXY_UNVALIDATED|LOW_CURRENT_SAMPLE|LOW_PLAYER_SAMPLE,HISTORICAL TEST ONLY,"Research only - no odds, edge, or betting recommendation."
K.Cousins,ATL,LV,QB,33.5,13.215786926153182,11.077121747974113,9.17569493322518,0.0072682441692615285,0.9927317558307385,"Normal approximation: mean=calibrated_projection, sd=pass_attempts_backtest_calibrated_RMSE",Medium,ROUTE_PROXY_UNVALIDATED|LOW_CURRENT_SAMPLE|LOW_PLAYER_SAMPLE,HISTORICAL TEST ONLY,"Research only - no odds, edge, or betting recommendation."
K.Cousins,ATL,LV,QB,35.5,13.215786926153182,11.077121747974113,9.17569493322518,0.0038874436528348877,0.9961125563471651,"Normal approximation: mean=calibrated_projection, sd=pass_attempts_backtest_calibrated_RMSE",Medium,ROUTE_PROXY_UNVALIDATED|LOW_CURRENT_SAMPLE|LOW_PLAYER_SAMPLE,HISTORICAL TEST ONLY,"Research only - no odds, edge, or betting recommendation."
K.Cousins,ATL,LV,QB,37.5,13.215786926153182,11.077121747974113,9.17569493322518,0.00199052354456164,0.9980094764554384,"Normal approximation: mean=calibrated_projection, sd=pass_attempts_backtest_calibrated_RMSE",Medium,ROUTE_PROXY_UNVALIDATED|LOW_CURRENT_SAMPLE|LOW_PLAYER_SAMPLE,HISTORICAL TEST ONLY,"Research only - no odds, edge, or betting recommendation."
K.Cousins,ATL,LV,QB,39.5,13.215786926153182,11.077121747974113,9.17569493322518,0.0009753847104234659,0.9990246152895765,"Normal approximation: mean=calibrated_projection, sd=pass_attempts_backtest_calibrated_RMSE",Medium,ROUTE_PROXY_UNVALIDATED|LOW_CURRENT_SAMPLE|LOW_PLAYER_SAMPLE,HISTORICAL TEST ONLY,"Research only - no odds, edge, or betting recommendation."
K.Cousins,ATL,LV,QB,41.5,13.215786926153182,11.077121747974113,9.17569493322518,0.0004572430455849208,0.9995427569544151,"Normal approximation: mean=calibrated_projection, sd=pass_attempts_backtest_calibrated_RMSE",Medium,ROUTE_PROXY_UNVALIDATED|LOW_CURRENT_SAMPLE|LOW_PLAYER_SAMPLE,HISTORICAL TEST ONLY,"Research only - no odds, edge, or betting recommendation."
K.Cousins,ATL,LV,QB,43.5,13.215786926153182,11.077121747974113,9.17569493322518,0.0002050006913166813,0.9997949993086833,"Normal approximation: mean=calibrated_projection, sd=pass_attempts_backtest_calibrated_RMSE",Medium,ROUTE_PROXY_UNVALIDATED|LOW_CURRENT_SAMPLE|LOW_PLAYER_SAMPLE,HISTORICAL TEST ONLY,"Research only - no odds, edge, or betting recommendation."
K.Cousins,ATL,LV,QB,45.5,13.215786926153182,11.077121747974113,9.17569493322518,8.78799914146855e-05,0.9999121200085853,"Normal approximation: mean=calibrated_projection, sd=pass_attempts_backtest_calibrated_RMSE",Medium,ROUTE_PROXY_UNVALIDATED|LOW_CURRENT_SAMPLE|LOW_PLAYER_SAMPLE,HISTORICAL TEST ONLY,"Research only - no odds, edge, or betting recommendation."
J.Fields,PIT,BAL,QB,19.5,12.968517537484658,10.869867110915155,9.17569493322518,0.173469628808393,0.826530371191607,"Normal approximation: mean=calibrated_projection, sd=pass_attempts_backtest_calibrated_RMSE",Medium,ROUTE_PROXY_UNVALIDATED|LOW_CURRENT_SAMPLE|LOW_PLAYER_SAMPLE,HISTORICAL TEST ONLY,"Research only - no odds, edge, or betting recommendation."
J.Fields,PIT,BAL,QB,21.5,12.968517537484658,10.869867110915155,9.17569493322518,0.12332801876983845,0.8766719812301615,"Normal approximation: mean=calibrated_projection, sd=pass_attempts_backtest_calibrated_RMSE",Medium,ROUTE_PROXY_UNVALIDATED|LOW_CURRENT_SAMPLE|LOW_PLAYER_SAMPLE,HISTORICAL TEST ONLY,"Research only - no odds, edge, or betting recommendation."
J.Fields,PIT,BAL,QB,23.5,12.968517537484658,10.869867110915155,9.17569493322518,0.08433700410197631,0.9156629958980237,"Normal approximation: mean=calibrated_projection, sd=pass_attempts_backtest_calibrated_RMSE",Medium,ROUTE_PROXY_UNVALIDATED|LOW_CURRENT_SAMPLE|LOW_PLAYER_SAMPLE,HISTORICAL TEST ONLY,"Research only - no odds, edge, or betting recommendation."
J.Fields,PIT,BAL,QB,25.5,12.968517537484658,10.869867110915155,9.17569493322518,0.05541829791359287,0.9445817020864071,"Normal approximation: mean=calibrated_projection, sd=pass_attempts_backtest_calibrated_RMSE",Medium,ROUTE_PROXY_UNVALIDATED|LOW_CURRENT_SAMPLE|LOW_PLAYER_SAMPLE,HISTORICAL TEST ONLY,"Research only - no odds, edge, or betting recommendation."
J.Fields,PIT,BAL,QB,27.5,12.968517537484658,10.869867110915155,9.17569493322518,0.03496133652457756,0.9650386634754224,"Normal approximation: mean=calibrated_projection, sd=pass_attempts_backtest_calibrated_RMSE",Medium,ROUTE_PROXY_UNVALIDATED|LOW_CURRENT_SAMPLE|LOW_PLAYER_SAMPLE,HISTORICAL TEST ONLY,"Research only - no odds, edge, or betting recommendation."
J.Fields,PIT,BAL,QB,29.5,12.968517537484658,10.869867110915155,9.17569493322518,0.02115904475597885,0.9788409552440211,"Normal approximation: mean=calibrated_projection, sd=pass_attempts_backtest_calibrated_RMSE",Medium,ROUTE_PROXY_UNVALIDATED|LOW_CURRENT_SAMPLE|LOW_PLAYER_SAMPLE,HISTORICAL TEST ONLY,"Research only - no odds, edge, or betting recommendation."
J.Fields,PIT,BAL,QB,31.5,12.968517537484658,10.869867110915155,9.17569493322518,0.012277082095221381,0.9877229179047786,"Normal approximation: mean=calibrated_projection, sd=pass_attempts_backtest_calibrated_RMSE",Medium,ROUTE_PROXY_UNVALIDATED|LOW_CURRENT_SAMPLE|LOW_PLAYER_SAMPLE,HISTORICAL TEST ONLY,"Research only - no odds, edge, or betting recommendation."
J.Fields,PIT,BAL,QB,33.5,12.968517537484658,10.869867110915155,9.17569493322518,0.006825605208797048,0.993174394791203,"Normal approximation: mean=calibrated_projection, sd=pass_attempts_backtest_calibrated_RMSE",Medium,ROUTE_PROXY_UNVALIDATED|LOW_CURRENT_SAMPLE|LOW_PLAYER_SAMPLE,HISTORICAL TEST ONLY,"Research only - no odds, edge, or betting recommendation."
J.Fields,PIT,BAL,QB,35.5,12.968517537484658,10.869867110915155,9.17569493322518,0.0036343119563844173,0.9963656880436156,"Normal approximation: mean=calibrated_projection, sd=pass_attempts_backtest_calibrated_RMSE",Medium,ROUTE_PROXY_UNVALIDATED|LOW_CURRENT_SAMPLE|LOW_PLAYER_SAMPLE,HISTORICAL TEST ONLY,"Research only - no odds, edge, or betting recommendation."
J.Fields,PIT,BAL,QB,37.5,12.968517537484658,10.869867110915155,9.17569493322518,0.001852481586939625,0.9981475184130604,"Normal approximation: mean=calibrated_projection, sd=pass_attempts_backtest_calibrated_RMSE",Medium,ROUTE_PROXY_UNVALIDATED|LOW_CURRENT_SAMPLE|LOW_PLAYER_SAMPLE,HISTORICAL TEST ONLY,"Research only - no odds, edge, or betting recommendation."
J.Fields,PIT,BAL,QB,39.5,12.968517537484658,10.869867110915155,9.17569493322518,0.0009035981117080372,0.999096401888292,"Normal approximation: mean=calibrated_projection, sd=pass_attempts_backtest_calibrated_RMSE",Medium,ROUTE_PROXY_UNVALIDATED|LOW_CURRENT_SAMPLE|LOW_PLAYER_SAMPLE,HISTORICAL TEST ONLY,"Research only - no odds, edge, or betting recommendation."
J.Fields,PIT,BAL,QB,41.5,12.968517537484658,10.869867110915155,9.17569493322518,0.00042164359206575686,0.9995783564079342,"Normal approximation: mean=calibrated_projection, sd=pass_attempts_backtest_calibrated_RMSE",Medium,ROUTE_PROXY_UNVALIDATED|LOW_CURRENT_SAMPLE|LOW_PLAYER_SAMPLE,HISTORICAL TEST ONLY,"Research only - no odds, edge, or betting recommendation."
J.Fields,PIT,BAL,QB,43.5,12.968517537484658,10.869867110915155,9.17569493322518,0.00018816577456870487,0.9998118342254313,"Normal approximation: mean=calibrated_projection, sd=pass_attempts_backtest_calibrated_RMSE",Medium,ROUTE_PROXY_UNVALIDATED|LOW_CURRENT_SAMPLE|LOW_PLAYER_SAMPLE,HISTORICAL TEST ONLY,"Research only - no odds, edge, or betting recommendation."
J.Fields,PIT,BAL,QB,45.5,12.968517537484658,10.869867110915155,9.17569493322518,8.028816442950948e-05,0.9999197118355705,"Normal approximation: mean=calibrated_projection, sd=pass_attempts_backtest_calibrated_RMSE",Medium,ROUTE_PROXY_UNVALIDATED|LOW_CURRENT_SAMPLE|LOW_PLAYER_SAMPLE,HISTORICAL TEST ONLY,"Research only - no odds, edge, or betting recommendation."
M.Jones,JAX,IND,QB,19.5,12.647552184817664,10.600842473317686,9.17569493322518,0.1660576502746387,0.8339423497253613,"Normal approximation: mean=calibrated_projection, sd=pass_attempts_backtest_calibrated_RMSE",Medium,ROUTE_PROXY_UNVALIDATED|LOW_CURRENT_SAMPLE|LOW_PLAYER_SAMPLE,HISTORICAL TEST ONLY,"Research only - no odds, edge, or betting recommendation."
M.Jones,JAX,IND,QB,21.5,12.647552184817664,10.600842473317686,9.17569493322518,0.11745037202830444,0.8825496279716956,"Normal approximation: mean=calibrated_projection, sd=pass_attempts_backtest_calibrated_RMSE",Medium,ROUTE_PROXY_UNVALIDATED|LOW_CURRENT_SAMPLE|LOW_PLAYER_SAMPLE,HISTORICAL TEST ONLY,"Research only - no odds, edge, or betting recommendation."
M.Jones,JAX,IND,QB,23.5,12.647552184817664,10.600842473317686,9.17569493322518,0.07989231798611052,0.9201076820138895,"Normal approximation: mean=calibrated_projection, sd=pass_attempts_backtest_calibrated_RMSE",Medium,ROUTE_PROXY_UNVALIDATED|LOW_CURRENT_SAMPLE|LOW_PLAYER_SAMPLE,HISTORICAL TEST ONLY,"Research only - no odds, edge, or betting recommendation."
M.Jones,JAX,IND,QB,25.5,12.647552184817664,10.600842473317686,9.17569493322518,0.05221315793989045,0.9477868420601095,"Normal approximation: mean=calibrated_projection, sd=pass_attempts_backtest_calibrated_RMSE",Medium,ROUTE_PROXY_UNVALIDATED|LOW_CURRENT_SAMPLE|LOW_PLAYER_SAMPLE,HISTORICAL TEST ONLY,"Research only - no odds, edge, or betting recommendation."
M.Jones,JAX,IND,QB,27.5,12.647552184817664,10.600842473317686,9.17569493322518,0.03275728779102449,0.9672427122089755,"Normal approximation: mean=calibrated_projection, sd=pass_attempts_backtest_calibrated_RMSE",Medium,ROUTE_PROXY_UNVALIDATED|LOW_CURRENT_SAMPLE|LOW_PLAYER_SAMPLE,HISTORICAL TEST ONLY,"Research only - no odds, edge, or betting recommendation."
M.Jones,JAX,IND,QB,29.5,12.647552184817664,10.600842473317686,9.17569493322518,0.019713725884168976,0.980286274115831,"Normal approximation: mean=calibrated_projection, sd=pass_attempts_backtest_calibrated_RMSE",Medium,ROUTE_PROXY_UNVALIDATED|LOW_CURRENT_SAMPLE|LOW_PLAYER_SAMPLE,HISTORICAL TEST ONLY,"Research only - no odds, edge, or betting recommendation."
M.Jones,JAX,IND,QB,31.5,12.647552184817664,10.600842473317686,9.17569493322518,0.011373277714741503,0.9886267222852585,"Normal approximation: mean=calibrated_projection, sd=pass_attempts_backtest_calibrated_RMSE",Medium,ROUTE_PROXY_UNVALIDATED|LOW_CURRENT_SAMPLE|LOW_PLAYER_SAMPLE,HISTORICAL TEST ONLY,"Research only - no odds, edge, or betting recommendation."
M.Jones,JAX,IND,QB,33.5,12.647552184817664,10.600842473317686,9.17569493322518,0.006286648976356224,0.9937133510236438,"Normal approximation: mean=calibrated_projection, sd=pass_attempts_backtest_calibrated_RMSE",Medium,ROUTE_PROXY_UNVALIDATED|LOW_CURRENT_SAMPLE|LOW_PLAYER_SAMPLE,HISTORICAL TEST ONLY,"Research only - no odds, edge, or betting recommendation."
M.Jones,JAX,IND,QB,35.5,12.647552184817664,10.600842473317686,9.17569493322518,0.0033278328710120153,0.996672167128988,"Normal approximation: mean=calibrated_projection, sd=pass_attempts_backtest_calibrated_RMSE",Medium,ROUTE_PROXY_UNVALIDATED|LOW_CURRENT_SAMPLE|LOW_PLAYER_SAMPLE,HISTORICAL TEST ONLY,"Research only - no odds, edge, or betting recommendation."
M.Jones,JAX,IND,QB,37.5,12.647552184817664,10.600842473317686,9.17569493322518,0.001686287152755872,0.9983137128472441,"Normal approximation: mean=calibrated_projection, sd=pass_attempts_backtest_calibrated_RMSE",Medium,ROUTE_PROXY_UNVALIDATED|LOW_CURRENT_SAMPLE|LOW_PLAYER_SAMPLE,HISTORICAL TEST ONLY,"Research only - no odds, edge, or betting recommendation."
M.Jones,JAX,IND,QB,39.5,12.647552184817664,10.600842473317686,9.17569493322518,0.0008176571131657262,0.9991823428868343,"Normal approximation: mean=calibrated_projection, sd=pass_attempts_backtest_calibrated_RMSE",Medium,ROUTE_PROXY_UNVALIDATED|LOW_CURRENT_SAMPLE|LOW_PLAYER_SAMPLE,HISTORICAL TEST ONLY,"Research only - no odds, edge, or betting recommendation."
M.Jones,JAX,IND,QB,41.5,12.647552184817664,10.600842473317686,9.17569493322518,0.00037926440679236784,0.9996207355932076,"Normal approximation: mean=calibrated_projection, sd=pass_attempts_backtest_calibrated_RMSE",Medium,ROUTE_PROXY_UNVALIDATED|LOW_CURRENT_SAMPLE|LOW_PLAYER_SAMPLE,HISTORICAL TEST ONLY,"Research only - no odds, edge, or betting recommendation."
M.Jones,JAX,IND,QB,43.5,12.647552184817664,10.600842473317686,9.17569493322518,0.00016823734395965406,0.9998317626560403,"Normal approximation: mean=calibrated_projection, sd=pass_attempts_backtest_calibrated_RMSE",Medium,ROUTE_PROXY_UNVALIDATED|LOW_CURRENT_SAMPLE|LOW_PLAYER_SAMPLE,HISTORICAL TEST ONLY,"Research only - no odds, edge, or betting recommendation."
M.Jones,JAX,IND,QB,45.5,12.647552184817664,10.600842473317686,9.17569493322518,7.135177920591929e-05,0.9999286482207941,"Normal approximation: mean=calibrated_projection, sd=pass_attempts_backtest_calibrated_RMSE",Medium,ROUTE_PROXY_UNVALIDATED|LOW_CURRENT_SAMPLE|LOW_PLAYER_SAMPLE,HISTORICAL TEST ONLY,"Research only - no odds, edge, or betting recommendation."
