projection_mode,season,week,team,opponent_team,player_id,player_name,position,projected_team_rush_attempts,projected_player_rush_attempt_share,projected_carries_raw,calibration_bucket,calibration_multiplier,projected_carries_calibrated,projected_carries,is_prop_candidate,overall_rank,team_rank,position_rank,confidence_score,confidence_bucket,quality_flags,usage_status,leakage_status
historical_test,2025,1,IND,JAX,00-0036223,J.Taylor,RB,37.25,0.3701679383582418,13.788755703844506,12-18,1.0671184469602228,14.714235572200463,14.714235572200463,True,1,1,1,75,Medium,ROUTE_PROXY_UNVALIDATED|LOW_CURRENT_SAMPLE,HISTORICAL TEST ONLY,PASS
historical_test,2025,1,BAL,BUF,00-0032764,D.Henry,RB,39.5,0.3489222886175507,13.782430400393253,12-18,1.0671184469602228,14.70748572420501,14.70748572420501,True,2,1,2,75,Medium,ROUTE_PROXY_UNVALIDATED|LOW_CURRENT_SAMPLE,HISTORICAL TEST ONLY,PASS
historical_test,2025,1,ATL,CAR,00-0038542,B.Robinson,RB,34.0,0.3928517872836483,13.356960767644042,12-18,1.0671184469602228,14.253459230476935,14.253459230476935,True,3,1,3,75,Medium,ROUTE_PROXY_UNVALIDATED|LOW_CURRENT_SAMPLE,HISTORICAL TEST ONLY,PASS
historical_test,2025,1,PHI,KC,00-0034844,S.Barkley,RB,37.5,0.3077160846955073,11.539353176081525,7-12,1.0050494834850283,11.597620949372057,11.597620949372057,True,4,1,4,75,Medium,ROUTE_PROXY_UNVALIDATED|LOW_CURRENT_SAMPLE,HISTORICAL TEST ONLY,PASS
historical_test,2025,1,HOU,KC,00-0033897,J.Mixon,RB,27.25,0.3636183190110798,9.908599193051925,7-12,1.0050494834850283,9.958632501037005,9.958632501037005,True,5,1,5,75,Medium,ROUTE_PROXY_UNVALIDATED|LOW_CURRENT_SAMPLE,HISTORICAL TEST ONLY,PASS
historical_test,2025,1,TEN,HOU,00-0035261,T.Pollard,RB,27.75,0.3562063677441082,9.884726704899002,7-12,1.0050494834850283,9.934639469149408,9.934639469149408,True,6,1,6,75,Medium,ROUTE_PROXY_UNVALIDATED|LOW_CURRENT_SAMPLE,HISTORICAL TEST ONLY,PASS
historical_test,2025,1,DAL,WAS,00-0036139,R.Dowdle,RB,32.25,0.2934327559581283,9.463206379649638,7-12,1.0050494834850283,9.510990683979093,9.510990683979093,True,7,1,7,75,Medium,ROUTE_PROXY_UNVALIDATED|LOW_CURRENT_SAMPLE,HISTORICAL TEST ONLY,PASS
historical_test,2025,1,TB,WAS,00-0039361,B.Irving,RB,29.75,0.2892893280150567,8.606357508447937,7-12,1.0050494834850283,8.649815168553095,8.649815168553095,True,8,1,8,75,Medium,ROUTE_PROXY_UNVALIDATED|LOW_CURRENT_SAMPLE,HISTORICAL TEST ONLY,PASS
historical_test,2025,1,CHI,GB,00-0036275,D.Swift,RB,23.75,0.3571668500061778,8.482712687646723,7-12,1.0050494834850283,8.525546005271234,8.525546005271234,True,9,1,9,75,Medium,ROUTE_PROXY_UNVALIDATED|LOW_CURRENT_SAMPLE,HISTORICAL TEST ONLY,PASS
historical_test,2025,1,CAR,ARI,00-0036555,C.Hubbard,RB,23.75,0.3552511676672886,8.437215232098104,7-12,1.0050494834850283,8.479818811072214,8.479818811072214,True,10,1,10,75,Medium,ROUTE_PROXY_UNVALIDATED|LOW_CURRENT_SAMPLE,HISTORICAL TEST ONLY,PASS
historical_test,2025,1,BUF,KC,00-0037248,J.Cook,RB,36.5,0.2263347310574088,8.261217683595422,7-12,1.0050494834850283,8.302932565854961,8.302932565854961,True,11,1,11,75,Medium,ROUTE_PROXY_UNVALIDATED|LOW_CURRENT_SAMPLE,HISTORICAL TEST ONLY,PASS
historical_test,2025,1,JAX,IND,00-0036973,T.Etienne,RB,29.25,0.2796518885424632,8.17981773986705,7-12,1.0050494834850283,8.221121594455049,8.221121594455049,True,12,1,12,75,Medium,ROUTE_PROXY_UNVALIDATED|LOW_CURRENT_SAMPLE,HISTORICAL TEST ONLY,PASS
historical_test,2025,1,MIN,LA,00-0033293,A.Jones,RB,22.75,0.3573839653392163,8.130485211467171,7-12,1.0050494834850283,8.171539962267742,8.171539962267742,True,13,1,13,75,Medium,ROUTE_PROXY_UNVALIDATED|LOW_CURRENT_SAMPLE,HISTORICAL TEST ONLY,PASS
historical_test,2025,1,SEA,MIN,00-0038134,K.Walker,RB,20.0,0.3815680866224356,7.6313617324487115,7-12,1.0050494834850283,7.669896167484988,7.669896167484988,True,14,1,14,75,Medium,ROUTE_PROXY_UNVALIDATED|LOW_CURRENT_SAMPLE,HISTORICAL TEST ONLY,PASS
historical_test,2025,1,ATL,CAR,00-0037263,T.Allgeier,RB,34.0,0.2229035297944206,7.5787200130103,7-12,1.0050494834850283,7.616988634553649,7.616988634553649,True,15,2,15,75,Medium,ROUTE_PROXY_UNVALIDATED|LOW_CURRENT_SAMPLE,HISTORICAL TEST ONLY,PASS
historical_test,2025,1,TB,WAS,00-0037256,R.White,RB,29.75,0.2473642873584444,7.359087548913721,7-12,1.0050494834850283,7.396247139956839,7.396247139956839,True,16,2,16,75,Medium,ROUTE_PROXY_UNVALIDATED|LOW_CURRENT_SAMPLE,HISTORICAL TEST ONLY,PASS
historical_test,2025,1,GB,PHI,00-0035700,J.Jacobs,RB,30.25,0.2432358309208553,7.357883885355872,7-12,1.0050494834850283,7.395037398519733,7.395037398519733,True,17,1,17,75,Medium,ROUTE_PROXY_UNVALIDATED|LOW_CURRENT_SAMPLE,HISTORICAL TEST ONLY,PASS
historical_test,2025,1,JAX,IND,00-0038555,T.Bigsby,RB,29.25,0.248639707566336,7.272711446315328,7-12,1.0050494834850283,7.309434882654873,7.309434882654873,True,18,2,18,75,Medium,ROUTE_PROXY_UNVALIDATED|LOW_CURRENT_SAMPLE,HISTORICAL TEST ONLY,PASS
historical_test,2025,1,CIN,DEN,00-0038597,C.Brown,RB,24.25,0.2918478275625855,7.077309818392698,7-12,1.0050494834850283,7.113046577439101,7.113046577439101,True,19,1,19,75,Medium,ROUTE_PROXY_UNVALIDATED|LOW_CURRENT_SAMPLE,HISTORICAL TEST ONLY,PASS
historical_test,2025,1,ARI,LA,00-0033553,J.Conner,RB,27.75,0.2499249209417735,6.935416556134214,3-7,0.9028108177188384,6.2613690922643,6.2613690922643,True,20,1,20,75,Medium,ROUTE_PROXY_UNVALIDATED|LOW_CURRENT_SAMPLE,HISTORICAL TEST ONLY,PASS
historical_test,2025,1,PIT,BAL,00-0036893,N.Harris,RB,22.25,0.3091124051320226,6.877751014187503,3-7,0.9028108177188384,6.209308017185189,6.209308017185189,True,21,1,21,75,Medium,ROUTE_PROXY_UNVALIDATED|LOW_CURRENT_SAMPLE,HISTORICAL TEST ONLY,PASS
historical_test,2025,1,LAC,HOU,00-0036158,J.Dobbins,RB,29.75,0.2305017211184575,6.85742620327411,3-7,0.9028108177188384,6.190958558024488,6.190958558024488,True,22,1,22,75,Medium,ROUTE_PROXY_UNVALIDATED|LOW_CURRENT_SAMPLE,HISTORICAL TEST ONLY,PASS
historical_test,2025,1,DET,WAS,00-0039139,J.Gibbs,RB,29.75,0.2300135862790395,6.842904191801425,3-7,0.9028108177188384,6.177847928971912,6.177847928971912,True,23,1,23,75,Medium,ROUTE_PROXY_UNVALIDATED|LOW_CURRENT_SAMPLE,HISTORICAL TEST ONLY,PASS
historical_test,2025,1,DET,WAS,00-0035685,D.Montgomery,RB,29.75,0.2168854454029569,6.452342000737968,3-7,0.9028108177188384,5.825244157887851,5.825244157887851,True,24,2,24,75,Medium,ROUTE_PROXY_UNVALIDATED|LOW_CURRENT_SAMPLE,HISTORICAL TEST ONLY,PASS
historical_test,2025,1,WAS,PHI,00-0037746,B.Robinson,RB,29.5,0.2176526691912087,6.420753741140657,3-7,0.9028108177188384,5.796725935410487,5.796725935410487,True,25,1,25,75,Medium,ROUTE_PROXY_UNVALIDATED|LOW_CURRENT_SAMPLE,HISTORICAL TEST ONLY,PASS
historical_test,2025,1,BAL,PIT,00-0032144,M.Gordon,RB,39.5,0.1602523416189388,6.329967493948083,3-7,0.9028108177188384,5.714763129344935,5.714763129344935,True,26,2,26,60,Medium,ROUTE_PROXY_UNVALIDATED|LOW_CURRENT_SAMPLE|LOW_PLAYER_SAMPLE,HISTORICAL TEST ONLY,PASS
historical_test,2025,1,BAL,BUF,00-0034796,L.Jackson,QB,39.5,0.1584159639197667,6.257430574830785,3-7,0.9028108177188384,5.649276014081842,5.649276014081842,True,27,3,1,60,Medium,ROUTE_PROXY_UNVALIDATED|LOW_CURRENT_SAMPLE|LOW_PLAYER_SAMPLE,HISTORICAL TEST ONLY,PASS
historical_test,2025,1,ATL,DEN,00-0039393,J.McClellan,RB,34.0,0.1819426519754643,6.186050167165786,3-7,0.9028108177188384,5.5848330098687,5.5848330098687,True,28,3,27,60,Medium,ROUTE_PROXY_UNVALIDATED|LOW_CURRENT_SAMPLE|LOW_PLAYER_SAMPLE|LOW_RUSH_SAMPLE|LOW_CARRY_SAMPLE,HISTORICAL TEST ONLY,PASS
historical_test,2025,1,NE,LAC,00-0036875,R.Stevenson,RB,26.0,0.2375905379676126,6.177353987157927,3-7,0.9028108177188384,5.576982004484775,5.576982004484775,True,29,1,28,75,Medium,ROUTE_PROXY_UNVALIDATED|LOW_CURRENT_SAMPLE,HISTORICAL TEST ONLY,PASS
historical_test,2025,1,DEN,BUF,00-0036997,J.Williams,RB,27.0,0.2201632814395792,5.944408598868638,3-7,0.9028108177188384,5.36667638799949,5.36667638799949,True,30,1,29,75,Medium,ROUTE_PROXY_UNVALIDATED|LOW_CURRENT_SAMPLE,HISTORICAL TEST ONLY,PASS
historical_test,2025,1,MIA,NYJ,00-0039040,D.Achane,RB,24.75,0.2400154746165543,5.940382996759719,3-7,0.9028108177188384,5.363042030867725,5.363042030867725,True,31,1,30,75,Medium,ROUTE_PROXY_UNVALIDATED|LOW_CURRENT_SAMPLE,HISTORICAL TEST ONLY,PASS
historical_test,2025,1,LA,PHI,00-0037840,K.Williams,RB,21.5,0.2748873066833274,5.910077093691539,3-7,0.9028108177188384,5.335681533737034,5.335681533737034,True,32,1,31,75,Medium,ROUTE_PROXY_UNVALIDATED|LOW_CURRENT_SAMPLE,HISTORICAL TEST ONLY,PASS
historical_test,2025,1,CIN,PHI,00-0036251,Z.Moss,RB,24.25,0.2399210767941912,5.818086112259136,3-7,0.9028108177188384,5.252631080567288,5.252631080567288,True,33,2,32,75,Medium,ROUTE_PROXY_UNVALIDATED|LOW_CURRENT_SAMPLE,HISTORICAL TEST ONLY,PASS
historical_test,2025,1,NYJ,MIA,00-0038120,B.Hall,RB,21.75,0.2473384232342982,5.379610705345986,3-7,0.9028108177188384,4.8567707399024265,4.8567707399024265,True,34,1,33,75,Medium,ROUTE_PROXY_UNVALIDATED|LOW_CURRENT_SAMPLE,HISTORICAL TEST ONLY,PASS
historical_test,2025,1,PHI,KC,00-0036389,J.Hurts,QB,37.5,0.1384800095814866,5.193000359305747,3-7,0.9028108177188384,4.688296900799044,4.688296900799044,True,35,2,2,60,Medium,ROUTE_PROXY_UNVALIDATED|LOW_CURRENT_SAMPLE|LOW_PLAYER_SAMPLE,HISTORICAL TEST ONLY,PASS
historical_test,2025,1,IND,TEN,00-0039164,A.Richardson,QB,37.25,0.1390991292105858,5.18144256309432,3-7,0.9028108177188384,4.677862397350377,4.677862397350377,True,36,2,3,60,Medium,ROUTE_PROXY_UNVALIDATED|LOW_CURRENT_SAMPLE|LOW_PLAYER_SAMPLE,HISTORICAL TEST ONLY,PASS
historical_test,2025,1,TB,DET,00-0034681,C.Edmonds,RB,29.75,0.1736829706544298,5.1670683769692864,3-7,0.9028108177188384,4.664885226620793,4.664885226620793,True,37,3,34,75,Medium,ROUTE_PROXY_UNVALIDATED|LOW_CURRENT_SAMPLE,HISTORICAL TEST ONLY,PASS
historical_test,2025,1,DAL,PHI,00-0033045,E.Elliott,RB,32.25,0.1600922536413801,5.1629751799345085,3-7,0.9028108177188384,4.6611898440587405,4.6611898440587405,True,38,2,35,75,Medium,ROUTE_PROXY_UNVALIDATED|LOW_CURRENT_SAMPLE,HISTORICAL TEST ONLY,PASS
historical_test,2025,1,NO,WAS,00-0033906,A.Kamara,RB,17.0,0.301106447679485,5.118809610551246,3-7,0.9028108177188384,4.621316690248819,4.621316690248819,True,39,1,36,75,Medium,ROUTE_PROXY_UNVALIDATED|LOW_CURRENT_SAMPLE,HISTORICAL TEST ONLY,PASS
historical_test,2025,1,TEN,JAX,00-0039032,T.Spears,RB,27.75,0.1792657570941173,4.974624759361755,3-7,0.9028108177188384,4.491145046843766,4.491145046843766,True,40,2,37,75,Medium,ROUTE_PROXY_UNVALIDATED|LOW_CURRENT_SAMPLE,HISTORICAL TEST ONLY,PASS
historical_test,2025,1,BUF,MIA,00-0033856,L.Fournette,RB,36.5,0.1338643376019716,4.8860483224719635,3-7,0.9028108177188384,4.411177281424672,4.411177281424672,True,41,2,38,60,Medium,ROUTE_PROXY_UNVALIDATED|LOW_CURRENT_SAMPLE|LOW_PLAYER_SAMPLE|LOW_RUSH_SAMPLE|LOW_CARRY_SAMPLE,HISTORICAL TEST ONLY,PASS
historical_test,2025,1,IND,JAX,00-0036860,J.Funk,RB,37.25,0.1311422699247029,4.8850495546951835,3-7,0.9028108177188384,4.410275583071406,4.410275583071406,True,42,3,39,60,Medium,ROUTE_PROXY_UNVALIDATED|LOW_CURRENT_SAMPLE|LOW_PLAYER_SAMPLE|LOW_RUSH_SAMPLE|LOW_CARRY_SAMPLE,HISTORICAL TEST ONLY,PASS
historical_test,2025,1,LAC,HOU,00-0034184,G.Edwards,RB,29.75,0.1627044312079945,4.840456828437836,3-7,0.9028108177188384,4.3700167874146985,4.3700167874146985,True,43,2,40,75,Medium,ROUTE_PROXY_UNVALIDATED|LOW_CURRENT_SAMPLE,HISTORICAL TEST ONLY,PASS
historical_test,2025,1,SEA,LA,00-0039165,Z.Charbonnet,RB,20.0,0.2369091523796225,4.73818304759245,3-7,0.9028108177188384,4.277682911698478,4.277682911698478,True,44,2,41,75,Medium,ROUTE_PROXY_UNVALIDATED|LOW_CURRENT_SAMPLE,HISTORICAL TEST ONLY,PASS
historical_test,2025,1,IND,JAX,00-0038397,E.Hull,RB,37.25,0.1259010384139612,4.689813680920055,3-7,0.9028108177188384,4.23401452422043,4.23401452422043,True,45,4,42,60,Medium,ROUTE_PROXY_UNVALIDATED|LOW_CURRENT_SAMPLE|LOW_PLAYER_SAMPLE|LOW_RUSH_SAMPLE|LOW_CARRY_SAMPLE,HISTORICAL TEST ONLY,PASS
historical_test,2025,1,BUF,KC,00-0030513,L.Murray,RB,36.5,0.1276237225972117,4.658265874798227,3-7,0.9028108177188384,4.205532823578348,4.205532823578348,True,46,3,43,75,Medium,ROUTE_PROXY_UNVALIDATED|LOW_CURRENT_SAMPLE,HISTORICAL TEST ONLY,PASS
historical_test,2025,1,DEN,BUF,00-0038794,J.McLaughlin,RB,27.0,0.1707995482576974,4.611587802957829,3-7,0.9028108177188384,4.163391355370579,4.163391355370579,True,47,2,44,75,Medium,ROUTE_PROXY_UNVALIDATED|LOW_CURRENT_SAMPLE,HISTORICAL TEST ONLY,PASS
historical_test,2025,1,ARI,SF,00-0036924,M.Carter,RB,27.75,0.1648489911382989,4.574559504087794,3-7,0.9028108177188384,4.129961806588986,4.129961806588986,True,48,2,45,75,Medium,ROUTE_PROXY_UNVALIDATED|LOW_CURRENT_SAMPLE,HISTORICAL TEST ONLY,PASS
historical_test,2025,1,BUF,NYG,00-0035657,D.Harris,RB,36.5,0.1238703092247837,4.521266286704606,3-7,0.9028108177188384,4.081848113424401,4.081848113424401,True,49,4,46,60,Medium,ROUTE_PROXY_UNVALIDATED|LOW_CURRENT_SAMPLE|LOW_PLAYER_SAMPLE,HISTORICAL TEST ONLY,PASS
historical_test,2025,1,SF,BUF,00-0033280,C.McCaffrey,RB,20.75,0.2129726913036144,4.419183344549999,3-7,0.9028108177188384,3.9896865289426557,3.9896865289426557,True,50,1,47,75,Medium,ROUTE_PROXY_UNVALIDATED|LOW_CURRENT_SAMPLE,HISTORICAL TEST ONLY,PASS
historical_test,2025,1,CLE,KC,00-0034791,N.Chubb,RB,23.0,0.1918047938690674,4.41151025898855,3-7,0.9028108177188384,3.982759184292498,3.982759184292498,True,51,1,48,75,Medium,ROUTE_PROXY_UNVALIDATED|LOW_CURRENT_SAMPLE,HISTORICAL TEST ONLY,PASS
historical_test,2025,1,MIA,NYJ,00-0031687,R.Mostert,RB,24.75,0.1767695479479973,4.375046311712933,3-7,0.9028108177188384,3.9498391382353413,3.9498391382353413,True,52,2,49,75,Medium,ROUTE_PROXY_UNVALIDATED|LOW_CURRENT_SAMPLE,HISTORICAL TEST ONLY,PASS
historical_test,2025,1,DEN,KC,00-0039373,A.Estime,RB,27.0,0.1605557251732875,4.335004579678762,3-7,0.9028108177188384,3.913689029394693,3.913689029394693,True,53,3,50,60,Medium,ROUTE_PROXY_UNVALIDATED|LOW_CURRENT_SAMPLE|LOW_PLAYER_SAMPLE,HISTORICAL TEST ONLY,PASS
historical_test,2025,1,BUF,KC,00-0039875,R.Davis,RB,36.5,0.1184235015757885,4.3224578075162805,3-7,0.9028108177188384,3.9023616677589508,3.9023616677589508,True,54,5,51,75,Medium,ROUTE_PROXY_UNVALIDATED|LOW_CURRENT_SAMPLE,HISTORICAL TEST ONLY,PASS
historical_test,2025,1,PHI,NYG,00-0034750,R.Penny,RB,37.5,0.1150795712638563,4.315483922394612,3-7,0.9028108177188384,3.8960655688295796,3.8960655688295796,True,55,3,52,60,Medium,ROUTE_PROXY_UNVALIDATED|LOW_CURRENT_SAMPLE|LOW_PLAYER_SAMPLE|LOW_RUSH_SAMPLE|LOW_CARRY_SAMPLE,HISTORICAL TEST ONLY,PASS
historical_test,2025,1,MIN,LA,00-0036414,C.Akers,RB,22.75,0.1895042518225687,4.311221728963438,3-7,0.9028108177188384,3.8922176144927056,3.8922176144927056,True,56,2,53,75,Medium,ROUTE_PROXY_UNVALIDATED|LOW_CURRENT_SAMPLE,HISTORICAL TEST ONLY,PASS
historical_test,2025,1,WAS,PHI,00-0039910,J.Daniels,QB,29.5,0.1450681935731996,4.2795117104093885,3-7,0.9028108177188384,3.8635894667120447,3.8635894667120447,True,57,2,4,60,Medium,ROUTE_PROXY_UNVALIDATED|LOW_CURRENT_SAMPLE|LOW_PLAYER_SAMPLE,HISTORICAL TEST ONLY,PASS
historical_test,2025,1,NE,BUF,00-0039398,J.Milton,QB,26.0,0.163388708338801,4.2481064168088265,3-7,0.9028108177188384,3.835236427915821,3.835236427915821,True,58,2,5,60,Medium,ROUTE_PROXY_UNVALIDATED|LOW_CURRENT_SAMPLE|LOW_PLAYER_SAMPLE|LOW_RUSH_SAMPLE|LOW_CARRY_SAMPLE,HISTORICAL TEST ONLY,PASS
historical_test,2025,1,LV,LAC,00-0034972,A.Mattison,RB,24.75,0.1712566893422451,4.238603061220567,3-7,0.9028108177188384,3.8266566956861117,3.8266566956861117,True,59,1,54,75,Medium,ROUTE_PROXY_UNVALIDATED|LOW_CURRENT_SAMPLE,HISTORICAL TEST ONLY,PASS
historical_test,2025,1,LV,ATL,00-0037509,S.McCormick,RB,24.75,0.1712235663455119,4.2377832670514195,3-7,0.9028108177188384,3.8259165766419025,3.8259165766419025,True,60,2,55,60,Medium,ROUTE_PROXY_UNVALIDATED|LOW_CURRENT_SAMPLE|LOW_PLAYER_SAMPLE,HISTORICAL TEST ONLY,PASS
historical_test,2025,1,GB,MIN,00-0036265,A.Dillon,RB,30.25,0.1392867407271411,4.2134239069960175,3-7,0.9028108177188384,3.8039246828711777,3.8039246828711777,True,61,2,56,75,Medium,ROUTE_PROXY_UNVALIDATED|LOW_CURRENT_SAMPLE,HISTORICAL TEST ONLY,PASS
historical_test,2025,1,WAS,PHI,00-0033699,A.Ekeler,RB,29.5,0.1427573092027708,4.211340621481739,3-7,0.9028108177188384,3.80204387017249,3.80204387017249,True,62,3,57,75,Medium,ROUTE_PROXY_UNVALIDATED|LOW_CURRENT_SAMPLE,HISTORICAL TEST ONLY,PASS
historical_test,2025,1,DAL,ATL,00-0033893,D.Cook,RB,32.25,0.1285350845567817,4.1452564769562095,3-7,0.9028108177188384,3.742382389615147,3.742382389615147,True,63,3,58,75,Medium,ROUTE_PROXY_UNVALIDATED|LOW_CURRENT_SAMPLE,HISTORICAL TEST ONLY,PASS
historical_test,2025,1,BAL,BUF,00-0034975,J.Hill,RB,39.5,0.1039955510525075,4.107824266574046,3-7,0.9028108177188384,3.7085881851510023,3.7085881851510023,True,64,4,59,75,Medium,ROUTE_PROXY_UNVALIDATED|LOW_CURRENT_SAMPLE,HISTORICAL TEST ONLY,PASS
historical_test,2025,1,PIT,BAL,00-0037228,J.Warren,RB,22.25,0.1834561695753669,4.081899773051913,3-7,0.9028108177188384,3.6851832719553386,3.6851832719553386,True,65,2,60,75,Medium,ROUTE_PROXY_UNVALIDATED|LOW_CURRENT_SAMPLE,HISTORICAL TEST ONLY,PASS
historical_test,2025,1,BUF,KC,00-0034857,J.Allen,QB,36.5,0.1115667747956127,4.072187280039864,3-7,0.9028108177188384,3.676414728197042,3.676414728197042,True,66,6,6,60,Medium,ROUTE_PROXY_UNVALIDATED|LOW_CURRENT_SAMPLE|LOW_PLAYER_SAMPLE,HISTORICAL TEST ONLY,PASS
historical_test,2025,1,NYG,PHI,00-0039384,T.Tracy,RB,22.0,0.1845865920796671,4.060905025752676,3-7,0.9028108177188384,3.6662289869783145,3.6662289869783145,True,67,1,61,75,Medium,ROUTE_PROXY_UNVALIDATED|LOW_CURRENT_SAMPLE,HISTORICAL TEST ONLY,PASS
historical_test,2025,1,BAL,BUF,00-0038454,K.Mitchell,RB,39.5,0.1022727662267931,4.039774265958328,3-7,0.9028108177188384,3.647151908449358,3.647151908449358,True,68,5,62,75,Medium,ROUTE_PROXY_UNVALIDATED|LOW_CURRENT_SAMPLE,HISTORICAL TEST ONLY,PASS
historical_test,2025,1,PHI,TB,00-0034414,B.Scott,RB,37.5,0.1059026560628075,3.971349602355281,3-7,0.9028108177188384,3.5853773819497547,3.5853773819497547,True,69,4,63,60,Medium,ROUTE_PROXY_UNVALIDATED|LOW_CURRENT_SAMPLE|LOW_PLAYER_SAMPLE,HISTORICAL TEST ONLY,PASS
historical_test,2025,1,KC,PHI,00-0033923,K.Hunt,RB,19.75,0.1922852778424092,3.7976342373875815,3-7,0.9028108177188384,3.42854527125294,3.42854527125294,True,70,1,64,75,Medium,ROUTE_PROXY_UNVALIDATED|LOW_CURRENT_SAMPLE,HISTORICAL TEST ONLY,PASS
historical_test,2025,1,IND,JAX,00-0036984,T.Sermon,RB,37.25,0.1000915106600096,3.7284087720853574,3-7,0.9028108177188384,3.3660477723164717,3.3660477723164717,True,71,5,65,75,Medium,ROUTE_PROXY_UNVALIDATED|LOW_CURRENT_SAMPLE,HISTORICAL TEST ONLY,PASS
historical_test,2025,1,MIA,LV,00-0036020,S.Ahmed,RB,24.75,0.1484068406489213,3.673069306060802,3-7,0.9028108177188384,3.316086703742719,3.316086703742719,True,72,3,66,75,Medium,ROUTE_PROXY_UNVALIDATED|LOW_CURRENT_SAMPLE,HISTORICAL TEST ONLY,PASS
historical_test,2025,1,CAR,ATL,00-0035243,M.Sanders,RB,23.75,0.1546399507710875,3.672698830813328,3-7,0.9028108177188384,3.3157522346816024,3.3157522346816024,True,73,2,67,75,Medium,ROUTE_PROXY_UNVALIDATED|LOW_CURRENT_SAMPLE,HISTORICAL TEST ONLY,PASS
historical_test,2025,1,LV,MIA,00-0038040,Z.White,RB,24.75,0.1482582886104675,3.6693926431090707,3-7,0.9028108177188384,3.31276737265679,3.31276737265679,True,74,3,68,75,Medium,ROUTE_PROXY_UNVALIDATED|LOW_CURRENT_SAMPLE,HISTORICAL TEST ONLY,PASS
historical_test,2025,1,HOU,KC,00-0037258,D.Pierce,RB,27.25,0.1345333335148452,3.6660333382795316,3-7,0.9028108177188384,3.309734555916667,3.309734555916667,True,75,2,69,75,Medium,ROUTE_PROXY_UNVALIDATED|LOW_CURRENT_SAMPLE,HISTORICAL TEST ONLY,PASS
historical_test,2025,1,DAL,WAS,00-0038622,D.Vaughn,RB,32.25,0.113240583457754,3.6520088165125664,3-7,0.9028108177188384,3.2970730659521172,3.2970730659521172,True,76,4,70,75,Medium,ROUTE_PROXY_UNVALIDATED|LOW_CURRENT_SAMPLE,HISTORICAL TEST ONLY,PASS
historical_test,2025,1,LAC,DEN,00-0038045,I.Spiller,RB,29.75,0.1227491084268754,3.651785975699543,3-7,0.9028108177188384,3.296871882855491,3.296871882855491,True,77,3,71,60,Medium,ROUTE_PROXY_UNVALIDATED|LOW_CURRENT_SAMPLE|LOW_PLAYER_SAMPLE,HISTORICAL TEST ONLY,PASS
historical_test,2025,1,CIN,HOU,00-0036857,C.Evans,RB,24.25,0.1501294152034442,3.640638318683522,3-7,0.9028108177188384,3.2868076575092076,3.2868076575092076,True,78,3,72,60,Medium,ROUTE_PROXY_UNVALIDATED|LOW_CURRENT_SAMPLE|LOW_PLAYER_SAMPLE|LOW_RUSH_SAMPLE|LOW_CARRY_SAMPLE,HISTORICAL TEST ONLY,PASS
historical_test,2025,1,LAC,TEN,00-0038862,E.Dotson,RB,29.75,0.1222464326883209,3.636831372477547,3-7,0.9028108177188384,3.2833707052919796,3.2833707052919796,True,79,4,73,60,Medium,ROUTE_PROXY_UNVALIDATED|LOW_CURRENT_SAMPLE|LOW_PLAYER_SAMPLE|LOW_RUSH_SAMPLE|LOW_CARRY_SAMPLE,HISTORICAL TEST ONLY,PASS
historical_test,2025,1,SF,BUF,00-0037525,J.Mason,RB,20.75,0.1732996013954759,3.595966728956125,3-7,0.9028108177188384,3.2464776630586156,3.2464776630586156,True,80,2,74,75,Medium,ROUTE_PROXY_UNVALIDATED|LOW_CURRENT_SAMPLE,HISTORICAL TEST ONLY,PASS
historical_test,2025,1,DET,TB,00-0035184,D.Ozigbo,RB,29.75,0.119224357196494,3.546924626595697,3-7,0.9028108177188384,3.2022019225239466,3.2022019225239466,True,81,3,75,60,Medium,ROUTE_PROXY_UNVALIDATED|LOW_CURRENT_SAMPLE|LOW_PLAYER_SAMPLE|LOW_RUSH_SAMPLE|LOW_CARRY_SAMPLE,HISTORICAL TEST ONLY,PASS
historical_test,2025,1,ARI,BAL,00-0030874,D.Williams,RB,27.75,0.1270857329673572,3.526629089844162,3-7,0.9028108177188384,3.183878892393251,3.183878892393251,True,82,3,76,60,Medium,ROUTE_PROXY_UNVALIDATED|LOW_CURRENT_SAMPLE|LOW_PLAYER_SAMPLE|LOW_RUSH_SAMPLE|LOW_CARRY_SAMPLE,HISTORICAL TEST ONLY,PASS
historical_test,2025,1,NE,BUF,00-0036328,A.Gibson,RB,26.0,0.1336128623123696,3.47393442012161,3-7,0.9028108177188384,3.1363055745316095,3.1363055745316095,True,83,3,77,75,Medium,ROUTE_PROXY_UNVALIDATED|LOW_CURRENT_SAMPLE,HISTORICAL TEST ONLY,PASS
historical_test,2025,1,NE,BUF,00-0039757,T.Jennings,RB,26.0,0.132521877359016,3.445568811334416,3-7,0.9028108177188384,3.11069679606735,3.11069679606735,True,84,4,78,60,Medium,ROUTE_PROXY_UNVALIDATED|LOW_CURRENT_SAMPLE|LOW_PLAYER_SAMPLE|LOW_RUSH_SAMPLE|LOW_CARRY_SAMPLE,HISTORICAL TEST ONLY,PASS
historical_test,2025,1,CHI,GB,00-0039021,R.Johnson,RB,23.75,0.1444411495030113,3.430477300696518,3-7,0.9028108177188384,3.0970720170077373,3.0970720170077373,True,85,2,79,75,Medium,ROUTE_PROXY_UNVALIDATED|LOW_CURRENT_SAMPLE,HISTORICAL TEST ONLY,PASS
historical_test,2025,1,NE,NYJ,00-0037286,K.Harris,RB,26.0,0.13177822605066,3.42623387731716,3-7,0.9028108177188384,3.0932410084766917,3.0932410084766917,True,86,5,80,60,Medium,ROUTE_PROXY_UNVALIDATED|LOW_CURRENT_SAMPLE|LOW_PLAYER_SAMPLE|LOW_RUSH_SAMPLE|LOW_CARRY_SAMPLE,HISTORICAL TEST ONLY,PASS
historical_test,2025,1,DEN,LAC,00-0039573,B.Watson,RB,27.0,0.1252858532877244,3.3827180387685587,3-7,0.9028108177188384,3.053954438692908,3.053954438692908,True,87,4,81,60,Medium,ROUTE_PROXY_UNVALIDATED|LOW_CURRENT_SAMPLE|LOW_PLAYER_SAMPLE|LOW_RUSH_SAMPLE|LOW_CARRY_SAMPLE,HISTORICAL TEST ONLY,PASS
historical_test,2025,1,DEN,BUF,00-0039732,B.Nix,QB,27.0,0.1241986641108472,3.3533639309928747,3-7,0.9028108177188384,3.0274532326485355,3.0274532326485355,True,88,5,7,60,Medium,ROUTE_PROXY_UNVALIDATED|LOW_CURRENT_SAMPLE|LOW_PLAYER_SAMPLE,HISTORICAL TEST ONLY,PASS
historical_test,2025,1,PHI,KC,00-0036919,K.Gainwell,RB,37.5,0.0892001945285781,3.3450072948216785,3-7,0.9028108177188384,3.0199087711134394,3.0199087711134394,True,89,5,82,75,Medium,ROUTE_PROXY_UNVALIDATED|LOW_CURRENT_SAMPLE,HISTORICAL TEST ONLY,PASS
historical_test,2025,1,DET,CAR,00-0037157,Z.Knight,RB,29.75,0.1123516513573427,3.342461627880945,3-7,0.9028108177188384,3.017610515461036,3.017610515461036,True,90,4,83,60,Medium,ROUTE_PROXY_UNVALIDATED|LOW_CURRENT_SAMPLE|LOW_PLAYER_SAMPLE|LOW_RUSH_SAMPLE|LOW_CARRY_SAMPLE,HISTORICAL TEST ONLY,PASS
historical_test,2025,1,WAS,DAL,00-0035715,D.Gore,RB,29.5,0.1125809584454862,3.321138274141843,3-7,0.9028108177188384,2.998359561035329,2.998359561035329,True,91,4,84,60,Medium,ROUTE_PROXY_UNVALIDATED|LOW_CURRENT_SAMPLE|LOW_PLAYER_SAMPLE|LOW_RUSH_SAMPLE|LOW_CARRY_SAMPLE,HISTORICAL TEST ONLY,PASS
historical_test,2025,1,WAS,LA,00-0032975,J.Williams,RB,29.5,0.1125809584454862,3.321138274141843,3-7,0.9028108177188384,2.998359561035329,2.998359561035329,True,92,5,85,60,Medium,ROUTE_PROXY_UNVALIDATED|LOW_CURRENT_SAMPLE|LOW_PLAYER_SAMPLE|LOW_RUSH_SAMPLE|LOW_CARRY_SAMPLE,HISTORICAL TEST ONLY,PASS
historical_test,2025,1,CIN,PIT,00-0036906,K.Herbert,RB,24.25,0.1364120209297494,3.307991507546423,3-7,0.9028108177188384,2.9864905179349592,2.9864905179349592,True,93,4,86,75,Medium,ROUTE_PROXY_UNVALIDATED|LOW_CURRENT_SAMPLE,HISTORICAL TEST ONLY,PASS
historical_test,2025,1,MIA,NYJ,00-0039874,J.Wright,RB,24.75,0.1325358095290547,3.280261285844104,3-7,0.9028108177188384,2.961455373804364,2.961455373804364,True,94,4,87,60,Medium,ROUTE_PROXY_UNVALIDATED|LOW_CURRENT_SAMPLE|LOW_PLAYER_SAMPLE,HISTORICAL TEST ONLY,PASS
historical_test,2025,1,DEN,BUF,00-0037085,T.Badie,RB,27.0,0.1109574678342144,2.995851631523789,0-3,0.986118670675152,2.954265228418224,2.954265228418224,True,95,6,88,60,Medium,ROUTE_PROXY_UNVALIDATED|LOW_CURRENT_SAMPLE|LOW_PLAYER_SAMPLE|LOW_RUSH_SAMPLE|LOW_CARRY_SAMPLE,HISTORICAL TEST ONLY,PASS
historical_test,2025,1,CLE,BAL,00-0033925,D.Foreman,RB,23.0,0.1302165964907179,2.994981719286512,0-3,0.986118670675152,2.9534073917191965,2.9534073917191965,True,96,2,89,75,Medium,ROUTE_PROXY_UNVALIDATED|LOW_CURRENT_SAMPLE,HISTORICAL TEST ONLY,PASS
historical_test,2025,1,GB,PHI,00-0038797,Em.Wilson,RB,30.25,0.098738278714044,2.986832931099831,0-3,0.986118670675152,2.9453717195449336,2.9453717195449336,True,97,3,90,75,Medium,ROUTE_PROXY_UNVALIDATED|LOW_CURRENT_SAMPLE,HISTORICAL TEST ONLY,PASS
historical_test,2025,1,LAC,NE,00-0039391,K.Vidal,RB,29.75,0.0995618723069853,2.9619657011328124,0-3,0.986118670675152,2.9208496797864836,2.9208496797864836,True,98,5,91,60,Medium,ROUTE_PROXY_UNVALIDATED|LOW_CURRENT_SAMPLE|LOW_PLAYER_SAMPLE,HISTORICAL TEST ONLY,PASS
historical_test,2025,1,NYG,PHI,00-0035250,D.Singletary,RB,22.0,0.1468655853082159,3.2310428767807498,3-7,0.9028108177188384,2.917020461671057,2.917020461671057,True,99,2,92,75,Medium,ROUTE_PROXY_UNVALIDATED|LOW_CURRENT_SAMPLE,HISTORICAL TEST ONLY,PASS
historical_test,2025,1,PIT,BAL,00-0036945,J.Fields,QB,22.25,0.1327509753310349,2.9537092011155264,0-3,0.986118670675152,2.9127077909650083,2.9127077909650083,True,100,3,8,60,Medium,ROUTE_PROXY_UNVALIDATED|LOW_CURRENT_SAMPLE|LOW_PLAYER_SAMPLE,HISTORICAL TEST ONLY,PASS
historical_test,2025,1,KC,PHI,00-0037197,I.Pacheco,RB,19.75,0.1630972367915395,3.2211704266329053,3-7,0.9028108177188384,2.9081075068801927,2.9081075068801927,True,101,2,93,75,Medium,ROUTE_PROXY_UNVALIDATED|LOW_CURRENT_SAMPLE,HISTORICAL TEST ONLY,PASS
historical_test,2025,1,TB,NO,00-0038951,S.Tucker,RB,29.75,0.1080236062450436,3.2137022857900472,3-7,0.9028108177188384,2.9013651885390126,2.9013651885390126,True,102,4,94,75,Medium,ROUTE_PROXY_UNVALIDATED|LOW_CURRENT_SAMPLE,HISTORICAL TEST ONLY,PASS
historical_test,2025,1,PHI,DAL,00-0037827,T.Davis-Price,RB,37.5,0.0783660476531666,2.9387267869937475,0-3,0.986118670675152,2.8979333526677347,2.8979333526677347,True,103,6,95,60,Medium,ROUTE_PROXY_UNVALIDATED|LOW_CURRENT_SAMPLE|LOW_PLAYER_SAMPLE|LOW_RUSH_SAMPLE|LOW_CARRY_SAMPLE,HISTORICAL TEST ONLY,PASS
historical_test,2025,1,NYG,LV,00-0036493,D.Jackson,RB,22.0,0.133350402686022,2.933708859092484,0-3,0.986118670675152,2.892985080276197,2.892985080276197,True,104,3,96,60,Medium,ROUTE_PROXY_UNVALIDATED|LOW_CURRENT_SAMPLE|LOW_PLAYER_SAMPLE|LOW_RUSH_SAMPLE|LOW_CARRY_SAMPLE,HISTORICAL TEST ONLY,PASS
historical_test,2025,1,BAL,CLE,00-0039796,R.Ali,RB,39.5,0.0742261941965174,2.931934670762437,0-3,0.986118670675152,2.891235520038644,2.891235520038644,True,105,6,97,60,Medium,ROUTE_PROXY_UNVALIDATED|LOW_CURRENT_SAMPLE|LOW_PLAYER_SAMPLE|LOW_RUSH_SAMPLE|LOW_CARRY_SAMPLE,HISTORICAL TEST ONLY,PASS
historical_test,2025,1,WAS,DAL,00-0038611,C.Rodriguez,RB,29.5,0.1080230604327695,3.1866802827667002,3-7,0.9028108177188384,2.876969431893104,2.876969431893104,True,106,6,98,60,Medium,ROUTE_PROXY_UNVALIDATED|LOW_CURRENT_SAMPLE|LOW_PLAYER_SAMPLE,HISTORICAL TEST ONLY,PASS
historical_test,2025,1,HOU,NYJ,00-0036096,J.Taylor,RB,27.25,0.1067721927985654,2.909542253760907,0-3,0.986118670675152,2.8691539395518917,2.8691539395518917,True,107,3,99,60,Medium,ROUTE_PROXY_UNVALIDATED|LOW_CURRENT_SAMPLE|LOW_PLAYER_SAMPLE|LOW_RUSH_SAMPLE|LOW_CARRY_SAMPLE,HISTORICAL TEST ONLY,PASS
historical_test,2025,1,CHI,GB,00-0039918,C.Williams,QB,23.75,0.1224555761851851,2.908319934398146,0-3,0.986118670675152,2.867948587606745,2.867948587606745,True,108,3,9,60,Medium,ROUTE_PROXY_UNVALIDATED|LOW_CURRENT_SAMPLE|LOW_PLAYER_SAMPLE,HISTORICAL TEST ONLY,PASS
historical_test,2025,1,GB,KC,00-0035831,J.Robinson,RB,30.25,0.0959026166554933,2.9010541538286723,0-3,0.986118670675152,2.860783665730158,2.860783665730158,True,109,4,100,60,Medium,ROUTE_PROXY_UNVALIDATED|LOW_CURRENT_SAMPLE|LOW_PLAYER_SAMPLE|LOW_RUSH_SAMPLE|LOW_CARRY_SAMPLE,HISTORICAL TEST ONLY,PASS
historical_test,2025,1,GB,TB,00-0033118,K.Drake,RB,30.25,0.0959026166554933,2.9010541538286723,0-3,0.986118670675152,2.860783665730158,2.860783665730158,True,110,5,101,60,Medium,ROUTE_PROXY_UNVALIDATED|LOW_CURRENT_SAMPLE|LOW_PLAYER_SAMPLE|LOW_RUSH_SAMPLE|LOW_CARRY_SAMPLE,HISTORICAL TEST ONLY,PASS
historical_test,2025,1,MIN,LA,00-0037276,T.Chandler,RB,22.75,0.1392585627902237,3.1681323034775892,3-7,0.9028108177188384,2.8602241155440695,2.8602241155440695,True,111,3,102,75,Medium,ROUTE_PROXY_UNVALIDATED|LOW_CURRENT_SAMPLE,HISTORICAL TEST ONLY,PASS
historical_test,2025,1,BUF,KC,00-0035537,Ty.Johnson,RB,36.5,0.0793054361609592,2.894648419875011,0-3,0.986118670675152,2.8544668518790752,2.8544668518790752,True,112,7,103,75,Medium,ROUTE_PROXY_UNVALIDATED|LOW_CURRENT_SAMPLE,HISTORICAL TEST ONLY,PASS
historical_test,2025,1,JAX,IND,00-0035628,D.Johnson,RB,29.25,0.1072730378141848,3.1377363560649054,3-7,0.9028108177188384,2.8327823254050855,2.8327823254050855,True,113,3,104,75,Medium,ROUTE_PROXY_UNVALIDATED|LOW_CURRENT_SAMPLE,HISTORICAL TEST ONLY,PASS
historical_test,2025,1,LA,SEA,00-0035664,D.Henderson,RB,21.5,0.1442813196085353,3.1020483715835088,3-7,0.9028108177188384,2.8005628269526985,2.8005628269526985,True,114,2,105,75,Medium,ROUTE_PROXY_UNVALIDATED|LOW_CURRENT_SAMPLE,HISTORICAL TEST ONLY,PASS
historical_test,2025,1,GB,IND,00-0039811,M.Lloyd,RB,30.25,0.1025000105353893,3.1006253186955264,3-7,0.9028108177188384,2.799278079411242,2.799278079411242,True,115,6,106,60,Medium,ROUTE_PROXY_UNVALIDATED|LOW_CURRENT_SAMPLE|LOW_PLAYER_SAMPLE|LOW_RUSH_SAMPLE|LOW_CARRY_SAMPLE,HISTORICAL TEST ONLY,PASS
historical_test,2025,1,CLE,MIA,00-0037267,J.Ford,RB,23.0,0.1347432228060944,3.0990941245401715,3-7,0.9028108177188384,2.79789570076376,2.79789570076376,True,116,3,107,75,Medium,ROUTE_PROXY_UNVALIDATED|LOW_CURRENT_SAMPLE,HISTORICAL TEST ONLY,PASS
historical_test,2025,1,ARI,NE,00-0039921,T.Benson,RB,27.75,0.1115419789351461,3.095289915450304,3-7,0.9028108177188384,2.7944612196445635,2.7944612196445635,True,117,4,108,60,Medium,ROUTE_PROXY_UNVALIDATED|LOW_CURRENT_SAMPLE|LOW_PLAYER_SAMPLE,HISTORICAL TEST ONLY,PASS
historical_test,2025,1,IND,JAX,00-0037120,T.Goodson,RB,37.25,0.0759726220112517,2.829980169919126,0-3,0.986118670675152,2.7906962831976894,2.7906962831976894,True,118,6,109,75,Medium,ROUTE_PROXY_UNVALIDATED|LOW_CURRENT_SAMPLE,HISTORICAL TEST ONLY,PASS
historical_test,2025,1,NYJ,NE,00-0038389,I.Abanikanda,RB,21.75,0.1407762694037362,3.061883859531262,3-7,0.9028108177188384,2.7643018709835316,2.7643018709835316,True,119,2,110,75,Medium,ROUTE_PROXY_UNVALIDATED|LOW_CURRENT_SAMPLE,HISTORICAL TEST ONLY,PASS
historical_test,2025,1,CHI,SF,00-0036297,D.Evans,RB,23.75,0.128487166737584,3.05157021001762,3-7,0.9028108177188384,2.7549905966324553,2.7549905966324553,True,120,4,111,75,Medium,ROUTE_PROXY_UNVALIDATED|LOW_CURRENT_SAMPLE,HISTORICAL TEST ONLY,PASS
historical_test,2025,1,TEN,HOU,00-0036370,J.Kelley,RB,27.75,0.1002822924897572,2.7828336165907626,0-3,0.986118670675152,2.7442041867026084,2.7442041867026084,True,121,3,112,75,Medium,ROUTE_PROXY_UNVALIDATED|LOW_CURRENT_SAMPLE,HISTORICAL TEST ONLY,PASS
historical_test,2025,1,TB,WAS,00-0034855,B.Mayfield,QB,29.75,0.0934711984990129,2.780768155345634,0-3,0.986118670675152,2.742167396805231,2.742167396805231,True,122,5,10,60,Medium,ROUTE_PROXY_UNVALIDATED|LOW_CURRENT_SAMPLE|LOW_PLAYER_SAMPLE,HISTORICAL TEST ONLY,PASS
historical_test,2025,1,NYJ,MIA,00-0039794,B.Allen,RB,21.75,0.1261179160788378,2.743064674714722,0-3,0.986118670675152,2.70498729060565,2.70498729060565,True,123,3,113,75,Medium,ROUTE_PROXY_UNVALIDATED|LOW_CURRENT_SAMPLE,HISTORICAL TEST ONLY,PASS
historical_test,2025,1,LV,IND,00-0029239,B.Bolden,RB,24.75,0.1104644598028414,2.7339953801203247,0-3,0.986118670675152,2.6960438898762615,2.6960438898762615,True,124,4,114,60,Medium,ROUTE_PROXY_UNVALIDATED|LOW_CURRENT_SAMPLE|LOW_PLAYER_SAMPLE|LOW_RUSH_SAMPLE|LOW_CARRY_SAMPLE,HISTORICAL TEST ONLY,PASS
historical_test,2025,1,JAX,CAR,00-0030533,M.Barkley,QB,29.25,0.0928103571601051,2.714702946933074,0-3,0.986118670675152,2.677019261307561,2.677019261307561,True,125,4,11,60,Medium,ROUTE_PROXY_UNVALIDATED|LOW_CURRENT_SAMPLE|LOW_PLAYER_SAMPLE|LOW_RUSH_SAMPLE|LOW_CARRY_SAMPLE,HISTORICAL TEST ONLY,PASS
historical_test,2025,1,KC,LAC,00-0036269,L.Perine,RB,19.75,0.1369506144136704,2.7047746346699904,0-3,0.986118670675152,2.667228767216641,2.667228767216641,True,126,3,115,60,Medium,ROUTE_PROXY_UNVALIDATED|LOW_CURRENT_SAMPLE|LOW_PLAYER_SAMPLE,HISTORICAL TEST ONLY,PASS
historical_test,2025,1,LA,SF,00-0034838,R.Freeman,RB,21.5,0.1254736125320305,2.6976826694386555,0-3,0.986118670675152,2.6602352478902427,2.6602352478902427,True,127,3,116,60,Medium,ROUTE_PROXY_UNVALIDATED|LOW_CURRENT_SAMPLE|LOW_PLAYER_SAMPLE,HISTORICAL TEST ONLY,PASS
historical_test,2025,1,NYJ,CLE,00-0034433,N.Bawden,RB,21.75,0.1231932605219024,2.679453416351377,0-3,0.986118670675152,2.6422590410684146,2.6422590410684146,True,128,4,117,60,Medium,ROUTE_PROXY_UNVALIDATED|LOW_CURRENT_SAMPLE|LOW_PLAYER_SAMPLE|LOW_RUSH_SAMPLE|LOW_CARRY_SAMPLE,HISTORICAL TEST ONLY,PASS
historical_test,2025,1,ARI,SF,00-0035860,T.Jones,RB,27.75,0.0950453388595161,2.637508153351572,0-3,0.986118670675152,2.6008960340779272,2.6008960340779272,True,129,5,118,75,Medium,ROUTE_PROXY_UNVALIDATED|LOW_CURRENT_SAMPLE,HISTORICAL TEST ONLY,PASS
historical_test,2025,1,SF,KC,00-0036567,E.Mitchell,RB,20.75,0.1265234639459655,2.625361876878784,0-3,0.986118670675152,2.588918364068929,2.588918364068929,True,130,3,119,60,Medium,ROUTE_PROXY_UNVALIDATED|LOW_CURRENT_SAMPLE|LOW_PLAYER_SAMPLE,HISTORICAL TEST ONLY,PASS
historical_test,2025,1,ATL,NO,00-0034438,L.Woodside,QB,34.0,0.077059523733318,2.620023806932812,0-3,0.986118670675152,2.5836543936298355,2.5836543936298355,True,131,4,12,60,Medium,ROUTE_PROXY_UNVALIDATED|LOW_CURRENT_SAMPLE|LOW_PLAYER_SAMPLE|LOW_RUSH_SAMPLE|LOW_CARRY_SAMPLE,HISTORICAL TEST ONLY,PASS
historical_test,2025,1,NYG,PHI,00-0033308,M.Breida,RB,22.0,0.1185441889913863,2.6079721578104986,0-3,0.986118670675152,2.5717700374178967,2.5717700374178967,True,132,4,120,75,Medium,ROUTE_PROXY_UNVALIDATED|LOW_CURRENT_SAMPLE,HISTORICAL TEST ONLY,PASS
historical_test,2025,1,TEN,HOU,00-0039152,W.Levis,QB,27.75,0.0917255413009139,2.5453837711003606,0-3,0.986118670675152,2.510050460715593,2.510050460715593,True,133,4,13,60,Medium,ROUTE_PROXY_UNVALIDATED|LOW_CURRENT_SAMPLE|LOW_PLAYER_SAMPLE,HISTORICAL TEST ONLY,PASS
historical_test,2025,1,MIA,NYJ,00-0035993,T.Huntley,QB,24.75,0.1021159016179187,2.5273685650434876,0-3,0.986118670675152,2.4922853296668506,2.4922853296668506,True,134,5,14,60,Medium,ROUTE_PROXY_UNVALIDATED|LOW_CURRENT_SAMPLE|LOW_PLAYER_SAMPLE,HISTORICAL TEST ONLY,PASS
historical_test,2025,1,CAR,PHI,00-0039344,J.Brooks,RB,23.75,0.1052911116395241,2.5006639014386973,0-3,0.986118670675152,2.4659513622920675,2.4659513622920675,True,135,3,121,60,Medium,ROUTE_PROXY_UNVALIDATED|LOW_CURRENT_SAMPLE|LOW_PLAYER_SAMPLE|LOW_RUSH_SAMPLE|LOW_CARRY_SAMPLE,HISTORICAL TEST ONLY,PASS
historical_test,2025,1,JAX,HOU,00-0036971,T.Lawrence,QB,29.25,0.0851585861285004,2.4908886442586367,0-3,0.986118670675152,2.4563117986761585,2.4563117986761585,True,136,5,15,60,Medium,ROUTE_PROXY_UNVALIDATED|LOW_CURRENT_SAMPLE|LOW_PLAYER_SAMPLE,HISTORICAL TEST ONLY,PASS
historical_test,2025,1,NO,LV,00-0038551,K.Miller,RB,17.0,0.1459267459937971,2.4807546818945507,0-3,0.986118670675152,2.446318509181014,2.446318509181014,True,137,2,122,75,Medium,ROUTE_PROXY_UNVALIDATED|LOW_CURRENT_SAMPLE,HISTORICAL TEST ONLY,PASS
historical_test,2025,1,SEA,LA,00-0038636,K.McIntosh,RB,20.0,0.1235761250030386,2.471522500060772,0-3,0.986118670675152,2.437214482303657,2.437214482303657,True,138,3,123,60,Medium,ROUTE_PROXY_UNVALIDATED|LOW_CURRENT_SAMPLE|LOW_PLAYER_SAMPLE,HISTORICAL TEST ONLY,PASS
historical_test,2025,1,DET,WAS,00-0035567,C.Reynolds,RB,29.75,0.0812654335719324,2.417646648764989,0-3,0.986118670675152,2.384086499442367,2.384086499442367,True,139,5,124,75,Medium,ROUTE_PROXY_UNVALIDATED|LOW_CURRENT_SAMPLE,HISTORICAL TEST ONLY,PASS
historical_test,2025,1,WAS,PHI,00-0033955,J.McNichols,RB,29.5,0.0812697026018954,2.397456226755914,0-3,0.986118670675152,2.3641763473304076,2.3641763473304076,True,140,7,125,75,Medium,ROUTE_PROXY_UNVALIDATED|LOW_CURRENT_SAMPLE,HISTORICAL TEST ONLY,PASS
historical_test,2025,1,JAX,CAR,00-0033936,C.Beathard,QB,29.25,0.081360009445517,2.3797802762813722,0-3,0.986118670675152,2.346745762545533,2.346745762545533,True,141,6,16,60,Medium,ROUTE_PROXY_UNVALIDATED|LOW_CURRENT_SAMPLE|LOW_PLAYER_SAMPLE|LOW_RUSH_SAMPLE|LOW_CARRY_SAMPLE,HISTORICAL TEST ONLY,PASS
historical_test,2025,1,DAL,WAS,00-0037012,T.Lance,QB,32.25,0.0734904265677908,2.370066256811253,0-3,0.986118670675152,2.3371665865787463,2.3371665865787463,True,142,5,17,60,Medium,ROUTE_PROXY_UNVALIDATED|LOW_CURRENT_SAMPLE|LOW_PLAYER_SAMPLE|LOW_RUSH_SAMPLE|LOW_CARRY_SAMPLE,HISTORICAL TEST ONLY,PASS
historical_test,2025,1,JAX,IND,00-0036972,M.Jones,QB,29.25,0.0802059961719488,2.3460253880295023,0-3,0.986118670675152,2.3134594370138104,2.3134594370138104,True,143,7,18,60,Medium,ROUTE_PROXY_UNVALIDATED|LOW_CURRENT_SAMPLE|LOW_PLAYER_SAMPLE,HISTORICAL TEST ONLY,PASS
historical_test,2025,1,NO,TB,00-0036360,C.Edwards-Helaire,RB,17.0,0.1368012630014523,2.325621471024689,0-3,0.986118670675152,2.293338753500458,2.293338753500458,True,144,3,126,75,Medium,ROUTE_PROXY_UNVALIDATED|LOW_CURRENT_SAMPLE,HISTORICAL TEST ONLY,PASS
historical_test,2025,1,ARI,SF,00-0035228,K.Murray,QB,27.75,0.0836169003998541,2.3203689860959513,0-3,0.986118670675152,2.28815918004479,2.28815918004479,True,145,6,19,60,Medium,ROUTE_PROXY_UNVALIDATED|LOW_CURRENT_SAMPLE|LOW_PLAYER_SAMPLE,HISTORICAL TEST ONLY,PASS
historical_test,2025,1,TEN,HOU,00-0037594,J.Chestnut,RB,27.75,0.0833847413671943,2.313926572939642,0-3,0.986118670675152,2.2818061961471496,2.2818061961471496,True,146,5,127,60,Medium,ROUTE_PROXY_UNVALIDATED|LOW_CURRENT_SAMPLE|LOW_PLAYER_SAMPLE,HISTORICAL TEST ONLY,PASS
historical_test,2025,1,NYG,CAR,00-0035710,D.Jones,QB,22.0,0.1047859480035895,2.305290856078969,0-3,0.986118670675152,2.273290354516176,2.273290354516176,True,147,5,20,60,Medium,ROUTE_PROXY_UNVALIDATED|LOW_CURRENT_SAMPLE|LOW_PLAYER_SAMPLE,HISTORICAL TEST ONLY,PASS
historical_test,2025,1,MIN,LA,00-0034869,S.Darnold,QB,22.75,0.1010014702969094,2.297783449254689,0-3,0.986118670675152,2.2658871604783997,2.2658871604783997,True,148,4,21,60,Medium,ROUTE_PROXY_UNVALIDATED|LOW_CURRENT_SAMPLE|LOW_PLAYER_SAMPLE,HISTORICAL TEST ONLY,PASS
historical_test,2025,1,NYG,PHI,00-0037410,J.Corbin,RB,22.0,0.1037379752967506,2.2822354565285132,0-3,0.986118670675152,2.250554994559596,2.250554994559596,True,149,6,128,60,Medium,ROUTE_PROXY_UNVALIDATED|LOW_CURRENT_SAMPLE|LOW_PLAYER_SAMPLE|LOW_RUSH_SAMPLE|LOW_CARRY_SAMPLE,HISTORICAL TEST ONLY,PASS
historical_test,2025,1,DET,SF,00-0036670,J.Jefferson,RB,29.75,0.0763958835409717,2.272777535343908,0-3,0.986118670675152,2.241228361893683,2.241228361893683,True,150,6,129,60,Medium,ROUTE_PROXY_UNVALIDATED|LOW_CURRENT_SAMPLE|LOW_PLAYER_SAMPLE|LOW_RUSH_SAMPLE|LOW_CARRY_SAMPLE,HISTORICAL TEST ONLY,PASS
historical_test,2025,1,PHI,KC,00-0039746,W.Shipley,RB,37.5,0.060578864123423,2.2717074046283625,0-3,0.986118670675152,2.2401730860150204,2.2401730860150204,True,151,7,130,60,Medium,ROUTE_PROXY_UNVALIDATED|LOW_CURRENT_SAMPLE|LOW_PLAYER_SAMPLE,HISTORICAL TEST ONLY,PASS
historical_test,2025,1,LA,SF,00-0039136,Z.Evans,RB,21.5,0.1056210328401642,2.2708522060635303,0-3,0.986118670675152,2.239329758743105,2.239329758743105,True,152,4,131,60,Medium,ROUTE_PROXY_UNVALIDATED|LOW_CURRENT_SAMPLE|LOW_PLAYER_SAMPLE|LOW_RUSH_SAMPLE|LOW_CARRY_SAMPLE,HISTORICAL TEST ONLY,PASS
historical_test,2025,1,TEN,HOU,00-0034771,M.Rudolph,QB,27.75,0.0806108899557329,2.236952196271588,0-3,0.986118670675152,2.2059003261512,2.2059003261512,True,153,6,22,60,Medium,ROUTE_PROXY_UNVALIDATED|LOW_CURRENT_SAMPLE|LOW_PLAYER_SAMPLE,HISTORICAL TEST ONLY,PASS
historical_test,2025,1,TEN,JAX,00-0029701,R.Tannehill,QB,27.75,0.0793236163122592,2.201230352665193,0-3,0.986118670675152,2.170674349219996,2.170674349219996,True,154,7,23,60,Medium,ROUTE_PROXY_UNVALIDATED|LOW_CURRENT_SAMPLE|LOW_PLAYER_SAMPLE|LOW_RUSH_SAMPLE|LOW_CARRY_SAMPLE,HISTORICAL TEST ONLY,PASS
historical_test,2025,1,LV,NO,00-0032104,A.Abdullah,RB,24.75,0.0885090326000255,2.190598556850631,0-3,0.986118670675152,2.1601901368644505,2.1601901368644505,True,155,5,132,75,Medium,ROUTE_PROXY_UNVALIDATED|LOW_CURRENT_SAMPLE,HISTORICAL TEST ONLY,PASS
historical_test,2025,1,MIA,NYJ,00-0034115,J.Wilson,RB,24.75,0.0884749045875565,2.189753888542023,0-3,0.986118670675152,2.159357193674805,2.159357193674805,True,156,6,133,75,Medium,ROUTE_PROXY_UNVALIDATED|LOW_CURRENT_SAMPLE,HISTORICAL TEST ONLY,PASS
historical_test,2025,1,HOU,KC,00-0039163,C.Stroud,QB,27.25,0.0798180473013251,2.175041788961109,0-3,0.986118670675152,2.1448493175932333,2.1448493175932333,True,157,4,24,60,Medium,ROUTE_PROXY_UNVALIDATED|LOW_CURRENT_SAMPLE|LOW_PLAYER_SAMPLE,HISTORICAL TEST ONLY,PASS
historical_test,2025,1,CLE,BAL,00-0039617,J.Kibodi,RB,23.0,0.0941862985569161,2.1662848668090704,0-3,0.986118670675152,2.1362139531614592,2.1362139531614592,True,158,4,134,60,Medium,ROUTE_PROXY_UNVALIDATED|LOW_CURRENT_SAMPLE|LOW_PLAYER_SAMPLE|LOW_RUSH_SAMPLE|LOW_CARRY_SAMPLE,HISTORICAL TEST ONLY,PASS
historical_test,2025,1,WAS,DET,00-0032268,M.Mariota,QB,29.5,0.0726583754440891,2.143422075600628,0-3,0.986118670675152,2.1136685278870666,2.1136685278870666,True,159,8,25,60,Medium,ROUTE_PROXY_UNVALIDATED|LOW_CURRENT_SAMPLE|LOW_PLAYER_SAMPLE,HISTORICAL TEST ONLY,PASS
historical_test,2025,1,LAC,KC,00-0035282,E.Stick,QB,29.75,0.0719740816680915,2.141228929625722,0-3,0.986118670675152,2.111505825693696,2.111505825693696,True,160,6,26,60,Medium,ROUTE_PROXY_UNVALIDATED|LOW_CURRENT_SAMPLE|LOW_PLAYER_SAMPLE,HISTORICAL TEST ONLY,PASS
historical_test,2025,1,CAR,ATL,00-0034208,M.Boone,RB,23.75,0.0894139495844673,2.1235813026310986,0-3,0.986118670675152,2.0941031712211866,2.0941031712211866,True,161,4,135,75,Medium,ROUTE_PROXY_UNVALIDATED|LOW_CURRENT_SAMPLE|LOW_RUSH_SAMPLE|LOW_CARRY_SAMPLE,HISTORICAL TEST ONLY,PASS
historical_test,2025,1,LAC,HOU,00-0037617,H.Haskins,RB,29.75,0.0712573614899156,2.119906504324989,0-3,0.986118670675152,2.0904793840005667,2.0904793840005667,True,162,7,136,60,Medium,ROUTE_PROXY_UNVALIDATED|LOW_CURRENT_SAMPLE|LOW_PLAYER_SAMPLE,HISTORICAL TEST ONLY,PASS
historical_test,2025,1,SF,ARI,00-0039363,I.Guerendo,RB,20.75,0.1013144689025981,2.1022752297289107,0-3,0.986118670675152,2.073092854933573,2.073092854933573,True,163,4,137,75,Medium,ROUTE_PROXY_UNVALIDATED|LOW_CURRENT_SAMPLE,HISTORICAL TEST ONLY,PASS
historical_test,2025,1,HOU,KC,00-0033854,D.Ogunbowale,RB,27.25,0.076588916941475,2.0870479866551936,0-3,0.986118670675152,2.058076986235672,2.058076986235672,True,164,5,138,75,Medium,ROUTE_PROXY_UNVALIDATED|LOW_CURRENT_SAMPLE,HISTORICAL TEST ONLY,PASS
historical_test,2025,1,PIT,BAL,00-0029263,R.Wilson,QB,22.25,0.0933283984994918,2.0765568666136924,0-3,0.986118670675152,2.0477314968864535,2.0477314968864535,True,165,4,27,60,Medium,ROUTE_PROXY_UNVALIDATED|LOW_CURRENT_SAMPLE|LOW_PLAYER_SAMPLE,HISTORICAL TEST ONLY,PASS
historical_test,2025,1,GB,PHI,00-0038685,C.Brooks,RB,30.25,0.0683150508086883,2.0665302869628213,0-3,0.986118670675152,2.0378440994897176,2.0378440994897176,True,166,7,139,75,Medium,ROUTE_PROXY_UNVALIDATED|LOW_CURRENT_SAMPLE,HISTORICAL TEST ONLY,PASS
historical_test,2025,1,DAL,WAS,00-0038738,H.Luepke,RB,32.25,0.0633920602852109,2.044393944198051,0-3,0.986118670675152,2.0160150385889133,2.0160150385889133,True,167,6,140,75,Medium,ROUTE_PROXY_UNVALIDATED|LOW_CURRENT_SAMPLE|LOW_RUSH_SAMPLE|LOW_CARRY_SAMPLE,HISTORICAL TEST ONLY,PASS
historical_test,2025,1,CHI,LV,00-0033958,N.Peterman,QB,23.75,0.0860704809950729,2.0441739236329814,0-3,0.986118670675152,2.015798072201765,2.015798072201765,True,168,5,28,60,Medium,ROUTE_PROXY_UNVALIDATED|LOW_CURRENT_SAMPLE|LOW_PLAYER_SAMPLE|LOW_RUSH_SAMPLE|LOW_CARRY_SAMPLE,HISTORICAL TEST ONLY,PASS
historical_test,2025,1,LAC,HOU,00-0036355,J.Herbert,QB,29.75,0.0681911517867369,2.028686765655423,0-3,0.986118670675152,2.0005258965643993,2.0005258965643993,True,169,8,29,60,Medium,ROUTE_PROXY_UNVALIDATED|LOW_CURRENT_SAMPLE|LOW_PLAYER_SAMPLE,HISTORICAL TEST ONLY,PASS
historical_test,2025,1,NE,BUF,00-0039851,D.Maye,QB,26.0,0.0778565579167594,2.0242705058357444,0-3,0.986118670675152,1.9961709403016619,1.9961709403016619,True,170,6,30,60,Medium,ROUTE_PROXY_UNVALIDATED|LOW_CURRENT_SAMPLE|LOW_PLAYER_SAMPLE,HISTORICAL TEST ONLY,PASS
historical_test,2025,1,SF,ARI,00-0035973,P.Taylor,RB,20.75,0.0973908157581365,2.0208594269813323,0-3,0.986118670675152,1.9928072117561808,1.9928072117561808,True,171,5,141,75,Medium,ROUTE_PROXY_UNVALIDATED|LOW_CURRENT_SAMPLE,HISTORICAL TEST ONLY,PASS
historical_test,2025,1,PIT,BAL,00-0030578,C.Patterson,RB,22.25,0.0907510465960609,2.019210786762355,0-3,0.986118670675152,1.9911814568550215,1.9911814568550215,True,172,5,142,75,Medium,ROUTE_PROXY_UNVALIDATED|LOW_CURRENT_SAMPLE,HISTORICAL TEST ONLY,PASS
historical_test,2025,1,DAL,PHI,00-0033662,C.Rush,QB,32.25,0.0615057214907397,1.9835595180763552,0-3,0.986118670675152,1.9560250751705006,1.9560250751705006,True,173,7,31,60,Medium,ROUTE_PROXY_UNVALIDATED|LOW_CURRENT_SAMPLE|LOW_PLAYER_SAMPLE,HISTORICAL TEST ONLY,PASS
historical_test,2025,1,KC,SF,00-0031376,J.McKinnon,RB,19.75,0.0991733993189886,1.9586746365500247,0-3,0.986118670675152,1.931485628879847,1.931485628879847,True,174,4,143,75,Medium,ROUTE_PROXY_UNVALIDATED|LOW_CURRENT_SAMPLE,HISTORICAL TEST ONLY,PASS
historical_test,2025,1,MIN,GB,00-0038598,J.Hall,QB,22.75,0.0860790986731091,1.9582994948132322,0-3,0.986118670675152,1.9311156946090462,1.9311156946090462,True,175,5,32,60,Medium,ROUTE_PROXY_UNVALIDATED|LOW_CURRENT_SAMPLE|LOW_PLAYER_SAMPLE|LOW_RUSH_SAMPLE|LOW_CARRY_SAMPLE,HISTORICAL TEST ONLY,PASS
historical_test,2025,1,ARI,SEA,00-0038705,E.Demercado,RB,27.75,0.0703941344324643,1.9534372305008842,0-3,0.986118670675152,1.9263209249888824,1.9263209249888824,True,176,7,144,75,Medium,ROUTE_PROXY_UNVALIDATED|LOW_CURRENT_SAMPLE,HISTORICAL TEST ONLY,PASS
historical_test,2025,1,DAL,ATL,00-0033077,D.Prescott,QB,32.25,0.0600226643407367,1.9357309249887586,0-3,0.986118670675152,1.908860406534697,1.908860406534697,True,177,8,33,60,Medium,ROUTE_PROXY_UNVALIDATED|LOW_CURRENT_SAMPLE|LOW_PLAYER_SAMPLE,HISTORICAL TEST ONLY,PASS
historical_test,2025,1,ATL,LV,00-0029604,K.Cousins,QB,34.0,0.0567149184584036,1.9283072275857225,0-3,0.986118670675152,1.9015397599201205,1.9015397599201205,True,178,5,34,60,Medium,ROUTE_PROXY_UNVALIDATED|LOW_CURRENT_SAMPLE|LOW_PLAYER_SAMPLE,HISTORICAL TEST ONLY,PASS
historical_test,2025,1,SEA,LA,00-0030565,G.Smith,QB,20.0,0.0961652834724437,1.923305669448874,0-3,0.986118670675152,1.896607630058907,1.896607630058907,True,179,4,35,60,Medium,ROUTE_PROXY_UNVALIDATED|LOW_CURRENT_SAMPLE|LOW_PLAYER_SAMPLE,HISTORICAL TEST ONLY,PASS
historical_test,2025,1,HOU,CLE,00-0028986,C.Keenum,QB,27.25,0.0695297666797434,1.8946861420230074,0-3,0.986118670675152,1.8683853797183605,1.8683853797183605,True,180,6,36,60,Medium,ROUTE_PROXY_UNVALIDATED|LOW_CURRENT_SAMPLE|LOW_PLAYER_SAMPLE|LOW_RUSH_SAMPLE|LOW_CARRY_SAMPLE,HISTORICAL TEST ONLY,PASS
historical_test,2025,1,NO,TB,00-0033948,Ja.Williams,RB,17.0,0.1100646162041336,1.8710984754702713,0-3,0.986118670675152,1.8451251413330474,1.8451251413330474,True,181,4,145,75,Medium,ROUTE_PROXY_UNVALIDATED|LOW_CURRENT_SAMPLE,HISTORICAL TEST ONLY,PASS
historical_test,2025,1,CAR,ATL,00-0039150,B.Young,QB,23.75,0.0781720860902122,1.8565870446425397,0-3,0.986118670675152,1.8308151484556103,1.8308151484556103,True,182,5,37,60,Medium,ROUTE_PROXY_UNVALIDATED|LOW_CURRENT_SAMPLE|LOW_PLAYER_SAMPLE,HISTORICAL TEST ONLY,PASS
historical_test,2025,1,DEN,KC,00-0035264,J.Stidham,QB,27.0,0.068477165124975,1.8488834583743248,0-3,0.986118670675152,1.823218498205367,1.823218498205367,True,183,7,38,60,Medium,ROUTE_PROXY_UNVALIDATED|LOW_CURRENT_SAMPLE|LOW_PLAYER_SAMPLE|LOW_RUSH_SAMPLE|LOW_CARRY_SAMPLE,HISTORICAL TEST ONLY,PASS
historical_test,2025,1,PIT,LV,00-0037609,A.Shampklin,RB,22.25,0.0805834924007365,1.7929827059163872,0-3,0.986118670675152,1.7680937225018047,1.7680937225018047,True,184,6,146,60,Medium,ROUTE_PROXY_UNVALIDATED|LOW_CURRENT_SAMPLE|LOW_PLAYER_SAMPLE|LOW_RUSH_SAMPLE|LOW_CARRY_SAMPLE,HISTORICAL TEST ONLY,PASS
historical_test,2025,1,PHI,NYG,00-0038400,T.McKee,QB,37.5,0.0474455738362599,1.7792090188597462,0-3,0.986118670675152,1.7545112325312144,1.7545112325312144,True,185,8,39,60,Medium,ROUTE_PROXY_UNVALIDATED|LOW_CURRENT_SAMPLE|LOW_PLAYER_SAMPLE|LOW_RUSH_SAMPLE|LOW_CARRY_SAMPLE,HISTORICAL TEST ONLY,PASS
historical_test,2025,1,BUF,DEN,00-0033869,M.Trubisky,QB,36.5,0.0485198118963755,1.7709731342177057,0-3,0.986118670675152,1.7463896729161716,1.7463896729161716,True,186,8,40,60,Medium,ROUTE_PROXY_UNVALIDATED|LOW_CURRENT_SAMPLE|LOW_PLAYER_SAMPLE,HISTORICAL TEST ONLY,PASS
historical_test,2025,1,ATL,CAR,00-0039917,M.Penix,QB,34.0,0.0515758832505233,1.7535800305177922,0-3,0.986118670675152,1.7292380086166979,1.7292380086166979,True,187,6,41,60,Medium,ROUTE_PROXY_UNVALIDATED|LOW_CURRENT_SAMPLE|LOW_PLAYER_SAMPLE|LOW_RUSH_SAMPLE|LOW_CARRY_SAMPLE,HISTORICAL TEST ONLY,PASS
historical_test,2025,1,LA,SEA,00-0039738,B.Corum,RB,21.5,0.0805544824534053,1.731921372748214,0-3,0.986118670675152,1.707880001808353,1.707880001808353,True,188,5,147,60,Medium,ROUTE_PROXY_UNVALIDATED|LOW_CURRENT_SAMPLE|LOW_PLAYER_SAMPLE,HISTORICAL TEST ONLY,PASS
historical_test,2025,1,CIN,PIT,00-0036442,J.Burrow,QB,24.25,0.0706532570618388,1.7133414837495908,0-3,0.986118670675152,1.689558026367739,1.689558026367739,True,189,5,42,60,Medium,ROUTE_PROXY_UNVALIDATED|LOW_CURRENT_SAMPLE|LOW_PLAYER_SAMPLE,HISTORICAL TEST ONLY,PASS
historical_test,2025,1,CAR,TB,00-0037745,V.Jones,RB,23.75,0.0720332683954089,1.7107901243909613,0-3,0.986118670675152,1.6870420832685928,1.6870420832685928,True,190,6,148,60,Medium,ROUTE_PROXY_UNVALIDATED|LOW_CURRENT_SAMPLE|LOW_PLAYER_SAMPLE|LOW_RUSH_SAMPLE|LOW_CARRY_SAMPLE,HISTORICAL TEST ONLY,PASS
historical_test,2025,1,PHI,KC,00-0038102,K.Pickett,QB,37.5,0.045062601880122,1.6898475705045748,0-3,0.986118670675152,1.6663902398696064,1.6663902398696064,True,191,9,43,60,Medium,ROUTE_PROXY_UNVALIDATED|LOW_CURRENT_SAMPLE|LOW_PLAYER_SAMPLE,HISTORICAL TEST ONLY,PASS
historical_test,2025,1,NYJ,MIA,00-0039798,I.Davis,RB,21.75,0.0769968767863303,1.6746820701026839,0-3,0.986118670675152,1.6514352567731703,1.6514352567731703,True,192,5,149,75,Medium,ROUTE_PROXY_UNVALIDATED|LOW_CURRENT_SAMPLE,HISTORICAL TEST ONLY,PASS
historical_test,2025,1,CLE,CIN,00-0032436,J.Driskel,QB,23.0,0.0727324385381937,1.6728460863784549,0-3,0.986118670675152,1.6496247589436526,1.6496247589436526,True,193,5,44,60,Medium,ROUTE_PROXY_UNVALIDATED|LOW_CURRENT_SAMPLE|LOW_PLAYER_SAMPLE|LOW_RUSH_SAMPLE|LOW_CARRY_SAMPLE,HISTORICAL TEST ONLY,PASS
historical_test,2025,1,LA,MIN,00-0037557,R.Rivers,RB,21.5,0.0766770392017786,1.6485563428382397,0-3,0.986118670675152,1.625672189332735,1.625672189332735,True,194,6,150,75,Medium,ROUTE_PROXY_UNVALIDATED|LOW_CURRENT_SAMPLE,HISTORICAL TEST ONLY,PASS
historical_test,2025,1,KC,DEN,00-0039325,C.Steele,RB,19.75,0.0829113377258139,1.6374989200848244,0-3,0.986118670675152,1.614768258306044,1.614768258306044,True,195,5,151,75,Medium,ROUTE_PROXY_UNVALIDATED|LOW_CURRENT_SAMPLE,HISTORICAL TEST ONLY,PASS
historical_test,2025,1,SF,ARI,00-0033949,J.Dobbs,QB,20.75,0.0788775229797872,1.6367086018305845,0-3,0.986118670675152,1.6139889107197627,1.6139889107197627,True,196,6,45,60,Medium,ROUTE_PROXY_UNVALIDATED|LOW_CURRENT_SAMPLE|LOW_PLAYER_SAMPLE,HISTORICAL TEST ONLY,PASS
historical_test,2025,1,SEA,CHI,00-0039299,G.Holani,RB,20.0,0.0817830346472484,1.635660692944968,0-3,0.986118670675152,1.6129555482024898,1.6129555482024898,True,197,5,152,60,Medium,ROUTE_PROXY_UNVALIDATED|LOW_CURRENT_SAMPLE|LOW_PLAYER_SAMPLE|LOW_RUSH_SAMPLE|LOW_CARRY_SAMPLE,HISTORICAL TEST ONLY,PASS
historical_test,2025,1,CAR,ATL,00-0037429,R.Blackshear,RB,23.75,0.0676234467753822,1.6060568609153274,0-3,0.986118670675152,1.5837626567145302,1.5837626567145302,True,198,7,153,60,Medium,ROUTE_PROXY_UNVALIDATED|LOW_CURRENT_SAMPLE|LOW_PLAYER_SAMPLE,HISTORICAL TEST ONLY,PASS
historical_test,2025,1,GB,CHI,00-0038128,M.Willis,QB,30.25,0.0530778184166014,1.6056040071021922,0-3,0.986118670675152,1.5833160891143112,1.5833160891143112,True,199,8,46,60,Medium,ROUTE_PROXY_UNVALIDATED|LOW_CURRENT_SAMPLE|LOW_PLAYER_SAMPLE,HISTORICAL TEST ONLY,PASS
historical_test,2025,1,CLE,CIN,00-0033537,D.Watson,QB,23.0,0.0695575089788034,1.5998227065124784,0-3,0.986118670675152,1.577615040662009,1.577615040662009,True,200,6,47,60,Medium,ROUTE_PROXY_UNVALIDATED|LOW_CURRENT_SAMPLE|LOW_PLAYER_SAMPLE,HISTORICAL TEST ONLY,PASS
historical_test,2025,1,NE,LAC,00-0035806,J.Hasty,RB,26.0,0.0611825618388775,1.590746607810815,0-3,0.986118670675152,1.5686649302754083,1.5686649302754083,True,201,7,154,75,Medium,ROUTE_PROXY_UNVALIDATED|LOW_CURRENT_SAMPLE,HISTORICAL TEST ONLY,PASS
historical_test,2025,1,CHI,MIN,00-0038416,T.Bagent,QB,23.75,0.0669158694326358,1.5892518990251003,0-3,0.986118670675152,1.567190970034593,1.567190970034593,True,202,6,48,60,Medium,ROUTE_PROXY_UNVALIDATED|LOW_CURRENT_SAMPLE|LOW_PLAYER_SAMPLE,HISTORICAL TEST ONLY,PASS
historical_test,2025,1,CHI,MIN,00-0035594,T.Homer,RB,23.75,0.0658734552302363,1.564494561718112,0-3,0.986118670675152,1.5427772974799692,1.5427772974799692,True,203,7,155,60,Medium,ROUTE_PROXY_UNVALIDATED|LOW_CURRENT_SAMPLE|LOW_PLAYER_SAMPLE|LOW_RUSH_SAMPLE|LOW_CARRY_SAMPLE,HISTORICAL TEST ONLY,PASS
historical_test,2025,1,MIN,NYJ,00-0035311,M.Gaskin,RB,22.75,0.0682885115040573,1.5535636367173038,0-3,0.986118670675152,1.5319981082489225,1.5319981082489225,True,204,6,156,60,Medium,ROUTE_PROXY_UNVALIDATED|LOW_CURRENT_SAMPLE|LOW_PLAYER_SAMPLE|LOW_RUSH_SAMPLE|LOW_CARRY_SAMPLE,HISTORICAL TEST ONLY,PASS
historical_test,2025,1,NYJ,MIA,00-0037013,Z.Wilson,QB,21.75,0.0712592043031673,1.5498876935938888,0-3,0.986118670675152,1.528373192102583,1.528373192102583,True,205,6,49,60,Medium,ROUTE_PROXY_UNVALIDATED|LOW_CURRENT_SAMPLE|LOW_PLAYER_SAMPLE,HISTORICAL TEST ONLY,PASS
historical_test,2025,1,TB,CAR,00-0036928,K.Trask,QB,29.75,0.0516548706987209,1.5367324032869467,0-3,0.986118670675152,1.5154005147127556,1.5154005147127556,True,206,6,50,60,Medium,ROUTE_PROXY_UNVALIDATED|LOW_CURRENT_SAMPLE|LOW_PLAYER_SAMPLE|LOW_RUSH_SAMPLE|LOW_CARRY_SAMPLE,HISTORICAL TEST ONLY,PASS
historical_test,2025,1,NYG,BAL,00-0038476,T.DeVito,QB,22.0,0.0688623720269796,1.5149721845935513,0-3,0.986118670675152,1.4939423567812238,1.4939423567812238,True,207,7,51,60,Medium,ROUTE_PROXY_UNVALIDATED|LOW_CURRENT_SAMPLE|LOW_PLAYER_SAMPLE,HISTORICAL TEST ONLY,PASS
historical_test,2025,1,HOU,MIN,00-0039603,B.Brooks,RB,27.25,0.0554212744788146,1.5102297295476979,0-3,0.986118670675152,1.4892657333156702,1.4892657333156702,True,208,7,157,60,Medium,ROUTE_PROXY_UNVALIDATED|LOW_CURRENT_SAMPLE|LOW_PLAYER_SAMPLE|LOW_RUSH_SAMPLE|LOW_CARRY_SAMPLE,HISTORICAL TEST ONLY,PASS
historical_test,2025,1,PIT,NYG,00-0035924,J.Ward,RB,22.25,0.0678146849558652,1.5088767402680008,0-3,0.986118670675152,1.4879315253257375,1.4879315253257375,True,209,7,158,60,Medium,ROUTE_PROXY_UNVALIDATED|LOW_CURRENT_SAMPLE|LOW_PLAYER_SAMPLE|LOW_RUSH_SAMPLE|LOW_CARRY_SAMPLE,HISTORICAL TEST ONLY,PASS
historical_test,2025,1,IND,JAX,00-0026158,J.Flacco,QB,37.25,0.0403042714310864,1.5013341108079683,0-3,0.986118670675152,1.480493597589215,1.480493597589215,True,210,7,52,60,Medium,ROUTE_PROXY_UNVALIDATED|LOW_CURRENT_SAMPLE|LOW_PLAYER_SAMPLE,HISTORICAL TEST ONLY,PASS
historical_test,2025,1,NYJ,NE,00-0032156,T.Siemian,QB,21.75,0.0670392821715272,1.4581043872307167,0-3,0.986118670675152,1.4378639600415615,1.4378639600415615,True,211,7,53,60,Medium,ROUTE_PROXY_UNVALIDATED|LOW_CURRENT_SAMPLE|LOW_PLAYER_SAMPLE|LOW_RUSH_SAMPLE|LOW_CARRY_SAMPLE,HISTORICAL TEST ONLY,PASS
historical_test,2025,1,GB,MIN,00-0038391,S.Clifford,QB,30.25,0.0479451921979165,1.4503420639869742,0-3,0.986118670675152,1.4302093881630913,1.4302093881630913,True,212,9,54,60,Medium,ROUTE_PROXY_UNVALIDATED|LOW_CURRENT_SAMPLE|LOW_PLAYER_SAMPLE|LOW_RUSH_SAMPLE|LOW_CARRY_SAMPLE,HISTORICAL TEST ONLY,PASS
historical_test,2025,1,SF,CHI,00-0036450,K.Vaughn,RB,20.75,0.0692352574984043,1.4366315930918891,0-3,0.986118670675152,1.4166892368296997,1.4166892368296997,True,213,7,159,60,Medium,ROUTE_PROXY_UNVALIDATED|LOW_CURRENT_SAMPLE|LOW_PLAYER_SAMPLE,HISTORICAL TEST ONLY,PASS
historical_test,2025,1,SF,DET,00-0037834,B.Purdy,QB,20.75,0.0683526581145911,1.4183176558777653,0-3,0.986118670675152,1.3986295214092797,1.3986295214092797,True,214,8,55,60,Medium,ROUTE_PROXY_UNVALIDATED|LOW_CURRENT_SAMPLE|LOW_PLAYER_SAMPLE,HISTORICAL TEST ONLY,PASS
historical_test,2025,1,CLE,MIA,00-0038098,P.Strong,RB,23.0,0.0612409516430572,1.4085418877903155,0-3,0.986118670675152,1.3889894539780552,1.3889894539780552,True,215,7,160,75,Medium,ROUTE_PROXY_UNVALIDATED|LOW_CURRENT_SAMPLE,HISTORICAL TEST ONLY,PASS
historical_test,2025,1,BAL,HOU,00-0026300,J.Johnson,QB,39.5,0.0353008688569349,1.3943843198489285,0-3,0.986118670675152,1.3750284118997014,1.3750284118997014,True,216,7,56,60,Medium,ROUTE_PROXY_UNVALIDATED|LOW_CURRENT_SAMPLE|LOW_PLAYER_SAMPLE|LOW_RUSH_SAMPLE|LOW_CARRY_SAMPLE,HISTORICAL TEST ONLY,PASS
historical_test,2025,1,LV,CHI,00-0026625,B.Hoyer,QB,24.75,0.0556888479061913,1.3782989856782348,0-3,0.986118670675152,1.3591663635499314,1.3591663635499314,True,217,6,57,60,Medium,ROUTE_PROXY_UNVALIDATED|LOW_CURRENT_SAMPLE|LOW_PLAYER_SAMPLE|LOW_RUSH_SAMPLE|LOW_CARRY_SAMPLE,HISTORICAL TEST ONLY,PASS
historical_test,2025,1,NO,TB,00-0038678,J.Mims,RB,17.0,0.0798168058876837,1.356885700090623,0-3,0.986118670675152,1.3380503228314882,1.3380503228314882,True,218,5,161,75,Medium,ROUTE_PROXY_UNVALIDATED|LOW_CURRENT_SAMPLE,HISTORICAL TEST ONLY,PASS
historical_test,2025,1,CAR,WAS,00-0027973,A.Dalton,QB,23.75,0.0563259530731691,1.3377413854877662,0-3,0.986118670675152,1.3191717567643322,1.3191717567643322,True,219,8,58,60,Medium,ROUTE_PROXY_UNVALIDATED|LOW_CURRENT_SAMPLE|LOW_PLAYER_SAMPLE|LOW_RUSH_SAMPLE|LOW_CARRY_SAMPLE,HISTORICAL TEST ONLY,PASS
historical_test,2025,1,DET,SF,00-0039364,S.Vaki,RB,29.75,0.0443232562915989,1.3186168746750673,0-3,0.986118670675152,1.3003127195844009,1.3003127195844009,True,220,7,162,60,Medium,ROUTE_PROXY_UNVALIDATED|LOW_CURRENT_SAMPLE|LOW_PLAYER_SAMPLE|LOW_RUSH_SAMPLE|LOW_CARRY_SAMPLE,HISTORICAL TEST ONLY,PASS
historical_test,2025,1,HOU,KC,00-0034959,A.Beck,RB,27.25,0.048373109219241,1.3181672262243171,0-3,0.986118670675152,1.299869312851876,1.299869312851876,True,221,8,163,75,Medium,ROUTE_PROXY_UNVALIDATED|LOW_CURRENT_SAMPLE|LOW_RUSH_SAMPLE|LOW_CARRY_SAMPLE,HISTORICAL TEST ONLY,PASS
historical_test,2025,1,KC,PHI,00-0033873,P.Mahomes,QB,19.75,0.0663722335932774,1.3108516134672288,0-3,0.986118670675152,1.2926552505246818,1.2926552505246818,True,222,6,59,60,Medium,ROUTE_PROXY_UNVALIDATED|LOW_CURRENT_SAMPLE|LOW_PLAYER_SAMPLE,HISTORICAL TEST ONLY,PASS
historical_test,2025,1,DET,WAS,00-0033106,J.Goff,QB,29.75,0.0436616137467145,1.2989330089647564,0-3,0.986118670675152,1.280902092096401,1.280902092096401,True,223,8,60,60,Medium,ROUTE_PROXY_UNVALIDATED|LOW_CURRENT_SAMPLE|LOW_PLAYER_SAMPLE,HISTORICAL TEST ONLY,PASS
historical_test,2025,1,CIN,PIT,00-0035291,T.Williams,RB,24.25,0.0531617385837907,1.2891721606569246,0-3,0.986118670675152,1.27127673733842,1.27127673733842,True,224,6,164,60,Medium,ROUTE_PROXY_UNVALIDATED|LOW_CURRENT_SAMPLE|LOW_PLAYER_SAMPLE|LOW_RUSH_SAMPLE|LOW_CARRY_SAMPLE,HISTORICAL TEST ONLY,PASS
historical_test,2025,1,CLE,BAL,00-0038583,D.Thompson-Robinson,QB,23.0,0.0548131676246651,1.2607028553672972,0-3,0.986118670675152,1.2432026238511675,1.2432026238511675,True,225,8,61,60,Medium,ROUTE_PROXY_UNVALIDATED|LOW_CURRENT_SAMPLE|LOW_PLAYER_SAMPLE,HISTORICAL TEST ONLY,PASS
historical_test,2025,1,SEA,GB,00-0037077,S.Howell,QB,20.0,0.0630224636770183,1.260449273540366,0-3,0.986118670675152,1.242952562077087,1.242952562077087,True,226,6,62,60,Medium,ROUTE_PROXY_UNVALIDATED|LOW_CURRENT_SAMPLE|LOW_PLAYER_SAMPLE,HISTORICAL TEST ONLY,PASS
historical_test,2025,1,CLE,DEN,00-0033275,P.Walker,QB,23.0,0.0544549330329398,1.2524634597576154,0-3,0.986118670675152,1.2350776020053815,1.2350776020053815,True,227,9,63,60,Medium,ROUTE_PROXY_UNVALIDATED|LOW_CURRENT_SAMPLE|LOW_PLAYER_SAMPLE|LOW_RUSH_SAMPLE|LOW_CARRY_SAMPLE,HISTORICAL TEST ONLY,PASS
historical_test,2025,1,CIN,CLE,00-0035100,J.Browning,QB,24.25,0.0515858798310643,1.2509575859033093,0-3,0.986118670675152,1.2335926316819688,1.2335926316819688,True,228,7,64,60,Medium,ROUTE_PROXY_UNVALIDATED|LOW_CURRENT_SAMPLE|LOW_PLAYER_SAMPLE,HISTORICAL TEST ONLY,PASS
historical_test,2025,1,NE,LAC,00-0033119,J.Brissett,QB,26.0,0.047738093921028,1.241190441946728,0-3,0.986118670675152,1.2239610686672118,1.2239610686672118,True,229,8,65,60,Medium,ROUTE_PROXY_UNVALIDATED|LOW_CURRENT_SAMPLE|LOW_PLAYER_SAMPLE|LOW_RUSH_SAMPLE|LOW_CARRY_SAMPLE,HISTORICAL TEST ONLY,PASS
historical_test,2025,1,ARI,SF,00-0036425,D.Dallas,RB,27.75,0.0446406564915998,1.2387782176418944,0-3,0.986118670675152,1.221582329242359,1.221582329242359,True,230,8,165,75,Medium,ROUTE_PROXY_UNVALIDATED|LOW_CURRENT_SAMPLE|LOW_RUSH_SAMPLE|LOW_CARRY_SAMPLE,HISTORICAL TEST ONLY,PASS
historical_test,2025,1,MIA,SF,00-0036212,T.Tagovailoa,QB,24.75,0.0481593577088384,1.1919441032937503,0-3,0.986118670675152,1.1753983346591192,1.1753983346591192,True,231,7,66,60,Medium,ROUTE_PROXY_UNVALIDATED|LOW_CURRENT_SAMPLE|LOW_PLAYER_SAMPLE,HISTORICAL TEST ONLY,PASS
historical_test,2025,1,LV,LAC,00-0038122,D.Ridder,QB,24.75,0.0473137104665135,1.1710143340462091,0-3,0.986118670675152,1.1547590984311962,1.1547590984311962,True,232,7,67,60,Medium,ROUTE_PROXY_UNVALIDATED|LOW_CURRENT_SAMPLE|LOW_PLAYER_SAMPLE,HISTORICAL TEST ONLY,PASS
historical_test,2025,1,LV,LAC,00-0039244,C.Collier,RB,24.75,0.0471779435795392,1.1676541035935952,0-3,0.986118670675152,1.1514455124441023,1.1514455124441023,True,233,8,166,60,Medium,ROUTE_PROXY_UNVALIDATED|LOW_CURRENT_SAMPLE|LOW_PLAYER_SAMPLE|LOW_RUSH_SAMPLE|LOW_CARRY_SAMPLE,HISTORICAL TEST ONLY,PASS
historical_test,2025,1,DET,JAX,00-0038550,H.Hooker,QB,29.75,0.0389592360672952,1.1590372730020322,0-3,0.986118670675152,1.1429482949157173,1.1429482949157173,True,234,9,68,60,Medium,ROUTE_PROXY_UNVALIDATED|LOW_CURRENT_SAMPLE|LOW_PLAYER_SAMPLE|LOW_RUSH_SAMPLE|LOW_CARRY_SAMPLE,HISTORICAL TEST ONLY,PASS
historical_test,2025,1,LV,LAC,00-0038579,A.O'Connell,QB,24.75,0.0466954145274931,1.1557115095554542,0-3,0.986118670675152,1.1396686974867978,1.1396686974867978,True,235,9,69,60,Medium,ROUTE_PROXY_UNVALIDATED|LOW_CURRENT_SAMPLE|LOW_PLAYER_SAMPLE,HISTORICAL TEST ONLY,PASS
historical_test,2025,1,NYJ,BUF,00-0028118,T.Taylor,QB,21.75,0.0523254575340356,1.1380787013652742,0-3,0.986118670675152,1.1222806561140275,1.1222806561140275,True,236,8,70,60,Medium,ROUTE_PROXY_UNVALIDATED|LOW_CURRENT_SAMPLE|LOW_PLAYER_SAMPLE,HISTORICAL TEST ONLY,PASS
historical_test,2025,1,GB,PHI,00-0036264,J.Love,QB,30.25,0.0369275934390095,1.1170597015300372,0-3,0.986118670675152,1.1015534279375823,1.1015534279375823,True,237,10,71,60,Medium,ROUTE_PROXY_UNVALIDATED|LOW_CURRENT_SAMPLE|LOW_PLAYER_SAMPLE,HISTORICAL TEST ONLY,PASS
historical_test,2025,1,KC,LAC,00-0027948,B.Gabbert,QB,19.75,0.0563928176082724,1.11375814776338,0-3,0.986118670675152,1.0982977041260438,1.0982977041260438,True,238,7,72,60,Medium,ROUTE_PROXY_UNVALIDATED|LOW_CURRENT_SAMPLE|LOW_PLAYER_SAMPLE|LOW_RUSH_SAMPLE|LOW_CARRY_SAMPLE,HISTORICAL TEST ONLY,PASS
historical_test,2025,1,LA,GB,00-0034955,B.Rypien,QB,21.5,0.0501919321464019,1.0791265411476407,0-3,0.986118670675152,1.0641468302467862,1.0641468302467862,True,239,7,73,60,Medium,ROUTE_PROXY_UNVALIDATED|LOW_CURRENT_SAMPLE|LOW_PLAYER_SAMPLE|LOW_RUSH_SAMPLE|LOW_CARRY_SAMPLE,HISTORICAL TEST ONLY,PASS
historical_test,2025,1,LV,DEN,00-0035289,G.Minshew,QB,24.75,0.04331856747592,1.07213454502902,0-3,0.986118670675152,1.0572518923289262,1.0572518923289262,True,240,10,74,60,Medium,ROUTE_PROXY_UNVALIDATED|LOW_CURRENT_SAMPLE|LOW_PLAYER_SAMPLE,HISTORICAL TEST ONLY,PASS
historical_test,2025,1,NYG,PHI,00-0038396,E.Gray,RB,22.0,0.0487069206658817,1.0715522546493974,0-3,0.986118670675152,1.0566776849138257,1.0566776849138257,True,241,8,167,75,Medium,ROUTE_PROXY_UNVALIDATED|LOW_CURRENT_SAMPLE,HISTORICAL TEST ONLY,PASS
historical_test,2025,1,NYG,PHI,00-0035704,D.Lock,QB,22.0,0.047691409328546,1.049211005228012,0-3,0.986118670675152,1.034646561733187,1.034646561733187,True,242,9,75,60,Medium,ROUTE_PROXY_UNVALIDATED|LOW_CURRENT_SAMPLE|LOW_PLAYER_SAMPLE,HISTORICAL TEST ONLY,PASS
historical_test,2025,1,KC,DEN,00-0032950,C.Wentz,QB,19.75,0.053013853967476,1.0470236158576511,0-3,0.986118670675152,1.032489536235038,1.032489536235038,True,243,8,76,60,Medium,ROUTE_PROXY_UNVALIDATED|LOW_CURRENT_SAMPLE|LOW_PLAYER_SAMPLE,HISTORICAL TEST ONLY,PASS
historical_test,2025,1,NO,TB,00-0039376,S.Rattler,QB,17.0,0.0610157764745326,1.0372682000670541,0-3,0.986118670675152,1.022869538583731,1.022869538583731,True,244,6,77,60,Medium,ROUTE_PROXY_UNVALIDATED|LOW_CURRENT_SAMPLE|LOW_PLAYER_SAMPLE|LOW_RUSH_SAMPLE|LOW_CARRY_SAMPLE,HISTORICAL TEST ONLY,PASS
historical_test,2025,1,ARI,SF,00-0038582,C.Tune,QB,27.75,0.0365080476692321,1.013098322821191,0-3,0.986118670675152,0.9990351713636588,0.9990351713636588,False,245,9,78,60,Medium,ROUTE_PROXY_UNVALIDATED|LOW_CURRENT_SAMPLE|LOW_PLAYER_SAMPLE|LOW_RUSH_SAMPLE|LOW_CARRY_SAMPLE,HISTORICAL TEST ONLY,PASS
historical_test,2025,1,MIN,ATL,00-0033319,N.Mullens,QB,22.75,0.044367142812098,1.0093524989752294,0-3,0.986118670675152,0.995341344532096,0.995341344532096,False,246,7,79,60,Medium,ROUTE_PROXY_UNVALIDATED|LOW_CURRENT_SAMPLE|LOW_PLAYER_SAMPLE|LOW_RUSH_SAMPLE|LOW_CARRY_SAMPLE,HISTORICAL TEST ONLY,PASS
historical_test,2025,1,KC,ATL,00-0037299,K.Ingram,RB,19.75,0.0485015588127278,0.957905786551374,0-3,0.986118670675152,0.9446087808660769,0.9446087808660769,False,247,9,168,60,Medium,ROUTE_PROXY_UNVALIDATED|LOW_CURRENT_SAMPLE|LOW_PLAYER_SAMPLE,HISTORICAL TEST ONLY,PASS
historical_test,2025,1,HOU,TEN,00-0036898,D.Mills,QB,27.25,0.0350577817593862,0.955324552943274,0-3,0.986118670675152,0.9420633782117552,0.9420633782117552,False,248,9,80,60,Medium,ROUTE_PROXY_UNVALIDATED|LOW_CURRENT_SAMPLE|LOW_PLAYER_SAMPLE|LOW_RUSH_SAMPLE|LOW_CARRY_SAMPLE,HISTORICAL TEST ONLY,PASS
historical_test,2025,1,LV,LAC,00-0039407,D.Laube,RB,24.75,0.0379035044942329,0.9381117362322643,0-3,0.986118670675152,0.9250894982781193,0.9250894982781193,False,249,11,169,60,Medium,ROUTE_PROXY_UNVALIDATED|LOW_CURRENT_SAMPLE|LOW_PLAYER_SAMPLE|LOW_RUSH_SAMPLE|LOW_CARRY_SAMPLE,HISTORICAL TEST ONLY,PASS
historical_test,2025,1,NYJ,MIA,00-0036842,K.Nwangwu,RB,21.75,0.0431157712101814,0.9377680238214454,0-3,0.986118670675152,0.924750557052468,0.924750557052468,False,250,9,170,60,Medium,ROUTE_PROXY_UNVALIDATED|LOW_CURRENT_SAMPLE|LOW_PLAYER_SAMPLE|LOW_RUSH_SAMPLE|LOW_CARRY_SAMPLE,HISTORICAL TEST ONLY,PASS
historical_test,2025,1,CLE,KC,00-0031503,J.Winston,QB,23.0,0.040763800523192,0.937567412033416,0-3,0.986118670675152,0.9245527300227347,0.9245527300227347,False,251,10,81,60,Medium,ROUTE_PROXY_UNVALIDATED|LOW_CURRENT_SAMPLE|LOW_PLAYER_SAMPLE,HISTORICAL TEST ONLY,PASS
historical_test,2025,1,KC,PHI,00-0033526,S.Perine,RB,19.75,0.047394562550732,0.936042610376957,0-3,0.986118670675152,0.9230490946402241,0.9230490946402241,False,252,10,171,75,Medium,ROUTE_PROXY_UNVALIDATED|LOW_CURRENT_SAMPLE,HISTORICAL TEST ONLY,PASS
historical_test,2025,1,LA,SEA,00-0031345,J.Garoppolo,QB,21.5,0.0428524594328352,0.9213278778059568,0-3,0.986118670675152,0.908538622117969,0.908538622117969,False,253,8,82,60,Medium,ROUTE_PROXY_UNVALIDATED|LOW_CURRENT_SAMPLE|LOW_PLAYER_SAMPLE,HISTORICAL TEST ONLY,PASS
historical_test,2025,1,CLE,LV,00-0036569,G.Brightwell,RB,23.0,0.0393537820411545,0.9051369869465535,0-3,0.986118670675152,0.8925724823466478,0.8925724823466478,False,254,11,172,60,Medium,ROUTE_PROXY_UNVALIDATED|LOW_CURRENT_SAMPLE|LOW_PLAYER_SAMPLE|LOW_RUSH_SAMPLE|LOW_CARRY_SAMPLE,HISTORICAL TEST ONLY,PASS
historical_test,2025,1,CLE,BAL,00-0038108,B.Zappe,QB,23.0,0.0383424975333127,0.8818774432661922,0-3,0.986118670675152,0.8696358120520593,0.8696358120520593,False,255,12,83,60,Medium,ROUTE_PROXY_UNVALIDATED|LOW_CURRENT_SAMPLE|LOW_PLAYER_SAMPLE|LOW_RUSH_SAMPLE|LOW_CARRY_SAMPLE,HISTORICAL TEST ONLY,PASS
historical_test,2025,1,LAC,NE,00-0031800,T.Heinicke,QB,29.75,0.0289175827938647,0.8602980881174749,0-3,0.986118670675152,0.8483560070387791,0.8483560070387791,False,256,9,84,60,Medium,ROUTE_PROXY_UNVALIDATED|LOW_CURRENT_SAMPLE|LOW_PLAYER_SAMPLE|LOW_RUSH_SAMPLE|LOW_CARRY_SAMPLE,HISTORICAL TEST ONLY,PASS
historical_test,2025,1,NYJ,MIA,00-0023459,A.Rodgers,QB,21.75,0.0385779579426018,0.8390705852515891,0-3,0.986118670675152,0.8274231701309188,0.8274231701309188,False,257,10,85,60,Medium,ROUTE_PROXY_UNVALIDATED|LOW_CURRENT_SAMPLE|LOW_PLAYER_SAMPLE,HISTORICAL TEST ONLY,PASS
historical_test,2025,1,LA,PHI,00-0039703,C.Schrader,RB,21.5,0.0383416287928055,0.8243450190453182,0-3,0.986118670675152,0.8129020143586521,0.8129020143586521,False,258,9,173,60,Medium,ROUTE_PROXY_UNVALIDATED|LOW_CURRENT_SAMPLE|LOW_PLAYER_SAMPLE|LOW_RUSH_SAMPLE|LOW_CARRY_SAMPLE,HISTORICAL TEST ONLY,PASS
historical_test,2025,1,NO,NYG,00-0031280,D.Carr,QB,17.0,0.0474200908479951,0.8061415444159168,0-3,0.986118670675152,0.7949512281554378,0.7949512281554378,False,259,7,86,60,Medium,ROUTE_PROXY_UNVALIDATED|LOW_CURRENT_SAMPLE|LOW_PLAYER_SAMPLE,HISTORICAL TEST ONLY,PASS
historical_test,2025,1,LA,PHI,00-0026498,M.Stafford,QB,21.5,0.0371910254580993,0.7996070473491349,0-3,0.986118670675152,0.7885074385944123,0.7885074385944123,False,260,10,87,60,Medium,ROUTE_PROXY_UNVALIDATED|LOW_CURRENT_SAMPLE|LOW_PLAYER_SAMPLE,HISTORICAL TEST ONLY,PASS
historical_test,2025,1,BUF,NE,00-0034401,M.White,QB,36.5,0.0214297716065621,0.7821866636395166,0-3,0.986118670675152,0.7713288729680324,0.7713288729680324,False,261,9,88,60,Medium,ROUTE_PROXY_UNVALIDATED|LOW_CURRENT_SAMPLE|LOW_PLAYER_SAMPLE|LOW_RUSH_SAMPLE|LOW_CARRY_SAMPLE,HISTORICAL TEST ONLY,PASS
historical_test,2025,1,SF,DET,00-0035719,D.Samuel,WR,20.75,0.0361116274951018,0.7493162705233624,0-3,0.986118670675152,0.7389147646037607,0.7389147646037607,False,262,9,1,75,Medium,ROUTE_PROXY_UNVALIDATED|LOW_CURRENT_SAMPLE,HISTORICAL TEST ONLY,PASS
historical_test,2025,1,NO,LV,00-0036727,A.Prentice,RB,17.0,0.0424660844522045,0.7219234356874764,0-3,0.986118670675152,0.7119021787293729,0.7119021787293729,False,263,8,174,60,Medium,ROUTE_PROXY_UNVALIDATED|LOW_CURRENT_SAMPLE|LOW_PLAYER_SAMPLE|LOW_RUSH_SAMPLE|LOW_CARRY_SAMPLE,HISTORICAL TEST ONLY,PASS
historical_test,2025,1,NO,WAS,00-0038998,J.Haener,QB,17.0,0.0414921244065767,0.7053661149118039,0-3,0.986118670675152,0.6955746955761246,0.6955746955761246,False,264,9,89,60,Medium,ROUTE_PROXY_UNVALIDATED|LOW_CURRENT_SAMPLE|LOW_PLAYER_SAMPLE|LOW_RUSH_SAMPLE|LOW_CARRY_SAMPLE,HISTORICAL TEST ONLY,PASS
historical_test,2025,1,PIT,DAL,00-0034577,K.Allen,QB,22.25,0.0315891097550592,0.7028576920500672,0-3,0.986118670675152,0.6931010929582176,0.6931010929582176,False,265,8,90,60,Medium,ROUTE_PROXY_UNVALIDATED|LOW_CURRENT_SAMPLE|LOW_PLAYER_SAMPLE|LOW_RUSH_SAMPLE|LOW_CARRY_SAMPLE,HISTORICAL TEST ONLY,PASS
historical_test,2025,1,MIA,SEA,00-0037327,S.Thompson,QB,24.75,0.0283779587637563,0.7023544794029685,0-3,0.986118670675152,0.6926048655715937,0.6926048655715937,False,266,8,91,60,Medium,ROUTE_PROXY_UNVALIDATED|LOW_CURRENT_SAMPLE|LOW_PLAYER_SAMPLE|LOW_RUSH_SAMPLE|LOW_CARRY_SAMPLE,HISTORICAL TEST ONLY,PASS
historical_test,2025,1,NYG,BAL,00-0034177,T.Boyle,QB,22.0,0.029625905736195,0.6517699261962899,0-3,0.986118670675152,0.6427224932067274,0.6427224932067274,False,267,10,92,60,Medium,ROUTE_PROXY_UNVALIDATED|LOW_CURRENT_SAMPLE|LOW_PLAYER_SAMPLE|LOW_RUSH_SAMPLE|LOW_CARRY_SAMPLE,HISTORICAL TEST ONLY,PASS
historical_test,2025,1,DET,WAS,00-0031237,T.Bridgewater,QB,29.75,0.020632020496225,0.6138026097626937,0-3,0.986118670675152,0.6052822135961267,0.6052822135961267,False,268,10,93,60,Medium,ROUTE_PROXY_UNVALIDATED|LOW_CURRENT_SAMPLE|LOW_PLAYER_SAMPLE|LOW_RUSH_SAMPLE|LOW_CARRY_SAMPLE,HISTORICAL TEST ONLY,PASS
historical_test,2025,1,DAL,TB,00-0036358,C.Lamb,WR,32.25,0.0182500107994528,0.5885628482823528,0-3,0.986118670675152,0.5803928135569749,0.5803928135569749,False,269,9,2,75,Medium,ROUTE_PROXY_UNVALIDATED|LOW_CURRENT_SAMPLE,HISTORICAL TEST ONLY,PASS
historical_test,2025,1,SF,CHI,00-0032434,B.Allen,QB,20.75,0.0281274896571975,0.5836454103868481,0-3,0.986118670675152,0.5755436362363322,0.5755436362363322,False,270,10,94,60,Medium,ROUTE_PROXY_UNVALIDATED|LOW_CURRENT_SAMPLE|LOW_PLAYER_SAMPLE|LOW_RUSH_SAMPLE|LOW_CARRY_SAMPLE,HISTORICAL TEST ONLY,PASS
historical_test,2025,1,DAL,WAS,00-0037801,K.Turpin,WR,32.25,0.017818661730416,0.574651840805916,0-3,0.986118670675152,0.566674909356559,0.566674909356559,False,271,10,3,75,Medium,ROUTE_PROXY_UNVALIDATED|LOW_CURRENT_SAMPLE,HISTORICAL TEST ONLY,PASS
historical_test,2025,1,KC,DEN,00-0037324,C.Oladokun,QB,19.75,0.0261775809493961,0.517007223750573,0-3,0.986118670675152,0.5098304762143658,0.5098304762143658,False,272,11,95,60,Medium,ROUTE_PROXY_UNVALIDATED|LOW_CURRENT_SAMPLE|LOW_PLAYER_SAMPLE|LOW_RUSH_SAMPLE|LOW_CARRY_SAMPLE,HISTORICAL TEST ONLY,PASS
historical_test,2025,1,DEN,BUF,00-0038976,M.Mims,WR,27.0,0.0162117517505934,0.4377172972660218,0-3,0.986118670675152,0.4316411993114898,0.4316411993114898,False,273,8,4,75,Medium,ROUTE_PROXY_UNVALIDATED|LOW_CURRENT_SAMPLE,HISTORICAL TEST ONLY,PASS
historical_test,2025,1,ATL,CAR,00-0034407,R.McCloud,WR,34.0,0.011756800797267,0.399731227107078,0-3,0.986118670675152,0.39418242630217903,0.39418242630217903,False,274,7,5,75,Medium,ROUTE_PROXY_UNVALIDATED|LOW_CURRENT_SAMPLE|LOW_RUSH_SAMPLE|LOW_CARRY_SAMPLE,HISTORICAL TEST ONLY,PASS
historical_test,2025,1,GB,PHI,00-0039146,J.Reed,WR,30.25,0.0131122881444825,0.3966467163705956,0-3,0.986118670675152,0.3911407326750358,0.3911407326750358,False,275,11,6,75,Medium,ROUTE_PROXY_UNVALIDATED|LOW_CURRENT_SAMPLE,HISTORICAL TEST ONLY,PASS
historical_test,2025,1,CHI,GB,00-0034827,D.Moore,WR,23.75,0.0161671931279864,0.383970836789677,0-3,0.986118670675152,0.37864081115306203,0.37864081115306203,False,276,8,7,75,Medium,ROUTE_PROXY_UNVALIDATED|LOW_CURRENT_SAMPLE|LOW_RUSH_SAMPLE|LOW_CARRY_SAMPLE,HISTORICAL TEST ONLY,PASS
historical_test,2025,1,BAL,CLE,00-0039064,Z.Flowers,WR,39.5,0.0096346947889205,0.38057044416235974,0-3,0.986118670675152,0.37528762049563835,0.37528762049563835,False,277,8,8,75,Medium,ROUTE_PROXY_UNVALIDATED|LOW_CURRENT_SAMPLE|LOW_RUSH_SAMPLE|LOW_CARRY_SAMPLE,HISTORICAL TEST ONLY,PASS
historical_test,2025,1,HOU,KC,00-0038977,T.Dell,WR,27.25,0.013848106629663,0.37736090565831676,0-3,0.986118670675152,0.3721226346525508,0.3721226346525508,False,278,10,9,75,Medium,ROUTE_PROXY_UNVALIDATED|LOW_CURRENT_SAMPLE,HISTORICAL TEST ONLY,PASS
historical_test,2025,1,LV,CLE,00-0037450,T.McAllister,WR,24.75,0.0147148147668626,0.3641916654798493,0-3,0.986118670675152,0.35913620103395866,0.35913620103395866,False,279,12,10,60,Medium,ROUTE_PROXY_UNVALIDATED|LOW_CURRENT_SAMPLE|LOW_PLAYER_SAMPLE|LOW_RUSH_SAMPLE|LOW_CARRY_SAMPLE,HISTORICAL TEST ONLY,PASS
historical_test,2025,1,LAC,HOU,00-0038573,D.Davis,WR,29.75,0.0118367149302248,0.3521422691741878,0-3,0.986118670675152,0.3472540663665816,0.3472540663665816,False,280,10,11,75,Medium,ROUTE_PROXY_UNVALIDATED|LOW_CURRENT_SAMPLE,HISTORICAL TEST ONLY,PASS
historical_test,2025,1,PHI,NYG,00-0039747,A.Smith,WR,37.5,0.0093709255255338,0.35140970720751746,0-3,0.986118670675152,0.3465316733338215,0.3465316733338215,False,281,10,12,60,Medium,ROUTE_PROXY_UNVALIDATED|LOW_CURRENT_SAMPLE|LOW_PLAYER_SAMPLE|LOW_RUSH_SAMPLE|LOW_CARRY_SAMPLE,HISTORICAL TEST ONLY,PASS
historical_test,2025,1,TB,NO,00-0032385,S.Shepard,WR,29.75,0.011539356235327,0.34329584800097823,0-3,0.986118670675152,0.3385304452790237,0.3385304452790237,False,282,7,13,75,Medium,ROUTE_PROXY_UNVALIDATED|LOW_CURRENT_SAMPLE|LOW_RUSH_SAMPLE|LOW_CARRY_SAMPLE,HISTORICAL TEST ONLY,PASS
historical_test,2025,1,TB,CAR,00-0039589,K.Johnson,WR,29.75,0.0107547113391062,0.31995266233840947,0-3,0.986118670675152,0.31551129406412814,0.31551129406412814,False,283,8,14,60,Medium,ROUTE_PROXY_UNVALIDATED|LOW_CURRENT_SAMPLE|LOW_PLAYER_SAMPLE|LOW_RUSH_SAMPLE|LOW_CARRY_SAMPLE,HISTORICAL TEST ONLY,PASS
historical_test,2025,1,KC,PHI,00-0039894,X.Worthy,WR,19.75,0.0153159040618639,0.302489105221812,0-3,0.986118670675152,0.2982901543350494,0.2982901543350494,False,284,12,15,75,Medium,ROUTE_PROXY_UNVALIDATED|LOW_CURRENT_SAMPLE,HISTORICAL TEST ONLY,PASS
historical_test,2025,1,DET,WAS,00-0037240,Ja.Williams,WR,29.75,0.0100310661195829,0.2984242170575913,0-3,0.986118670675152,0.294281692222105,0.294281692222105,False,285,11,16,75,Medium,ROUTE_PROXY_UNVALIDATED|LOW_CURRENT_SAMPLE|LOW_RUSH_SAMPLE|LOW_CARRY_SAMPLE,HISTORICAL TEST ONLY,PASS
historical_test,2025,1,TEN,HOU,00-0034837,C.Ridley,WR,27.75,0.0103289309419687,0.2866278336396314,0-3,0.986118670675152,0.28264905828721193,0.28264905828721193,False,286,8,17,75,Medium,ROUTE_PROXY_UNVALIDATED|LOW_CURRENT_SAMPLE|LOW_RUSH_SAMPLE|LOW_CARRY_SAMPLE,HISTORICAL TEST ONLY,PASS
historical_test,2025,1,ARI,SEA,00-0036936,R.Moore,WR,27.75,0.0103174171970707,0.28630832721871197,0-3,0.986118670675152,0.2823339870401427,0.2823339870401427,False,287,10,18,75,Medium,ROUTE_PROXY_UNVALIDATED|LOW_CURRENT_SAMPLE,HISTORICAL TEST ONLY,PASS
historical_test,2025,1,TEN,IND,00-0037742,T.Burks,WR,27.75,0.0094256694998945,0.2615623286220724,0-3,0.986118670675152,0.2579314957994953,0.2579314957994953,False,288,9,19,75,Medium,ROUTE_PROXY_UNVALIDATED|LOW_CURRENT_SAMPLE|LOW_RUSH_SAMPLE|LOW_CARRY_SAMPLE,HISTORICAL TEST ONLY,PASS
historical_test,2025,1,IND,JAX,00-0035021,A.Dulin,WR,37.25,0.0069553444920949,0.259086582330535,0-3,0.986118670675152,0.2554901161575555,0.2554901161575555,False,289,8,20,60,Medium,ROUTE_PROXY_UNVALIDATED|LOW_CURRENT_SAMPLE|LOW_PLAYER_SAMPLE|LOW_RUSH_SAMPLE|LOW_CARRY_SAMPLE,HISTORICAL TEST ONLY,PASS
historical_test,2025,1,MIA,SEA,00-0038092,E.Ezukanma,WR,24.75,0.0104359861205182,0.25829065648282545,0-3,0.986118670675152,0.2547052388186562,0.2547052388186562,False,290,9,21,60,Medium,ROUTE_PROXY_UNVALIDATED|LOW_CURRENT_SAMPLE|LOW_PLAYER_SAMPLE|LOW_RUSH_SAMPLE|LOW_CARRY_SAMPLE,HISTORICAL TEST ONLY,PASS
historical_test,2025,1,NO,TB,00-0037545,R.Shaheed,WR,17.0,0.0151882107014194,0.2581995819241298,0-3,0.986118670675152,0.25461542849590285,0.25461542849590285,False,291,10,22,75,Medium,ROUTE_PROXY_UNVALIDATED|LOW_CURRENT_SAMPLE|LOW_RUSH_SAMPLE|LOW_CARRY_SAMPLE,HISTORICAL TEST ONLY,PASS
historical_test,2025,1,LA,PHI,00-0039075,P.Nacua,WR,21.5,0.0118104176914409,0.25392398036597935,0-3,0.986118670675152,0.25039917797104294,0.25039917797104294,False,292,11,23,75,Medium,ROUTE_PROXY_UNVALIDATED|LOW_CURRENT_SAMPLE,HISTORICAL TEST ONLY,PASS
historical_test,2025,1,JAX,IND,00-0039893,B.Thomas,WR,29.25,0.0084642434436812,0.24757912072767507,0-3,0.986118670675152,0.24414239341889793,0.24414239341889793,False,293,8,24,75,Medium,ROUTE_PROXY_UNVALIDATED|LOW_CURRENT_SAMPLE|LOW_RUSH_SAMPLE|LOW_CARRY_SAMPLE,HISTORICAL TEST ONLY,PASS
historical_test,2025,1,DAL,WAS,00-0031236,B.Cooks,WR,32.25,0.0069190169084227,0.22313829529663207,0-3,0.986118670675152,0.22004083913463435,0.22004083913463435,False,294,11,25,75,Medium,ROUTE_PROXY_UNVALIDATED|LOW_CURRENT_SAMPLE|LOW_RUSH_SAMPLE|LOW_CARRY_SAMPLE,HISTORICAL TEST ONLY,PASS
historical_test,2025,1,CLE,PIT,00-0036913,K.Toney,WR,23.0,0.0096332054489239,0.2215637253252497,0-3,0.986118670675152,0.21848812628756975,0.21848812628756975,False,295,13,26,75,Medium,ROUTE_PROXY_UNVALIDATED|LOW_CURRENT_SAMPLE|LOW_RUSH_SAMPLE|LOW_CARRY_SAMPLE,HISTORICAL TEST ONLY,PASS
historical_test,2025,1,JAX,IND,00-0036331,D.Duvernay,WR,29.25,0.0073806423412793,0.21588378848241951,0-3,0.986118670675152,0.21288703451859922,0.21288703451859922,False,296,9,27,75,Medium,ROUTE_PROXY_UNVALIDATED|LOW_CURRENT_SAMPLE|LOW_RUSH_SAMPLE|LOW_CARRY_SAMPLE,HISTORICAL TEST ONLY,PASS
historical_test,2025,1,CAR,ARI,00-0037487,D.Thompkins,WR,23.75,0.0090398045751299,0.21469535865933514,0-3,0.986118670675152,0.21171510168126856,0.21171510168126856,False,297,9,28,75,Medium,ROUTE_PROXY_UNVALIDATED|LOW_CURRENT_SAMPLE|LOW_RUSH_SAMPLE|LOW_CARRY_SAMPLE,HISTORICAL TEST ONLY,PASS
historical_test,2025,1,MIA,NYJ,00-0033040,T.Hill,WR,24.75,0.0086564882537511,0.21424808428033973,0-3,0.986118670675152,0.21127403606522654,0.21127403606522654,False,298,10,29,75,Medium,ROUTE_PROXY_UNVALIDATED|LOW_CURRENT_SAMPLE|LOW_RUSH_SAMPLE|LOW_CARRY_SAMPLE,HISTORICAL TEST ONLY,PASS
historical_test,2025,1,LV,LAC,00-0038563,T.Tucker,WR,24.75,0.0086500590120594,0.21408896054847015,0-3,0.986118670675152,0.21111712118228246,0.21111712118228246,False,299,13,30,75,Medium,ROUTE_PROXY_UNVALIDATED|LOW_CURRENT_SAMPLE|LOW_RUSH_SAMPLE|LOW_CARRY_SAMPLE,HISTORICAL TEST ONLY,PASS
historical_test,2025,1,CAR,ATL,00-0039342,X.Legette,WR,23.75,0.0086714423872996,0.2059467566983655,0-3,0.986118670675152,0.20308794194525115,0.20308794194525115,False,300,10,31,75,Medium,ROUTE_PROXY_UNVALIDATED|LOW_CURRENT_SAMPLE|LOW_RUSH_SAMPLE|LOW_CARRY_SAMPLE,HISTORICAL TEST ONLY,PASS
historical_test,2025,1,TB,WAS,00-0039855,J.McMillan,WR,29.75,0.0066226576879708,0.19702406621713128,0-3,0.986118670675152,0.19428911026905063,0.19428911026905063,False,301,9,32,75,Medium,ROUTE_PROXY_UNVALIDATED|LOW_CURRENT_SAMPLE|LOW_RUSH_SAMPLE|LOW_CARRY_SAMPLE,HISTORICAL TEST ONLY,PASS
historical_test,2025,1,BUF,KC,00-0033282,C.Samuel,WR,36.5,0.0051895273412599,0.18941774795598634,0-3,0.986118670675152,0.18678837781663823,0.18678837781663823,False,302,10,33,75,Medium,ROUTE_PROXY_UNVALIDATED|LOW_CURRENT_SAMPLE|LOW_RUSH_SAMPLE|LOW_CARRY_SAMPLE,HISTORICAL TEST ONLY,PASS
historical_test,2025,1,HOU,IND,00-0031588,S.Diggs,WR,27.25,0.0066960568481228,0.1824675491113463,0-3,0.986118670675152,0.17993465697103384,0.17993465697103384,False,303,11,34,75,Medium,ROUTE_PROXY_UNVALIDATED|LOW_CURRENT_SAMPLE|LOW_RUSH_SAMPLE|LOW_CARRY_SAMPLE,HISTORICAL TEST ONLY,PASS
historical_test,2025,1,JAX,CAR,00-0033572,J.Agnew,WR,29.25,0.0060679723699526,0.17748819182111356,0-3,0.986118670675152,0.17502441977917288,0.17502441977917288,False,304,10,35,75,Medium,ROUTE_PROXY_UNVALIDATED|LOW_CURRENT_SAMPLE|LOW_RUSH_SAMPLE|LOW_CARRY_SAMPLE,HISTORICAL TEST ONLY,PASS
historical_test,2025,1,MIA,NYJ,00-0039880,M.Washington,WR,24.75,0.0070597066858038,0.17472774047364403,0-3,0.986118670675152,0.1723022871659428,0.1723022871659428,False,305,11,36,75,Medium,ROUTE_PROXY_UNVALIDATED|LOW_CURRENT_SAMPLE|LOW_RUSH_SAMPLE|LOW_CARRY_SAMPLE,HISTORICAL TEST ONLY,PASS
historical_test,2025,1,LAC,KC,00-0036387,J.Reagor,WR,29.75,0.005792365586924,0.172322876210989,0-3,0.986118670675152,0.16993080561609925,0.16993080561609925,False,306,11,37,75,Medium,ROUTE_PROXY_UNVALIDATED|LOW_CURRENT_SAMPLE|LOW_RUSH_SAMPLE|LOW_CARRY_SAMPLE,HISTORICAL TEST ONLY,PASS
historical_test,2025,1,IND,JAX,00-0039890,A.Mitchell,WR,37.25,0.0046074625031201,0.17162797824122372,0-3,0.986118670675152,0.16924555375389946,0.16924555375389946,False,307,9,38,75,Medium,ROUTE_PROXY_UNVALIDATED|LOW_CURRENT_SAMPLE|LOW_RUSH_SAMPLE|LOW_CARRY_SAMPLE,HISTORICAL TEST ONLY,PASS
historical_test,2025,1,SEA,NYJ,00-0036268,L.Shenault,WR,20.0,0.0083931809883551,0.16786361976710198,0-3,0.986118670675152,0.1655334495794538,0.1655334495794538,False,308,7,39,75,Medium,ROUTE_PROXY_UNVALIDATED|LOW_CURRENT_SAMPLE|LOW_RUSH_SAMPLE|LOW_CARRY_SAMPLE,HISTORICAL TEST ONLY,PASS
historical_test,2025,1,BAL,BUF,00-0034928,S.Sims,WR,39.5,0.0039998074716276,0.1579923951292902,0-3,0.986118670675152,0.15579925066167902,0.15579925066167902,False,309,9,40,60,Medium,ROUTE_PROXY_UNVALIDATED|LOW_CURRENT_SAMPLE|LOW_PLAYER_SAMPLE|LOW_RUSH_SAMPLE|LOW_CARRY_SAMPLE,HISTORICAL TEST ONLY,PASS
historical_test,2025,1,NYJ,SEA,00-0039920,M.Corley,WR,21.75,0.0072434846386216,0.1575457908900198,0-3,0.986118670675152,0.1553588458829318,0.1553588458829318,False,310,11,41,60,Medium,ROUTE_PROXY_UNVALIDATED|LOW_CURRENT_SAMPLE|LOW_PLAYER_SAMPLE|LOW_RUSH_SAMPLE|LOW_CARRY_SAMPLE,HISTORICAL TEST ONLY,PASS
historical_test,2025,1,IND,CIN,00-0033466,I.McKenzie,WR,37.25,0.0039328239800422,0.14649769325657197,0-3,0.986118670675152,0.14446411053114694,0.14446411053114694,False,311,10,42,75,Medium,ROUTE_PROXY_UNVALIDATED|LOW_CURRENT_SAMPLE|LOW_RUSH_SAMPLE|LOW_CARRY_SAMPLE,HISTORICAL TEST ONLY,PASS
historical_test,2025,1,LV,KC,00-0036527,D.Turner,WR,24.75,0.0058878266900579,0.14572371057893302,0-3,0.986118670675152,0.143700871761948,0.143700871761948,False,312,14,43,75,Medium,ROUTE_PROXY_UNVALIDATED|LOW_CURRENT_SAMPLE|LOW_RUSH_SAMPLE|LOW_CARRY_SAMPLE,HISTORICAL TEST ONLY,PASS
historical_test,2025,1,SEA,LA,00-0038543,J.Smith-Njigba,WR,20.0,0.0069609254081882,0.139218508163764,0-3,0.986118670675152,0.13728597020382874,0.13728597020382874,False,313,8,44,75,Medium,ROUTE_PROXY_UNVALIDATED|LOW_CURRENT_SAMPLE|LOW_RUSH_SAMPLE|LOW_CARRY_SAMPLE,HISTORICAL TEST ONLY,PASS
historical_test,2025,1,MIA,NYJ,00-0036613,J.Waddle,WR,24.75,0.005520123263574,0.13662305077345652,0-3,0.986118670675152,0.13472654121230473,0.13472654121230473,False,314,12,45,75,Medium,ROUTE_PROXY_UNVALIDATED|LOW_CURRENT_SAMPLE|LOW_RUSH_SAMPLE|LOW_CARRY_SAMPLE,HISTORICAL TEST ONLY,PASS
historical_test,2025,1,GB,CHI,00-0038124,C.Watson,WR,30.25,0.0042504185707471,0.12857516176509978,0-3,0.986118670675152,0.12679036760164283,0.12679036760164283,False,315,12,46,75,Medium,ROUTE_PROXY_UNVALIDATED|LOW_CURRENT_SAMPLE|LOW_RUSH_SAMPLE|LOW_CARRY_SAMPLE,HISTORICAL TEST ONLY,PASS
historical_test,2025,1,ARI,SF,00-0035500,G.Dortch,WR,27.75,0.0044916839384797,0.12464422929281167,0-3,0.986118670675152,0.12291400169755629,0.12291400169755629,False,316,11,47,75,Medium,ROUTE_PROXY_UNVALIDATED|LOW_CURRENT_SAMPLE|LOW_RUSH_SAMPLE|LOW_CARRY_SAMPLE,HISTORICAL TEST ONLY,PASS
historical_test,2025,1,TB,BAL,00-0033921,C.Godwin,WR,29.75,0.0041858055347371,0.12452771465842873,0-3,0.986118670675152,0.12279910444118437,0.12279910444118437,False,317,10,48,75,Medium,ROUTE_PROXY_UNVALIDATED|LOW_CURRENT_SAMPLE|LOW_RUSH_SAMPLE|LOW_CARRY_SAMPLE,HISTORICAL TEST ONLY,PASS
historical_test,2025,1,NE,BUF,00-0038621,D.Douglas,WR,26.0,0.0044616412595672,0.1160026727487472,0-3,0.986118670675152,0.11439240144575928,0.11439240144575928,False,318,9,49,75,Medium,ROUTE_PROXY_UNVALIDATED|LOW_CURRENT_SAMPLE|LOW_RUSH_SAMPLE|LOW_CARRY_SAMPLE,HISTORICAL TEST ONLY,PASS
historical_test,2025,1,TEN,JAX,00-0032398,C.Moore,WR,27.75,0.0041774914132322,0.11592538671719356,0-3,0.986118670675152,0.11431618824706184,0.11431618824706184,False,319,10,50,75,Medium,ROUTE_PROXY_UNVALIDATED|LOW_CURRENT_SAMPLE|LOW_RUSH_SAMPLE|LOW_CARRY_SAMPLE,HISTORICAL TEST ONLY,PASS
historical_test,2025,1,CHI,GB,00-0039919,R.Odunze,WR,23.75,0.0048343946651181,0.11481687329655488,0-3,0.986118670675152,0.11322306246627606,0.11322306246627606,False,320,9,51,75,Medium,ROUTE_PROXY_UNVALIDATED|LOW_CURRENT_SAMPLE|LOW_RUSH_SAMPLE|LOW_CARRY_SAMPLE,HISTORICAL TEST ONLY,PASS
historical_test,2025,1,NYG,PHI,00-0039337,M.Nabers,WR,22.0,0.0052111851194003,0.1146460726268066,0-3,0.986118670675152,0.11305463273687345,0.11305463273687345,False,321,11,52,75,Medium,ROUTE_PROXY_UNVALIDATED|LOW_CURRENT_SAMPLE|LOW_RUSH_SAMPLE|LOW_CARRY_SAMPLE,HISTORICAL TEST ONLY,PASS
historical_test,2025,1,MIN,LA,00-0037291,J.Nailor,WR,22.75,0.004858846135452,0.11053874958153301,0-3,0.986118670675152,0.10900432479543484,0.10900432479543484,False,322,8,53,75,Medium,ROUTE_PROXY_UNVALIDATED|LOW_CURRENT_SAMPLE|LOW_RUSH_SAMPLE|LOW_CARRY_SAMPLE,HISTORICAL TEST ONLY,PASS
historical_test,2025,1,KC,LV,00-0035140,M.Hardman,WR,19.75,0.0055155282814574,0.10893168355878366,0-3,0.986118670675152,0.10741956698539405,0.10741956698539405,False,323,13,54,75,Medium,ROUTE_PROXY_UNVALIDATED|LOW_CURRENT_SAMPLE|LOW_RUSH_SAMPLE|LOW_CARRY_SAMPLE,HISTORICAL TEST ONLY,PASS
historical_test,2025,1,CIN,PIT,00-0036900,J.Chase,WR,24.25,0.0044868910257733,0.10880710737500253,0-3,0.986118670675152,0.10729672008464602,0.10729672008464602,False,324,8,55,75,Medium,ROUTE_PROXY_UNVALIDATED|LOW_CURRENT_SAMPLE|LOW_RUSH_SAMPLE|LOW_CARRY_SAMPLE,HISTORICAL TEST ONLY,PASS
historical_test,2025,1,DAL,WAS,00-0039062,J.Mingo,WR,32.25,0.0033007602631858,0.10644951848774206,0-3,0.986118670675152,0.10497185766514222,0.10497185766514222,False,325,12,56,75,Medium,ROUTE_PROXY_UNVALIDATED|LOW_CURRENT_SAMPLE|LOW_RUSH_SAMPLE|LOW_CARRY_SAMPLE,HISTORICAL TEST ONLY,PASS
historical_test,2025,1,DET,WAS,00-0032464,K.Raymond,WR,29.75,0.0035778852522507,0.10644208625445833,0-3,0.986118670675152,0.10496452860113632,0.10496452860113632,False,326,12,57,75,Medium,ROUTE_PROXY_UNVALIDATED|LOW_CURRENT_SAMPLE|LOW_RUSH_SAMPLE|LOW_CARRY_SAMPLE,HISTORICAL TEST ONLY,PASS
historical_test,2025,1,NO,ATL,00-0036364,L.Bowden,WR,17.0,0.0062259301762875,0.10584081299688751,0-3,0.986118670675152,0.10437160181566807,0.10437160181566807,False,327,11,58,75,Medium,ROUTE_PROXY_UNVALIDATED|LOW_CURRENT_SAMPLE|LOW_RUSH_SAMPLE|LOW_CARRY_SAMPLE,HISTORICAL TEST ONLY,PASS
historical_test,2025,1,MIN,LA,00-0038994,J.Addison,WR,22.75,0.0046064214453941,0.10479608788271579,0-3,0.986118670675152,0.1033413788748601,0.1033413788748601,False,328,9,59,75,Medium,ROUTE_PROXY_UNVALIDATED|LOW_CURRENT_SAMPLE|LOW_RUSH_SAMPLE|LOW_CARRY_SAMPLE,HISTORICAL TEST ONLY,PASS
historical_test,2025,1,NE,PIT,00-0032200,T.Montgomery,WR,26.0,0.0038640154477314,0.1004644016410164,0-3,0.986118670675152,0.09906982219641365,0.09906982219641365,False,329,10,60,75,Medium,ROUTE_PROXY_UNVALIDATED|LOW_CURRENT_SAMPLE|LOW_RUSH_SAMPLE|LOW_CARRY_SAMPLE,HISTORICAL TEST ONLY,PASS
historical_test,2025,1,LAC,HOU,00-0038544,Q.Johnston,WR,29.75,0.0033026518234015,0.09825389174619463,0-3,0.986118670675152,0.09688999711741773,0.09688999711741773,False,330,12,61,75,Medium,ROUTE_PROXY_UNVALIDATED|LOW_CURRENT_SAMPLE|LOW_RUSH_SAMPLE|LOW_CARRY_SAMPLE,HISTORICAL TEST ONLY,PASS
historical_test,2025,1,HOU,LAC,00-0035216,D.Johnson,WR,27.25,0.0035248127722341,0.09605114804337922,0-3,0.986118670675152,0.09471783042535935,0.09471783042535935,False,331,12,62,75,Medium,ROUTE_PROXY_UNVALIDATED|LOW_CURRENT_SAMPLE|LOW_RUSH_SAMPLE|LOW_CARRY_SAMPLE,HISTORICAL TEST ONLY,PASS
historical_test,2025,1,CHI,GB,00-0038941,T.Scott,WR,23.75,0.0040249090606275,0.09559159018990311,0-3,0.986118670675152,0.09426465184579116,0.09426465184579116,False,332,10,63,75,Medium,ROUTE_PROXY_UNVALIDATED|LOW_CURRENT_SAMPLE|LOW_RUSH_SAMPLE|LOW_CARRY_SAMPLE,HISTORICAL TEST ONLY,PASS
historical_test,2025,1,DEN,BUF,00-0039868,T.Franklin,WR,27.0,0.0033505430210812,0.09046466156919239,0-3,0.986118670675152,0.08920889180968951,0.08920889180968951,False,333,9,64,75,Medium,ROUTE_PROXY_UNVALIDATED|LOW_CURRENT_SAMPLE|LOW_RUSH_SAMPLE|LOW_CARRY_SAMPLE,HISTORICAL TEST ONLY,PASS
historical_test,2025,1,SF,ARI,00-0039916,R.Pearsall,WR,20.75,0.0042880012277341,0.08897602547548258,0-3,0.986118670675152,0.08774091996384134,0.08774091996384134,False,334,11,65,75,Medium,ROUTE_PROXY_UNVALIDATED|LOW_CURRENT_SAMPLE|LOW_RUSH_SAMPLE|LOW_CARRY_SAMPLE,HISTORICAL TEST ONLY,PASS
historical_test,2025,1,NYG,PHI,00-0038117,W.Robinson,WR,22.0,0.004002736795794,0.088060209507468,0-3,0.986118670675152,0.08683781673887972,0.08683781673887972,False,335,12,66,75,Medium,ROUTE_PROXY_UNVALIDATED|LOW_CURRENT_SAMPLE|LOW_RUSH_SAMPLE|LOW_CARRY_SAMPLE,HISTORICAL TEST ONLY,PASS
historical_test,2025,1,WAS,PHI,00-0036626,D.Brown,WR,29.5,0.002925348094664,0.086297768792588,0-3,0.986118670675152,0.0850998410439785,0.0850998410439785,False,336,9,67,75,Medium,ROUTE_PROXY_UNVALIDATED|LOW_CURRENT_SAMPLE|LOW_RUSH_SAMPLE|LOW_CARRY_SAMPLE,HISTORICAL TEST ONLY,PASS
historical_test,2025,1,NO,ATL,00-0039614,J.Jackson,WR,17.0,0.0050216655118039,0.0853683137006663,0-3,0.986118670675152,0.08418328802428042,0.08418328802428042,False,337,12,68,60,Medium,ROUTE_PROXY_UNVALIDATED|LOW_CURRENT_SAMPLE|LOW_PLAYER_SAMPLE|LOW_RUSH_SAMPLE|LOW_CARRY_SAMPLE,HISTORICAL TEST ONLY,PASS
historical_test,2025,1,CLE,HOU,00-0030068,M.Goodwin,WR,23.0,0.0036689172440905,0.0843850966140815,0-3,0.986118670675152,0.08321371929787232,0.08321371929787232,False,338,14,69,75,Medium,ROUTE_PROXY_UNVALIDATED|LOW_CURRENT_SAMPLE|LOW_RUSH_SAMPLE|LOW_CARRY_SAMPLE,HISTORICAL TEST ONLY,PASS
historical_test,2025,1,LA,PHI,00-0038359,X.Smith,WR,21.5,0.0038584963234176,0.08295767095347839,0-3,0.986118670675152,0.08180610820295078,0.08180610820295078,False,339,12,70,60,Medium,ROUTE_PROXY_UNVALIDATED|LOW_CURRENT_SAMPLE|LOW_PLAYER_SAMPLE|LOW_RUSH_SAMPLE|LOW_CARRY_SAMPLE,HISTORICAL TEST ONLY,PASS
historical_test,2025,1,PIT,BAL,00-0037247,G.Pickens,WR,22.25,0.0036637595995471,0.08151865108992297,0-3,0.986118670675152,0.08038706384802637,0.08038706384802637,False,340,9,71,75,Medium,ROUTE_PROXY_UNVALIDATED|LOW_CURRENT_SAMPLE|LOW_RUSH_SAMPLE|LOW_CARRY_SAMPLE,HISTORICAL TEST ONLY,PASS
historical_test,2025,1,BUF,KC,00-0037261,K.Shakir,WR,36.5,0.0022083112800269,0.08060336172098184,0-3,0.986118670675152,0.07948447991224304,0.07948447991224304,False,341,11,72,75,Medium,ROUTE_PROXY_UNVALIDATED|LOW_CURRENT_SAMPLE|LOW_RUSH_SAMPLE|LOW_CARRY_SAMPLE,HISTORICAL TEST ONLY,PASS
historical_test,2025,1,DET,WAS,00-0036963,A.St. Brown,WR,29.75,0.002678564677595,0.07968729915845126,0-3,0.986118670675152,0.07858113351582512,0.07858113351582512,False,342,13,73,75,Medium,ROUTE_PROXY_UNVALIDATED|LOW_CURRENT_SAMPLE|LOW_RUSH_SAMPLE|LOW_CARRY_SAMPLE,HISTORICAL TEST ONLY,PASS
historical_test,2025,1,TEN,WAS,00-0039392,J.Jackson,WR,27.75,0.0027076625244678,0.07513763505398145,0-3,0.986118670675152,0.07409462479710689,0.07409462479710689,False,343,11,74,60,Medium,ROUTE_PROXY_UNVALIDATED|LOW_CURRENT_SAMPLE|LOW_PLAYER_SAMPLE|LOW_RUSH_SAMPLE|LOW_CARRY_SAMPLE,HISTORICAL TEST ONLY,PASS
historical_test,2025,1,BAL,WAS,00-0035215,D.Harty,WR,39.5,0.0018842455676226,0.0744276999210927,0-3,0.986118670675152,0.07339454450759705,0.07339454450759705,False,344,10,75,75,Medium,ROUTE_PROXY_UNVALIDATED|LOW_CURRENT_SAMPLE|LOW_RUSH_SAMPLE|LOW_CARRY_SAMPLE,HISTORICAL TEST ONLY,PASS
historical_test,2025,1,ATL,CAR,00-0037238,D.London,WR,34.0,0.0021502545962284,0.07310865627176559,0-3,0.986118670675152,0.0720938109375601,0.0720938109375601,False,345,8,76,75,Medium,ROUTE_PROXY_UNVALIDATED|LOW_CURRENT_SAMPLE|LOW_RUSH_SAMPLE|LOW_CARRY_SAMPLE,HISTORICAL TEST ONLY,PASS
historical_test,2025,1,LV,LAC,00-0034960,J.Meyers,WR,24.75,0.0029372743800381,0.07269754090594298,0-3,0.986118670675152,0.07168840239952097,0.07168840239952097,False,346,15,77,75,Medium,ROUTE_PROXY_UNVALIDATED|LOW_CURRENT_SAMPLE|LOW_RUSH_SAMPLE|LOW_CARRY_SAMPLE,HISTORICAL TEST ONLY,PASS
historical_test,2025,1,TEN,JAX,00-0033009,T.Boyd,WR,27.75,0.0025610393563533,0.07106884213880407,0-3,0.986118670675152,0.0700823121363397,0.0700823121363397,False,347,12,78,75,Medium,ROUTE_PROXY_UNVALIDATED|LOW_CURRENT_SAMPLE|LOW_RUSH_SAMPLE|LOW_CARRY_SAMPLE,HISTORICAL TEST ONLY,PASS
historical_test,2025,1,IND,JAX,00-0038997,J.Downs,WR,37.25,0.0018255890149031,0.06800319080514047,0-3,0.986118670675152,0.06705921611843385,0.06705921611843385,False,348,11,79,75,Medium,ROUTE_PROXY_UNVALIDATED|LOW_CURRENT_SAMPLE|LOW_RUSH_SAMPLE|LOW_CARRY_SAMPLE,HISTORICAL TEST ONLY,PASS
historical_test,2025,1,NYJ,MIA,00-0037740,G.Wilson,WR,21.75,0.0030856201853879,0.06711223903218683,0-3,0.986118670675152,0.06618063194045312,0.06618063194045312,False,349,12,80,75,Medium,ROUTE_PROXY_UNVALIDATED|LOW_CURRENT_SAMPLE|LOW_RUSH_SAMPLE|LOW_CARRY_SAMPLE,HISTORICAL TEST ONLY,PASS
historical_test,2025,1,KC,LAC,00-0039067,R.Rice,WR,19.75,0.0033808247459283,0.06677128873208393,0-3,0.986118670675152,0.06584441448374936,0.06584441448374936,False,350,14,81,75,Medium,ROUTE_PROXY_UNVALIDATED|LOW_CURRENT_SAMPLE|LOW_RUSH_SAMPLE|LOW_CARRY_SAMPLE,HISTORICAL TEST ONLY,PASS
historical_test,2025,1,PIT,BAL,00-0037837,C.Austin,WR,22.25,0.0028728844131514,0.06392167819261865,0-3,0.986118670675152,0.06303436032662996,0.06303436032662996,False,351,10,82,75,Medium,ROUTE_PROXY_UNVALIDATED|LOW_CURRENT_SAMPLE|LOW_RUSH_SAMPLE|LOW_CARRY_SAMPLE,HISTORICAL TEST ONLY,PASS
historical_test,2025,1,NYJ,MIA,00-0038496,X.Gipson,WR,21.75,0.0029304759893717,0.06373785276883448,0-3,0.986118670675152,0.06285308664409162,0.06285308664409162,False,352,13,83,75,Medium,ROUTE_PROXY_UNVALIDATED|LOW_CURRENT_SAMPLE|LOW_RUSH_SAMPLE|LOW_CARRY_SAMPLE,HISTORICAL TEST ONLY,PASS
historical_test,2025,1,BUF,KC,00-0039901,K.Coleman,WR,36.5,0.0016637648620391,0.06072741746442715,0-3,0.986118670675152,0.05988444018355591,0.05988444018355591,False,353,12,84,75,Medium,ROUTE_PROXY_UNVALIDATED|LOW_CURRENT_SAMPLE|LOW_RUSH_SAMPLE|LOW_CARRY_SAMPLE,HISTORICAL TEST ONLY,PASS
historical_test,2025,1,WAS,PHI,00-0035659,T.McLaurin,WR,29.5,0.0020024095621815,0.05907108208435424,0-3,0.986118670675152,0.0582510969403662,0.0582510969403662,False,354,10,85,75,Medium,ROUTE_PROXY_UNVALIDATED|LOW_CURRENT_SAMPLE|LOW_RUSH_SAMPLE|LOW_CARRY_SAMPLE,HISTORICAL TEST ONLY,PASS
historical_test,2025,1,LA,PHI,00-0036849,T.Atwell,WR,21.5,0.0027125070033439,0.05831890057189385,0-3,0.986118670675152,0.05750935670719233,0.05750935670719233,False,355,13,86,75,Medium,ROUTE_PROXY_UNVALIDATED|LOW_CURRENT_SAMPLE|LOW_RUSH_SAMPLE|LOW_CARRY_SAMPLE,HISTORICAL TEST ONLY,PASS
historical_test,2025,1,HOU,KC,00-0038618,X.Hutchinson,WR,27.25,0.0020532178279275,0.05595018581102437,0-3,0.986118670675152,0.055173522855995104,0.055173522855995104,False,356,13,87,75,Medium,ROUTE_PROXY_UNVALIDATED|LOW_CURRENT_SAMPLE|LOW_RUSH_SAMPLE|LOW_CARRY_SAMPLE,HISTORICAL TEST ONLY,PASS
historical_test,2025,1,CLE,BAL,00-0036980,E.Moore,WR,23.0,0.0024299216114868,0.0558881970641964,0-3,0.986118670675152,0.055112394595376285,0.055112394595376285,False,357,15,88,75,Medium,ROUTE_PROXY_UNVALIDATED|LOW_CURRENT_SAMPLE|LOW_RUSH_SAMPLE|LOW_CARRY_SAMPLE,HISTORICAL TEST ONLY,PASS
historical_test,2025,1,NE,BUF,00-0033307,K.Bourne,WR,26.0,0.0021451455189702,0.0557737834932252,0-3,0.986118670675152,0.054999569236862965,0.054999569236862965,False,358,11,89,75,Medium,ROUTE_PROXY_UNVALIDATED|LOW_CURRENT_SAMPLE|LOW_RUSH_SAMPLE|LOW_CARRY_SAMPLE,HISTORICAL TEST ONLY,PASS
historical_test,2025,1,MIN,LA,00-0036322,J.Jefferson,WR,22.75,0.0024479421016559,0.05569068281267173,0-3,0.986118670675152,0.05491762210422338,0.05491762210422338,False,359,10,90,75,Medium,ROUTE_PROXY_UNVALIDATED|LOW_CURRENT_SAMPLE|LOW_RUSH_SAMPLE|LOW_CARRY_SAMPLE,HISTORICAL TEST ONLY,PASS
historical_test,2025,1,TB,NO,00-0039052,T.Palmer,WR,29.75,0.0018694456448347,0.055616007933832326,0-3,0.986118670675152,0.05484398381196944,0.05484398381196944,False,360,11,91,75,Medium,ROUTE_PROXY_UNVALIDATED|LOW_CURRENT_SAMPLE|LOW_RUSH_SAMPLE|LOW_CARRY_SAMPLE,HISTORICAL TEST ONLY,PASS
historical_test,2025,1,MIA,CLE,00-0036620,D.Eskridge,WR,24.75,0.0022428813589446,0.05551131363387885,0-3,0.986118670675152,0.054740742808072056,0.054740742808072056,False,361,13,92,60,Medium,ROUTE_PROXY_UNVALIDATED|LOW_CURRENT_SAMPLE|LOW_PLAYER_SAMPLE|LOW_RUSH_SAMPLE|LOW_CARRY_SAMPLE,HISTORICAL TEST ONLY,PASS
historical_test,2025,1,ATL,WAS,00-0036309,D.Mooney,WR,34.0,0.0016060191566758,0.0546046513269772,0-3,0.986118670675152,0.05384666617923893,0.05384666617923893,False,362,9,93,75,Medium,ROUTE_PROXY_UNVALIDATED|LOW_CURRENT_SAMPLE|LOW_RUSH_SAMPLE|LOW_CARRY_SAMPLE,HISTORICAL TEST ONLY,PASS
historical_test,2025,1,PHI,KC,00-0037741,J.Dotson,WR,37.5,0.001416510117834,0.053119129418775,0-3,0.986118670675152,0.05238176528986377,0.05238176528986377,False,363,11,94,75,Medium,ROUTE_PROXY_UNVALIDATED|LOW_CURRENT_SAMPLE|LOW_RUSH_SAMPLE|LOW_CARRY_SAMPLE,HISTORICAL TEST ONLY,PASS
historical_test,2025,1,CAR,ATL,00-0033589,D.Moore,WR,23.75,0.0022102323349205,0.05249301795436188,0-3,0.986118670675152,0.05176434508488222,0.05176434508488222,False,364,11,95,75,Medium,ROUTE_PROXY_UNVALIDATED|LOW_CURRENT_SAMPLE|LOW_RUSH_SAMPLE|LOW_CARRY_SAMPLE,HISTORICAL TEST ONLY,PASS
historical_test,2025,1,PHI,KC,00-0036912,D.Smith,WR,37.5,0.0013809607314244,0.051786027428415,0-3,0.986118670675152,0.05106716852725556,0.05106716852725556,False,365,12,96,75,Medium,ROUTE_PROXY_UNVALIDATED|LOW_CURRENT_SAMPLE|LOW_RUSH_SAMPLE|LOW_CARRY_SAMPLE,HISTORICAL TEST ONLY,PASS
historical_test,2025,1,NE,NYJ,00-0038104,T.Thornton,WR,26.0,0.0019700797140128,0.051222072564332796,0-3,0.986118670675152,0.05051104210636603,0.05051104210636603,False,366,12,97,75,Medium,ROUTE_PROXY_UNVALIDATED|LOW_CURRENT_SAMPLE|LOW_RUSH_SAMPLE|LOW_CARRY_SAMPLE,HISTORICAL TEST ONLY,PASS
historical_test,2025,1,LA,PHI,00-0033908,C.Kupp,WR,21.5,0.0023824064382246,0.0512217384218289,0-3,0.986118670675152,0.05051071260220427,0.05051071260220427,False,367,14,98,75,Medium,ROUTE_PROXY_UNVALIDATED|LOW_CURRENT_SAMPLE|LOW_RUSH_SAMPLE|LOW_CARRY_SAMPLE,HISTORICAL TEST ONLY,PASS
historical_test,2025,1,NO,TB,00-0037231,K.Austin,WR,17.0,0.0029818809673906,0.0506919764456402,0-3,0.986118670675152,0.04998830442647083,0.04998830442647083,False,368,13,99,75,Medium,ROUTE_PROXY_UNVALIDATED|LOW_CURRENT_SAMPLE|LOW_RUSH_SAMPLE|LOW_CARRY_SAMPLE,HISTORICAL TEST ONLY,PASS
historical_test,2025,1,MIN,LA,00-0034646,B.Powell,WR,22.75,0.0022037870793151,0.050136156054418526,0-3,0.986118670675152,0.04944019956114517,0.04944019956114517,False,369,11,100,75,Medium,ROUTE_PROXY_UNVALIDATED|LOW_CURRENT_SAMPLE|LOW_RUSH_SAMPLE|LOW_CARRY_SAMPLE,HISTORICAL TEST ONLY,PASS
historical_test,2025,1,LA,PHI,00-0039751,J.Whittington,WR,21.5,0.0022911874003756,0.0492605291080754,0-3,0.986118670675152,0.04857672748080995,0.04857672748080995,False,370,15,101,75,Medium,ROUTE_PROXY_UNVALIDATED|LOW_CURRENT_SAMPLE|LOW_RUSH_SAMPLE|LOW_CARRY_SAMPLE,HISTORICAL TEST ONLY,PASS
historical_test,2025,1,NE,LAC,00-0039907,J.Polk,WR,26.0,0.0018896923545936,0.0491320012194336,0-3,0.986118670675152,0.04844998373011781,0.04844998373011781,False,371,13,102,75,Medium,ROUTE_PROXY_UNVALIDATED|LOW_CURRENT_SAMPLE|LOW_RUSH_SAMPLE|LOW_CARRY_SAMPLE,HISTORICAL TEST ONLY,PASS
historical_test,2025,1,ATL,CAR,00-0034854,K.Hodge,WR,34.0,0.0014386309540503,0.0489134524377102,0-3,0.986118670675152,0.04823446869600705,0.04823446869600705,False,372,10,103,75,Medium,ROUTE_PROXY_UNVALIDATED|LOW_CURRENT_SAMPLE|LOW_RUSH_SAMPLE|LOW_CARRY_SAMPLE,HISTORICAL TEST ONLY,PASS
historical_test,2025,1,CLE,PIT,00-0038979,C.Tillman,WR,23.0,0.002057964057384,0.047333173319832,0-3,0.986118670675152,0.046676125952989304,0.046676125952989304,False,373,16,104,75,Medium,ROUTE_PROXY_UNVALIDATED|LOW_CURRENT_SAMPLE|LOW_RUSH_SAMPLE|LOW_CARRY_SAMPLE,HISTORICAL TEST ONLY,PASS
historical_test,2025,1,NYG,PHI,00-0035535,D.Slayton,WR,22.0,0.0021489909234643,0.047277800316214605,0-3,0.986118670675152,0.046621521600270825,0.046621521600270825,False,374,13,105,75,Medium,ROUTE_PROXY_UNVALIDATED|LOW_CURRENT_SAMPLE|LOW_RUSH_SAMPLE|LOW_CARRY_SAMPLE,HISTORICAL TEST ONLY,PASS
historical_test,2025,1,TB,CAR,00-0038821,R.Jarrett,WR,29.75,0.0015417620873155,0.045867422097636126,0-3,0.986118670675152,0.04523072130621703,0.04523072130621703,False,375,12,106,75,Medium,ROUTE_PROXY_UNVALIDATED|LOW_CURRENT_SAMPLE|LOW_RUSH_SAMPLE|LOW_CARRY_SAMPLE,HISTORICAL TEST ONLY,PASS
historical_test,2025,1,JAX,GB,00-0034775,C.Kirk,WR,29.25,0.0015334153270275,0.04485239831555437,0-3,0.986118670675152,0.0442297874035269,0.0442297874035269,False,376,11,107,75,Medium,ROUTE_PROXY_UNVALIDATED|LOW_CURRENT_SAMPLE|LOW_RUSH_SAMPLE|LOW_CARRY_SAMPLE,HISTORICAL TEST ONLY,PASS
historical_test,2025,1,CHI,SF,00-0031763,D.Carter,WR,23.75,0.0018797722087274,0.04464458995727575,0-3,0.986118670675152,0.044024863701506003,0.044024863701506003,False,377,11,108,75,Medium,ROUTE_PROXY_UNVALIDATED|LOW_CURRENT_SAMPLE|LOW_RUSH_SAMPLE|LOW_CARRY_SAMPLE,HISTORICAL TEST ONLY,PASS
historical_test,2025,1,ARI,LA,00-0038559,Mi.Wilson,WR,27.75,0.0015841970292067,0.043961467560485926,0-3,0.986118670675152,0.0433512239516752,0.0433512239516752,False,378,12,109,75,Medium,ROUTE_PROXY_UNVALIDATED|LOW_CURRENT_SAMPLE|LOW_RUSH_SAMPLE|LOW_CARRY_SAMPLE,HISTORICAL TEST ONLY,PASS
historical_test,2025,1,CIN,PHI,00-0038576,C.Jones,WR,24.25,0.0018018930075622,0.04369590543338335,0-3,0.986118670675152,0.043089348179915145,0.043089348179915145,False,379,9,110,75,Medium,ROUTE_PROXY_UNVALIDATED|LOW_CURRENT_SAMPLE|LOW_RUSH_SAMPLE|LOW_CARRY_SAMPLE,HISTORICAL TEST ONLY,PASS
historical_test,2025,1,BAL,BUF,00-0036550,R.Bateman,WR,39.5,0.0010952776828198,0.0432634684713821,0-3,0.986118670675152,0.042662914017795664,0.042662914017795664,False,380,11,111,75,Medium,ROUTE_PROXY_UNVALIDATED|LOW_CURRENT_SAMPLE|LOW_RUSH_SAMPLE|LOW_CARRY_SAMPLE,HISTORICAL TEST ONLY,PASS
historical_test,2025,1,NO,CAR,00-0037239,C.Olave,WR,17.0,0.0025285955130765,0.0429861237223005,0-3,0.986118670675152,0.042389419182512586,0.042389419182512586,False,381,14,112,75,Medium,ROUTE_PROXY_UNVALIDATED|LOW_CURRENT_SAMPLE|LOW_RUSH_SAMPLE|LOW_CARRY_SAMPLE,HISTORICAL TEST ONLY,PASS
historical_test,2025,1,WAS,PHI,00-0035208,O.Zaccheaus,WR,29.5,0.0014562528537443,0.04295945918545685,0-3,0.986118670675152,0.04236312478488616,0.04236312478488616,False,382,11,113,75,Medium,ROUTE_PROXY_UNVALIDATED|LOW_CURRENT_SAMPLE|LOW_RUSH_SAMPLE|LOW_CARRY_SAMPLE,HISTORICAL TEST ONLY,PASS
historical_test,2025,1,JAX,DET,00-0036196,G.Davis,WR,29.25,0.0014541436890034,0.04253370290334945,0-3,0.986118670675152,0.041943278565942814,0.041943278565942814,False,383,12,114,75,Medium,ROUTE_PROXY_UNVALIDATED|LOW_CURRENT_SAMPLE|LOW_RUSH_SAMPLE|LOW_CARRY_SAMPLE,HISTORICAL TEST ONLY,PASS
historical_test,2025,1,NYG,PHI,00-0036635,I.Smith-Marsette,WR,22.0,0.0018797870381073,0.0413553148383606,0-3,0.986118670675152,0.04078124809375654,0.04078124809375654,False,384,14,115,75,Medium,ROUTE_PROXY_UNVALIDATED|LOW_CURRENT_SAMPLE|LOW_RUSH_SAMPLE|LOW_CARRY_SAMPLE,HISTORICAL TEST ONLY,PASS
historical_test,2025,1,HOU,KC,00-0037614,J.Metchie,WR,27.25,0.0014938396327232,0.040707129991707204,0-3,0.986118670675152,0.04014206091442292,0.04014206091442292,False,385,14,116,75,Medium,ROUTE_PROXY_UNVALIDATED|LOW_CURRENT_SAMPLE|LOW_RUSH_SAMPLE|LOW_CARRY_SAMPLE,HISTORICAL TEST ONLY,PASS
historical_test,2025,1,CHI,GB,00-0030279,K.Allen,WR,23.75,0.0016831828476368,0.039975592631374,0-3,0.986118670675152,0.03942067826510193,0.03942067826510193,False,386,12,117,75,Medium,ROUTE_PROXY_UNVALIDATED|LOW_CURRENT_SAMPLE|LOW_RUSH_SAMPLE|LOW_CARRY_SAMPLE,HISTORICAL TEST ONLY,PASS
historical_test,2025,1,HOU,KC,00-0036554,N.Collins,WR,27.25,0.0014360973674118,0.03913365326197155,0-3,0.986118670675152,0.03859042613335772,0.03859042613335772,False,387,15,118,75,Medium,ROUTE_PROXY_UNVALIDATED|LOW_CURRENT_SAMPLE|LOW_RUSH_SAMPLE|LOW_CARRY_SAMPLE,HISTORICAL TEST ONLY,PASS
historical_test,2025,1,HOU,KC,00-0030431,R.Woods,WR,27.25,0.0012351272174413,0.03365721667527542,0-3,0.986118670675152,0.03319000976644816,0.03319000976644816,False,388,16,119,75,Medium,ROUTE_PROXY_UNVALIDATED|LOW_CURRENT_SAMPLE|LOW_RUSH_SAMPLE|LOW_CARRY_SAMPLE,HISTORICAL TEST ONLY,PASS
historical_test,2025,1,PIT,BAL,00-0036862,B.Skowronek,WR,22.25,0.0015118137294674,0.033637855480649646,0-3,0.986118670675152,0.03317091733094111,0.03317091733094111,False,389,11,120,75,Medium,ROUTE_PROXY_UNVALIDATED|LOW_CURRENT_SAMPLE|LOW_RUSH_SAMPLE|LOW_CARRY_SAMPLE,HISTORICAL TEST ONLY,PASS
historical_test,2025,1,SF,ARI,00-0039365,J.Cowing,WR,20.75,0.0016141874886307,0.033494390389087025,0-3,0.986118670675152,0.03302944372556108,0.03302944372556108,False,390,12,121,60,Medium,ROUTE_PROXY_UNVALIDATED|LOW_CURRENT_SAMPLE|LOW_PLAYER_SAMPLE|LOW_RUSH_SAMPLE|LOW_CARRY_SAMPLE,HISTORICAL TEST ONLY,PASS
historical_test,2025,1,NO,TB,00-0034272,M.Valdes-Scantling,WR,17.0,0.0019437621821608,0.0330439570967336,0-3,0.986118670675152,0.032585263046077693,0.032585263046077693,False,391,15,122,75,Medium,ROUTE_PROXY_UNVALIDATED|LOW_CURRENT_SAMPLE|LOW_RUSH_SAMPLE|LOW_CARRY_SAMPLE,HISTORICAL TEST ONLY,PASS
historical_test,2025,1,SEA,LA,00-0038752,J.Bobo,WR,20.0,0.0016217478016491,0.032434956032982,0-3,0.986118670675152,0.031984715726651215,0.031984715726651215,False,392,9,123,75,Medium,ROUTE_PROXY_UNVALIDATED|LOW_CURRENT_SAMPLE|LOW_RUSH_SAMPLE|LOW_CARRY_SAMPLE,HISTORICAL TEST ONLY,PASS
historical_test,2025,1,CAR,ATL,00-0030035,A.Thielen,WR,23.75,0.0013275867061096,0.031530184270103,0-3,0.986118670675152,0.031092503398576558,0.031092503398576558,False,393,12,124,75,Medium,ROUTE_PROXY_UNVALIDATED|LOW_CURRENT_SAMPLE|LOW_RUSH_SAMPLE|LOW_CARRY_SAMPLE,HISTORICAL TEST ONLY,PASS
historical_test,2025,1,MIA,IND,00-0034419,B.Berrios,WR,24.75,0.0012290188968101,0.030418217696049975,0-3,0.986118670675152,0.029995972398736186,0.029995972398736186,False,394,14,125,75,Medium,ROUTE_PROXY_UNVALIDATED|LOW_CURRENT_SAMPLE|LOW_RUSH_SAMPLE|LOW_CARRY_SAMPLE,HISTORICAL TEST ONLY,PASS
historical_test,2025,1,WAS,TEN,00-0033591,N.Brown,WR,29.5,0.0010247621525043,0.030230483498876852,0-3,0.986118670675152,0.02981084420177956,0.02981084420177956,False,395,12,126,75,Medium,ROUTE_PROXY_UNVALIDATED|LOW_CURRENT_SAMPLE|LOW_RUSH_SAMPLE|LOW_CARRY_SAMPLE,HISTORICAL TEST ONLY,PASS
historical_test,2025,1,PIT,BAL,00-0033536,M.Williams,WR,22.25,0.0013481110699177,0.029995471305668826,0-3,0.986118670675152,0.02957909429022081,0.02957909429022081,False,396,12,127,75,Medium,ROUTE_PROXY_UNVALIDATED|LOW_CURRENT_SAMPLE|LOW_RUSH_SAMPLE|LOW_CARRY_SAMPLE,HISTORICAL TEST ONLY,PASS
historical_test,2025,1,LAC,NE,00-0036988,J.Palmer,WR,29.75,0.0009645241722068,0.028694594123152298,0-3,0.986118670675152,0.028296275012285974,0.028296275012285974,False,397,13,128,75,Medium,ROUTE_PROXY_UNVALIDATED|LOW_CURRENT_SAMPLE|LOW_RUSH_SAMPLE|LOW_CARRY_SAMPLE,HISTORICAL TEST ONLY,PASS
historical_test,2025,1,KC,SF,00-0038090,S.Moore,WR,19.75,0.0014519676227538,0.02867636054938755,0-3,0.986118670675152,0.028278294544763424,0.028278294544763424,False,398,15,129,75,Medium,ROUTE_PROXY_UNVALIDATED|LOW_CURRENT_SAMPLE|LOW_RUSH_SAMPLE|LOW_CARRY_SAMPLE,HISTORICAL TEST ONLY,PASS
historical_test,2025,1,PIT,BAL,00-0036415,V.Jefferson,WR,22.25,0.001217148942278,0.0270815639656855,0-3,0.986118670675152,0.026705635857645883,0.026705635857645883,False,399,13,130,75,Medium,ROUTE_PROXY_UNVALIDATED|LOW_CURRENT_SAMPLE|LOW_RUSH_SAMPLE|LOW_CARRY_SAMPLE,HISTORICAL TEST ONLY,PASS
historical_test,2025,1,GB,PHI,00-0038393,D.Wicks,WR,30.25,0.0008055442141377,0.024367712477665424,0-3,0.986118670675152,0.02402945623586974,0.02402945623586974,False,400,13,131,75,Medium,ROUTE_PROXY_UNVALIDATED|LOW_CURRENT_SAMPLE|LOW_RUSH_SAMPLE|LOW_CARRY_SAMPLE,HISTORICAL TEST ONLY,PASS
historical_test,2025,1,KC,PHI,00-0035662,M.Brown,WR,19.75,0.0011444686610883,0.022603256056493926,0-3,0.986118670675152,0.02228949281535987,0.02228949281535987,False,401,16,132,75,Medium,ROUTE_PROXY_UNVALIDATED|LOW_CURRENT_SAMPLE|LOW_RUSH_SAMPLE|LOW_CARRY_SAMPLE,HISTORICAL TEST ONLY,PASS
historical_test,2025,1,SF,ARI,00-0033292,T.Taylor,WR,20.75,0.0010035587454444,0.020823843967971302,0-3,0.986118670675152,0.020534781332042642,0.020534781332042642,False,402,13,133,60,Medium,ROUTE_PROXY_UNVALIDATED|LOW_CURRENT_SAMPLE|LOW_PLAYER_SAMPLE|LOW_RUSH_SAMPLE|LOW_CARRY_SAMPLE,HISTORICAL TEST ONLY,PASS
historical_test,2025,1,LA,PHI,00-0032775,D.Robinson,WR,21.5,0.0008731459938137,0.01877263886699455,0-3,0.986118670675152,0.018512049684585356,0.018512049684585356,False,403,16,134,75,Medium,ROUTE_PROXY_UNVALIDATED|LOW_CURRENT_SAMPLE|LOW_RUSH_SAMPLE|LOW_CARRY_SAMPLE,HISTORICAL TEST ONLY,PASS
historical_test,2025,1,SF,ARI,00-0036259,J.Jennings,WR,20.75,0.000888655487318,0.0184396013618485,0-3,0.986118670675152,0.018183635182725765,0.018183635182725765,False,404,14,135,75,Medium,ROUTE_PROXY_UNVALIDATED|LOW_CURRENT_SAMPLE|LOW_RUSH_SAMPLE|LOW_CARRY_SAMPLE,HISTORICAL TEST ONLY,PASS
historical_test,2025,1,KC,PHI,00-0030564,D.Hopkins,WR,19.75,0.0009208330526043,0.018186452788934923,0-3,0.986118670675152,0.017934000648520916,0.017934000648520916,False,405,17,136,75,Medium,ROUTE_PROXY_UNVALIDATED|LOW_CURRENT_SAMPLE|LOW_RUSH_SAMPLE|LOW_CARRY_SAMPLE,HISTORICAL TEST ONLY,PASS
