projection_mode,history_start_season,history_end_season,max_training_season,max_training_week,target_season,target_week,leakage_check,leakage_status,season,week,team,player_id,player_name,position,projected_team_pass_attempts,projected_target_share,projected_catch_rate,projected_receptions_raw,calibration_bucket,calibration_multiplier,projected_receptions_calibrated,projected_receptions,estimated_routes,is_prop_candidate,overall_rank,team_rank,position_rank,current_team_verified,team_verify_flag,team_source,team_context_note,route_proxy_status,confidence_score,confidence_bucket,quality_flags
historical_test,2023,2024,2024,22,2025,1,All feature history is before target season/week.,PASS,2025,1,CIN,00-0036900,J.Chase,WR,44.5,0.1589877255249926,0.8096291601482667,5.728088891735389,4-6,0.92128572738131,5.2772065411272395,5.2772065411272395,63.477663427847546,True,1,1,1,True,,weekly_stats_historical,"Historical test mode: team is from loaded weekly/player stats context, not live roster confirmation.",ROUTE_PROXY_UNVALIDATED,75,Medium,ROUTE_PROXY_UNVALIDATED|LOW_CURRENT_SAMPLE
historical_test,2023,2024,2024,22,2025,1,All feature history is before target season/week.,PASS,2025,1,LA,00-0039075,P.Nacua,WR,38.75,0.185709575512207,0.7808509293351522,5.619195416724309,4-6,0.92128572738131,5.176884536794578,5.176884536794578,64.30061800668832,True,2,1,2,True,,weekly_stats_historical,"Historical test mode: team is from loaded weekly/player stats context, not live roster confirmation.",ROUTE_PROXY_UNVALIDATED,75,Medium,ROUTE_PROXY_UNVALIDATED|LOW_CURRENT_SAMPLE
historical_test,2023,2024,2024,22,2025,1,All feature history is before target season/week.,PASS,2025,1,CIN,00-0036410,T.Higgins,WR,44.5,0.1442722197574682,0.7909579956858178,5.078040326876734,4-6,0.92128572738131,4.678326076218257,4.678326076218257,56.97064231526714,True,3,2,3,True,,weekly_stats_historical,"Historical test mode: team is from loaded weekly/player stats context, not live roster confirmation.",ROUTE_PROXY_UNVALIDATED,75,Medium,ROUTE_PROXY_UNVALIDATED|LOW_CURRENT_SAMPLE
historical_test,2023,2024,2024,22,2025,1,All feature history is before target season/week.,PASS,2025,1,JAX,00-0039893,B.Thomas,WR,36.75,0.1788357803736648,0.7668641619885317,5.039996093730721,4-6,0.92128572738131,4.643276467211669,4.643276467211669,58.899070515390086,True,4,1,4,True,,weekly_stats_historical,"Historical test mode: team is from loaded weekly/player stats context, not live roster confirmation.",ROUTE_PROXY_UNVALIDATED,75,Medium,ROUTE_PROXY_UNVALIDATED|LOW_CURRENT_SAMPLE
historical_test,2023,2024,2024,22,2025,1,All feature history is before target season/week.,PASS,2025,1,CLE,00-0036407,J.Jeudy,WR,40.5,0.167509473248994,0.7420227722832582,5.033981670819037,4-6,0.92128572738131,4.637735465224698,4.637735465224698,60.93872654893794,True,5,1,5,True,,weekly_stats_historical,"Historical test mode: team is from loaded weekly/player stats context, not live roster confirmation.",ROUTE_PROXY_UNVALIDATED,75,Medium,ROUTE_PROXY_UNVALIDATED|LOW_CURRENT_SAMPLE
historical_test,2023,2024,2024,22,2025,1,All feature history is before target season/week.,PASS,2025,1,MIN,00-0036322,J.Jefferson,WR,43.75,0.1506185433094932,0.758723815492922,4.999657069039701,4-6,0.92128572738131,4.606112699507349,4.606112699507349,58.85477604093781,True,6,1,6,True,,weekly_stats_historical,"Historical test mode: team is from loaded weekly/player stats context, not live roster confirmation.",ROUTE_PROXY_UNVALIDATED,75,Medium,ROUTE_PROXY_UNVALIDATED|LOW_CURRENT_SAMPLE
historical_test,2023,2024,2024,22,2025,1,All feature history is before target season/week.,PASS,2025,1,DET,00-0036963,A.St. Brown,WR,37.5,0.1475952432983683,0.8702905517368106,4.816902964644965,4-6,0.92128572738131,4.437743951508125,4.437743951508125,49.30056885729144,True,7,1,7,True,,weekly_stats_historical,"Historical test mode: team is from loaded weekly/player stats context, not live roster confirmation.",ROUTE_PROXY_UNVALIDATED,75,Medium,ROUTE_PROXY_UNVALIDATED|LOW_CURRENT_SAMPLE
historical_test,2023,2024,2024,22,2025,1,All feature history is before target season/week.,PASS,2025,1,CHI,00-0034827,D.Moore,WR,35.75,0.1616266933807256,0.8201486406677472,4.738945385167739,4-6,0.92128572738131,4.365922746194562,4.365922746194562,51.87789669852605,True,8,1,8,True,,weekly_stats_historical,"Historical test mode: team is from loaded weekly/player stats context, not live roster confirmation.",ROUTE_PROXY_UNVALIDATED,75,Medium,ROUTE_PROXY_UNVALIDATED|LOW_CURRENT_SAMPLE
historical_test,2023,2024,2024,22,2025,1,All feature history is before target season/week.,PASS,2025,1,LAC,00-0039915,L.McConkey,WR,37.0,0.1530877976190476,0.8171526089217155,4.62855544908392,4-6,0.92128572738131,4.264222073634005,4.264222073634005,50.67941299764348,True,9,1,9,True,,weekly_stats_historical,"Historical test mode: team is from loaded weekly/player stats context, not live roster confirmation.",ROUTE_PROXY_UNVALIDATED,75,Medium,ROUTE_PROXY_UNVALIDATED|LOW_CURRENT_SAMPLE
historical_test,2023,2024,2024,22,2025,1,All feature history is before target season/week.,PASS,2025,1,NYJ,00-0031381,D.Adams,WR,38.25,0.1670218894009216,0.7230511809032066,4.619275569576809,4-6,0.92128572738131,4.255672653092286,4.255672653092286,57.38631328553664,True,10,1,10,True,,weekly_stats_historical,"Historical test mode: team is from loaded weekly/player stats context, not live roster confirmation.",ROUTE_PROXY_UNVALIDATED,75,Medium,ROUTE_PROXY_UNVALIDATED|LOW_CURRENT_SAMPLE
historical_test,2023,2024,2024,22,2025,1,All feature history is before target season/week.,PASS,2025,1,WAS,00-0035659,T.McLaurin,WR,39.75,0.1501041284543898,0.7686010216201282,4.585964912557857,4-6,0.92128572738131,4.224984020211031,4.224984020211031,53.26896455269781,True,11,1,11,True,,weekly_stats_historical,"Historical test mode: team is from loaded weekly/player stats context, not live roster confirmation.",ROUTE_PROXY_UNVALIDATED,75,Medium,ROUTE_PROXY_UNVALIDATED|LOW_CURRENT_SAMPLE
historical_test,2023,2024,2024,22,2025,1,All feature history is before target season/week.,PASS,2025,1,CLE,00-0037257,D.Bell,WR,40.5,0.117108575733275,0.95,4.505752451337755,4-6,0.92128572738131,4.151085424530824,4.151085424530824,38.60096025820576,True,12,2,12,True,,weekly_stats_historical,"Historical test mode: team is from loaded weekly/player stats context, not live roster confirmation.",ROUTE_PROXY_UNVALIDATED,75,Medium,ROUTE_PROXY_UNVALIDATED|LOW_CURRENT_SAMPLE
historical_test,2023,2024,2024,22,2025,1,All feature history is before target season/week.,PASS,2025,1,SF,00-0036259,J.Jennings,WR,41.0,0.1438556932508545,0.7578010497139616,4.469573809465915,4-6,0.92128572738131,4.117754558138258,4.117754558138258,52.31010981183574,True,13,1,13,True,,weekly_stats_historical,"Historical test mode: team is from loaded weekly/player stats context, not live roster confirmation.",ROUTE_PROXY_UNVALIDATED,75,Medium,ROUTE_PROXY_UNVALIDATED|LOW_CURRENT_SAMPLE
historical_test,2023,2024,2024,22,2025,1,All feature history is before target season/week.,PASS,2025,1,TB,00-0031408,M.Evans,WR,33.25,0.1665004658793374,0.8066397884088949,4.46567119384913,4-6,0.92128572738131,4.114159134071059,4.114159134071059,49.72918728660398,True,14,1,14,True,,weekly_stats_historical,"Historical test mode: team is from loaded weekly/player stats context, not live roster confirmation.",ROUTE_PROXY_UNVALIDATED,75,Medium,ROUTE_PROXY_UNVALIDATED|LOW_CURRENT_SAMPLE
historical_test,2023,2024,2024,22,2025,1,All feature history is before target season/week.,PASS,2025,1,NYG,00-0039337,M.Nabers,WR,33.5,0.1733016916840446,0.7589511616761506,4.406171927505599,4-6,0.92128572738131,4.059343309199105,4.059343309199105,52.11149745803482,True,15,1,15,True,,weekly_stats_historical,"Historical test mode: team is from loaded weekly/player stats context, not live roster confirmation.",ROUTE_PROXY_UNVALIDATED,75,Medium,ROUTE_PROXY_UNVALIDATED|LOW_CURRENT_SAMPLE
historical_test,2023,2024,2024,22,2025,1,All feature history is before target season/week.,PASS,2025,1,SEA,00-0038543,J.Smith-Njigba,WR,35.25,0.1540035531971015,0.8076121443173823,4.384223679007753,4-6,0.92128572738131,4.03912270111702,4.03912270111702,48.59831264260685,True,16,1,16,True,,weekly_stats_historical,"Historical test mode: team is from loaded weekly/player stats context, not live roster confirmation.",ROUTE_PROXY_UNVALIDATED,75,Medium,ROUTE_PROXY_UNVALIDATED|LOW_CURRENT_SAMPLE
historical_test,2023,2024,2024,22,2025,1,All feature history is before target season/week.,PASS,2025,1,LV,00-0034960,J.Meyers,WR,39.0,0.1427771784389431,0.7604134985488842,4.234218057018107,4-6,0.92128572738131,3.9009246625510037,3.9009246625510037,49.31305427326411,True,17,1,17,True,,weekly_stats_historical,"Historical test mode: team is from loaded weekly/player stats context, not live roster confirmation.",ROUTE_PROXY_UNVALIDATED,75,Medium,ROUTE_PROXY_UNVALIDATED|LOW_CURRENT_SAMPLE
historical_test,2023,2024,2024,22,2025,1,All feature history is before target season/week.,PASS,2025,1,HOU,00-0031588,S.Diggs,WR,34.5,0.1503832666343277,0.8136853470169535,4.221580787142911,4-6,0.92128572738131,3.88928212618192,3.88928212618192,46.32998058457542,True,18,1,18,True,,weekly_stats_historical,"Historical test mode: team is from loaded weekly/player stats context, not live roster confirmation.",ROUTE_PROXY_UNVALIDATED,75,Medium,ROUTE_PROXY_UNVALIDATED|LOW_CURRENT_SAMPLE
historical_test,2023,2024,2024,22,2025,1,All feature history is before target season/week.,PASS,2025,1,NYG,00-0038117,W.Robinson,WR,33.5,0.1617467472246884,0.7733015988207054,4.190147110802151,4-6,0.92128572738131,3.860322728810054,3.860322728810054,48.65011107674432,True,19,2,19,True,,weekly_stats_historical,"Historical test mode: team is from loaded weekly/player stats context, not live roster confirmation.",ROUTE_PROXY_UNVALIDATED,75,Medium,ROUTE_PROXY_UNVALIDATED|LOW_CURRENT_SAMPLE
historical_test,2023,2024,2024,22,2025,1,All feature history is before target season/week.,PASS,2025,1,TB,00-0033921,C.Godwin,WR,33.25,0.1459958628841607,0.8620710283159413,4.184805221243517,4-6,0.92128572738131,3.8554013222024373,3.8554013222024373,43.1657666752547,True,20,2,20,True,,weekly_stats_historical,"Historical test mode: team is from loaded weekly/player stats context, not live roster confirmation.",ROUTE_PROXY_UNVALIDATED,75,Medium,ROUTE_PROXY_UNVALIDATED|LOW_CURRENT_SAMPLE
historical_test,2023,2024,2024,22,2025,1,All feature history is before target season/week.,PASS,2025,1,WAS,00-0036626,D.Brown,WR,39.75,0.1253226071472242,0.8369589854953334,4.169372814968447,4-6,0.92128572738131,3.841183666562065,3.841183666562065,42.24255351416116,True,21,2,21,True,,weekly_stats_historical,"Historical test mode: team is from loaded weekly/player stats context, not live roster confirmation.",ROUTE_PROXY_UNVALIDATED,75,Medium,ROUTE_PROXY_UNVALIDATED|LOW_CURRENT_SAMPLE
historical_test,2023,2024,2024,22,2025,1,All feature history is before target season/week.,PASS,2025,1,CHI,00-0030279,K.Allen,WR,35.75,0.1585457394429168,0.7300742187132366,4.13806810753407,4-6,0.92128572738131,3.812343086402927,3.812343086402927,50.84691815588357,True,22,2,22,True,,weekly_stats_historical,"Historical test mode: team is from loaded weekly/player stats context, not live roster confirmation.",ROUTE_PROXY_UNVALIDATED,75,Medium,ROUTE_PROXY_UNVALIDATED|LOW_CURRENT_SAMPLE
historical_test,2023,2024,2024,22,2025,1,All feature history is before target season/week.,PASS,2025,1,ARI,00-0037744,T.McBride,TE,38.5,0.1280441327555308,0.8320178428940923,4.101597620524309,4-6,0.92128572738131,3.7787433472501886,3.7787433472501886,47.20174011145669,True,23,1,1,True,,weekly_stats_historical,"Historical test mode: team is from loaded weekly/player stats context, not live roster confirmation.",ROUTE_PROXY_UNVALIDATED,75,Medium,ROUTE_PROXY_UNVALIDATED|LOW_CURRENT_SAMPLE
historical_test,2023,2024,2024,22,2025,1,All feature history is before target season/week.,PASS,2025,1,PIT,00-0037382,B.Johnson,WR,36.75,0.1169313759157509,0.95,4.082366661658653,4-6,0.92128572738131,3.761026139323402,3.761026139323402,34.93479342627889,True,24,1,23,True,,weekly_stats_historical,"Historical test mode: team is from loaded weekly/player stats context, not live roster confirmation.",ROUTE_PROXY_UNVALIDATED,75,Medium,ROUTE_PROXY_UNVALIDATED|LOW_CURRENT_SAMPLE
historical_test,2023,2024,2024,22,2025,1,All feature history is before target season/week.,PASS,2025,1,SF,00-0039916,R.Pearsall,WR,41.0,0.1274204792349953,0.7796051624068777,4.072844199726388,4-6,0.92128572738131,3.752253231055675,3.752253231055675,44.64611741062846,True,25,2,24,True,,weekly_stats_historical,"Historical test mode: team is from loaded weekly/player stats context, not live roster confirmation.",ROUTE_PROXY_UNVALIDATED,75,Medium,ROUTE_PROXY_UNVALIDATED|LOW_CURRENT_SAMPLE
historical_test,2023,2024,2024,22,2025,1,All feature history is before target season/week.,PASS,2025,1,MIN,00-0038994,J.Addison,WR,43.75,0.1321825906228987,0.7025271672975043,4.062706416840342,4-6,0.92128572738131,3.74291343637547,3.74291343637547,50.147684852370126,True,26,2,25,True,,weekly_stats_historical,"Historical test mode: team is from loaded weekly/player stats context, not live roster confirmation.",ROUTE_PROXY_UNVALIDATED,75,Medium,ROUTE_PROXY_UNVALIDATED|LOW_CURRENT_SAMPLE
historical_test,2023,2024,2024,22,2025,1,All feature history is before target season/week.,PASS,2025,1,CAR,00-0030035,A.Thielen,WR,32.75,0.1429217772967773,0.8504597005755813,3.9807366905616686,3-4,0.8958707008067163,3.5662253687004903,3.5662253687004903,41.4606565216477,True,27,1,26,True,,weekly_stats_historical,"Historical test mode: team is from loaded weekly/player stats context, not live roster confirmation.",ROUTE_PROXY_UNVALIDATED,75,Medium,ROUTE_PROXY_UNVALIDATED|LOW_CURRENT_SAMPLE
historical_test,2023,2024,2024,22,2025,1,All feature history is before target season/week.,PASS,2025,1,NYJ,00-0037740,G.Wilson,WR,38.25,0.132200460829493,0.7843211430020143,3.9660513327766718,3-4,0.8958707008067163,3.553069186930048,3.553069186930048,43.85142321161688,True,28,2,27,True,,weekly_stats_historical,"Historical test mode: team is from loaded weekly/player stats context, not live roster confirmation.",ROUTE_PROXY_UNVALIDATED,75,Medium,ROUTE_PROXY_UNVALIDATED|LOW_CURRENT_SAMPLE
historical_test,2023,2024,2024,22,2025,1,All feature history is before target season/week.,PASS,2025,1,MIA,00-0033040,T.Hill,WR,38.0,0.137169252844656,0.7536634728301204,3.9284193076478195,3-4,0.8958707008067163,3.519355758205087,3.519355758205087,45.726031610658254,True,29,1,28,True,,weekly_stats_historical,"Historical test mode: team is from loaded weekly/player stats context, not live roster confirmation.",ROUTE_PROXY_UNVALIDATED,75,Medium,ROUTE_PROXY_UNVALIDATED|LOW_CURRENT_SAMPLE
historical_test,2023,2024,2024,22,2025,1,All feature history is before target season/week.,PASS,2025,1,ATL,00-0037238,D.London,WR,30.75,0.1679025436837937,0.7550551915711335,3.8983523840582595,3-4,0.8958707008067163,3.492419682297806,3.492419682297806,46.37619419143992,True,30,1,29,True,,weekly_stats_historical,"Historical test mode: team is from loaded weekly/player stats context, not live roster confirmation.",ROUTE_PROXY_UNVALIDATED,75,Medium,ROUTE_PROXY_UNVALIDATED|LOW_CURRENT_SAMPLE
historical_test,2023,2024,2024,22,2025,1,All feature history is before target season/week.,PASS,2025,1,DAL,00-0036358,C.Lamb,WR,33.0,0.1520322755201787,0.7727746769122045,3.8770608556460004,3-4,0.8958707008067163,3.4733452258178694,3.4733452258178694,44.85726730111301,True,31,1,30,True,,weekly_stats_historical,"Historical test mode: team is from loaded weekly/player stats context, not live roster confirmation.",ROUTE_PROXY_UNVALIDATED,75,Medium,ROUTE_PROXY_UNVALIDATED|LOW_CURRENT_SAMPLE
historical_test,2023,2024,2024,22,2025,1,All feature history is before target season/week.,PASS,2025,1,IND,00-0038997,J.Downs,WR,34.0,0.147539585039585,0.7713087772601268,3.8691516157678594,3-4,0.8958707008067163,3.466259569545391,3.466259569545391,44.67982090217456,True,32,1,31,True,,weekly_stats_historical,"Historical test mode: team is from loaded weekly/player stats context, not live roster confirmation.",ROUTE_PROXY_UNVALIDATED,75,Medium,ROUTE_PROXY_UNVALIDATED|LOW_CURRENT_SAMPLE
historical_test,2023,2024,2024,22,2025,1,All feature history is before target season/week.,PASS,2025,1,HOU,00-0036554,N.Collins,WR,34.5,0.1400729646697388,0.800474727624269,3.868307954332889,3-4,0.8958707008067163,3.4655037579844,3.4655037579844,42.619288770996896,True,33,2,32,True,,weekly_stats_historical,"Historical test mode: team is from loaded weekly/player stats context, not live roster confirmation.",ROUTE_PROXY_UNVALIDATED,75,Medium,ROUTE_PROXY_UNVALIDATED|LOW_CURRENT_SAMPLE
historical_test,2023,2024,2024,22,2025,1,All feature history is before target season/week.,PASS,2025,1,MIA,00-0039880,M.Washington,WR,38.0,0.1224800133570294,0.822926418445525,3.8300974714762903,3-4,0.8958707008067163,3.431272105929496,3.431272105929496,38.99194620616707,True,34,2,33,True,,weekly_stats_historical,"Historical test mode: team is from loaded weekly/player stats context, not live roster confirmation.",ROUTE_PROXY_UNVALIDATED,75,Medium,ROUTE_PROXY_UNVALIDATED|LOW_CURRENT_SAMPLE
historical_test,2023,2024,2024,22,2025,1,All feature history is before target season/week.,PASS,2025,1,KC,00-0039067,R.Rice,WR,30.0,0.1447765700483091,0.8809920086662876,3.8264100376402594,3-4,0.8958707008067163,3.427968641994633,3.427968641994633,38.56578231045483,True,35,1,34,True,,weekly_stats_historical,"Historical test mode: team is from loaded weekly/player stats context, not live roster confirmation.",ROUTE_PROXY_UNVALIDATED,75,Medium,ROUTE_PROXY_UNVALIDATED|LOW_CURRENT_SAMPLE
historical_test,2023,2024,2024,22,2025,1,All feature history is before target season/week.,PASS,2025,1,IND,00-0036252,M.Pittman,WR,34.0,0.1489213207963207,0.7551261181452247,3.8234488819875025,3-4,0.8958707008067163,3.4253158294048,3.4253158294048,45.15802270350213,True,36,2,35,True,,weekly_stats_historical,"Historical test mode: team is from loaded weekly/player stats context, not live roster confirmation.",ROUTE_PROXY_UNVALIDATED,75,Medium,ROUTE_PROXY_UNVALIDATED|LOW_CURRENT_SAMPLE
historical_test,2023,2024,2024,22,2025,1,All feature history is before target season/week.,PASS,2025,1,CLE,00-0033885,D.Njoku,TE,40.5,0.1278907302888627,0.7359300949990051,3.8118048102844817,3-4,0.8958707008067163,3.4148842467279708,3.4148842467279708,49.60121133710732,True,37,3,2,True,,weekly_stats_historical,"Historical test mode: team is from loaded weekly/player stats context, not live roster confirmation.",ROUTE_PROXY_UNVALIDATED,75,Medium,ROUTE_PROXY_UNVALIDATED|LOW_CURRENT_SAMPLE
historical_test,2023,2024,2024,22,2025,1,All feature history is before target season/week.,PASS,2025,1,MIA,00-0033858,J.Smith,TE,38.0,0.115967471814246,0.8649541279732346,3.811648651341369,3-4,0.8958707008067163,3.4147443485061673,3.4147443485061673,42.53117632466866,True,38,3,3,True,,weekly_stats_historical,"Historical test mode: team is from loaded weekly/player stats context, not live roster confirmation.",ROUTE_PROXY_UNVALIDATED,75,Medium,ROUTE_PROXY_UNVALIDATED|LOW_CURRENT_SAMPLE
historical_test,2023,2024,2024,22,2025,1,All feature history is before target season/week.,PASS,2025,1,CIN,00-0037422,K.Pryor,WR,44.5,0.09009009009009,0.95,3.8085585585585546,3-4,0.8958707008067163,3.4119760249192694,3.4119760249192694,18.970247686767223,True,39,3,36,True,,weekly_stats_historical,"Historical test mode: team is from loaded weekly/player stats context, not live roster confirmation.",ROUTE_PROXY_UNVALIDATED,60,Medium,ROUTE_PROXY_UNVALIDATED|LOW_CURRENT_SAMPLE|LOW_PLAYER_SAMPLE
historical_test,2023,2024,2024,22,2025,1,All feature history is before target season/week.,PASS,2025,1,BUF,00-0037261,K.Shakir,WR,30.25,0.1471684587813619,0.8550295930486996,3.8064599694983237,3-4,0.8958707008067163,3.4100959604671752,3.4100959604671752,39.636845617452856,True,40,1,37,True,,weekly_stats_historical,"Historical test mode: team is from loaded weekly/player stats context, not live roster confirmation.",ROUTE_PROXY_UNVALIDATED,75,Medium,ROUTE_PROXY_UNVALIDATED|LOW_CURRENT_SAMPLE
historical_test,2023,2024,2024,22,2025,1,All feature history is before target season/week.,PASS,2025,1,SF,00-0035719,D.Samuel,WR,41.0,0.121596588834492,0.7611142491333557,3.794504752725612,3-4,0.8958707008067163,3.3993856320387095,3.3993856320387095,41.59284844839743,True,41,3,38,True,,weekly_stats_historical,"Historical test mode: team is from loaded weekly/player stats context, not live roster confirmation.",ROUTE_PROXY_UNVALIDATED,75,Medium,ROUTE_PROXY_UNVALIDATED|LOW_CURRENT_SAMPLE
historical_test,2023,2024,2024,22,2025,1,All feature history is before target season/week.,PASS,2025,1,CLE,00-0038979,C.Tillman,WR,40.5,0.1323688680727386,0.7043504178027474,3.7759797350099626,3-4,0.8958707008067163,3.382789611435334,3.382789611435334,46.51085564028365,True,42,4,39,True,,weekly_stats_historical,"Historical test mode: team is from loaded weekly/player stats context, not live roster confirmation.",ROUTE_PROXY_UNVALIDATED,75,Medium,ROUTE_PROXY_UNVALIDATED|LOW_CURRENT_SAMPLE
historical_test,2023,2024,2024,22,2025,1,All feature history is before target season/week.,PASS,2025,1,SF,00-0036261,B.Aiyuk,WR,41.0,0.1401460975553717,0.6527470005976965,3.750677737814383,3-4,0.8958707008067163,3.3601222934759205,3.3601222934759205,50.68164061130326,True,43,4,40,True,,weekly_stats_historical,"Historical test mode: team is from loaded weekly/player stats context, not live roster confirmation.",ROUTE_PROXY_UNVALIDATED,75,Medium,ROUTE_PROXY_UNVALIDATED|LOW_CURRENT_SAMPLE
historical_test,2023,2024,2024,22,2025,1,All feature history is before target season/week.,PASS,2025,1,WAS,00-0033591,N.Brown,WR,39.75,0.1315333946078431,0.7136637939107664,3.7313572015163614,3-4,0.8958707008067163,3.3428135910826504,3.3428135910826504,45.25898147555868,True,44,3,41,True,,weekly_stats_historical,"Historical test mode: team is from loaded weekly/player stats context, not live roster confirmation.",ROUTE_PROXY_UNVALIDATED,75,Medium,ROUTE_PROXY_UNVALIDATED|LOW_CURRENT_SAMPLE
historical_test,2023,2024,2024,22,2025,1,All feature history is before target season/week.,PASS,2025,1,LV,00-0039338,B.Bowers,TE,39.0,0.1175885444267797,0.8081916270930866,3.7063290048636848,3-4,0.8958707008067163,3.3203915630074885,3.3203915630074885,44.23219102703894,True,45,2,4,True,,weekly_stats_historical,"Historical test mode: team is from loaded weekly/player stats context, not live roster confirmation.",ROUTE_PROXY_UNVALIDATED,75,Medium,ROUTE_PROXY_UNVALIDATED|LOW_CURRENT_SAMPLE
historical_test,2023,2024,2024,22,2025,1,All feature history is before target season/week.,PASS,2025,1,NO,00-0037239,C.Olave,WR,38.25,0.1180490288220551,0.8198564328755394,3.7019595295485477,3-4,0.8958707008067163,3.316477078094759,3.316477078094759,36.96053276244968,True,46,1,42,True,,weekly_stats_historical,"Historical test mode: team is from loaded weekly/player stats context, not live roster confirmation.",ROUTE_PROXY_UNVALIDATED,75,Medium,ROUTE_PROXY_UNVALIDATED|LOW_CURRENT_SAMPLE
historical_test,2023,2024,2024,22,2025,1,All feature history is before target season/week.,PASS,2025,1,SF,00-0033288,G.Kittle,TE,41.0,0.1032243360872393,0.8738914640382301,3.6984815136937264,3-4,0.8958707008067163,3.3133612255934835,3.3133612255934835,40.76274008760323,True,47,5,5,True,,weekly_stats_historical,"Historical test mode: team is from loaded weekly/player stats context, not live roster confirmation.",ROUTE_PROXY_UNVALIDATED,75,Medium,ROUTE_PROXY_UNVALIDATED|LOW_CURRENT_SAMPLE
historical_test,2023,2024,2024,22,2025,1,All feature history is before target season/week.,PASS,2025,1,MIN,00-0037291,J.Nailor,WR,43.75,0.1089181604926951,0.7749358747103005,3.692700811329406,3-4,0.8958707008067163,3.308182463715205,3.308182463715205,36.29218776377254,True,48,3,43,True,,weekly_stats_historical,"Historical test mode: team is from loaded weekly/player stats context, not live roster confirmation.",ROUTE_PROXY_UNVALIDATED,75,Medium,ROUTE_PROXY_UNVALIDATED|LOW_CURRENT_SAMPLE
historical_test,2023,2024,2024,22,2025,1,All feature history is before target season/week.,PASS,2025,1,CIN,00-0034829,M.Gesicki,TE,44.5,0.0960557773834171,0.8633815723946549,3.6905090711124084,3-4,0.8958707008067163,3.3062189478710167,3.3062189478710167,40.78037396589909,True,49,4,6,True,,weekly_stats_historical,"Historical test mode: team is from loaded weekly/player stats context, not live roster confirmation.",ROUTE_PROXY_UNVALIDATED,75,Medium,ROUTE_PROXY_UNVALIDATED|LOW_CURRENT_SAMPLE
historical_test,2023,2024,2024,22,2025,1,All feature history is before target season/week.,PASS,2025,1,DET,00-0037240,Ja.Williams,WR,37.5,0.1341919798951049,0.7292601284972327,3.6697822688100845,3-4,0.8958707008067163,3.2876504129669515,3.2876504129669515,43.85887777386244,True,50,2,44,True,,weekly_stats_historical,"Historical test mode: team is from loaded weekly/player stats context, not live roster confirmation.",ROUTE_PROXY_UNVALIDATED,75,Medium,ROUTE_PROXY_UNVALIDATED|LOW_CURRENT_SAMPLE
historical_test,2023,2024,2024,22,2025,1,All feature history is before target season/week.,PASS,2025,1,LAC,00-0038544,Q.Johnston,WR,37.0,0.1430989583333333,0.6851533772440997,3.6276551795412524,3-4,0.8958707008067163,3.249909987980736,3.249909987980736,46.91063425546493,True,51,2,45,True,,weekly_stats_historical,"Historical test mode: team is from loaded weekly/player stats context, not live roster confirmation.",ROUTE_PROXY_UNVALIDATED,75,Medium,ROUTE_PROXY_UNVALIDATED|LOW_CURRENT_SAMPLE
historical_test,2023,2024,2024,22,2025,1,All feature history is before target season/week.,PASS,2025,1,JAX,00-0033881,E.Engram,TE,36.75,0.1208829365079365,0.8152726486042552,3.6218062793072887,3-4,0.8958707008067163,3.244670129629186,3.244670129629186,42.77277814217823,True,52,2,7,True,,weekly_stats_historical,"Historical test mode: team is from loaded weekly/player stats context, not live roster confirmation.",ROUTE_PROXY_UNVALIDATED,75,Medium,ROUTE_PROXY_UNVALIDATED|LOW_CURRENT_SAMPLE
historical_test,2023,2024,2024,22,2025,1,All feature history is before target season/week.,PASS,2025,1,ARI,00-0039849,M.Harrison,WR,38.5,0.1382791257261154,0.6753068563081391,3.595162404954925,3-4,0.8958707008067163,3.220800663240928,3.220800663240928,46.80279593382127,True,53,2,46,True,,weekly_stats_historical,"Historical test mode: team is from loaded weekly/player stats context, not live roster confirmation.",ROUTE_PROXY_UNVALIDATED,75,Medium,ROUTE_PROXY_UNVALIDATED|LOW_CURRENT_SAMPLE
historical_test,2023,2024,2024,22,2025,1,All feature history is before target season/week.,PASS,2025,1,PIT,00-0036894,P.Freiermuth,TE,36.75,0.110375089469917,0.884896423372847,3.5893916798759924,3-4,0.8958707008067163,3.2156308397203017,3.2156308397203017,39.18208161428699,True,54,2,8,True,,weekly_stats_historical,"Historical test mode: team is from loaded weekly/player stats context, not live roster confirmation.",ROUTE_PROXY_UNVALIDATED,75,Medium,ROUTE_PROXY_UNVALIDATED|LOW_CURRENT_SAMPLE
historical_test,2023,2024,2024,22,2025,1,All feature history is before target season/week.,PASS,2025,1,MIA,00-0036613,J.Waddle,WR,38.0,0.1238426135165265,0.7617684532514153,3.584897053513694,3-4,0.8958707008067163,3.2116042356512455,3.2116042356512455,39.66474875908767,True,55,4,47,True,,weekly_stats_historical,"Historical test mode: team is from loaded weekly/player stats context, not live roster confirmation.",ROUTE_PROXY_UNVALIDATED,75,Medium,ROUTE_PROXY_UNVALIDATED|LOW_CURRENT_SAMPLE
historical_test,2023,2024,2024,22,2025,1,All feature history is before target season/week.,PASS,2025,1,KC,00-0039894,X.Worthy,WR,30.0,0.1468859649122806,0.809347987072976,3.5664558009307825,3-4,0.8958707008067163,3.1950832577760386,3.1950832577760386,39.22219296587878,True,56,2,48,True,,weekly_stats_historical,"Historical test mode: team is from loaded weekly/player stats context, not live roster confirmation.",ROUTE_PROXY_UNVALIDATED,75,Medium,ROUTE_PROXY_UNVALIDATED|LOW_CURRENT_SAMPLE
historical_test,2023,2024,2024,22,2025,1,All feature history is before target season/week.,PASS,2025,1,DEN,00-0034348,C.Sutton,WR,32.25,0.1506366078747227,0.7339256986726712,3.56543350518442,3-4,0.8958707008067163,3.194167412969313,3.194167412969313,43.3902012412056,True,57,1,49,True,,weekly_stats_historical,"Historical test mode: team is from loaded weekly/player stats context, not live roster confirmation.",ROUTE_PROXY_UNVALIDATED,75,Medium,ROUTE_PROXY_UNVALIDATED|LOW_CURRENT_SAMPLE
historical_test,2023,2024,2024,22,2025,1,All feature history is before target season/week.,PASS,2025,1,LAC,00-0036988,J.Palmer,WR,37.0,0.1304642600574712,0.7263959367679094,3.5064422107696203,3-4,0.8958707008067163,3.141318840700431,3.141318840700431,41.6580140150852,True,58,3,50,True,,weekly_stats_historical,"Historical test mode: team is from loaded weekly/player stats context, not live roster confirmation.",ROUTE_PROXY_UNVALIDATED,75,Medium,ROUTE_PROXY_UNVALIDATED|LOW_CURRENT_SAMPLE
historical_test,2023,2024,2024,22,2025,1,All feature history is before target season/week.,PASS,2025,1,CIN,00-0038576,C.Jones,WR,44.5,0.0833333333333333,0.940414401112912,3.487370070793714,3-4,0.8958707008067163,3.124232669294332,3.124232669294332,8.159412049896732,True,59,5,51,True,,weekly_stats_historical,"Historical test mode: team is from loaded weekly/player stats context, not live roster confirmation.",ROUTE_PROXY_UNVALIDATED,75,Medium,ROUTE_PROXY_UNVALIDATED|LOW_CURRENT_SAMPLE
historical_test,2023,2024,2024,22,2025,1,All feature history is before target season/week.,PASS,2025,1,NO,00-0036364,L.Bowden,WR,38.25,0.1101959192768016,0.8270630417806593,3.4860656862249475,3-4,0.8958707008067163,3.12306410937659,3.12306410937659,32.51241250943156,True,60,2,52,True,,weekly_stats_historical,"Historical test mode: team is from loaded weekly/player stats context, not live roster confirmation.",ROUTE_PROXY_UNVALIDATED,75,Medium,ROUTE_PROXY_UNVALIDATED|LOW_CURRENT_SAMPLE
historical_test,2023,2024,2024,22,2025,1,All feature history is before target season/week.,PASS,2025,1,ARI,00-0035500,G.Dortch,WR,38.5,0.1035160595105672,0.8726486406677473,3.477826221838357,3-4,0.8958707008067163,3.115682614642303,3.115682614642303,28.365764412164367,True,61,3,53,True,,weekly_stats_historical,"Historical test mode: team is from loaded weekly/player stats context, not live roster confirmation.",ROUTE_PROXY_UNVALIDATED,75,Medium,ROUTE_PROXY_UNVALIDATED|LOW_CURRENT_SAMPLE
historical_test,2023,2024,2024,22,2025,1,All feature history is before target season/week.,PASS,2025,1,MIN,00-0034487,T.Sherfield,WR,43.75,0.0897100225225225,0.8859819740010806,3.4773139993456326,3-4,0.8958707008067163,3.1152237295187772,3.1152237295187772,18.11838692848242,True,62,4,54,True,,weekly_stats_historical,"Historical test mode: team is from loaded weekly/player stats context, not live roster confirmation.",ROUTE_PROXY_UNVALIDATED,75,Medium,ROUTE_PROXY_UNVALIDATED|LOW_CURRENT_SAMPLE
historical_test,2023,2024,2024,22,2025,1,All feature history is before target season/week.,PASS,2025,1,WAS,00-0030061,Z.Ertz,TE,39.75,0.1058371800358685,0.8240926061849886,3.466980591699391,3-4,0.8958707008067163,3.1059663323690176,3.1059663323690176,40.58861902108625,True,63,4,9,True,,weekly_stats_historical,"Historical test mode: team is from loaded weekly/player stats context, not live roster confirmation.",ROUTE_PROXY_UNVALIDATED,75,Medium,ROUTE_PROXY_UNVALIDATED|LOW_CURRENT_SAMPLE
historical_test,2023,2024,2024,22,2025,1,All feature history is before target season/week.,PASS,2025,1,NO,00-0033357,T.Hill,TE,38.25,0.1078577264239029,0.8393306683175168,3.462707383298773,3-4,0.8958707008067163,3.1021380901644626,3.1021380901644626,39.83398808985685,True,64,3,10,True,,weekly_stats_historical,"Historical test mode: team is from loaded weekly/player stats context, not live roster confirmation.",ROUTE_PROXY_UNVALIDATED,75,Medium,ROUTE_PROXY_UNVALIDATED|LOW_CURRENT_SAMPLE
historical_test,2023,2024,2024,22,2025,1,All feature history is before target season/week.,PASS,2025,1,CIN,00-0038619,A.Iosivas,WR,44.5,0.1063507468204673,0.7303235323963245,3.456335162545533,3-4,0.8958707008067163,3.096429404292562,3.096429404292562,35.01322533451037,True,65,6,55,True,,weekly_stats_historical,"Historical test mode: team is from loaded weekly/player stats context, not live roster confirmation.",ROUTE_PROXY_UNVALIDATED,75,Medium,ROUTE_PROXY_UNVALIDATED|LOW_CURRENT_SAMPLE
historical_test,2023,2024,2024,22,2025,1,All feature history is before target season/week.,PASS,2025,1,LA,00-0033908,C.Kupp,WR,38.75,0.1122452109294214,0.7929925560116626,3.4491226477058663,3-4,0.8958707008067163,3.089967923568571,3.089967923568571,34.17068643431902,True,66,2,56,True,,weekly_stats_historical,"Historical test mode: team is from loaded weekly/player stats context, not live roster confirmation.",ROUTE_PROXY_UNVALIDATED,75,Medium,ROUTE_PROXY_UNVALIDATED|LOW_CURRENT_SAMPLE
historical_test,2023,2024,2024,22,2025,1,All feature history is before target season/week.,PASS,2025,1,DEN,00-0038976,M.Mims,WR,32.25,0.1291206133905751,0.8237200692391757,3.430085509423832,3-4,0.8958707008067163,3.072913109154491,3.072913109154491,35.7887054839112,True,67,2,57,True,,weekly_stats_historical,"Historical test mode: team is from loaded weekly/player stats context, not live roster confirmation.",ROUTE_PROXY_UNVALIDATED,75,Medium,ROUTE_PROXY_UNVALIDATED|LOW_CURRENT_SAMPLE
historical_test,2023,2024,2024,22,2025,1,All feature history is before target season/week.,PASS,2025,1,ARI,00-0036936,R.Moore,WR,38.5,0.1121754896252144,0.791229708447326,3.4171283281171356,3-4,0.8958707008067163,3.061305150056781,3.061305150056781,33.90927001068119,True,68,4,58,True,,weekly_stats_historical,"Historical test mode: team is from loaded weekly/player stats context, not live roster confirmation.",ROUTE_PROXY_UNVALIDATED,75,Medium,ROUTE_PROXY_UNVALIDATED|LOW_CURRENT_SAMPLE
historical_test,2023,2024,2024,22,2025,1,All feature history is before target season/week.,PASS,2025,1,DET,00-0039065,S.LaPorta,TE,37.5,0.1092687694250194,0.8282438787629852,3.393794603108863,3-4,0.8958707008067163,3.0404011494811884,3.0404011494811884,39.57622160380607,True,69,3,11,True,,weekly_stats_historical,"Historical test mode: team is from loaded weekly/player stats context, not live roster confirmation.",ROUTE_PROXY_UNVALIDATED,75,Medium,ROUTE_PROXY_UNVALIDATED|LOW_CURRENT_SAMPLE
historical_test,2023,2024,2024,22,2025,1,All feature history is before target season/week.,PASS,2025,1,CAR,00-0039491,J.Coker,WR,32.75,0.1284248737373737,0.8038080609576023,3.3807480711551974,3-4,0.8958707008067163,3.028713143756761,3.028713143756761,36.06639113791054,True,70,2,59,True,,weekly_stats_historical,"Historical test mode: team is from loaded weekly/player stats context, not live roster confirmation.",ROUTE_PROXY_UNVALIDATED,75,Medium,ROUTE_PROXY_UNVALIDATED|LOW_CURRENT_SAMPLE
historical_test,2023,2024,2024,22,2025,1,All feature history is before target season/week.,PASS,2025,1,JAX,00-0038606,P.Washington,WR,36.75,0.1197616368377808,0.7663741308638257,3.372996597582589,3-4,0.8958707008067163,3.0217688256949833,3.0217688256949833,36.376479388868944,True,71,3,60,True,,weekly_stats_historical,"Historical test mode: team is from loaded weekly/player stats context, not live roster confirmation.",ROUTE_PROXY_UNVALIDATED,75,Medium,ROUTE_PROXY_UNVALIDATED|LOW_CURRENT_SAMPLE
historical_test,2023,2024,2024,22,2025,1,All feature history is before target season/week.,PASS,2025,1,PIT,00-0037247,G.Pickens,WR,36.75,0.1312002652519893,0.6988628679848404,3.3696440167983566,3-4,0.8958707008067163,3.018765346798302,3.018765346798302,41.69836123886203,True,72,3,61,True,,weekly_stats_historical,"Historical test mode: team is from loaded weekly/player stats context, not live roster confirmation.",ROUTE_PROXY_UNVALIDATED,75,Medium,ROUTE_PROXY_UNVALIDATED|LOW_CURRENT_SAMPLE
historical_test,2023,2024,2024,22,2025,1,All feature history is before target season/week.,PASS,2025,1,WAS,00-0035208,O.Zaccheaus,WR,39.75,0.1105686559977989,0.7639999920190986,3.357859478920263,3-4,0.8958707008067163,3.008207924590771,3.008207924590771,34.02101320100972,True,73,5,62,True,,weekly_stats_historical,"Historical test mode: team is from loaded weekly/player stats context, not live roster confirmation.",ROUTE_PROXY_UNVALIDATED,75,Medium,ROUTE_PROXY_UNVALIDATED|LOW_CURRENT_SAMPLE
historical_test,2023,2024,2024,22,2025,1,All feature history is before target season/week.,PASS,2025,1,CIN,00-0037420,K.Lassiter,WR,44.5,0.0890151515151515,0.8470630417806593,3.3553643028110773,3-4,0.8958707008067163,3.005972569421199,3.005972569421199,17.39592494078583,True,74,7,63,True,,weekly_stats_historical,"Historical test mode: team is from loaded weekly/player stats context, not live roster confirmation.",ROUTE_PROXY_UNVALIDATED,60,Medium,ROUTE_PROXY_UNVALIDATED|LOW_CURRENT_SAMPLE|LOW_PLAYER_SAMPLE
historical_test,2023,2024,2024,22,2025,1,All feature history is before target season/week.,PASS,2025,1,LAC,00-0035120,K.Doss,WR,37.0,0.1242492492492492,0.7285974980477582,3.3495246090806647,3-4,0.8958707008067163,3.0007409589064373,3.0007409589064373,38.81429576271551,True,75,4,64,True,,weekly_stats_historical,"Historical test mode: team is from loaded weekly/player stats context, not live roster confirmation.",ROUTE_PROXY_UNVALIDATED,75,Medium,ROUTE_PROXY_UNVALIDATED|LOW_CURRENT_SAMPLE
historical_test,2023,2024,2024,22,2025,1,All feature history is before target season/week.,PASS,2025,1,HOU,00-0037614,J.Metchie,WR,34.5,0.128480222734255,0.75304757683796,3.3379343538563075,3-4,0.8958707008067163,2.990357588836064,2.990357588836064,38.01691393450666,True,76,3,65,True,,weekly_stats_historical,"Historical test mode: team is from loaded weekly/player stats context, not live roster confirmation.",ROUTE_PROXY_UNVALIDATED,75,Medium,ROUTE_PROXY_UNVALIDATED|LOW_CURRENT_SAMPLE
historical_test,2023,2024,2024,22,2025,1,All feature history is before target season/week.,PASS,2025,1,TB,00-0039855,J.McMillan,WR,33.25,0.130076033484474,0.7695457220809577,3.3283068825151094,3-4,0.8958707008067163,2.981732619338628,2.981732619338628,37.28141572175741,True,77,3,66,True,,weekly_stats_historical,"Historical test mode: team is from loaded weekly/player stats context, not live roster confirmation.",ROUTE_PROXY_UNVALIDATED,75,Medium,ROUTE_PROXY_UNVALIDATED|LOW_CURRENT_SAMPLE
historical_test,2023,2024,2024,22,2025,1,All feature history is before target season/week.,PASS,2025,1,WAS,00-0038840,B.Tremayne,WR,39.75,0.0879629629629629,0.95,3.321701388888886,3-4,0.8958707008067163,2.975814951134529,2.975814951134529,14.026654685514528,True,78,6,67,True,,weekly_stats_historical,"Historical test mode: team is from loaded weekly/player stats context, not live roster confirmation.",ROUTE_PROXY_UNVALIDATED,60,Medium,ROUTE_PROXY_UNVALIDATED|LOW_CURRENT_SAMPLE|LOW_PLAYER_SAMPLE
historical_test,2023,2024,2024,22,2025,1,All feature history is before target season/week.,PASS,2025,1,MIN,00-0035934,T.Jackson,WR,43.75,0.096954595791805,0.7803963751139926,3.3102569109123055,3-4,0.8958707008067163,2.9655621786292827,2.9655621786292827,26.48076858120177,True,79,5,68,True,,weekly_stats_historical,"Historical test mode: team is from loaded weekly/player stats context, not live roster confirmation.",ROUTE_PROXY_UNVALIDATED,60,Medium,ROUTE_PROXY_UNVALIDATED|LOW_CURRENT_SAMPLE|LOW_PLAYER_SAMPLE
historical_test,2023,2024,2024,22,2025,1,All feature history is before target season/week.,PASS,2025,1,CLE,00-0036980,E.Moore,WR,40.5,0.1218698673247857,0.6696851524541838,3.3053848474982956,3-4,0.8958707008067163,2.961197439764199,2.961197439764199,41.23207554269478,True,80,5,69,True,,weekly_stats_historical,"Historical test mode: team is from loaded weekly/player stats context, not live roster confirmation.",ROUTE_PROXY_UNVALIDATED,75,Medium,ROUTE_PROXY_UNVALIDATED|LOW_CURRENT_SAMPLE
historical_test,2023,2024,2024,22,2025,1,All feature history is before target season/week.,PASS,2025,1,TEN,00-0037809,C.Okonkwo,TE,34.5,0.1156766141141141,0.8282005887196953,3.305218676909156,3-4,0.8958707008067163,2.9610485724020528,2.9610485724020528,38.52076438999087,True,81,1,12,True,,weekly_stats_historical,"Historical test mode: team is from loaded weekly/player stats context, not live roster confirmation.",ROUTE_PROXY_UNVALIDATED,75,Medium,ROUTE_PROXY_UNVALIDATED|LOW_CURRENT_SAMPLE
historical_test,2023,2024,2024,22,2025,1,All feature history is before target season/week.,PASS,2025,1,ARI,00-0038559,Mi.Wilson,WR,38.5,0.1114089973264641,0.7703012228273717,3.304011744670047,3-4,0.8958707008067163,2.9599673171711762,2.9599673171711762,33.45565951891983,True,82,5,70,True,,weekly_stats_historical,"Historical test mode: team is from loaded weekly/player stats context, not live roster confirmation.",ROUTE_PROXY_UNVALIDATED,75,Medium,ROUTE_PROXY_UNVALIDATED|LOW_CURRENT_SAMPLE
historical_test,2023,2024,2024,22,2025,1,All feature history is before target season/week.,PASS,2025,1,SF,00-0033292,T.Taylor,WR,41.0,0.0848214285714285,0.95,3.3037946428571403,3-4,0.8958707008067163,2.9597728220179014,2.9597728220179014,8.202440113132422,True,83,6,71,True,,weekly_stats_historical,"Historical test mode: team is from loaded weekly/player stats context, not live roster confirmation.",ROUTE_PROXY_UNVALIDATED,60,Medium,ROUTE_PROXY_UNVALIDATED|LOW_CURRENT_SAMPLE|LOW_PLAYER_SAMPLE
historical_test,2023,2024,2024,22,2025,1,All feature history is before target season/week.,PASS,2025,1,NO,00-0037545,R.Shaheed,WR,38.25,0.1451087949720315,0.5937217647339812,3.295400055967512,3-4,0.8958707008067163,2.952252357578107,2.952252357578107,49.30412857664133,True,84,4,72,True,,weekly_stats_historical,"Historical test mode: team is from loaded weekly/player stats context, not live roster confirmation.",ROUTE_PROXY_UNVALIDATED,75,Medium,ROUTE_PROXY_UNVALIDATED|LOW_CURRENT_SAMPLE
historical_test,2023,2024,2024,22,2025,1,All feature history is before target season/week.,PASS,2025,1,LV,00-0035602,A.Bachman,WR,39.0,0.0884009009009009,0.95,3.275253378378378,3-4,0.8958707008067163,2.934203539407403,2.934203539407403,14.398200901126124,True,85,3,73,True,,weekly_stats_historical,"Historical test mode: team is from loaded weekly/player stats context, not live roster confirmation.",ROUTE_PROXY_UNVALIDATED,60,Medium,ROUTE_PROXY_UNVALIDATED|LOW_CURRENT_SAMPLE|LOW_PLAYER_SAMPLE
historical_test,2023,2024,2024,22,2025,1,All feature history is before target season/week.,PASS,2025,1,MIA,00-0034054,R.Cracraft,WR,38.0,0.100345207956095,0.8582041962233028,3.2724337844751856,3-4,0.8958707008067163,2.931677547841359,2.931677547841359,25.704166831642024,True,86,5,74,True,,weekly_stats_historical,"Historical test mode: team is from loaded weekly/player stats context, not live roster confirmation.",ROUTE_PROXY_UNVALIDATED,75,Medium,ROUTE_PROXY_UNVALIDATED|LOW_CURRENT_SAMPLE
historical_test,2023,2024,2024,22,2025,1,All feature history is before target season/week.,PASS,2025,1,NE,00-0038608,K.Boutte,WR,30.5,0.140245149602618,0.7645393969702682,3.2702997342083138,3-4,0.8958707008067163,2.92976571473322,2.92976571473322,37.73504830664416,True,87,1,75,True,,weekly_stats_historical,"Historical test mode: team is from loaded weekly/player stats context, not live roster confirmation.",ROUTE_PROXY_UNVALIDATED,75,Medium,ROUTE_PROXY_UNVALIDATED|LOW_CURRENT_SAMPLE
historical_test,2023,2024,2024,22,2025,1,All feature history is before target season/week.,PASS,2025,1,LA,00-0036849,T.Atwell,WR,38.75,0.1086404275549012,0.7751684819375885,3.263317118060354,3-4,0.8958707008067163,2.9235101935112833,2.9235101935112833,31.969562710640837,True,88,3,76,True,,weekly_stats_historical,"Historical test mode: team is from loaded weekly/player stats context, not live roster confirmation.",ROUTE_PROXY_UNVALIDATED,75,Medium,ROUTE_PROXY_UNVALIDATED|LOW_CURRENT_SAMPLE
historical_test,2023,2024,2024,22,2025,1,All feature history is before target season/week.,PASS,2025,1,NE,00-0038621,D.Douglas,WR,30.5,0.1240816803579776,0.8494589854953334,3.2147700986210386,3-4,0.8958707008067163,2.880018341184106,2.880018341184106,31.92998286172402,True,89,2,77,True,,weekly_stats_historical,"Historical test mode: team is from loaded weekly/player stats context, not live roster confirmation.",ROUTE_PROXY_UNVALIDATED,75,Medium,ROUTE_PROXY_UNVALIDATED|LOW_CURRENT_SAMPLE
historical_test,2023,2024,2024,22,2025,1,All feature history is before target season/week.,PASS,2025,1,SEA,00-0035640,D.Metcalf,WR,35.25,0.1198951884435755,0.7596327676518743,3.2104400623501537,3-4,0.8958707008067163,2.87613918855559,2.87613918855559,34.95562575426086,True,90,2,78,True,,weekly_stats_historical,"Historical test mode: team is from loaded weekly/player stats context, not live roster confirmation.",ROUTE_PROXY_UNVALIDATED,75,Medium,ROUTE_PROXY_UNVALIDATED|LOW_CURRENT_SAMPLE
historical_test,2023,2024,2024,22,2025,1,All feature history is before target season/week.,PASS,2025,1,GB,00-0037816,R.Doubs,WR,32.0,0.1297917838866114,0.7721244801435867,3.2068932371314745,3-4,0.8958707008067163,2.872961691761293,2.872961691761293,35.77059688832312,True,91,1,79,True,,weekly_stats_historical,"Historical test mode: team is from loaded weekly/player stats context, not live roster confirmation.",ROUTE_PROXY_UNVALIDATED,75,Medium,ROUTE_PROXY_UNVALIDATED|LOW_CURRENT_SAMPLE
historical_test,2023,2024,2024,22,2025,1,All feature history is before target season/week.,PASS,2025,1,ARI,00-0033891,Z.Jones,WR,38.5,0.0997934499386908,0.8312850043041109,3.193836740779556,3-4,0.8958707008067163,2.8612647592244196,2.8612647592244196,25.616573127931805,True,92,6,80,True,,weekly_stats_historical,"Historical test mode: team is from loaded weekly/player stats context, not live roster confirmation.",ROUTE_PROXY_UNVALIDATED,75,Medium,ROUTE_PROXY_UNVALIDATED|LOW_CURRENT_SAMPLE
historical_test,2023,2024,2024,22,2025,1,All feature history is before target season/week.,PASS,2025,1,LA,00-0039751,J.Whittington,WR,38.75,0.0932359307359307,0.8825336981390116,3.188499216632779,3-4,0.8958707008067163,2.8564830277264734,2.8564830277264734,19.99816357234418,True,93,4,81,True,,weekly_stats_historical,"Historical test mode: team is from loaded weekly/player stats context, not live roster confirmation.",ROUTE_PROXY_UNVALIDATED,75,Medium,ROUTE_PROXY_UNVALIDATED|LOW_CURRENT_SAMPLE
historical_test,2023,2024,2024,22,2025,1,All feature history is before target season/week.,PASS,2025,1,MIN,00-0035229,T.Hockenson,TE,43.75,0.0946008631843837,0.7700988894239661,3.187275860861857,3-4,0.8958707008067163,2.8553870591346415,2.8553870591346415,39.36633409130433,True,94,6,13,True,,weekly_stats_historical,"Historical test mode: team is from loaded weekly/player stats context, not live roster confirmation.",ROUTE_PROXY_UNVALIDATED,75,Medium,ROUTE_PROXY_UNVALIDATED|LOW_CURRENT_SAMPLE
historical_test,2023,2024,2024,22,2025,1,All feature history is before target season/week.,PASS,2025,1,LA,00-0033110,T.Higbee,TE,38.75,0.0994132603507603,0.8270666300857367,3.186078871185398,3-4,0.8958707008067163,2.8543147111543337,2.8543147111543337,36.953633645223775,True,95,5,14,True,,weekly_stats_historical,"Historical test mode: team is from loaded weekly/player stats context, not live roster confirmation.",ROUTE_PROXY_UNVALIDATED,75,Medium,ROUTE_PROXY_UNVALIDATED|LOW_CURRENT_SAMPLE
historical_test,2023,2024,2024,22,2025,1,All feature history is before target season/week.,PASS,2025,1,LV,00-0038563,T.Tucker,WR,39.0,0.1172434514346279,0.6958712454098847,3.181867516072746,3-4,0.8958707008067163,2.8505418814982164,2.8505418814982164,37.24543974695599,True,96,4,82,True,,weekly_stats_historical,"Historical test mode: team is from loaded weekly/player stats context, not live roster confirmation.",ROUTE_PROXY_UNVALIDATED,75,Medium,ROUTE_PROXY_UNVALIDATED|LOW_CURRENT_SAMPLE
historical_test,2023,2024,2024,22,2025,1,All feature history is before target season/week.,PASS,2025,1,PIT,00-0036862,B.Skowronek,WR,36.75,0.0911172161172161,0.95,3.1811298076923067,3-4,0.8958707008067163,2.8498809901744413,2.8498809901744413,16.81509538160006,True,97,4,83,True,,weekly_stats_historical,"Historical test mode: team is from loaded weekly/player stats context, not live roster confirmation.",ROUTE_PROXY_UNVALIDATED,75,Medium,ROUTE_PROXY_UNVALIDATED|LOW_CURRENT_SAMPLE
historical_test,2023,2024,2024,22,2025,1,All feature history is before target season/week.,PASS,2025,1,CLE,00-0036133,J.Proche,WR,40.5,0.0833333333333333,0.940414401112912,3.1738986037560766,3-4,0.8958707008067163,2.8434027664364145,2.8434027664364145,7.425981753276802,True,98,6,84,True,,weekly_stats_historical,"Historical test mode: team is from loaded weekly/player stats context, not live roster confirmation.",ROUTE_PROXY_UNVALIDATED,60,Medium,ROUTE_PROXY_UNVALIDATED|LOW_CURRENT_SAMPLE|LOW_PLAYER_SAMPLE
historical_test,2023,2024,2024,22,2025,1,All feature history is before target season/week.,PASS,2025,1,CAR,00-0039342,X.Legette,WR,32.75,0.1399260461760461,0.6922153812123538,3.1721309856957203,3-4,0.8958707008067163,2.8418192092059247,2.8418192092059247,40.405027698328205,True,99,3,85,True,,weekly_stats_historical,"Historical test mode: team is from loaded weekly/player stats context, not live roster confirmation.",ROUTE_PROXY_UNVALIDATED,75,Medium,ROUTE_PROXY_UNVALIDATED|LOW_CURRENT_SAMPLE
historical_test,2023,2024,2024,22,2025,1,All feature history is before target season/week.,PASS,2025,1,MIA,00-0036620,D.Eskridge,WR,38.0,0.0875822368421052,0.95,3.1617187499999972,3-4,0.8958707008067163,2.8324911923162324,2.8324911923162324,12.845939695743034,True,100,6,86,True,,weekly_stats_historical,"Historical test mode: team is from loaded weekly/player stats context, not live roster confirmation.",ROUTE_PROXY_UNVALIDATED,60,Medium,ROUTE_PROXY_UNVALIDATED|LOW_CURRENT_SAMPLE|LOW_PLAYER_SAMPLE
historical_test,2023,2024,2024,22,2025,1,All feature history is before target season/week.,PASS,2025,1,NO,00-0038612,A.Perry,WR,38.25,0.1005365896358543,0.8220630417806593,3.1612636117511386,3-4,0.8958707008067163,2.8320834472942633,2.8320834472942633,26.018401873035664,True,101,5,87,True,,weekly_stats_historical,"Historical test mode: team is from loaded weekly/player stats context, not live roster confirmation.",ROUTE_PROXY_UNVALIDATED,75,Medium,ROUTE_PROXY_UNVALIDATED|LOW_CURRENT_SAMPLE
historical_test,2023,2024,2024,22,2025,1,All feature history is before target season/week.,PASS,2025,1,PHI,00-0036912,D.Smith,WR,26.25,0.133725845410628,0.8888750557620869,3.12022116777536,3-4,0.8958707008067163,2.7953147242468623,2.7953147242468623,30.560197743818744,True,102,1,88,True,,weekly_stats_historical,"Historical test mode: team is from loaded weekly/player stats context, not live roster confirmation.",ROUTE_PROXY_UNVALIDATED,75,Medium,ROUTE_PROXY_UNVALIDATED|LOW_CURRENT_SAMPLE
historical_test,2023,2024,2024,22,2025,1,All feature history is before target season/week.,PASS,2025,1,NO,00-0034418,C.Wilson,WR,38.25,0.1030864102935603,0.7905190110381176,3.1170600922151106,3-4,0.8958707008067163,2.7924828092693987,2.7924828092693987,27.87999332429344,True,103,6,89,True,,weekly_stats_historical,"Historical test mode: team is from loaded weekly/player stats context, not live roster confirmation.",ROUTE_PROXY_UNVALIDATED,75,Medium,ROUTE_PROXY_UNVALIDATED|LOW_CURRENT_SAMPLE
historical_test,2023,2024,2024,22,2025,1,All feature history is before target season/week.,PASS,2025,1,LAC,00-0038573,D.Davis,WR,37.0,0.0943638392857142,0.8915375295566361,3.1127694537818082,3-4,0.8958707008067163,2.788638952009248,2.788638952009248,20.15316630711861,True,104,5,90,True,,weekly_stats_historical,"Historical test mode: team is from loaded weekly/player stats context, not live roster confirmation.",ROUTE_PROXY_UNVALIDATED,75,Medium,ROUTE_PROXY_UNVALIDATED|LOW_CURRENT_SAMPLE
historical_test,2023,2024,2024,22,2025,1,All feature history is before target season/week.,PASS,2025,1,LV,00-0036183,K.Wilkerson,WR,39.0,0.1036036036036036,0.7693153073344139,3.1084496877431045,3-4,0.8958707008067163,2.7847690001808334,2.7847690001808334,28.796401802252248,True,105,5,91,True,,weekly_stats_historical,"Historical test mode: team is from loaded weekly/player stats context, not live roster confirmation.",ROUTE_PROXY_UNVALIDATED,60,Medium,ROUTE_PROXY_UNVALIDATED|LOW_CURRENT_SAMPLE|LOW_PLAYER_SAMPLE
historical_test,2023,2024,2024,22,2025,1,All feature history is before target season/week.,PASS,2025,1,SF,00-0030663,W.Snead,WR,41.0,0.0949675324675324,0.7970630417806593,3.103499522257971,3-4,0.8958707008067163,2.7803342919585576,2.7803342919585576,22.934852492973636,True,106,7,92,True,,weekly_stats_historical,"Historical test mode: team is from loaded weekly/player stats context, not live roster confirmation.",ROUTE_PROXY_UNVALIDATED,60,Medium,ROUTE_PROXY_UNVALIDATED|LOW_CURRENT_SAMPLE|LOW_PLAYER_SAMPLE
historical_test,2023,2024,2024,22,2025,1,All feature history is before target season/week.,PASS,2025,1,JAX,00-0034775,C.Kirk,WR,36.75,0.1211922268907562,0.6963817523707462,3.1015550335942472,3-4,0.8958707008067163,2.778592281536677,2.778592281536677,37.083878555421286,True,107,4,93,True,,weekly_stats_historical,"Historical test mode: team is from loaded weekly/player stats context, not live roster confirmation.",ROUTE_PROXY_UNVALIDATED,75,Medium,ROUTE_PROXY_UNVALIDATED|LOW_CURRENT_SAMPLE
historical_test,2023,2024,2024,22,2025,1,All feature history is before target season/week.,PASS,2025,1,LV,00-0034983,H.Renfrow,WR,39.0,0.1088876396747446,0.7257224980477581,3.0818661849799134,3-4,0.8958707008067163,2.760953618930476,2.760953618930476,32.3325906188853,True,108,6,94,True,,weekly_stats_historical,"Historical test mode: team is from loaded weekly/player stats context, not live roster confirmation.",ROUTE_PROXY_UNVALIDATED,75,Medium,ROUTE_PROXY_UNVALIDATED|LOW_CURRENT_SAMPLE
historical_test,2023,2024,2024,22,2025,1,All feature history is before target season/week.,PASS,2025,1,NO,00-0036040,J.Johnson,TE,38.25,0.0960856601703457,0.8376269956461022,3.0785108141333324,3-4,0.8958707008067163,2.757947640498683,2.757947640498683,35.06572268940426,True,109,7,15,True,,weekly_stats_historical,"Historical test mode: team is from loaded weekly/player stats context, not live roster confirmation.",ROUTE_PROXY_UNVALIDATED,75,Medium,ROUTE_PROXY_UNVALIDATED|LOW_CURRENT_SAMPLE
historical_test,2023,2024,2024,22,2025,1,All feature history is before target season/week.,PASS,2025,1,NO,00-0032765,M.Thomas,WR,38.25,0.1117523822110171,0.7199724980477581,3.077543048209459,3-4,0.8958707008067163,2.757080647362246,2.757080647362246,33.441061690887054,True,110,8,95,True,,weekly_stats_historical,"Historical test mode: team is from loaded weekly/player stats context, not live roster confirmation.",ROUTE_PROXY_UNVALIDATED,75,Medium,ROUTE_PROXY_UNVALIDATED|LOW_CURRENT_SAMPLE
historical_test,2023,2024,2024,22,2025,1,All feature history is before target season/week.,PASS,2025,1,DET,00-0032464,K.Raymond,WR,37.5,0.0960203480994811,0.8526486406677473,3.0701857231299923,3-4,0.8958707008067163,2.7504894353872413,2.7504894353872413,21.90558412808538,True,111,4,96,True,,weekly_stats_historical,"Historical test mode: team is from loaded weekly/player stats context, not live roster confirmation.",ROUTE_PROXY_UNVALIDATED,75,Medium,ROUTE_PROXY_UNVALIDATED|LOW_CURRENT_SAMPLE
historical_test,2023,2024,2024,22,2025,1,All feature history is before target season/week.,PASS,2025,1,HOU,00-0038977,T.Dell,WR,34.5,0.1178140603947055,0.7528205983397049,3.0599033746514452,3-4,0.8958707008067163,2.7412777806498263,2.7412777806498263,33.223941278986366,True,112,4,97,True,,weekly_stats_historical,"Historical test mode: team is from loaded weekly/player stats context, not live roster confirmation.",ROUTE_PROXY_UNVALIDATED,75,Medium,ROUTE_PROXY_UNVALIDATED|LOW_CURRENT_SAMPLE
historical_test,2023,2024,2024,22,2025,1,All feature history is before target season/week.,PASS,2025,1,NYG,00-0036165,I.Hodgins,WR,33.5,0.0960870726495726,0.95,3.057971087072648,3-4,0.8958707008067163,2.739546700822449,2.739546700822449,19.62038039019588,True,113,3,98,True,,weekly_stats_historical,"Historical test mode: team is from loaded weekly/player stats context, not live roster confirmation.",ROUTE_PROXY_UNVALIDATED,75,Medium,ROUTE_PROXY_UNVALIDATED|LOW_CURRENT_SAMPLE
historical_test,2023,2024,2024,22,2025,1,All feature history is before target season/week.,PASS,2025,1,SEA,00-0032211,T.Lockett,WR,35.25,0.1089485484646775,0.7962297217488283,3.057869553121154,3-4,0.8958707008067163,2.7394557395301686,2.7394557395301686,29.258494334058472,True,114,3,99,True,,weekly_stats_historical,"Historical test mode: team is from loaded weekly/player stats context, not live roster confirmation.",ROUTE_PROXY_UNVALIDATED,75,Medium,ROUTE_PROXY_UNVALIDATED|LOW_CURRENT_SAMPLE
historical_test,2023,2024,2024,22,2025,1,All feature history is before target season/week.,PASS,2025,1,TEN,00-0032398,C.Moore,WR,34.5,0.1150641025641025,0.7637297084473259,3.031786635889215,3-4,0.8958707008067163,2.716088818190508,2.716088818190508,31.87155429339653,True,115,2,100,True,,weekly_stats_historical,"Historical test mode: team is from loaded weekly/player stats context, not live roster confirmation.",ROUTE_PROXY_UNVALIDATED,75,Medium,ROUTE_PROXY_UNVALIDATED|LOW_CURRENT_SAMPLE
historical_test,2023,2024,2024,22,2025,1,All feature history is before target season/week.,PASS,2025,1,SEA,00-0035644,N.Fant,TE,35.25,0.1066904645533677,0.8057438787629854,3.0302729029529987,3-4,0.8958707008067163,2.7147327092041054,2.7147327092041054,36.29780449308214,True,116,4,16,True,,weekly_stats_historical,"Historical test mode: team is from loaded weekly/player stats context, not live roster confirmation.",ROUTE_PROXY_UNVALIDATED,75,Medium,ROUTE_PROXY_UNVALIDATED|LOW_CURRENT_SAMPLE
historical_test,2023,2024,2024,22,2025,1,All feature history is before target season/week.,PASS,2025,1,TEN,00-0034837,C.Ridley,WR,34.5,0.125768207018207,0.6957292701012426,3.0187714890398105,3-4,0.8958707008067163,2.7044289294614297,2.7044289294614297,36.85737488778072,True,117,3,101,True,,weekly_stats_historical,"Historical test mode: team is from loaded weekly/player stats context, not live roster confirmation.",ROUTE_PROXY_UNVALIDATED,75,Medium,ROUTE_PROXY_UNVALIDATED|LOW_CURRENT_SAMPLE
historical_test,2023,2024,2024,22,2025,1,All feature history is before target season/week.,PASS,2025,1,GB,00-0039146,J.Reed,WR,32.0,0.1137890398235225,0.8260663621867346,3.0079135418796383,3-4,0.8958707008067163,2.6947016127297236,2.6947016127297236,28.961974416851717,True,118,2,102,True,,weekly_stats_historical,"Historical test mode: team is from loaded weekly/player stats context, not live roster confirmation.",ROUTE_PROXY_UNVALIDATED,75,Medium,ROUTE_PROXY_UNVALIDATED|LOW_CURRENT_SAMPLE
historical_test,2023,2024,2024,22,2025,1,All feature history is before target season/week.,PASS,2025,1,NO,00-0034317,K.Kirkwood,WR,38.25,0.0946955437580437,0.8303963751139926,3.0077824875618946,3-4,0.8958707008067163,2.694584205006243,2.694584205006243,21.14495189925174,True,119,9,103,True,,weekly_stats_historical,"Historical test mode: team is from loaded weekly/player stats context, not live roster confirmation.",ROUTE_PROXY_UNVALIDATED,60,Medium,ROUTE_PROXY_UNVALIDATED|LOW_CURRENT_SAMPLE|LOW_PLAYER_SAMPLE
historical_test,2023,2024,2024,22,2025,1,All feature history is before target season/week.,PASS,2025,1,CLE,00-0034364,J.Akins,TE,40.5,0.094179735748331,0.7849762268746439,2.994118571438923,2-3,0.8509662873274326,2.5478939645554965,2.5478939645554965,36.24492058941559,True,120,7,17,True,,weekly_stats_historical,"Historical test mode: team is from loaded weekly/player stats context, not live roster confirmation.",ROUTE_PROXY_UNVALIDATED,75,Medium,ROUTE_PROXY_UNVALIDATED|LOW_CURRENT_SAMPLE
historical_test,2023,2024,2024,22,2025,1,All feature history is before target season/week.,PASS,2025,1,LA,00-0036427,T.Johnson,WR,38.75,0.1045082781136169,0.7357622259665155,2.979613179301095,2-3,0.8509662873274326,2.5355503648617406,2.5355503648617406,29.243321447300666,True,121,6,104,True,,weekly_stats_historical,"Historical test mode: team is from loaded weekly/player stats context, not live roster confirmation.",ROUTE_PROXY_UNVALIDATED,75,Medium,ROUTE_PROXY_UNVALIDATED|LOW_CURRENT_SAMPLE
historical_test,2023,2024,2024,22,2025,1,All feature history is before target season/week.,PASS,2025,1,DET,00-0029293,M.Jones,WR,37.5,0.1035209180216802,0.7637297084473259,2.9648250202086506,2-3,0.8509662873274326,2.5229661400224357,2.5229661400224357,27.63231662157554,True,122,5,105,True,,weekly_stats_historical,"Historical test mode: team is from loaded weekly/player stats context, not live roster confirmation.",ROUTE_PROXY_UNVALIDATED,75,Medium,ROUTE_PROXY_UNVALIDATED|LOW_CURRENT_SAMPLE
historical_test,2023,2024,2024,22,2025,1,All feature history is before target season/week.,PASS,2025,1,SF,00-0039365,J.Cowing,WR,41.0,0.0863095238095238,0.8359819740010805,2.958281449664537,2-3,0.8509662873274326,2.5173977820906464,2.5173977820906464,11.600002052544976,True,123,8,106,True,,weekly_stats_historical,"Historical test mode: team is from loaded weekly/player stats context, not live roster confirmation.",ROUTE_PROXY_UNVALIDATED,60,Medium,ROUTE_PROXY_UNVALIDATED|LOW_CURRENT_SAMPLE|LOW_PLAYER_SAMPLE
historical_test,2023,2024,2024,22,2025,1,All feature history is before target season/week.,PASS,2025,1,NO,00-0039386,B.Means,WR,38.25,0.1087529520917678,0.7105834367679092,2.955885276942924,2-3,0.8509662873274326,2.51535871988594,2.51535871988594,31.627131471613453,True,124,10,107,True,,weekly_stats_historical,"Historical test mode: team is from loaded weekly/player stats context, not live roster confirmation.",ROUTE_PROXY_UNVALIDATED,75,Medium,ROUTE_PROXY_UNVALIDATED|LOW_CURRENT_SAMPLE
historical_test,2023,2024,2024,22,2025,1,All feature history is before target season/week.,PASS,2025,1,CHI,00-0039919,R.Odunze,WR,35.75,0.124094278832182,0.666232393627881,2.9556537160825784,2-3,0.8509662873274326,2.5151616694003214,2.5151616694003214,37.43191266479065,True,125,3,108,True,,weekly_stats_historical,"Historical test mode: team is from loaded weekly/player stats context, not live roster confirmation.",ROUTE_PROXY_UNVALIDATED,75,Medium,ROUTE_PROXY_UNVALIDATED|LOW_CURRENT_SAMPLE
historical_test,2023,2024,2024,22,2025,1,All feature history is before target season/week.,PASS,2025,1,NYJ,00-0034270,T.Conklin,TE,38.25,0.0954712178502501,0.8058629263820329,2.9428293488287616,2-3,0.8509662873274326,2.5042485652110176,2.5042485652110176,34.79890684057231,True,126,3,18,True,,weekly_stats_historical,"Historical test mode: team is from loaded weekly/player stats context, not live roster confirmation.",ROUTE_PROXY_UNVALIDATED,75,Medium,ROUTE_PROXY_UNVALIDATED|LOW_CURRENT_SAMPLE
historical_test,2023,2024,2024,22,2025,1,All feature history is before target season/week.,PASS,2025,1,NYJ,00-0034521,A.Lazard,WR,38.25,0.111107910906298,0.6860830952378546,2.91576917281518,2-3,0.8509662873274326,2.481221267694313,2.481221267694313,33.059708411413666,True,127,4,109,True,,weekly_stats_historical,"Historical test mode: team is from loaded weekly/player stats context, not live roster confirmation.",ROUTE_PROXY_UNVALIDATED,75,Medium,ROUTE_PROXY_UNVALIDATED|LOW_CURRENT_SAMPLE
historical_test,2023,2024,2024,22,2025,1,All feature history is before target season/week.,PASS,2025,1,PIT,00-0037837,C.Austin,WR,36.75,0.1112440002526209,0.7129792701012426,2.914813979294662,2-3,0.8509662873274326,2.4804084302104785,2.4804084302104785,31.8409706518565,True,128,5,110,True,,weekly_stats_historical,"Historical test mode: team is from loaded weekly/player stats context, not live roster confirmation.",ROUTE_PROXY_UNVALIDATED,75,Medium,ROUTE_PROXY_UNVALIDATED|LOW_CURRENT_SAMPLE
historical_test,2023,2024,2024,22,2025,1,All feature history is before target season/week.,PASS,2025,1,TEN,00-0036182,N.Westbrook-Ikhine,WR,34.5,0.1253035815535815,0.6730030796250521,2.9093745214395184,2-3,0.8509662873274326,2.4757796349544128,2.4757796349544128,36.65504119962042,True,129,4,111,True,,weekly_stats_historical,"Historical test mode: team is from loaded weekly/player stats context, not live roster confirmation.",ROUTE_PROXY_UNVALIDATED,75,Medium,ROUTE_PROXY_UNVALIDATED|LOW_CURRENT_SAMPLE
historical_test,2023,2024,2024,22,2025,1,All feature history is before target season/week.,PASS,2025,1,DAL,00-0031236,B.Cooks,WR,33.0,0.1344626996566651,0.6544144552864278,2.9038130336212484,2-3,0.8509662873274326,2.471046996313683,2.471046996313683,38.69839855204102,True,130,2,112,True,,weekly_stats_historical,"Historical test mode: team is from loaded weekly/player stats context, not live roster confirmation.",ROUTE_PROXY_UNVALIDATED,75,Medium,ROUTE_PROXY_UNVALIDATED|LOW_CURRENT_SAMPLE
historical_test,2023,2024,2024,22,2025,1,All feature history is before target season/week.,PASS,2025,1,CIN,00-0039814,E.All,TE,44.5,0.0731624967358663,0.8905274285465351,2.89931784874847,2-3,0.8509662873274326,2.4672217455316443,2.4672217455316443,26.8883690164842,True,131,8,19,True,,weekly_stats_historical,"Historical test mode: team is from loaded weekly/player stats context, not live roster confirmation.",ROUTE_PROXY_UNVALIDATED,75,Medium,ROUTE_PROXY_UNVALIDATED|LOW_CURRENT_SAMPLE
historical_test,2023,2024,2024,22,2025,1,All feature history is before target season/week.,PASS,2025,1,BUF,00-0033282,C.Samuel,WR,30.25,0.118963133640553,0.8056578999270065,2.8992685496319086,2-3,0.8509662873274326,2.467179793645456,2.467179793645456,29.612557783598216,True,132,2,113,True,,weekly_stats_historical,"Historical test mode: team is from loaded weekly/player stats context, not live roster confirmation.",ROUTE_PROXY_UNVALIDATED,75,Medium,ROUTE_PROXY_UNVALIDATED|LOW_CURRENT_SAMPLE
historical_test,2023,2024,2024,22,2025,1,All feature history is before target season/week.,PASS,2025,1,GB,00-0038393,D.Wicks,WR,32.0,0.1366765354696389,0.6628721272440997,2.899170105955622,2-3,0.8509662873274326,2.467096021395735,2.467096021395735,38.32951884657396,True,133,3,114,True,,weekly_stats_historical,"Historical test mode: team is from loaded weekly/player stats context, not live roster confirmation.",ROUTE_PROXY_UNVALIDATED,75,Medium,ROUTE_PROXY_UNVALIDATED|LOW_CURRENT_SAMPLE
historical_test,2023,2024,2024,22,2025,1,All feature history is before target season/week.,PASS,2025,1,CHI,00-0038941,T.Scott,WR,35.75,0.0853494623655913,0.95,2.8986811155913945,2-3,0.8509662873274326,2.4666799070809495,2.4666799070809495,8.324900585476351,True,134,4,115,True,,weekly_stats_historical,"Historical test mode: team is from loaded weekly/player stats context, not live roster confirmation.",ROUTE_PROXY_UNVALIDATED,75,Medium,ROUTE_PROXY_UNVALIDATED|LOW_CURRENT_SAMPLE
historical_test,2023,2024,2024,22,2025,1,All feature history is before target season/week.,PASS,2025,1,TEN,00-0037273,K.Philips,WR,34.5,0.1068637925255572,0.7853963751139926,2.895600017177471,2-3,0.8509662873274326,2.4640579962027624,2.4640579962027624,27.44594219596282,True,135,5,116,True,,weekly_stats_historical,"Historical test mode: team is from loaded weekly/player stats context, not live roster confirmation.",ROUTE_PROXY_UNVALIDATED,75,Medium,ROUTE_PROXY_UNVALIDATED|LOW_CURRENT_SAMPLE
historical_test,2023,2024,2024,22,2025,1,All feature history is before target season/week.,PASS,2025,1,JAX,00-0033572,J.Agnew,WR,36.75,0.0988465791454921,0.7937297084473259,2.883311891896636,2-3,0.8509662873274326,2.453601215854316,2.453601215854316,23.738459302091517,True,136,5,117,True,,weekly_stats_historical,"Historical test mode: team is from loaded weekly/player stats context, not live roster confirmation.",ROUTE_PROXY_UNVALIDATED,75,Medium,ROUTE_PROXY_UNVALIDATED|LOW_CURRENT_SAMPLE
historical_test,2023,2024,2024,22,2025,1,All feature history is before target season/week.,PASS,2025,1,MIN,00-0034646,B.Powell,WR,43.75,0.0833333333333333,0.7904144011129121,2.8817191707241574,2-3,0.8509662873274326,2.452245863831424,2.452245863831424,8.021893869280495,True,137,7,118,True,,weekly_stats_historical,"Historical test mode: team is from loaded weekly/player stats context, not live roster confirmation.",ROUTE_PROXY_UNVALIDATED,75,Medium,ROUTE_PROXY_UNVALIDATED|LOW_CURRENT_SAMPLE
historical_test,2023,2024,2024,22,2025,1,All feature history is before target season/week.,PASS,2025,1,ATL,00-0034407,R.McCloud,WR,30.75,0.1182775065587565,0.7917085749863022,2.8794704722449085,2-3,0.8509662873274326,2.450332297235219,2.450332297235219,29.81098684879128,True,138,2,119,True,,weekly_stats_historical,"Historical test mode: team is from loaded weekly/player stats context, not live roster confirmation.",ROUTE_PROXY_UNVALIDATED,75,Medium,ROUTE_PROXY_UNVALIDATED|LOW_CURRENT_SAMPLE
historical_test,2023,2024,2024,22,2025,1,All feature history is before target season/week.,PASS,2025,1,PHI,00-0035676,A.Brown,WR,26.25,0.1500452898550724,0.7294078415298141,2.8729105388787213,2-3,0.8509662873274326,2.4447500150934793,2.4447500150934793,35.162115380282565,True,139,2,120,True,,weekly_stats_historical,"Historical test mode: team is from loaded weekly/player stats context, not live roster confirmation.",ROUTE_PROXY_UNVALIDATED,75,Medium,ROUTE_PROXY_UNVALIDATED|LOW_CURRENT_SAMPLE
historical_test,2023,2024,2024,22,2025,1,All feature history is before target season/week.,PASS,2025,1,CIN,00-0039451,I.Williams,WR,44.5,0.0833333333333333,0.7737477344462453,2.8693145152381585,2-3,0.8509662873274326,2.4416899202069278,2.4416899202069278,8.159412049896732,True,140,9,121,True,,weekly_stats_historical,"Historical test mode: team is from loaded weekly/player stats context, not live roster confirmation.",ROUTE_PROXY_UNVALIDATED,60,Medium,ROUTE_PROXY_UNVALIDATED|LOW_CURRENT_SAMPLE|LOW_PLAYER_SAMPLE
historical_test,2023,2024,2024,22,2025,1,All feature history is before target season/week.,PASS,2025,1,SEA,00-0036268,L.Shenault,WR,35.25,0.0856481481481481,0.95,2.868142361111109,2-3,0.8509662873274326,2.440692456561257,2.440692456561257,8.795511402603791,True,141,5,122,True,,weekly_stats_historical,"Historical test mode: team is from loaded weekly/player stats context, not live roster confirmation.",ROUTE_PROXY_UNVALIDATED,75,Medium,ROUTE_PROXY_UNVALIDATED|LOW_CURRENT_SAMPLE
historical_test,2023,2024,2024,22,2025,1,All feature history is before target season/week.,PASS,2025,1,JAX,00-0036331,D.Duvernay,WR,36.75,0.0939091915836101,0.8297319740010806,2.8635401149246564,2-3,0.8509662873274326,2.4367761002106048,2.4367761002106048,19.60013226699557,True,142,6,123,True,,weekly_stats_historical,"Historical test mode: team is from loaded weekly/player stats context, not live roster confirmation.",ROUTE_PROXY_UNVALIDATED,75,Medium,ROUTE_PROXY_UNVALIDATED|LOW_CURRENT_SAMPLE
historical_test,2023,2024,2024,22,2025,1,All feature history is before target season/week.,PASS,2025,1,NE,00-0033307,K.Bourne,WR,30.5,0.1108516162425699,0.8460696932993261,2.8605398851606143,2-3,0.8509662873274326,2.4342230058271683,2.4342230058271683,26.239427365364357,True,143,3,124,True,,weekly_stats_historical,"Historical test mode: team is from loaded weekly/player stats context, not live roster confirmation.",ROUTE_PROXY_UNVALIDATED,75,Medium,ROUTE_PROXY_UNVALIDATED|LOW_CURRENT_SAMPLE
historical_test,2023,2024,2024,22,2025,1,All feature history is before target season/week.,PASS,2025,1,LAC,00-0035414,J.Guyton,WR,37.0,0.0980045649750852,0.7887297084473259,2.8600671424943203,2-3,0.8509662873274326,2.433820717755571,2.433820717755571,23.24228697649716,True,144,6,125,True,,weekly_stats_historical,"Historical test mode: team is from loaded weekly/player stats context, not live roster confirmation.",ROUTE_PROXY_UNVALIDATED,75,Medium,ROUTE_PROXY_UNVALIDATED|LOW_CURRENT_SAMPLE
historical_test,2023,2024,2024,22,2025,1,All feature history is before target season/week.,PASS,2025,1,NYJ,00-0028002,R.Cobb,WR,38.25,0.0999549062049062,0.7470630417806593,2.856227572340418,2-3,0.8509662873274326,2.4305533729967714,2.4305533729967714,25.574747023351797,True,145,5,126,True,,weekly_stats_historical,"Historical test mode: team is from loaded weekly/player stats context, not live roster confirmation.",ROUTE_PROXY_UNVALIDATED,75,Medium,ROUTE_PROXY_UNVALIDATED|LOW_CURRENT_SAMPLE
historical_test,2023,2024,2024,22,2025,1,All feature history is before target season/week.,PASS,2025,1,TEN,00-0036176,M.Kinsey,WR,34.5,0.0869164619164619,0.95,2.848687039312039,2-3,0.8509662873274326,2.424136633601142,2.424136633601142,10.710115141260916,True,146,6,127,True,,weekly_stats_historical,"Historical test mode: team is from loaded weekly/player stats context, not live roster confirmation.",ROUTE_PROXY_UNVALIDATED,60,Medium,ROUTE_PROXY_UNVALIDATED|LOW_CURRENT_SAMPLE|LOW_PLAYER_SAMPLE
historical_test,2023,2024,2024,22,2025,1,All feature history is before target season/week.,PASS,2025,1,TEN,00-0033009,T.Boyd,WR,34.5,0.1102285524160524,0.7489205704923086,2.84805884741901,2-3,0.8509662873274326,2.423602063478202,2.423602063478202,29.34272789410008,True,147,7,128,True,,weekly_stats_historical,"Historical test mode: team is from loaded weekly/player stats context, not live roster confirmation.",ROUTE_PROXY_UNVALIDATED,75,Medium,ROUTE_PROXY_UNVALIDATED|LOW_CURRENT_SAMPLE
historical_test,2023,2024,2024,22,2025,1,All feature history is before target season/week.,PASS,2025,1,PIT,00-0036415,V.Jefferson,WR,36.75,0.1057589680434508,0.7325566510536236,2.8471855027433084,2-3,0.8509662873274326,2.4228588766019628,2.4228588766019628,28.54128769866578,True,148,6,129,True,,weekly_stats_historical,"Historical test mode: team is from loaded weekly/player stats context, not live roster confirmation.",ROUTE_PROXY_UNVALIDATED,75,Medium,ROUTE_PROXY_UNVALIDATED|LOW_CURRENT_SAMPLE
historical_test,2023,2024,2024,22,2025,1,All feature history is before target season/week.,PASS,2025,1,IND,00-0035045,D.Montgomery,WR,34.0,0.1161375661375661,0.7199724980477581,2.842939022714506,2-3,0.8509662873274326,2.419245265257643,2.419245265257643,31.93652858720024,True,149,3,130,True,,weekly_stats_historical,"Historical test mode: team is from loaded weekly/player stats context, not live roster confirmation.",ROUTE_PROXY_UNVALIDATED,60,Medium,ROUTE_PROXY_UNVALIDATED|LOW_CURRENT_SAMPLE|LOW_PLAYER_SAMPLE
historical_test,2023,2024,2024,22,2025,1,All feature history is before target season/week.,PASS,2025,1,NYJ,00-0038492,J.Brownlee,WR,38.25,0.0972853535353535,0.7637297084473259,2.8419640869594587,2-3,0.8509662873274326,2.4184156277977875,2.4184156277977875,23.431162488621467,True,150,6,131,True,,weekly_stats_historical,"Historical test mode: team is from loaded weekly/player stats context, not live roster confirmation.",ROUTE_PROXY_UNVALIDATED,60,Medium,ROUTE_PROXY_UNVALIDATED|LOW_CURRENT_SAMPLE|LOW_PLAYER_SAMPLE
historical_test,2023,2024,2024,22,2025,1,All feature history is before target season/week.,PASS,2025,1,NO,00-0034860,D.Pettis,WR,38.25,0.126702521194154,0.5857947462917188,2.838978925597484,2-3,0.8509662873274326,2.4158753561165147,2.4158753561165147,41.31102134568538,True,151,11,132,True,,weekly_stats_historical,"Historical test mode: team is from loaded weekly/player stats context, not live roster confirmation.",ROUTE_PROXY_UNVALIDATED,75,Medium,ROUTE_PROXY_UNVALIDATED|LOW_CURRENT_SAMPLE
historical_test,2023,2024,2024,22,2025,1,All feature history is before target season/week.,PASS,2025,1,CAR,00-0037487,D.Thompkins,WR,32.75,0.0909090909090909,0.95,2.8284090909090907,2-3,0.8509662873274326,2.406880783134068,2.406880783134068,14.783190956234206,True,152,4,133,True,,weekly_stats_historical,"Historical test mode: team is from loaded weekly/player stats context, not live roster confirmation.",ROUTE_PROXY_UNVALIDATED,75,Medium,ROUTE_PROXY_UNVALIDATED|LOW_CURRENT_SAMPLE
historical_test,2023,2024,2024,22,2025,1,All feature history is before target season/week.,PASS,2025,1,LAC,00-0037475,S.Smartt,TE,37.0,0.0831148227969348,0.9153679389133612,2.81498382936084,2-3,0.8509662873274326,2.395456338157953,2.395456338157953,27.970359557808752,True,153,7,20,True,,weekly_stats_historical,"Historical test mode: team is from loaded weekly/player stats context, not live roster confirmation.",ROUTE_PROXY_UNVALIDATED,75,Medium,ROUTE_PROXY_UNVALIDATED|LOW_CURRENT_SAMPLE
historical_test,2023,2024,2024,22,2025,1,All feature history is before target season/week.,PASS,2025,1,KC,00-0030506,T.Kelce,TE,30.0,0.1161997441520467,0.8053340209607434,2.8073882157773222,2-3,0.8509662873274326,2.3889927270668134,2.3889927270668134,33.64173160322098,True,154,3,21,True,,weekly_stats_historical,"Historical test mode: team is from loaded weekly/player stats context, not live roster confirmation.",ROUTE_PROXY_UNVALIDATED,75,Medium,ROUTE_PROXY_UNVALIDATED|LOW_CURRENT_SAMPLE
historical_test,2023,2024,2024,22,2025,1,All feature history is before target season/week.,PASS,2025,1,WAS,00-0031941,J.Crowder,WR,39.75,0.0916330398630471,0.7693153073344139,2.8021643339130105,2-3,0.8509662873274326,2.384547379711303,2.384547379711303,18.780724815280887,True,155,7,134,True,,weekly_stats_historical,"Historical test mode: team is from loaded weekly/player stats context, not live roster confirmation.",ROUTE_PROXY_UNVALIDATED,75,Medium,ROUTE_PROXY_UNVALIDATED|LOW_CURRENT_SAMPLE
historical_test,2023,2024,2024,22,2025,1,All feature history is before target season/week.,PASS,2025,1,CIN,00-0035631,D.Sample,TE,44.5,0.0662837055111899,0.95,2.802143650485553,2-3,0.8509662873274326,2.3845297788118303,2.3845297788118303,20.98867007077485,True,156,10,22,True,,weekly_stats_historical,"Historical test mode: team is from loaded weekly/player stats context, not live roster confirmation.",ROUTE_PROXY_UNVALIDATED,75,Medium,ROUTE_PROXY_UNVALIDATED|LOW_CURRENT_SAMPLE
historical_test,2023,2024,2024,22,2025,1,All feature history is before target season/week.,PASS,2025,1,IND,00-0037664,A.Pierce,WR,34.0,0.1243106086856086,0.6609792701012427,2.7936690034250624,2-3,0.8509662873274326,2.377318139866354,2.377318139866354,35.693924782002696,True,157,4,135,True,,weekly_stats_historical,"Historical test mode: team is from loaded weekly/player stats context, not live roster confirmation.",ROUTE_PROXY_UNVALIDATED,75,Medium,ROUTE_PROXY_UNVALIDATED|LOW_CURRENT_SAMPLE
historical_test,2023,2024,2024,22,2025,1,All feature history is before target season/week.,PASS,2025,1,SEA,00-0038752,J.Bobo,WR,35.25,0.0891523724185014,0.8850015818442177,2.7812246691977336,2-3,0.8509662873274326,2.3667284309706624,2.3667284309706624,13.945323921795223,True,158,6,136,True,,weekly_stats_historical,"Historical test mode: team is from loaded weekly/player stats context, not live roster confirmation.",ROUTE_PROXY_UNVALIDATED,75,Medium,ROUTE_PROXY_UNVALIDATED|LOW_CURRENT_SAMPLE
historical_test,2023,2024,2024,22,2025,1,All feature history is before target season/week.,PASS,2025,1,DAL,00-0037666,J.Tolbert,WR,33.0,0.113463763248246,0.7419418896128949,2.7780561239307944,2-3,0.8509662873274326,2.364032105768626,2.364032105768626,29.707113269682296,True,159,3,137,True,,weekly_stats_historical,"Historical test mode: team is from loaded weekly/player stats context, not live roster confirmation.",ROUTE_PROXY_UNVALIDATED,75,Medium,ROUTE_PROXY_UNVALIDATED|LOW_CURRENT_SAMPLE
historical_test,2023,2024,2024,22,2025,1,All feature history is before target season/week.,PASS,2025,1,DET,00-0036233,D.Peoples-Jones,WR,37.5,0.0873655913978494,0.8470630417806593,2.775156134866069,2-3,0.8509662873274326,2.3615643128409265,2.3615643128409265,12.349497181875918,True,160,6,138,True,,weekly_stats_historical,"Historical test mode: team is from loaded weekly/player stats context, not live roster confirmation.",ROUTE_PROXY_UNVALIDATED,75,Medium,ROUTE_PROXY_UNVALIDATED|LOW_CURRENT_SAMPLE
historical_test,2023,2024,2024,22,2025,1,All feature history is before target season/week.,PASS,2025,1,CHI,00-0034279,E.St. Brown,WR,35.75,0.0973745265151515,0.7970630417806593,2.7746874975862226,2-3,0.8509662873274326,2.3611655183147926,2.3611655183147926,21.96958743603017,True,161,5,139,True,,weekly_stats_historical,"Historical test mode: team is from loaded weekly/player stats context, not live roster confirmation.",ROUTE_PROXY_UNVALIDATED,60,Medium,ROUTE_PROXY_UNVALIDATED|LOW_CURRENT_SAMPLE|LOW_PLAYER_SAMPLE
historical_test,2023,2024,2024,22,2025,1,All feature history is before target season/week.,PASS,2025,1,LV,00-0036527,D.Turner,WR,39.0,0.0954140435438389,0.7451773762999312,2.772915078576445,2-3,0.8509662873274326,2.3596572494904535,2.3596572494904535,22.23077936445088,True,162,7,140,True,,weekly_stats_historical,"Historical test mode: team is from loaded weekly/player stats context, not live roster confirmation.",ROUTE_PROXY_UNVALIDATED,75,Medium,ROUTE_PROXY_UNVALIDATED|LOW_CURRENT_SAMPLE
historical_test,2023,2024,2024,22,2025,1,All feature history is before target season/week.,PASS,2025,1,NO,00-0034981,F.Moreau,TE,38.25,0.0864741066630011,0.8380749972568945,2.7720458414428046,2-3,0.8509662873274326,2.3589175579940322,2.3589175579940322,30.62693230287612,True,163,12,23,True,,weekly_stats_historical,"Historical test mode: team is from loaded weekly/player stats context, not live roster confirmation.",ROUTE_PROXY_UNVALIDATED,75,Medium,ROUTE_PROXY_UNVALIDATED|LOW_CURRENT_SAMPLE
historical_test,2023,2024,2024,22,2025,1,All feature history is before target season/week.,PASS,2025,1,NE,00-0031547,D.Parker,WR,30.5,0.1173236466444197,0.7745630417806593,2.7716740988398794,2-3,0.8509662873274326,2.3586012175713797,2.3586012175713797,29.162266287184103,True,164,4,141,True,,weekly_stats_historical,"Historical test mode: team is from loaded weekly/player stats context, not live roster confirmation.",ROUTE_PROXY_UNVALIDATED,75,Medium,ROUTE_PROXY_UNVALIDATED|LOW_CURRENT_SAMPLE
historical_test,2023,2024,2024,22,2025,1,All feature history is before target season/week.,PASS,2025,1,SF,00-0033280,C.McCaffrey,RB,41.0,0.0791604727351991,0.8510759589634865,2.762234585049613,2-3,0.8509662873274326,2.3505685095671005,2.3505685095671005,20.82671503882306,True,165,9,1,True,,weekly_stats_historical,"Historical test mode: team is from loaded weekly/player stats context, not live roster confirmation.",ROUTE_PROXY_UNVALIDATED,75,Medium,ROUTE_PROXY_UNVALIDATED|LOW_CURRENT_SAMPLE
historical_test,2023,2024,2024,22,2025,1,All feature history is before target season/week.,PASS,2025,1,BAL,00-0039064,Z.Flowers,WR,25.25,0.1469995471014492,0.7407213007662694,2.749363817461208,2-3,0.8509662873274326,2.339615920257341,2.339615920257341,33.04149901890369,True,166,1,142,True,,weekly_stats_historical,"Historical test mode: team is from loaded weekly/player stats context, not live roster confirmation.",ROUTE_PROXY_UNVALIDATED,75,Medium,ROUTE_PROXY_UNVALIDATED|LOW_CURRENT_SAMPLE
historical_test,2023,2024,2024,22,2025,1,All feature history is before target season/week.,PASS,2025,1,NO,00-0034272,M.Valdes-Scantling,WR,38.25,0.1290294268644396,0.5567896055990782,2.747965821315636,2-3,0.8509662873274326,2.338426272667646,2.338426272667646,42.404781023871706,True,167,13,143,True,,weekly_stats_historical,"Historical test mode: team is from loaded weekly/player stats context, not live roster confirmation.",ROUTE_PROXY_UNVALIDATED,75,Medium,ROUTE_PROXY_UNVALIDATED|LOW_CURRENT_SAMPLE
historical_test,2023,2024,2024,22,2025,1,All feature history is before target season/week.,PASS,2025,1,IND,00-0039816,A.Gould,WR,34.0,0.0850694444444444,0.95,2.747743055555554,2-3,0.8509662873274326,2.3382367065158456,2.3382367065158456,7.347025097124534,True,168,5,144,True,,weekly_stats_historical,"Historical test mode: team is from loaded weekly/player stats context, not live roster confirmation.",ROUTE_PROXY_UNVALIDATED,60,Medium,ROUTE_PROXY_UNVALIDATED|LOW_CURRENT_SAMPLE|LOW_PLAYER_SAMPLE
historical_test,2023,2024,2024,22,2025,1,All feature history is before target season/week.,PASS,2025,1,LA,00-0038359,X.Smith,WR,38.75,0.0833333333333333,0.8444144011129121,2.7267548369271113,2-3,0.8509662873274326,2.320376440031983,2.320376440031983,7.105105998505581,True,169,7,145,True,,weekly_stats_historical,"Historical test mode: team is from loaded weekly/player stats context, not live roster confirmation.",ROUTE_PROXY_UNVALIDATED,60,Medium,ROUTE_PROXY_UNVALIDATED|LOW_CURRENT_SAMPLE|LOW_PLAYER_SAMPLE
historical_test,2023,2024,2024,22,2025,1,All feature history is before target season/week.,PASS,2025,1,CIN,00-0034613,T.Hudson,TE,44.5,0.0669102106222935,0.9156921189286168,2.7264772881496153,2-3,0.8509662873274326,2.3201402553792447,2.3201402553792447,21.59282554253486,True,170,11,24,True,,weekly_stats_historical,"Historical test mode: team is from loaded weekly/player stats context, not live roster confirmation.",ROUTE_PROXY_UNVALIDATED,75,Medium,ROUTE_PROXY_UNVALIDATED|LOW_CURRENT_SAMPLE
historical_test,2023,2024,2024,22,2025,1,All feature history is before target season/week.,PASS,2025,1,DEN,00-0039424,D.Vele,WR,32.25,0.1062287559694098,0.7956310968080981,2.7257345773901673,2-3,0.8509662873274326,2.319508233561719,2.319508233561719,25.3074215579968,True,171,3,146,True,,weekly_stats_historical,"Historical test mode: team is from loaded weekly/player stats context, not live roster confirmation.",ROUTE_PROXY_UNVALIDATED,75,Medium,ROUTE_PROXY_UNVALIDATED|LOW_CURRENT_SAMPLE
historical_test,2023,2024,2024,22,2025,1,All feature history is before target season/week.,PASS,2025,1,NYJ,00-0035480,M.Taylor,WR,38.25,0.0952984234234234,0.7470630417806593,2.72316782554485,2-3,0.8509662873274326,2.3173240142734186,2.3173240142734186,21.698677945388805,True,172,7,147,True,,weekly_stats_historical,"Historical test mode: team is from loaded weekly/player stats context, not live roster confirmation.",ROUTE_PROXY_UNVALIDATED,60,Medium,ROUTE_PROXY_UNVALIDATED|LOW_CURRENT_SAMPLE|LOW_PLAYER_SAMPLE
historical_test,2023,2024,2024,22,2025,1,All feature history is before target season/week.,PASS,2025,1,PIT,00-0033536,M.Williams,WR,36.75,0.1010791650877857,0.7327848256567981,2.72204597996475,2-3,0.8509662873274326,2.316369361505166,2.316369361505166,25.389220731642776,True,173,7,148,True,,weekly_stats_historical,"Historical test mode: team is from loaded weekly/player stats context, not live roster confirmation.",ROUTE_PROXY_UNVALIDATED,75,Medium,ROUTE_PROXY_UNVALIDATED|LOW_CURRENT_SAMPLE
historical_test,2023,2024,2024,22,2025,1,All feature history is before target season/week.,PASS,2025,1,HOU,00-0030431,R.Woods,WR,34.5,0.101874519969278,0.7706224968768975,2.708484494666683,2-3,0.8509662873274326,2.304828994710425,2.304828994710425,24.36305277040993,True,174,5,149,True,,weekly_stats_historical,"Historical test mode: team is from loaded weekly/player stats context, not live roster confirmation.",ROUTE_PROXY_UNVALIDATED,75,Medium,ROUTE_PROXY_UNVALIDATED|LOW_CURRENT_SAMPLE
historical_test,2023,2024,2024,22,2025,1,All feature history is before target season/week.,PASS,2025,1,NO,00-0039623,M.Tipton,WR,38.25,0.1099744553691922,0.6430946547166272,2.7051924034262167,2-3,0.8509662873274326,2.302027536049982,2.302027536049982,32.3781136767509,True,175,14,150,True,,weekly_stats_historical,"Historical test mode: team is from loaded weekly/player stats context, not live roster confirmation.",ROUTE_PROXY_UNVALIDATED,75,Medium,ROUTE_PROXY_UNVALIDATED|LOW_CURRENT_SAMPLE
historical_test,2023,2024,2024,22,2025,1,All feature history is before target season/week.,PASS,2025,1,NYG,00-0039847,T.Johnson,TE,33.5,0.1039630074786324,0.773191276326662,2.6928402298459297,2-3,0.8509662873274326,2.2915162527579414,2.2915162527579414,33.563203838773745,True,176,4,25,True,,weekly_stats_historical,"Historical test mode: team is from loaded weekly/player stats context, not live roster confirmation.",ROUTE_PROXY_UNVALIDATED,75,Medium,ROUTE_PROXY_UNVALIDATED|LOW_CURRENT_SAMPLE
historical_test,2023,2024,2024,22,2025,1,All feature history is before target season/week.,PASS,2025,1,PHI,00-0034351,D.Goedert,TE,26.25,0.1151570048309178,0.8894541962233028,2.6887056307483834,2-3,0.8509662873274326,2.2879978483143146,2.2879978483143146,29.182346509937936,True,177,3,26,True,,weekly_stats_historical,"Historical test mode: team is from loaded weekly/player stats context, not live roster confirmation.",ROUTE_PROXY_UNVALIDATED,75,Medium,ROUTE_PROXY_UNVALIDATED|LOW_CURRENT_SAMPLE
historical_test,2023,2024,2024,22,2025,1,All feature history is before target season/week.,PASS,2025,1,JAX,00-0038935,B.Strange,TE,36.75,0.0911809797687517,0.8008404645671183,2.6835371187651855,2-3,0.8509662873274326,2.2835996188609657,2.2835996188609657,31.586380137688305,True,178,7,27,True,,weekly_stats_historical,"Historical test mode: team is from loaded weekly/player stats context, not live roster confirmation.",ROUTE_PROXY_UNVALIDATED,75,Medium,ROUTE_PROXY_UNVALIDATED|LOW_CURRENT_SAMPLE
historical_test,2023,2024,2024,22,2025,1,All feature history is before target season/week.,PASS,2025,1,MIA,00-0036326,C.Claypool,WR,38.0,0.0945067663817663,0.7470630417806593,2.6828954697566267,2-3,0.8509662873274326,2.283053597186385,2.283053597186385,20.83151041597383,True,179,7,151,True,,weekly_stats_historical,"Historical test mode: team is from loaded weekly/player stats context, not live roster confirmation.",ROUTE_PROXY_UNVALIDATED,75,Medium,ROUTE_PROXY_UNVALIDATED|LOW_CURRENT_SAMPLE
historical_test,2023,2024,2024,22,2025,1,All feature history is before target season/week.,PASS,2025,1,IND,00-0033466,I.McKenzie,WR,34.0,0.0929487179487179,0.8470630417806593,2.67693640767862,2-3,0.8509662873274326,2.27798263625391,2.27798263625391,17.29044200173566,True,180,6,152,True,,weekly_stats_historical,"Historical test mode: team is from loaded weekly/player stats context, not live roster confirmation.",ROUTE_PROXY_UNVALIDATED,75,Medium,ROUTE_PROXY_UNVALIDATED|LOW_CURRENT_SAMPLE
historical_test,2023,2024,2024,22,2025,1,All feature history is before target season/week.,PASS,2025,1,PIT,00-0035703,M.Boykin,WR,36.75,0.0858333333333333,0.8470630417806593,2.6719544824168664,2-3,0.8509662873274326,2.2737431858101727,2.2737431858101727,9.529523728917413,True,181,8,153,True,,weekly_stats_historical,"Historical test mode: team is from loaded weekly/player stats context, not live roster confirmation.",ROUTE_PROXY_UNVALIDATED,60,Medium,ROUTE_PROXY_UNVALIDATED|LOW_CURRENT_SAMPLE|LOW_PLAYER_SAMPLE
historical_test,2023,2024,2024,22,2025,1,All feature history is before target season/week.,PASS,2025,1,BUF,00-0038679,T.Shavers,WR,30.25,0.0925925925925925,0.95,2.660879629629627,2-3,0.8509662873274326,2.2643188594511177,2.2643188594511177,15.09584226546183,True,182,3,154,True,,weekly_stats_historical,"Historical test mode: team is from loaded weekly/player stats context, not live roster confirmation.",ROUTE_PROXY_UNVALIDATED,60,Medium,ROUTE_PROXY_UNVALIDATED|LOW_CURRENT_SAMPLE|LOW_PLAYER_SAMPLE
historical_test,2023,2024,2024,22,2025,1,All feature history is before target season/week.,PASS,2025,1,CIN,00-0039631,C.Grandy,TE,44.5,0.062918597390647,0.95,2.6598837046896016,2-3,0.8509662873274326,2.2634713609024475,2.2634713609024475,17.388060279511905,True,183,12,28,True,,weekly_stats_historical,"Historical test mode: team is from loaded weekly/player stats context, not live roster confirmation.",ROUTE_PROXY_UNVALIDATED,60,Medium,ROUTE_PROXY_UNVALIDATED|LOW_CURRENT_SAMPLE|LOW_PLAYER_SAMPLE
historical_test,2023,2024,2024,22,2025,1,All feature history is before target season/week.,PASS,2025,1,ATL,00-0036309,D.Mooney,WR,30.75,0.122415556009306,0.7050181290410449,2.6538844775934045,2-3,0.8509662873274326,2.2583662208935626,2.2583662208935626,31.526705912285117,True,184,3,155,True,,weekly_stats_historical,"Historical test mode: team is from loaded weekly/player stats context, not live roster confirmation.",ROUTE_PROXY_UNVALIDATED,75,Medium,ROUTE_PROXY_UNVALIDATED|LOW_CURRENT_SAMPLE
historical_test,2023,2024,2024,22,2025,1,All feature history is before target season/week.,PASS,2025,1,DET,00-0033375,T.Patrick,WR,37.5,0.0956029647435897,0.7401486406677472,2.653515164954043,2-3,0.8509662873274326,2.258051948287982,2.258051948287982,21.542240691590624,True,185,7,156,True,,weekly_stats_historical,"Historical test mode: team is from loaded weekly/player stats context, not live roster confirmation.",ROUTE_PROXY_UNVALIDATED,75,Medium,ROUTE_PROXY_UNVALIDATED|LOW_CURRENT_SAMPLE
historical_test,2023,2024,2024,22,2025,1,All feature history is before target season/week.,PASS,2025,1,WAS,00-0031260,L.Thomas,TE,39.75,0.0868686817675788,0.7678963751139927,2.651569297150126,2-3,0.8509662873274326,2.256396080387253,2.256396080387253,32.03043518781697,True,186,8,29,True,,weekly_stats_historical,"Historical test mode: team is from loaded weekly/player stats context, not live roster confirmation.",ROUTE_PROXY_UNVALIDATED,75,Medium,ROUTE_PROXY_UNVALIDATED|LOW_CURRENT_SAMPLE
historical_test,2023,2024,2024,22,2025,1,All feature history is before target season/week.,PASS,2025,1,TB,00-0032385,S.Shepard,WR,33.25,0.1075227598108318,0.7413741308638256,2.6505102040442736,2-3,0.8509662873274326,2.255494827859031,2.255494827859031,26.81935219013598,True,187,4,157,True,,weekly_stats_historical,"Historical test mode: team is from loaded weekly/player stats context, not live roster confirmation.",ROUTE_PROXY_UNVALIDATED,75,Medium,ROUTE_PROXY_UNVALIDATED|LOW_CURRENT_SAMPLE
historical_test,2023,2024,2024,22,2025,1,All feature history is before target season/week.,PASS,2025,1,HOU,00-0038618,X.Hutchinson,WR,34.5,0.1112081173195084,0.6871913913133638,2.6365334998815806,2-3,0.8509662873274326,2.243601123808631,2.243601123808631,29.872302493400134,True,188,6,158,True,,weekly_stats_historical,"Historical test mode: team is from loaded weekly/player stats context, not live roster confirmation.",ROUTE_PROXY_UNVALIDATED,75,Medium,ROUTE_PROXY_UNVALIDATED|LOW_CURRENT_SAMPLE
historical_test,2023,2024,2024,22,2025,1,All feature history is before target season/week.,PASS,2025,1,TB,00-0038821,R.Jarrett,WR,33.25,0.0867399467054263,0.9117395497586565,2.6295509785135662,2-3,0.8509662873274326,2.237659233523907,2.237659233523907,10.064609311909766,True,189,5,159,True,,weekly_stats_historical,"Historical test mode: team is from loaded weekly/player stats context, not live roster confirmation.",ROUTE_PROXY_UNVALIDATED,75,Medium,ROUTE_PROXY_UNVALIDATED|LOW_CURRENT_SAMPLE
historical_test,2023,2024,2024,22,2025,1,All feature history is before target season/week.,PASS,2025,1,NYG,00-0031610,D.Waller,TE,33.5,0.0994931760097201,0.7837297084473259,2.61218788719098,2-3,0.8509662873274326,2.2228838281645986,2.2228838281645986,31.97610531453093,True,190,5,30,True,,weekly_stats_historical,"Historical test mode: team is from loaded weekly/player stats context, not live roster confirmation.",ROUTE_PROXY_UNVALIDATED,75,Medium,ROUTE_PROXY_UNVALIDATED|LOW_CURRENT_SAMPLE
historical_test,2023,2024,2024,22,2025,1,All feature history is before target season/week.,PASS,2025,1,SF,00-0032128,C.Conley,WR,41.0,0.0934256715506715,0.6784792701012425,2.5988826391391386,2-3,0.8509662873274326,2.2115615106279525,2.2115615106279525,21.36109949730635,True,191,10,160,True,,weekly_stats_historical,"Historical test mode: team is from loaded weekly/player stats context, not live roster confirmation.",ROUTE_PROXY_UNVALIDATED,75,Medium,ROUTE_PROXY_UNVALIDATED|LOW_CURRENT_SAMPLE
historical_test,2023,2024,2024,22,2025,1,All feature history is before target season/week.,PASS,2025,1,DAL,00-0034764,M.Gallup,WR,33.0,0.0987832255747126,0.7970630417806593,2.59830312236502,2-3,0.8509662873274326,2.211068361390237,2.211068361390237,21.272597128173757,True,192,4,161,True,,weekly_stats_historical,"Historical test mode: team is from loaded weekly/player stats context, not live roster confirmation.",ROUTE_PROXY_UNVALIDATED,75,Medium,ROUTE_PROXY_UNVALIDATED|LOW_CURRENT_SAMPLE
historical_test,2023,2024,2024,22,2025,1,All feature history is before target season/week.,PASS,2025,1,LAC,00-0034159,W.Dissly,TE,37.0,0.0850333110974274,0.8244602348706458,2.5939435946509066,2-3,0.8509662873274326,2.2073585502768567,2.2073585502768567,28.92753466122467,True,193,8,31,True,,weekly_stats_historical,"Historical test mode: team is from loaded weekly/player stats context, not live roster confirmation.",ROUTE_PROXY_UNVALIDATED,75,Medium,ROUTE_PROXY_UNVALIDATED|LOW_CURRENT_SAMPLE
historical_test,2023,2024,2024,22,2025,1,All feature history is before target season/week.,PASS,2025,1,WAS,00-0034297,B.Pringle,WR,39.75,0.0914816647812971,0.7103891647144248,2.583256441369159,2-3,0.8509662873274326,2.198264143126589,2.198264143126589,18.60866956802045,True,194,9,162,True,,weekly_stats_historical,"Historical test mode: team is from loaded weekly/player stats context, not live roster confirmation.",ROUTE_PROXY_UNVALIDATED,75,Medium,ROUTE_PROXY_UNVALIDATED|LOW_CURRENT_SAMPLE
historical_test,2023,2024,2024,22,2025,1,All feature history is before target season/week.,PASS,2025,1,LA,00-0032775,D.Robinson,WR,38.75,0.1119234931734931,0.5954737254176158,2.5825906033687045,2-3,0.8509662873274326,2.1976975374353804,2.1976975374353804,33.980036934333825,True,195,8,163,True,,weekly_stats_historical,"Historical test mode: team is from loaded weekly/player stats context, not live roster confirmation.",ROUTE_PROXY_UNVALIDATED,75,Medium,ROUTE_PROXY_UNVALIDATED|LOW_CURRENT_SAMPLE
historical_test,2023,2024,2024,22,2025,1,All feature history is before target season/week.,PASS,2025,1,GB,00-0038465,M.Heath,WR,32.0,0.1112460815047022,0.7253812308855564,2.582266225058426,2-3,0.8509662873274326,2.1974215024289934,2.1974215024289934,27.726504745689603,True,196,4,164,True,,weekly_stats_historical,"Historical test mode: team is from loaded weekly/player stats context, not live roster confirmation.",ROUTE_PROXY_UNVALIDATED,75,Medium,ROUTE_PROXY_UNVALIDATED|LOW_CURRENT_SAMPLE
historical_test,2023,2024,2024,22,2025,1,All feature history is before target season/week.,PASS,2025,1,CLE,00-0030068,M.Goodwin,WR,40.5,0.0921250503372596,0.6912224980477581,2.5789957507892898,2-3,0.8509662873274326,2.1946384390823868,2.1946384390823868,19.694081069874816,True,197,8,165,True,,weekly_stats_historical,"Historical test mode: team is from loaded weekly/player stats context, not live roster confirmation.",ROUTE_PROXY_UNVALIDATED,75,Medium,ROUTE_PROXY_UNVALIDATED|LOW_CURRENT_SAMPLE
historical_test,2023,2024,2024,22,2025,1,All feature history is before target season/week.,PASS,2025,1,GB,00-0038996,T.Kraft,TE,32.0,0.0982500290258911,0.8187200692391757,2.574056658138515,2-3,0.8509662873274326,2.1904354377465904,2.1904354377465904,30.109136558958625,True,198,5,32,True,,weekly_stats_historical,"Historical test mode: team is from loaded weekly/player stats context, not live roster confirmation.",ROUTE_PROXY_UNVALIDATED,75,Medium,ROUTE_PROXY_UNVALIDATED|LOW_CURRENT_SAMPLE
historical_test,2023,2024,2024,22,2025,1,All feature history is before target season/week.,PASS,2025,1,DEN,00-0035406,L.Humphrey,WR,32.25,0.1022169954686118,0.780426418445525,2.5726742086100547,2-3,0.8509662873274326,2.189259019803939,2.189259019803939,22.98352712918794,True,199,4,166,True,,weekly_stats_historical,"Historical test mode: team is from loaded weekly/player stats context, not live roster confirmation.",ROUTE_PROXY_UNVALIDATED,75,Medium,ROUTE_PROXY_UNVALIDATED|LOW_CURRENT_SAMPLE
historical_test,2023,2024,2024,22,2025,1,All feature history is before target season/week.,PASS,2025,1,MIN,00-0033293,A.Jones,RB,43.75,0.070281258711286,0.8363741308638256,2.571687416841703,2-3,0.8509662873274326,2.1884192932764597,2.1884192932764597,19.892823299527382,True,200,8,2,True,,weekly_stats_historical,"Historical test mode: team is from loaded weekly/player stats context, not live roster confirmation.",ROUTE_PROXY_UNVALIDATED,75,Medium,ROUTE_PROXY_UNVALIDATED|LOW_CURRENT_SAMPLE
historical_test,2023,2024,2024,22,2025,1,All feature history is before target season/week.,PASS,2025,1,CAR,00-0035976,D.Chisena,WR,32.75,0.0929069660014781,0.844315307334414,2.5690008338622543,2-3,0.8509662873274326,2.186133101732841,2.186133101732841,16.6185654698748,True,201,5,167,True,,weekly_stats_historical,"Historical test mode: team is from loaded weekly/player stats context, not live roster confirmation.",ROUTE_PROXY_UNVALIDATED,60,Medium,ROUTE_PROXY_UNVALIDATED|LOW_CURRENT_SAMPLE|LOW_PLAYER_SAMPLE
historical_test,2023,2024,2024,22,2025,1,All feature history is before target season/week.,PASS,2025,1,DAL,00-0039410,R.Flournoy,WR,33.0,0.0991295041628745,0.7847914978106044,2.567267737623759,2-3,0.8509662873274326,2.1846582952611877,2.1846582952611877,21.509667588726945,True,202,5,168,True,,weekly_stats_historical,"Historical test mode: team is from loaded weekly/player stats context, not live roster confirmation.",ROUTE_PROXY_UNVALIDATED,75,Medium,ROUTE_PROXY_UNVALIDATED|LOW_CURRENT_SAMPLE
historical_test,2023,2024,2024,22,2025,1,All feature history is before target season/week.,PASS,2025,1,NO,00-0037231,K.Austin,WR,38.25,0.1040064566940834,0.644937603434576,2.565721065766659,2-3,0.8509662873274326,2.1833421296532376,2.1833421296532376,28.52189229921072,True,203,15,169,True,,weekly_stats_historical,"Historical test mode: team is from loaded weekly/player stats context, not live roster confirmation.",ROUTE_PROXY_UNVALIDATED,75,Medium,ROUTE_PROXY_UNVALIDATED|LOW_CURRENT_SAMPLE
historical_test,2023,2024,2024,22,2025,1,All feature history is before target season/week.,PASS,2025,1,DET,00-0039139,J.Gibbs,RB,37.5,0.0792225277145335,0.8618132598323663,2.560313432318329,2-3,0.8509662873274326,2.1787404158944845,2.1787404158944845,19.06205039306992,True,204,8,3,True,,weekly_stats_historical,"Historical test mode: team is from loaded weekly/player stats context, not live roster confirmation.",ROUTE_PROXY_UNVALIDATED,75,Medium,ROUTE_PROXY_UNVALIDATED|LOW_CURRENT_SAMPLE
historical_test,2023,2024,2024,22,2025,1,All feature history is before target season/week.,PASS,2025,1,SEA,00-0035891,C.White,WR,35.25,0.0943627450980392,0.7693153073344139,2.558963324672099,2-3,0.8509662873274326,2.1775915198032796,2.1775915198032796,19.199023699902337,True,205,7,170,True,,weekly_stats_historical,"Historical test mode: team is from loaded weekly/player stats context, not live roster confirmation.",ROUTE_PROXY_UNVALIDATED,60,Medium,ROUTE_PROXY_UNVALIDATED|LOW_CURRENT_SAMPLE|LOW_PLAYER_SAMPLE
historical_test,2023,2024,2024,22,2025,1,All feature history is before target season/week.,PASS,2025,1,CIN,00-0035399,S.Morgan,WR,44.5,0.0833333333333333,0.6888288022258241,2.5544068082540967,2-3,0.8509662873274326,2.173714077943906,2.173714077943906,8.159412049896732,True,206,13,171,True,,weekly_stats_historical,"Historical test mode: team is from loaded weekly/player stats context, not live roster confirmation.",ROUTE_PROXY_UNVALIDATED,60,Medium,ROUTE_PROXY_UNVALIDATED|LOW_CURRENT_SAMPLE|LOW_PLAYER_SAMPLE
historical_test,2023,2024,2024,22,2025,1,All feature history is before target season/week.,PASS,2025,1,CIN,00-0038597,C.Brown,RB,44.5,0.0632708342322129,0.9055332560523628,2.5495760818273046,2-3,0.8509662873274326,2.169603292611404,2.169603292611404,18.14452273579225,True,207,14,4,True,,weekly_stats_historical,"Historical test mode: team is from loaded weekly/player stats context, not live roster confirmation.",ROUTE_PROXY_UNVALIDATED,75,Medium,ROUTE_PROXY_UNVALIDATED|LOW_CURRENT_SAMPLE
historical_test,2023,2024,2024,22,2025,1,All feature history is before target season/week.,PASS,2025,1,JAX,00-0036497,T.Jones,WR,36.75,0.0863095238095238,0.8026486406677472,2.5459011571180103,2-3,0.8509662873274326,2.166476055575328,2.166476055575328,10.397562815390922,True,208,8,172,True,,weekly_stats_historical,"Historical test mode: team is from loaded weekly/player stats context, not live roster confirmation.",ROUTE_PROXY_UNVALIDATED,75,Medium,ROUTE_PROXY_UNVALIDATED|LOW_CURRENT_SAMPLE
historical_test,2023,2024,2024,22,2025,1,All feature history is before target season/week.,PASS,2025,1,JAX,00-0036841,A.Trammell,WR,36.75,0.0895833333333333,0.7693153073344139,2.5327302383650148,2-3,0.8509662873274326,2.1552680477434,2.1552680477434,15.0675,True,209,9,173,True,,weekly_stats_historical,"Historical test mode: team is from loaded weekly/player stats context, not live roster confirmation.",ROUTE_PROXY_UNVALIDATED,75,Medium,ROUTE_PROXY_UNVALIDATED|LOW_CURRENT_SAMPLE
historical_test,2023,2024,2024,22,2025,1,All feature history is before target season/week.,PASS,2025,1,BAL,00-0034353,A.Miller,WR,25.25,0.1050328947368421,0.95,2.5194765625,2-3,0.8509662873274326,2.1439896163991072,2.1439896163991072,19.289932521902745,True,210,2,174,True,,weekly_stats_historical,"Historical test mode: team is from loaded weekly/player stats context, not live roster confirmation.",ROUTE_PROXY_UNVALIDATED,60,Medium,ROUTE_PROXY_UNVALIDATED|LOW_CURRENT_SAMPLE|LOW_PLAYER_SAMPLE
historical_test,2023,2024,2024,22,2025,1,All feature history is before target season/week.,PASS,2025,1,DET,00-0038627,A.Green,WR,37.5,0.0895608243297318,0.7470630417806593,2.5090343193057265,2-3,0.8509662873274326,2.1351036194767063,2.1351036194767063,15.347288953143629,True,211,9,175,True,,weekly_stats_historical,"Historical test mode: team is from loaded weekly/player stats context, not live roster confirmation.",ROUTE_PROXY_UNVALIDATED,60,Medium,ROUTE_PROXY_UNVALIDATED|LOW_CURRENT_SAMPLE|LOW_PLAYER_SAMPLE
historical_test,2023,2024,2024,22,2025,1,All feature history is before target season/week.,PASS,2025,1,TEN,00-0039650,B.Oliver,WR,34.5,0.0958763751732501,0.7582041962233028,2.507938514138808,2-3,0.8509662873274326,2.1341711262221796,2.1341711262221796,20.03846168925528,True,212,8,176,True,,weekly_stats_historical,"Historical test mode: team is from loaded weekly/player stats context, not live roster confirmation.",ROUTE_PROXY_UNVALIDATED,60,Medium,ROUTE_PROXY_UNVALIDATED|LOW_CURRENT_SAMPLE|LOW_PLAYER_SAMPLE
historical_test,2023,2024,2024,22,2025,1,All feature history is before target season/week.,PASS,2025,1,CAR,00-0033589,D.Moore,WR,32.75,0.1086031445406445,0.7042029543117689,2.50467595888304,2-3,0.8509662873274326,2.1313948016889777,2.1313948016889777,26.999526696708777,True,213,6,177,True,,weekly_stats_historical,"Historical test mode: team is from loaded weekly/player stats context, not live roster confirmation.",ROUTE_PROXY_UNVALIDATED,75,Medium,ROUTE_PROXY_UNVALIDATED|LOW_CURRENT_SAMPLE
historical_test,2023,2024,2024,22,2025,1,All feature history is before target season/week.,PASS,2025,1,DAL,00-0038041,J.Ferguson,TE,33.0,0.0998812011743046,0.759005229815034,2.5017416836996555,2-3,0.8509662873274326,2.128897832430176,2.128897832430176,31.637631767285686,True,214,6,33,True,,weekly_stats_historical,"Historical test mode: team is from loaded weekly/player stats context, not live roster confirmation.",ROUTE_PROXY_UNVALIDATED,75,Medium,ROUTE_PROXY_UNVALIDATED|LOW_CURRENT_SAMPLE
historical_test,2023,2024,2024,22,2025,1,All feature history is before target season/week.,PASS,2025,1,NE,00-0032392,A.Hooper,TE,30.5,0.0953334056857899,0.8573379062044704,2.492854743870892,2-3,0.8509662873274326,2.121335346238391,2.121335346238391,27.70020511935928,True,215,5,34,True,,weekly_stats_historical,"Historical test mode: team is from loaded weekly/player stats context, not live roster confirmation.",ROUTE_PROXY_UNVALIDATED,75,Medium,ROUTE_PROXY_UNVALIDATED|LOW_CURRENT_SAMPLE
historical_test,2023,2024,2024,22,2025,1,All feature history is before target season/week.,PASS,2025,1,MIA,00-0038507,G.DuBose,WR,38.0,0.0966735966735966,0.6784792701012425,2.492459189748222,2-3,0.8509662873274326,2.120998743015185,2.120998743015185,22.761959487768173,True,216,8,178,True,,weekly_stats_historical,"Historical test mode: team is from loaded weekly/player stats context, not live roster confirmation.",ROUTE_PROXY_UNVALIDATED,60,Medium,ROUTE_PROXY_UNVALIDATED|LOW_CURRENT_SAMPLE|LOW_PLAYER_SAMPLE
historical_test,2023,2024,2024,22,2025,1,All feature history is before target season/week.,PASS,2025,1,SEA,00-0036877,J.Darden,WR,35.25,0.0833333333333333,0.8444144011129121,2.480467303269178,2-3,0.8509662873274326,2.1107940519000614,2.1107940519000614,6.463354488963142,True,217,8,179,True,,weekly_stats_historical,"Historical test mode: team is from loaded weekly/player stats context, not live roster confirmation.",ROUTE_PROXY_UNVALIDATED,60,Medium,ROUTE_PROXY_UNVALIDATED|LOW_CURRENT_SAMPLE|LOW_PLAYER_SAMPLE
historical_test,2023,2024,2024,22,2025,1,All feature history is before target season/week.,PASS,2025,1,BAL,00-0036550,R.Bateman,WR,25.25,0.122985197368421,0.7966834507943296,2.4740018537614072,2-3,0.8509662873274326,2.1052921723365308,2.1052921723365308,26.07576357274824,True,218,3,180,True,,weekly_stats_historical,"Historical test mode: team is from loaded weekly/player stats context, not live roster confirmation.",ROUTE_PROXY_UNVALIDATED,75,Medium,ROUTE_PROXY_UNVALIDATED|LOW_CURRENT_SAMPLE
historical_test,2023,2024,2024,22,2025,1,All feature history is before target season/week.,PASS,2025,1,NO,00-0033906,A.Kamara,RB,38.25,0.0753018054341039,0.858004445911193,2.4713051071707297,2-3,0.8509662873274326,2.1029973319023987,2.1029973319023987,18.57172400944888,True,219,16,5,True,,weekly_stats_historical,"Historical test mode: team is from loaded weekly/player stats context, not live roster confirmation.",ROUTE_PROXY_UNVALIDATED,75,Medium,ROUTE_PROXY_UNVALIDATED|LOW_CURRENT_SAMPLE
historical_test,2023,2024,2024,22,2025,1,All feature history is before target season/week.,PASS,2025,1,TB,00-0038824,R.Miller,WR,33.25,0.0964566562313655,0.7693153073344139,2.467335605925005,2-3,0.8509662873274326,2.099619420164783,2.099619420164783,19.7541071462993,True,220,6,181,True,,weekly_stats_historical,"Historical test mode: team is from loaded weekly/player stats context, not live roster confirmation.",ROUTE_PROXY_UNVALIDATED,75,Medium,ROUTE_PROXY_UNVALIDATED|LOW_CURRENT_SAMPLE
historical_test,2023,2024,2024,22,2025,1,All feature history is before target season/week.,PASS,2025,1,GB,00-0038124,C.Watson,WR,32.0,0.1255975408606987,0.6138757211344861,2.4672409909945436,2-3,0.8509662873274326,2.099538906048682,2.099538906048682,34.117734987419155,True,221,6,182,True,,weekly_stats_historical,"Historical test mode: team is from loaded weekly/player stats context, not live roster confirmation.",ROUTE_PROXY_UNVALIDATED,75,Medium,ROUTE_PROXY_UNVALIDATED|LOW_CURRENT_SAMPLE
historical_test,2023,2024,2024,22,2025,1,All feature history is before target season/week.,PASS,2025,1,BUF,00-0033555,M.Hollins,WR,30.25,0.1104147465437788,0.7379934682539542,2.4649321928837944,2-3,0.8509662873274326,2.0975741966921895,2.0975741966921895,25.81694733965571,True,222,4,183,True,,weekly_stats_historical,"Historical test mode: team is from loaded weekly/player stats context, not live roster confirmation.",ROUTE_PROXY_UNVALIDATED,75,Medium,ROUTE_PROXY_UNVALIDATED|LOW_CURRENT_SAMPLE
historical_test,2023,2024,2024,22,2025,1,All feature history is before target season/week.,PASS,2025,1,WAS,00-0039355,L.McCaffrey,WR,39.75,0.0898714539007092,0.6899792701012426,2.4648752465726154,2-3,0.8509662873274326,2.0975257373011886,2.0975257373011886,16.66891928150406,True,223,10,184,True,,weekly_stats_historical,"Historical test mode: team is from loaded weekly/player stats context, not live roster confirmation.",ROUTE_PROXY_UNVALIDATED,75,Medium,ROUTE_PROXY_UNVALIDATED|LOW_CURRENT_SAMPLE
historical_test,2023,2024,2024,22,2025,1,All feature history is before target season/week.,PASS,2025,1,CIN,00-0038891,S.Jackson,WR,44.5,0.0873655913978494,0.6337224980477582,2.463766566670886,2-3,0.8509662873274326,2.0965822880813794,2.0965822880813794,14.654736655826088,True,224,15,185,True,,weekly_stats_historical,"Historical test mode: team is from loaded weekly/player stats context, not live roster confirmation.",ROUTE_PROXY_UNVALIDATED,60,Medium,ROUTE_PROXY_UNVALIDATED|LOW_CURRENT_SAMPLE|LOW_PLAYER_SAMPLE
historical_test,2023,2024,2024,22,2025,1,All feature history is before target season/week.,PASS,2025,1,NE,00-0033090,H.Henry,TE,30.5,0.106738935639707,0.7567437151236465,2.463607570482238,2-3,0.8509662873274326,2.0964469876850265,2.0964469876850265,31.4214927113206,True,225,6,35,True,,weekly_stats_historical,"Historical test mode: team is from loaded weekly/player stats context, not live roster confirmation.",ROUTE_PROXY_UNVALIDATED,75,Medium,ROUTE_PROXY_UNVALIDATED|LOW_CURRENT_SAMPLE
historical_test,2023,2024,2024,22,2025,1,All feature history is before target season/week.,PASS,2025,1,PHI,00-0039747,A.Smith,WR,26.25,0.1074849770236832,0.8693153073344139,2.452756315673359,2-3,0.8509662873274326,2.0872129356674707,2.0872129356674707,21.156630551776143,True,226,4,186,True,,weekly_stats_historical,"Historical test mode: team is from loaded weekly/player stats context, not live roster confirmation.",ROUTE_PROXY_UNVALIDATED,60,Medium,ROUTE_PROXY_UNVALIDATED|LOW_CURRENT_SAMPLE|LOW_PLAYER_SAMPLE
historical_test,2023,2024,2024,22,2025,1,All feature history is before target season/week.,PASS,2025,1,KC,00-0035140,M.Hardman,WR,30.0,0.0909442204301075,0.8978867359058424,2.4497282769447195,2-3,0.8509662873274326,2.0846361767926767,2.0846361767926767,13.573215441425615,True,227,4,187,True,,weekly_stats_historical,"Historical test mode: team is from loaded weekly/player stats context, not live roster confirmation.",ROUTE_PROXY_UNVALIDATED,75,Medium,ROUTE_PROXY_UNVALIDATED|LOW_CURRENT_SAMPLE
historical_test,2023,2024,2024,22,2025,1,All feature history is before target season/week.,PASS,2025,1,TEN,00-0038589,J.Whyle,TE,34.5,0.0868180079117579,0.8167413047604114,2.446320930519936,2-3,0.8509662873274326,2.08173663985594,2.08173663985594,27.777496951710518,True,228,9,36,True,,weekly_stats_historical,"Historical test mode: team is from loaded weekly/player stats context, not live roster confirmation.",ROUTE_PROXY_UNVALIDATED,75,Medium,ROUTE_PROXY_UNVALIDATED|LOW_CURRENT_SAMPLE
historical_test,2023,2024,2024,22,2025,1,All feature history is before target season/week.,PASS,2025,1,JAX,00-0038667,E.Cooks,WR,36.75,0.0890827922077922,0.7470630417806593,2.445729468102236,2-3,0.8509662873274326,2.0812333252782564,2.0812333252782564,14.451558238174997,True,229,10,188,True,,weekly_stats_historical,"Historical test mode: team is from loaded weekly/player stats context, not live roster confirmation.",ROUTE_PROXY_UNVALIDATED,60,Medium,ROUTE_PROXY_UNVALIDATED|LOW_CURRENT_SAMPLE|LOW_PLAYER_SAMPLE
historical_test,2023,2024,2024,22,2025,1,All feature history is before target season/week.,PASS,2025,1,TB,00-0035164,C.Thompson,WR,33.25,0.0865384615384615,0.8470630417806593,2.4373424543544435,2-3,0.8509662873274326,2.074096259327533,2.074096259327533,9.76243602034257,True,230,7,189,True,,weekly_stats_historical,"Historical test mode: team is from loaded weekly/player stats context, not live roster confirmation.",ROUTE_PROXY_UNVALIDATED,60,Medium,ROUTE_PROXY_UNVALIDATED|LOW_CURRENT_SAMPLE|LOW_PLAYER_SAMPLE
historical_test,2023,2024,2024,22,2025,1,All feature history is before target season/week.,PASS,2025,1,TB,00-0038129,C.Otton,TE,33.25,0.0919162536809595,0.7947500317859922,2.4289273140251804,2-3,0.8509662873274326,2.0669352586042007,2.0669352586042007,28.87155985266109,True,231,8,37,True,,weekly_stats_historical,"Historical test mode: team is from loaded weekly/player stats context, not live roster confirmation.",ROUTE_PROXY_UNVALIDATED,75,Medium,ROUTE_PROXY_UNVALIDATED|LOW_CURRENT_SAMPLE
historical_test,2023,2024,2024,22,2025,1,All feature history is before target season/week.,PASS,2025,1,LV,00-0036955,T.Marshall,WR,39.0,0.092217900673783,0.6688959367679093,2.4056829832604434,2-3,0.8509662873274326,2.047155116751922,2.047155116751922,19.064551675034632,True,232,8,190,True,,weekly_stats_historical,"Historical test mode: team is from loaded weekly/player stats context, not live roster confirmation.",ROUTE_PROXY_UNVALIDATED,75,Medium,ROUTE_PROXY_UNVALIDATED|LOW_CURRENT_SAMPLE
historical_test,2023,2024,2024,22,2025,1,All feature history is before target season/week.,PASS,2025,1,GB,00-0037098,S.Toure,WR,32.0,0.1004644583035643,0.7470630417806593,2.4017050819554226,2-3,0.8509662873274326,2.043770056847033,2.043770056847033,21.721347722738503,True,233,7,191,True,,weekly_stats_historical,"Historical test mode: team is from loaded weekly/player stats context, not live roster confirmation.",ROUTE_PROXY_UNVALIDATED,75,Medium,ROUTE_PROXY_UNVALIDATED|LOW_CURRENT_SAMPLE
historical_test,2023,2024,2024,22,2025,1,All feature history is before target season/week.,PASS,2025,1,HOU,00-0034383,D.Schultz,TE,34.5,0.0910898297491039,0.7615196084096827,2.3931508560821584,2-3,0.8509662873274326,2.0364906990147014,2.0364906990147014,29.61456186057035,True,234,7,38,True,,weekly_stats_historical,"Historical test mode: team is from loaded weekly/player stats context, not live roster confirmation.",ROUTE_PROXY_UNVALIDATED,75,Medium,ROUTE_PROXY_UNVALIDATED|LOW_CURRENT_SAMPLE
historical_test,2023,2024,2024,22,2025,1,All feature history is before target season/week.,PASS,2025,1,DAL,00-0037801,K.Turpin,WR,33.0,0.1055498022092849,0.6868093983063709,2.3922556728416087,2-3,0.8509662873274326,2.035728928256013,2.035728928256013,25.509109862176512,True,235,7,192,True,,weekly_stats_historical,"Historical test mode: team is from loaded weekly/player stats context, not live roster confirmation.",ROUTE_PROXY_UNVALIDATED,75,Medium,ROUTE_PROXY_UNVALIDATED|LOW_CURRENT_SAMPLE
historical_test,2023,2024,2024,22,2025,1,All feature history is before target season/week.,PASS,2025,1,DEN,00-0039868,T.Franklin,WR,32.25,0.1046358024461714,0.7085983177202902,2.3911683031700974,2-3,0.8509662873274326,2.0348036133236946,2.0348036133236946,24.41116685207465,True,236,5,193,True,,weekly_stats_historical,"Historical test mode: team is from loaded weekly/player stats context, not live roster confirmation.",ROUTE_PROXY_UNVALIDATED,75,Medium,ROUTE_PROXY_UNVALIDATED|LOW_CURRENT_SAMPLE
historical_test,2023,2024,2024,22,2025,1,All feature history is before target season/week.,PASS,2025,1,PHI,00-0036271,Q.Watkins,WR,26.25,0.1200148809523809,0.7584266781442957,2.3893402965756803,2-3,0.8509662873274326,2.033248041338833,2.033248041338833,26.073358799021268,True,237,5,194,True,,weekly_stats_historical,"Historical test mode: team is from loaded weekly/player stats context, not live roster confirmation.",ROUTE_PROXY_UNVALIDATED,75,Medium,ROUTE_PROXY_UNVALIDATED|LOW_CURRENT_SAMPLE
historical_test,2023,2024,2024,22,2025,1,All feature history is before target season/week.,PASS,2025,1,LAC,00-0036387,J.Reagor,WR,37.0,0.0977991118077324,0.659312603434576,2.3857669197231735,2-3,0.8509662873274326,2.030207218105434,2.030207218105434,23.07897289900799,True,238,9,195,True,,weekly_stats_historical,"Historical test mode: team is from loaded weekly/player stats context, not live roster confirmation.",ROUTE_PROXY_UNVALIDATED,75,Medium,ROUTE_PROXY_UNVALIDATED|LOW_CURRENT_SAMPLE
historical_test,2023,2024,2024,22,2025,1,All feature history is before target season/week.,PASS,2025,1,SEA,00-0039793,A.Barner,TE,35.25,0.0783093796163874,0.864052149439677,2.3851344192036574,2-3,0.8509662873274326,2.029668981486609,2.029668981486609,24.213011665111047,True,239,9,39,True,,weekly_stats_historical,"Historical test mode: team is from loaded weekly/player stats context, not live roster confirmation.",ROUTE_PROXY_UNVALIDATED,75,Medium,ROUTE_PROXY_UNVALIDATED|LOW_CURRENT_SAMPLE
historical_test,2023,2024,2024,22,2025,1,All feature history is before target season/week.,PASS,2025,1,CIN,00-0036251,Z.Moss,RB,44.5,0.0583719071696195,0.9160745665936731,2.379549370493661,2-3,0.8509662873274326,2.0249162933213203,2.0249162933213203,16.528464837552058,True,240,16,6,True,,weekly_stats_historical,"Historical test mode: team is from loaded weekly/player stats context, not live roster confirmation.",ROUTE_PROXY_UNVALIDATED,75,Medium,ROUTE_PROXY_UNVALIDATED|LOW_CURRENT_SAMPLE
historical_test,2023,2024,2024,22,2025,1,All feature history is before target season/week.,PASS,2025,1,LV,00-0036232,H.Bryant,TE,39.0,0.07147918007293,0.8509819740010806,2.372272256579186,2-3,0.8509662873274326,2.0187237147110606,2.0187237147110606,22.410320274959364,True,241,9,40,True,,weekly_stats_historical,"Historical test mode: team is from loaded weekly/player stats context, not live roster confirmation.",ROUTE_PROXY_UNVALIDATED,75,Medium,ROUTE_PROXY_UNVALIDATED|LOW_CURRENT_SAMPLE
historical_test,2023,2024,2024,22,2025,1,All feature history is before target season/week.,PASS,2025,1,KC,00-0033857,J.Smith-Schuster,WR,30.0,0.1046966911764705,0.7547319740010806,2.370538212089973,2-3,0.8509662873274326,2.0172481013100145,2.0172481013100145,22.740492195511457,True,242,5,196,True,,weekly_stats_historical,"Historical test mode: team is from loaded weekly/player stats context, not live roster confirmation.",ROUTE_PROXY_UNVALIDATED,75,Medium,ROUTE_PROXY_UNVALIDATED|LOW_CURRENT_SAMPLE
historical_test,2023,2024,2024,22,2025,1,All feature history is before target season/week.,PASS,2025,1,JAX,00-0036196,G.Davis,WR,36.75,0.1081845238095238,0.5945110161329886,2.3636457508599835,2-3,0.8509662873274326,2.011382849166582,2.011382849166582,30.0451786377615,True,243,11,197,True,,weekly_stats_historical,"Historical test mode: team is from loaded weekly/player stats context, not live roster confirmation.",ROUTE_PROXY_UNVALIDATED,75,Medium,ROUTE_PROXY_UNVALIDATED|LOW_CURRENT_SAMPLE
historical_test,2023,2024,2024,22,2025,1,All feature history is before target season/week.,PASS,2025,1,NYJ,00-0038496,X.Gipson,WR,38.25,0.0833333333333333,0.740414401112912,2.360070903547406,2-3,0.8509662873274326,2.0083407746212356,2.0083407746212356,7.01342721142809,True,244,8,198,True,,weekly_stats_historical,"Historical test mode: team is from loaded weekly/player stats context, not live roster confirmation.",ROUTE_PROXY_UNVALIDATED,75,Medium,ROUTE_PROXY_UNVALIDATED|LOW_CURRENT_SAMPLE
historical_test,2023,2024,2024,22,2025,1,All feature history is before target season/week.,PASS,2025,1,MIA,00-0031235,O.Beckham,WR,38.0,0.0992699706694272,0.6250143578205409,2.357715964815007,2-3,0.8509662873274326,2.006336801151242,2.006336801151242,24.87859151983974,True,245,9,199,True,,weekly_stats_historical,"Historical test mode: team is from loaded weekly/player stats context, not live roster confirmation.",ROUTE_PROXY_UNVALIDATED,75,Medium,ROUTE_PROXY_UNVALIDATED|LOW_CURRENT_SAMPLE
historical_test,2023,2024,2024,22,2025,1,All feature history is before target season/week.,PASS,2025,1,TB,00-0039754,D.Culp,TE,33.25,0.0792450716845878,0.8943153073344139,2.3564301812247983,2-3,0.8509662873274326,2.005242642663176,2.005242642663176,23.304094718421503,True,246,9,41,True,,weekly_stats_historical,"Historical test mode: team is from loaded weekly/player stats context, not live roster confirmation.",ROUTE_PROXY_UNVALIDATED,60,Medium,ROUTE_PROXY_UNVALIDATED|LOW_CURRENT_SAMPLE|LOW_PLAYER_SAMPLE
historical_test,2023,2024,2024,22,2025,1,All feature history is before target season/week.,PASS,2025,1,LV,00-0032104,A.Abdullah,RB,39.0,0.0682043829188152,0.882347222228031,2.347017964675549,2-3,0.8509662873274326,1.9972331636907392,1.9972331636907392,17.210880913713503,True,247,10,7,True,,weekly_stats_historical,"Historical test mode: team is from loaded weekly/player stats context, not live roster confirmation.",ROUTE_PROXY_UNVALIDATED,75,Medium,ROUTE_PROXY_UNVALIDATED|LOW_CURRENT_SAMPLE
historical_test,2023,2024,2024,22,2025,1,All feature history is before target season/week.,PASS,2025,1,CLE,00-0037300,M.Woods,WR,40.5,0.1046691281139541,0.5510773093169289,2.3360716503282632,2-3,0.8509662873274326,1.9879182192107105,1.9879182192107105,30.679853676512412,True,248,9,200,True,,weekly_stats_historical,"Historical test mode: team is from loaded weekly/player stats context, not live roster confirmation.",ROUTE_PROXY_UNVALIDATED,75,Medium,ROUTE_PROXY_UNVALIDATED|LOW_CURRENT_SAMPLE
historical_test,2023,2024,2024,22,2025,1,All feature history is before target season/week.,PASS,2025,1,PHI,00-0037132,B.Covey,WR,26.25,0.1016769495154383,0.8734819740010805,2.331340792545273,2-3,0.8509662873274326,1.9838924187272453,1.9838924187272453,18.4380773751863,True,249,6,201,True,,weekly_stats_historical,"Historical test mode: team is from loaded weekly/player stats context, not live roster confirmation.",ROUTE_PROXY_UNVALIDATED,75,Medium,ROUTE_PROXY_UNVALIDATED|LOW_CURRENT_SAMPLE
historical_test,2023,2024,2024,22,2025,1,All feature history is before target season/week.,PASS,2025,1,MIA,00-0039040,D.Achane,RB,38.0,0.0650265002876593,0.9414006932129032,2.326207713024438,2-3,0.8509662873274326,1.9795243411048438,1.9795243411048438,15.959743686153262,True,250,10,8,True,,weekly_stats_historical,"Historical test mode: team is from loaded weekly/player stats context, not live roster confirmation.",ROUTE_PROXY_UNVALIDATED,75,Medium,ROUTE_PROXY_UNVALIDATED|LOW_CURRENT_SAMPLE
historical_test,2023,2024,2024,22,2025,1,All feature history is before target season/week.,PASS,2025,1,CLE,00-0037380,K.Davis,WR,40.5,0.0833333333333333,0.6888288022258241,2.3247972075121552,2-3,0.8509662873274326,1.9783240484658018,1.9783240484658018,7.425981753276802,True,251,10,202,True,,weekly_stats_historical,"Historical test mode: team is from loaded weekly/player stats context, not live roster confirmation.",ROUTE_PROXY_UNVALIDATED,60,Medium,ROUTE_PROXY_UNVALIDATED|LOW_CURRENT_SAMPLE|LOW_PLAYER_SAMPLE
historical_test,2023,2024,2024,22,2025,1,All feature history is before target season/week.,PASS,2025,1,SF,00-0033576,E.Saubert,TE,41.0,0.0646852209352209,0.8755057835248901,2.321923686532219,2-3,0.8509662873274326,1.975878778985948,1.975878778985948,17.83913445620942,True,252,11,42,True,,weekly_stats_historical,"Historical test mode: team is from loaded weekly/player stats context, not live roster confirmation.",ROUTE_PROXY_UNVALIDATED,75,Medium,ROUTE_PROXY_UNVALIDATED|LOW_CURRENT_SAMPLE
historical_test,2023,2024,2024,22,2025,1,All feature history is before target season/week.,PASS,2025,1,BUF,00-0031544,A.Cooper,WR,30.25,0.1088184843830005,0.7001190550474791,2.3046233073522364,2-3,0.8509662873274326,1.9611567395458014,1.9611567395458014,25.04452695195211,True,253,5,203,True,,weekly_stats_historical,"Historical test mode: team is from loaded weekly/player stats context, not live roster confirmation.",ROUTE_PROXY_UNVALIDATED,75,Medium,ROUTE_PROXY_UNVALIDATED|LOW_CURRENT_SAMPLE
historical_test,2023,2024,2024,22,2025,1,All feature history is before target season/week.,PASS,2025,1,WAS,00-0039912,B.Sinnott,TE,39.75,0.0609848051551895,0.95,2.3029387046728433,2-3,0.8509662873274326,1.9597231994580964,1.9597231994580964,13.337349415469935,True,254,11,43,True,,weekly_stats_historical,"Historical test mode: team is from loaded weekly/player stats context, not live roster confirmation.",ROUTE_PROXY_UNVALIDATED,60,Medium,ROUTE_PROXY_UNVALIDATED|LOW_CURRENT_SAMPLE|LOW_PLAYER_SAMPLE
historical_test,2023,2024,2024,22,2025,1,All feature history is before target season/week.,PASS,2025,1,BUF,00-0039901,K.Coleman,WR,30.25,0.1220353302611367,0.6232645265114991,2.3008238430696744,2-3,0.8509662873274326,1.9579235235314363,1.9579235235314363,30.86284189977599,True,255,6,204,True,,weekly_stats_historical,"Historical test mode: team is from loaded weekly/player stats context, not live roster confirmation.",ROUTE_PROXY_UNVALIDATED,75,Medium,ROUTE_PROXY_UNVALIDATED|LOW_CURRENT_SAMPLE
historical_test,2023,2024,2024,22,2025,1,All feature history is before target season/week.,PASS,2025,1,WAS,00-0033699,A.Ekeler,RB,39.75,0.0643956819707077,0.8955057835248901,2.29225154914223,2-3,0.8509662873274326,1.9506287903941195,1.9506287903941195,16.52140873134126,True,256,12,9,True,,weekly_stats_historical,"Historical test mode: team is from loaded weekly/player stats context, not live roster confirmation.",ROUTE_PROXY_UNVALIDATED,75,Medium,ROUTE_PROXY_UNVALIDATED|LOW_CURRENT_SAMPLE
historical_test,2023,2024,2024,22,2025,1,All feature history is before target season/week.,PASS,2025,1,PIT,00-0035298,S.Miller,WR,36.75,0.1013558201058201,0.6145903812123538,2.289242470297057,2-3,0.8509662873274326,1.948068165740967,1.948068165740967,25.5863625378182,True,257,9,205,True,,weekly_stats_historical,"Historical test mode: team is from loaded weekly/player stats context, not live roster confirmation.",ROUTE_PROXY_UNVALIDATED,75,Medium,ROUTE_PROXY_UNVALIDATED|LOW_CURRENT_SAMPLE
historical_test,2023,2024,2024,22,2025,1,All feature history is before target season/week.,PASS,2025,1,KC,00-0034386,Ju.Watson,WR,30.0,0.0976522187822497,0.7797319740010805,2.284276719500068,2-3,0.8509662873274326,1.9438424792214601,1.9438424792214601,18.617429165452737,True,258,6,206,True,,weekly_stats_historical,"Historical test mode: team is from loaded weekly/player stats context, not live roster confirmation.",ROUTE_PROXY_UNVALIDATED,75,Medium,ROUTE_PROXY_UNVALIDATED|LOW_CURRENT_SAMPLE
historical_test,2023,2024,2024,22,2025,1,All feature history is before target season/week.,PASS,2025,1,KC,00-0035662,M.Brown,WR,30.0,0.1242735745614035,0.6116697462917188,2.2804315746821606,2-3,0.8509662873274326,1.940570390611529,1.940570390611529,31.480404305903654,True,259,7,207,True,,weekly_stats_historical,"Historical test mode: team is from loaded weekly/player stats context, not live roster confirmation.",ROUTE_PROXY_UNVALIDATED,75,Medium,ROUTE_PROXY_UNVALIDATED|LOW_CURRENT_SAMPLE
historical_test,2023,2024,2024,22,2025,1,All feature history is before target season/week.,PASS,2025,1,BAL,00-0034753,M.Andrews,TE,25.25,0.1074031432748538,0.8391013230065055,2.275583520328924,2-3,0.8509662873274326,1.936444859797794,1.936444859797794,26.181115829021333,True,260,4,44,True,,weekly_stats_historical,"Historical test mode: team is from loaded weekly/player stats context, not live roster confirmation.",ROUTE_PROXY_UNVALIDATED,75,Medium,ROUTE_PROXY_UNVALIDATED|LOW_CURRENT_SAMPLE
historical_test,2023,2024,2024,22,2025,1,All feature history is before target season/week.,PASS,2025,1,MIN,00-0037317,N.Muse,TE,43.75,0.0613695090439276,0.8470630417806593,2.274293131395906,2-3,0.8509662873274326,1.9353467823182549,1.9353467823182549,15.19064889836798,True,261,9,45,True,,weekly_stats_historical,"Historical test mode: team is from loaded weekly/player stats context, not live roster confirmation.",ROUTE_PROXY_UNVALIDATED,60,Medium,ROUTE_PROXY_UNVALIDATED|LOW_CURRENT_SAMPLE|LOW_PLAYER_SAMPLE
historical_test,2023,2024,2024,22,2025,1,All feature history is before target season/week.,PASS,2025,1,TEN,00-0038632,C.Dowell,WR,34.5,0.0882371794871794,0.7470630417806593,2.2741963818514193,2-3,0.8509662873274326,1.9352644517175825,1.9352644517175825,12.529431367169677,True,262,10,208,True,,weekly_stats_historical,"Historical test mode: team is from loaded weekly/player stats context, not live roster confirmation.",ROUTE_PROXY_UNVALIDATED,60,Medium,ROUTE_PROXY_UNVALIDATED|LOW_CURRENT_SAMPLE|LOW_PLAYER_SAMPLE
historical_test,2023,2024,2024,22,2025,1,All feature history is before target season/week.,PASS,2025,1,LV,00-0037506,C.Fotheringham,TE,39.0,0.0687134502923976,0.8470630417806593,2.269980344420975,2-3,0.8509662873274326,1.931676745998164,1.931676745998164,20.371373103089123,True,263,11,46,True,,weekly_stats_historical,"Historical test mode: team is from loaded weekly/player stats context, not live roster confirmation.",ROUTE_PROXY_UNVALIDATED,60,Medium,ROUTE_PROXY_UNVALIDATED|LOW_CURRENT_SAMPLE|LOW_PLAYER_SAMPLE
historical_test,2023,2024,2024,22,2025,1,All feature history is before target season/week.,PASS,2025,1,CHI,00-0031763,D.Carter,WR,35.75,0.0833333333333333,0.7618429725414835,2.2696571890298354,2-3,0.8509662873274326,1.931401751654736,1.931401751654736,6.555033276040633,True,264,6,209,True,,weekly_stats_historical,"Historical test mode: team is from loaded weekly/player stats context, not live roster confirmation.",ROUTE_PROXY_UNVALIDATED,75,Medium,ROUTE_PROXY_UNVALIDATED|LOW_CURRENT_SAMPLE
historical_test,2023,2024,2024,22,2025,1,All feature history is before target season/week.,PASS,2025,1,NYJ,00-0039920,M.Corley,WR,38.25,0.0925658582192157,0.6401459367679092,2.2665289193592977,2-3,0.8509662873274326,1.9287396996274395,1.9287396996274395,19.060554510956333,True,265,9,210,True,,weekly_stats_historical,"Historical test mode: team is from loaded weekly/player stats context, not live roster confirmation.",ROUTE_PROXY_UNVALIDATED,60,Medium,ROUTE_PROXY_UNVALIDATED|LOW_CURRENT_SAMPLE|LOW_PLAYER_SAMPLE
historical_test,2023,2024,2024,22,2025,1,All feature history is before target season/week.,PASS,2025,1,TEN,00-0037524,T.Martin,WR,34.5,0.1025641025641025,0.6401459367679092,2.2651317762556773,2-3,0.8509662873274326,1.9275507779476866,1.9275507779476866,24.811971366195856,True,266,11,211,True,,weekly_stats_historical,"Historical test mode: team is from loaded weekly/player stats context, not live roster confirmation.",ROUTE_PROXY_UNVALIDATED,60,Medium,ROUTE_PROXY_UNVALIDATED|LOW_CURRENT_SAMPLE|LOW_PLAYER_SAMPLE
historical_test,2023,2024,2024,22,2025,1,All feature history is before target season/week.,PASS,2025,1,KC,00-0030564,D.Hopkins,WR,30.0,0.107282072368421,0.703657300404273,2.2646944027361693,2-3,0.8509662873274326,1.9271785878276155,1.9271785878276155,24.07722485210759,True,267,8,212,True,,weekly_stats_historical,"Historical test mode: team is from loaded weekly/player stats context, not live roster confirmation.",ROUTE_PROXY_UNVALIDATED,75,Medium,ROUTE_PROXY_UNVALIDATED|LOW_CURRENT_SAMPLE
historical_test,2023,2024,2024,22,2025,1,All feature history is before target season/week.,PASS,2025,1,ARI,00-0039737,T.Reiman,TE,38.5,0.064702167866528,0.9089978470169536,2.2643440545881335,2-3,0.8509662873274326,1.9268804533648094,1.9268804533648094,16.766922514488524,True,268,7,47,True,,weekly_stats_historical,"Historical test mode: team is from loaded weekly/player stats context, not live roster confirmation.",ROUTE_PROXY_UNVALIDATED,60,Medium,ROUTE_PROXY_UNVALIDATED|LOW_CURRENT_SAMPLE|LOW_PLAYER_SAMPLE
historical_test,2023,2024,2024,22,2025,1,All feature history is before target season/week.,PASS,2025,1,MIN,00-0035249,J.Oliver,TE,43.75,0.0638379803675856,0.8103114759167894,2.2631283539902327,2-3,0.8509662873274326,1.925845933140512,1.925845933140512,18.13089740717413,True,269,10,48,True,,weekly_stats_historical,"Historical test mode: team is from loaded weekly/player stats context, not live roster confirmation.",ROUTE_PROXY_UNVALIDATED,75,Medium,ROUTE_PROXY_UNVALIDATED|LOW_CURRENT_SAMPLE
historical_test,2023,2024,2024,22,2025,1,All feature history is before target season/week.,PASS,2025,1,CLE,00-0032141,G.Swaim,TE,40.5,0.0587246826415632,0.95,2.259432164634144,2-3,0.8509662873274326,1.922700600606902,1.922700600606902,10.382151045605204,True,270,11,49,True,,weekly_stats_historical,"Historical test mode: team is from loaded weekly/player stats context, not live roster confirmation.",ROUTE_PROXY_UNVALIDATED,75,Medium,ROUTE_PROXY_UNVALIDATED|LOW_CURRENT_SAMPLE
historical_test,2023,2024,2024,22,2025,1,All feature history is before target season/week.,PASS,2025,1,ARI,00-0033553,J.Conner,RB,38.5,0.0639342638621212,0.9132547012738078,2.2479482812156486,2-3,0.8509662873274326,1.912928202970164,1.912928202970164,15.877951563907002,True,271,8,10,True,,weekly_stats_historical,"Historical test mode: team is from loaded weekly/player stats context, not live roster confirmation.",ROUTE_PROXY_UNVALIDATED,75,Medium,ROUTE_PROXY_UNVALIDATED|LOW_CURRENT_SAMPLE
historical_test,2023,2024,2024,22,2025,1,All feature history is before target season/week.,PASS,2025,1,PHI,00-0027944,J.Jones,WR,26.25,0.109147692962231,0.7845630417806593,2.2478727073369718,2-3,0.8509662873274326,1.9128638921472074,1.9128638921472074,21.872772397694607,True,272,7,213,True,,weekly_stats_historical,"Historical test mode: team is from loaded weekly/player stats context, not live roster confirmation.",ROUTE_PROXY_UNVALIDATED,75,Medium,ROUTE_PROXY_UNVALIDATED|LOW_CURRENT_SAMPLE
historical_test,2023,2024,2024,22,2025,1,All feature history is before target season/week.,PASS,2025,1,LV,00-0037450,T.McAllister,WR,39.0,0.0833333333333333,0.6888288022258241,2.238693607233927,2-3,0.8509662873274326,1.9050527874115126,1.9050527874115126,7.150945392044327,True,273,12,214,True,,weekly_stats_historical,"Historical test mode: team is from loaded weekly/player stats context, not live roster confirmation.",ROUTE_PROXY_UNVALIDATED,60,Medium,ROUTE_PROXY_UNVALIDATED|LOW_CURRENT_SAMPLE|LOW_PLAYER_SAMPLE
historical_test,2023,2024,2024,22,2025,1,All feature history is before target season/week.,PASS,2025,1,SEA,00-0038134,K.Walker,RB,35.25,0.0702827093640853,0.9032775714853571,2.237839024871026,2-3,0.8509662873274326,1.904325566630939,1.904325566630939,16.028256701411475,True,274,10,11,True,,weekly_stats_historical,"Historical test mode: team is from loaded weekly/player stats context, not live roster confirmation.",ROUTE_PROXY_UNVALIDATED,75,Medium,ROUTE_PROXY_UNVALIDATED|LOW_CURRENT_SAMPLE
historical_test,2023,2024,2024,22,2025,1,All feature history is before target season/week.,PASS,2025,1,HOU,00-0034970,I.Smith,TE,34.5,0.0674751984126984,0.95,2.2114996279761905,2-3,0.8509662873274326,1.8819116278448973,1.8819116278448973,17.15193841606748,True,275,8,50,True,,weekly_stats_historical,"Historical test mode: team is from loaded weekly/player stats context, not live roster confirmation.",ROUTE_PROXY_UNVALIDATED,75,Medium,ROUTE_PROXY_UNVALIDATED|LOW_CURRENT_SAMPLE
historical_test,2023,2024,2024,22,2025,1,All feature history is before target season/week.,PASS,2025,1,LAC,00-0037654,T.Fisk,TE,37.0,0.0631076388888888,0.9470930851121916,2.2114459111486813,2-3,0.8509662873274326,1.8818659166356249,1.8818659166356249,14.64190561368294,True,276,10,51,True,,weekly_stats_historical,"Historical test mode: team is from loaded weekly/player stats context, not live roster confirmation.",ROUTE_PROXY_UNVALIDATED,75,Medium,ROUTE_PROXY_UNVALIDATED|LOW_CURRENT_SAMPLE
historical_test,2023,2024,2024,22,2025,1,All feature history is before target season/week.,PASS,2025,1,ARI,00-0035876,A.Baccellia,WR,38.5,0.0833333333333333,0.6888288022258241,2.209992407141185,2-3,0.8509662873274326,1.88062903372675,1.88062903372675,7.059266604966835,True,277,9,215,True,,weekly_stats_historical,"Historical test mode: team is from loaded weekly/player stats context, not live roster confirmation.",ROUTE_PROXY_UNVALIDATED,60,Medium,ROUTE_PROXY_UNVALIDATED|LOW_CURRENT_SAMPLE|LOW_PLAYER_SAMPLE
historical_test,2023,2024,2024,22,2025,1,All feature history is before target season/week.,PASS,2025,1,TEN,00-0037742,T.Burks,WR,34.5,0.0969498910675381,0.659312603434576,2.2052498353440795,2-3,0.8509662873274326,1.8765932650121835,1.8765932650121835,20.878370926607744,True,278,12,216,True,,weekly_stats_historical,"Historical test mode: team is from loaded weekly/player stats context, not live roster confirmation.",ROUTE_PROXY_UNVALIDATED,75,Medium,ROUTE_PROXY_UNVALIDATED|LOW_CURRENT_SAMPLE
historical_test,2023,2024,2024,22,2025,1,All feature history is before target season/week.,PASS,2025,1,DET,00-0031428,A.Robinson,WR,37.5,0.0935419381991962,0.6278245081964807,2.2022970504620982,2-3,0.8509662873274326,1.8740805446238873,1.8740805446238873,19.64980807893809,True,279,10,217,True,,weekly_stats_historical,"Historical test mode: team is from loaded weekly/player stats context, not live roster confirmation.",ROUTE_PROXY_UNVALIDATED,75,Medium,ROUTE_PROXY_UNVALIDATED|LOW_CURRENT_SAMPLE
historical_test,2023,2024,2024,22,2025,1,All feature history is before target season/week.,PASS,2025,1,ARI,00-0036924,M.Carter,RB,38.5,0.0601637996849003,0.95,2.2004909734752287,2-3,0.8509662873274326,1.8725436339957433,1.8725436339957433,14.826618201857084,True,280,10,12,True,,weekly_stats_historical,"Historical test mode: team is from loaded weekly/player stats context, not live roster confirmation.",ROUTE_PROXY_UNVALIDATED,75,Medium,ROUTE_PROXY_UNVALIDATED|LOW_CURRENT_SAMPLE
historical_test,2023,2024,2024,22,2025,1,All feature history is before target season/week.,PASS,2025,1,CHI,00-0036290,C.Kmet,TE,35.75,0.0661583962995253,0.9299213679404744,2.1994153033567927,2-3,0.8509662873274326,1.8716282749886688,1.8716282749886688,16.76291942126954,True,281,7,52,True,,weekly_stats_historical,"Historical test mode: team is from loaded weekly/player stats context, not live roster confirmation.",ROUTE_PROXY_UNVALIDATED,75,Medium,ROUTE_PROXY_UNVALIDATED|LOW_CURRENT_SAMPLE
historical_test,2023,2024,2024,22,2025,1,All feature history is before target season/week.,PASS,2025,1,PIT,00-0037228,J.Warren,RB,36.75,0.0713952346771111,0.8381614611805678,2.199146982522414,2-3,0.8509662873274326,1.871399943004425,1.871399943004425,16.968002481812984,True,282,10,13,True,,weekly_stats_historical,"Historical test mode: team is from loaded weekly/player stats context, not live roster confirmation.",ROUTE_PROXY_UNVALIDATED,75,Medium,ROUTE_PROXY_UNVALIDATED|LOW_CURRENT_SAMPLE
historical_test,2023,2024,2024,22,2025,1,All feature history is before target season/week.,PASS,2025,1,NO,00-0039614,J.Jackson,WR,38.25,0.0833333333333333,0.6888288022258241,2.1956418070948134,2-3,0.8509662873274326,1.8684171568843684,1.8684171568843684,7.01342721142809,True,283,17,218,True,,weekly_stats_historical,"Historical test mode: team is from loaded weekly/player stats context, not live roster confirmation.",ROUTE_PROXY_UNVALIDATED,60,Medium,ROUTE_PROXY_UNVALIDATED|LOW_CURRENT_SAMPLE|LOW_PLAYER_SAMPLE
historical_test,2023,2024,2024,22,2025,1,All feature history is before target season/week.,PASS,2025,1,ARI,00-0033251,Z.Pascal,WR,38.5,0.0899122807017543,0.6337224980477582,2.1937082525622484,2-3,0.8509662873274326,1.8667717671624464,1.8667717671624464,16.195068287664153,True,284,11,219,True,,weekly_stats_historical,"Historical test mode: team is from loaded weekly/player stats context, not live roster confirmation.",ROUTE_PROXY_UNVALIDATED,75,Medium,ROUTE_PROXY_UNVALIDATED|LOW_CURRENT_SAMPLE
historical_test,2023,2024,2024,22,2025,1,All feature history is before target season/week.,PASS,2025,1,ARI,00-0039041,E.Higgins,TE,38.5,0.0668005004124594,0.8526486406677473,2.1928582010954387,2-3,0.8509662873274326,1.866048402021698,1.866048402021698,18.590963004786136,True,285,12,53,True,,weekly_stats_historical,"Historical test mode: team is from loaded weekly/player stats context, not live roster confirmation.",ROUTE_PROXY_UNVALIDATED,75,Medium,ROUTE_PROXY_UNVALIDATED|LOW_CURRENT_SAMPLE
historical_test,2023,2024,2024,22,2025,1,All feature history is before target season/week.,PASS,2025,1,NYG,00-0035535,D.Slayton,WR,33.5,0.0993048171356994,0.6589076738571112,2.191995653066598,2-3,0.8509662873274326,1.865314402727954,1.865314402727954,21.956407767757387,True,286,6,220,True,,weekly_stats_historical,"Historical test mode: team is from loaded weekly/player stats context, not live roster confirmation.",ROUTE_PROXY_UNVALIDATED,75,Medium,ROUTE_PROXY_UNVALIDATED|LOW_CURRENT_SAMPLE
historical_test,2023,2024,2024,22,2025,1,All feature history is before target season/week.,PASS,2025,1,LV,00-0038920,J.Shenker,TE,39.0,0.0586419753086419,0.95,2.1726851851851823,2-3,0.8509662873274326,1.84888184556835,1.84888184556835,9.866306299725345,True,287,13,54,True,,weekly_stats_historical,"Historical test mode: team is from loaded weekly/player stats context, not live roster confirmation.",ROUTE_PROXY_UNVALIDATED,60,Medium,ROUTE_PROXY_UNVALIDATED|LOW_CURRENT_SAMPLE|LOW_PLAYER_SAMPLE
historical_test,2023,2024,2024,22,2025,1,All feature history is before target season/week.,PASS,2025,1,CIN,00-0035771,M.Wilcox,TE,44.5,0.0622591845878136,0.7803963751139926,2.1621144676597797,2-3,0.8509662873274326,1.839886521321371,1.839886521321371,16.591188197547865,True,288,17,55,True,,weekly_stats_historical,"Historical test mode: team is from loaded weekly/player stats context, not live roster confirmation.",ROUTE_PROXY_UNVALIDATED,75,Medium,ROUTE_PROXY_UNVALIDATED|LOW_CURRENT_SAMPLE
historical_test,2023,2024,2024,22,2025,1,All feature history is before target season/week.,PASS,2025,1,CAR,00-0036482,M.Strachan,WR,32.75,0.0954939668174962,0.6912224980477581,2.1617481890656016,2-3,0.8509662873274326,1.8395748305859558,1.8395748305859558,18.729804833038447,True,289,7,221,True,,weekly_stats_historical,"Historical test mode: team is from loaded weekly/player stats context, not live roster confirmation.",ROUTE_PROXY_UNVALIDATED,60,Medium,ROUTE_PROXY_UNVALIDATED|LOW_CURRENT_SAMPLE|LOW_PLAYER_SAMPLE
historical_test,2023,2024,2024,22,2025,1,All feature history is before target season/week.,PASS,2025,1,LA,00-0036424,B.Hopkins,TE,38.75,0.0676251083859779,0.824840819558437,2.1614730556729533,2-3,0.8509662873274326,1.8393407013442942,1.8393407013442942,19.38562417744561,True,290,9,56,True,,weekly_stats_historical,"Historical test mode: team is from loaded weekly/player stats context, not live roster confirmation.",ROUTE_PROXY_UNVALIDATED,60,Medium,ROUTE_PROXY_UNVALIDATED|LOW_CURRENT_SAMPLE|LOW_PLAYER_SAMPLE
historical_test,2023,2024,2024,22,2025,1,All feature history is before target season/week.,PASS,2025,1,DET,00-0037708,M.Alexander,WR,37.5,0.0833333333333333,0.6888288022258241,2.1525900069556996,2-3,0.8509662873274326,1.8317815263572241,1.8317815263572241,6.875909030811853,True,291,11,222,True,,weekly_stats_historical,"Historical test mode: team is from loaded weekly/player stats context, not live roster confirmation.",ROUTE_PROXY_UNVALIDATED,60,Medium,ROUTE_PROXY_UNVALIDATED|LOW_CURRENT_SAMPLE|LOW_PLAYER_SAMPLE
historical_test,2023,2024,2024,22,2025,1,All feature history is before target season/week.,PASS,2025,1,TB,00-0039050,P.Durham,TE,33.25,0.0756216072247228,0.8542359422550488,2.1479066055065386,2-3,0.8509662873274326,1.8277961096139677,1.8277961096139677,21.447916234841244,True,292,10,57,True,,weekly_stats_historical,"Historical test mode: team is from loaded weekly/player stats context, not live roster confirmation.",ROUTE_PROXY_UNVALIDATED,75,Medium,ROUTE_PROXY_UNVALIDATED|LOW_CURRENT_SAMPLE
historical_test,2023,2024,2024,22,2025,1,All feature history is before target season/week.,PASS,2025,1,NO,00-0027696,J.Graham,TE,38.25,0.0703568318654525,0.7970630417806593,2.1450152634398454,2-3,0.8509662873274326,1.82533567499008,1.82533567499008,21.19061273232417,True,293,18,58,True,,weekly_stats_historical,"Historical test mode: team is from loaded weekly/player stats context, not live roster confirmation.",ROUTE_PROXY_UNVALIDATED,60,Medium,ROUTE_PROXY_UNVALIDATED|LOW_CURRENT_SAMPLE|LOW_PLAYER_SAMPLE
historical_test,2023,2024,2024,22,2025,1,All feature history is before target season/week.,PASS,2025,1,BAL,00-0036630,T.Wallace,WR,25.25,0.0984018640350877,0.8609819740010806,2.1392363363434725,2-3,0.8509662873274326,1.8204180028541437,1.8204180028541437,16.07461885453371,True,294,5,223,True,,weekly_stats_historical,"Historical test mode: team is from loaded weekly/player stats context, not live roster confirmation.",ROUTE_PROXY_UNVALIDATED,75,Medium,ROUTE_PROXY_UNVALIDATED|LOW_CURRENT_SAMPLE
historical_test,2023,2024,2024,22,2025,1,All feature history is before target season/week.,PASS,2025,1,JAX,00-0033943,J.Reynolds,WR,36.75,0.0974286153956071,0.5970209367679092,2.1376344287570994,2-3,0.8509662873274326,1.8190548335027261,1.8190548335027261,22.62757833022918,True,295,12,224,True,,weekly_stats_historical,"Historical test mode: team is from loaded weekly/player stats context, not live roster confirmation.",ROUTE_PROXY_UNVALIDATED,75,Medium,ROUTE_PROXY_UNVALIDATED|LOW_CURRENT_SAMPLE
historical_test,2023,2024,2024,22,2025,1,All feature history is before target season/week.,PASS,2025,1,HOU,00-0035216,D.Johnson,WR,34.5,0.1012234783026113,0.6113959367679094,2.1351230052207257,2-3,0.8509662873274326,1.8169176967400715,1.8169176967400715,23.931497380153186,True,296,9,225,True,,weekly_stats_historical,"Historical test mode: team is from loaded weekly/player stats context, not live roster confirmation.",ROUTE_PROXY_UNVALIDATED,75,Medium,ROUTE_PROXY_UNVALIDATED|LOW_CURRENT_SAMPLE
historical_test,2023,2024,2024,22,2025,1,All feature history is before target season/week.,PASS,2025,1,ATL,00-0034854,K.Hodge,WR,30.75,0.098164913682155,0.7072292701012427,2.134821832779196,2-3,0.8509662873274326,1.8166614091456574,1.8166614091456574,19.421496128326503,True,297,4,226,True,,weekly_stats_historical,"Historical test mode: team is from loaded weekly/player stats context, not live roster confirmation.",ROUTE_PROXY_UNVALIDATED,75,Medium,ROUTE_PROXY_UNVALIDATED|LOW_CURRENT_SAMPLE
historical_test,2023,2024,2024,22,2025,1,All feature history is before target season/week.,PASS,2025,1,ATL,00-0036970,K.Pitts,TE,30.75,0.0899843868593868,0.7685495415686481,2.126591872525366,2-3,0.8509662873274326,1.8096579904236036,1.8096579904236036,25.9817711151334,True,298,5,59,True,,weekly_stats_historical,"Historical test mode: team is from loaded weekly/player stats context, not live roster confirmation.",ROUTE_PROXY_UNVALIDATED,75,Medium,ROUTE_PROXY_UNVALIDATED|LOW_CURRENT_SAMPLE
historical_test,2023,2024,2024,22,2025,1,All feature history is before target season/week.,PASS,2025,1,DET,00-0036534,S.Zylstra,TE,37.5,0.0595878136200716,0.95,2.1228158602150504,2-3,0.8509662873274326,1.8064447312469916,1.8064447312469916,10.843460940183734,True,299,12,60,True,,weekly_stats_historical,"Historical test mode: team is from loaded weekly/player stats context, not live roster confirmation.",ROUTE_PROXY_UNVALIDATED,60,Medium,ROUTE_PROXY_UNVALIDATED|LOW_CURRENT_SAMPLE|LOW_PLAYER_SAMPLE
historical_test,2023,2024,2024,22,2025,1,All feature history is before target season/week.,PASS,2025,1,MIN,00-0033246,J.Mundt,TE,43.75,0.0634566349886471,0.7637597517788584,2.1203710407097196,2-3,0.8509662873274326,1.8043642722693547,1.8043642722693547,17.708581047034986,True,300,11,61,True,,weekly_stats_historical,"Historical test mode: team is from loaded weekly/player stats context, not live roster confirmation.",ROUTE_PROXY_UNVALIDATED,75,Medium,ROUTE_PROXY_UNVALIDATED|LOW_CURRENT_SAMPLE
historical_test,2023,2024,2024,22,2025,1,All feature history is before target season/week.,PASS,2025,1,DEN,00-0038783,N.Adkins,TE,32.25,0.0691954550343211,0.95,2.119975753614013,2-3,0.8509662873274326,1.8040278962770928,1.8040278962770928,17.151329718860715,True,301,6,62,True,,weekly_stats_historical,"Historical test mode: team is from loaded weekly/player stats context, not live roster confirmation.",ROUTE_PROXY_UNVALIDATED,75,Medium,ROUTE_PROXY_UNVALIDATED|LOW_CURRENT_SAMPLE
historical_test,2023,2024,2024,22,2025,1,All feature history is before target season/week.,PASS,2025,1,TEN,00-0032394,N.Vannett,TE,34.5,0.0680420203857703,0.9026486406677472,2.1189222837278434,2-3,0.8509662873274326,1.8031314289192477,1.8031314289192477,17.555020311856325,True,302,13,63,True,,weekly_stats_historical,"Historical test mode: team is from loaded weekly/player stats context, not live roster confirmation.",ROUTE_PROXY_UNVALIDATED,75,Medium,ROUTE_PROXY_UNVALIDATED|LOW_CURRENT_SAMPLE
historical_test,2023,2024,2024,22,2025,1,All feature history is before target season/week.,PASS,2025,1,SF,00-0039363,I.Guerendo,RB,41.0,0.0543039678917398,0.95,2.115139549383265,2-3,0.8509662873274326,1.799912449518096,1.799912449518096,13.871154213582363,True,303,12,14,True,,weekly_stats_historical,"Historical test mode: team is from loaded weekly/player stats context, not live roster confirmation.",ROUTE_PROXY_UNVALIDATED,75,Medium,ROUTE_PROXY_UNVALIDATED|LOW_CURRENT_SAMPLE
historical_test,2023,2024,2024,22,2025,1,All feature history is before target season/week.,PASS,2025,1,PHI,00-0035639,P.Campbell,WR,26.25,0.1035670015132489,0.7776486406677472,2.1141418710513284,2-3,0.8509662873274326,1.7990634588920207,1.7990634588920207,19.36468637029996,True,304,8,227,True,,weekly_stats_historical,"Historical test mode: team is from loaded weekly/player stats context, not live roster confirmation.",ROUTE_PROXY_UNVALIDATED,75,Medium,ROUTE_PROXY_UNVALIDATED|LOW_CURRENT_SAMPLE
historical_test,2023,2024,2024,22,2025,1,All feature history is before target season/week.,PASS,2025,1,WAS,00-0037078,C.Turner,TE,39.75,0.0626070977633477,0.8470630417806593,2.1080283070720967,2-3,0.8509662873274326,1.793861022050275,1.793861022050275,15.199933222469513,True,305,13,64,True,,weekly_stats_historical,"Historical test mode: team is from loaded weekly/player stats context, not live roster confirmation.",ROUTE_PROXY_UNVALIDATED,75,Medium,ROUTE_PROXY_UNVALIDATED|LOW_CURRENT_SAMPLE
historical_test,2023,2024,2024,22,2025,1,All feature history is before target season/week.,PASS,2025,1,LAC,00-0034777,D.Chark,WR,37.0,0.1066592261904761,0.5340447462917188,2.107549577450863,2-3,0.8509662873274326,1.79345363928186,1.79345363928186,29.30655098023551,True,306,11,228,True,,weekly_stats_historical,"Historical test mode: team is from loaded weekly/player stats context, not live roster confirmation.",ROUTE_PROXY_UNVALIDATED,75,Medium,ROUTE_PROXY_UNVALIDATED|LOW_CURRENT_SAMPLE
historical_test,2023,2024,2024,22,2025,1,All feature history is before target season/week.,PASS,2025,1,LAC,00-0035329,D.Parham,TE,37.0,0.0738821138211382,0.7692852640028816,2.1029475931314536,2-3,0.8509662873274326,1.7895375057712335,1.7895375057712335,22.80891738323242,True,307,12,65,True,,weekly_stats_historical,"Historical test mode: team is from loaded weekly/player stats context, not live roster confirmation.",ROUTE_PROXY_UNVALIDATED,75,Medium,ROUTE_PROXY_UNVALIDATED|LOW_CURRENT_SAMPLE
historical_test,2023,2024,2024,22,2025,1,All feature history is before target season/week.,PASS,2025,1,LV,00-0034972,A.Mattison,RB,39.0,0.0682128998390968,0.7878867359058425,2.096017521035028,2-3,0.8509662873274326,1.7836402480484266,1.7836402480484266,17.21305450789343,True,308,14,15,True,,weekly_stats_historical,"Historical test mode: team is from loaded weekly/player stats context, not live roster confirmation.",ROUTE_PROXY_UNVALIDATED,75,Medium,ROUTE_PROXY_UNVALIDATED|LOW_CURRENT_SAMPLE
historical_test,2023,2024,2024,22,2025,1,All feature history is before target season/week.,PASS,2025,1,NO,00-0039613,D.Holker,TE,38.25,0.0646539840088227,0.8443153073344138,2.088004325489231,2-3,0.8509662873274326,1.776821288785191,1.776821288785191,16.614111613764972,True,309,19,66,True,,weekly_stats_historical,"Historical test mode: team is from loaded weekly/player stats context, not live roster confirmation.",ROUTE_PROXY_UNVALIDATED,60,Medium,ROUTE_PROXY_UNVALIDATED|LOW_CURRENT_SAMPLE|LOW_PLAYER_SAMPLE
historical_test,2023,2024,2024,22,2025,1,All feature history is before target season/week.,PASS,2025,1,CIN,00-0039810,J.Burton,WR,44.5,0.0833333333333333,0.5603622755655631,2.0780101052222952,2-3,0.8509662873274326,1.7683165442699043,1.7683165442699043,8.159412049896732,True,310,18,229,True,,weekly_stats_historical,"Historical test mode: team is from loaded weekly/player stats context, not live roster confirmation.",ROUTE_PROXY_UNVALIDATED,75,Medium,ROUTE_PROXY_UNVALIDATED|LOW_CURRENT_SAMPLE
historical_test,2023,2024,2024,22,2025,1,All feature history is before target season/week.,PASS,2025,1,PHI,00-0037741,J.Dotson,WR,26.25,0.1172143734060061,0.674214916034257,2.0744765717533844,2-3,0.8509662873274326,1.765309626412718,1.765309626412718,25.058295287047105,True,311,9,230,True,,weekly_stats_historical,"Historical test mode: team is from loaded weekly/player stats context, not live roster confirmation.",ROUTE_PROXY_UNVALIDATED,75,Medium,ROUTE_PROXY_UNVALIDATED|LOW_CURRENT_SAMPLE
historical_test,2023,2024,2024,22,2025,1,All feature history is before target season/week.,PASS,2025,1,DAL,00-0038640,J.Brooks,WR,33.0,0.0953161347153804,0.659312603434576,2.0738232546411015,2-3,0.8509662873274326,1.764753675575231,1.764753675575231,18.73427833899681,True,312,8,231,True,,weekly_stats_historical,"Historical test mode: team is from loaded weekly/player stats context, not live roster confirmation.",ROUTE_PROXY_UNVALIDATED,75,Medium,ROUTE_PROXY_UNVALIDATED|LOW_CURRENT_SAMPLE
historical_test,2023,2024,2024,22,2025,1,All feature history is before target season/week.,PASS,2025,1,CAR,00-0037005,T.Tremble,TE,32.75,0.0771427068302068,0.8203569740010805,2.072569259483501,2-3,0.8509662873274326,1.7636865679716411,1.7636865679716411,21.91146744331562,True,313,8,67,True,,weekly_stats_historical,"Historical test mode: team is from loaded weekly/player stats context, not live roster confirmation.",ROUTE_PROXY_UNVALIDATED,75,Medium,ROUTE_PROXY_UNVALIDATED|LOW_CURRENT_SAMPLE
historical_test,2023,2024,2024,22,2025,1,All feature history is before target season/week.,PASS,2025,1,LA,00-0037004,H.Long,TE,38.75,0.0651709401709401,0.8162850043041109,2.0614248706451286,2-3,0.8509662873274326,1.754203068777318,1.754203068777318,17.30284547519458,True,314,10,68,True,,weekly_stats_historical,"Historical test mode: team is from loaded weekly/player stats context, not live roster confirmation.",ROUTE_PROXY_UNVALIDATED,75,Medium,ROUTE_PROXY_UNVALIDATED|LOW_CURRENT_SAMPLE
historical_test,2023,2024,2024,22,2025,1,All feature history is before target season/week.,PASS,2025,1,MIA,00-0037348,T.Conner,TE,38.0,0.0655401945724526,0.8276486406677472,2.0612816119856223,2-3,0.8509662873274326,1.7540811604877107,1.7540811604877107,17.290687938914452,True,315,11,69,True,,weekly_stats_historical,"Historical test mode: team is from loaded weekly/player stats context, not live roster confirmation.",ROUTE_PROXY_UNVALIDATED,60,Medium,ROUTE_PROXY_UNVALIDATED|LOW_CURRENT_SAMPLE|LOW_PLAYER_SAMPLE
historical_test,2023,2024,2024,22,2025,1,All feature history is before target season/week.,PASS,2025,1,BAL,00-0034928,S.Sims,WR,25.25,0.0858333333333333,0.95,2.0589270833333324,2-3,0.8509662873274326,1.7520775359820653,1.7520775359820653,6.547495895378629,True,316,6,232,True,,weekly_stats_historical,"Historical test mode: team is from loaded weekly/player stats context, not live roster confirmation.",ROUTE_PROXY_UNVALIDATED,60,Medium,ROUTE_PROXY_UNVALIDATED|LOW_CURRENT_SAMPLE|LOW_PLAYER_SAMPLE
historical_test,2023,2024,2024,22,2025,1,All feature history is before target season/week.,PASS,2025,1,CLE,00-0037267,J.Ford,RB,40.5,0.0552309669286179,0.9162145321406154,2.0494382882291866,2-3,0.8509662873274326,1.7440028912410797,1.7440028912410797,14.018812386872831,True,317,12,16,True,,weekly_stats_historical,"Historical test mode: team is from loaded weekly/player stats context, not live roster confirmation.",ROUTE_PROXY_UNVALIDATED,75,Medium,ROUTE_PROXY_UNVALIDATED|LOW_CURRENT_SAMPLE
historical_test,2023,2024,2024,22,2025,1,All feature history is before target season/week.,PASS,2025,1,DEN,00-0037539,L.Krull,TE,32.25,0.0690030181998537,0.919315307334414,2.045795870989672,2-3,0.8509662873274326,1.7409033169658725,1.7409033169658725,17.029911236393485,True,318,7,70,True,,weekly_stats_historical,"Historical test mode: team is from loaded weekly/player stats context, not live roster confirmation.",ROUTE_PROXY_UNVALIDATED,75,Medium,ROUTE_PROXY_UNVALIDATED|LOW_CURRENT_SAMPLE
historical_test,2023,2024,2024,22,2025,1,All feature history is before target season/week.,PASS,2025,1,LV,00-0039066,M.Mayer,TE,39.0,0.0718455850808792,0.7299896867679092,2.045414909805079,2-3,0.8509662873274326,1.7405791318410035,1.7405791318410035,22.66668633595669,True,319,15,71,True,,weekly_stats_historical,"Historical test mode: team is from loaded weekly/player stats context, not live roster confirmation.",ROUTE_PROXY_UNVALIDATED,75,Medium,ROUTE_PROXY_UNVALIDATED|LOW_CURRENT_SAMPLE
historical_test,2023,2024,2024,22,2025,1,All feature history is before target season/week.,PASS,2025,1,LAC,00-0036646,S.Fehoko,WR,37.0,0.1081034974180135,0.5107709367679093,2.0429966118311826,2-3,0.8509662873274326,1.7385212417925056,1.7385212417925056,30.2002135452767,True,320,13,233,True,,weekly_stats_historical,"Historical test mode: team is from loaded weekly/player stats context, not live roster confirmation.",ROUTE_PROXY_UNVALIDATED,75,Medium,ROUTE_PROXY_UNVALIDATED|LOW_CURRENT_SAMPLE
historical_test,2023,2024,2024,22,2025,1,All feature history is before target season/week.,PASS,2025,1,NYG,00-0038115,D.Bellinger,TE,33.5,0.0689129255305725,0.8810800132167668,2.0340463447989765,2-3,0.8509662873274326,1.73090486628552,1.73090486628552,17.630627785525448,True,321,7,72,True,,weekly_stats_historical,"Historical test mode: team is from loaded weekly/player stats context, not live roster confirmation.",ROUTE_PROXY_UNVALIDATED,75,Medium,ROUTE_PROXY_UNVALIDATED|LOW_CURRENT_SAMPLE
historical_test,2023,2024,2024,22,2025,1,All feature history is before target season/week.,PASS,2025,1,CIN,00-0035341,T.Irwin,WR,44.5,0.0867586336336336,0.5251459367679093,2.0274620049846073,2-3,0.8509662873274326,1.725301815079184,1.725301815079184,13.506822273778363,True,322,19,234,True,,weekly_stats_historical,"Historical test mode: team is from loaded weekly/player stats context, not live roster confirmation.",ROUTE_PROXY_UNVALIDATED,75,Medium,ROUTE_PROXY_UNVALIDATED|LOW_CURRENT_SAMPLE
historical_test,2023,2024,2024,22,2025,1,All feature history is before target season/week.,PASS,2025,1,DET,00-0037282,J.Mitchell,TE,37.5,0.0634940636200716,0.8470630417806593,2.0168802999387205,2-3,0.8509662873274326,1.7162971408226917,1.7162971408226917,15.21469339688744,True,323,13,73,True,,weekly_stats_historical,"Historical test mode: team is from loaded weekly/player stats context, not live roster confirmation.",ROUTE_PROXY_UNVALIDATED,60,Medium,ROUTE_PROXY_UNVALIDATED|LOW_CURRENT_SAMPLE|LOW_PLAYER_SAMPLE
historical_test,2023,2024,2024,22,2025,1,All feature history is before target season/week.,PASS,2025,1,LA,00-0036244,C.Parkinson,TE,38.75,0.0669987998112998,0.7734033576488794,2.0079124983845444,2-3,0.8509662873274326,1.7086658440286453,1.7086658440286453,18.87594846476742,True,324,11,74,True,,weekly_stats_historical,"Historical test mode: team is from loaded weekly/player stats context, not live roster confirmation.",ROUTE_PROXY_UNVALIDATED,75,Medium,ROUTE_PROXY_UNVALIDATED|LOW_CURRENT_SAMPLE
historical_test,2023,2024,2024,22,2025,1,All feature history is before target season/week.,PASS,2025,1,LA,00-0035664,D.Henderson,RB,38.75,0.0646921561663818,0.8006344703520879,2.007047344792969,2-3,0.8509662873274326,1.7079296274888542,1.7079296274888542,16.185405230187396,True,325,12,17,True,,weekly_stats_historical,"Historical test mode: team is from loaded weekly/player stats context, not live roster confirmation.",ROUTE_PROXY_UNVALIDATED,75,Medium,ROUTE_PROXY_UNVALIDATED|LOW_CURRENT_SAMPLE
historical_test,2023,2024,2024,22,2025,1,All feature history is before target season/week.,PASS,2025,1,CHI,00-0036254,C.Johnson,WR,35.75,0.0876266891891891,0.6401459367679092,2.005355818068599,2-3,0.8509662873274326,1.706490195272302,1.706490195272302,12.148379142084853,True,326,8,235,True,,weekly_stats_historical,"Historical test mode: team is from loaded weekly/player stats context, not live roster confirmation.",ROUTE_PROXY_UNVALIDATED,60,Medium,ROUTE_PROXY_UNVALIDATED|LOW_CURRENT_SAMPLE|LOW_PLAYER_SAMPLE
historical_test,2023,2024,2024,22,2025,1,All feature history is before target season/week.,PASS,2025,1,TB,00-0034575,D.Wells,TE,33.25,0.0711805555555555,0.8470630417806593,2.0047893953254907,2-3,0.8509662873274326,1.7060081886135414,1.7060081886135414,18.92623179610775,True,327,11,75,True,,weekly_stats_historical,"Historical test mode: team is from loaded weekly/player stats context, not live roster confirmation.",ROUTE_PROXY_UNVALIDATED,60,Medium,ROUTE_PROXY_UNVALIDATED|LOW_CURRENT_SAMPLE|LOW_PLAYER_SAMPLE
historical_test,2023,2024,2024,22,2025,1,All feature history is before target season/week.,PASS,2025,1,IND,00-0036991,A.Rodgers,WR,34.0,0.0929487179487179,0.6337224980477582,2.002725586779132,2-3,0.8509662873274326,1.7042519571170918,1.7042519571170918,17.29044200173566,True,328,7,236,True,,weekly_stats_historical,"Historical test mode: team is from loaded weekly/player stats context, not live roster confirmation.",ROUTE_PROXY_UNVALIDATED,60,Medium,ROUTE_PROXY_UNVALIDATED|LOW_CURRENT_SAMPLE|LOW_PLAYER_SAMPLE
historical_test,2023,2024,2024,22,2025,1,All feature history is before target season/week.,PASS,2025,1,JAX,00-0036332,J.Deguara,TE,36.75,0.0573412698412698,0.95,2.0019270833333316,2-3,0.8509662873274326,1.703572457604401,1.703572457604401,7.071732461002749,True,329,13,76,True,,weekly_stats_historical,"Historical test mode: team is from loaded weekly/player stats context, not live roster confirmation.",ROUTE_PROXY_UNVALIDATED,75,Medium,ROUTE_PROXY_UNVALIDATED|LOW_CURRENT_SAMPLE
historical_test,2023,2024,2024,22,2025,1,All feature history is before target season/week.,PASS,2025,1,IND,00-0039890,A.Mitchell,WR,34.0,0.1043189168189168,0.5643504822224547,2.001662654397114,2-3,0.8509662873274326,1.7033474374942859,1.7033474374942859,25.54366968473913,True,330,8,237,True,,weekly_stats_historical,"Historical test mode: team is from loaded weekly/player stats context, not live roster confirmation.",ROUTE_PROXY_UNVALIDATED,75,Medium,ROUTE_PROXY_UNVALIDATED|LOW_CURRENT_SAMPLE
historical_test,2023,2024,2024,22,2025,1,All feature history is before target season/week.,PASS,2025,1,NE,00-0032543,A.Erickson,WR,30.5,0.0902777777777777,0.7257224980477581,1.9982567394162214,1-2,0.7798033969713766,1.5582473934177163,1.5582473934177163,13.181427380135192,True,331,7,238,True,,weekly_stats_historical,"Historical test mode: team is from loaded weekly/player stats context, not live roster confirmation.",ROUTE_PROXY_UNVALIDATED,75,Medium,ROUTE_PROXY_UNVALIDATED|LOW_CURRENT_SAMPLE
historical_test,2023,2024,2024,22,2025,1,All feature history is before target season/week.,PASS,2025,1,TEN,00-0039032,T.Spears,RB,34.5,0.066126980243986,0.8740772120963186,1.9941029854924008,1-2,0.7798033969713766,1.5550082819977378,1.5550082819977378,14.748526308704973,True,332,14,18,True,,weekly_stats_historical,"Historical test mode: team is from loaded weekly/player stats context, not live roster confirmation.",ROUTE_PROXY_UNVALIDATED,75,Medium,ROUTE_PROXY_UNVALIDATED|LOW_CURRENT_SAMPLE
historical_test,2023,2024,2024,22,2025,1,All feature history is before target season/week.,PASS,2025,1,BAL,00-0037838,I.Likely,TE,25.25,0.0955363669590643,0.825820282458792,1.9921207060673374,1-2,0.7798033969713766,1.5534624937683268,1.5534624937683268,22.99056670108073,True,333,7,77,True,,weekly_stats_historical,"Historical test mode: team is from loaded weekly/player stats context, not live roster confirmation.",ROUTE_PROXY_UNVALIDATED,75,Medium,ROUTE_PROXY_UNVALIDATED|LOW_CURRENT_SAMPLE
historical_test,2023,2024,2024,22,2025,1,All feature history is before target season/week.,PASS,2025,1,DET,00-0036754,B.Wright,TE,37.5,0.0629220633756924,0.8422319740010805,1.9873115116923936,1-2,0.7798033969713766,1.5497122676580501,1.5497122676580501,14.656308131149215,True,334,14,78,True,,weekly_stats_historical,"Historical test mode: team is from loaded weekly/player stats context, not live roster confirmation.",ROUTE_PROXY_UNVALIDATED,75,Medium,ROUTE_PROXY_UNVALIDATED|LOW_CURRENT_SAMPLE
historical_test,2023,2024,2024,22,2025,1,All feature history is before target season/week.,PASS,2025,1,TEN,00-0038969,K.Jackson,WR,34.5,0.0833333333333333,0.6888288022258241,1.9803828063992435,1-2,0.7798033969713766,1.544309239733838,1.544309239733838,6.325836308346905,True,335,15,239,True,,weekly_stats_historical,"Historical test mode: team is from loaded weekly/player stats context, not live roster confirmation.",ROUTE_PROXY_UNVALIDATED,60,Medium,ROUTE_PROXY_UNVALIDATED|LOW_CURRENT_SAMPLE|LOW_PLAYER_SAMPLE
historical_test,2023,2024,2024,22,2025,1,All feature history is before target season/week.,PASS,2025,1,TB,00-0039052,T.Palmer,WR,33.25,0.0891472868217054,0.6662823004042728,1.9749588730006493,1-2,0.7798033969713766,1.5400796380446677,1.5400796380446677,13.148350546476284,True,336,12,240,True,,weekly_stats_historical,"Historical test mode: team is from loaded weekly/player stats context, not live roster confirmation.",ROUTE_PROXY_UNVALIDATED,75,Medium,ROUTE_PROXY_UNVALIDATED|LOW_CURRENT_SAMPLE
historical_test,2023,2024,2024,22,2025,1,All feature history is before target season/week.,PASS,2025,1,TB,00-0039361,B.Irving,RB,33.25,0.0640938664646108,0.926352344371451,1.9741689900224875,1-2,0.7798033969713766,1.5394636846150873,1.5394636846150873,13.749887788998688,True,337,13,19,True,,weekly_stats_historical,"Historical test mode: team is from loaded weekly/player stats context, not live roster confirmation.",ROUTE_PROXY_UNVALIDATED,75,Medium,ROUTE_PROXY_UNVALIDATED|LOW_CURRENT_SAMPLE
historical_test,2023,2024,2024,22,2025,1,All feature history is before target season/week.,PASS,2025,1,CHI,00-0024243,M.Lewis,TE,35.75,0.0579594017094017,0.95,1.968446180555555,1-2,0.7798033969713766,1.5350010183525535,1.5350010183525535,7.981635170815564,True,338,9,79,True,,weekly_stats_historical,"Historical test mode: team is from loaded weekly/player stats context, not live roster confirmation.",ROUTE_PROXY_UNVALIDATED,60,Medium,ROUTE_PROXY_UNVALIDATED|LOW_CURRENT_SAMPLE|LOW_PLAYER_SAMPLE
historical_test,2023,2024,2024,22,2025,1,All feature history is before target season/week.,PASS,2025,1,CIN,00-0036906,K.Herbert,RB,44.5,0.0468103686000551,0.9446940952132018,1.967855807099536,1-2,0.7798033969713766,1.5345406431260682,1.5345406431260682,11.872242854846297,True,339,20,20,True,,weekly_stats_historical,"Historical test mode: team is from loaded weekly/player stats context, not live roster confirmation.",ROUTE_PROXY_UNVALIDATED,75,Medium,ROUTE_PROXY_UNVALIDATED|LOW_CURRENT_SAMPLE
historical_test,2023,2024,2024,22,2025,1,All feature history is before target season/week.,PASS,2025,1,PIT,00-0038558,D.Washington,TE,36.75,0.068893086080586,0.776458164477271,1.9658530192515113,1-2,0.7798033969713766,1.5329788623587655,1.5329788623587655,19.32669302962973,True,340,11,80,True,,weekly_stats_historical,"Historical test mode: team is from loaded weekly/player stats context, not live roster confirmation.",ROUTE_PROXY_UNVALIDATED,75,Medium,ROUTE_PROXY_UNVALIDATED|LOW_CURRENT_SAMPLE
historical_test,2023,2024,2024,22,2025,1,All feature history is before target season/week.,PASS,2025,1,NYJ,00-0037805,J.Ruckert,TE,38.25,0.0687996031746031,0.746299434318541,1.9639502635933992,1-2,0.7798033969713766,1.531495087032963,1.531495087032963,20.044918664981264,True,341,10,81,True,,weekly_stats_historical,"Historical test mode: team is from loaded weekly/player stats context, not live roster confirmation.",ROUTE_PROXY_UNVALIDATED,75,Medium,ROUTE_PROXY_UNVALIDATED|LOW_CURRENT_SAMPLE
historical_test,2023,2024,2024,22,2025,1,All feature history is before target season/week.,PASS,2025,1,HOU,00-0039359,C.Stover,TE,34.5,0.0695102668388958,0.8180332560523625,1.9617289919395222,1-2,0.7798033969713766,1.5297629318516737,1.5297629318516737,18.55846340883838,True,342,10,82,True,,weekly_stats_historical,"Historical test mode: team is from loaded weekly/player stats context, not live roster confirmation.",ROUTE_PROXY_UNVALIDATED,75,Medium,ROUTE_PROXY_UNVALIDATED|LOW_CURRENT_SAMPLE
historical_test,2023,2024,2024,22,2025,1,All feature history is before target season/week.,PASS,2025,1,DEN,00-0032208,P.Dorsett,WR,32.25,0.0955729166666666,0.6337224980477582,1.9532763167366534,1-2,0.7798033969713766,1.5231715070149807,1.5231715070149807,18.50362779041585,True,343,8,241,True,,weekly_stats_historical,"Historical test mode: team is from loaded weekly/player stats context, not live roster confirmation.",ROUTE_PROXY_UNVALIDATED,60,Medium,ROUTE_PROXY_UNVALIDATED|LOW_CURRENT_SAMPLE|LOW_PLAYER_SAMPLE
historical_test,2023,2024,2024,22,2025,1,All feature history is before target season/week.,PASS,2025,1,KC,00-0036637,N.Gray,TE,30.0,0.0706423879858961,0.9177429802903888,1.9449466705501872,1-2,0.7798033969713766,1.5166760206232048,1.5166760206232048,16.77964545358416,True,344,9,83,True,,weekly_stats_historical,"Historical test mode: team is from loaded weekly/player stats context, not live roster confirmation.",ROUTE_PROXY_UNVALIDATED,75,Medium,ROUTE_PROXY_UNVALIDATED|LOW_CURRENT_SAMPLE
historical_test,2023,2024,2024,22,2025,1,All feature history is before target season/week.,PASS,2025,1,SF,00-0038647,R.Bell,WR,41.0,0.0961155913978494,0.4932014923234648,1.9435784776318397,1-2,0.7798033969713766,1.5156090991377653,1.5156090991377653,24.039835716791465,True,345,13,242,True,,weekly_stats_historical,"Historical test mode: team is from loaded weekly/player stats context, not live roster confirmation.",ROUTE_PROXY_UNVALIDATED,75,Medium,ROUTE_PROXY_UNVALIDATED|LOW_CURRENT_SAMPLE
historical_test,2023,2024,2024,22,2025,1,All feature history is before target season/week.,PASS,2025,1,IND,00-0035593,J.Winfree,WR,34.0,0.0899122807017543,0.6337224980477582,1.9373007944705571,1-2,0.7798033969713766,1.5107137404834872,1.5107137404834872,14.302138228067044,True,346,9,243,True,,weekly_stats_historical,"Historical test mode: team is from loaded weekly/player stats context, not live roster confirmation.",ROUTE_PROXY_UNVALIDATED,60,Medium,ROUTE_PROXY_UNVALIDATED|LOW_CURRENT_SAMPLE|LOW_PLAYER_SAMPLE
historical_test,2023,2024,2024,22,2025,1,All feature history is before target season/week.,PASS,2025,1,KC,00-0037569,P.Hendershot,TE,30.0,0.0679752210023794,0.95,1.937293798567813,1-2,0.7798033969713766,1.5107082850547622,1.5107082850547622,15.224347750718456,True,347,10,84,True,,weekly_stats_historical,"Historical test mode: team is from loaded weekly/player stats context, not live roster confirmation.",ROUTE_PROXY_UNVALIDATED,75,Medium,ROUTE_PROXY_UNVALIDATED|LOW_CURRENT_SAMPLE
historical_test,2023,2024,2024,22,2025,1,All feature history is before target season/week.,PASS,2025,1,JAX,00-0036887,L.Farrell,TE,36.75,0.0688812083973374,0.7639231504716688,1.9337831524742162,1-2,0.7798033969713766,1.5079706713054113,1.5079706713054113,19.31808545913521,True,348,14,85,True,,weekly_stats_historical,"Historical test mode: team is from loaded weekly/player stats context, not live roster confirmation.",ROUTE_PROXY_UNVALIDATED,75,Medium,ROUTE_PROXY_UNVALIDATED|LOW_CURRENT_SAMPLE
historical_test,2023,2024,2024,22,2025,1,All feature history is before target season/week.,PASS,2025,1,PIT,00-0037304,Co.Heyward,TE,36.75,0.0597451159951159,0.8776486406677472,1.9269943291071505,1-2,0.7798033969713766,1.5026767237823349,1.5026767237823349,10.831885623188889,True,349,12,86,True,,weekly_stats_historical,"Historical test mode: team is from loaded weekly/player stats context, not live roster confirmation.",ROUTE_PROXY_UNVALIDATED,75,Medium,ROUTE_PROXY_UNVALIDATED|LOW_CURRENT_SAMPLE
historical_test,2023,2024,2024,22,2025,1,All feature history is before target season/week.,PASS,2025,1,NYG,00-0036635,I.Smith-Marsette,WR,33.5,0.0833333333333333,0.6888288022258241,1.9229804062137583,1-2,0.7798033969713766,1.4995466530748864,1.4995466530748864,6.142478734191922,True,350,8,244,True,,weekly_stats_historical,"Historical test mode: team is from loaded weekly/player stats context, not live roster confirmation.",ROUTE_PROXY_UNVALIDATED,75,Medium,ROUTE_PROXY_UNVALIDATED|LOW_CURRENT_SAMPLE
historical_test,2023,2024,2024,22,2025,1,All feature history is before target season/week.,PASS,2025,1,NYG,00-0035645,G.Olszewski,WR,33.5,0.0833333333333333,0.6888288022258241,1.9229804062137583,1-2,0.7798033969713766,1.4995466530748864,1.4995466530748864,6.142478734191922,True,351,9,245,True,,weekly_stats_historical,"Historical test mode: team is from loaded weekly/player stats context, not live roster confirmation.",ROUTE_PROXY_UNVALIDATED,60,Medium,ROUTE_PROXY_UNVALIDATED|LOW_CURRENT_SAMPLE|LOW_PLAYER_SAMPLE
historical_test,2023,2024,2024,22,2025,1,All feature history is before target season/week.,PASS,2025,1,NYG,00-0038477,B.Ford-Wheaton,WR,33.5,0.0833333333333333,0.6888288022258241,1.9229804062137583,1-2,0.7798033969713766,1.4995466530748864,1.4995466530748864,6.142478734191922,True,352,10,246,True,,weekly_stats_historical,"Historical test mode: team is from loaded weekly/player stats context, not live roster confirmation.",ROUTE_PROXY_UNVALIDATED,60,Medium,ROUTE_PROXY_UNVALIDATED|LOW_CURRENT_SAMPLE|LOW_PLAYER_SAMPLE
historical_test,2023,2024,2024,22,2025,1,All feature history is before target season/week.,PASS,2025,1,DEN,00-0036997,J.Williams,RB,32.25,0.0702032504671601,0.846966822485929,1.9175793232374292,1-2,0.7798033969713766,1.4953348702226206,1.4953348702226206,14.647864908506298,True,353,9,21,True,,weekly_stats_historical,"Historical test mode: team is from loaded weekly/player stats context, not live roster confirmation.",ROUTE_PROXY_UNVALIDATED,75,Medium,ROUTE_PROXY_UNVALIDATED|LOW_CURRENT_SAMPLE
historical_test,2023,2024,2024,22,2025,1,All feature history is before target season/week.,PASS,2025,1,NYJ,00-0038120,B.Hall,RB,38.25,0.0588248726142574,0.8493153073344138,1.9110030771956807,1-2,0.7798033969713766,1.4902066912199456,1.4902066912199456,14.341135130317852,True,354,11,22,True,,weekly_stats_historical,"Historical test mode: team is from loaded weekly/player stats context, not live roster confirmation.",ROUTE_PROXY_UNVALIDATED,75,Medium,ROUTE_PROXY_UNVALIDATED|LOW_CURRENT_SAMPLE
historical_test,2023,2024,2024,22,2025,1,All feature history is before target season/week.,PASS,2025,1,ATL,00-0031868,D.Byrd,WR,30.75,0.0980392156862745,0.6337224980477582,1.9104869426439766,1-2,0.7798033969713766,1.4898042077432323,1.4898042077432323,19.339022193786445,True,355,6,247,True,,weekly_stats_historical,"Historical test mode: team is from loaded weekly/player stats context, not live roster confirmation.",ROUTE_PROXY_UNVALIDATED,60,Medium,ROUTE_PROXY_UNVALIDATED|LOW_CURRENT_SAMPLE|LOW_PLAYER_SAMPLE
historical_test,2023,2024,2024,22,2025,1,All feature history is before target season/week.,PASS,2025,1,WAS,00-0036345,K.Osborn,WR,39.75,0.0934142303848075,0.5123681589901316,1.9025334705183172,1-2,0.7798033969713766,1.483602063161926,1.483602063161926,20.698104290015,True,356,14,248,True,,weekly_stats_historical,"Historical test mode: team is from loaded weekly/player stats context, not live roster confirmation.",ROUTE_PROXY_UNVALIDATED,75,Medium,ROUTE_PROXY_UNVALIDATED|LOW_CURRENT_SAMPLE
historical_test,2023,2024,2024,22,2025,1,All feature history is before target season/week.,PASS,2025,1,LA,00-0037840,K.Williams,RB,38.75,0.0545256648186574,0.8998708628899694,1.901309710688061,1-2,0.7798033969713766,1.4826477710892152,1.4826477710892152,13.18306143671798,True,357,13,23,True,,weekly_stats_historical,"Historical test mode: team is from loaded weekly/player stats context, not live roster confirmation.",ROUTE_PROXY_UNVALIDATED,75,Medium,ROUTE_PROXY_UNVALIDATED|LOW_CURRENT_SAMPLE
historical_test,2023,2024,2024,22,2025,1,All feature history is before target season/week.,PASS,2025,1,DAL,00-0039062,J.Mingo,WR,33.0,0.1025473028392939,0.5614256986726712,1.8998988077371033,1-2,0.7798033969713766,1.4815475441752615,1.4815475441752615,23.722821249872297,True,358,9,249,True,,weekly_stats_historical,"Historical test mode: team is from loaded weekly/player stats context, not live roster confirmation.",ROUTE_PROXY_UNVALIDATED,75,Medium,ROUTE_PROXY_UNVALIDATED|LOW_CURRENT_SAMPLE
historical_test,2023,2024,2024,22,2025,1,All feature history is before target season/week.,PASS,2025,1,CHI,00-0033757,R.Tonyan,TE,35.75,0.072298244478951,0.7343474980477582,1.8980402493324706,1-2,0.7798033969713766,1.4800982340178592,1.4800982340178592,21.06449938996152,True,359,10,87,True,,weekly_stats_historical,"Historical test mode: team is from loaded weekly/player stats context, not live roster confirmation.",ROUTE_PROXY_UNVALIDATED,75,Medium,ROUTE_PROXY_UNVALIDATED|LOW_CURRENT_SAMPLE
historical_test,2023,2024,2024,22,2025,1,All feature history is before target season/week.,PASS,2025,1,CAR,00-0036555,C.Hubbard,RB,32.75,0.0662371045728603,0.8741301221492287,1.896220032188054,1-2,0.7798033969713766,1.4786788225054175,1.4786788225054175,14.02475625680963,True,360,9,24,True,,weekly_stats_historical,"Historical test mode: team is from loaded weekly/player stats context, not live roster confirmation.",ROUTE_PROXY_UNVALIDATED,75,Medium,ROUTE_PROXY_UNVALIDATED|LOW_CURRENT_SAMPLE
historical_test,2023,2024,2024,22,2025,1,All feature history is before target season/week.,PASS,2025,1,NE,00-0032200,T.Montgomery,WR,30.5,0.0899267399267399,0.6912224980477581,1.8958612673102928,1-2,0.7798033969713766,1.4783990564350253,1.4783990564350253,12.843950301237516,True,361,8,250,True,,weekly_stats_historical,"Historical test mode: team is from loaded weekly/player stats context, not live roster confirmation.",ROUTE_PROXY_UNVALIDATED,75,Medium,ROUTE_PROXY_UNVALIDATED|LOW_CURRENT_SAMPLE
historical_test,2023,2024,2024,22,2025,1,All feature history is before target season/week.,PASS,2025,1,TB,00-0037256,R.White,RB,33.25,0.0602289804714779,0.9455511830406286,1.89357365929305,1-2,0.7798033969713766,1.4766151719322405,1.4766151719322405,12.821049085079297,True,362,14,25,True,,weekly_stats_historical,"Historical test mode: team is from loaded weekly/player stats context, not live roster confirmation.",ROUTE_PROXY_UNVALIDATED,75,Medium,ROUTE_PROXY_UNVALIDATED|LOW_CURRENT_SAMPLE
historical_test,2023,2024,2024,22,2025,1,All feature history is before target season/week.,PASS,2025,1,KC,00-0039824,J.Wiley,TE,30.0,0.0664251207729468,0.95,1.8931159420289836,1-2,0.7798033969713766,1.476258242454869,1.476258242454869,14.242618225348997,True,363,11,88,True,,weekly_stats_historical,"Historical test mode: team is from loaded weekly/player stats context, not live roster confirmation.",ROUTE_PROXY_UNVALIDATED,60,Medium,ROUTE_PROXY_UNVALIDATED|LOW_CURRENT_SAMPLE|LOW_PLAYER_SAMPLE
historical_test,2023,2024,2024,22,2025,1,All feature history is before target season/week.,PASS,2025,1,LAC,00-0034830,H.Hurst,TE,37.0,0.0704594017094017,0.7256587572807298,1.8917908296779622,1-2,0.7798033969713766,1.4752249153421737,1.4752249153421737,20.569010297420355,True,364,14,89,True,,weekly_stats_historical,"Historical test mode: team is from loaded weekly/player stats context, not live roster confirmation.",ROUTE_PROXY_UNVALIDATED,75,Medium,ROUTE_PROXY_UNVALIDATED|LOW_CURRENT_SAMPLE
historical_test,2023,2024,2024,22,2025,1,All feature history is before target season/week.,PASS,2025,1,DAL,00-0038547,L.Schoonmaker,TE,33.0,0.0652696318018898,0.8776486406677472,1.890365519717827,1-2,0.7798033969713766,1.4741134537935232,1.4741134537935232,14.81075459296059,True,365,10,90,True,,weekly_stats_historical,"Historical test mode: team is from loaded weekly/player stats context, not live roster confirmation.",ROUTE_PROXY_UNVALIDATED,75,Medium,ROUTE_PROXY_UNVALIDATED|LOW_CURRENT_SAMPLE
historical_test,2023,2024,2024,22,2025,1,All feature history is before target season/week.,PASS,2025,1,DET,00-0035685,D.Montgomery,RB,37.5,0.0529778317369746,0.95,1.88733525562972,1-2,0.7798033969713766,1.471750443563897,1.471750443563897,12.255171239530478,True,366,15,26,True,,weekly_stats_historical,"Historical test mode: team is from loaded weekly/player stats context, not live roster confirmation.",ROUTE_PROXY_UNVALIDATED,75,Medium,ROUTE_PROXY_UNVALIDATED|LOW_CURRENT_SAMPLE
historical_test,2023,2024,2024,22,2025,1,All feature history is before target season/week.,PASS,2025,1,NE,00-0038104,T.Thornton,WR,30.5,0.1025083161544227,0.6018126034345759,1.8815692968669253,1-2,0.7798033969713766,1.4672541293338728,1.4672541293338728,21.903382087787023,True,367,9,251,True,,weekly_stats_historical,"Historical test mode: team is from loaded weekly/player stats context, not live roster confirmation.",ROUTE_PROXY_UNVALIDATED,75,Medium,ROUTE_PROXY_UNVALIDATED|LOW_CURRENT_SAMPLE
historical_test,2023,2024,2024,22,2025,1,All feature history is before target season/week.,PASS,2025,1,LV,00-0035562,J.Horsted,TE,39.0,0.0569444444444444,0.8470630417806593,1.8811858386212128,1-2,0.7798033969713766,1.4669551072912697,1.4669551072912697,6.618519471906084,True,368,16,91,True,,weekly_stats_historical,"Historical test mode: team is from loaded weekly/player stats context, not live roster confirmation.",ROUTE_PROXY_UNVALIDATED,60,Medium,ROUTE_PROXY_UNVALIDATED|LOW_CURRENT_SAMPLE|LOW_PLAYER_SAMPLE
historical_test,2023,2024,2024,22,2025,1,All feature history is before target season/week.,PASS,2025,1,NO,00-0038678,J.Mims,RB,38.25,0.0631045311277869,0.7776486406677472,1.8770480965698375,1-2,0.7798033969713766,1.4637284819838159,1.4637284819838159,15.551014396615296,True,369,20,27,True,,weekly_stats_historical,"Historical test mode: team is from loaded weekly/player stats context, not live roster confirmation.",ROUTE_PROXY_UNVALIDATED,75,Medium,ROUTE_PROXY_UNVALIDATED|LOW_CURRENT_SAMPLE
historical_test,2023,2024,2024,22,2025,1,All feature history is before target season/week.,PASS,2025,1,JAX,00-0036973,T.Etienne,RB,36.75,0.06314492584185,0.8059819740010805,1.870342445197604,1-2,0.7798033969713766,1.4584993922648424,1.4584993922648424,14.951712102484247,True,370,15,28,True,,weekly_stats_historical,"Historical test mode: team is from loaded weekly/player stats context, not live roster confirmation.",ROUTE_PROXY_UNVALIDATED,75,Medium,ROUTE_PROXY_UNVALIDATED|LOW_CURRENT_SAMPLE
historical_test,2023,2024,2024,22,2025,1,All feature history is before target season/week.,PASS,2025,1,CLE,00-0038710,B.Whiteheart,TE,40.5,0.0625452975107771,0.7359792701012426,1.8642977176149953,1-2,0.7798033969713766,1.4537856931621576,1.4537856931621576,15.41871165445399,True,371,13,92,True,,weekly_stats_historical,"Historical test mode: team is from loaded weekly/player stats context, not live roster confirmation.",ROUTE_PROXY_UNVALIDATED,60,Medium,ROUTE_PROXY_UNVALIDATED|LOW_CURRENT_SAMPLE|LOW_PLAYER_SAMPLE
historical_test,2023,2024,2024,22,2025,1,All feature history is before target season/week.,PASS,2025,1,BUF,00-0038933,D.Kincaid,TE,30.25,0.0817020822665983,0.7502676882867949,1.854277579808942,1-2,0.7798033969713766,1.4459719556628758,1.4459719556628758,22.27382862596788,True,372,7,93,True,,weekly_stats_historical,"Historical test mode: team is from loaded weekly/player stats context, not live roster confirmation.",ROUTE_PROXY_UNVALIDATED,75,Medium,ROUTE_PROXY_UNVALIDATED|LOW_CURRENT_SAMPLE
historical_test,2023,2024,2024,22,2025,1,All feature history is before target season/week.,PASS,2025,1,NYG,00-0031484,C.Manhertz,TE,33.5,0.0630324536574536,0.8776486406677472,1.8532316335589667,1-2,0.7798033969713766,1.4451563232240956,1.4451563232240956,13.190705678003594,True,373,11,94,True,,weekly_stats_historical,"Historical test mode: team is from loaded weekly/player stats context, not live roster confirmation.",ROUTE_PROXY_UNVALIDATED,60,Medium,ROUTE_PROXY_UNVALIDATED|LOW_CURRENT_SAMPLE|LOW_PLAYER_SAMPLE
historical_test,2023,2024,2024,22,2025,1,All feature history is before target season/week.,PASS,2025,1,DEN,00-0036959,M.Bandy,WR,32.25,0.0833333333333333,0.6888288022258241,1.8512274059819016,1-2,0.7798033969713766,1.4435934197511966,1.4435934197511966,5.913281766498193,True,374,10,252,True,,weekly_stats_historical,"Historical test mode: team is from loaded weekly/player stats context, not live roster confirmation.",ROUTE_PROXY_UNVALIDATED,60,Medium,ROUTE_PROXY_UNVALIDATED|LOW_CURRENT_SAMPLE|LOW_PLAYER_SAMPLE
historical_test,2023,2024,2024,22,2025,1,All feature history is before target season/week.,PASS,2025,1,PIT,00-0031585,M.Pruitt,TE,36.75,0.070579594017094,0.7072292701012426,1.8344113374576145,1-2,0.7798033969713766,1.430480192392254,1.430480192392254,20.512244232690342,True,375,13,95,True,,weekly_stats_historical,"Historical test mode: team is from loaded weekly/player stats context, not live roster confirmation.",ROUTE_PROXY_UNVALIDATED,75,Medium,ROUTE_PROXY_UNVALIDATED|LOW_CURRENT_SAMPLE
historical_test,2023,2024,2024,22,2025,1,All feature history is before target season/week.,PASS,2025,1,GB,00-0037306,J.FitzPatrick,TE,32.0,0.0602346999405822,0.95,1.8311348781936987,1-2,0.7798033969713766,1.4279251983282142,1.4279251983282142,9.967716873945829,True,376,8,96,True,,weekly_stats_historical,"Historical test mode: team is from loaded weekly/player stats context, not live roster confirmation.",ROUTE_PROXY_UNVALIDATED,60,Medium,ROUTE_PROXY_UNVALIDATED|LOW_CURRENT_SAMPLE|LOW_PLAYER_SAMPLE
historical_test,2023,2024,2024,22,2025,1,All feature history is before target season/week.,PASS,2025,1,GB,00-0038809,B.Sims,TE,32.0,0.0670860415130364,0.8526486406677473,1.8304263073238576,1-2,0.7798033969713766,1.427372652356917,1.427372652356917,15.647187113914976,True,377,9,97,True,,weekly_stats_historical,"Historical test mode: team is from loaded weekly/player stats context, not live roster confirmation.",ROUTE_PROXY_UNVALIDATED,75,Medium,ROUTE_PROXY_UNVALIDATED|LOW_CURRENT_SAMPLE
historical_test,2023,2024,2024,22,2025,1,All feature history is before target season/week.,PASS,2025,1,PIT,00-0036893,N.Harris,RB,36.75,0.0620214188377781,0.8000015818442178,1.823433319307863,1-2,0.7798033969713766,1.4219194965470643,1.4219194965470643,14.655694671572755,True,378,14,29,True,,weekly_stats_historical,"Historical test mode: team is from loaded weekly/player stats context, not live roster confirmation.",ROUTE_PROXY_UNVALIDATED,75,Medium,ROUTE_PROXY_UNVALIDATED|LOW_CURRENT_SAMPLE
historical_test,2023,2024,2024,22,2025,1,All feature history is before target season/week.,PASS,2025,1,KC,00-0034286,R.James,WR,30.0,0.0902340102707749,0.6720558313810915,1.8192687837412673,1-2,0.7798033969713766,1.4186719775654248,1.4186719775654248,12.92441666840277,True,379,12,253,True,,weekly_stats_historical,"Historical test mode: team is from loaded weekly/player stats context, not live roster confirmation.",ROUTE_PROXY_UNVALIDATED,75,Medium,ROUTE_PROXY_UNVALIDATED|LOW_CURRENT_SAMPLE
historical_test,2023,2024,2024,22,2025,1,All feature history is before target season/week.,PASS,2025,1,NYG,00-0038938,J.Hyatt,WR,33.5,0.0955674958732023,0.5660011999258041,1.812059130827584,1-2,0.7798033969713766,1.41304986573235,1.41304986573235,19.216565836102436,True,380,12,254,True,,weekly_stats_historical,"Historical test mode: team is from loaded weekly/player stats context, not live roster confirmation.",ROUTE_PROXY_UNVALIDATED,75,Medium,ROUTE_PROXY_UNVALIDATED|LOW_CURRENT_SAMPLE
historical_test,2023,2024,2024,22,2025,1,All feature history is before target season/week.,PASS,2025,1,ATL,00-0036463,C.Blair,WR,30.75,0.0917124542124542,0.6401459367679092,1.805312663639801,1-2,0.7798033969713766,1.4077889477017609,1.4077889477017609,14.59782644610318,True,381,7,255,True,,weekly_stats_historical,"Historical test mode: team is from loaded weekly/player stats context, not live roster confirmation.",ROUTE_PROXY_UNVALIDATED,60,Medium,ROUTE_PROXY_UNVALIDATED|LOW_CURRENT_SAMPLE|LOW_PLAYER_SAMPLE
historical_test,2023,2024,2024,22,2025,1,All feature history is before target season/week.,PASS,2025,1,CAR,00-0039356,J.Sanders,TE,32.75,0.0715337902837902,0.7663695709003054,1.7953982353926392,1-2,0.7798033969713766,1.4000576428755953,1.4000576428755953,18.851165005853662,True,382,10,98,True,,weekly_stats_historical,"Historical test mode: team is from loaded weekly/player stats context, not live roster confirmation.",ROUTE_PROXY_UNVALIDATED,75,Medium,ROUTE_PROXY_UNVALIDATED|LOW_CURRENT_SAMPLE
historical_test,2023,2024,2024,22,2025,1,All feature history is before target season/week.,PASS,2025,1,BUF,00-0035689,D.Knox,TE,30.25,0.077968509984639,0.7609819740010806,1.794812076800515,1-2,0.7798033969713766,1.3996005544142927,1.3996005544142927,20.622315419755594,True,383,8,99,True,,weekly_stats_historical,"Historical test mode: team is from loaded weekly/player stats context, not live roster confirmation.",ROUTE_PROXY_UNVALIDATED,75,Medium,ROUTE_PROXY_UNVALIDATED|LOW_CURRENT_SAMPLE
historical_test,2023,2024,2024,22,2025,1,All feature history is before target season/week.,PASS,2025,1,ATL,00-0039394,Cas.Washington,WR,30.75,0.0911159003831417,0.6401459367679092,1.7935698072104453,1-2,0.7798033969713766,1.3986318283680022,1.3986318283680022,14.068584507444358,True,384,8,256,True,,weekly_stats_historical,"Historical test mode: team is from loaded weekly/player stats context, not live roster confirmation.",ROUTE_PROXY_UNVALIDATED,60,Medium,ROUTE_PROXY_UNVALIDATED|LOW_CURRENT_SAMPLE|LOW_PLAYER_SAMPLE
historical_test,2023,2024,2024,22,2025,1,All feature history is before target season/week.,PASS,2025,1,WAS,00-0036628,J.Bates,TE,39.75,0.0665619331845602,0.6752848256567983,1.7866934719751288,1-2,0.7798033969713766,1.3932696387927885,1.3932696387927885,18.98986292102107,True,385,15,100,True,,weekly_stats_historical,"Historical test mode: team is from loaded weekly/player stats context, not live roster confirmation.",ROUTE_PROXY_UNVALIDATED,75,Medium,ROUTE_PROXY_UNVALIDATED|LOW_CURRENT_SAMPLE
historical_test,2023,2024,2024,22,2025,1,All feature history is before target season/week.,PASS,2025,1,SEA,00-0033439,P.Brown,TE,35.25,0.0663500771259391,0.7609819740010806,1.779815246491343,1-2,0.7798033969713766,1.3879059751953973,1.3879059751953973,16.677206744826098,True,386,11,101,True,,weekly_stats_historical,"Historical test mode: team is from loaded weekly/player stats context, not live roster confirmation.",ROUTE_PROXY_UNVALIDATED,75,Medium,ROUTE_PROXY_UNVALIDATED|LOW_CURRENT_SAMPLE
historical_test,2023,2024,2024,22,2025,1,All feature history is before target season/week.,PASS,2025,1,CHI,00-0036275,D.Swift,RB,35.75,0.0587985757129605,0.8464947945139011,1.7793736055042289,1-2,0.7798033969713766,1.3875615820534037,1.3875615820534037,13.396562626556245,True,387,11,30,True,,weekly_stats_historical,"Historical test mode: team is from loaded weekly/player stats context, not live roster confirmation.",ROUTE_PROXY_UNVALIDATED,75,Medium,ROUTE_PROXY_UNVALIDATED|LOW_CURRENT_SAMPLE
historical_test,2023,2024,2024,22,2025,1,All feature history is before target season/week.,PASS,2025,1,PHI,00-0034844,S.Barkley,RB,26.25,0.0781618319187833,0.8670575076628212,1.7789835834188406,1-2,0.7798033969713766,1.3872574415063241,1.3872574415063241,13.18429630877616,True,388,10,31,True,,weekly_stats_historical,"Historical test mode: team is from loaded weekly/player stats context, not live roster confirmation.",ROUTE_PROXY_UNVALIDATED,75,Medium,ROUTE_PROXY_UNVALIDATED|LOW_CURRENT_SAMPLE
historical_test,2023,2024,2024,22,2025,1,All feature history is before target season/week.,PASS,2025,1,CLE,00-0039379,J.Thrash,WR,40.5,0.0906500151316238,0.4840745081964807,1.777195140460195,1-2,0.7798033969713766,1.3858628076118829,1.3858628076118829,17.966188637248518,True,389,14,257,True,,weekly_stats_historical,"Historical test mode: team is from loaded weekly/player stats context, not live roster confirmation.",ROUTE_PROXY_UNVALIDATED,60,Medium,ROUTE_PROXY_UNVALIDATED|LOW_CURRENT_SAMPLE|LOW_PLAYER_SAMPLE
historical_test,2023,2024,2024,22,2025,1,All feature history is before target season/week.,PASS,2025,1,NE,00-0026293,M.Slater,WR,30.5,0.0833333333333333,0.6888288022258241,1.7507732056573022,1-2,0.7798033969713766,1.3652588930980307,1.3652588930980307,5.592406011726974,True,390,10,258,True,,weekly_stats_historical,"Historical test mode: team is from loaded weekly/player stats context, not live roster confirmation.",ROUTE_PROXY_UNVALIDATED,60,Medium,ROUTE_PROXY_UNVALIDATED|LOW_CURRENT_SAMPLE|LOW_PLAYER_SAMPLE
historical_test,2023,2024,2024,22,2025,1,All feature history is before target season/week.,PASS,2025,1,NE,00-0038911,M.Cunningham,WR,30.5,0.0833333333333333,0.6888288022258241,1.7507732056573022,1-2,0.7798033969713766,1.3652588930980307,1.3652588930980307,5.592406011726974,True,391,11,259,True,,weekly_stats_historical,"Historical test mode: team is from loaded weekly/player stats context, not live roster confirmation.",ROUTE_PROXY_UNVALIDATED,60,Medium,ROUTE_PROXY_UNVALIDATED|LOW_CURRENT_SAMPLE|LOW_PLAYER_SAMPLE
historical_test,2023,2024,2024,22,2025,1,All feature history is before target season/week.,PASS,2025,1,DEN,00-0036422,A.Trautman,TE,32.25,0.0698301480592416,0.7736631334213705,1.7423066097420126,1-2,0.7798033969713766,1.358656612842504,1.358656612842504,17.545836202204146,True,392,11,102,True,,weekly_stats_historical,"Historical test mode: team is from loaded weekly/player stats context, not live roster confirmation.",ROUTE_PROXY_UNVALIDATED,75,Medium,ROUTE_PROXY_UNVALIDATED|LOW_CURRENT_SAMPLE
historical_test,2023,2024,2024,22,2025,1,All feature history is before target season/week.,PASS,2025,1,HOU,00-0036556,B.Jordan,TE,34.5,0.0662830870373564,0.7609819740010806,1.7401880873717654,1-2,0.7798033969713766,1.3570045819016254,1.3570045819016254,16.2716459512578,True,393,11,103,True,,weekly_stats_historical,"Historical test mode: team is from loaded weekly/player stats context, not live roster confirmation.",ROUTE_PROXY_UNVALIDATED,75,Medium,ROUTE_PROXY_UNVALIDATED|LOW_CURRENT_SAMPLE
historical_test,2023,2024,2024,22,2025,1,All feature history is before target season/week.,PASS,2025,1,BUF,00-0037387,J.Virgil,WR,30.25,0.0833333333333333,0.6888288022258241,1.7364226056109309,1-2,0.7798033969713766,1.3540682464332927,1.3540682464332927,5.546566618188228,True,394,9,260,True,,weekly_stats_historical,"Historical test mode: team is from loaded weekly/player stats context, not live roster confirmation.",ROUTE_PROXY_UNVALIDATED,60,Medium,ROUTE_PROXY_UNVALIDATED|LOW_CURRENT_SAMPLE|LOW_PLAYER_SAMPLE
historical_test,2023,2024,2024,22,2025,1,All feature history is before target season/week.,PASS,2025,1,KC,00-0037272,M.Washington,WR,30.0,0.0833333333333333,0.6888288022258241,1.7220720055645595,1-2,0.7798033969713766,1.342877599768555,1.342877599768555,5.500727224649482,True,395,13,261,True,,weekly_stats_historical,"Historical test mode: team is from loaded weekly/player stats context, not live roster confirmation.",ROUTE_PROXY_UNVALIDATED,60,Medium,ROUTE_PROXY_UNVALIDATED|LOW_CURRENT_SAMPLE|LOW_PLAYER_SAMPLE
historical_test,2023,2024,2024,22,2025,1,All feature history is before target season/week.,PASS,2025,1,CAR,00-0035243,M.Sanders,RB,32.75,0.0593385054867613,0.8859819740010806,1.7217607138829871,1-2,0.7798033969713766,1.3426348534578156,1.3426348534578156,12.407906027773084,True,396,11,32,True,,weekly_stats_historical,"Historical test mode: team is from loaded weekly/player stats context, not live roster confirmation.",ROUTE_PROXY_UNVALIDATED,75,Medium,ROUTE_PROXY_UNVALIDATED|LOW_CURRENT_SAMPLE
historical_test,2023,2024,2024,22,2025,1,All feature history is before target season/week.,PASS,2025,1,LV,00-0039543,R.Keyton,WR,39.0,0.0906784188034188,0.4868126034345759,1.721592488187901,1-2,0.7798033969713766,1.3425036704893296,1.3425036704893296,17.334322888419955,True,397,17,262,True,,weekly_stats_historical,"Historical test mode: team is from loaded weekly/player stats context, not live roster confirmation.",ROUTE_PROXY_UNVALIDATED,60,Medium,ROUTE_PROXY_UNVALIDATED|LOW_CURRENT_SAMPLE|LOW_PLAYER_SAMPLE
historical_test,2023,2024,2024,22,2025,1,All feature history is before target season/week.,PASS,2025,1,IND,00-0036876,K.Granson,TE,34.0,0.0834795131670131,0.597948356122748,1.6971588807168547,1-2,0.7798033969713766,1.3234502603831426,1.3234502603831426,25.87199354313559,True,398,10,104,True,,weekly_stats_historical,"Historical test mode: team is from loaded weekly/player stats context, not live roster confirmation.",ROUTE_PROXY_UNVALIDATED,75,Medium,ROUTE_PROXY_UNVALIDATED|LOW_CURRENT_SAMPLE
historical_test,2023,2024,2024,22,2025,1,All feature history is before target season/week.,PASS,2025,1,MIA,00-0032688,R.Chosen,WR,38.0,0.0935623123123123,0.4772292701012426,1.6967256125239936,1-2,0.7798033969713766,1.32311239637455,1.32311239637455,19.93166539166472,True,399,12,263,True,,weekly_stats_historical,"Historical test mode: team is from loaded weekly/player stats context, not live roster confirmation.",ROUTE_PROXY_UNVALIDATED,75,Medium,ROUTE_PROXY_UNVALIDATED|LOW_CURRENT_SAMPLE
historical_test,2023,2024,2024,22,2025,1,All feature history is before target season/week.,PASS,2025,1,CAR,00-0034365,I.Thomas,TE,32.75,0.0774205087440381,0.6688959367679093,1.6960001368755708,1-2,0.7798033969713766,1.3225466679994897,1.3225466679994897,22.052004496669788,True,400,12,105,True,,weekly_stats_historical,"Historical test mode: team is from loaded weekly/player stats context, not live roster confirmation.",ROUTE_PROXY_UNVALIDATED,75,Medium,ROUTE_PROXY_UNVALIDATED|LOW_CURRENT_SAMPLE
historical_test,2023,2024,2024,22,2025,1,All feature history is before target season/week.,PASS,2025,1,HOU,00-0037277,T.Quitoriano,TE,34.5,0.062971269936737,0.7803963751139926,1.6954180024259233,1-2,0.7798033969713766,1.3220927175781605,1.3220927175781605,13.528762863583864,True,401,12,106,True,,weekly_stats_historical,"Historical test mode: team is from loaded weekly/player stats context, not live roster confirmation.",ROUTE_PROXY_UNVALIDATED,60,Medium,ROUTE_PROXY_UNVALIDATED|LOW_CURRENT_SAMPLE|LOW_PLAYER_SAMPLE
historical_test,2023,2024,2024,22,2025,1,All feature history is before target season/week.,PASS,2025,1,GB,00-0039144,L.Musgrave,TE,32.0,0.0659977650063857,0.8026486406677472,1.6951365238235165,1-2,0.7798033969713766,1.321873219607829,1.321873219607829,14.890479068738912,True,402,10,107,True,,weekly_stats_historical,"Historical test mode: team is from loaded weekly/player stats context, not live roster confirmation.",ROUTE_PROXY_UNVALIDATED,75,Medium,ROUTE_PROXY_UNVALIDATED|LOW_CURRENT_SAMPLE
historical_test,2023,2024,2024,22,2025,1,All feature history is before target season/week.,PASS,2025,1,PHI,00-0033460,J.Ross,WR,26.25,0.1005747126436781,0.6401459367679092,1.690040458061828,1-2,0.7798033969713766,1.3178992902156748,1.3178992902156748,17.875539538517526,True,403,11,264,True,,weekly_stats_historical,"Historical test mode: team is from loaded weekly/player stats context, not live roster confirmation.",ROUTE_PROXY_UNVALIDATED,60,Medium,ROUTE_PROXY_UNVALIDATED|LOW_CURRENT_SAMPLE|LOW_PLAYER_SAMPLE
historical_test,2023,2024,2024,22,2025,1,All feature history is before target season/week.,PASS,2025,1,TEN,00-0039392,J.Jackson,WR,34.5,0.0833333333333333,0.5877432279465155,1.6897617803462313,1-2,0.7798033969713766,1.3176819763863923,1.3176819763863923,6.325836308346905,True,404,16,265,True,,weekly_stats_historical,"Historical test mode: team is from loaded weekly/player stats context, not live roster confirmation.",ROUTE_PROXY_UNVALIDATED,60,Medium,ROUTE_PROXY_UNVALIDATED|LOW_CURRENT_SAMPLE|LOW_PLAYER_SAMPLE
historical_test,2023,2024,2024,22,2025,1,All feature history is before target season/week.,PASS,2025,1,MIA,00-0031687,R.Mostert,RB,38.0,0.0485355987161126,0.9156921189286168,1.6888592788093957,1-2,0.7798033969713766,1.316978202622196,1.316978202622196,10.824524394658372,True,405,13,33,True,,weekly_stats_historical,"Historical test mode: team is from loaded weekly/player stats context, not live roster confirmation.",ROUTE_PROXY_UNVALIDATED,75,Medium,ROUTE_PROXY_UNVALIDATED|LOW_CURRENT_SAMPLE
historical_test,2023,2024,2024,22,2025,1,All feature history is before target season/week.,PASS,2025,1,ATL,00-0038542,B.Robinson,RB,30.75,0.0644820246927805,0.8512597517788584,1.6878967842758672,1-2,0.7798033969713766,1.3162276461153841,1.3162276461153841,12.799147493655829,True,406,9,34,True,,weekly_stats_historical,"Historical test mode: team is from loaded weekly/player stats context, not live roster confirmation.",ROUTE_PROXY_UNVALIDATED,75,Medium,ROUTE_PROXY_UNVALIDATED|LOW_CURRENT_SAMPLE
historical_test,2023,2024,2024,22,2025,1,All feature history is before target season/week.,PASS,2025,1,ATL,00-0034073,R.Dwelley,TE,30.75,0.0577107279693486,0.95,1.685874640804596,1-2,0.7798033969713766,1.3146507717673233,1.3146507717673233,6.500527830027768,True,407,10,108,True,,weekly_stats_historical,"Historical test mode: team is from loaded weekly/player stats context, not live roster confirmation.",ROUTE_PROXY_UNVALIDATED,60,Medium,ROUTE_PROXY_UNVALIDATED|LOW_CURRENT_SAMPLE|LOW_PLAYER_SAMPLE
historical_test,2023,2024,2024,22,2025,1,All feature history is before target season/week.,PASS,2025,1,MIA,00-0036020,S.Ahmed,RB,38.0,0.0549655347075405,0.8053963751139926,1.682223611566908,1-2,0.7798033969713766,1.3118036867653324,1.3118036867653324,13.069027983145586,True,408,14,35,True,,weekly_stats_historical,"Historical test mode: team is from loaded weekly/player stats context, not live roster confirmation.",ROUTE_PROXY_UNVALIDATED,75,Medium,ROUTE_PROXY_UNVALIDATED|LOW_CURRENT_SAMPLE
historical_test,2023,2024,2024,22,2025,1,All feature history is before target season/week.,PASS,2025,1,BUF,00-0035527,A.Isabella,WR,30.25,0.0875,0.6337224980477582,1.6773842370201597,1-2,0.7798033969713766,1.3080299260545611,1.3080299260545611,10.126598844956122,True,409,10,266,True,,weekly_stats_historical,"Historical test mode: team is from loaded weekly/player stats context, not live roster confirmation.",ROUTE_PROXY_UNVALIDATED,60,Medium,ROUTE_PROXY_UNVALIDATED|LOW_CURRENT_SAMPLE|LOW_PLAYER_SAMPLE
historical_test,2023,2024,2024,22,2025,1,All feature history is before target season/week.,PASS,2025,1,LV,00-0037509,S.McCormick,RB,39.0,0.0471973990441842,0.9089978470169536,1.673191030522575,1-2,0.7798033969713766,1.3047600493835423,1.3047600493835423,10.567017101347384,True,410,18,36,True,,weekly_stats_historical,"Historical test mode: team is from loaded weekly/player stats context, not live roster confirmation.",ROUTE_PROXY_UNVALIDATED,60,Medium,ROUTE_PROXY_UNVALIDATED|LOW_CURRENT_SAMPLE|LOW_PLAYER_SAMPLE
historical_test,2023,2024,2024,22,2025,1,All feature history is before target season/week.,PASS,2025,1,BAL,00-0032951,L.Treadwell,WR,25.25,0.0929487179487179,0.7103891647144248,1.667251493147876,1-2,0.7798033969713766,1.3001283779623134,1.3001283779623134,12.840695898347803,True,411,8,267,True,,weekly_stats_historical,"Historical test mode: team is from loaded weekly/player stats context, not live roster confirmation.",ROUTE_PROXY_UNVALIDATED,60,Medium,ROUTE_PROXY_UNVALIDATED|LOW_CURRENT_SAMPLE|LOW_PLAYER_SAMPLE
historical_test,2023,2024,2024,22,2025,1,All feature history is before target season/week.,PASS,2025,1,NYJ,00-0036510,K.Yeboah,TE,38.25,0.0646473374295955,0.6736876034345759,1.6658682006674235,1-2,0.7798033969713766,1.2990496817870516,1.2990496817870516,16.608042038984113,True,412,12,109,True,,weekly_stats_historical,"Historical test mode: team is from loaded weekly/player stats context, not live roster confirmation.",ROUTE_PROXY_UNVALIDATED,75,Medium,ROUTE_PROXY_UNVALIDATED|LOW_CURRENT_SAMPLE
historical_test,2023,2024,2024,22,2025,1,All feature history is before target season/week.,PASS,2025,1,NYG,00-0039384,T.Tracy,RB,33.5,0.0615840259308111,0.8069725400388164,1.6648366973452993,1-2,0.7798033969713766,1.298245311992472,1.298245311992472,13.25307599780008,True,413,13,37,True,,weekly_stats_historical,"Historical test mode: team is from loaded weekly/player stats context, not live roster confirmation.",ROUTE_PROXY_UNVALIDATED,75,Medium,ROUTE_PROXY_UNVALIDATED|LOW_CURRENT_SAMPLE
historical_test,2023,2024,2024,22,2025,1,All feature history is before target season/week.,PASS,2025,1,PHI,00-0037086,G.Calcaterra,TE,26.25,0.07408591223009,0.8558744471193601,1.66446627819312,1-2,0.7798033969713766,1.2979564578792993,1.2979564578792993,16.271728497870733,True,414,12,110,True,,weekly_stats_historical,"Historical test mode: team is from loaded weekly/player stats context, not live roster confirmation.",ROUTE_PROXY_UNVALIDATED,75,Medium,ROUTE_PROXY_UNVALIDATED|LOW_CURRENT_SAMPLE
historical_test,2023,2024,2024,22,2025,1,All feature history is before target season/week.,PASS,2025,1,IND,00-0037292,A.Ogletree,TE,34.0,0.0705482711732711,0.6935387939107664,1.6635507386680044,1-2,0.7798033969713766,1.2972425170475526,1.2972425170475526,18.957521657974898,True,415,11,111,True,,weekly_stats_historical,"Historical test mode: team is from loaded weekly/player stats context, not live roster confirmation.",ROUTE_PROXY_UNVALIDATED,75,Medium,ROUTE_PROXY_UNVALIDATED|LOW_CURRENT_SAMPLE
historical_test,2023,2024,2024,22,2025,1,All feature history is before target season/week.,PASS,2025,1,NYG,00-0036145,L.Cager,TE,33.5,0.0622014831573655,0.7970630417806593,1.6608798628507195,1-2,0.7798033969713766,1.2951597590123451,1.2951597590123451,12.43612567158506,True,416,14,112,True,,weekly_stats_historical,"Historical test mode: team is from loaded weekly/player stats context, not live roster confirmation.",ROUTE_PROXY_UNVALIDATED,60,Medium,ROUTE_PROXY_UNVALIDATED|LOW_CURRENT_SAMPLE|LOW_PLAYER_SAMPLE
historical_test,2023,2024,2024,22,2025,1,All feature history is before target season/week.,PASS,2025,1,CAR,00-0035956,G.Ricci,TE,32.75,0.0595878136200716,0.8470630417806593,1.6530442850520168,1-2,0.7798033969713766,1.2890495488276832,1.2890495488276832,9.46995588776046,True,417,13,113,True,,weekly_stats_historical,"Historical test mode: team is from loaded weekly/player stats context, not live roster confirmation.",ROUTE_PROXY_UNVALIDATED,60,Medium,ROUTE_PROXY_UNVALIDATED|LOW_CURRENT_SAMPLE|LOW_PLAYER_SAMPLE
historical_test,2023,2024,2024,22,2025,1,All feature history is before target season/week.,PASS,2025,1,BAL,00-0035215,D.Harty,WR,25.25,0.0833333333333333,0.7848288022258241,1.651410604683504,1-2,0.7798033969713766,1.2877755993267515,1.2877755993267515,4.629778747413314,True,418,9,268,True,,weekly_stats_historical,"Historical test mode: team is from loaded weekly/player stats context, not live roster confirmation.",ROUTE_PROXY_UNVALIDATED,75,Medium,ROUTE_PROXY_UNVALIDATED|LOW_CURRENT_SAMPLE
historical_test,2023,2024,2024,22,2025,1,All feature history is before target season/week.,PASS,2025,1,IND,00-0033217,M.Alie-Cox,TE,34.0,0.0754192785442785,0.637532300404273,1.634795688935593,1-2,0.7798033969713766,1.2748192315861373,1.2748192315861373,21.820853531373352,True,419,12,114,True,,weekly_stats_historical,"Historical test mode: team is from loaded weekly/player stats context, not live roster confirmation.",ROUTE_PROXY_UNVALIDATED,75,Medium,ROUTE_PROXY_UNVALIDATED|LOW_CURRENT_SAMPLE
historical_test,2023,2024,2024,22,2025,1,All feature history is before target season/week.,PASS,2025,1,GB,00-0039811,M.Lloyd,RB,32.0,0.05371808424134,0.95,1.633029760936736,1-2,0.7798033969713766,1.2734421549338217,1.2734421549338217,10.665025514773475,True,420,11,38,True,,weekly_stats_historical,"Historical test mode: team is from loaded weekly/player stats context, not live roster confirmation.",ROUTE_PROXY_UNVALIDATED,60,Medium,ROUTE_PROXY_UNVALIDATED|LOW_CURRENT_SAMPLE|LOW_PLAYER_SAMPLE
historical_test,2023,2024,2024,22,2025,1,All feature history is before target season/week.,PASS,2025,1,CHI,00-0033895,G.Everett,TE,35.75,0.061384702009702,0.7436742816933882,1.6319955142214946,1-2,0.7798033969713766,1.27263564583197,1.27263564583197,12.429138334161774,True,421,12,115,True,,weekly_stats_historical,"Historical test mode: team is from loaded weekly/player stats context, not live roster confirmation.",ROUTE_PROXY_UNVALIDATED,75,Medium,ROUTE_PROXY_UNVALIDATED|LOW_CURRENT_SAMPLE
historical_test,2023,2024,2024,22,2025,1,All feature history is before target season/week.,PASS,2025,1,SEA,00-0039165,Z.Charbonnet,RB,35.25,0.0540507488885208,0.8564947945139011,1.6318700234565122,1-2,0.7798033969713766,1.2725377877071482,1.2725377877071482,11.84936990066713,True,422,12,39,True,,weekly_stats_historical,"Historical test mode: team is from loaded weekly/player stats context, not live roster confirmation.",ROUTE_PROXY_UNVALIDATED,75,Medium,ROUTE_PROXY_UNVALIDATED|LOW_CURRENT_SAMPLE
historical_test,2023,2024,2024,22,2025,1,All feature history is before target season/week.,PASS,2025,1,WAS,00-0037746,B.Robinson,RB,39.75,0.0463362733439041,0.8826486406677473,1.6257212850540936,1-2,0.7798033969713766,1.2677429806138538,1.2677429806138538,10.398981639594572,True,423,16,40,True,,weekly_stats_historical,"Historical test mode: team is from loaded weekly/player stats context, not live roster confirmation.",ROUTE_PROXY_UNVALIDATED,75,Medium,ROUTE_PROXY_UNVALIDATED|LOW_CURRENT_SAMPLE
historical_test,2023,2024,2024,22,2025,1,All feature history is before target season/week.,PASS,2025,1,LAC,00-0036158,J.Dobbins,RB,37.0,0.0520406384232692,0.8429050509241575,1.6230167282707813,1-2,0.7798033969713766,1.265633958046925,1.265633958046925,11.781348249137716,True,424,15,41,True,,weekly_stats_historical,"Historical test mode: team is from loaded weekly/player stats context, not live roster confirmation.",ROUTE_PROXY_UNVALIDATED,75,Medium,ROUTE_PROXY_UNVALIDATED|LOW_CURRENT_SAMPLE
historical_test,2023,2024,2024,22,2025,1,All feature history is before target season/week.,PASS,2025,1,TEN,00-0034193,K.Rader,TE,34.5,0.0628632478632478,0.7470630417806593,1.6202169161900655,1-2,0.7798033969713766,1.2634506550755011,1.2634506550755011,13.429867059311094,True,425,17,116,True,,weekly_stats_historical,"Historical test mode: team is from loaded weekly/player stats context, not live roster confirmation.",ROUTE_PROXY_UNVALIDATED,60,Medium,ROUTE_PROXY_UNVALIDATED|LOW_CURRENT_SAMPLE|LOW_PLAYER_SAMPLE
historical_test,2023,2024,2024,22,2025,1,All feature history is before target season/week.,PASS,2025,1,PIT,00-0037451,R.Williams,TE,36.75,0.0555555555555555,0.7848288022258241,1.602358804544389,1-2,0.7798033969713766,1.2495248389507085,1.2495248389507085,5.916635868464443,True,426,15,117,True,,weekly_stats_historical,"Historical test mode: team is from loaded weekly/player stats context, not live roster confirmation.",ROUTE_PROXY_UNVALIDATED,60,Medium,ROUTE_PROXY_UNVALIDATED|LOW_CURRENT_SAMPLE|LOW_PLAYER_SAMPLE
historical_test,2023,2024,2024,22,2025,1,All feature history is before target season/week.,PASS,2025,1,KC,00-0038519,N.Remigio,WR,30.0,0.1053921568627451,0.5059792701012427,1.599787398114223,1-2,0.7798033969713766,1.2475196474814712,1.2475196474814712,23.107676341042016,True,427,14,269,True,,weekly_stats_historical,"Historical test mode: team is from loaded weekly/player stats context, not live roster confirmation.",ROUTE_PROXY_UNVALIDATED,60,Medium,ROUTE_PROXY_UNVALIDATED|LOW_CURRENT_SAMPLE|LOW_PLAYER_SAMPLE
historical_test,2023,2024,2024,22,2025,1,All feature history is before target season/week.,PASS,2025,1,MIA,00-0038720,J.Hill,TE,38.0,0.0586336336336336,0.7158038315047514,1.59486682518003,1-2,0.7798033969713766,1.243682567992342,1.243682567992342,9.600324318846058,True,428,15,118,True,,weekly_stats_historical,"Historical test mode: team is from loaded weekly/player stats context, not live roster confirmation.",ROUTE_PROXY_UNVALIDATED,75,Medium,ROUTE_PROXY_UNVALIDATED|LOW_CURRENT_SAMPLE
historical_test,2023,2024,2024,22,2025,1,All feature history is before target season/week.,PASS,2025,1,ATL,00-0036429,C.Woerner,TE,30.75,0.0738677121489621,0.7008403812123537,1.5919113729092125,1-2,0.7798033969713766,1.2413778962719717,1.2413778962719717,18.94861007471884,True,429,11,119,True,,weekly_stats_historical,"Historical test mode: team is from loaded weekly/player stats context, not live roster confirmation.",ROUTE_PROXY_UNVALIDATED,75,Medium,ROUTE_PROXY_UNVALIDATED|LOW_CURRENT_SAMPLE
historical_test,2023,2024,2024,22,2025,1,All feature history is before target season/week.,PASS,2025,1,MIN,00-0036414,C.Akers,RB,43.75,0.0423499594264886,0.8582041962233028,1.5900899389243373,1-2,0.7798033969713766,1.239957535863207,1.239957535863207,9.32343542749837,True,430,12,42,True,,weekly_stats_historical,"Historical test mode: team is from loaded weekly/player stats context, not live roster confirmation.",ROUTE_PROXY_UNVALIDATED,75,Medium,ROUTE_PROXY_UNVALIDATED|LOW_CURRENT_SAMPLE
historical_test,2023,2024,2024,22,2025,1,All feature history is before target season/week.,PASS,2025,1,CLE,00-0038098,P.Strong,RB,40.5,0.0491653933139304,0.7941637921828988,1.5813376955333653,1-2,0.7798033969713766,1.2331325067358068,1.2331325067358068,11.792427519582494,True,431,15,43,True,,weekly_stats_historical,"Historical test mode: team is from loaded weekly/player stats context, not live roster confirmation.",ROUTE_PROXY_UNVALIDATED,75,Medium,ROUTE_PROXY_UNVALIDATED|LOW_CURRENT_SAMPLE
historical_test,2023,2024,2024,22,2025,1,All feature history is before target season/week.,PASS,2025,1,DEN,00-0038794,J.McLaughlin,RB,32.25,0.0514066842070209,0.9490772120963188,1.573442429102667,1-2,0.7798033969713766,1.226975751153154,1.226975751153154,10.081737718772688,True,432,12,44,True,,weekly_stats_historical,"Historical test mode: team is from loaded weekly/player stats context, not live roster confirmation.",ROUTE_PROXY_UNVALIDATED,75,Medium,ROUTE_PROXY_UNVALIDATED|LOW_CURRENT_SAMPLE
historical_test,2023,2024,2024,22,2025,1,All feature history is before target season/week.,PASS,2025,1,DAL,00-0039530,B.Spann-Ford,TE,33.0,0.0577876984126984,0.8240772120963187,1.5715103382461788,1-2,0.7798033969713766,1.2254691001400073,1.2254691001400073,7.099657939446296,True,433,11,120,True,,weekly_stats_historical,"Historical test mode: team is from loaded weekly/player stats context, not live roster confirmation.",ROUTE_PROXY_UNVALIDATED,75,Medium,ROUTE_PROXY_UNVALIDATED|LOW_CURRENT_SAMPLE
historical_test,2023,2024,2024,22,2025,1,All feature history is before target season/week.,PASS,2025,1,SF,00-0037112,J.Tonges,TE,41.0,0.0555555555555555,0.6888288022258241,1.5689989384032643,1-2,0.7798033969713766,1.2235107020113491,1.2235107020113491,6.600872669579379,True,434,14,121,True,,weekly_stats_historical,"Historical test mode: team is from loaded weekly/player stats context, not live roster confirmation.",ROUTE_PROXY_UNVALIDATED,60,Medium,ROUTE_PROXY_UNVALIDATED|LOW_CURRENT_SAMPLE|LOW_PLAYER_SAMPLE
historical_test,2023,2024,2024,22,2025,1,All feature history is before target season/week.,PASS,2025,1,LAC,00-0031690,E.Tomlinson,TE,37.0,0.0650213979161347,0.6401459367679092,1.540057796122372,1-2,0.7798033969713766,1.2009423009484774,1.2009423009484774,16.392449333205224,True,435,16,122,True,,weekly_stats_historical,"Historical test mode: team is from loaded weekly/player stats context, not live roster confirmation.",ROUTE_PROXY_UNVALIDATED,60,Medium,ROUTE_PROXY_UNVALIDATED|LOW_CURRENT_SAMPLE|LOW_PLAYER_SAMPLE
historical_test,2023,2024,2024,22,2025,1,All feature history is before target season/week.,PASS,2025,1,GB,00-0035700,J.Jacobs,RB,32.0,0.0519283924516482,0.926561684146008,1.5396754804798083,1-2,0.7798033969713766,1.200644169911691,1.200644169911691,10.156643895443771,True,436,12,45,True,,weekly_stats_historical,"Historical test mode: team is from loaded weekly/player stats context, not live roster confirmation.",ROUTE_PROXY_UNVALIDATED,75,Medium,ROUTE_PROXY_UNVALIDATED|LOW_CURRENT_SAMPLE
historical_test,2023,2024,2024,22,2025,1,All feature history is before target season/week.,PASS,2025,1,MIA,00-0034798,D.Smythe,TE,38.0,0.0642684558007138,0.6283077014737917,1.5344538981738256,1-2,0.7798033969713766,1.19657236229192,1.19657236229192,16.152042906528024,True,437,16,123,True,,weekly_stats_historical,"Historical test mode: team is from loaded weekly/player stats context, not live roster confirmation.",ROUTE_PROXY_UNVALIDATED,75,Medium,ROUTE_PROXY_UNVALIDATED|LOW_CURRENT_SAMPLE
historical_test,2023,2024,2024,22,2025,1,All feature history is before target season/week.,PASS,2025,1,CHI,00-0039021,R.Johnson,RB,35.75,0.0475081483439041,0.9026486406677472,1.5330731674567852,1-2,0.7798033969713766,1.1954956637884693,1.1954956637884693,9.804129258676332,True,438,13,46,True,,weekly_stats_historical,"Historical test mode: team is from loaded weekly/player stats context, not live roster confirmation.",ROUTE_PROXY_UNVALIDATED,75,Medium,ROUTE_PROXY_UNVALIDATED|LOW_CURRENT_SAMPLE
historical_test,2023,2024,2024,22,2025,1,All feature history is before target season/week.,PASS,2025,1,TEN,00-0035259,T.Wesco,TE,34.5,0.0592877302436125,0.7470630417806593,1.52806268731422,1-2,0.7798033969713766,1.191588474352839,1.191588474352839,9.597598295830492,True,439,18,124,True,,weekly_stats_historical,"Historical test mode: team is from loaded weekly/player stats context, not live roster confirmation.",ROUTE_PROXY_UNVALIDATED,60,Medium,ROUTE_PROXY_UNVALIDATED|LOW_CURRENT_SAMPLE|LOW_PLAYER_SAMPLE
historical_test,2023,2024,2024,22,2025,1,All feature history is before target season/week.,PASS,2025,1,MIN,00-0035311,M.Gaskin,RB,43.75,0.0367194578677136,0.95,1.5261524676268465,1-2,0.7798033969713766,1.1900988785516637,1.1900988785516637,4.967668907546074,True,440,13,47,True,,weekly_stats_historical,"Historical test mode: team is from loaded weekly/player stats context, not live roster confirmation.",ROUTE_PROXY_UNVALIDATED,60,Medium,ROUTE_PROXY_UNVALIDATED|LOW_CURRENT_SAMPLE|LOW_PLAYER_SAMPLE
historical_test,2023,2024,2024,22,2025,1,All feature history is before target season/week.,PASS,2025,1,NE,00-0036328,A.Gibson,RB,30.5,0.0600646041309875,0.8325336981390116,1.5251771136350167,1-2,0.7798033969713766,1.1893382941955852,1.1893382941955852,11.723051907581494,True,441,12,48,True,,weekly_stats_historical,"Historical test mode: team is from loaded weekly/player stats context, not live roster confirmation.",ROUTE_PROXY_UNVALIDATED,75,Medium,ROUTE_PROXY_UNVALIDATED|LOW_CURRENT_SAMPLE
historical_test,2023,2024,2024,22,2025,1,All feature history is before target season/week.,PASS,2025,1,WAS,00-0039686,C.Yankoff,TE,39.75,0.0555555555555555,0.6888288022258241,1.5211636049153598,1-2,0.7798033969713766,1.1862085464622225,1.1862085464622225,6.399626551604397,True,442,17,125,True,,weekly_stats_historical,"Historical test mode: team is from loaded weekly/player stats context, not live roster confirmation.",ROUTE_PROXY_UNVALIDATED,60,Medium,ROUTE_PROXY_UNVALIDATED|LOW_CURRENT_SAMPLE|LOW_PLAYER_SAMPLE
historical_test,2023,2024,2024,22,2025,1,All feature history is before target season/week.,PASS,2025,1,LA,00-0039738,B.Corum,RB,38.75,0.0432613534721092,0.9068153073344138,1.520164729849895,1-2,0.7798033969713766,1.1854296202930232,1.1854296202930232,8.723385519847476,True,443,14,49,True,,weekly_stats_historical,"Historical test mode: team is from loaded weekly/player stats context, not live roster confirmation.",ROUTE_PROXY_UNVALIDATED,60,Medium,ROUTE_PROXY_UNVALIDATED|LOW_CURRENT_SAMPLE|LOW_PLAYER_SAMPLE
historical_test,2023,2024,2024,22,2025,1,All feature history is before target season/week.,PASS,2025,1,BAL,00-0031549,N.Agholor,WR,25.25,0.0952984022556391,0.6308717432195222,1.5180569962155197,1-2,0.7798033969713766,1.1837860024450264,1.1837860024450264,14.32395120197278,True,444,10,270,True,,weekly_stats_historical,"Historical test mode: team is from loaded weekly/player stats context, not live roster confirmation.",ROUTE_PROXY_UNVALIDATED,75,Medium,ROUTE_PROXY_UNVALIDATED|LOW_CURRENT_SAMPLE
historical_test,2023,2024,2024,22,2025,1,All feature history is before target season/week.,PASS,2025,1,BAL,00-0034975,J.Hill,RB,25.25,0.068383434385094,0.8737012722466946,1.5086040139770884,1-2,0.7798033969713766,1.1764145347839876,1.1764145347839876,11.172489752063491,True,445,11,50,True,,weekly_stats_historical,"Historical test mode: team is from loaded weekly/player stats context, not live roster confirmation.",ROUTE_PROXY_UNVALIDATED,75,Medium,ROUTE_PROXY_UNVALIDATED|LOW_CURRENT_SAMPLE
historical_test,2023,2024,2024,22,2025,1,All feature history is before target season/week.,PASS,2025,1,PHI,00-0037039,D.Allen,WR,26.25,0.0833333333333333,0.6888288022258241,1.5068130048689896,1-2,0.7798033969713766,1.1750178997974854,1.1750178997974854,4.8131363215682965,True,446,13,271,True,,weekly_stats_historical,"Historical test mode: team is from loaded weekly/player stats context, not live roster confirmation.",ROUTE_PROXY_UNVALIDATED,60,Medium,ROUTE_PROXY_UNVALIDATED|LOW_CURRENT_SAMPLE|LOW_PLAYER_SAMPLE
historical_test,2023,2024,2024,22,2025,1,All feature history is before target season/week.,PASS,2025,1,LV,00-0038590,J.Shorter,TE,39.0,0.0555555555555555,0.6888288022258241,1.4924624048226172,1-2,0.7798033969713766,1.1638272531327467,1.1638272531327467,6.278878880819409,True,447,19,126,True,,weekly_stats_historical,"Historical test mode: team is from loaded weekly/player stats context, not live roster confirmation.",ROUTE_PROXY_UNVALIDATED,60,Medium,ROUTE_PROXY_UNVALIDATED|LOW_CURRENT_SAMPLE|LOW_PLAYER_SAMPLE
historical_test,2023,2024,2024,22,2025,1,All feature history is before target season/week.,PASS,2025,1,KC,00-0033455,A.Firkser,TE,30.0,0.0586805555555555,0.8470630417806593,1.4911838964680342,1-2,0.7798033969713766,1.1628302679747866,1.1628302679747866,7.636753236814713,True,448,15,127,True,,weekly_stats_historical,"Historical test mode: team is from loaded weekly/player stats context, not live roster confirmation.",ROUTE_PROXY_UNVALIDATED,60,Medium,ROUTE_PROXY_UNVALIDATED|LOW_CURRENT_SAMPLE|LOW_PLAYER_SAMPLE
historical_test,2023,2024,2024,22,2025,1,All feature history is before target season/week.,PASS,2025,1,NYJ,00-0038389,I.Abanikanda,RB,38.25,0.0482183756166314,0.8042058989235165,1.4832394556082344,1-2,0.7798033969713766,1.1566351660052765,1.1566351660052765,10.772018082956668,True,449,13,51,True,,weekly_stats_historical,"Historical test mode: team is from loaded weekly/player stats context, not live roster confirmation.",ROUTE_PROXY_UNVALIDATED,75,Medium,ROUTE_PROXY_UNVALIDATED|LOW_CURRENT_SAMPLE
historical_test,2023,2024,2024,22,2025,1,All feature history is before target season/week.,PASS,2025,1,LAC,00-0038862,E.Dotson,RB,37.0,0.0473078278310836,0.8470630417806593,1.4826903640774358,1-2,0.7798033969713766,1.1562069825643115,1.1562069825643115,10.068575128994429,True,450,17,52,True,,weekly_stats_historical,"Historical test mode: team is from loaded weekly/player stats context, not live roster confirmation.",ROUTE_PROXY_UNVALIDATED,60,Medium,ROUTE_PROXY_UNVALIDATED|LOW_CURRENT_SAMPLE|LOW_PLAYER_SAMPLE
historical_test,2023,2024,2024,22,2025,1,All feature history is before target season/week.,PASS,2025,1,TB,00-0034681,C.Edmonds,RB,33.25,0.054643637183022,0.813729708447326,1.478466269201945,1-2,0.7798033969713766,1.1529130190312744,1.1529130190312744,11.34516685774011,True,451,15,53,True,,weekly_stats_historical,"Historical test mode: team is from loaded weekly/player stats context, not live roster confirmation.",ROUTE_PROXY_UNVALIDATED,75,Medium,ROUTE_PROXY_UNVALIDATED|LOW_CURRENT_SAMPLE
historical_test,2023,2024,2024,22,2025,1,All feature history is before target season/week.,PASS,2025,1,NYG,00-0036493,D.Jackson,RB,33.5,0.05371808424134,0.813729708447326,1.4643520344398258,1-2,0.7798033969713766,1.1419066908181223,1.1419066908181223,11.164948585778482,True,452,15,54,True,,weekly_stats_historical,"Historical test mode: team is from loaded weekly/player stats context, not live roster confirmation.",ROUTE_PROXY_UNVALIDATED,60,Medium,ROUTE_PROXY_UNVALIDATED|LOW_CURRENT_SAMPLE|LOW_PLAYER_SAMPLE
historical_test,2023,2024,2024,22,2025,1,All feature history is before target season/week.,PASS,2025,1,ARI,00-0036425,D.Dallas,RB,38.5,0.0399845013132528,0.95,1.462433135532221,1-2,0.7798033969713766,1.1404103269315276,1.1404103269315276,6.860322776512824,True,453,13,55,True,,weekly_stats_historical,"Historical test mode: team is from loaded weekly/player stats context, not live roster confirmation.",ROUTE_PROXY_UNVALIDATED,75,Medium,ROUTE_PROXY_UNVALIDATED|LOW_CURRENT_SAMPLE
historical_test,2023,2024,2024,22,2025,1,All feature history is before target season/week.,PASS,2025,1,MIA,00-0032214,T.Kroft,TE,38.0,0.0555555555555555,0.6888288022258241,1.4541941380322938,1-2,0.7798033969713766,1.1339855286934455,1.1339855286934455,6.117881986439424,True,454,17,128,True,,weekly_stats_historical,"Historical test mode: team is from loaded weekly/player stats context, not live roster confirmation.",ROUTE_PROXY_UNVALIDATED,60,Medium,ROUTE_PROXY_UNVALIDATED|LOW_CURRENT_SAMPLE|LOW_PLAYER_SAMPLE
historical_test,2023,2024,2024,22,2025,1,All feature history is before target season/week.,PASS,2025,1,TB,00-0037311,K.Kieft,TE,33.25,0.0555555555555555,0.7848288022258241,1.4497532041115901,1-2,0.7798033969713766,1.1305224733363555,1.1305224733363555,5.353146738134496,True,455,16,129,True,,weekly_stats_historical,"Historical test mode: team is from loaded weekly/player stats context, not live roster confirmation.",ROUTE_PROXY_UNVALIDATED,60,Medium,ROUTE_PROXY_UNVALIDATED|LOW_CURRENT_SAMPLE|LOW_PLAYER_SAMPLE
historical_test,2023,2024,2024,22,2025,1,All feature history is before target season/week.,PASS,2025,1,NYG,00-0037252,G.Dulcich,TE,33.5,0.0776713564213564,0.5570903812123538,1.4495438461948102,1-2,0.7798033969713766,1.1303592153216677,1.1303592153216677,22.686036920732345,True,456,16,130,True,,weekly_stats_historical,"Historical test mode: team is from loaded weekly/player stats context, not live roster confirmation.",ROUTE_PROXY_UNVALIDATED,75,Medium,ROUTE_PROXY_UNVALIDATED|LOW_CURRENT_SAMPLE
historical_test,2023,2024,2024,22,2025,1,All feature history is before target season/week.,PASS,2025,1,HOU,00-0033897,J.Mixon,RB,34.5,0.0533705235359164,0.7864205704923086,1.448022876047305,1-2,0.7798033969713766,1.129173157633951,1.129173157633951,11.393852208957346,True,457,13,56,True,,weekly_stats_historical,"Historical test mode: team is from loaded weekly/player stats context, not live roster confirmation.",ROUTE_PROXY_UNVALIDATED,75,Medium,ROUTE_PROXY_UNVALIDATED|LOW_CURRENT_SAMPLE
historical_test,2023,2024,2024,22,2025,1,All feature history is before target season/week.,PASS,2025,1,ARI,00-0038705,E.Demercado,RB,38.5,0.0439732391231779,0.8526486406677473,1.4435083187192144,1-2,0.7798033969713766,1.1256526904936839,1.1256526904936839,9.011853950653384,True,458,14,57,True,,weekly_stats_historical,"Historical test mode: team is from loaded weekly/player stats context, not live roster confirmation.",ROUTE_PROXY_UNVALIDATED,75,Medium,ROUTE_PROXY_UNVALIDATED|LOW_CURRENT_SAMPLE
historical_test,2023,2024,2024,22,2025,1,All feature history is before target season/week.,PASS,2025,1,ARI,00-0035860,T.Jones,RB,38.5,0.0460174874243639,0.813729708447326,1.4416631700742857,1-2,0.7798033969713766,1.1242138373124513,1.1242138373124513,9.935557075300396,True,459,15,58,True,,weekly_stats_historical,"Historical test mode: team is from loaded weekly/player stats context, not live roster confirmation.",ROUTE_PROXY_UNVALIDATED,75,Medium,ROUTE_PROXY_UNVALIDATED|LOW_CURRENT_SAMPLE
historical_test,2023,2024,2024,22,2025,1,All feature history is before target season/week.,PASS,2025,1,LA,00-0037557,R.Rivers,RB,38.75,0.0422998150105708,0.8793153073344139,1.4413013999030955,1-2,0.7798033969713766,1.1239317277040344,1.1239317277040344,8.2315252421711,True,460,15,59,True,,weekly_stats_historical,"Historical test mode: team is from loaded weekly/player stats context, not live roster confirmation.",ROUTE_PROXY_UNVALIDATED,75,Medium,ROUTE_PROXY_UNVALIDATED|LOW_CURRENT_SAMPLE
historical_test,2023,2024,2024,22,2025,1,All feature history is before target season/week.,PASS,2025,1,DAL,00-0036032,S.McKeon,TE,33.0,0.0555555555555555,0.7848288022258241,1.438852804080676,1-2,0.7798033969713766,1.1220223043639017,1.1220223043639017,5.312897514539499,True,461,12,131,True,,weekly_stats_historical,"Historical test mode: team is from loaded weekly/player stats context, not live roster confirmation.",ROUTE_PROXY_UNVALIDATED,60,Medium,ROUTE_PROXY_UNVALIDATED|LOW_CURRENT_SAMPLE|LOW_PLAYER_SAMPLE
historical_test,2023,2024,2024,22,2025,1,All feature history is before target season/week.,PASS,2025,1,CHI,00-0035594,T.Homer,RB,35.75,0.0422998150105708,0.95,1.4366074672965106,1-2,0.7798033969713766,1.1202713831122648,1.1202713831122648,7.594245868583662,True,462,14,60,True,,weekly_stats_historical,"Historical test mode: team is from loaded weekly/player stats context, not live roster confirmation.",ROUTE_PROXY_UNVALIDATED,60,Medium,ROUTE_PROXY_UNVALIDATED|LOW_CURRENT_SAMPLE|LOW_PLAYER_SAMPLE
historical_test,2023,2024,2024,22,2025,1,All feature history is before target season/week.,PASS,2025,1,DET,00-0033258,D.Daniels,TE,37.5,0.0555555555555555,0.6888288022258241,1.435060004637132,1-2,0.7798033969713766,1.1190646664737949,1.1190646664737949,6.037383539249432,True,463,16,132,True,,weekly_stats_historical,"Historical test mode: team is from loaded weekly/player stats context, not live roster confirmation.",ROUTE_PROXY_UNVALIDATED,60,Medium,ROUTE_PROXY_UNVALIDATED|LOW_CURRENT_SAMPLE|LOW_PLAYER_SAMPLE
historical_test,2023,2024,2024,22,2025,1,All feature history is before target season/week.,PASS,2025,1,NE,00-0039420,J.Bell,TE,30.5,0.0610794517044517,0.7693153073344139,1.4331753933747464,1-2,0.7798033969713766,1.1175950402094161,1.1175950402094161,10.322504574138035,True,464,13,133,True,,weekly_stats_historical,"Historical test mode: team is from loaded weekly/player stats context, not live roster confirmation.",ROUTE_PROXY_UNVALIDATED,60,Medium,ROUTE_PROXY_UNVALIDATED|LOW_CURRENT_SAMPLE|LOW_PLAYER_SAMPLE
historical_test,2023,2024,2024,22,2025,1,All feature history is before target season/week.,PASS,2025,1,IND,00-0038394,W.Mallory,TE,34.0,0.0657138056835637,0.6401459367679092,1.4302584737282344,1-2,0.7798033969713766,1.1153204163603736,1.1153204163603736,15.604536029644098,True,465,13,134,True,,weekly_stats_historical,"Historical test mode: team is from loaded weekly/player stats context, not live roster confirmation.",ROUTE_PROXY_UNVALIDATED,75,Medium,ROUTE_PROXY_UNVALIDATED|LOW_CURRENT_SAMPLE
historical_test,2023,2024,2024,22,2025,1,All feature history is before target season/week.,PASS,2025,1,NYG,00-0035250,D.Singletary,RB,33.5,0.0450750728409757,0.9401486406677472,1.4196384933913402,1-2,0.7798033969713766,1.1070389196178942,1.1070389196178942,8.2843873905433,True,466,17,61,True,,weekly_stats_historical,"Historical test mode: team is from loaded weekly/player stats context, not live roster confirmation.",ROUTE_PROXY_UNVALIDATED,75,Medium,ROUTE_PROXY_UNVALIDATED|LOW_CURRENT_SAMPLE
historical_test,2023,2024,2024,22,2025,1,All feature history is before target season/week.,PASS,2025,1,LAC,00-0032725,S.Anderson,TE,37.0,0.0555555555555555,0.6888288022258241,1.4159258712419704,1-2,0.7798033969713766,1.1041438042541445,1.1041438042541445,5.95688509205944,True,467,18,135,True,,weekly_stats_historical,"Historical test mode: team is from loaded weekly/player stats context, not live roster confirmation.",ROUTE_PROXY_UNVALIDATED,60,Medium,ROUTE_PROXY_UNVALIDATED|LOW_CURRENT_SAMPLE|LOW_PLAYER_SAMPLE
historical_test,2023,2024,2024,22,2025,1,All feature history is before target season/week.,PASS,2025,1,LAC,00-0037011,T.McKitty,TE,37.0,0.0555555555555555,0.6888288022258241,1.4159258712419704,1-2,0.7798033969713766,1.1041438042541445,1.1041438042541445,5.95688509205944,True,468,19,136,True,,weekly_stats_historical,"Historical test mode: team is from loaded weekly/player stats context, not live roster confirmation.",ROUTE_PROXY_UNVALIDATED,60,Medium,ROUTE_PROXY_UNVALIDATED|LOW_CURRENT_SAMPLE|LOW_PLAYER_SAMPLE
historical_test,2023,2024,2024,22,2025,1,All feature history is before target season/week.,PASS,2025,1,KC,00-0032062,B.Bell,TE,30.0,0.0631760049127584,0.7470630417806593,1.415893751930255,1-2,0.7798033969713766,1.1041187575057605,1.1041187575057605,11.925429723236975,True,469,16,137,True,,weekly_stats_historical,"Historical test mode: team is from loaded weekly/player stats context, not live roster confirmation.",ROUTE_PROXY_UNVALIDATED,60,Medium,ROUTE_PROXY_UNVALIDATED|LOW_CURRENT_SAMPLE|LOW_PLAYER_SAMPLE
historical_test,2023,2024,2024,22,2025,1,All feature history is before target season/week.,PASS,2025,1,CIN,00-0036857,C.Evans,RB,44.5,0.0371754870535815,0.8470630417806593,1.4013041608761496,1-2,0.7798033969713766,1.092741744841346,1.092741744841346,5.545007441553322,True,470,21,62,True,,weekly_stats_historical,"Historical test mode: team is from loaded weekly/player stats context, not live roster confirmation.",ROUTE_PROXY_UNVALIDATED,60,Medium,ROUTE_PROXY_UNVALIDATED|LOW_CURRENT_SAMPLE|LOW_PLAYER_SAMPLE
historical_test,2023,2024,2024,22,2025,1,All feature history is before target season/week.,PASS,2025,1,BUF,00-0037248,J.Cook,RB,30.25,0.0494642735359164,0.934466822485929,1.3982373561598995,1-2,0.7798033969713766,1.090350240105766,1.090350240105766,8.897147383674179,True,471,11,63,True,,weekly_stats_historical,"Historical test mode: team is from loaded weekly/player stats context, not live roster confirmation.",ROUTE_PROXY_UNVALIDATED,75,Medium,ROUTE_PROXY_UNVALIDATED|LOW_CURRENT_SAMPLE
historical_test,2023,2024,2024,22,2025,1,All feature history is before target season/week.,PASS,2025,1,BAL,00-0038046,C.Kolar,TE,25.25,0.060484871031746,0.9117395497586565,1.392447839312786,1-2,0.7798033969713766,1.085835555201564,1.085835555201564,8.07266966596022,True,472,12,138,True,,weekly_stats_historical,"Historical test mode: team is from loaded weekly/player stats context, not live roster confirmation.",ROUTE_PROXY_UNVALIDATED,75,Medium,ROUTE_PROXY_UNVALIDATED|LOW_CURRENT_SAMPLE
historical_test,2023,2024,2024,22,2025,1,All feature history is before target season/week.,PASS,2025,1,DAL,00-0036139,R.Dowdle,RB,33.0,0.0480061237880002,0.8783856021189944,1.3915403023144106,1-2,0.7798033969713766,1.0851278547673537,1.0851278547673537,9.221397530406826,True,473,13,64,True,,weekly_stats_historical,"Historical test mode: team is from loaded weekly/player stats context, not live roster confirmation.",ROUTE_PROXY_UNVALIDATED,75,Medium,ROUTE_PROXY_UNVALIDATED|LOW_CURRENT_SAMPLE
historical_test,2023,2024,2024,22,2025,1,All feature history is before target season/week.,PASS,2025,1,LA,00-0039703,C.Schrader,RB,38.75,0.0376123150105708,0.95,1.3846033463266376,1-2,0.7798033969713766,1.0797183929234473,1.0797183929234473,5.206073676485956,True,474,16,65,True,,weekly_stats_historical,"Historical test mode: team is from loaded weekly/player stats context, not live roster confirmation.",ROUTE_PROXY_UNVALIDATED,60,Medium,ROUTE_PROXY_UNVALIDATED|LOW_CURRENT_SAMPLE|LOW_PLAYER_SAMPLE
historical_test,2023,2024,2024,22,2025,1,All feature history is before target season/week.,PASS,2025,1,NO,00-0036360,C.Edwards-Helaire,RB,38.25,0.0469150425118277,0.7693153073344139,1.3805366083337136,1-2,0.7798033969713766,1.0765471368219728,1.0765471368219728,10.24804190959274,True,475,21,66,True,,weekly_stats_historical,"Historical test mode: team is from loaded weekly/player stats context, not live roster confirmation.",ROUTE_PROXY_UNVALIDATED,75,Medium,ROUTE_PROXY_UNVALIDATED|LOW_CURRENT_SAMPLE
historical_test,2023,2024,2024,22,2025,1,All feature history is before target season/week.,PASS,2025,1,SF,00-0036567,E.Mitchell,RB,41.0,0.0394873150105708,0.8470630417806593,1.371378051748813,1-2,0.7798033969713766,1.0694052632857127,1.0694052632857127,6.967587817889344,True,476,15,67,True,,weekly_stats_historical,"Historical test mode: team is from loaded weekly/player stats context, not live roster confirmation.",ROUTE_PROXY_UNVALIDATED,60,Medium,ROUTE_PROXY_UNVALIDATED|LOW_CURRENT_SAMPLE|LOW_PLAYER_SAMPLE
historical_test,2023,2024,2024,22,2025,1,All feature history is before target season/week.,PASS,2025,1,WAS,00-0038611,C.Rodriguez,RB,39.75,0.0362730292962851,0.95,1.369760268800966,1-2,0.7798033969713766,1.0681437106474192,1.0681437106474192,4.036981059087171,True,477,18,68,True,,weekly_stats_historical,"Historical test mode: team is from loaded weekly/player stats context, not live roster confirmation.",ROUTE_PROXY_UNVALIDATED,60,Medium,ROUTE_PROXY_UNVALIDATED|LOW_CURRENT_SAMPLE|LOW_PLAYER_SAMPLE
historical_test,2023,2024,2024,22,2025,1,All feature history is before target season/week.,PASS,2025,1,CLE,00-0036569,G.Brightwell,RB,40.5,0.0442529400105708,0.7637297084473259,1.3687900413745147,1-2,0.7798033969713766,1.0673871240044377,1.0673871240044377,9.61875,True,478,16,69,True,,weekly_stats_historical,"Historical test mode: team is from loaded weekly/player stats context, not live roster confirmation.",ROUTE_PROXY_UNVALIDATED,60,Medium,ROUTE_PROXY_UNVALIDATED|LOW_CURRENT_SAMPLE|LOW_PLAYER_SAMPLE
historical_test,2023,2024,2024,22,2025,1,All feature history is before target season/week.,PASS,2025,1,DET,00-0036670,J.Jefferson,RB,37.5,0.0383935650105708,0.95,1.3677707535015848,1-2,0.7798033969713766,1.0665922798586351,1.0665922798586351,5.632807082174926,True,479,17,70,True,,weekly_stats_historical,"Historical test mode: team is from loaded weekly/player stats context, not live roster confirmation.",ROUTE_PROXY_UNVALIDATED,60,Medium,ROUTE_PROXY_UNVALIDATED|LOW_CURRENT_SAMPLE|LOW_PLAYER_SAMPLE
historical_test,2023,2024,2024,22,2025,1,All feature history is before target season/week.,PASS,2025,1,DET,00-0039364,S.Vaki,RB,37.5,0.0383935650105708,0.95,1.3677707535015848,1-2,0.7798033969713766,1.0665922798586351,1.0665922798586351,5.632807082174926,True,480,18,71,True,,weekly_stats_historical,"Historical test mode: team is from loaded weekly/player stats context, not live roster confirmation.",ROUTE_PROXY_UNVALIDATED,60,Medium,ROUTE_PROXY_UNVALIDATED|LOW_CURRENT_SAMPLE|LOW_PLAYER_SAMPLE
historical_test,2023,2024,2024,22,2025,1,All feature history is before target season/week.,PASS,2025,1,NE,00-0039907,J.Polk,WR,30.5,0.0942298276537406,0.4754868458588184,1.3665538278753642,1-2,0.7798033969713766,1.0656433171214468,1.0656433171214468,16.51152117409445,True,481,14,272,True,,weekly_stats_historical,"Historical test mode: team is from loaded weekly/player stats context, not live roster confirmation.",ROUTE_PROXY_UNVALIDATED,75,Medium,ROUTE_PROXY_UNVALIDATED|LOW_CURRENT_SAMPLE
historical_test,2023,2024,2024,22,2025,1,All feature history is before target season/week.,PASS,2025,1,BUF,00-0036590,Q.Morris,TE,30.25,0.0659348864994026,0.6832709367679094,1.362804597840011,1-2,0.7798033969713766,1.0627196548038513,1.0627196548038513,14.033711715584332,True,482,12,139,True,,weekly_stats_historical,"Historical test mode: team is from loaded weekly/player stats context, not live roster confirmation.",ROUTE_PROXY_UNVALIDATED,75,Medium,ROUTE_PROXY_UNVALIDATED|LOW_CURRENT_SAMPLE
historical_test,2023,2024,2024,22,2025,1,All feature history is before target season/week.,PASS,2025,1,LA,00-0039074,D.Allen,TE,38.75,0.0644336260145083,0.544312603434576,1.359041345581615,1-2,0.7798033969713766,1.059785057909094,1.059785057909094,16.626218843685965,True,483,17,140,True,,weekly_stats_historical,"Historical test mode: team is from loaded weekly/player stats context, not live roster confirmation.",ROUTE_PROXY_UNVALIDATED,75,Medium,ROUTE_PROXY_UNVALIDATED|LOW_CURRENT_SAMPLE
historical_test,2023,2024,2024,22,2025,1,All feature history is before target season/week.,PASS,2025,1,NYG,00-0038396,E.Gray,RB,33.5,0.0425753137235695,0.95,1.3549593592525992,1-2,0.7798033969713766,1.0566019111033367,1.0566019111033367,7.240673025728227,True,484,18,72,True,,weekly_stats_historical,"Historical test mode: team is from loaded weekly/player stats context, not live roster confirmation.",ROUTE_PROXY_UNVALIDATED,75,Medium,ROUTE_PROXY_UNVALIDATED|LOW_CURRENT_SAMPLE
historical_test,2023,2024,2024,22,2025,1,All feature history is before target season/week.,PASS,2025,1,BAL,00-0039792,D.Walker,WR,25.25,0.0972222222222222,0.544312603434576,1.3362118424591845,1-2,0.7798033969713766,1.041982533823054,1.041982533823054,15.432595824711044,True,485,13,273,True,,weekly_stats_historical,"Historical test mode: team is from loaded weekly/player stats context, not live roster confirmation.",ROUTE_PROXY_UNVALIDATED,60,Medium,ROUTE_PROXY_UNVALIDATED|LOW_CURRENT_SAMPLE|LOW_PLAYER_SAMPLE
historical_test,2023,2024,2024,22,2025,1,All feature history is before target season/week.,PASS,2025,1,IND,00-0036984,T.Sermon,RB,34.0,0.0444564187296745,0.8792568278022501,1.3290127300618728,1-2,0.7798033969713766,1.0363686415204516,1.0363686415204516,8.158692530195252,True,486,14,73,True,,weekly_stats_historical,"Historical test mode: team is from loaded weekly/player stats context, not live roster confirmation.",ROUTE_PROXY_UNVALIDATED,75,Medium,ROUTE_PROXY_UNVALIDATED|LOW_CURRENT_SAMPLE
historical_test,2023,2024,2024,22,2025,1,All feature history is before target season/week.,PASS,2025,1,WAS,00-0033296,A.Armah,RB,39.75,0.0394330433018873,0.8470630417806593,1.3277403758371131,1-2,0.7798033969713766,1.0353764553738332,1.0353764553738332,6.7183999175943,True,487,19,74,True,,weekly_stats_historical,"Historical test mode: team is from loaded weekly/player stats context, not live roster confirmation.",ROUTE_PROXY_UNVALIDATED,60,Medium,ROUTE_PROXY_UNVALIDATED|LOW_CURRENT_SAMPLE|LOW_PLAYER_SAMPLE
historical_test,2023,2024,2024,22,2025,1,All feature history is before target season/week.,PASS,2025,1,JAX,00-0035628,D.Johnson,RB,36.75,0.0480433825988964,0.751771447685291,1.327323390836597,1-2,0.7798033969713766,1.0350512890539443,1.0350512890539443,10.28342531894517,True,488,16,75,True,,weekly_stats_historical,"Historical test mode: team is from loaded weekly/player stats context, not live roster confirmation.",ROUTE_PROXY_UNVALIDATED,75,Medium,ROUTE_PROXY_UNVALIDATED|LOW_CURRENT_SAMPLE
historical_test,2023,2024,2024,22,2025,1,All feature history is before target season/week.,PASS,2025,1,NO,00-0033948,Ja.Williams,RB,38.25,0.0379281144072525,0.9117395497586565,1.3227064946970175,1-2,0.7798033969713766,1.0314510177608363,1.0314510177608363,5.39230822382857,True,489,22,76,True,,weekly_stats_historical,"Historical test mode: team is from loaded weekly/player stats context, not live roster confirmation.",ROUTE_PROXY_UNVALIDATED,75,Medium,ROUTE_PROXY_UNVALIDATED|LOW_CURRENT_SAMPLE
historical_test,2023,2024,2024,22,2025,1,All feature history is before target season/week.,PASS,2025,1,ARI,00-0039921,T.Benson,RB,38.5,0.036132051852676,0.95,1.3215297965116246,1-2,0.7798033969713766,1.0305334245186568,1.0305334245186568,3.752515822751451,True,490,16,77,True,,weekly_stats_historical,"Historical test mode: team is from loaded weekly/player stats context, not live roster confirmation.",ROUTE_PROXY_UNVALIDATED,60,Medium,ROUTE_PROXY_UNVALIDATED|LOW_CURRENT_SAMPLE|LOW_PLAYER_SAMPLE
historical_test,2023,2024,2024,22,2025,1,All feature history is before target season/week.,PASS,2025,1,TEN,00-0039648,D.Martin-Robinson,TE,34.5,0.0594026199494949,0.6401459367679092,1.311908929894294,1-2,0.7798033969713766,1.023031040048654,1.023031040048654,9.744202822004665,True,491,19,141,True,,weekly_stats_historical,"Historical test mode: team is from loaded weekly/player stats context, not live roster confirmation.",ROUTE_PROXY_UNVALIDATED,60,Medium,ROUTE_PROXY_UNVALIDATED|LOW_CURRENT_SAMPLE|LOW_PLAYER_SAMPLE
historical_test,2023,2024,2024,22,2025,1,All feature history is before target season/week.,PASS,2025,1,KC,00-0031376,J.McKinnon,RB,30.0,0.0524360329592887,0.8303963751139926,1.3062807508425354,1-2,0.7798033969713766,1.0186421669053294,1.0186421669053294,9.659431421394087,True,492,17,78,True,,weekly_stats_historical,"Historical test mode: team is from loaded weekly/player stats context, not live roster confirmation.",ROUTE_PROXY_UNVALIDATED,75,Medium,ROUTE_PROXY_UNVALIDATED|LOW_CURRENT_SAMPLE
historical_test,2023,2024,2024,22,2025,1,All feature history is before target season/week.,PASS,2025,1,PHI,00-0036741,J.Stoll,TE,26.25,0.0631553740673522,0.7859819740010806,1.3030233714286459,1-2,0.7798033969713766,1.0161020513731538,1.0161020513731538,10.420616432052205,True,493,14,142,True,,weekly_stats_historical,"Historical test mode: team is from loaded weekly/player stats context, not live roster confirmation.",ROUTE_PROXY_UNVALIDATED,75,Medium,ROUTE_PROXY_UNVALIDATED|LOW_CURRENT_SAMPLE
historical_test,2023,2024,2024,22,2025,1,All feature history is before target season/week.,PASS,2025,1,NYJ,00-0039798,I.Davis,RB,38.25,0.0387355868999717,0.8776486406677472,1.3003559959497037,1-2,0.7798033969713766,1.0140220229136765,1.0140220229136765,5.991715496741647,True,494,14,79,True,,weekly_stats_historical,"Historical test mode: team is from loaded weekly/player stats context, not live roster confirmation.",ROUTE_PROXY_UNVALIDATED,75,Medium,ROUTE_PROXY_UNVALIDATED|LOW_CURRENT_SAMPLE
historical_test,2023,2024,2024,22,2025,1,All feature history is before target season/week.,PASS,2025,1,NYJ,00-0039794,B.Allen,RB,38.25,0.0413325531058089,0.8211671591862657,1.2982407720048301,1-2,0.7798033969713766,1.012372564096109,1.012372564096109,7.605702101994642,True,495,15,80,True,,weekly_stats_historical,"Historical test mode: team is from loaded weekly/player stats context, not live roster confirmation.",ROUTE_PROXY_UNVALIDATED,75,Medium,ROUTE_PROXY_UNVALIDATED|LOW_CURRENT_SAMPLE
historical_test,2023,2024,2024,22,2025,1,All feature history is before target season/week.,PASS,2025,1,MIA,00-0034115,J.Wilson,RB,38.0,0.0358762038994597,0.95,1.295130960770495,1-2,0.7798033969713766,1.0099475227316348,1.0099475227316348,3.4035406401112485,True,496,18,81,True,,weekly_stats_historical,"Historical test mode: team is from loaded weekly/player stats context, not live roster confirmation.",ROUTE_PROXY_UNVALIDATED,75,Medium,ROUTE_PROXY_UNVALIDATED|LOW_CURRENT_SAMPLE
historical_test,2023,2024,2024,22,2025,1,All feature history is before target season/week.,PASS,2025,1,HOU,00-0033854,D.Ogunbowale,RB,34.5,0.0454320154714003,0.8252540046524216,1.2935068683985336,1-2,0.7798033969713766,1.008681049982984,1.008681049982984,8.674303780877707,True,497,14,82,True,,weekly_stats_historical,"Historical test mode: team is from loaded weekly/player stats context, not live roster confirmation.",ROUTE_PROXY_UNVALIDATED,75,Medium,ROUTE_PROXY_UNVALIDATED|LOW_CURRENT_SAMPLE
historical_test,2023,2024,2024,22,2025,1,All feature history is before target season/week.,PASS,2025,1,DET,00-0035184,D.Ozigbo,RB,37.5,0.0405848759861805,0.8470630417806593,1.2891730688679333,1-2,0.7798033969713766,1.0053015383872288,1.0053015383872288,7.037573376128326,True,498,19,83,True,,weekly_stats_historical,"Historical test mode: team is from loaded weekly/player stats context, not live roster confirmation.",ROUTE_PROXY_UNVALIDATED,60,Medium,ROUTE_PROXY_UNVALIDATED|LOW_CURRENT_SAMPLE|LOW_PLAYER_SAMPLE
historical_test,2023,2024,2024,22,2025,1,All feature history is before target season/week.,PASS,2025,1,TEN,00-0035261,T.Pollard,RB,34.5,0.0459693225863284,0.8122977634747648,1.288256838423697,1-2,0.7798033969713766,1.0045870587744048,1.0045870587744048,8.88467614325106,True,499,20,84,True,,weekly_stats_historical,"Historical test mode: team is from loaded weekly/player stats context, not live roster confirmation.",ROUTE_PROXY_UNVALIDATED,75,Medium,ROUTE_PROXY_UNVALIDATED|LOW_CURRENT_SAMPLE
historical_test,2023,2024,2024,22,2025,1,All feature history is before target season/week.,PASS,2025,1,WAS,00-0033955,J.McNichols,RB,39.75,0.0398444578677136,0.8109819740010805,1.2844471995088103,1-2,0.7798033969713766,1.0016162894073417,1.0016162894073417,6.992256303532195,True,500,20,85,True,,weekly_stats_historical,"Historical test mode: team is from loaded weekly/player stats context, not live roster confirmation.",ROUTE_PROXY_UNVALIDATED,75,Medium,ROUTE_PROXY_UNVALIDATED|LOW_CURRENT_SAMPLE
historical_test,2023,2024,2024,22,2025,1,All feature history is before target season/week.,PASS,2025,1,SF,00-0037525,J.Mason,RB,41.0,0.0392950073182631,0.7955057835248901,1.2816356289985784,1-2,0.7798033969713766,0.9994238171726384,0.9994238171726384,6.832281970401757,True,501,16,86,True,,weekly_stats_historical,"Historical test mode: team is from loaded weekly/player stats context, not live roster confirmation.",ROUTE_PROXY_UNVALIDATED,75,Medium,ROUTE_PROXY_UNVALIDATED|LOW_CURRENT_SAMPLE
historical_test,2023,2024,2024,22,2025,1,All feature history is before target season/week.,PASS,2025,1,GB,00-0038685,C.Brooks,RB,32.0,0.0473877941610499,0.8422319740010805,1.2771684934341738,1-2,0.7798033969713766,0.995940329684784,0.995940329684784,8.735072042915478,True,502,13,87,True,,weekly_stats_historical,"Historical test mode: team is from loaded weekly/player stats context, not live roster confirmation.",ROUTE_PROXY_UNVALIDATED,75,Medium,ROUTE_PROXY_UNVALIDATED|LOW_CURRENT_SAMPLE
historical_test,2023,2024,2024,22,2025,1,All feature history is before target season/week.,PASS,2025,1,MIN,00-0037276,T.Chandler,RB,43.75,0.0344873150105708,0.8444144011129121,1.2740693634656526,1-2,0.7798033969713766,0.9935236176076754,0.9935236176076754,3.7174630125934,True,503,14,88,True,,weekly_stats_historical,"Historical test mode: team is from loaded weekly/player stats context, not live roster confirmation.",ROUTE_PROXY_UNVALIDATED,75,Medium,ROUTE_PROXY_UNVALIDATED|LOW_CURRENT_SAMPLE
historical_test,2023,2024,2024,22,2025,1,All feature history is before target season/week.,PASS,2025,1,BUF,00-0036640,Z.Davidson,TE,30.25,0.0657894736842105,0.6401459367679092,1.2739746438966608,1-2,0.7798033969713766,0.993449754966016,0.993449754966016,13.935059911490947,True,504,13,143,True,,weekly_stats_historical,"Historical test mode: team is from loaded weekly/player stats context, not live roster confirmation.",ROUTE_PROXY_UNVALIDATED,60,Medium,ROUTE_PROXY_UNVALIDATED|LOW_CURRENT_SAMPLE|LOW_PLAYER_SAMPLE
historical_test,2023,2024,2024,22,2025,1,All feature history is before target season/week.,PASS,2025,1,PHI,00-0032134,C.Uzomah,TE,26.25,0.0572447447447447,0.8470630417806593,1.2728600747478225,1-2,0.7798033969713766,0.9925806101575922,0.9925806101575922,4.912821064399843,True,505,15,144,True,,weekly_stats_historical,"Historical test mode: team is from loaded weekly/player stats context, not live roster confirmation.",ROUTE_PROXY_UNVALIDATED,75,Medium,ROUTE_PROXY_UNVALIDATED|LOW_CURRENT_SAMPLE
historical_test,2023,2024,2024,22,2025,1,All feature history is before target season/week.,PASS,2025,1,ARI,00-0030874,D.Williams,RB,38.5,0.0389951122815259,0.8470630417806593,1.2717057593150554,1-2,0.7798033969713766,0.991680471061944,0.991680471061944,6.212358501257646,True,506,17,89,True,,weekly_stats_historical,"Historical test mode: team is from loaded weekly/player stats context, not live roster confirmation.",ROUTE_PROXY_UNVALIDATED,60,Medium,ROUTE_PROXY_UNVALIDATED|LOW_CURRENT_SAMPLE|LOW_PLAYER_SAMPLE
historical_test,2023,2024,2024,22,2025,1,All feature history is before target season/week.,PASS,2025,1,DEN,00-0037085,T.Badie,RB,32.25,0.0413812544045102,0.95,1.2678181818181813,1-2,0.7798033969713766,0.9886489249238921,0.9886489249238921,6.435422162460744,True,507,13,90,True,,weekly_stats_historical,"Historical test mode: team is from loaded weekly/player stats context, not live roster confirmation.",ROUTE_PROXY_UNVALIDATED,60,Medium,ROUTE_PROXY_UNVALIDATED|LOW_CURRENT_SAMPLE|LOW_PLAYER_SAMPLE
historical_test,2023,2024,2024,22,2025,1,All feature history is before target season/week.,PASS,2025,1,LAC,00-0037617,H.Haskins,RB,37.0,0.0421696066772374,0.8109819740010805,1.26535526204034,1-2,0.7798033969713766,0.9867283317146636,0.9867283317146636,7.794005575868334,True,508,20,91,True,,weekly_stats_historical,"Historical test mode: team is from loaded weekly/player stats context, not live roster confirmation.",ROUTE_PROXY_UNVALIDATED,60,Medium,ROUTE_PROXY_UNVALIDATED|LOW_CURRENT_SAMPLE|LOW_PLAYER_SAMPLE
historical_test,2023,2024,2024,22,2025,1,All feature history is before target season/week.,PASS,2025,1,DAL,00-0038735,P.Fant,TE,33.0,0.0555555555555555,0.6888288022258241,1.2628528040806763,1-2,0.7798033969713766,0.9847769064969397,0.9847769064969397,5.312897514539499,True,509,14,145,True,,weekly_stats_historical,"Historical test mode: team is from loaded weekly/player stats context, not live roster confirmation.",ROUTE_PROXY_UNVALIDATED,60,Medium,ROUTE_PROXY_UNVALIDATED|LOW_CURRENT_SAMPLE|LOW_PLAYER_SAMPLE
historical_test,2023,2024,2024,22,2025,1,All feature history is before target season/week.,PASS,2025,1,CAR,00-0039344,J.Brooks,RB,32.75,0.0405848759861805,0.95,1.2626969541200406,1-2,0.7798033969713766,0.984655374168218,0.984655374168218,6.146147415152071,True,510,14,92,True,,weekly_stats_historical,"Historical test mode: team is from loaded weekly/player stats context, not live roster confirmation.",ROUTE_PROXY_UNVALIDATED,60,Medium,ROUTE_PROXY_UNVALIDATED|LOW_CURRENT_SAMPLE|LOW_PLAYER_SAMPLE
historical_test,2023,2024,2024,22,2025,1,All feature history is before target season/week.,PASS,2025,1,PIT,00-0030578,C.Patterson,RB,36.75,0.0368911611644169,0.9312200692391758,1.2625017697786898,1-2,0.7798033969713766,0.9845031687557971,0.9845031687557971,4.330362671345741,True,511,16,93,True,,weekly_stats_historical,"Historical test mode: team is from loaded weekly/player stats context, not live roster confirmation.",ROUTE_PROXY_UNVALIDATED,75,Medium,ROUTE_PROXY_UNVALIDATED|LOW_CURRENT_SAMPLE
historical_test,2023,2024,2024,22,2025,1,All feature history is before target season/week.,PASS,2025,1,NYJ,00-0037156,I.Charles,WR,38.25,0.0833333333333333,0.3960765612798489,1.2624940390795178,1-2,0.7798033969713766,0.9844971403303219,0.9844971403303219,7.01342721142809,True,512,16,274,True,,weekly_stats_historical,"Historical test mode: team is from loaded weekly/player stats context, not live roster confirmation.",ROUTE_PROXY_UNVALIDATED,60,Medium,ROUTE_PROXY_UNVALIDATED|LOW_CURRENT_SAMPLE|LOW_PLAYER_SAMPLE
historical_test,2023,2024,2024,22,2025,1,All feature history is before target season/week.,PASS,2025,1,NYJ,00-0034433,N.Bawden,RB,38.25,0.0389459640004698,0.8470630417806593,1.2618555174729134,1-2,0.7798033969713766,0.983999219012452,0.983999219012452,6.138279696123411,True,513,17,94,True,,weekly_stats_historical,"Historical test mode: team is from loaded weekly/player stats context, not live roster confirmation.",ROUTE_PROXY_UNVALIDATED,60,Medium,ROUTE_PROXY_UNVALIDATED|LOW_CURRENT_SAMPLE|LOW_PLAYER_SAMPLE
historical_test,2023,2024,2024,22,2025,1,All feature history is before target season/week.,PASS,2025,1,BUF,00-0035537,Ty.Johnson,RB,30.25,0.0485118925835355,0.8569589854953334,1.2575742431485664,1-2,0.7798033969713766,0.98066066675096,0.98066066675096,8.609617664491555,True,514,14,95,True,,weekly_stats_historical,"Historical test mode: team is from loaded weekly/player stats context, not live roster confirmation.",ROUTE_PROXY_UNVALIDATED,75,Medium,ROUTE_PROXY_UNVALIDATED|LOW_CURRENT_SAMPLE
historical_test,2023,2024,2024,22,2025,1,All feature history is before target season/week.,PASS,2025,1,NE,00-0036875,R.Stevenson,RB,30.5,0.0481882266515245,0.8550876650579912,1.256757325427489,1-2,0.7798033969713766,0.9800236315370178,0.9800236315370178,8.580017316992302,True,515,15,96,True,,weekly_stats_historical,"Historical test mode: team is from loaded weekly/player stats context, not live roster confirmation.",ROUTE_PROXY_UNVALIDATED,75,Medium,ROUTE_PROXY_UNVALIDATED|LOW_CURRENT_SAMPLE
historical_test,2023,2024,2024,22,2025,1,All feature history is before target season/week.,PASS,2025,1,NYG,00-0037410,J.Corbin,RB,33.5,0.0441026996259554,0.8470630417806593,1.2514851910126674,1-2,0.7798033969713766,0.9759124032110501,0.9759124032110501,7.894810856603119,True,516,19,97,True,,weekly_stats_historical,"Historical test mode: team is from loaded weekly/player stats context, not live roster confirmation.",ROUTE_PROXY_UNVALIDATED,60,Medium,ROUTE_PROXY_UNVALIDATED|LOW_CURRENT_SAMPLE|LOW_PLAYER_SAMPLE
historical_test,2023,2024,2024,22,2025,1,All feature history is before target season/week.,PASS,2025,1,SEA,00-0039299,G.Holani,RB,35.25,0.0373608782289616,0.95,1.2511224096923514,1-2,0.7798033969713766,0.9756295051051099,0.9756295051051099,4.541330315500377,True,517,13,98,True,,weekly_stats_historical,"Historical test mode: team is from loaded weekly/player stats context, not live roster confirmation.",ROUTE_PROXY_UNVALIDATED,60,Medium,ROUTE_PROXY_UNVALIDATED|LOW_CURRENT_SAMPLE|LOW_PLAYER_SAMPLE
historical_test,2023,2024,2024,22,2025,1,All feature history is before target season/week.,PASS,2025,1,LAC,00-0038045,I.Spiller,RB,37.0,0.0398188183889492,0.8470630417806593,1.2479748287122334,1-2,0.7798033969713766,0.9731750107645715,0.9731750107645715,6.492921626663916,True,518,21,99,True,,weekly_stats_historical,"Historical test mode: team is from loaded weekly/player stats context, not live roster confirmation.",ROUTE_PROXY_UNVALIDATED,60,Medium,ROUTE_PROXY_UNVALIDATED|LOW_CURRENT_SAMPLE|LOW_PLAYER_SAMPLE
historical_test,2023,2024,2024,22,2025,1,All feature history is before target season/week.,PASS,2025,1,DET,00-0037157,Z.Knight,RB,37.5,0.0391169446402004,0.8470630417806593,1.242544429203518,1-2,0.7798033969713766,0.9689403667807635,0.9689403667807635,6.132223631495076,True,519,20,100,True,,weekly_stats_historical,"Historical test mode: team is from loaded weekly/player stats context, not live roster confirmation.",ROUTE_PROXY_UNVALIDATED,60,Medium,ROUTE_PROXY_UNVALIDATED|LOW_CURRENT_SAMPLE|LOW_PLAYER_SAMPLE
historical_test,2023,2024,2024,22,2025,1,All feature history is before target season/week.,PASS,2025,1,LV,00-0038040,Z.White,RB,39.0,0.0362730292962851,0.8776486406677472,1.2415640193366535,1-2,0.7798033969713766,0.9681758398361583,0.9681758398361583,3.96081160514213,True,520,20,101,True,,weekly_stats_historical,"Historical test mode: team is from loaded weekly/player stats context, not live roster confirmation.",ROUTE_PROXY_UNVALIDATED,75,Medium,ROUTE_PROXY_UNVALIDATED|LOW_CURRENT_SAMPLE
historical_test,2023,2024,2024,22,2025,1,All feature history is before target season/week.,PASS,2025,1,NYG,00-0033308,M.Breida,RB,33.5,0.0449210023744052,0.824840819558437,1.2412646598653447,1-2,0.7798033969713766,0.9679423983035161,0.9679423983035161,8.223890308127228,True,521,20,102,True,,weekly_stats_historical,"Historical test mode: team is from loaded weekly/player stats context, not live roster confirmation.",ROUTE_PROXY_UNVALIDATED,75,Medium,ROUTE_PROXY_UNVALIDATED|LOW_CURRENT_SAMPLE
historical_test,2023,2024,2024,22,2025,1,All feature history is before target season/week.,PASS,2025,1,CLE,00-0033925,D.Foreman,RB,40.5,0.0392882311486962,0.7776486406677472,1.2373738016544658,1-2,0.7798033969713766,0.9649082938535387,0.9649082938535387,6.744203642355117,True,522,17,103,True,,weekly_stats_historical,"Historical test mode: team is from loaded weekly/player stats context, not live roster confirmation.",ROUTE_PROXY_UNVALIDATED,75,Medium,ROUTE_PROXY_UNVALIDATED|LOW_CURRENT_SAMPLE
historical_test,2023,2024,2024,22,2025,1,All feature history is before target season/week.,PASS,2025,1,NE,00-0039853,J.Baker,WR,30.5,0.0919881857162712,0.4388959367679093,1.2313838487164595,1-2,0.7798033969713766,0.9602373082047827,0.9602373082047827,14.71544906689961,True,523,16,275,True,,weekly_stats_historical,"Historical test mode: team is from loaded weekly/player stats context, not live roster confirmation.",ROUTE_PROXY_UNVALIDATED,60,Medium,ROUTE_PROXY_UNVALIDATED|LOW_CURRENT_SAMPLE|LOW_PLAYER_SAMPLE
historical_test,2023,2024,2024,22,2025,1,All feature history is before target season/week.,PASS,2025,1,GB,00-0038468,H.Pearson,TE,32.0,0.0555555555555555,0.6888288022258241,1.2245845372903528,1-2,0.7798033969713766,0.9549351820576385,0.9549351820576385,5.151900620159515,True,524,14,146,True,,weekly_stats_historical,"Historical test mode: team is from loaded weekly/player stats context, not live roster confirmation.",ROUTE_PROXY_UNVALIDATED,60,Medium,ROUTE_PROXY_UNVALIDATED|LOW_CURRENT_SAMPLE|LOW_PLAYER_SAMPLE
historical_test,2023,2024,2024,22,2025,1,All feature history is before target season/week.,PASS,2025,1,NO,00-0038551,K.Miller,RB,38.25,0.0449611374650253,0.7120209367679092,1.2245076240119257,1-2,0.7798033969713766,0.9548752048218488,0.9548752048218488,9.40800708178484,True,525,23,104,True,,weekly_stats_historical,"Historical test mode: team is from loaded weekly/player stats context, not live roster confirmation.",ROUTE_PROXY_UNVALIDATED,75,Medium,ROUTE_PROXY_UNVALIDATED|LOW_CURRENT_SAMPLE
historical_test,2023,2024,2024,22,2025,1,All feature history is before target season/week.,PASS,2025,1,LA,00-0034838,R.Freeman,RB,38.75,0.0372047063149186,0.8470630417806593,1.2211958533622533,1-2,0.7798033969713766,0.9522926748192442,0.9522926748192442,4.854688735376482,True,526,18,105,True,,weekly_stats_historical,"Historical test mode: team is from loaded weekly/player stats context, not live roster confirmation.",ROUTE_PROXY_UNVALIDATED,60,Medium,ROUTE_PROXY_UNVALIDATED|LOW_CURRENT_SAMPLE|LOW_PLAYER_SAMPLE
historical_test,2023,2024,2024,22,2025,1,All feature history is before target season/week.,PASS,2025,1,DET,00-0035567,C.Reynolds,RB,37.5,0.0441345687984496,0.7359792701012426,1.2180797898943505,1-2,0.7798033969713766,0.9498627579417952,0.9498627579417952,8.852108160887182,True,527,21,106,True,,weekly_stats_historical,"Historical test mode: team is from loaded weekly/player stats context, not live roster confirmation.",ROUTE_PROXY_UNVALIDATED,75,Medium,ROUTE_PROXY_UNVALIDATED|LOW_CURRENT_SAMPLE
historical_test,2023,2024,2024,22,2025,1,All feature history is before target season/week.,PASS,2025,1,KC,00-0036269,L.Perine,RB,30.0,0.0561929800352013,0.7199724980477581,1.21372200626075,1-2,0.7798033969713766,0.9464645434610474,0.9464645434610474,10.622369277333537,True,528,18,107,True,,weekly_stats_historical,"Historical test mode: team is from loaded weekly/player stats context, not live roster confirmation.",ROUTE_PROXY_UNVALIDATED,60,Medium,ROUTE_PROXY_UNVALIDATED|LOW_CURRENT_SAMPLE|LOW_PLAYER_SAMPLE
historical_test,2023,2024,2024,22,2025,1,All feature history is before target season/week.,PASS,2025,1,CIN,00-0035291,T.Williams,RB,44.5,0.0344873150105708,0.7848288022258241,1.204465396862028,1-2,0.7798033969713766,0.9392462080074867,0.9392462080074867,3.781190949952144,True,529,22,108,True,,weekly_stats_historical,"Historical test mode: team is from loaded weekly/player stats context, not live roster confirmation.",ROUTE_PROXY_UNVALIDATED,60,Medium,ROUTE_PROXY_UNVALIDATED|LOW_CURRENT_SAMPLE|LOW_PLAYER_SAMPLE
historical_test,2023,2024,2024,22,2025,1,All feature history is before target season/week.,PASS,2025,1,DAL,00-0033893,D.Cook,RB,33.0,0.0380704435936994,0.95,1.193508406662476,1-2,0.7798033969713766,0.9307019098292939,0.9307019098292939,4.747431738119897,True,530,15,109,True,,weekly_stats_historical,"Historical test mode: team is from loaded weekly/player stats context, not live roster confirmation.",ROUTE_PROXY_UNVALIDATED,75,Medium,ROUTE_PROXY_UNVALIDATED|LOW_CURRENT_SAMPLE
historical_test,2023,2024,2024,22,2025,1,All feature history is before target season/week.,PASS,2025,1,PIT,00-0036336,A.McFarland,RB,36.75,0.0381910187142745,0.8470630417806593,1.1888698676699676,1-2,0.7798033969713766,0.9270847613659516,0.9270847613659516,5.375131006155416,True,531,17,110,True,,weekly_stats_historical,"Historical test mode: team is from loaded weekly/player stats context, not live roster confirmation.",ROUTE_PROXY_UNVALIDATED,60,Medium,ROUTE_PROXY_UNVALIDATED|LOW_CURRENT_SAMPLE|LOW_PLAYER_SAMPLE
historical_test,2023,2024,2024,22,2025,1,All feature history is before target season/week.,PASS,2025,1,DEN,00-0039373,A.Estime,RB,32.25,0.0384565690428288,0.95,1.1782131340496673,1-2,0.7798033969713766,0.9187746042882224,0.9187746042882224,4.883124065866147,True,532,14,111,True,,weekly_stats_historical,"Historical test mode: team is from loaded weekly/player stats context, not live roster confirmation.",ROUTE_PROXY_UNVALIDATED,60,Medium,ROUTE_PROXY_UNVALIDATED|LOW_CURRENT_SAMPLE|LOW_PLAYER_SAMPLE
historical_test,2023,2024,2024,22,2025,1,All feature history is before target season/week.,PASS,2025,1,IND,00-0036860,J.Funk,RB,34.0,0.0408975714208272,0.8470630417806593,1.1778559224717,1-2,0.7798033969713766,0.918496049486286,0.918496049486286,6.542296311360486,True,533,15,112,True,,weekly_stats_historical,"Historical test mode: team is from loaded weekly/player stats context, not live roster confirmation.",ROUTE_PROXY_UNVALIDATED,60,Medium,ROUTE_PROXY_UNVALIDATED|LOW_CURRENT_SAMPLE|LOW_PLAYER_SAMPLE
historical_test,2023,2024,2024,22,2025,1,All feature history is before target season/week.,PASS,2025,1,IND,00-0038397,E.Hull,RB,34.0,0.0408975714208272,0.8470630417806593,1.1778559224717,1-2,0.7798033969713766,0.918496049486286,0.918496049486286,6.542296311360486,True,534,16,113,True,,weekly_stats_historical,"Historical test mode: team is from loaded weekly/player stats context, not live roster confirmation.",ROUTE_PROXY_UNVALIDATED,60,Medium,ROUTE_PROXY_UNVALIDATED|LOW_CURRENT_SAMPLE|LOW_PLAYER_SAMPLE
historical_test,2023,2024,2024,22,2025,1,All feature history is before target season/week.,PASS,2025,1,ATL,00-0035572,P.Hesse,TE,30.75,0.0555555555555555,0.6888288022258241,1.1767492038024483,1-2,0.7798033969713766,0.9176330265085119,0.9176330265085119,4.950654502184534,True,535,12,147,True,,weekly_stats_historical,"Historical test mode: team is from loaded weekly/player stats context, not live roster confirmation.",ROUTE_PROXY_UNVALIDATED,60,Medium,ROUTE_PROXY_UNVALIDATED|LOW_CURRENT_SAMPLE|LOW_PLAYER_SAMPLE
historical_test,2023,2024,2024,22,2025,1,All feature history is before target season/week.,PASS,2025,1,ATL,00-0037263,T.Allgeier,RB,30.75,0.0402695395427953,0.95,1.1763739238939077,1-2,0.7798033969713766,0.9173403819610169,0.9173403819610169,5.619610151624133,True,536,13,114,True,,weekly_stats_historical,"Historical test mode: team is from loaded weekly/player stats context, not live roster confirmation.",ROUTE_PROXY_UNVALIDATED,75,Medium,ROUTE_PROXY_UNVALIDATED|LOW_CURRENT_SAMPLE
historical_test,2023,2024,2024,22,2025,1,All feature history is before target season/week.,PASS,2025,1,PHI,00-0039236,J.Wilson,WR,26.25,0.0989782785736619,0.4518334367679093,1.1739445140493658,1-2,0.7798033969713766,0.9154459199116074,0.9154459199116074,17.027864260166073,True,537,16,276,True,,weekly_stats_historical,"Historical test mode: team is from loaded weekly/player stats context, not live roster confirmation.",ROUTE_PROXY_UNVALIDATED,75,Medium,ROUTE_PROXY_UNVALIDATED|LOW_CURRENT_SAMPLE
historical_test,2023,2024,2024,22,2025,1,All feature history is before target season/week.,PASS,2025,1,GB,00-0033118,K.Drake,RB,32.0,0.0469873150105708,0.7803963751139926,1.1733993699388399,1-2,0.7798033969713766,0.9150208146823803,0.9150208146823803,8.59841845922842,True,538,15,115,True,,weekly_stats_historical,"Historical test mode: team is from loaded weekly/player stats context, not live roster confirmation.",ROUTE_PROXY_UNVALIDATED,60,Medium,ROUTE_PROXY_UNVALIDATED|LOW_CURRENT_SAMPLE|LOW_PLAYER_SAMPLE
historical_test,2023,2024,2024,22,2025,1,All feature history is before target season/week.,PASS,2025,1,CLE,00-0039617,J.Kibodi,RB,40.5,0.0572145877378435,0.5059792701012427,1.1724505113808714,1-2,0.7798033969713766,0.9142808915556312,0.9142808915556312,14.673789248489667,True,539,18,116,True,,weekly_stats_historical,"Historical test mode: team is from loaded weekly/player stats context, not live roster confirmation.",ROUTE_PROXY_UNVALIDATED,60,Medium,ROUTE_PROXY_UNVALIDATED|LOW_CURRENT_SAMPLE|LOW_PLAYER_SAMPLE
historical_test,2023,2024,2024,22,2025,1,All feature history is before target season/week.,PASS,2025,1,GB,00-0038797,Em.Wilson,RB,32.0,0.0449839480072038,0.811145372693891,1.1676326806894701,1-2,0.7798033969713766,0.9105239308164434,0.9105239308164434,7.87931706692131,True,540,16,117,True,,weekly_stats_historical,"Historical test mode: team is from loaded weekly/player stats context, not live roster confirmation.",ROUTE_PROXY_UNVALIDATED,75,Medium,ROUTE_PROXY_UNVALIDATED|LOW_CURRENT_SAMPLE
historical_test,2023,2024,2024,22,2025,1,All feature history is before target season/week.,PASS,2025,1,SF,00-0036450,K.Vaughn,RB,41.0,0.0380950385878066,0.7470630417806593,1.1668352115704939,1-2,0.7798033969713766,0.909902061688486,0.909902061688486,5.918533038966102,True,541,17,118,True,,weekly_stats_historical,"Historical test mode: team is from loaded weekly/player stats context, not live roster confirmation.",ROUTE_PROXY_UNVALIDATED,60,Medium,ROUTE_PROXY_UNVALIDATED|LOW_CURRENT_SAMPLE|LOW_PLAYER_SAMPLE
historical_test,2023,2024,2024,22,2025,1,All feature history is before target season/week.,PASS,2025,1,SEA,00-0037093,D.Young,WR,35.25,0.0833333333333333,0.3960765612798489,1.1634748987595556,1-2,0.7798033969713766,0.9072816783436298,0.9072816783436298,6.463354488963142,True,542,14,277,True,,weekly_stats_historical,"Historical test mode: team is from loaded weekly/player stats context, not live roster confirmation.",ROUTE_PROXY_UNVALIDATED,60,Medium,ROUTE_PROXY_UNVALIDATED|LOW_CURRENT_SAMPLE|LOW_PLAYER_SAMPLE
historical_test,2023,2024,2024,22,2025,1,All feature history is before target season/week.,PASS,2025,1,DAL,00-0033045,E.Elliott,RB,33.0,0.0387355868999717,0.9026486406677472,1.153832620403986,1-2,0.7798033969713766,0.8997625969274131,0.8997625969274131,5.1693231736594605,True,543,16,119,True,,weekly_stats_historical,"Historical test mode: team is from loaded weekly/player stats context, not live roster confirmation.",ROUTE_PROXY_UNVALIDATED,75,Medium,ROUTE_PROXY_UNVALIDATED|LOW_CURRENT_SAMPLE
historical_test,2023,2024,2024,22,2025,1,All feature history is before target season/week.,PASS,2025,1,CHI,00-0036297,D.Evans,RB,35.75,0.0432012573182631,0.7470630417806593,1.153797741558269,1-2,0.7798033969713766,0.8997353982850406,0.8997353982850406,8.020417548747073,True,544,15,120,True,,weekly_stats_historical,"Historical test mode: team is from loaded weekly/player stats context, not live roster confirmation.",ROUTE_PROXY_UNVALIDATED,75,Medium,ROUTE_PROXY_UNVALIDATED|LOW_CURRENT_SAMPLE
historical_test,2023,2024,2024,22,2025,1,All feature history is before target season/week.,PASS,2025,1,CAR,00-0037745,V.Jones,RB,32.75,0.0366424874243639,0.95,1.1400393899905217,1-2,0.7798033969713766,0.8890065889957848,0.8890065889957848,3.6539778159302423,True,545,15,121,True,,weekly_stats_historical,"Historical test mode: team is from loaded weekly/player stats context, not live roster confirmation.",ROUTE_PROXY_UNVALIDATED,60,Medium,ROUTE_PROXY_UNVALIDATED|LOW_CURRENT_SAMPLE|LOW_PLAYER_SAMPLE
historical_test,2023,2024,2024,22,2025,1,All feature history is before target season/week.,PASS,2025,1,GB,00-0035831,J.Robinson,RB,32.0,0.0416301721534279,0.8470630417806593,1.1284281681323245,1-2,0.7798033969713766,0.8799521187477743,0.8799521187477743,6.499793403310162,True,546,17,122,True,,weekly_stats_historical,"Historical test mode: team is from loaded weekly/player stats context, not live roster confirmation.",ROUTE_PROXY_UNVALIDATED,60,Medium,ROUTE_PROXY_UNVALIDATED|LOW_CURRENT_SAMPLE|LOW_PLAYER_SAMPLE
historical_test,2023,2024,2024,22,2025,1,All feature history is before target season/week.,PASS,2025,1,LAC,00-0034184,G.Edwards,RB,37.0,0.0386539816772374,0.6976459367679093,0.9977713505099579,0-1,0.8801417412018795,0.8781802137591852,0.8781802137591852,5.739970963921913,True,547,22,123,True,,weekly_stats_historical,"Historical test mode: team is from loaded weekly/player stats context, not live roster confirmation.",ROUTE_PROXY_UNVALIDATED,75,Medium,ROUTE_PROXY_UNVALIDATED|LOW_CURRENT_SAMPLE
historical_test,2023,2024,2024,22,2025,1,All feature history is before target season/week.,PASS,2025,1,PHI,00-0036919,K.Gainwell,RB,26.25,0.0428206483439041,0.8826486406677473,0.9921341601480377,0-1,0.8801417412018795,0.8732186872185582,0.8732186872185582,5.759068935166517,True,548,17,124,True,,weekly_stats_historical,"Historical test mode: team is from loaded weekly/player stats context, not live roster confirmation.",ROUTE_PROXY_UNVALIDATED,75,Medium,ROUTE_PROXY_UNVALIDATED|LOW_CURRENT_SAMPLE
historical_test,2023,2024,2024,22,2025,1,All feature history is before target season/week.,PASS,2025,1,DAL,00-0038622,D.Vaughn,RB,33.0,0.040826520069288,0.7359792701012426,0.9915665905651545,0-1,0.8801417412018795,0.8727191455376262,0.8727191455376262,6.314586726655617,True,549,17,125,True,,weekly_stats_historical,"Historical test mode: team is from loaded weekly/player stats context, not live roster confirmation.",ROUTE_PROXY_UNVALIDATED,75,Medium,ROUTE_PROXY_UNVALIDATED|LOW_CURRENT_SAMPLE
historical_test,2023,2024,2024,22,2025,1,All feature history is before target season/week.,PASS,2025,1,IND,00-0036223,J.Taylor,RB,34.0,0.047921422194678,0.6865169045098448,1.1185614584431902,1-2,0.7798033969713766,0.872258025015257,0.872258025015257,9.471023491591918,True,550,17,126,True,,weekly_stats_historical,"Historical test mode: team is from loaded weekly/player stats context, not live roster confirmation.",ROUTE_PROXY_UNVALIDATED,75,Medium,ROUTE_PROXY_UNVALIDATED|LOW_CURRENT_SAMPLE
historical_test,2023,2024,2024,22,2025,1,All feature history is before target season/week.,PASS,2025,1,KC,00-0039325,C.Steele,RB,30.0,0.0473286074415217,0.7874971255162321,1.1181342694465348,1-2,0.7798033969713766,0.8719249015845163,0.8719249015845163,8.17032279491178,True,551,19,127,True,,weekly_stats_historical,"Historical test mode: team is from loaded weekly/player stats context, not live roster confirmation.",ROUTE_PROXY_UNVALIDATED,75,Medium,ROUTE_PROXY_UNVALIDATED|LOW_CURRENT_SAMPLE
historical_test,2023,2024,2024,22,2025,1,All feature history is before target season/week.,PASS,2025,1,IND,00-0035021,A.Dulin,WR,34.0,0.0858333333333333,0.3813959367679093,1.1130404754676815,1-2,0.7798033969713766,0.8679527437363341,0.8679527437363341,8.81643011654944,True,552,18,278,True,,weekly_stats_historical,"Historical test mode: team is from loaded weekly/player stats context, not live roster confirmation.",ROUTE_PROXY_UNVALIDATED,60,Medium,ROUTE_PROXY_UNVALIDATED|LOW_CURRENT_SAMPLE|LOW_PLAYER_SAMPLE
historical_test,2023,2024,2024,22,2025,1,All feature history is before target season/week.,PASS,2025,1,IND,00-0037120,T.Goodson,RB,34.0,0.037692443215699,0.7693153073344139,0.9859107002467943,0-1,0.8801417412018795,0.8677411603847778,0.8677411603847778,4.626102086294737,True,553,19,128,True,,weekly_stats_historical,"Historical test mode: team is from loaded weekly/player stats context, not live roster confirmation.",ROUTE_PROXY_UNVALIDATED,75,Medium,ROUTE_PROXY_UNVALIDATED|LOW_CURRENT_SAMPLE
historical_test,2023,2024,2024,22,2025,1,All feature history is before target season/week.,PASS,2025,1,DEN,00-0039573,B.Watson,RB,32.25,0.0473078278310836,0.6401459367679092,0.9766562188691333,0-1,0.8801417412018795,0.8595959050311229,0.8595959050311229,8.77598778135325,True,554,15,129,True,,weekly_stats_historical,"Historical test mode: team is from loaded weekly/player stats context, not live roster confirmation.",ROUTE_PROXY_UNVALIDATED,60,Medium,ROUTE_PROXY_UNVALIDATED|LOW_CURRENT_SAMPLE|LOW_PLAYER_SAMPLE
historical_test,2023,2024,2024,22,2025,1,All feature history is before target season/week.,PASS,2025,1,PHI,00-0038498,E.Jenkins,TE,26.25,0.0655487804878048,0.6401459367679092,1.101470619095696,1-2,0.7798033969713766,0.8589305304349889,0.8589305304349889,11.949359611374629,True,555,18,148,True,,weekly_stats_historical,"Historical test mode: team is from loaded weekly/player stats context, not live roster confirmation.",ROUTE_PROXY_UNVALIDATED,60,Medium,ROUTE_PROXY_UNVALIDATED|LOW_CURRENT_SAMPLE|LOW_PLAYER_SAMPLE
historical_test,2023,2024,2024,22,2025,1,All feature history is before target season/week.,PASS,2025,1,BUF,00-0030513,L.Murray,RB,30.25,0.0476428812911371,0.763729708447326,1.1006850861016386,1-2,0.7798033969713766,0.8583179691377899,0.8583179691377899,8.33861158556215,True,556,15,130,True,,weekly_stats_historical,"Historical test mode: team is from loaded weekly/player stats context, not live roster confirmation.",ROUTE_PROXY_UNVALIDATED,75,Medium,ROUTE_PROXY_UNVALIDATED|LOW_CURRENT_SAMPLE
historical_test,2023,2024,2024,22,2025,1,All feature history is before target season/week.,PASS,2025,1,BAL,00-0032764,D.Henry,RB,25.25,0.0535498150105708,0.8095930851121916,1.0946773885252779,1-2,0.7798033969713766,0.853633146159767,0.853633146159767,8.378473552055889,True,557,14,131,True,,weekly_stats_historical,"Historical test mode: team is from loaded weekly/player stats context, not live roster confirmation.",ROUTE_PROXY_UNVALIDATED,75,Medium,ROUTE_PROXY_UNVALIDATED|LOW_CURRENT_SAMPLE
historical_test,2023,2024,2024,22,2025,1,All feature history is before target season/week.,PASS,2025,1,CLE,00-0036913,K.Toney,WR,40.5,0.0915726817042606,0.2951459367679093,1.09460584942012,1-2,0.7798033969713766,0.8535773597225488,0.8535773597225488,19.065372904429708,True,558,19,279,True,,weekly_stats_historical,"Historical test mode: team is from loaded weekly/player stats context, not live roster confirmation.",ROUTE_PROXY_UNVALIDATED,75,Medium,ROUTE_PROXY_UNVALIDATED|LOW_CURRENT_SAMPLE
historical_test,2023,2024,2024,22,2025,1,All feature history is before target season/week.,PASS,2025,1,KC,00-0035547,J.Fortson,TE,30.0,0.0637208216619981,0.5059792701012427,0.9672424450436776,0-1,0.8801417412018795,0.8513104497451056,0.8513104497451056,12.344369655226382,True,559,20,149,True,,weekly_stats_historical,"Historical test mode: team is from loaded weekly/player stats context, not live roster confirmation.",ROUTE_PROXY_UNVALIDATED,60,Medium,ROUTE_PROXY_UNVALIDATED|LOW_CURRENT_SAMPLE|LOW_PLAYER_SAMPLE
historical_test,2023,2024,2024,22,2025,1,All feature history is before target season/week.,PASS,2025,1,SF,00-0029892,K.Juszczyk,FB,41.0,0.0334367678117678,0.705065291606619,0.9665792823510618,0-1,0.8801417412018795,0.8507267725781267,0.8507267725781267,15.573272350466736,True,560,18,1,True,,weekly_stats_historical,"Historical test mode: team is from loaded weekly/player stats context, not live roster confirmation.",ROUTE_PROXY_UNVALIDATED,75,Medium,ROUTE_PROXY_UNVALIDATED|LOW_CURRENT_SAMPLE
historical_test,2023,2024,2024,22,2025,1,All feature history is before target season/week.,PASS,2025,1,KC,00-0033923,K.Hunt,RB,30.0,0.0415446066772374,0.8740772120963186,1.0893958194623332,1-2,0.7798033969713766,0.8495145606631439,0.8495145606631439,6.056948489132132,True,561,21,132,True,,weekly_stats_historical,"Historical test mode: team is from loaded weekly/player stats context, not live roster confirmation.",ROUTE_PROXY_UNVALIDATED,75,Medium,ROUTE_PROXY_UNVALIDATED|LOW_CURRENT_SAMPLE
historical_test,2023,2024,2024,22,2025,1,All feature history is before target season/week.,PASS,2025,1,BUF,00-0039875,R.Davis,RB,30.25,0.040535702107345,0.8833503950537122,1.0831686612266596,1-2,0.7798033969713766,0.8446586015174873,0.8446586015174873,5.654038486752405,True,562,16,133,True,,weekly_stats_historical,"Historical test mode: team is from loaded weekly/player stats context, not live roster confirmation.",ROUTE_PROXY_UNVALIDATED,75,Medium,ROUTE_PROXY_UNVALIDATED|LOW_CURRENT_SAMPLE
historical_test,2023,2024,2024,22,2025,1,All feature history is before target season/week.,PASS,2025,1,NE,00-0037286,K.Harris,RB,30.5,0.0418508207576972,0.8470630417806593,1.0812336477269804,1-2,0.7798033969713766,0.8431496714172521,0.8431496714172521,6.290073883033727,True,563,17,134,True,,weekly_stats_historical,"Historical test mode: team is from loaded weekly/player stats context, not live roster confirmation.",ROUTE_PROXY_UNVALIDATED,60,Medium,ROUTE_PROXY_UNVALIDATED|LOW_CURRENT_SAMPLE|LOW_PLAYER_SAMPLE
historical_test,2023,2024,2024,22,2025,1,All feature history is before target season/week.,PASS,2025,1,JAX,00-0038555,T.Bigsby,RB,36.75,0.0427188371768266,0.688062603434576,1.080201361391751,1-2,0.7798033969713766,0.842344691026393,0.842344691026393,8.013292797540519,True,564,17,135,True,,weekly_stats_historical,"Historical test mode: team is from loaded weekly/player stats context, not live roster confirmation.",ROUTE_PROXY_UNVALIDATED,75,Medium,ROUTE_PROXY_UNVALIDATED|LOW_CURRENT_SAMPLE
historical_test,2023,2024,2024,22,2025,1,All feature history is before target season/week.,PASS,2025,1,LV,00-0039244,C.Collier,RB,39.0,0.0381637855988061,0.6401459367679092,0.9527852990275376,0-1,0.8801417412018795,0.8385861120776503,0.8385861120776503,5.683210567359015,True,565,21,136,True,,weekly_stats_historical,"Historical test mode: team is from loaded weekly/player stats context, not live roster confirmation.",ROUTE_PROXY_UNVALIDATED,60,Medium,ROUTE_PROXY_UNVALIDATED|LOW_CURRENT_SAMPLE|LOW_PLAYER_SAMPLE
historical_test,2023,2024,2024,22,2025,1,All feature history is before target season/week.,PASS,2025,1,GB,00-0036265,A.Dillon,RB,32.0,0.0412072398226009,0.813729708447326,1.07300976789645,1-2,0.7798033969713766,0.8367366619891201,0.8367366619891201,6.304429281975377,True,566,18,137,True,,weekly_stats_historical,"Historical test mode: team is from loaded weekly/player stats context, not live roster confirmation.",ROUTE_PROXY_UNVALIDATED,75,Medium,ROUTE_PROXY_UNVALIDATED|LOW_CURRENT_SAMPLE
historical_test,2023,2024,2024,22,2025,1,All feature history is before target season/week.,PASS,2025,1,WAS,00-0035715,D.Gore,RB,39.75,0.0344873150105708,0.6888288022258241,0.9442952716559677,0-1,0.8801417412018795,0.8311136846039853,0.8311136846039853,3.3775806800134323,True,567,21,138,True,,weekly_stats_historical,"Historical test mode: team is from loaded weekly/player stats context, not live roster confirmation.",ROUTE_PROXY_UNVALIDATED,60,Medium,ROUTE_PROXY_UNVALIDATED|LOW_CURRENT_SAMPLE|LOW_PLAYER_SAMPLE
historical_test,2023,2024,2024,22,2025,1,All feature history is before target season/week.,PASS,2025,1,KC,00-0033526,S.Perine,RB,30.0,0.0452210772654727,0.7842275880361683,1.063908490568966,1-2,0.7798033969713766,0.8296394550123695,0.8296394550123695,7.469831973068897,True,568,22,139,True,,weekly_stats_historical,"Historical test mode: team is from loaded weekly/player stats context, not live roster confirmation.",ROUTE_PROXY_UNVALIDATED,75,Medium,ROUTE_PROXY_UNVALIDATED|LOW_CURRENT_SAMPLE
historical_test,2023,2024,2024,22,2025,1,All feature history is before target season/week.,PASS,2025,1,TB,00-0038951,S.Tucker,RB,33.25,0.0364404400105708,0.8776486406677472,1.0633982628003504,1-2,0.7798033969713766,0.8292415776651739,0.8292415776651739,3.5315898619637305,True,569,17,140,True,,weekly_stats_historical,"Historical test mode: team is from loaded weekly/player stats context, not live roster confirmation.",ROUTE_PROXY_UNVALIDATED,75,Medium,ROUTE_PROXY_UNVALIDATED|LOW_CURRENT_SAMPLE
historical_test,2023,2024,2024,22,2025,1,All feature history is before target season/week.,PASS,2025,1,NE,00-0035806,J.Hasty,RB,30.5,0.0378656933889492,0.919315307334414,1.0617206024364219,1-2,0.7798033969713766,0.8279333324144181,0.8279333324144181,4.260568735033615,True,570,18,141,True,,weekly_stats_historical,"Historical test mode: team is from loaded weekly/player stats context, not live roster confirmation.",ROUTE_PROXY_UNVALIDATED,75,Medium,ROUTE_PROXY_UNVALIDATED|LOW_CURRENT_SAMPLE
historical_test,2023,2024,2024,22,2025,1,All feature history is before target season/week.,PASS,2025,1,CLE,00-0034791,N.Chubb,RB,40.5,0.0426374264707151,0.6140095731315457,1.0602814150818134,1-2,0.7798033969713766,0.8268110492264162,0.8268110492264162,8.787197538622326,True,571,20,142,True,,weekly_stats_historical,"Historical test mode: team is from loaded weekly/player stats context, not live roster confirmation.",ROUTE_PROXY_UNVALIDATED,75,Medium,ROUTE_PROXY_UNVALIDATED|LOW_CURRENT_SAMPLE
historical_test,2023,2024,2024,22,2025,1,All feature history is before target season/week.,PASS,2025,1,WAS,00-0032975,J.Williams,RB,39.75,0.0418402561870414,0.6337224980477582,1.0539756888749494,1-2,0.7798033969713766,0.8218938225099323,0.8218938225099323,8.191836413377004,True,572,22,143,True,,weekly_stats_historical,"Historical test mode: team is from loaded weekly/player stats context, not live roster confirmation.",ROUTE_PROXY_UNVALIDATED,60,Medium,ROUTE_PROXY_UNVALIDATED|LOW_CURRENT_SAMPLE|LOW_PLAYER_SAMPLE
historical_test,2023,2024,2024,22,2025,1,All feature history is before target season/week.,PASS,2025,1,TEN,00-0036370,J.Kelley,RB,34.5,0.0344873150105708,0.7848288022258241,0.9337990155447182,0-1,0.8801417412018795,0.8218754914741292,0.8218754914741292,2.931485118502224,True,573,21,144,True,,weekly_stats_historical,"Historical test mode: team is from loaded weekly/player stats context, not live roster confirmation.",ROUTE_PROXY_UNVALIDATED,75,Medium,ROUTE_PROXY_UNVALIDATED|LOW_CURRENT_SAMPLE
historical_test,2023,2024,2024,22,2025,1,All feature history is before target season/week.,PASS,2025,1,SEA,00-0038636,K.McIntosh,RB,35.25,0.0382902250634808,0.7776486406677472,1.0496160368695977,1-2,0.7798033969713766,0.8184941510665459,0.8184941510665459,5.224331667213292,True,574,15,145,True,,weekly_stats_historical,"Historical test mode: team is from loaded weekly/player stats context, not live roster confirmation.",ROUTE_PROXY_UNVALIDATED,60,Medium,ROUTE_PROXY_UNVALIDATED|LOW_CURRENT_SAMPLE|LOW_PLAYER_SAMPLE
historical_test,2023,2024,2024,22,2025,1,All feature history is before target season/week.,PASS,2025,1,CAR,00-0036825,F.Franks,TE,32.75,0.0588656600851722,0.544312603434576,1.0493532527237475,1-2,0.7798033969713766,0.8182892310969417,0.8182892310969417,8.580145463058734,True,575,16,150,True,,weekly_stats_historical,"Historical test mode: team is from loaded weekly/player stats context, not live roster confirmation.",ROUTE_PROXY_UNVALIDATED,60,Medium,ROUTE_PROXY_UNVALIDATED|LOW_CURRENT_SAMPLE|LOW_PLAYER_SAMPLE
historical_test,2023,2024,2024,22,2025,1,All feature history is before target season/week.,PASS,2025,1,KC,00-0037197,I.Pacheco,RB,30.0,0.0459977316772374,0.7597914978106044,1.0484605634081545,1-2,0.7798033969713766,0.8175931089362023,0.8175931089362023,7.735357134612466,True,576,23,146,True,,weekly_stats_historical,"Historical test mode: team is from loaded weekly/player stats context, not live roster confirmation.",ROUTE_PROXY_UNVALIDATED,75,Medium,ROUTE_PROXY_UNVALIDATED|LOW_CURRENT_SAMPLE
historical_test,2023,2024,2024,22,2025,1,All feature history is before target season/week.,PASS,2025,1,PHI,00-0038489,B.VanSumeren,RB,26.25,0.0372047063149186,0.95,0.9277923637282826,0-1,0.8801417412018795,0.8165887864856181,0.8165887864856181,3.2886601110614877,True,577,19,147,True,,weekly_stats_historical,"Historical test mode: team is from loaded weekly/player stats context, not live roster confirmation.",ROUTE_PROXY_UNVALIDATED,60,Medium,ROUTE_PROXY_UNVALIDATED|LOW_CURRENT_SAMPLE|LOW_PLAYER_SAMPLE
historical_test,2023,2024,2024,22,2025,1,All feature history is before target season/week.,PASS,2025,1,LV,00-0029239,B.Bolden,RB,39.0,0.0344873150105708,0.6888288022258241,0.9264783797379306,0-1,0.8801417412018795,0.8154322943284383,0.8154322943284383,3.313852742654688,True,578,22,148,True,,weekly_stats_historical,"Historical test mode: team is from loaded weekly/player stats context, not live roster confirmation.",ROUTE_PROXY_UNVALIDATED,60,Medium,ROUTE_PROXY_UNVALIDATED|LOW_CURRENT_SAMPLE|LOW_PLAYER_SAMPLE
historical_test,2023,2024,2024,22,2025,1,All feature history is before target season/week.,PASS,2025,1,LV,00-0039407,D.Laube,RB,39.0,0.0344873150105708,0.6888288022258241,0.9264783797379306,0-1,0.8801417412018795,0.8154322943284383,0.8154322943284383,3.313852742654688,True,579,23,149,True,,weekly_stats_historical,"Historical test mode: team is from loaded weekly/player stats context, not live roster confirmation.",ROUTE_PROXY_UNVALIDATED,60,Medium,ROUTE_PROXY_UNVALIDATED|LOW_CURRENT_SAMPLE|LOW_PLAYER_SAMPLE
historical_test,2023,2024,2024,22,2025,1,All feature history is before target season/week.,PASS,2025,1,BAL,00-0038454,K.Mitchell,RB,25.25,0.0383935650105708,0.95,0.920965640691067,0-1,0.8801417412018795,0.8105803025849402,0.8105803025849402,3.7927567686644506,True,580,15,150,True,,weekly_stats_historical,"Historical test mode: team is from loaded weekly/player stats context, not live roster confirmation.",ROUTE_PROXY_UNVALIDATED,75,Medium,ROUTE_PROXY_UNVALIDATED|LOW_CURRENT_SAMPLE
historical_test,2023,2024,2024,22,2025,1,All feature history is before target season/week.,PASS,2025,1,LA,00-0039136,Z.Evans,RB,38.75,0.0344873150105708,0.6888288022258241,0.9205394157652514,0-1,0.8801417412018795,0.8102051642365893,0.8102051642365893,3.29261009686844,True,581,19,151,True,,weekly_stats_historical,"Historical test mode: team is from loaded weekly/player stats context, not live roster confirmation.",ROUTE_PROXY_UNVALIDATED,60,Medium,ROUTE_PROXY_UNVALIDATED|LOW_CURRENT_SAMPLE|LOW_PLAYER_SAMPLE
historical_test,2023,2024,2024,22,2025,1,All feature history is before target season/week.,PASS,2025,1,KC,00-0037299,K.Ingram,RB,30.0,0.0362234261216819,0.8470630417806593,0.9205057654304656,0-1,0.8801417412018795,0.8101755471723389,0.8101755471723389,3.00416377715996,True,582,24,152,True,,weekly_stats_historical,"Historical test mode: team is from loaded weekly/player stats context, not live roster confirmation.",ROUTE_PROXY_UNVALIDATED,60,Medium,ROUTE_PROXY_UNVALIDATED|LOW_CURRENT_SAMPLE|LOW_PLAYER_SAMPLE
historical_test,2023,2024,2024,22,2025,1,All feature history is before target season/week.,PASS,2025,1,MIA,00-0039874,J.Wright,RB,38.0,0.0402164816772374,0.6018126034345759,0.919705850487972,0-1,0.8801417412018795,0.8094715086420392,0.8094715086420392,6.912623718000761,True,583,19,153,True,,weekly_stats_historical,"Historical test mode: team is from loaded weekly/player stats context, not live roster confirmation.",ROUTE_PROXY_UNVALIDATED,60,Medium,ROUTE_PROXY_UNVALIDATED|LOW_CURRENT_SAMPLE|LOW_PLAYER_SAMPLE
historical_test,2023,2024,2024,22,2025,1,All feature history is before target season/week.,PASS,2025,1,DAL,00-0038738,H.Luepke,RB,33.0,0.0404303662122427,0.7776486406677472,1.0375404377794417,1-2,0.7798033969713766,0.8090775578755778,0.8090775578755778,6.114096205801239,True,584,18,154,True,,weekly_stats_historical,"Historical test mode: team is from loaded weekly/player stats context, not live roster confirmation.",ROUTE_PROXY_UNVALIDATED,75,Medium,ROUTE_PROXY_UNVALIDATED|LOW_CURRENT_SAMPLE
historical_test,2023,2024,2024,22,2025,1,All feature history is before target season/week.,PASS,2025,1,HOU,00-0036096,J.Taylor,RB,34.5,0.040500036139571,0.7359792701012426,1.0283479527791017,1-2,0.7798033969713766,0.8019092268457043,0.8019092268457043,6.429367020650274,True,585,15,155,True,,weekly_stats_historical,"Historical test mode: team is from loaded weekly/player stats context, not live roster confirmation.",ROUTE_PROXY_UNVALIDATED,60,Medium,ROUTE_PROXY_UNVALIDATED|LOW_CURRENT_SAMPLE|LOW_PLAYER_SAMPLE
historical_test,2023,2024,2024,22,2025,1,All feature history is before target season/week.,PASS,2025,1,LAC,00-0039391,K.Vidal,RB,37.0,0.0456268624243639,0.6082014923234649,1.0267620552118153,1-2,0.7798033969713766,0.8006725385354857,0.8006725385354857,9.385320101369608,True,586,23,156,True,,weekly_stats_historical,"Historical test mode: team is from loaded weekly/player stats context, not live roster confirmation.",ROUTE_PROXY_UNVALIDATED,60,Medium,ROUTE_PROXY_UNVALIDATED|LOW_CURRENT_SAMPLE|LOW_PLAYER_SAMPLE
historical_test,2023,2024,2024,22,2025,1,All feature history is before target season/week.,PASS,2025,1,NYJ,00-0036842,K.Nwangwu,RB,38.25,0.0344873150105708,0.6888288022258241,0.9086614878198934,0-1,0.8801417412018795,0.7997509040528914,0.7997509040528914,3.250124805295944,True,587,18,157,True,,weekly_stats_historical,"Historical test mode: team is from loaded weekly/player stats context, not live roster confirmation.",ROUTE_PROXY_UNVALIDATED,60,Medium,ROUTE_PROXY_UNVALIDATED|LOW_CURRENT_SAMPLE|LOW_PLAYER_SAMPLE
historical_test,2023,2024,2024,22,2025,1,All feature history is before target season/week.,PASS,2025,1,NYG,00-0035726,J.Johnson,RB,33.5,0.0344873150105708,0.7848288022258241,0.9067323774129872,0-1,0.8801417412018795,0.7980530134603863,0.7980530134603863,2.8465145353572323,True,588,21,158,True,,weekly_stats_historical,"Historical test mode: team is from loaded weekly/player stats context, not live roster confirmation.",ROUTE_PROXY_UNVALIDATED,60,Medium,ROUTE_PROXY_UNVALIDATED|LOW_CURRENT_SAMPLE|LOW_PLAYER_SAMPLE
historical_test,2023,2024,2024,22,2025,1,All feature history is before target season/week.,PASS,2025,1,PHI,00-0036423,A.Okwuegbunam,TE,26.25,0.0615079365079365,0.6337224980477582,1.023197783306276,1-2,0.7798033969713766,0.7978931071958165,0.7978931071958165,9.22225568936364,True,589,20,151,True,,weekly_stats_historical,"Historical test mode: team is from loaded weekly/player stats context, not live roster confirmation.",ROUTE_PROXY_UNVALIDATED,60,Medium,ROUTE_PROXY_UNVALIDATED|LOW_CURRENT_SAMPLE|LOW_PLAYER_SAMPLE
historical_test,2023,2024,2024,22,2025,1,All feature history is before target season/week.,PASS,2025,1,SF,00-0035973,P.Taylor,RB,41.0,0.0512894880627438,0.4289641185860911,0.9020553516222363,0-1,0.8801417412018795,0.7939365678372686,0.7939365678372686,12.772625413534213,True,590,19,159,True,,weekly_stats_historical,"Historical test mode: team is from loaded weekly/player stats context, not live roster confirmation.",ROUTE_PROXY_UNVALIDATED,75,Medium,ROUTE_PROXY_UNVALIDATED|LOW_CURRENT_SAMPLE
historical_test,2023,2024,2024,22,2025,1,All feature history is before target season/week.,PASS,2025,1,BAL,00-0032144,M.Gordon,RB,25.25,0.0421262038994597,0.8470630417806593,0.9010096479471522,0-1,0.8801417412018795,0.793016200383899,0.793016200383899,5.303835810576677,True,591,16,160,True,,weekly_stats_historical,"Historical test mode: team is from loaded weekly/player stats context, not live roster confirmation.",ROUTE_PROXY_UNVALIDATED,60,Medium,ROUTE_PROXY_UNVALIDATED|LOW_CURRENT_SAMPLE|LOW_PLAYER_SAMPLE
historical_test,2023,2024,2024,22,2025,1,All feature history is before target season/week.,PASS,2025,1,MIN,00-0032918,C.Ham,FB,43.75,0.0220219947735191,0.9312200692391758,0.8971954030279284,0-1,0.8801417412018795,0.7896591242193229,0.7896591242193229,9.958835637281153,True,592,15,2,True,,weekly_stats_historical,"Historical test mode: team is from loaded weekly/player stats context, not live roster confirmation.",ROUTE_PROXY_UNVALIDATED,75,Medium,ROUTE_PROXY_UNVALIDATED|LOW_CURRENT_SAMPLE
historical_test,2023,2024,2024,22,2025,1,All feature history is before target season/week.,PASS,2025,1,PHI,00-0039746,W.Shipley,RB,26.25,0.0405848759861805,0.95,1.012085344905376,1-2,0.7798033969713766,0.7892275899821595,0.7892275899821595,4.926301363289828,True,593,21,161,True,,weekly_stats_historical,"Historical test mode: team is from loaded weekly/player stats context, not live roster confirmation.",ROUTE_PROXY_UNVALIDATED,60,Medium,ROUTE_PROXY_UNVALIDATED|LOW_CURRENT_SAMPLE|LOW_PLAYER_SAMPLE
historical_test,2023,2024,2024,22,2025,1,All feature history is before target season/week.,PASS,2025,1,KC,00-0037216,J.Ross,WR,30.0,0.0950409132324081,0.3526459367679093,1.005473756343604,1-2,0.7798033969713766,0.7840718507623127,0.7840718507623127,16.834439761066164,True,594,25,280,True,,weekly_stats_historical,"Historical test mode: team is from loaded weekly/player stats context, not live roster confirmation.",ROUTE_PROXY_UNVALIDATED,75,Medium,ROUTE_PROXY_UNVALIDATED|LOW_CURRENT_SAMPLE
historical_test,2023,2024,2024,22,2025,1,All feature history is before target season/week.,PASS,2025,1,DET,00-0038656,M.Ibrahim,RB,37.5,0.0344873150105708,0.6888288022258241,0.8908445959018564,0-1,0.8801417412018795,0.7840695137773446,0.7840695137773446,3.1863968679372,True,595,22,162,True,,weekly_stats_historical,"Historical test mode: team is from loaded weekly/player stats context, not live roster confirmation.",ROUTE_PROXY_UNVALIDATED,60,Medium,ROUTE_PROXY_UNVALIDATED|LOW_CURRENT_SAMPLE|LOW_PLAYER_SAMPLE
historical_test,2023,2024,2024,22,2025,1,All feature history is before target season/week.,PASS,2025,1,ARI,00-0039521,X.Weaver,WR,38.5,0.0911458333333333,0.25,0.877278645833333,0-1,0.8801417412018795,0.7721295548629767,0.7721295548629767,17.648166512417088,True,596,18,281,True,,weekly_stats_historical,"Historical test mode: team is from loaded weekly/player stats context, not live roster confirmation.",ROUTE_PROXY_UNVALIDATED,60,Medium,ROUTE_PROXY_UNVALIDATED|LOW_CURRENT_SAMPLE|LOW_PLAYER_SAMPLE
historical_test,2023,2024,2024,22,2025,1,All feature history is before target season/week.,PASS,2025,1,PIT,00-0034614,G.Igwebuike,RB,36.75,0.0344873150105708,0.6888288022258241,0.8730277039838191,0-1,0.8801417412018795,0.7683881235017976,0.7683881235017976,3.122668930578456,True,597,18,163,True,,weekly_stats_historical,"Historical test mode: team is from loaded weekly/player stats context, not live roster confirmation.",ROUTE_PROXY_UNVALIDATED,60,Medium,ROUTE_PROXY_UNVALIDATED|LOW_CURRENT_SAMPLE|LOW_PLAYER_SAMPLE
historical_test,2023,2024,2024,22,2025,1,All feature history is before target season/week.,PASS,2025,1,JAX,00-0039385,K.Robinson,RB,36.75,0.0344873150105708,0.6888288022258241,0.8730277039838191,0-1,0.8801417412018795,0.7683881235017976,0.7683881235017976,3.122668930578456,True,598,18,164,True,,weekly_stats_historical,"Historical test mode: team is from loaded weekly/player stats context, not live roster confirmation.",ROUTE_PROXY_UNVALIDATED,60,Medium,ROUTE_PROXY_UNVALIDATED|LOW_CURRENT_SAMPLE|LOW_PLAYER_SAMPLE
historical_test,2023,2024,2024,22,2025,1,All feature history is before target season/week.,PASS,2025,1,PIT,00-0037609,A.Shampklin,RB,36.75,0.0344873150105708,0.6888288022258241,0.8730277039838191,0-1,0.8801417412018795,0.7683881235017976,0.7683881235017976,3.122668930578456,True,599,19,165,True,,weekly_stats_historical,"Historical test mode: team is from loaded weekly/player stats context, not live roster confirmation.",ROUTE_PROXY_UNVALIDATED,60,Medium,ROUTE_PROXY_UNVALIDATED|LOW_CURRENT_SAMPLE|LOW_PLAYER_SAMPLE
historical_test,2023,2024,2024,22,2025,1,All feature history is before target season/week.,PASS,2025,1,PIT,00-0035924,J.Ward,RB,36.75,0.0344873150105708,0.6888288022258241,0.8730277039838191,0-1,0.8801417412018795,0.7683881235017976,0.7683881235017976,3.122668930578456,True,600,20,166,True,,weekly_stats_historical,"Historical test mode: team is from loaded weekly/player stats context, not live roster confirmation.",ROUTE_PROXY_UNVALIDATED,60,Medium,ROUTE_PROXY_UNVALIDATED|LOW_CURRENT_SAMPLE|LOW_PLAYER_SAMPLE
historical_test,2023,2024,2024,22,2025,1,All feature history is before target season/week.,PASS,2025,1,HOU,00-0038728,J.Wayne,WR,34.5,0.1011904761904761,0.25,0.8727678571428563,0-1,0.8801417412018795,0.7681594214507468,0.7681594214507468,23.90941386626973,True,601,16,282,True,,weekly_stats_historical,"Historical test mode: team is from loaded weekly/player stats context, not live roster confirmation.",ROUTE_PROXY_UNVALIDATED,60,Medium,ROUTE_PROXY_UNVALIDATED|LOW_CURRENT_SAMPLE|LOW_PLAYER_SAMPLE
historical_test,2023,2024,2024,22,2025,1,All feature history is before target season/week.,PASS,2025,1,MIA,00-0038092,E.Ezukanma,WR,38.0,0.0915832406377456,0.25,0.8700407860585833,0-1,0.8801417412018795,0.7657592123582534,0.7657592123582534,17.899956645340783,True,602,20,283,True,,weekly_stats_historical,"Historical test mode: team is from loaded weekly/player stats context, not live roster confirmation.",ROUTE_PROXY_UNVALIDATED,60,Medium,ROUTE_PROXY_UNVALIDATED|LOW_CURRENT_SAMPLE|LOW_PLAYER_SAMPLE
historical_test,2023,2024,2024,22,2025,1,All feature history is before target season/week.,PASS,2025,1,PHI,00-0034750,R.Penny,RB,26.25,0.0382751937984496,0.8470630417806593,0.8510644296960472,0-1,0.8801417412018795,0.7490573290276635,0.7490573290276635,3.882763484005596,True,603,22,167,True,,weekly_stats_historical,"Historical test mode: team is from loaded weekly/player stats context, not live roster confirmation.",ROUTE_PROXY_UNVALIDATED,60,Medium,ROUTE_PROXY_UNVALIDATED|LOW_CURRENT_SAMPLE|LOW_PLAYER_SAMPLE
historical_test,2023,2024,2024,22,2025,1,All feature history is before target season/week.,PASS,2025,1,HOU,00-0039603,B.Brooks,RB,34.5,0.0344873150105708,0.6888288022258241,0.8195770282297078,0-1,0.8801417412018795,0.7213439526751569,0.7213439526751569,2.931485118502224,True,604,17,168,True,,weekly_stats_historical,"Historical test mode: team is from loaded weekly/player stats context, not live roster confirmation.",ROUTE_PROXY_UNVALIDATED,60,Medium,ROUTE_PROXY_UNVALIDATED|LOW_CURRENT_SAMPLE|LOW_PLAYER_SAMPLE
historical_test,2023,2024,2024,22,2025,1,All feature history is before target season/week.,PASS,2025,1,HOU,00-0037456,T.Hairston,RB,34.5,0.0344873150105708,0.6888288022258241,0.8195770282297078,0-1,0.8801417412018795,0.7213439526751569,0.7213439526751569,2.931485118502224,True,605,18,169,True,,weekly_stats_historical,"Historical test mode: team is from loaded weekly/player stats context, not live roster confirmation.",ROUTE_PROXY_UNVALIDATED,60,Medium,ROUTE_PROXY_UNVALIDATED|LOW_CURRENT_SAMPLE|LOW_PLAYER_SAMPLE
historical_test,2023,2024,2024,22,2025,1,All feature history is before target season/week.,PASS,2025,1,BUF,00-0035657,D.Harris,RB,30.25,0.0344873150105708,0.7848288022258241,0.8187658034848617,0-1,0.8801417412018795,0.7206299599157221,0.7206299599157221,2.570360140136009,True,606,17,170,True,,weekly_stats_historical,"Historical test mode: team is from loaded weekly/player stats context, not live roster confirmation.",ROUTE_PROXY_UNVALIDATED,60,Medium,ROUTE_PROXY_UNVALIDATED|LOW_CURRENT_SAMPLE|LOW_PLAYER_SAMPLE
historical_test,2023,2024,2024,22,2025,1,All feature history is before target season/week.,PASS,2025,1,MIA,00-0034419,B.Berrios,WR,38.0,0.0853494623655913,0.25,0.8108198924731173,0-1,0.8801417412018795,0.7136364319624101,0.7136364319624101,8.848845377569269,True,607,21,284,True,,weekly_stats_historical,"Historical test mode: team is from loaded weekly/player stats context, not live roster confirmation.",ROUTE_PROXY_UNVALIDATED,75,Medium,ROUTE_PROXY_UNVALIDATED|LOW_CURRENT_SAMPLE
historical_test,2023,2024,2024,22,2025,1,All feature history is before target season/week.,PASS,2025,1,DET,00-0035544,T.Kennedy,WR,37.5,0.0849056603773584,0.25,0.795990566037735,0-1,0.8801417412018795,0.7005845227727218,0.7005845227727218,7.7116366370986045,True,608,23,285,True,,weekly_stats_historical,"Historical test mode: team is from loaded weekly/player stats context, not live roster confirmation.",ROUTE_PROXY_UNVALIDATED,60,Medium,ROUTE_PROXY_UNVALIDATED|LOW_CURRENT_SAMPLE|LOW_PLAYER_SAMPLE
historical_test,2023,2024,2024,22,2025,1,All feature history is before target season/week.,PASS,2025,1,NYG,00-0039230,D.Miller,RB,33.5,0.0344873150105708,0.6888288022258241,0.7958211723389915,0-1,0.8801417412018795,0.7004354323077611,0.7004354323077611,2.8465145353572323,True,609,22,171,True,,weekly_stats_historical,"Historical test mode: team is from loaded weekly/player stats context, not live roster confirmation.",ROUTE_PROXY_UNVALIDATED,60,Medium,ROUTE_PROXY_UNVALIDATED|LOW_CURRENT_SAMPLE|LOW_PLAYER_SAMPLE
historical_test,2023,2024,2024,22,2025,1,All feature history is before target season/week.,PASS,2025,1,TB,00-0039595,D.Williams,RB,33.25,0.0344873150105708,0.6888288022258241,0.7898822083663125,0-1,0.8801417412018795,0.6952083022159121,0.6952083022159121,2.8252718895709843,True,610,18,172,True,,weekly_stats_historical,"Historical test mode: team is from loaded weekly/player stats context, not live roster confirmation.",ROUTE_PROXY_UNVALIDATED,60,Medium,ROUTE_PROXY_UNVALIDATED|LOW_CURRENT_SAMPLE|LOW_PLAYER_SAMPLE
historical_test,2023,2024,2024,22,2025,1,All feature history is before target season/week.,PASS,2025,1,MIA,00-0035125,A.Ingold,FB,38.0,0.0217207696827262,0.95,0.7841197855464158,0-1,0.8801417412018795,0.6901365533616668,0.6901365533616668,8.443847494894658,True,611,22,3,True,,weekly_stats_historical,"Historical test mode: team is from loaded weekly/player stats context, not live roster confirmation.",ROUTE_PROXY_UNVALIDATED,75,Medium,ROUTE_PROXY_UNVALIDATED|LOW_CURRENT_SAMPLE
historical_test,2023,2024,2024,22,2025,1,All feature history is before target season/week.,PASS,2025,1,DAL,00-0037563,M.Davis,RB,33.0,0.0344873150105708,0.6888288022258241,0.7839432443936336,0-1,0.8801417412018795,0.6899811721240633,0.6899811721240633,2.8040292437847363,True,612,19,173,True,,weekly_stats_historical,"Historical test mode: team is from loaded weekly/player stats context, not live roster confirmation.",ROUTE_PROXY_UNVALIDATED,60,Medium,ROUTE_PROXY_UNVALIDATED|LOW_CURRENT_SAMPLE|LOW_PLAYER_SAMPLE
historical_test,2023,2024,2024,22,2025,1,All feature history is before target season/week.,PASS,2025,1,TEN,00-0037594,J.Chestnut,RB,34.5,0.0365706483439041,0.6209792701012427,0.7834817007925741,0-1,0.8801417412018795,0.6895749483353861,0.6895749483353861,3.784531014537997,True,613,22,174,True,,weekly_stats_historical,"Historical test mode: team is from loaded weekly/player stats context, not live roster confirmation.",ROUTE_PROXY_UNVALIDATED,60,Medium,ROUTE_PROXY_UNVALIDATED|LOW_CURRENT_SAMPLE|LOW_PLAYER_SAMPLE
historical_test,2023,2024,2024,22,2025,1,All feature history is before target season/week.,PASS,2025,1,CAR,00-0037429,R.Blackshear,RB,32.75,0.0344873150105708,0.6888288022258241,0.7780042804209545,0-1,0.8801417412018795,0.6847540420322142,0.6847540420322142,2.7827865979984883,True,614,17,175,True,,weekly_stats_historical,"Historical test mode: team is from loaded weekly/player stats context, not live roster confirmation.",ROUTE_PROXY_UNVALIDATED,60,Medium,ROUTE_PROXY_UNVALIDATED|LOW_CURRENT_SAMPLE|LOW_PLAYER_SAMPLE
historical_test,2023,2024,2024,22,2025,1,All feature history is before target season/week.,PASS,2025,1,DEN,00-0032450,D.Washington,RB,32.25,0.0344873150105708,0.6888288022258241,0.7661263524755965,0-1,0.8801417412018795,0.6742997818485164,0.6742997818485164,2.740301306425992,True,615,16,176,True,,weekly_stats_historical,"Historical test mode: team is from loaded weekly/player stats context, not live roster confirmation.",ROUTE_PROXY_UNVALIDATED,60,Medium,ROUTE_PROXY_UNVALIDATED|LOW_CURRENT_SAMPLE|LOW_PLAYER_SAMPLE
historical_test,2023,2024,2024,22,2025,1,All feature history is before target season/week.,PASS,2025,1,CAR,00-0034208,M.Boone,RB,32.75,0.0419548474781032,0.544312603434576,0.7478970864333513,0-1,0.8801417412018795,0.6582554438932624,0.6582554438932624,6.801637097625263,True,616,18,177,True,,weekly_stats_historical,"Historical test mode: team is from loaded weekly/player stats context, not live roster confirmation.",ROUTE_PROXY_UNVALIDATED,75,Medium,ROUTE_PROXY_UNVALIDATED|LOW_CURRENT_SAMPLE
historical_test,2023,2024,2024,22,2025,1,All feature history is before target season/week.,PASS,2025,1,ATL,00-0039393,J.McClellan,RB,30.75,0.0344873150105708,0.6888288022258241,0.7304925686395222,0-1,0.8801417412018795,0.6429370012974225,0.6429370012974225,2.612845431708504,True,617,14,178,True,,weekly_stats_historical,"Historical test mode: team is from loaded weekly/player stats context, not live roster confirmation.",ROUTE_PROXY_UNVALIDATED,60,Medium,ROUTE_PROXY_UNVALIDATED|LOW_CURRENT_SAMPLE|LOW_PLAYER_SAMPLE
historical_test,2023,2024,2024,22,2025,1,All feature history is before target season/week.,PASS,2025,1,ATL,00-0036950,A.Williams,RB,30.75,0.0344873150105708,0.6888288022258241,0.7304925686395222,0-1,0.8801417412018795,0.6429370012974225,0.6429370012974225,2.612845431708504,True,618,15,179,True,,weekly_stats_historical,"Historical test mode: team is from loaded weekly/player stats context, not live roster confirmation.",ROUTE_PROXY_UNVALIDATED,60,Medium,ROUTE_PROXY_UNVALIDATED|LOW_CURRENT_SAMPLE|LOW_PLAYER_SAMPLE
historical_test,2023,2024,2024,22,2025,1,All feature history is before target season/week.,PASS,2025,1,BUF,00-0033856,L.Fournette,RB,30.25,0.0344873150105708,0.6888288022258241,0.7186146406941641,0-1,0.8801417412018795,0.6324827411137246,0.6324827411137246,2.570360140136009,True,619,18,180,True,,weekly_stats_historical,"Historical test mode: team is from loaded weekly/player stats context, not live roster confirmation.",ROUTE_PROXY_UNVALIDATED,60,Medium,ROUTE_PROXY_UNVALIDATED|LOW_CURRENT_SAMPLE|LOW_PLAYER_SAMPLE
historical_test,2023,2024,2024,22,2025,1,All feature history is before target season/week.,PASS,2025,1,TB,00-0039589,K.Johnson,WR,33.25,0.0846631205673758,0.25,0.7037621897163113,0-1,0.8801417412018795,0.6194104790489617,0.6194104790489617,6.288203346726887,True,620,19,286,True,,weekly_stats_historical,"Historical test mode: team is from loaded weekly/player stats context, not live roster confirmation.",ROUTE_PROXY_UNVALIDATED,60,Medium,ROUTE_PROXY_UNVALIDATED|LOW_CURRENT_SAMPLE|LOW_PLAYER_SAMPLE
historical_test,2023,2024,2024,22,2025,1,All feature history is before target season/week.,PASS,2025,1,CAR,00-0036438,S.Sullivan,TE,32.75,0.0778222733084185,0.2721459367679093,0.693612756672886,0-1,0.8801417412018795,0.6104775393779095,0.6104775393779095,22.253683061248967,True,621,19,152,True,,weekly_stats_historical,"Historical test mode: team is from loaded weekly/player stats context, not live roster confirmation.",ROUTE_PROXY_UNVALIDATED,75,Medium,ROUTE_PROXY_UNVALIDATED|LOW_CURRENT_SAMPLE
historical_test,2023,2024,2024,22,2025,1,All feature history is before target season/week.,PASS,2025,1,KC,00-0038090,S.Moore,WR,30.0,0.0919001831501831,0.25,0.6892513736263732,0-1,0.8801417412018795,0.6066389041093033,0.6066389041093033,14.400437264423374,True,622,26,287,True,,weekly_stats_historical,"Historical test mode: team is from loaded weekly/player stats context, not live roster confirmation.",ROUTE_PROXY_UNVALIDATED,75,Medium,ROUTE_PROXY_UNVALIDATED|LOW_CURRENT_SAMPLE
historical_test,2023,2024,2024,22,2025,1,All feature history is before target season/week.,PASS,2025,1,DEN,00-0031595,M.Burton,FB,32.25,0.0220352564102564,0.95,0.6751051682692305,0-1,0.8801417412018795,0.5941882382948683,0.5941882382948683,7.348690032400857,True,623,17,4,True,,weekly_stats_historical,"Historical test mode: team is from loaded weekly/player stats context, not live roster confirmation.",ROUTE_PROXY_UNVALIDATED,75,Medium,ROUTE_PROXY_UNVALIDATED|LOW_CURRENT_SAMPLE
historical_test,2023,2024,2024,22,2025,1,All feature history is before target season/week.,PASS,2025,1,HOU,00-0037258,D.Pierce,RB,34.5,0.0411837435819993,0.4676459367679094,0.6644496569719636,0-1,0.8801417412018795,0.5848098780282955,0.5848098780282955,6.7850696122336975,True,624,19,181,True,,weekly_stats_historical,"Historical test mode: team is from loaded weekly/player stats context, not live roster confirmation.",ROUTE_PROXY_UNVALIDATED,75,Medium,ROUTE_PROXY_UNVALIDATED|LOW_CURRENT_SAMPLE
historical_test,2023,2024,2024,22,2025,1,All feature history is before target season/week.,PASS,2025,1,CLE,00-0039458,B.Bates,TE,40.5,0.0631313131313131,0.25,0.6392045454545451,0-1,0.8801417412018795,0.5625906016205192,0.5625906016205192,16.05205169554234,True,625,21,153,True,,weekly_stats_historical,"Historical test mode: team is from loaded weekly/player stats context, not live roster confirmation.",ROUTE_PROXY_UNVALIDATED,60,Medium,ROUTE_PROXY_UNVALIDATED|LOW_CURRENT_SAMPLE|LOW_PLAYER_SAMPLE
historical_test,2023,2024,2024,22,2025,1,All feature history is before target season/week.,PASS,2025,1,PHI,00-0037827,T.Davis-Price,RB,26.25,0.0344873150105708,0.6888288022258241,0.6235912171312994,0-1,0.8801417412018795,0.5488486596441412,0.5488486596441412,2.2304778075560403,True,626,23,182,True,,weekly_stats_historical,"Historical test mode: team is from loaded weekly/player stats context, not live roster confirmation.",ROUTE_PROXY_UNVALIDATED,60,Medium,ROUTE_PROXY_UNVALIDATED|LOW_CURRENT_SAMPLE|LOW_PLAYER_SAMPLE
historical_test,2023,2024,2024,22,2025,1,All feature history is before target season/week.,PASS,2025,1,PHI,00-0034414,B.Scott,RB,26.25,0.0363812544045102,0.6337224980477582,0.6052100098626018,0-1,0.8801417412018795,0.5326705918732769,0.5326705918732769,2.745528389283862,True,627,24,183,True,,weekly_stats_historical,"Historical test mode: team is from loaded weekly/player stats context, not live roster confirmation.",ROUTE_PROXY_UNVALIDATED,60,Medium,ROUTE_PROXY_UNVALIDATED|LOW_CURRENT_SAMPLE|LOW_PLAYER_SAMPLE
historical_test,2023,2024,2024,22,2025,1,All feature history is before target season/week.,PASS,2025,1,SF,00-0038643,B.Willis,TE,41.0,0.058531746031746,0.25,0.5999503968253965,0-1,0.8801417412018795,0.528041386896663,0.528041386896663,10.185367655893147,True,628,20,154,True,,weekly_stats_historical,"Historical test mode: team is from loaded weekly/player stats context, not live roster confirmation.",ROUTE_PROXY_UNVALIDATED,60,Medium,ROUTE_PROXY_UNVALIDATED|LOW_CURRENT_SAMPLE|LOW_PLAYER_SAMPLE
historical_test,2023,2024,2024,22,2025,1,All feature history is before target season/week.,PASS,2025,1,BAL,00-0034808,J.Kelly,RB,25.25,0.0344873150105708,0.6888288022258241,0.5998353612405832,0-1,0.8801417412018795,0.5279401392767453,0.5279401392767453,2.145507224411048,True,629,17,184,True,,weekly_stats_historical,"Historical test mode: team is from loaded weekly/player stats context, not live roster confirmation.",ROUTE_PROXY_UNVALIDATED,60,Medium,ROUTE_PROXY_UNVALIDATED|LOW_CURRENT_SAMPLE|LOW_PLAYER_SAMPLE
historical_test,2023,2024,2024,22,2025,1,All feature history is before target season/week.,PASS,2025,1,DET,00-0034171,J.Cabinda,FB,37.5,0.0171130952380952,0.8470630417806593,0.5435951439998639,0-1,0.8801417412018795,0.4784407765489266,0.4784407765489266,4.117078432751624,True,630,24,5,True,,weekly_stats_historical,"Historical test mode: team is from loaded weekly/player stats context, not live roster confirmation.",ROUTE_PROXY_UNVALIDATED,60,Medium,ROUTE_PROXY_UNVALIDATED|LOW_CURRENT_SAMPLE|LOW_PLAYER_SAMPLE
historical_test,2023,2024,2024,22,2025,1,All feature history is before target season/week.,PASS,2025,1,CAR,00-0031299,J.Matthews,TE,32.75,0.0598659003831417,0.25,0.49015205938697265,0-1,0.8801417412018795,0.43140328700253716,0.43140328700253716,9.791062074755942,True,631,20,155,True,,weekly_stats_historical,"Historical test mode: team is from loaded weekly/player stats context, not live roster confirmation.",ROUTE_PROXY_UNVALIDATED,60,Medium,ROUTE_PROXY_UNVALIDATED|LOW_CURRENT_SAMPLE|LOW_PLAYER_SAMPLE
historical_test,2023,2024,2024,22,2025,1,All feature history is before target season/week.,PASS,2025,1,ATL,00-0030968,K.Smith,FB,30.75,0.01875,0.8470630417806593,0.4883847850266613,0-1,0.8801417412018795,0.4298478350698713,0.4298478350698713,4.8922950423344265,True,632,16,6,True,,weekly_stats_historical,"Historical test mode: team is from loaded weekly/player stats context, not live roster confirmation.",ROUTE_PROXY_UNVALIDATED,60,Medium,ROUTE_PROXY_UNVALIDATED|LOW_CURRENT_SAMPLE|LOW_PLAYER_SAMPLE
historical_test,2023,2024,2024,22,2025,1,All feature history is before target season/week.,PASS,2025,1,KC,00-0039316,B.Cupp,TE,30.0,0.0625,0.25,0.46875,0-1,0.8801417412018795,0.41256644118838104,0.41256644118838104,11.384199576606164,True,633,27,156,True,,weekly_stats_historical,"Historical test mode: team is from loaded weekly/player stats context, not live roster confirmation.",ROUTE_PROXY_UNVALIDATED,60,Medium,ROUTE_PROXY_UNVALIDATED|LOW_CURRENT_SAMPLE|LOW_PLAYER_SAMPLE
historical_test,2023,2024,2024,22,2025,1,All feature history is before target season/week.,PASS,2025,1,HOU,00-0034959,A.Beck,RB,34.5,0.0458412346306194,0.2951459367679093,0.46677996774898317,0-1,0.8801417412018795,0.4108325335727472,0.4108325335727472,8.834980494214944,True,634,20,185,True,,weekly_stats_historical,"Historical test mode: team is from loaded weekly/player stats context, not live roster confirmation.",ROUTE_PROXY_UNVALIDATED,75,Medium,ROUTE_PROXY_UNVALIDATED|LOW_CURRENT_SAMPLE
historical_test,2023,2024,2024,22,2025,1,All feature history is before target season/week.,PASS,2025,1,NO,00-0036727,A.Prentice,RB,38.25,0.0385576931618313,0.25,0.36870794086001185,0-1,0.8801417412018795,0.32451524906349044,0.32451524906349044,5.864924300753713,True,635,24,186,True,,weekly_stats_historical,"Historical test mode: team is from loaded weekly/player stats context, not live roster confirmation.",ROUTE_PROXY_UNVALIDATED,60,Medium,ROUTE_PROXY_UNVALIDATED|LOW_CURRENT_SAMPLE|LOW_PLAYER_SAMPLE
historical_test,2023,2024,2024,22,2025,1,All feature history is before target season/week.,PASS,2025,1,BAL,00-0033376,P.Ricard,FB,25.25,0.0177083333333333,0.8026486406677472,0.3588926343819061,0-1,0.8801417412018795,0.31587638812942037,0.31587638812942037,3.2800712168335613,True,636,18,7,True,,weekly_stats_historical,"Historical test mode: team is from loaded weekly/player stats context, not live roster confirmation.",ROUTE_PROXY_UNVALIDATED,75,Medium,ROUTE_PROXY_UNVALIDATED|LOW_CURRENT_SAMPLE
historical_test,2023,2024,2024,22,2025,1,All feature history is before target season/week.,PASS,2025,1,BUF,00-0036187,R.Gilliam,FB,30.25,0.015625,0.6888288022258241,0.3255792385520497,0-1,0.8801417412018795,0.2865558779183831,0.2865558779183831,3.0438475343715887,True,637,19,8,True,,weekly_stats_historical,"Historical test mode: team is from loaded weekly/player stats context, not live roster confirmation.",ROUTE_PROXY_UNVALIDATED,60,Medium,ROUTE_PROXY_UNVALIDATED|LOW_CURRENT_SAMPLE|LOW_PLAYER_SAMPLE
historical_test,2023,2024,2024,22,2025,1,All feature history is before target season/week.,PASS,2025,1,NE,00-0039757,T.Jennings,RB,30.5,0.0389516007248565,0.25,0.2970059555270308,0-1,0.8801417412018795,0.26140733884488887,0.26140733884488887,4.897668906151753,True,638,19,187,True,,weekly_stats_historical,"Historical test mode: team is from loaded weekly/player stats context, not live roster confirmation.",ROUTE_PROXY_UNVALIDATED,60,Medium,ROUTE_PROXY_UNVALIDATED|LOW_CURRENT_SAMPLE|LOW_PLAYER_SAMPLE
historical_test,2023,2024,2024,22,2025,1,All feature history is before target season/week.,PASS,2025,1,PHI,00-0035099,K.Blasingame,FB,26.25,0.0177083333333333,0.6337224980477582,0.29458194245188707,0-1,0.8801417412018795,0.25927386375623573,0.25927386375623573,3.409975027401227,True,639,25,9,True,,weekly_stats_historical,"Historical test mode: team is from loaded weekly/player stats context, not live roster confirmation.",ROUTE_PROXY_UNVALIDATED,60,Medium,ROUTE_PROXY_UNVALIDATED|LOW_CURRENT_SAMPLE|LOW_PLAYER_SAMPLE
historical_test,2023,2024,2024,22,2025,1,All feature history is before target season/week.,PASS,2025,1,BAL,00-0039796,R.Ali,RB,25.25,0.0386539816772374,0.25,0.2440032593375611,0-1,0.8801417412018795,0.21475745353229478,0.21475745353229478,3.917142347000766,True,640,19,188,True,,weekly_stats_historical,"Historical test mode: team is from loaded weekly/player stats context, not live roster confirmation.",ROUTE_PROXY_UNVALIDATED,60,Medium,ROUTE_PROXY_UNVALIDATED|LOW_CURRENT_SAMPLE|LOW_PLAYER_SAMPLE
