projection_mode,season,week,team,opponent_team,player_id,player_name,position,projected_carries,projected_yards_per_carry,projected_rushing_yards_raw,calibration_bucket,calibration_multiplier,projected_rushing_yards_calibrated,projected_rushing_yards,is_prop_candidate,overall_rank,team_rank,position_rank,confidence_score,confidence_bucket,quality_flags,usage_status,leakage_status
historical_test,2025,1,PHI,KC,00-0034844,S.Barkley,RB,17.840498008670213,5.057777539297555,90.23327011813495,60+,1.0733277530543663,96.84987306664549,96.84987306664549,True,1,1,1,75,Medium,ROUTE_PROXY_UNVALIDATED|LOW_CURRENT_SAMPLE,HISTORICAL TEST ONLY,PASS
historical_test,2025,1,BAL,BUF,00-0032764,D.Henry,RB,16.06938947753846,5.177400137218982,83.1976592860329,60+,1.0733277530543663,89.29835670086044,89.29835670086044,True,2,1,2,75,Medium,ROUTE_PROXY_UNVALIDATED|LOW_CURRENT_SAMPLE,HISTORICAL TEST ONLY,PASS
historical_test,2025,1,IND,JAX,00-0036223,J.Taylor,RB,17.65653442323604,4.531394829827623,80.00872879812525,60+,1.0733277530543663,85.87558910562794,85.87558910562794,True,3,1,3,75,Medium,ROUTE_PROXY_UNVALIDATED|LOW_CURRENT_SAMPLE,HISTORICAL TEST ONLY,PASS
historical_test,2025,1,LA,PHI,00-0037840,K.Williams,RB,16.442632733527898,4.3139020184128025,70.93190653718642,60+,1.0733277530543663,76.13318386342063,76.13318386342063,True,4,1,4,75,Medium,ROUTE_PROXY_UNVALIDATED|LOW_CURRENT_SAMPLE,HISTORICAL TEST ONLY,PASS
historical_test,2025,1,ATL,CAR,00-0038542,B.Robinson,RB,14.668439185140803,4.581396837552359,67.20194089463318,60+,1.0733277530543663,72.12970822132897,72.12970822132897,True,5,1,5,75,Medium,ROUTE_PROXY_UNVALIDATED|LOW_CURRENT_SAMPLE,HISTORICAL TEST ONLY,PASS
historical_test,2025,1,GB,PHI,00-0035700,J.Jacobs,RB,15.23116319947772,4.263057558347953,64.93132539996468,60+,1.0733277530543663,69.692593594386,69.692593594386,True,6,1,6,75,Medium,ROUTE_PROXY_UNVALIDATED|LOW_CURRENT_SAMPLE,HISTORICAL TEST ONLY,PASS
historical_test,2025,1,DET,WAS,00-0039139,J.Gibbs,RB,12.550383629585248,5.161925985976244,64.78415139152695,60+,1.0733277530543663,69.53462764660152,69.53462764660152,True,7,1,7,75,Medium,ROUTE_PROXY_UNVALIDATED|LOW_CURRENT_SAMPLE,HISTORICAL TEST ONLY,PASS
historical_test,2025,1,HOU,KC,00-0033897,J.Mixon,RB,15.047227063928682,4.201775543843668,63.2250706798781,60+,1.0733277530543663,67.86122304953706,67.86122304953706,True,8,1,8,75,Medium,ROUTE_PROXY_UNVALIDATED|LOW_CURRENT_SAMPLE,HISTORICAL TEST ONLY,PASS
historical_test,2025,1,CAR,ARI,00-0036555,C.Hubbard,RB,14.064272518474136,4.4781449770082205,62.9818513338797,60+,1.0733277530543663,67.60016897539725,67.60016897539725,True,9,1,9,75,Medium,ROUTE_PROXY_UNVALIDATED|LOW_CURRENT_SAMPLE,HISTORICAL TEST ONLY,PASS
historical_test,2025,1,ARI,LA,00-0033553,J.Conner,RB,13.121025392037357,4.5476760548351445,59.670172990252205,40-60,1.024818045751556,61.15107007352755,61.15107007352755,True,10,1,10,75,Medium,ROUTE_PROXY_UNVALIDATED|LOW_CURRENT_SAMPLE,HISTORICAL TEST ONLY,PASS
historical_test,2025,1,TEN,HOU,00-0035261,T.Pollard,RB,13.918439185140803,4.167042455777624,57.99872700264064,40-60,1.024818045751556,59.43814206292419,59.43814206292419,True,11,1,11,75,Medium,ROUTE_PROXY_UNVALIDATED|LOW_CURRENT_SAMPLE,HISTORICAL TEST ONLY,PASS
historical_test,2025,1,NO,WAS,00-0033906,A.Kamara,RB,13.839074105775724,4.1658817979661125,57.65194691795524,40-60,1.024818045751556,59.08275557423134,59.08275557423134,True,12,1,12,75,Medium,ROUTE_PROXY_UNVALIDATED|LOW_CURRENT_SAMPLE,HISTORICAL TEST ONLY,PASS
historical_test,2025,1,MIN,LA,00-0033293,A.Jones,RB,12.983851371520732,4.413459105324251,57.303697057814944,40-60,1.024818045751556,58.725862833129106,58.725862833129106,True,13,1,13,75,Medium,ROUTE_PROXY_UNVALIDATED|LOW_CURRENT_SAMPLE,HISTORICAL TEST ONLY,PASS
historical_test,2025,1,BUF,KC,00-0037248,J.Cook,RB,12.267123395667118,4.655408156351868,57.108466311163525,40-60,1.024818045751556,58.525786840875185,58.525786840875185,True,14,1,14,75,Medium,ROUTE_PROXY_UNVALIDATED|LOW_CURRENT_SAMPLE,HISTORICAL TEST ONLY,PASS
historical_test,2025,1,LAC,HOU,00-0036158,J.Dobbins,RB,12.737486804188425,4.441173140918387,56.56938427756402,40-60,1.024818045751556,57.97332584470196,57.97332584470196,True,15,1,15,75,Medium,ROUTE_PROXY_UNVALIDATED|LOW_CURRENT_SAMPLE,HISTORICAL TEST ONLY,PASS
historical_test,2025,1,TB,WAS,00-0039361,B.Irving,RB,11.251772518474136,4.971103261551546,55.93372306482283,40-60,1.024818045751556,57.32188876290047,57.32188876290047,True,16,1,16,75,Medium,ROUTE_PROXY_UNVALIDATED|LOW_CURRENT_SAMPLE,HISTORICAL TEST ONLY,PASS
historical_test,2025,1,SF,BUF,00-0033280,C.McCaffrey,RB,12.30974353296689,4.373610221619038,53.83802014129284,40-60,1.024818045751556,55.17417458833264,55.17417458833264,True,17,1,17,75,Medium,ROUTE_PROXY_UNVALIDATED|LOW_CURRENT_SAMPLE,HISTORICAL TEST ONLY,PASS
historical_test,2025,1,PIT,BAL,00-0036893,N.Harris,RB,13.112883629585248,4.062473353636263,53.27074033452324,40-60,1.024818045751556,54.5928160053647,54.5928160053647,True,18,1,18,75,Medium,ROUTE_PROXY_UNVALIDATED|LOW_CURRENT_SAMPLE,HISTORICAL TEST ONLY,PASS
historical_test,2025,1,CHI,GB,00-0036275,D.Swift,RB,12.977262714552568,4.045669349736073,52.50171400773807,40-60,1.024818045751556,53.80470394801723,53.80470394801723,True,19,1,19,75,Medium,ROUTE_PROXY_UNVALIDATED|LOW_CURRENT_SAMPLE,HISTORICAL TEST ONLY,PASS
historical_test,2025,1,DAL,WAS,00-0036139,R.Dowdle,RB,11.731886154837772,4.441187996153519,52.10351196310518,40-60,1.024818045751556,53.396619306822274,53.396619306822274,True,20,1,20,75,Medium,ROUTE_PROXY_UNVALIDATED|LOW_CURRENT_SAMPLE,HISTORICAL TEST ONLY,PASS
historical_test,2025,1,DET,WAS,00-0035685,D.Montgomery,RB,11.834064185140804,4.276445523456308,50.60773080884002,40-60,1.024818045751556,51.86371578743624,51.86371578743624,True,21,2,21,75,Medium,ROUTE_PROXY_UNVALIDATED|LOW_CURRENT_SAMPLE,HISTORICAL TEST ONLY,PASS
historical_test,2025,1,NYJ,MIA,00-0038120,B.Hall,RB,11.722416457868077,4.250593139972345,49.827222979712964,40-60,1.024818045751556,51.063837279296465,51.063837279296465,True,22,1,22,75,Medium,ROUTE_PROXY_UNVALIDATED|LOW_CURRENT_SAMPLE,HISTORICAL TEST ONLY,PASS
historical_test,2025,1,SEA,MIN,00-0038134,K.Walker,RB,12.449907716609337,3.983180975701722,49.59023556604038,40-60,1.024818045751556,50.82096830114881,50.82096830114881,True,23,1,23,75,Medium,ROUTE_PROXY_UNVALIDATED|LOW_CURRENT_SAMPLE,HISTORICAL TEST ONLY,PASS
historical_test,2025,1,CIN,DEN,00-0038597,C.Brown,RB,11.512189185140803,4.291632652557192,49.40608700936605,40-60,1.024818045751556,50.632249537169855,50.632249537169855,True,24,1,24,75,Medium,ROUTE_PROXY_UNVALIDATED|LOW_CURRENT_SAMPLE,HISTORICAL TEST ONLY,PASS
historical_test,2025,1,MIA,NYJ,00-0039040,D.Achane,RB,10.578682592848716,4.654054308349576,49.23376329791023,40-60,1.024818045751556,50.45564908795905,50.45564908795905,True,25,1,25,75,Medium,ROUTE_PROXY_UNVALIDATED|LOW_CURRENT_SAMPLE,HISTORICAL TEST ONLY,PASS
historical_test,2025,1,NE,LAC,00-0036875,R.Stevenson,RB,12.179550296251914,4.017649709586383,48.93316671062925,40-60,1.024818045751556,50.14759228082217,50.14759228082217,True,26,1,26,75,Medium,ROUTE_PROXY_UNVALIDATED|LOW_CURRENT_SAMPLE,HISTORICAL TEST ONLY,PASS
historical_test,2025,1,WAS,PHI,00-0037746,B.Robinson,RB,11.610075214552568,4.191972340755362,48.669114173493746,40-60,1.024818045751556,49.87698647573922,49.87698647573922,True,27,1,27,75,Medium,ROUTE_PROXY_UNVALIDATED|LOW_CURRENT_SAMPLE,HISTORICAL TEST ONLY,PASS
historical_test,2025,1,SF,BUF,00-0037525,J.Mason,RB,10.01665347085509,4.843467391789133,48.51533446093807,40-60,1.024818045751556,49.71939025124168,49.71939025124168,True,28,2,28,75,Medium,ROUTE_PROXY_UNVALIDATED|LOW_CURRENT_SAMPLE,HISTORICAL TEST ONLY,PASS
historical_test,2025,1,KC,PHI,00-0033923,K.Hunt,RB,11.941876685140803,3.838199732091103,45.83530789357242,40-60,1.024818045751556,46.972850661911764,46.972850661911764,True,29,1,29,75,Medium,ROUTE_PROXY_UNVALIDATED|LOW_CURRENT_SAMPLE,HISTORICAL TEST ONLY,PASS
historical_test,2025,1,NYG,PHI,00-0039384,T.Tracy,RB,10.38902742043492,4.332226773456308,45.00762274097988,40-60,1.024818045751556,46.1246239813343,46.1246239813343,True,30,1,30,75,Medium,ROUTE_PROXY_UNVALIDATED|LOW_CURRENT_SAMPLE,HISTORICAL TEST ONLY,PASS
historical_test,2025,1,CLE,KC,00-0034791,N.Chubb,RB,11.543439185140803,3.7592075898213153,43.394184197422085,40-60,1.024818045751556,44.47114304618516,44.47114304618516,True,31,1,31,75,Medium,ROUTE_PROXY_UNVALIDATED|LOW_CURRENT_SAMPLE,HISTORICAL TEST ONLY,PASS
historical_test,2025,1,LV,ATL,00-0037509,S.McCormick,RB,9.230939185140803,4.541862190122975,41.925653664315604,40-60,1.024818045751556,42.96616645512049,42.96616645512049,True,32,1,32,60,Medium,ROUTE_PROXY_UNVALIDATED|LOW_CURRENT_SAMPLE|LOW_PLAYER_SAMPLE,HISTORICAL TEST ONLY,PASS
historical_test,2025,1,BAL,BUF,00-0034796,L.Jackson,QB,7.29574437268656,5.66925018322134,41.36140012158934,40-60,1.024818045751556,42.38790924215537,42.38790924215537,True,33,2,1,60,Medium,ROUTE_PROXY_UNVALIDATED|LOW_CURRENT_SAMPLE|LOW_PLAYER_SAMPLE,HISTORICAL TEST ONLY,PASS
historical_test,2025,1,KC,PHI,00-0037197,I.Pacheco,RB,10.129153470855089,3.981543690995575,40.32966709700901,40-60,1.024818045751556,41.330570620167606,41.330570620167606,True,34,2,33,75,Medium,ROUTE_PROXY_UNVALIDATED|LOW_CURRENT_SAMPLE,HISTORICAL TEST ONLY,PASS
historical_test,2025,1,WAS,PHI,00-0039910,J.Daniels,QB,7.7382585974376275,5.189315230596885,40.15626319798037,40-60,1.024818045751556,41.152863175239375,41.152863175239375,True,35,2,2,60,Medium,ROUTE_PROXY_UNVALIDATED|LOW_CURRENT_SAMPLE|LOW_PLAYER_SAMPLE,HISTORICAL TEST ONLY,PASS
historical_test,2025,1,TB,WAS,00-0037256,R.White,RB,9.621117756569374,4.160317455733413,40.02690414632226,40-60,1.024818045751556,41.02029368471884,41.02029368471884,True,36,2,34,75,Medium,ROUTE_PROXY_UNVALIDATED|LOW_CURRENT_SAMPLE,HISTORICAL TEST ONLY,PASS
historical_test,2025,1,ARI,SF,00-0035860,T.Jones,RB,4.989867756569375,8.0,39.918942052555,25-40,0.9165747317233124,36.588693602499056,36.588693602499056,True,37,2,35,75,Medium,ROUTE_PROXY_UNVALIDATED|LOW_CURRENT_SAMPLE,HISTORICAL TEST ONLY,PASS
historical_test,2025,1,JAX,IND,00-0036973,T.Etienne,RB,10.176251685140803,3.918711110986284,39.87779054675416,25-40,0.9165747317233124,36.55097517210964,36.55097517210964,True,38,1,36,75,Medium,ROUTE_PROXY_UNVALIDATED|LOW_CURRENT_SAMPLE,HISTORICAL TEST ONLY,PASS
historical_test,2025,1,JAX,IND,00-0038555,T.Bigsby,RB,9.047749529968389,4.345488227693966,39.31688906960125,25-40,0.9165747317233124,36.036867051165004,36.036867051165004,True,39,2,37,75,Medium,ROUTE_PROXY_UNVALIDATED|LOW_CURRENT_SAMPLE,HISTORICAL TEST ONLY,PASS
historical_test,2025,1,CLE,MIA,00-0037267,J.Ford,RB,8.109287399426517,4.765096841906522,38.64153977711965,25-40,0.9165747317233124,35.41785895458914,35.41785895458914,True,40,2,38,75,Medium,ROUTE_PROXY_UNVALIDATED|LOW_CURRENT_SAMPLE,HISTORICAL TEST ONLY,PASS
historical_test,2025,1,ATL,CAR,00-0037263,T.Allgeier,RB,8.322850949846686,4.399243944207628,36.614251639655734,25-40,0.9165747317233124,33.55969787386731,33.55969787386731,True,41,2,39,75,Medium,ROUTE_PROXY_UNVALIDATED|LOW_CURRENT_SAMPLE,HISTORICAL TEST ONLY,PASS
historical_test,2025,1,ARI,SF,00-0036924,M.Carter,RB,8.654550296251914,4.212081970342755,36.45367526426724,25-40,0.9165747317233124,33.4125176256745,33.4125176256745,True,42,3,40,75,Medium,ROUTE_PROXY_UNVALIDATED|LOW_CURRENT_SAMPLE,HISTORICAL TEST ONLY,PASS
historical_test,2025,1,CIN,PHI,00-0036251,Z.Moss,RB,9.463893730595348,3.8077523993983977,36.03616406032589,25-40,0.9165747317233124,33.02983740593047,33.02983740593047,True,43,2,41,75,Medium,ROUTE_PROXY_UNVALIDATED|LOW_CURRENT_SAMPLE,HISTORICAL TEST ONLY,PASS
historical_test,2025,1,GB,MIN,00-0036265,A.Dillon,RB,8.721984222089075,4.057802606443293,35.39209030975032,25-40,0.9165747317233124,32.43949568078665,32.43949568078665,True,44,2,42,75,Medium,ROUTE_PROXY_UNVALIDATED|LOW_CURRENT_SAMPLE,HISTORICAL TEST ONLY,PASS
historical_test,2025,1,PHI,KC,00-0036389,J.Hurts,QB,8.028674671406332,4.3846028973760935,35.20255022633826,25-40,0.9165747317233124,32.26576802968242,32.26576802968242,True,45,2,3,60,Medium,ROUTE_PROXY_UNVALIDATED|LOW_CURRENT_SAMPLE|LOW_PLAYER_SAMPLE,HISTORICAL TEST ONLY,PASS
historical_test,2025,1,LAC,HOU,00-0034184,G.Edwards,RB,8.991019830302093,3.910305241324647,35.15763196728412,25-40,0.9165747317233124,32.22459708844039,32.22459708844039,True,46,2,43,75,Medium,ROUTE_PROXY_UNVALIDATED|LOW_CURRENT_SAMPLE,HISTORICAL TEST ONLY,PASS
historical_test,2025,1,IND,TEN,00-0039164,A.Richardson,QB,6.634849506528536,5.296163348253238,35.13924677765251,25-40,0.9165747317233124,32.207745688186115,32.207745688186115,True,47,2,4,60,Medium,ROUTE_PROXY_UNVALIDATED|LOW_CURRENT_SAMPLE|LOW_PLAYER_SAMPLE,HISTORICAL TEST ONLY,PASS
historical_test,2025,1,KC,LAC,00-0036269,L.Perine,RB,8.505317555422408,4.071847550263517,34.63235645226002,25-40,0.9165747317233124,31.743142824176353,31.743142824176353,True,48,3,44,60,Medium,ROUTE_PROXY_UNVALIDATED|LOW_CURRENT_SAMPLE|LOW_PLAYER_SAMPLE,HISTORICAL TEST ONLY,PASS
historical_test,2025,1,PIT,BAL,00-0037228,J.Warren,RB,7.782409773376097,4.386764945866555,34.13960238821554,25-40,0.9165747317233124,31.291496900119217,31.291496900119217,True,49,2,45,75,Medium,ROUTE_PROXY_UNVALIDATED|LOW_CURRENT_SAMPLE,HISTORICAL TEST ONLY,PASS
historical_test,2025,1,LV,LAC,00-0034972,A.Mattison,RB,9.232724899426518,3.662025360286145,33.81047272624526,25-40,0.9165747317233124,30.989824968496617,30.989824968496617,True,50,2,46,75,Medium,ROUTE_PROXY_UNVALIDATED|LOW_CURRENT_SAMPLE,HISTORICAL TEST ONLY,PASS
historical_test,2025,1,DEN,BUF,00-0036997,J.Williams,RB,8.643112387755181,3.88312978512656,33.56232714908849,25-40,0.9165747317233124,30.762381002685824,30.762381002685824,True,51,1,47,75,Medium,ROUTE_PROXY_UNVALIDATED|LOW_CURRENT_SAMPLE,HISTORICAL TEST ONLY,PASS
historical_test,2025,1,NYG,PHI,00-0035250,D.Singletary,RB,8.265988204748647,4.052297608522995,33.49624423418223,25-40,0.9165747317233124,30.701811072684126,30.701811072684126,True,52,2,48,75,Medium,ROUTE_PROXY_UNVALIDATED|LOW_CURRENT_SAMPLE,HISTORICAL TEST ONLY,PASS
historical_test,2025,1,LA,SEA,00-0035664,D.Henderson,RB,8.630317555422408,3.8055432024374314,32.84304630791418,25-40,0.9165747317233124,30.103106358652763,30.103106358652763,True,53,2,49,75,Medium,ROUTE_PROXY_UNVALIDATED|LOW_CURRENT_SAMPLE,HISTORICAL TEST ONLY,PASS
historical_test,2025,1,WAS,PHI,00-0033699,A.Ekeler,RB,7.614990909278735,4.30910657643211,32.813807406643726,25-40,0.9165747317233124,30.076306720564915,30.076306720564915,True,54,3,50,75,Medium,ROUTE_PROXY_UNVALIDATED|LOW_CURRENT_SAMPLE,HISTORICAL TEST ONLY,PASS
historical_test,2025,1,SEA,LA,00-0039165,Z.Charbonnet,RB,7.729936511344011,4.238487704526267,32.763240860100254,25-40,0.9165747317233124,30.029958701732657,30.029958701732657,True,55,2,51,75,Medium,ROUTE_PROXY_UNVALIDATED|LOW_CURRENT_SAMPLE,HISTORICAL TEST ONLY,PASS
historical_test,2025,1,WAS,DAL,00-0035715,D.Gore,RB,6.005317555422408,5.363514216930184,32.209606085688506,25-40,0.9165747317233124,29.52251105690351,29.52251105690351,True,56,4,52,60,Medium,ROUTE_PROXY_UNVALIDATED|LOW_CURRENT_SAMPLE|LOW_PLAYER_SAMPLE|LOW_RUSH_SAMPLE,HISTORICAL TEST ONLY,PASS
historical_test,2025,1,LA,SF,00-0034838,R.Freeman,RB,7.505317555422408,4.232561835977803,31.766720651975106,25-40,0.9165747317233124,29.11657345931349,29.11657345931349,True,57,3,53,60,Medium,ROUTE_PROXY_UNVALIDATED|LOW_CURRENT_SAMPLE|LOW_PLAYER_SAMPLE,HISTORICAL TEST ONLY,PASS
historical_test,2025,1,LV,IND,00-0029239,B.Bolden,RB,5.955317555422409,5.134347550263517,30.576670101724368,25-40,0.9165747317233124,28.02580319548024,28.02580319548024,True,58,3,54,60,Medium,ROUTE_PROXY_UNVALIDATED|LOW_CURRENT_SAMPLE|LOW_PLAYER_SAMPLE|LOW_RUSH_SAMPLE,HISTORICAL TEST ONLY,PASS
historical_test,2025,1,MIA,NYJ,00-0031687,R.Mostert,RB,7.791118230233641,3.895296159737311,30.348712922288456,25-40,0.9165747317233124,27.816863404894367,27.816863404894367,True,59,2,55,75,Medium,ROUTE_PROXY_UNVALIDATED|LOW_CURRENT_SAMPLE,HISTORICAL TEST ONLY,PASS
historical_test,2025,1,SF,KC,00-0036567,E.Mitchell,RB,7.313009863114717,4.110427797177098,30.059599022377018,25-40,0.9165747317233124,27.55186890964556,27.55186890964556,True,60,3,56,60,Medium,ROUTE_PROXY_UNVALIDATED|LOW_CURRENT_SAMPLE|LOW_PLAYER_SAMPLE,HISTORICAL TEST ONLY,PASS
historical_test,2025,1,NE,BUF,00-0036328,A.Gibson,RB,6.849366101361836,4.370330658591443,29.933994664698577,25-40,0.9165747317233124,27.436743129203162,27.436743129203162,True,61,2,57,75,Medium,ROUTE_PROXY_UNVALIDATED|LOW_CURRENT_SAMPLE,HISTORICAL TEST ONLY,PASS
historical_test,2025,1,DEN,BUF,00-0038794,J.McLaughlin,RB,6.705203891023157,4.393369132986622,29.458435805202928,25-40,0.9165747317233124,27.000857895142293,27.000857895142293,True,62,2,58,75,Medium,ROUTE_PROXY_UNVALIDATED|LOW_CURRENT_SAMPLE,HISTORICAL TEST ONLY,PASS
historical_test,2025,1,BAL,PIT,00-0032144,M.Gordon,RB,7.380317555422408,3.975693704109672,29.341882039422956,25-40,0.9165747317233124,26.894027658541173,26.894027658541173,True,63,3,59,60,Medium,ROUTE_PROXY_UNVALIDATED|LOW_CURRENT_SAMPLE|LOW_PLAYER_SAMPLE,HISTORICAL TEST ONLY,PASS
historical_test,2025,1,BUF,MIA,00-0033856,L.Fournette,RB,7.255317555422408,4.030180883596851,29.24024211628803,25-40,0.9165747317233124,26.8008670732614,26.8008670732614,True,64,2,60,60,Medium,ROUTE_PROXY_UNVALIDATED|LOW_CURRENT_SAMPLE|LOW_PLAYER_SAMPLE|LOW_RUSH_SAMPLE,HISTORICAL TEST ONLY,PASS
historical_test,2025,1,MIN,LA,00-0036414,C.Akers,RB,6.884738204748647,4.22587771588162,29.094061759126138,25-40,0.9165747317233124,26.666881851612523,26.666881851612523,True,65,2,61,75,Medium,ROUTE_PROXY_UNVALIDATED|LOW_CURRENT_SAMPLE,HISTORICAL TEST ONLY,PASS
historical_test,2025,1,CLE,BAL,00-0033925,D.Foreman,RB,7.836860237772381,3.711404443644102,29.085757910686187,25-40,0.9165747317233124,26.659270753956402,26.659270753956402,True,66,3,62,75,Medium,ROUTE_PROXY_UNVALIDATED|LOW_CURRENT_SAMPLE,HISTORICAL TEST ONLY,PASS
historical_test,2025,1,HOU,KC,00-0037258,D.Pierce,RB,5.567248708950327,5.202955870087116,28.966149350468026,25-40,0.9165747317233124,26.54964056996263,26.54964056996263,True,67,2,63,75,Medium,ROUTE_PROXY_UNVALIDATED|LOW_CURRENT_SAMPLE,HISTORICAL TEST ONLY,PASS
historical_test,2025,1,ARI,SEA,00-0038705,E.Demercado,RB,3.695682774884393,6.754260564106715,24.961604423850126,15-25,1.058376776203558,26.41878241898297,26.41878241898297,True,68,4,64,75,Medium,ROUTE_PROXY_UNVALIDATED|LOW_CURRENT_SAMPLE,HISTORICAL TEST ONLY,PASS
historical_test,2025,1,NYG,CAR,00-0035710,D.Jones,QB,5.897633597437626,4.227609777473351,24.932893460482642,15-25,1.058376776203558,26.388395402132396,26.388395402132396,True,69,3,5,60,Medium,ROUTE_PROXY_UNVALIDATED|LOW_CURRENT_SAMPLE|LOW_PLAYER_SAMPLE,HISTORICAL TEST ONLY,PASS
historical_test,2025,1,BUF,KC,00-0030513,L.Murray,RB,6.917082261304762,4.146214638871112,28.679707730097498,25-40,0.9165747317233124,26.287095418617124,26.287095418617124,True,70,3,65,75,Medium,ROUTE_PROXY_UNVALIDATED|LOW_CURRENT_SAMPLE,HISTORICAL TEST ONLY,PASS
historical_test,2025,1,BUF,KC,00-0034857,J.Allen,QB,6.046811229016574,4.733220874446216,28.620893133017024,25-40,0.9165747317233124,26.233187445076673,26.233187445076673,True,71,4,6,60,Medium,ROUTE_PROXY_UNVALIDATED|LOW_CURRENT_SAMPLE|LOW_PLAYER_SAMPLE,HISTORICAL TEST ONLY,PASS
historical_test,2025,1,NE,NYJ,00-0037286,K.Harris,RB,6.755317555422408,4.212472550263517,28.456589770530144,25-40,0.9165747317233124,26.082591134684023,26.082591134684023,True,72,3,66,60,Medium,ROUTE_PROXY_UNVALIDATED|LOW_CURRENT_SAMPLE|LOW_PLAYER_SAMPLE|LOW_RUSH_SAMPLE,HISTORICAL TEST ONLY,PASS
historical_test,2025,1,GB,PHI,00-0038797,Em.Wilson,RB,6.182883629585248,4.6001312009863256,28.44207589652268,25-40,0.9165747317233124,26.069288084509367,26.069288084509367,True,73,3,67,75,Medium,ROUTE_PROXY_UNVALIDATED|LOW_CURRENT_SAMPLE,HISTORICAL TEST ONLY,PASS
historical_test,2025,1,LV,MIA,00-0038040,Z.White,RB,7.992843947045564,3.555885858762028,28.421640762590997,25-40,0.9165747317233124,26.0505577571082,26.0505577571082,True,74,4,68,75,Medium,ROUTE_PROXY_UNVALIDATED|LOW_CURRENT_SAMPLE,HISTORICAL TEST ONLY,PASS
historical_test,2025,1,BUF,NYG,00-0035657,D.Harris,RB,6.713650888755742,4.218586680698301,28.322118218163283,25-40,0.9165747317233124,25.959337907648948,25.959337907648948,True,75,5,69,60,Medium,ROUTE_PROXY_UNVALIDATED|LOW_CURRENT_SAMPLE|LOW_PLAYER_SAMPLE,HISTORICAL TEST ONLY,PASS
historical_test,2025,1,TEN,JAX,00-0039032,T.Spears,RB,7.004646081692528,4.016978649750304,28.13751375921601,25-40,0.9165747317233124,25.790134125214426,25.790134125214426,True,76,2,70,75,Medium,ROUTE_PROXY_UNVALIDATED|LOW_CURRENT_SAMPLE,HISTORICAL TEST ONLY,PASS
historical_test,2025,1,CHI,GB,00-0039918,C.Williams,QB,4.449288009202332,5.469127009588992,24.33372122456891,15-25,1.058376776203558,25.75424542269534,25.75424542269534,True,77,2,7,60,Medium,ROUTE_PROXY_UNVALIDATED|LOW_CURRENT_SAMPLE|LOW_PLAYER_SAMPLE,HISTORICAL TEST ONLY,PASS
historical_test,2025,1,LAC,TEN,00-0038862,E.Dotson,RB,6.755317555422408,3.5718475502635174,24.12896446158766,15-25,1.058376776203558,25.53753561998537,25.53753561998537,True,78,3,71,60,Medium,ROUTE_PROXY_UNVALIDATED|LOW_CURRENT_SAMPLE|LOW_PLAYER_SAMPLE|LOW_RUSH_SAMPLE,HISTORICAL TEST ONLY,PASS
historical_test,2025,1,ARI,BAL,00-0030874,D.Williams,RB,6.671984222089076,4.174120277536245,27.849664632823902,25-40,0.9165747317233124,25.52629888941479,25.52629888941479,True,79,5,72,60,Medium,ROUTE_PROXY_UNVALIDATED|LOW_CURRENT_SAMPLE|LOW_PLAYER_SAMPLE|LOW_RUSH_SAMPLE,HISTORICAL TEST ONLY,PASS
historical_test,2025,1,IND,JAX,00-0036860,J.Funk,RB,6.255317555422408,4.446847550263517,27.81644354745051,25-40,0.9165747317233124,25.495849282001117,25.495849282001117,True,80,3,73,60,Medium,ROUTE_PROXY_UNVALIDATED|LOW_CURRENT_SAMPLE|LOW_PLAYER_SAMPLE|LOW_RUSH_SAMPLE,HISTORICAL TEST ONLY,PASS
historical_test,2025,1,KC,SF,00-0031376,J.McKinnon,RB,6.159163709268563,3.911133264549232,24.089310065124714,15-25,1.058376776203558,25.49556632769462,25.49556632769462,True,81,4,74,75,Medium,ROUTE_PROXY_UNVALIDATED|LOW_CURRENT_SAMPLE,HISTORICAL TEST ONLY,PASS
historical_test,2025,1,CIN,HOU,00-0036857,C.Evans,RB,5.921984222089076,4.696847550263517,27.81465708621828,25-40,0.9165747317233124,25.49421185677645,25.49421185677645,True,82,3,75,60,Medium,ROUTE_PROXY_UNVALIDATED|LOW_CURRENT_SAMPLE|LOW_PLAYER_SAMPLE|LOW_RUSH_SAMPLE,HISTORICAL TEST ONLY,PASS
historical_test,2025,1,SF,ARI,00-0039363,I.Guerendo,RB,5.855939185140803,4.741862190122975,27.768056609678723,25-40,0.9165747317233124,25.451499037494028,25.451499037494028,True,83,4,76,75,Medium,ROUTE_PROXY_UNVALIDATED|LOW_CURRENT_SAMPLE,HISTORICAL TEST ONLY,PASS
historical_test,2025,1,TB,DET,00-0034681,C.Edmonds,RB,6.755317555422408,4.059347550263517,27.422181769856085,25-40,0.9165747317233124,25.13447889897375,25.13447889897375,True,84,3,77,75,Medium,ROUTE_PROXY_UNVALIDATED|LOW_CURRENT_SAMPLE,HISTORICAL TEST ONLY,PASS
historical_test,2025,1,NO,TB,00-0036360,C.Edwards-Helaire,RB,6.287486804188422,3.7636297842309943,23.663772604202894,15-25,1.058376776203558,25.045187361650335,25.045187361650335,True,85,2,78,75,Medium,ROUTE_PROXY_UNVALIDATED|LOW_CURRENT_SAMPLE,HISTORICAL TEST ONLY,PASS
historical_test,2025,1,CAR,ATL,00-0035243,M.Sanders,RB,6.122142888844508,3.848260411466848,23.559600112483604,15-25,1.058376776203558,24.934933615695382,24.934933615695382,True,86,2,79,75,Medium,ROUTE_PROXY_UNVALIDATED|LOW_CURRENT_SAMPLE,HISTORICAL TEST ONLY,PASS
historical_test,2025,1,LA,SF,00-0039136,Z.Evans,RB,6.317817555422408,3.724625328041295,23.53150328487024,15-25,1.058376776203558,24.905196585864402,24.905196585864402,True,87,4,80,60,Medium,ROUTE_PROXY_UNVALIDATED|LOW_CURRENT_SAMPLE|LOW_PLAYER_SAMPLE|LOW_RUSH_SAMPLE,HISTORICAL TEST ONLY,PASS
historical_test,2025,1,DET,TB,00-0035184,D.Ozigbo,RB,6.505317555422408,3.613514216930184,23.507057472164384,15-25,1.058376776203558,24.8793237054211,24.8793237054211,True,88,3,81,60,Medium,ROUTE_PROXY_UNVALIDATED|LOW_CURRENT_SAMPLE|LOW_PLAYER_SAMPLE|LOW_RUSH_SAMPLE,HISTORICAL TEST ONLY,PASS
historical_test,2025,1,WAS,DAL,00-0038611,C.Rodriguez,RB,5.762189185140803,4.689935279823971,27.024294348411996,25-40,0.9165747317233124,24.769785342407552,24.769785342407552,True,89,5,82,60,Medium,ROUTE_PROXY_UNVALIDATED|LOW_CURRENT_SAMPLE|LOW_PLAYER_SAMPLE,HISTORICAL TEST ONLY,PASS
historical_test,2025,1,ARI,SF,00-0035228,K.Murray,QB,4.38987624449645,6.150517416389236,27.000010297568785,25-40,0.9165747317233124,24.74752719502078,24.74752719502078,True,90,6,8,60,Medium,ROUTE_PROXY_UNVALIDATED|LOW_CURRENT_SAMPLE|LOW_PLAYER_SAMPLE,HISTORICAL TEST ONLY,PASS
historical_test,2025,1,DEN,BUF,00-0037085,T.Badie,RB,4.355939185140803,6.191862190122975,26.97137514294842,25-40,0.9165747317233124,24.721280935856765,24.721280935856765,True,91,3,83,60,Medium,ROUTE_PROXY_UNVALIDATED|LOW_CURRENT_SAMPLE|LOW_PLAYER_SAMPLE|LOW_RUSH_SAMPLE,HISTORICAL TEST ONLY,PASS
historical_test,2025,1,DEN,BUF,00-0039732,B.Nix,QB,4.875758597437627,4.747657102181584,23.14842993364767,15-25,1.058376776203558,24.499760647347966,24.499760647347966,True,92,4,9,60,Medium,ROUTE_PROXY_UNVALIDATED|LOW_CURRENT_SAMPLE|LOW_PLAYER_SAMPLE,HISTORICAL TEST ONLY,PASS
historical_test,2025,1,NYJ,NE,00-0038389,I.Abanikanda,RB,6.671984222089076,3.9923020957180633,26.636576592444072,25-40,0.9165747317233124,24.41441304424689,24.41441304424689,True,93,2,84,75,Medium,ROUTE_PROXY_UNVALIDATED|LOW_CURRENT_SAMPLE,HISTORICAL TEST ONLY,PASS
historical_test,2025,1,NYJ,MIA,00-0039794,B.Allen,RB,5.977262714552568,3.851644798818626,23.0222928456789,15-25,1.058376776203558,24.366260082823874,24.366260082823874,True,94,3,85,75,Medium,ROUTE_PROXY_UNVALIDATED|LOW_CURRENT_SAMPLE,HISTORICAL TEST ONLY,PASS
historical_test,2025,1,NO,LV,00-0038551,K.Miller,RB,6.706900723602342,3.959810908071693,26.55805864467448,25-40,0.9165747317233124,24.34244547733451,24.34244547733451,True,95,3,86,75,Medium,ROUTE_PROXY_UNVALIDATED|LOW_CURRENT_SAMPLE,HISTORICAL TEST ONLY,PASS
historical_test,2025,1,NE,BUF,00-0039851,D.Maye,QB,3.991143212822242,6.612645528107511,26.392015318305646,25-40,0.9165747317233124,24.190254360013547,24.190254360013547,True,96,4,10,60,Medium,ROUTE_PROXY_UNVALIDATED|LOW_CURRENT_SAMPLE|LOW_PLAYER_SAMPLE,HISTORICAL TEST ONLY,PASS
historical_test,2025,1,PIT,BAL,00-0036945,J.Fields,QB,5.631440415619445,4.681074440891262,26.36119179495825,25-40,0.9165747317233124,24.16200229737064,24.16200229737064,True,97,3,11,60,Medium,ROUTE_PROXY_UNVALIDATED|LOW_CURRENT_SAMPLE|LOW_PLAYER_SAMPLE,HISTORICAL TEST ONLY,PASS
historical_test,2025,1,PHI,NYG,00-0034750,R.Penny,RB,6.671984222089076,3.946847550263517,26.333304582349108,25-40,0.9165747317233124,24.136441582954905,24.136441582954905,True,98,3,87,60,Medium,ROUTE_PROXY_UNVALIDATED|LOW_CURRENT_SAMPLE|LOW_PLAYER_SAMPLE|LOW_RUSH_SAMPLE,HISTORICAL TEST ONLY,PASS
historical_test,2025,1,ARI,NE,00-0039921,T.Benson,RB,5.855939185140803,4.494243142503927,26.318014525739088,25-40,0.9165747317233124,24.122427103419543,24.122427103419543,True,99,7,88,60,Medium,ROUTE_PROXY_UNVALIDATED|LOW_CURRENT_SAMPLE|LOW_PLAYER_SAMPLE,HISTORICAL TEST ONLY,PASS
historical_test,2025,1,DAL,PHI,00-0033045,E.Elliott,RB,6.40073085180747,3.554569083062426,22.75183999483866,15-25,1.058376776203558,24.08001906643652,24.08001906643652,True,100,2,89,75,Medium,ROUTE_PROXY_UNVALIDATED|LOW_CURRENT_SAMPLE,HISTORICAL TEST ONLY,PASS
historical_test,2025,1,DET,CAR,00-0037157,Z.Knight,RB,6.130317555422408,4.28018088359685,26.23886801109716,25-40,0.9165747317233124,24.049883407994784,24.049883407994784,True,101,4,90,60,Medium,ROUTE_PROXY_UNVALIDATED|LOW_CURRENT_SAMPLE|LOW_PLAYER_SAMPLE|LOW_RUSH_SAMPLE,HISTORICAL TEST ONLY,PASS
historical_test,2025,1,PHI,TB,00-0034414,B.Scott,RB,6.139932940037793,4.271847550263518,26.228857488682724,25-40,0.9165747317233124,24.04070801609836,24.04070801609836,True,102,4,91,60,Medium,ROUTE_PROXY_UNVALIDATED|LOW_CURRENT_SAMPLE|LOW_PLAYER_SAMPLE,HISTORICAL TEST ONLY,PASS
historical_test,2025,1,BUF,KC,00-0039875,R.Davis,RB,6.418439185140803,4.081028856789642,26.193835530109013,25-40,0.9165747317233124,24.008607773814237,24.008607773814237,True,103,6,92,75,Medium,ROUTE_PROXY_UNVALIDATED|LOW_CURRENT_SAMPLE,HISTORICAL TEST ONLY,PASS
historical_test,2025,1,CLE,BAL,00-0039617,J.Kibodi,RB,5.668439185140803,4.611862190122975,26.142060354962354,25-40,0.9165747317233124,23.96115195654426,23.96115195654426,True,104,4,93,60,Medium,ROUTE_PROXY_UNVALIDATED|LOW_CURRENT_SAMPLE|LOW_PLAYER_SAMPLE|LOW_RUSH_SAMPLE,HISTORICAL TEST ONLY,PASS
historical_test,2025,1,NYG,LV,00-0036493,D.Jackson,RB,7.505317555422408,3.482561835977803,26.1377324854083,25-40,0.9165747317233124,23.95718514066882,23.95718514066882,True,105,4,94,60,Medium,ROUTE_PROXY_UNVALIDATED|LOW_CURRENT_SAMPLE|LOW_PLAYER_SAMPLE|LOW_RUSH_SAMPLE,HISTORICAL TEST ONLY,PASS
historical_test,2025,1,MIA,NYJ,00-0039874,J.Wright,RB,5.841516108217727,3.872009248946505,22.61840439888903,15-25,1.058376776203558,23.93879393056455,23.93879393056455,True,106,3,95,60,Medium,ROUTE_PROXY_UNVALIDATED|LOW_CURRENT_SAMPLE|LOW_PLAYER_SAMPLE,HISTORICAL TEST ONLY,PASS
historical_test,2025,1,DEN,KC,00-0039373,A.Estime,RB,6.303054569756187,4.143177979596659,26.11467689760992,25-40,0.9165747317233124,23.9360529714678,23.9360529714678,True,107,5,96,60,Medium,ROUTE_PROXY_UNVALIDATED|LOW_CURRENT_SAMPLE|LOW_PLAYER_SAMPLE,HISTORICAL TEST ONLY,PASS
historical_test,2025,1,LAC,DEN,00-0038045,I.Spiller,RB,6.783095333200187,3.845496198912167,26.084367320680176,25-40,0.9165747317233124,23.90827197912477,23.90827197912477,True,108,4,97,60,Medium,ROUTE_PROXY_UNVALIDATED|LOW_CURRENT_SAMPLE|LOW_PLAYER_SAMPLE,HISTORICAL TEST ONLY,PASS
historical_test,2025,1,NYG,PHI,00-0033308,M.Breida,RB,6.671984222089076,3.883211186627154,25.90872376821617,25-40,0.9165747317233124,23.747281537146144,23.747281537146144,True,109,5,98,75,Medium,ROUTE_PROXY_UNVALIDATED|LOW_CURRENT_SAMPLE,HISTORICAL TEST ONLY,PASS
historical_test,2025,1,GB,KC,00-0035831,J.Robinson,RB,6.005317555422408,3.696847550263517,22.200743493317823,15-25,1.058376776203558,23.496751327779837,23.496751327779837,True,110,4,99,60,Medium,ROUTE_PROXY_UNVALIDATED|LOW_CURRENT_SAMPLE|LOW_PLAYER_SAMPLE|LOW_RUSH_SAMPLE,HISTORICAL TEST ONLY,PASS
historical_test,2025,1,BAL,BUF,00-0034975,J.Hill,RB,4.789447588502148,4.630919859880996,22.179547955453742,15-25,1.058376776203558,23.474318462745348,23.474318462745348,True,111,4,100,75,Medium,ROUTE_PROXY_UNVALIDATED|LOW_CURRENT_SAMPLE,HISTORICAL TEST ONLY,PASS
historical_test,2025,1,MIA,LV,00-0036020,S.Ahmed,RB,6.541031841136695,3.890029368445336,25.44480596195781,25-40,0.9165747317233124,23.32206619833322,23.32206619833322,True,112,4,101,75,Medium,ROUTE_PROXY_UNVALIDATED|LOW_CURRENT_SAMPLE,HISTORICAL TEST ONLY,PASS
historical_test,2025,1,LV,NO,00-0032104,A.Abdullah,RB,4.7716649915924165,4.611278576206027,22.003476548562425,15-25,1.058376776203558,23.28796857473809,23.28796857473809,True,113,5,102,75,Medium,ROUTE_PROXY_UNVALIDATED|LOW_CURRENT_SAMPLE,HISTORICAL TEST ONLY,PASS
historical_test,2025,1,TB,NO,00-0038951,S.Tucker,RB,4.201527420434921,5.228939113199898,21.96953106389403,15-25,1.058376776203558,23.25204146210809,23.25204146210809,True,114,4,103,75,Medium,ROUTE_PROXY_UNVALIDATED|LOW_CURRENT_SAMPLE,HISTORICAL TEST ONLY,PASS
historical_test,2025,1,SF,ARI,00-0035973,P.Taylor,RB,5.629153470855089,4.483650131910917,25.239154702146212,25-40,0.9165747317233124,23.133571450042844,23.133571450042844,True,115,5,104,75,Medium,ROUTE_PROXY_UNVALIDATED|LOW_CURRENT_SAMPLE,HISTORICAL TEST ONLY,PASS
historical_test,2025,1,CIN,PIT,00-0036906,K.Herbert,RB,5.380889778026178,4.03898520599599,21.733334208542782,15-25,1.058376776203558,23.00205619579202,23.00205619579202,True,116,4,105,75,Medium,ROUTE_PROXY_UNVALIDATED|LOW_CURRENT_SAMPLE,HISTORICAL TEST ONLY,PASS
historical_test,2025,1,NE,BUF,00-0039398,J.Milton,QB,8.375758597437626,2.585052935514918,21.65177934947045,15-25,1.058376776203558,22.915740426963303,22.915740426963303,True,117,5,12,60,Medium,ROUTE_PROXY_UNVALIDATED|LOW_CURRENT_SAMPLE|LOW_PLAYER_SAMPLE|LOW_RUSH_SAMPLE,HISTORICAL TEST ONLY,PASS
historical_test,2025,1,NYJ,CLE,00-0034433,N.Bawden,RB,5.838650888755742,3.696847550263517,21.584602234940572,15-25,1.058376776203558,22.84464172905252,22.84464172905252,True,118,4,106,60,Medium,ROUTE_PROXY_UNVALIDATED|LOW_CURRENT_SAMPLE|LOW_PLAYER_SAMPLE|LOW_RUSH_SAMPLE,HISTORICAL TEST ONLY,PASS
historical_test,2025,1,MIA,NYJ,00-0035993,T.Huntley,QB,4.500758597437627,4.780512597803849,21.515933174724555,15-25,1.058376776203558,22.771963990476163,22.771963990476163,True,119,5,13,60,Medium,ROUTE_PROXY_UNVALIDATED|LOW_CURRENT_SAMPLE|LOW_PLAYER_SAMPLE,HISTORICAL TEST ONLY,PASS
historical_test,2025,1,NE,BUF,00-0039757,T.Jennings,RB,6.793439185140803,3.141862190122975,21.34404971669372,15-25,1.058376776203558,22.590046530282766,22.590046530282766,True,120,6,107,60,Medium,ROUTE_PROXY_UNVALIDATED|LOW_CURRENT_SAMPLE|LOW_PLAYER_SAMPLE|LOW_RUSH_SAMPLE,HISTORICAL TEST ONLY,PASS
historical_test,2025,1,LAC,NE,00-0039391,K.Vidal,RB,5.501772518474136,3.834885445936928,21.098667357952223,15-25,1.058376776203558,22.330339540500717,22.330339540500717,True,121,5,108,60,Medium,ROUTE_PROXY_UNVALIDATED|LOW_CURRENT_SAMPLE|LOW_PLAYER_SAMPLE,HISTORICAL TEST ONLY,PASS
historical_test,2025,1,ATL,DEN,00-0039393,J.McClellan,RB,6.793439185140803,3.091862190122975,21.004377757436682,15-25,1.058376776203558,22.230545617077556,22.230545617077556,True,122,3,109,60,Medium,ROUTE_PROXY_UNVALIDATED|LOW_CURRENT_SAMPLE|LOW_PLAYER_SAMPLE|LOW_RUSH_SAMPLE,HISTORICAL TEST ONLY,PASS
historical_test,2025,1,GB,PHI,00-0038685,C.Brooks,RB,4.277814185140803,4.838831887092671,20.69962368611667,15-25,1.058376776203558,21.908000985538973,21.908000985538973,True,123,5,110,75,Medium,ROUTE_PROXY_UNVALIDATED|LOW_CURRENT_SAMPLE,HISTORICAL TEST ONLY,PASS
historical_test,2025,1,IND,JAX,00-0038397,E.Hull,RB,6.005317555422408,3.4468475502635174,20.699414104462225,15-25,1.058376776203558,21.90777916918319,21.90777916918319,True,124,4,111,60,Medium,ROUTE_PROXY_UNVALIDATED|LOW_CURRENT_SAMPLE|LOW_PLAYER_SAMPLE|LOW_RUSH_SAMPLE,HISTORICAL TEST ONLY,PASS
historical_test,2025,1,PHI,KC,00-0036919,K.Gainwell,RB,5.171572017221004,3.993850826486611,20.654487175213134,15-25,1.058376776203558,21.86022955063981,21.86022955063981,True,125,5,112,75,Medium,ROUTE_PROXY_UNVALIDATED|LOW_CURRENT_SAMPLE,HISTORICAL TEST ONLY,PASS
historical_test,2025,1,SEA,LA,00-0038636,K.McIntosh,RB,4.032075548777167,5.098313803026201,20.556786425175073,15-25,1.058376776203558,21.75682534578186,21.75682534578186,True,126,3,113,60,Medium,ROUTE_PROXY_UNVALIDATED|LOW_CURRENT_SAMPLE|LOW_PLAYER_SAMPLE,HISTORICAL TEST ONLY,PASS
historical_test,2025,1,BUF,KC,00-0035537,Ty.Johnson,RB,4.298277894818222,4.696014680070392,20.18477609308843,15-25,1.058376776203558,21.363098249793584,21.363098249793584,True,127,7,114,75,Medium,ROUTE_PROXY_UNVALIDATED|LOW_CURRENT_SAMPLE,HISTORICAL TEST ONLY,PASS
historical_test,2025,1,NYG,PHI,00-0037410,J.Corbin,RB,5.838650888755742,3.4468475502635174,20.124939512751638,15-25,1.058376776203558,21.299768602797684,21.299768602797684,True,128,6,115,60,Medium,ROUTE_PROXY_UNVALIDATED|LOW_CURRENT_SAMPLE|LOW_PLAYER_SAMPLE|LOW_RUSH_SAMPLE,HISTORICAL TEST ONLY,PASS
historical_test,2025,1,GB,IND,00-0039811,M.Lloyd,RB,6.418439185140803,3.1168621901229745,20.005390415769085,15-25,1.058376776203558,21.173240614935242,21.173240614935242,True,129,6,116,60,Medium,ROUTE_PROXY_UNVALIDATED|LOW_CURRENT_SAMPLE|LOW_PLAYER_SAMPLE|LOW_RUSH_SAMPLE,HISTORICAL TEST ONLY,PASS
historical_test,2025,1,CLE,CIN,00-0033537,D.Watson,QB,4.186198157877187,4.7266601794311605,19.786736136046176,15-25,1.058376776203558,20.941822003259,20.941822003259,True,130,5,14,60,Medium,ROUTE_PROXY_UNVALIDATED|LOW_CURRENT_SAMPLE|LOW_PLAYER_SAMPLE,HISTORICAL TEST ONLY,PASS
historical_test,2025,1,KC,PHI,00-0033873,P.Mahomes,QB,4.122047396358004,4.7807832725935695,19.706615241346224,15-25,1.058376776203558,20.85702390901992,20.85702390901992,True,131,5,15,60,Medium,ROUTE_PROXY_UNVALIDATED|LOW_CURRENT_SAMPLE|LOW_PLAYER_SAMPLE,HISTORICAL TEST ONLY,PASS
historical_test,2025,1,CLE,CIN,00-0032436,J.Driskel,QB,4.377275792312879,4.489399147531968,19.651338210521757,15-25,1.058376776203558,20.798519983337815,20.798519983337815,True,132,6,16,60,Medium,ROUTE_PROXY_UNVALIDATED|LOW_CURRENT_SAMPLE|LOW_PLAYER_SAMPLE|LOW_RUSH_SAMPLE,HISTORICAL TEST ONLY,PASS
historical_test,2025,1,GB,CHI,00-0038128,M.Willis,QB,3.3236752641042933,5.895052935514919,19.593241622356338,15-25,1.058376776203558,20.737031903646873,20.737031903646873,True,133,7,17,60,Medium,ROUTE_PROXY_UNVALIDATED|LOW_CURRENT_SAMPLE|LOW_PLAYER_SAMPLE,HISTORICAL TEST ONLY,PASS
historical_test,2025,1,DET,WAS,00-0035567,C.Reynolds,RB,4.434139668232591,4.377876330644407,19.412115100326904,15-25,1.058376776203558,20.5453317991764,20.5453317991764,True,134,5,117,75,Medium,ROUTE_PROXY_UNVALIDATED|LOW_CURRENT_SAMPLE,HISTORICAL TEST ONLY,PASS
historical_test,2025,1,LA,MIN,00-0037557,R.Rivers,RB,4.586506412031559,4.224695523456308,19.37659310721338,15-25,1.058376776203558,20.507736146620584,20.507736146620584,True,135,5,118,75,Medium,ROUTE_PROXY_UNVALIDATED|LOW_CURRENT_SAMPLE,HISTORICAL TEST ONLY,PASS
historical_test,2025,1,MIN,LA,00-0037276,T.Chandler,RB,5.059299400194567,3.809267253414114,19.27222353037883,15-25,1.058376776203558,20.3972738103567,20.3972738103567,True,136,3,119,75,Medium,ROUTE_PROXY_UNVALIDATED|LOW_CURRENT_SAMPLE,HISTORICAL TEST ONLY,PASS
historical_test,2025,1,HOU,NYJ,00-0036096,J.Taylor,RB,4.418439185140803,4.351862190122975,19.22843842917203,15-25,1.058376776203558,20.350932676095702,20.350932676095702,True,137,3,120,60,Medium,ROUTE_PROXY_UNVALIDATED|LOW_CURRENT_SAMPLE|LOW_PLAYER_SAMPLE|LOW_RUSH_SAMPLE,HISTORICAL TEST ONLY,PASS
historical_test,2025,1,NYJ,MIA,00-0039798,I.Davis,RB,3.649208415910033,5.261862190122974,19.201631787555556,15-25,1.058376776203558,20.322561149160812,20.322561149160812,True,138,5,121,75,Medium,ROUTE_PROXY_UNVALIDATED|LOW_CURRENT_SAMPLE,HISTORICAL TEST ONLY,PASS
historical_test,2025,1,GB,TB,00-0033118,K.Drake,RB,6.005317555422408,3.1968475502635174,19.198084715606623,15-25,1.058376776203558,20.31880701058654,20.31880701058654,True,139,8,122,60,Medium,ROUTE_PROXY_UNVALIDATED|LOW_CURRENT_SAMPLE|LOW_PLAYER_SAMPLE|LOW_RUSH_SAMPLE,HISTORICAL TEST ONLY,PASS
historical_test,2025,1,WAS,PHI,00-0033955,J.McNichols,RB,4.335105851807469,4.416862190122974,19.14756512702926,15-25,1.058376776203558,20.2653382512929,20.2653382512929,True,140,6,123,75,Medium,ROUTE_PROXY_UNVALIDATED|LOW_CURRENT_SAMPLE,HISTORICAL TEST ONLY,PASS
historical_test,2025,1,NO,TB,00-0039376,S.Rattler,QB,2.804330026009055,6.81727515773714,19.11788942040788,15-25,1.058376776203558,20.233930172587403,20.233930172587403,True,141,4,18,60,Medium,ROUTE_PROXY_UNVALIDATED|LOW_CURRENT_SAMPLE|LOW_PLAYER_SAMPLE|LOW_RUSH_SAMPLE,HISTORICAL TEST ONLY,PASS
historical_test,2025,1,BAL,BUF,00-0038454,K.Mitchell,RB,4.710105851807469,4.009604125606845,18.885659855452175,15-25,1.058376776203558,19.988143794290426,19.988143794290426,True,142,5,124,75,Medium,ROUTE_PROXY_UNVALIDATED|LOW_CURRENT_SAMPLE,HISTORICAL TEST ONLY,PASS
historical_test,2025,1,KC,DEN,00-0039325,C.Steele,RB,5.149208415910033,3.615969332980118,18.619379721053814,15-25,1.058376776203558,19.706319084078842,19.706319084078842,True,143,6,125,75,Medium,ROUTE_PROXY_UNVALIDATED|LOW_CURRENT_SAMPLE,HISTORICAL TEST ONLY,PASS
historical_test,2025,1,LAC,KC,00-0035282,E.Stick,QB,3.97727579231288,4.644161052293873,18.47110932889073,15-25,1.058376776203558,19.54939314441484,19.54939314441484,True,144,6,19,60,Medium,ROUTE_PROXY_UNVALIDATED|LOW_CURRENT_SAMPLE|LOW_PLAYER_SAMPLE,HISTORICAL TEST ONLY,PASS
historical_test,2025,1,CHI,GB,00-0039021,R.Johnson,RB,5.248109514811132,3.505565398679124,18.39759112360059,15-25,1.058376776203558,19.47158318330759,19.47158318330759,True,145,3,126,75,Medium,ROUTE_PROXY_UNVALIDATED|LOW_CURRENT_SAMPLE,HISTORICAL TEST ONLY,PASS
historical_test,2025,1,TB,WAS,00-0034855,B.Mayfield,QB,3.635518357197386,5.057503838892766,18.3866480478909,15-25,1.058376776203558,19.460001286116217,19.460001286116217,True,146,5,20,60,Medium,ROUTE_PROXY_UNVALIDATED|LOW_CURRENT_SAMPLE|LOW_PLAYER_SAMPLE,HISTORICAL TEST ONLY,PASS
historical_test,2025,1,LA,SEA,00-0039738,B.Corum,RB,4.818439185140803,3.811689776329872,18.366395379868436,15-25,1.058376776203558,19.43856633262508,19.43856633262508,True,147,6,127,60,Medium,ROUTE_PROXY_UNVALIDATED|LOW_CURRENT_SAMPLE|LOW_PLAYER_SAMPLE,HISTORICAL TEST ONLY,PASS
historical_test,2025,1,SF,DET,00-0037834,B.Purdy,QB,3.9507585974376265,4.639183314939415,18.32829336658608,15-25,1.058376776203558,19.398240046640435,19.398240046640435,True,148,6,21,60,Medium,ROUTE_PROXY_UNVALIDATED|LOW_CURRENT_SAMPLE|LOW_PLAYER_SAMPLE,HISTORICAL TEST ONLY,PASS
historical_test,2025,1,NO,TB,00-0033948,Ja.Williams,RB,5.0586508253524425,3.621515869776655,18.319984243672646,15-25,1.058376776203558,19.389445863918233,19.389445863918233,True,149,5,128,75,Medium,ROUTE_PROXY_UNVALIDATED|LOW_CURRENT_SAMPLE,HISTORICAL TEST ONLY,PASS
historical_test,2025,1,WAS,DET,00-0032268,M.Mariota,QB,3.8757585974376254,4.699695792657776,18.21488637373481,15-25,1.058376776203558,19.278212719147568,19.278212719147568,True,150,7,22,60,Medium,ROUTE_PROXY_UNVALIDATED|LOW_CURRENT_SAMPLE|LOW_PLAYER_SAMPLE,HISTORICAL TEST ONLY,PASS
historical_test,2025,1,SF,ARI,00-0033949,J.Dobbs,QB,4.55909193077096,3.905324253344376,17.804732290466468,15-25,1.058376776203558,18.844115162751294,18.844115162751294,True,151,7,23,60,Medium,ROUTE_PROXY_UNVALIDATED|LOW_CURRENT_SAMPLE|LOW_PLAYER_SAMPLE,HISTORICAL TEST ONLY,PASS
historical_test,2025,1,DAL,WAS,00-0038622,D.Vaughn,RB,4.527530094231712,3.826421013652386,17.32423629251179,15-25,1.058376776203558,18.33556935745731,18.33556935745731,True,152,3,129,75,Medium,ROUTE_PROXY_UNVALIDATED|LOW_CURRENT_SAMPLE,HISTORICAL TEST ONLY,PASS
historical_test,2025,1,KC,LAC,00-0027948,B.Gabbert,QB,3.502275792312879,4.9179705761033965,17.22408929599395,15-25,1.058376776203558,18.22957610213629,18.22957610213629,True,153,7,24,60,Medium,ROUTE_PROXY_UNVALIDATED|LOW_CURRENT_SAMPLE|LOW_PLAYER_SAMPLE|LOW_RUSH_SAMPLE,HISTORICAL TEST ONLY,PASS
historical_test,2025,1,NYG,BAL,00-0038476,T.DeVito,QB,3.8757585974376254,4.434825662787645,17.188313690686233,15-25,1.058376776203558,18.191712032323977,18.191712032323977,True,154,7,25,60,Medium,ROUTE_PROXY_UNVALIDATED|LOW_CURRENT_SAMPLE|LOW_PLAYER_SAMPLE,HISTORICAL TEST ONLY,PASS
historical_test,2025,1,CLE,BAL,00-0038583,D.Thompson-Robinson,QB,3.2988355205145496,5.204576745038728,17.169042635777753,15-25,1.058376776203558,18.171315995355897,18.171315995355897,True,155,7,26,60,Medium,ROUTE_PROXY_UNVALIDATED|LOW_CURRENT_SAMPLE|LOW_PLAYER_SAMPLE,HISTORICAL TEST ONLY,PASS
historical_test,2025,1,IND,JAX,00-0037120,T.Goodson,RB,3.6237963279979457,4.737695523456308,17.168443641073274,15-25,1.058376776203558,18.170682033271607,18.170682033271607,True,156,5,130,75,Medium,ROUTE_PROXY_UNVALIDATED|LOW_CURRENT_SAMPLE,HISTORICAL TEST ONLY,PASS
historical_test,2025,1,DAL,ATL,00-0033893,D.Cook,RB,5.139027420434921,3.2659585756651435,16.78385067434775,15-25,1.058376776203558,17.763637768998088,17.763637768998088,True,157,4,131,75,Medium,ROUTE_PROXY_UNVALIDATED|LOW_CURRENT_SAMPLE,HISTORICAL TEST ONLY,PASS
historical_test,2025,1,IND,JAX,00-0036984,T.Sermon,RB,4.774236286590078,3.5039501022108865,16.728685724376227,15-25,1.058376776203558,17.705252467087796,17.705252467087796,True,158,6,132,75,Medium,ROUTE_PROXY_UNVALIDATED|LOW_CURRENT_SAMPLE,HISTORICAL TEST ONLY,PASS
historical_test,2025,1,CAR,ATL,00-0039150,B.Young,QB,3.094806216485245,5.391819810160409,16.686637466652726,15-25,1.058376776203558,17.66074956763342,17.66074956763342,True,159,3,27,60,Medium,ROUTE_PROXY_UNVALIDATED|LOW_CURRENT_SAMPLE|LOW_PLAYER_SAMPLE,HISTORICAL TEST ONLY,PASS
historical_test,2025,1,LAC,HOU,00-0036355,J.Herbert,QB,3.768231715717196,4.422271764117146,16.66414471706686,15-25,1.058376776203558,17.63694376383878,17.63694376383878,True,160,7,28,60,Medium,ROUTE_PROXY_UNVALIDATED|LOW_CURRENT_SAMPLE|LOW_PLAYER_SAMPLE,HISTORICAL TEST ONLY,PASS
historical_test,2025,1,NYG,PHI,00-0035704,D.Lock,QB,2.684200155879185,6.098434578026995,16.36941904495907,15-25,1.058376776203558,17.32501295712891,17.32501295712891,True,161,8,29,60,Medium,ROUTE_PROXY_UNVALIDATED|LOW_CURRENT_SAMPLE|LOW_PLAYER_SAMPLE,HISTORICAL TEST ONLY,PASS
historical_test,2025,1,WAS,LA,00-0032975,J.Williams,RB,6.005317555422408,2.6968475502635174,16.19542593789542,15-25,1.058376776203558,17.140862693393238,17.140862693393238,True,162,8,133,60,Medium,ROUTE_PROXY_UNVALIDATED|LOW_CURRENT_SAMPLE|LOW_PLAYER_SAMPLE|LOW_RUSH_SAMPLE,HISTORICAL TEST ONLY,PASS
historical_test,2025,1,JAX,IND,00-0035628,D.Johnson,RB,3.9035582327598495,4.138951231218865,16.156637153615915,15-25,1.058376776203558,17.099809544934644,17.099809544934644,True,163,3,134,75,Medium,ROUTE_PROXY_UNVALIDATED|LOW_CURRENT_SAMPLE,HISTORICAL TEST ONLY,PASS
historical_test,2025,1,DET,SF,00-0036670,J.Jefferson,RB,4.168439185140803,3.875195523456308,16.1535168700575,15-25,1.058376776203558,17.096507109281248,17.096507109281248,True,164,6,135,60,Medium,ROUTE_PROXY_UNVALIDATED|LOW_CURRENT_SAMPLE|LOW_PLAYER_SAMPLE|LOW_RUSH_SAMPLE,HISTORICAL TEST ONLY,PASS
historical_test,2025,1,NYJ,MIA,00-0037013,Z.Wilson,QB,3.377275792312879,4.7761054967383165,16.130225475666794,15-25,1.058376776203558,17.071856038372726,17.071856038372726,True,165,6,30,60,Medium,ROUTE_PROXY_UNVALIDATED|LOW_CURRENT_SAMPLE|LOW_PLAYER_SAMPLE,HISTORICAL TEST ONLY,PASS
historical_test,2025,1,PIT,BAL,00-0030578,C.Patterson,RB,3.849757866459484,4.142776824269316,15.94868766821684,15-25,1.058376776203558,16.87972063896478,16.87972063896478,True,166,4,136,75,Medium,ROUTE_PROXY_UNVALIDATED|LOW_CURRENT_SAMPLE,HISTORICAL TEST ONLY,PASS
historical_test,2025,1,PHI,KC,00-0039746,W.Shipley,RB,3.512189185140803,4.531568072475916,15.915724375879266,15-25,1.058376776203558,16.844833055887484,16.844833055887484,True,167,6,137,60,Medium,ROUTE_PROXY_UNVALIDATED|LOW_CURRENT_SAMPLE|LOW_PLAYER_SAMPLE,HISTORICAL TEST ONLY,PASS
historical_test,2025,1,CLE,MIA,00-0038098,P.Strong,RB,3.685680564451148,4.274187168515369,15.75328857582358,15-25,1.058376776203558,16.6729147774845,16.6729147774845,True,168,8,138,75,Medium,ROUTE_PROXY_UNVALIDATED|LOW_CURRENT_SAMPLE,HISTORICAL TEST ONLY,PASS
historical_test,2025,1,PIT,BAL,00-0029263,R.Wilson,QB,3.95909193077096,3.941084681546665,15.60311656119644,15-25,1.058376776203558,16.513976204767435,16.513976204767435,True,169,5,31,60,Medium,ROUTE_PROXY_UNVALIDATED|LOW_CURRENT_SAMPLE|LOW_PLAYER_SAMPLE,HISTORICAL TEST ONLY,PASS
historical_test,2025,1,MIA,NYJ,00-0034115,J.Wilson,RB,3.899531622115593,3.9914235936317466,15.564682520625254,15-25,1.058376776203558,16.473298508811226,16.473298508811226,True,170,6,139,75,Medium,ROUTE_PROXY_UNVALIDATED|LOW_CURRENT_SAMPLE,HISTORICAL TEST ONLY,PASS
historical_test,2025,1,HOU,KC,00-0039163,C.Stroud,QB,3.303024679308971,4.680508542991554,15.459835229217576,15-25,1.058376776203558,16.362330570537495,16.362330570537495,True,171,4,32,60,Medium,ROUTE_PROXY_UNVALIDATED|LOW_CURRENT_SAMPLE|LOW_PLAYER_SAMPLE,HISTORICAL TEST ONLY,PASS
historical_test,2025,1,DEN,LAC,00-0039573,B.Watson,RB,4.918439185140803,3.1168621901229745,15.330097130584623,15-25,1.058376776203558,16.22501877995557,16.22501877995557,True,172,6,140,60,Medium,ROUTE_PROXY_UNVALIDATED|LOW_CURRENT_SAMPLE|LOW_PLAYER_SAMPLE|LOW_RUSH_SAMPLE,HISTORICAL TEST ONLY,PASS
historical_test,2025,1,SEA,LA,00-0030565,G.Smith,QB,3.137707126849391,4.783994235305275,15.010772806923761,15-25,1.058376776203558,15.887053331716004,15.887053331716004,True,173,4,33,60,Medium,ROUTE_PROXY_UNVALIDATED|LOW_CURRENT_SAMPLE|LOW_PLAYER_SAMPLE,HISTORICAL TEST ONLY,PASS
historical_test,2025,1,LA,GB,00-0034955,B.Rypien,QB,3.002275792312879,4.894161052293873,14.69362125098242,0-15,1.0217215566182265,15.01278957691241,15.01278957691241,True,174,7,34,60,Medium,ROUTE_PROXY_UNVALIDATED|LOW_CURRENT_SAMPLE|LOW_PLAYER_SAMPLE|LOW_RUSH_SAMPLE,HISTORICAL TEST ONLY,PASS
historical_test,2025,1,TEN,HOU,00-0037594,J.Chestnut,RB,3.258182774884393,4.505498553759338,14.679737780125219,0-15,1.0217215566182265,14.998604535456927,14.998604535456927,True,175,3,141,60,Medium,ROUTE_PROXY_UNVALIDATED|LOW_CURRENT_SAMPLE|LOW_PLAYER_SAMPLE,HISTORICAL TEST ONLY,PASS
historical_test,2025,1,PHI,DAL,00-0037827,T.Davis-Price,RB,4.543439185140803,3.2029733012340857,14.552514405786743,0-15,1.0217215566182265,14.868617671389597,14.868617671389597,True,176,7,142,60,Medium,ROUTE_PROXY_UNVALIDATED|LOW_CURRENT_SAMPLE|LOW_PLAYER_SAMPLE|LOW_RUSH_SAMPLE,HISTORICAL TEST ONLY,PASS
historical_test,2025,1,CAR,ATL,00-0034208,M.Boone,RB,3.5398677565693744,4.088870737131521,14.474061683151922,0-15,1.0217215566182265,14.788460833498208,14.788460833498208,True,177,4,143,75,Medium,ROUTE_PROXY_UNVALIDATED|LOW_CURRENT_SAMPLE|LOW_RUSH_SAMPLE,HISTORICAL TEST ONLY,PASS
historical_test,2025,1,TEN,HOU,00-0039152,W.Levis,QB,3.58409193077096,4.028862459324442,14.439813430650778,0-15,1.0217215566182265,14.753468655641287,14.753468655641287,True,178,4,35,60,Medium,ROUTE_PROXY_UNVALIDATED|LOW_CURRENT_SAMPLE|LOW_PLAYER_SAMPLE,HISTORICAL TEST ONLY,PASS
historical_test,2025,1,JAX,HOU,00-0036971,T.Lawrence,QB,3.098835520514549,4.5685304996174825,14.157124588768735,0-15,1.0217215566182265,14.464639372074961,14.464639372074961,True,179,4,36,60,Medium,ROUTE_PROXY_UNVALIDATED|LOW_CURRENT_SAMPLE|LOW_PLAYER_SAMPLE,HISTORICAL TEST ONLY,PASS
historical_test,2025,1,ATL,NO,00-0034438,L.Woodside,QB,2.877275792312879,4.810827718960539,13.842078136752944,0-15,1.0217215566182265,14.142749620714339,14.142749620714339,True,180,4,37,60,Medium,ROUTE_PROXY_UNVALIDATED|LOW_CURRENT_SAMPLE|LOW_PLAYER_SAMPLE|LOW_RUSH_SAMPLE,HISTORICAL TEST ONLY,PASS
historical_test,2025,1,NO,TB,00-0038678,J.Mims,RB,3.668439185140803,3.766862190122975,13.818504863272427,0-15,1.0217215566182265,14.118664299039237,14.118664299039237,True,181,6,144,75,Medium,ROUTE_PROXY_UNVALIDATED|LOW_CURRENT_SAMPLE,HISTORICAL TEST ONLY,PASS
historical_test,2025,1,TEN,JAX,00-0029701,R.Tannehill,QB,3.099498014535101,4.3990630130781865,13.634887074850639,0-15,1.0217215566182265,13.931058046430131,13.931058046430131,True,182,5,38,60,Medium,ROUTE_PROXY_UNVALIDATED|LOW_CURRENT_SAMPLE|LOW_PLAYER_SAMPLE|LOW_RUSH_SAMPLE,HISTORICAL TEST ONLY,PASS
historical_test,2025,1,NYJ,NE,00-0032156,T.Siemian,QB,3.177275792312879,4.219918628051448,13.407845302438043,0-15,1.0217215566182265,13.699084573303372,13.699084573303372,True,183,7,39,60,Medium,ROUTE_PROXY_UNVALIDATED|LOW_CURRENT_SAMPLE|LOW_PLAYER_SAMPLE|LOW_RUSH_SAMPLE,HISTORICAL TEST ONLY,PASS
historical_test,2025,1,KC,PHI,00-0033526,S.Perine,RB,2.943439185140803,4.538515986776772,13.358845797866728,0-15,1.0217215566182265,13.649020723219246,13.649020723219246,True,184,8,145,75,Medium,ROUTE_PROXY_UNVALIDATED|LOW_CURRENT_SAMPLE,HISTORICAL TEST ONLY,PASS
historical_test,2025,1,JAX,CAR,00-0033936,C.Beathard,QB,2.9606091256462124,4.404577718960539,13.04023298937255,0-15,1.0217215566182265,13.32348714856607,13.32348714856607,True,185,5,40,60,Medium,ROUTE_PROXY_UNVALIDATED|LOW_CURRENT_SAMPLE|LOW_PLAYER_SAMPLE|LOW_RUSH_SAMPLE,HISTORICAL TEST ONLY,PASS
historical_test,2025,1,TEN,HOU,00-0034771,M.Rudolph,QB,3.149797058976088,4.119431313893297,12.975372637155107,0-15,1.0217215566182265,13.25721792853566,13.25721792853566,True,186,6,41,60,Medium,ROUTE_PROXY_UNVALIDATED|LOW_CURRENT_SAMPLE|LOW_PLAYER_SAMPLE,HISTORICAL TEST ONLY,PASS
historical_test,2025,1,CHI,SF,00-0036297,D.Evans,RB,4.668439185140803,2.77757647583726,12.966946859523963,0-15,1.0217215566182265,13.248609129898647,13.248609129898647,True,187,4,146,75,Medium,ROUTE_PROXY_UNVALIDATED|LOW_CURRENT_SAMPLE,HISTORICAL TEST ONLY,PASS
historical_test,2025,1,MIN,LA,00-0034869,S.Darnold,QB,3.66940939108842,3.514939647088709,12.897752550136325,0-15,1.0217215566182265,13.177911812401986,13.177911812401986,True,188,4,42,60,Medium,ROUTE_PROXY_UNVALIDATED|LOW_CURRENT_SAMPLE|LOW_PLAYER_SAMPLE,HISTORICAL TEST ONLY,PASS
historical_test,2025,1,HOU,KC,00-0033854,D.Ogunbowale,RB,3.169397039546933,4.066862190122975,12.889500985621112,0-15,1.0217215566182265,13.169481011060967,13.169481011060967,True,189,5,147,75,Medium,ROUTE_PROXY_UNVALIDATED|LOW_CURRENT_SAMPLE,HISTORICAL TEST ONLY,PASS
historical_test,2025,1,CAR,PHI,00-0039344,J.Brooks,RB,4.168439185140803,3.080751079011864,12.841923517417865,0-15,1.0217215566182265,13.120870086188392,13.120870086188392,True,190,5,148,60,Medium,ROUTE_PROXY_UNVALIDATED|LOW_CURRENT_SAMPLE|LOW_PLAYER_SAMPLE|LOW_RUSH_SAMPLE,HISTORICAL TEST ONLY,PASS
historical_test,2025,1,LAC,HOU,00-0037617,H.Haskins,RB,3.937669954371572,3.23757647583726,12.748507613884579,0-15,1.0217215566182265,13.025425043817464,13.025425043817464,True,191,8,149,60,Medium,ROUTE_PROXY_UNVALIDATED|LOW_CURRENT_SAMPLE|LOW_PLAYER_SAMPLE,HISTORICAL TEST ONLY,PASS
historical_test,2025,1,CLE,DEN,00-0033275,P.Walker,QB,3.2772757923128792,3.887750795883616,12.741231569894504,0-15,1.0217215566182265,13.017990952825903,13.017990952825903,True,192,9,43,60,Medium,ROUTE_PROXY_UNVALIDATED|LOW_CURRENT_SAMPLE|LOW_PLAYER_SAMPLE|LOW_RUSH_SAMPLE,HISTORICAL TEST ONLY,PASS
historical_test,2025,1,TEN,HOU,00-0036370,J.Kelley,RB,3.918439185140803,3.233991819752604,12.672200270943417,0-15,1.0217215566182265,12.94746018660622,12.94746018660622,True,193,7,150,75,Medium,ROUTE_PROXY_UNVALIDATED|LOW_CURRENT_SAMPLE,HISTORICAL TEST ONLY,PASS
historical_test,2025,1,CAR,ATL,00-0037429,R.Blackshear,RB,2.677189185140803,4.711402420008032,12.613315605691712,0-15,1.0217215566182265,12.887296454764304,12.887296454764304,True,194,6,151,60,Medium,ROUTE_PROXY_UNVALIDATED|LOW_CURRENT_SAMPLE|LOW_PLAYER_SAMPLE,HISTORICAL TEST ONLY,PASS
historical_test,2025,1,CAR,TB,00-0037745,V.Jones,RB,2.851772518474136,4.367619765880551,12.455458019482597,0-15,1.0217215566182265,12.726009956058732,12.726009956058732,True,195,7,152,60,Medium,ROUTE_PROXY_UNVALIDATED|LOW_CURRENT_SAMPLE|LOW_PLAYER_SAMPLE|LOW_RUSH_SAMPLE,HISTORICAL TEST ONLY,PASS
historical_test,2025,1,CIN,PIT,00-0036442,J.Burrow,QB,2.786978641010611,4.449064677197893,12.399448227825298,0-15,1.0217215566182265,12.668783544540773,12.668783544540773,True,196,5,44,60,Medium,ROUTE_PROXY_UNVALIDATED|LOW_CURRENT_SAMPLE|LOW_PLAYER_SAMPLE,HISTORICAL TEST ONLY,PASS
historical_test,2025,1,PIT,NYG,00-0035924,J.Ward,RB,2.8767725184741364,4.283112190122975,12.321539442087346,0-15,1.0217215566182265,12.589182458702357,12.589182458702357,True,197,6,153,60,Medium,ROUTE_PROXY_UNVALIDATED|LOW_CURRENT_SAMPLE|LOW_PLAYER_SAMPLE|LOW_RUSH_SAMPLE,HISTORICAL TEST ONLY,PASS
historical_test,2025,1,LAC,NE,00-0031800,T.Heinicke,QB,1.5979808196598486,7.662699994338447,12.244847617760469,0-15,1.0217215566182265,12.510824768571208,12.510824768571208,True,198,9,45,60,Medium,ROUTE_PROXY_UNVALIDATED|LOW_CURRENT_SAMPLE|LOW_PLAYER_SAMPLE|LOW_RUSH_SAMPLE,HISTORICAL TEST ONLY,PASS
historical_test,2025,1,MIN,GB,00-0038598,J.Hall,QB,3.127275792312879,3.8941610522938728,12.178115590206275,0-15,1.0217215566182265,12.442643217502248,12.442643217502248,True,199,5,46,60,Medium,ROUTE_PROXY_UNVALIDATED|LOW_CURRENT_SAMPLE|LOW_PLAYER_SAMPLE|LOW_RUSH_SAMPLE,HISTORICAL TEST ONLY,PASS
historical_test,2025,1,BAL,CLE,00-0039796,R.Ali,RB,3.418439185140803,3.506862190122975,11.987995127605075,0-15,1.0217215566182265,12.248393042508372,12.248393042508372,True,200,6,154,60,Medium,ROUTE_PROXY_UNVALIDATED|LOW_CURRENT_SAMPLE|LOW_PLAYER_SAMPLE|LOW_RUSH_SAMPLE,HISTORICAL TEST ONLY,PASS
historical_test,2025,1,NE,LAC,00-0035806,J.Hasty,RB,3.136387903089521,3.734362190122975,11.712408398856589,0-15,1.0217215566182265,11.966820141028144,11.966820141028144,True,201,7,155,75,Medium,ROUTE_PROXY_UNVALIDATED|LOW_CURRENT_SAMPLE,HISTORICAL TEST ONLY,PASS
historical_test,2025,1,DAL,WAS,00-0037012,T.Lance,QB,2.9382585974376263,3.967780208242191,11.658364309610473,0-15,1.0217215566182265,11.911602130037588,11.911602130037588,True,202,5,47,60,Medium,ROUTE_PROXY_UNVALIDATED|LOW_CURRENT_SAMPLE|LOW_PLAYER_SAMPLE|LOW_RUSH_SAMPLE,HISTORICAL TEST ONLY,PASS
historical_test,2025,1,PIT,LV,00-0037609,A.Shampklin,RB,3.418439185140803,3.3335288567896413,11.395465668847333,0-15,1.0217215566182265,11.642992921564256,11.642992921564256,True,203,7,156,60,Medium,ROUTE_PROXY_UNVALIDATED|LOW_CURRENT_SAMPLE|LOW_PLAYER_SAMPLE|LOW_RUSH_SAMPLE,HISTORICAL TEST ONLY,PASS
historical_test,2025,1,NYJ,BUF,00-0028118,T.Taylor,QB,2.479925264104293,4.5588740737263,11.305666991303909,0-15,1.0217215566182265,11.551243676962331,11.551243676962331,True,204,8,48,60,Medium,ROUTE_PROXY_UNVALIDATED|LOW_CURRENT_SAMPLE|LOW_PLAYER_SAMPLE,HISTORICAL TEST ONLY,PASS
historical_test,2025,1,KC,ATL,00-0037299,K.Ingram,RB,3.012189185140803,3.725418978834946,11.221666758164918,0-15,1.0217215566182265,11.465418828003267,11.465418828003267,True,205,9,157,60,Medium,ROUTE_PROXY_UNVALIDATED|LOW_CURRENT_SAMPLE|LOW_PLAYER_SAMPLE,HISTORICAL TEST ONLY,PASS
historical_test,2025,1,ARI,SF,00-0036425,D.Dallas,RB,2.343628579080197,4.788061020532331,11.221436646099466,0-15,1.0217215566182265,11.465183717545557,11.465183717545557,True,206,8,158,75,Medium,ROUTE_PROXY_UNVALIDATED|LOW_CURRENT_SAMPLE|LOW_RUSH_SAMPLE,HISTORICAL TEST ONLY,PASS
historical_test,2025,1,SF,CHI,00-0036450,K.Vaughn,RB,4.001772518474136,2.734169882430667,10.941525896350702,0-15,1.0217215566182265,11.179192870598076,11.179192870598076,True,207,8,159,60,Medium,ROUTE_PROXY_UNVALIDATED|LOW_CURRENT_SAMPLE|LOW_PLAYER_SAMPLE,HISTORICAL TEST ONLY,PASS
historical_test,2025,1,JAX,IND,00-0036972,M.Jones,QB,2.918615740294769,3.7297090201710033,10.885587452990471,0-15,1.0217215566182265,11.122039357173259,11.122039357173259,True,208,6,49,60,Medium,ROUTE_PROXY_UNVALIDATED|LOW_CURRENT_SAMPLE|LOW_PLAYER_SAMPLE,HISTORICAL TEST ONLY,PASS
historical_test,2025,1,NE,LAC,00-0033119,J.Brissett,QB,2.447187168866198,4.323386268848251,10.580135403177747,0-15,1.0217215566182265,10.809952413366375,10.809952413366375,True,209,8,50,60,Medium,ROUTE_PROXY_UNVALIDATED|LOW_CURRENT_SAMPLE|LOW_PLAYER_SAMPLE|LOW_RUSH_SAMPLE,HISTORICAL TEST ONLY,PASS
historical_test,2025,1,DAL,ATL,00-0033077,D.Prescott,QB,2.399797058976088,4.358618424080407,10.459799675307153,0-15,1.0217215566182265,10.687002806169644,10.687002806169644,True,210,6,51,60,Medium,ROUTE_PROXY_UNVALIDATED|LOW_CURRENT_SAMPLE|LOW_PLAYER_SAMPLE,HISTORICAL TEST ONLY,PASS
historical_test,2025,1,LV,LAC,00-0038122,D.Ridder,QB,2.5507585974376266,4.068440032289112,10.377608390520866,0-15,1.0217215566182265,10.603026198737346,10.603026198737346,True,211,6,52,60,Medium,ROUTE_PROXY_UNVALIDATED|LOW_CURRENT_SAMPLE|LOW_PLAYER_SAMPLE,HISTORICAL TEST ONLY,PASS
historical_test,2025,1,JAX,CAR,00-0030533,M.Barkley,QB,3.377275792312879,3.0608277189605397,10.337259359685678,0-15,1.0217215566182265,10.561800724144382,10.561800724144382,True,212,7,53,60,Medium,ROUTE_PROXY_UNVALIDATED|LOW_CURRENT_SAMPLE|LOW_PLAYER_SAMPLE|LOW_RUSH_SAMPLE,HISTORICAL TEST ONLY,PASS
historical_test,2025,1,HOU,CLE,00-0028986,C.Keenum,QB,2.877275792312879,3.4358277189605397,9.885823922322738,0-15,1.0217215566182265,10.100559406369289,10.100559406369289,True,213,6,54,60,Medium,ROUTE_PROXY_UNVALIDATED|LOW_CURRENT_SAMPLE|LOW_PLAYER_SAMPLE|LOW_RUSH_SAMPLE,HISTORICAL TEST ONLY,PASS
historical_test,2025,1,SEA,CHI,00-0039299,G.Holani,RB,2.668439185140803,3.6585288567896415,9.762561761425864,0-15,1.0217215566182265,9.974619799465609,9.974619799465609,True,214,5,160,60,Medium,ROUTE_PROXY_UNVALIDATED|LOW_CURRENT_SAMPLE|LOW_PLAYER_SAMPLE|LOW_RUSH_SAMPLE,HISTORICAL TEST ONLY,PASS
historical_test,2025,1,CHI,MIN,00-0035594,T.Homer,RB,2.393439185140803,3.9835288567896416,9.534334060979475,0-15,1.0217215566182265,9.741434638102126,9.741434638102126,True,215,5,161,60,Medium,ROUTE_PROXY_UNVALIDATED|LOW_CURRENT_SAMPLE|LOW_PLAYER_SAMPLE|LOW_RUSH_SAMPLE,HISTORICAL TEST ONLY,PASS
historical_test,2025,1,GB,MIN,00-0038391,S.Clifford,QB,3.002275792312879,3.1441610522938728,9.439638614434882,0-15,1.0217215566182265,9.644682259053926,9.644682259053926,True,216,9,55,60,Medium,ROUTE_PROXY_UNVALIDATED|LOW_CURRENT_SAMPLE|LOW_PLAYER_SAMPLE|LOW_RUSH_SAMPLE,HISTORICAL TEST ONLY,PASS
historical_test,2025,1,LV,CHI,00-0026625,B.Hoyer,QB,3.002275792312879,3.0608277189605397,9.189448965075476,0-15,1.0217215566182265,9.389058101060666,9.389058101060666,True,217,7,56,60,Medium,ROUTE_PROXY_UNVALIDATED|LOW_CURRENT_SAMPLE|LOW_PLAYER_SAMPLE|LOW_RUSH_SAMPLE,HISTORICAL TEST ONLY,PASS
historical_test,2025,1,NO,LV,00-0036727,A.Prentice,RB,1.9517725184741364,4.696847550263517,9.167177972066904,0-15,1.0217215566182265,9.366303347416514,9.366303347416514,True,218,7,162,60,Medium,ROUTE_PROXY_UNVALIDATED|LOW_CURRENT_SAMPLE|LOW_PLAYER_SAMPLE|LOW_RUSH_SAMPLE,HISTORICAL TEST ONLY,PASS
historical_test,2025,1,GB,PHI,00-0036264,J.Love,QB,2.3123657402947693,3.952951195220407,9.140668916884929,0-15,1.0217215566182265,9.339218474291508,9.339218474291508,True,219,10,57,60,Medium,ROUTE_PROXY_UNVALIDATED|LOW_CURRENT_SAMPLE|LOW_PLAYER_SAMPLE,HISTORICAL TEST ONLY,PASS
historical_test,2025,1,CIN,PIT,00-0035291,T.Williams,RB,2.0970106137122317,4.346847550263518,9.11538544909161,0-15,1.0217215566182265,9.31338581022101,9.31338581022101,True,220,6,163,60,Medium,ROUTE_PROXY_UNVALIDATED|LOW_CURRENT_SAMPLE|LOW_PLAYER_SAMPLE|LOW_RUSH_SAMPLE,HISTORICAL TEST ONLY,PASS
historical_test,2025,1,SF,DET,00-0035719,D.Samuel,WR,2.0872388394107437,4.350213297699016,9.079934154678478,0-15,1.0217215566182265,9.277164458509095,9.277164458509095,True,221,9,1,75,Medium,ROUTE_PROXY_UNVALIDATED|LOW_CURRENT_SAMPLE,HISTORICAL TEST ONLY,PASS
historical_test,2025,1,DAL,WAS,00-0038738,H.Luepke,RB,2.5345106137122317,3.550195523456308,8.998008234953666,0-15,1.0217215566182265,9.19345898028048,9.19345898028048,True,222,7,164,75,Medium,ROUTE_PROXY_UNVALIDATED|LOW_CURRENT_SAMPLE|LOW_RUSH_SAMPLE,HISTORICAL TEST ONLY,PASS
historical_test,2025,1,CLE,LV,00-0036569,G.Brightwell,RB,2.368439185140803,3.724625328041295,8.821548576900922,0-15,1.0217215566182265,9.013166343774511,9.013166343774511,True,223,10,165,60,Medium,ROUTE_PROXY_UNVALIDATED|LOW_CURRENT_SAMPLE|LOW_PLAYER_SAMPLE|LOW_RUSH_SAMPLE,HISTORICAL TEST ONLY,PASS
historical_test,2025,1,CHI,LV,00-0033958,N.Peterman,QB,3.127275792312879,2.8108277189605397,8.790233481867324,0-15,1.0217215566182265,8.981171036131135,8.981171036131135,True,224,6,58,60,Medium,ROUTE_PROXY_UNVALIDATED|LOW_CURRENT_SAMPLE|LOW_PLAYER_SAMPLE|LOW_RUSH_SAMPLE,HISTORICAL TEST ONLY,PASS
historical_test,2025,1,CLE,KC,00-0031503,J.Winston,QB,2.453298704389498,3.514719602181585,8.622657046324454,0-15,1.0217215566182265,8.80995457955574,8.80995457955574,True,225,11,59,60,Medium,ROUTE_PROXY_UNVALIDATED|LOW_CURRENT_SAMPLE|LOW_PLAYER_SAMPLE,HISTORICAL TEST ONLY,PASS
historical_test,2025,1,NYJ,MIA,00-0023459,A.Rodgers,QB,1.8283729765225936,4.706416571878554,8.605084876280854,0-15,1.0217215566182265,8.792000714625633,8.792000714625633,True,226,9,60,60,Medium,ROUTE_PROXY_UNVALIDATED|LOW_CURRENT_SAMPLE|LOW_PLAYER_SAMPLE,HISTORICAL TEST ONLY,PASS
historical_test,2025,1,NYG,PHI,00-0038396,E.Gray,RB,2.741355851807469,3.0146732500308087,8.264292155259398,0-15,1.0217215566182265,8.44380544521943,8.44380544521943,True,227,9,166,75,Medium,ROUTE_PROXY_UNVALIDATED|LOW_CURRENT_SAMPLE,HISTORICAL TEST ONLY,PASS
historical_test,2025,1,NO,NYG,00-0031280,D.Carr,QB,2.17946230114133,3.781967701421281,8.242656029381811,0-15,1.0217215566182265,8.421699349008595,8.421699349008595,True,228,8,61,60,Medium,ROUTE_PROXY_UNVALIDATED|LOW_CURRENT_SAMPLE|LOW_PLAYER_SAMPLE,HISTORICAL TEST ONLY,PASS
historical_test,2025,1,LV,DEN,00-0035289,G.Minshew,QB,2.335373982053011,3.5113885859617904,8.200405544533078,0-15,1.0217215566182265,8.378531117861073,8.378531117861073,True,229,8,62,60,Medium,ROUTE_PROXY_UNVALIDATED|LOW_CURRENT_SAMPLE|LOW_PLAYER_SAMPLE,HISTORICAL TEST ONLY,PASS
historical_test,2025,1,CAR,WAS,00-0027973,A.Dalton,QB,2.229925264104293,3.6028451433071256,8.03407540771601,0-15,1.0217215566182265,8.208588031559815,8.208588031559815,True,230,8,63,60,Medium,ROUTE_PROXY_UNVALIDATED|LOW_CURRENT_SAMPLE|LOW_PLAYER_SAMPLE|LOW_RUSH_SAMPLE,HISTORICAL TEST ONLY,PASS
historical_test,2025,1,LA,PHI,00-0039703,C.Schrader,RB,2.293439185140803,3.4418621901229747,7.893701616682574,0-15,1.0217215566182265,8.065165103276732,8.065165103276732,True,231,8,167,60,Medium,ROUTE_PROXY_UNVALIDATED|LOW_CURRENT_SAMPLE|LOW_PLAYER_SAMPLE|LOW_RUSH_SAMPLE,HISTORICAL TEST ONLY,PASS
historical_test,2025,1,NYJ,MIA,00-0036842,K.Nwangwu,RB,2.043439185140803,3.8468475502635178,7.860799023471377,0-15,1.0217215566182265,8.03154781452421,8.03154781452421,True,232,10,168,60,Medium,ROUTE_PROXY_UNVALIDATED|LOW_CURRENT_SAMPLE|LOW_PLAYER_SAMPLE|LOW_RUSH_SAMPLE,HISTORICAL TEST ONLY,PASS
historical_test,2025,1,LA,SEA,00-0031345,J.Garoppolo,QB,2.5632585974376263,3.045052935514918,7.805258116611296,0-15,1.0217215566182265,7.974800472711141,7.974800472711141,True,233,9,64,60,Medium,ROUTE_PROXY_UNVALIDATED|LOW_CURRENT_SAMPLE|LOW_PLAYER_SAMPLE,HISTORICAL TEST ONLY,PASS
historical_test,2025,1,KC,DEN,00-0037324,C.Oladokun,QB,1.6257585974376263,4.795052935514918,7.795598535081906,0-15,1.0217215566182265,7.964931070034651,7.964931070034651,True,234,10,65,60,Medium,ROUTE_PROXY_UNVALIDATED|LOW_CURRENT_SAMPLE|LOW_PLAYER_SAMPLE|LOW_RUSH_SAMPLE,HISTORICAL TEST ONLY,PASS
historical_test,2025,1,LV,LAC,00-0039244,C.Collier,RB,2.543439185140803,3.051862190122975,7.762225882008406,0-15,1.0217215566182265,7.930833510987915,7.930833510987915,True,235,9,169,60,Medium,ROUTE_PROXY_UNVALIDATED|LOW_CURRENT_SAMPLE|LOW_PLAYER_SAMPLE|LOW_RUSH_SAMPLE,HISTORICAL TEST ONLY,PASS
historical_test,2025,1,SEA,GB,00-0037077,S.Howell,QB,2.056314152993182,3.697093751841448,7.6023862068542325,0-15,1.0217215566182265,7.767521869280041,7.767521869280041,True,236,6,66,60,Medium,ROUTE_PROXY_UNVALIDATED|LOW_CURRENT_SAMPLE|LOW_PLAYER_SAMPLE,HISTORICAL TEST ONLY,PASS
historical_test,2025,1,KC,DEN,00-0032950,C.Wentz,QB,3.2924252641042933,2.2450529355149182,7.391669004140824,0-15,1.0217215566182265,7.5522275609174585,7.5522275609174585,True,237,11,67,60,Medium,ROUTE_PROXY_UNVALIDATED|LOW_CURRENT_SAMPLE|LOW_PLAYER_SAMPLE,HISTORICAL TEST ONLY,PASS
historical_test,2025,1,DET,SF,00-0039364,S.Vaki,RB,2.418439185140803,3.008528856789641,7.275944076886931,0-15,1.0217215566182265,7.43398890810408,7.43398890810408,True,238,7,170,60,Medium,ROUTE_PROXY_UNVALIDATED|LOW_CURRENT_SAMPLE|LOW_PLAYER_SAMPLE|LOW_RUSH_SAMPLE,HISTORICAL TEST ONLY,PASS
historical_test,2025,1,MIA,SF,00-0036212,T.Tagovailoa,QB,2.122623801199382,3.3707213847127795,7.154773438403084,0-15,1.0217215566182265,7.31018625473594,7.31018625473594,True,239,7,68,60,Medium,ROUTE_PROXY_UNVALIDATED|LOW_CURRENT_SAMPLE|LOW_PLAYER_SAMPLE,HISTORICAL TEST ONLY,PASS
historical_test,2025,1,CLE,BAL,00-0038108,B.Zappe,QB,2.3075767792558084,3.063473988146497,7.0692014389010405,0-15,1.0217215566182265,7.222755498201778,7.222755498201778,True,240,12,69,60,Medium,ROUTE_PROXY_UNVALIDATED|LOW_CURRENT_SAMPLE|LOW_PLAYER_SAMPLE|LOW_RUSH_SAMPLE,HISTORICAL TEST ONLY,PASS
historical_test,2025,1,HOU,KC,00-0034959,A.Beck,RB,2.0017725184741364,3.3468475502635178,6.699627449639996,0-15,1.0217215566182265,6.845153786608376,6.845153786608376,True,241,7,171,75,Medium,ROUTE_PROXY_UNVALIDATED|LOW_CURRENT_SAMPLE|LOW_RUSH_SAMPLE,HISTORICAL TEST ONLY,PASS
historical_test,2025,1,HOU,MIN,00-0039603,B.Brooks,RB,2.293439185140803,2.7918621901229748,6.402966146341052,0-15,1.0217215566182265,6.542048538013387,6.542048538013387,True,242,8,172,60,Medium,ROUTE_PROXY_UNVALIDATED|LOW_CURRENT_SAMPLE|LOW_PLAYER_SAMPLE|LOW_RUSH_SAMPLE,HISTORICAL TEST ONLY,PASS
historical_test,2025,1,DEN,KC,00-0035264,J.Stidham,QB,2.6882585974376263,2.295052935514918,6.169695785472441,0-15,1.0217215566182265,6.303711181793814,6.303711181793814,True,243,7,70,60,Medium,ROUTE_PROXY_UNVALIDATED|LOW_CURRENT_SAMPLE|LOW_PLAYER_SAMPLE|LOW_RUSH_SAMPLE,HISTORICAL TEST ONLY,PASS
historical_test,2025,1,GB,PHI,00-0039146,J.Reed,WR,0.8210772232491271,7.482530349519743,6.143735242260991,0-15,1.0217215566182265,6.2771867351731565,6.2771867351731565,False,244,11,2,75,Medium,ROUTE_PROXY_UNVALIDATED|LOW_CURRENT_SAMPLE,HISTORICAL TEST ONLY,PASS
historical_test,2025,1,IND,JAX,00-0026158,J.Flacco,QB,1.9224618941409235,3.188703729165712,6.130161411026141,0-15,1.0217215566182265,6.263318059194613,6.263318059194613,True,245,7,71,60,Medium,ROUTE_PROXY_UNVALIDATED|LOW_CURRENT_SAMPLE|LOW_PLAYER_SAMPLE,HISTORICAL TEST ONLY,PASS
historical_test,2025,1,DET,WAS,00-0033106,J.Goff,QB,2.3823375448060475,2.527520467982451,6.021406906140345,0-15,1.0217215566182265,6.152201237173452,6.152201237173452,True,246,8,72,60,Medium,ROUTE_PROXY_UNVALIDATED|LOW_CURRENT_SAMPLE|LOW_PLAYER_SAMPLE,HISTORICAL TEST ONLY,PASS
historical_test,2025,1,LV,LAC,00-0038579,A.O'Connell,QB,2.517425264104293,2.386218349048753,6.007126357564567,0-15,1.0217215566182265,6.137610492853247,6.137610492853247,True,247,10,73,60,Medium,ROUTE_PROXY_UNVALIDATED|LOW_CURRENT_SAMPLE|LOW_PLAYER_SAMPLE,HISTORICAL TEST ONLY,PASS
historical_test,2025,1,LA,PHI,00-0026498,M.Stafford,QB,2.224614806587953,2.5744647002208003,5.727192291149208,0-15,1.0217215566182265,5.851595822764876,5.851595822764876,True,248,10,74,60,Medium,ROUTE_PROXY_UNVALIDATED|LOW_CURRENT_SAMPLE|LOW_PLAYER_SAMPLE,HISTORICAL TEST ONLY,PASS
historical_test,2025,1,NO,WAS,00-0038998,J.Haener,QB,1.9070085974376263,2.8450529355149183,5.425540408192106,0-15,1.0217215566182265,5.543391591353126,5.543391591353126,True,249,9,75,60,Medium,ROUTE_PROXY_UNVALIDATED|LOW_CURRENT_SAMPLE|LOW_PLAYER_SAMPLE|LOW_RUSH_SAMPLE,HISTORICAL TEST ONLY,PASS
historical_test,2025,1,NYG,BAL,00-0034177,T.Boyle,QB,1.6674252641042933,3.2450529355149182,5.410883248033374,0-15,1.0217215566182265,5.528416054860145,5.528416054860145,True,250,10,76,60,Medium,ROUTE_PROXY_UNVALIDATED|LOW_CURRENT_SAMPLE|LOW_PLAYER_SAMPLE|LOW_RUSH_SAMPLE,HISTORICAL TEST ONLY,PASS
historical_test,2025,1,PHI,KC,00-0038102,K.Pickett,QB,2.6126007027007843,2.050410078372061,5.356902811579617,0-15,1.0217215566182265,5.47326307929968,5.47326307929968,True,251,8,77,60,Medium,ROUTE_PROXY_UNVALIDATED|LOW_CURRENT_SAMPLE|LOW_PLAYER_SAMPLE,HISTORICAL TEST ONLY,PASS
historical_test,2025,1,MIA,SEA,00-0037327,S.Thompson,QB,1.2507585974376263,4.145052935514919,5.184460595929355,0-15,1.0217215566182265,5.297075150298799,5.297075150298799,True,252,8,78,60,Medium,ROUTE_PROXY_UNVALIDATED|LOW_CURRENT_SAMPLE|LOW_PLAYER_SAMPLE|LOW_RUSH_SAMPLE,HISTORICAL TEST ONLY,PASS
historical_test,2025,1,HOU,TEN,00-0036898,D.Mills,QB,1.4507585974376265,3.511719602181585,5.094657404655176,0-15,1.0217215566182265,5.20532129392086,5.20532129392086,True,253,9,79,60,Medium,ROUTE_PROXY_UNVALIDATED|LOW_CURRENT_SAMPLE|LOW_PLAYER_SAMPLE|LOW_RUSH_SAMPLE,HISTORICAL TEST ONLY,PASS
historical_test,2025,1,ATL,CAR,00-0039917,M.Penix,QB,1.925758597437626,2.5664815069434894,4.9424238271610985,0-15,1.0217215566182265,5.04978096615405,5.04978096615405,True,254,5,80,60,Medium,ROUTE_PROXY_UNVALIDATED|LOW_CURRENT_SAMPLE|LOW_PLAYER_SAMPLE|LOW_RUSH_SAMPLE,HISTORICAL TEST ONLY,PASS
historical_test,2025,1,BUF,DEN,00-0033869,M.Trubisky,QB,2.6297268514058803,1.8661640466260292,4.907501702540724,0-15,1.0217215566182265,5.014100278626506,5.014100278626506,True,255,8,81,60,Medium,ROUTE_PROXY_UNVALIDATED|LOW_CURRENT_SAMPLE|LOW_PLAYER_SAMPLE,HISTORICAL TEST ONLY,PASS
historical_test,2025,1,KC,PHI,00-0039894,X.Worthy,WR,0.9511941823134548,5.114310240824092,4.864702147618,0-15,1.0217215566182265,4.970371050748293,4.970371050748293,False,256,12,3,75,Medium,ROUTE_PROXY_UNVALIDATED|LOW_CURRENT_SAMPLE,HISTORICAL TEST ONLY,PASS
historical_test,2025,1,CHI,MIN,00-0038416,T.Bagent,QB,2.431314152993182,1.9576966136758376,4.75977548409689,0-15,1.0217215566182265,4.863165216764747,4.863165216764747,True,257,7,82,60,Medium,ROUTE_PROXY_UNVALIDATED|LOW_CURRENT_SAMPLE|LOW_PLAYER_SAMPLE,HISTORICAL TEST ONLY,PASS
historical_test,2025,1,DAL,PHI,00-0033662,C.Rush,QB,2.45909193077096,1.9075023282274688,4.690723583270988,0-15,1.0217215566182265,4.792613401165459,4.792613401165459,True,258,8,83,60,Medium,ROUTE_PROXY_UNVALIDATED|LOW_CURRENT_SAMPLE|LOW_PLAYER_SAMPLE,HISTORICAL TEST ONLY,PASS
historical_test,2025,1,CIN,CLE,00-0035100,J.Browning,QB,2.0348495065285355,2.22263914241147,4.5227361621269875,0-15,1.0217215566182265,4.620977031741929,4.620977031741929,True,259,7,84,60,Medium,ROUTE_PROXY_UNVALIDATED|LOW_CURRENT_SAMPLE|LOW_PLAYER_SAMPLE,HISTORICAL TEST ONLY,PASS
historical_test,2025,1,LV,CLE,00-0037450,T.McAllister,WR,0.7932994454713493,5.524092849519744,4.3822597942562584,0-15,1.0217215566182265,4.4774492984929735,4.4774492984929735,False,260,11,4,60,Medium,ROUTE_PROXY_UNVALIDATED|LOW_CURRENT_SAMPLE|LOW_PLAYER_SAMPLE|LOW_RUSH_SAMPLE,HISTORICAL TEST ONLY,PASS
historical_test,2025,1,DET,WAS,00-0037240,Ja.Williams,WR,0.5473317035358655,8.0,4.378653628286924,0-15,1.0217215566182265,4.473764800985361,4.473764800985361,False,261,9,5,75,Medium,ROUTE_PROXY_UNVALIDATED|LOW_CURRENT_SAMPLE|LOW_RUSH_SAMPLE,HISTORICAL TEST ONLY,PASS
historical_test,2025,1,DAL,WAS,00-0037801,K.Turpin,WR,0.7124170925301728,6.119463219890115,4.359610194959445,0-15,1.0217215566182265,4.454307714642654,4.454307714642654,False,262,9,6,75,Medium,ROUTE_PROXY_UNVALIDATED|LOW_CURRENT_SAMPLE,HISTORICAL TEST ONLY,PASS
historical_test,2025,1,PHI,NYG,00-0038400,T.McKee,QB,2.7507585974376263,1.5,4.12613789615644,0-15,1.0217215566182265,4.215764034082412,4.215764034082412,True,263,9,85,60,Medium,ROUTE_PROXY_UNVALIDATED|LOW_CURRENT_SAMPLE|LOW_PLAYER_SAMPLE|LOW_RUSH_SAMPLE,HISTORICAL TEST ONLY,PASS
historical_test,2025,1,PIT,DAL,00-0034577,K.Allen,QB,1.3400443117233407,3.0608277189605397,4.101644773958199,0-15,1.0217215566182265,4.1907388831435854,4.1907388831435854,True,264,8,86,60,Medium,ROUTE_PROXY_UNVALIDATED|LOW_CURRENT_SAMPLE|LOW_PLAYER_SAMPLE|LOW_RUSH_SAMPLE,HISTORICAL TEST ONLY,PASS
historical_test,2025,1,DAL,TB,00-0036358,C.Lamb,WR,0.7296630818349857,5.569782504692157,4.064064667524265,0-15,1.0217215566182265,4.152342478300027,4.152342478300027,False,265,10,7,75,Medium,ROUTE_PROXY_UNVALIDATED|LOW_CURRENT_SAMPLE,HISTORICAL TEST ONLY,PASS
historical_test,2025,1,SF,CHI,00-0032434,B.Allen,QB,1.6257585974376263,2.411719602181585,3.920873877855564,0-15,1.0217215566182265,4.006041361786329,4.006041361786329,True,266,10,87,60,Medium,ROUTE_PROXY_UNVALIDATED|LOW_CURRENT_SAMPLE|LOW_PLAYER_SAMPLE|LOW_RUSH_SAMPLE,HISTORICAL TEST ONLY,PASS
historical_test,2025,1,DET,JAX,00-0038550,H.Hooker,QB,2.1257585974376263,1.8050529355149183,3.837106796500863,0-15,1.0217215566182265,3.9204547290312384,3.9204547290312384,True,267,10,88,60,Medium,ROUTE_PROXY_UNVALIDATED|LOW_CURRENT_SAMPLE|LOW_PLAYER_SAMPLE|LOW_RUSH_SAMPLE,HISTORICAL TEST ONLY,PASS
historical_test,2025,1,MIN,NYJ,00-0035311,M.Gaskin,RB,2.480939185140803,1.5,3.721408777711204,0-15,1.0217215566182265,3.802243569175823,3.802243569175823,True,268,6,173,60,Medium,ROUTE_PROXY_UNVALIDATED|LOW_CURRENT_SAMPLE|LOW_PLAYER_SAMPLE|LOW_RUSH_SAMPLE,HISTORICAL TEST ONLY,PASS
historical_test,2025,1,ATL,LV,00-0029604,K.Cousins,QB,2.1176417143207438,1.7139718544338371,3.629578296120775,0-15,1.0217215566182265,3.7084183865802482,3.7084183865802482,True,269,6,89,60,Medium,ROUTE_PROXY_UNVALIDATED|LOW_CURRENT_SAMPLE|LOW_PLAYER_SAMPLE,HISTORICAL TEST ONLY,PASS
historical_test,2025,1,LA,PHI,00-0039075,P.Nacua,WR,0.7064508102356173,5.115759516186411,3.6140324551804595,0-15,1.0217215566182265,3.69253486577577,3.69253486577577,False,270,11,8,75,Medium,ROUTE_PROXY_UNVALIDATED|LOW_CURRENT_SAMPLE,HISTORICAL TEST ONLY,PASS
historical_test,2025,1,NO,TB,00-0037545,R.Shaheed,WR,0.6980613502332541,5.151656952083846,3.59617260791018,0-15,1.0217215566182265,3.6742870748218164,3.6742870748218164,False,271,10,9,75,Medium,ROUTE_PROXY_UNVALIDATED|LOW_CURRENT_SAMPLE|LOW_RUSH_SAMPLE,HISTORICAL TEST ONLY,PASS
historical_test,2025,1,BUF,NE,00-0034401,M.White,QB,1.161472883151912,3.0295777189605397,3.5187723679738916,0-15,1.0217215566182265,3.5952055811914874,3.5952055811914874,True,272,9,90,60,Medium,ROUTE_PROXY_UNVALIDATED|LOW_CURRENT_SAMPLE|LOW_PLAYER_SAMPLE|LOW_RUSH_SAMPLE,HISTORICAL TEST ONLY,PASS
historical_test,2025,1,DET,WAS,00-0031237,T.Bridgewater,QB,1.1257585974376263,3.0608277189605397,3.445753119895226,0-15,1.0217215566182265,3.520600241381461,3.520600241381461,True,273,11,91,60,Medium,ROUTE_PROXY_UNVALIDATED|LOW_CURRENT_SAMPLE|LOW_PLAYER_SAMPLE|LOW_RUSH_SAMPLE,HISTORICAL TEST ONLY,PASS
historical_test,2025,1,TB,NO,00-0032385,S.Shepard,WR,0.4488178401201788,7.482426182853077,3.358246358246792,0-15,1.0217215566182265,3.431192696655403,3.431192696655403,False,274,6,10,75,Medium,ROUTE_PROXY_UNVALIDATED|LOW_CURRENT_SAMPLE|LOW_RUSH_SAMPLE,HISTORICAL TEST ONLY,PASS
historical_test,2025,1,ARI,SF,00-0038582,C.Tune,QB,1.9166676883467173,1.749814840276823,3.3538135649481586,0-15,1.0217215566182265,3.4266636161861563,3.4266636161861563,True,275,9,92,60,Medium,ROUTE_PROXY_UNVALIDATED|LOW_CURRENT_SAMPLE|LOW_PLAYER_SAMPLE|LOW_RUSH_SAMPLE,HISTORICAL TEST ONLY,PASS
historical_test,2025,1,CHI,GB,00-0034827,D.Moore,WR,0.5874170925301728,5.42528332571022,3.186904157341124,0-15,1.0217215566182265,3.2561286764316706,3.2561286764316706,False,276,8,11,75,Medium,ROUTE_PROXY_UNVALIDATED|LOW_CURRENT_SAMPLE|LOW_RUSH_SAMPLE,HISTORICAL TEST ONLY,PASS
historical_test,2025,1,ATL,CAR,00-0034407,R.McCloud,WR,0.4389795925301729,7.205246695673591,3.162956258546168,0-15,1.0217215566182265,3.2316605919971524,3.2316605919971524,False,277,7,12,75,Medium,ROUTE_PROXY_UNVALIDATED|LOW_CURRENT_SAMPLE|LOW_RUSH_SAMPLE,HISTORICAL TEST ONLY,PASS
historical_test,2025,1,ARI,SEA,00-0036936,R.Moore,WR,0.5416630422964009,5.76591324897088,3.123182112054692,0-15,1.0217215566182265,3.19102248913072,3.19102248913072,False,278,10,13,75,Medium,ROUTE_PROXY_UNVALIDATED|LOW_CURRENT_SAMPLE,HISTORICAL TEST ONLY,PASS
historical_test,2025,1,LV,LAC,00-0039407,D.Laube,RB,2.043439185140803,1.5,3.065158777711204,0-15,1.0217215566182265,3.131738797645112,3.131738797645112,True,279,12,174,60,Medium,ROUTE_PROXY_UNVALIDATED|LOW_CURRENT_SAMPLE|LOW_PLAYER_SAMPLE|LOW_RUSH_SAMPLE,HISTORICAL TEST ONLY,PASS
historical_test,2025,1,TB,CAR,00-0036928,K.Trask,QB,2.00909193077096,1.5,3.01363789615644,0-15,1.0217215566182265,3.079098802344635,3.079098802344635,True,280,7,93,60,Medium,ROUTE_PROXY_UNVALIDATED|LOW_CURRENT_SAMPLE|LOW_PLAYER_SAMPLE|LOW_RUSH_SAMPLE,HISTORICAL TEST ONLY,PASS
historical_test,2025,1,HOU,KC,00-0038977,T.Dell,WR,0.5730613502332541,5.035203960630855,2.8854807803789466,0-15,1.0217215566182265,2.948157914520752,2.948157914520752,False,281,10,14,75,Medium,ROUTE_PROXY_UNVALIDATED|LOW_CURRENT_SAMPLE,HISTORICAL TEST ONLY,PASS
historical_test,2025,1,LAC,HOU,00-0038573,D.Davis,WR,0.6540949000168039,4.32530367573057,2.8291590753193017,0-15,1.0217215566182265,2.890612814355819,2.890612814355819,False,282,10,15,75,Medium,ROUTE_PROXY_UNVALIDATED|LOW_CURRENT_SAMPLE,HISTORICAL TEST ONLY,PASS
historical_test,2025,1,BAL,HOU,00-0026300,J.Johnson,QB,1.6257585974376263,1.7075529355149184,2.7760688654932353,0-15,1.0217215566182265,2.8363694025311426,2.8363694025311426,False,283,7,94,60,Medium,ROUTE_PROXY_UNVALIDATED|LOW_CURRENT_SAMPLE|LOW_PLAYER_SAMPLE|LOW_RUSH_SAMPLE,HISTORICAL TEST ONLY,PASS
historical_test,2025,1,MIN,ATL,00-0033319,N.Mullens,QB,1.6118697085487377,1.720693961155944,2.7735344736700043,0-15,1.0217215566182265,2.8337799597724302,2.8337799597724302,False,284,7,95,60,Medium,ROUTE_PROXY_UNVALIDATED|LOW_CURRENT_SAMPLE|LOW_PLAYER_SAMPLE|LOW_RUSH_SAMPLE,HISTORICAL TEST ONLY,PASS
historical_test,2025,1,NYJ,SEA,00-0039920,M.Corley,WR,0.3432994454713494,8.0,2.746395563770795,0-15,1.0217215566182265,2.8060515505052885,2.8060515505052885,False,285,11,16,60,Medium,ROUTE_PROXY_UNVALIDATED|LOW_CURRENT_SAMPLE|LOW_PLAYER_SAMPLE|LOW_RUSH_SAMPLE,HISTORICAL TEST ONLY,PASS
historical_test,2025,1,KC,LV,00-0035140,M.Hardman,WR,0.3425418697137736,8.0,2.7403349577101888,0-15,1.0217215566182265,2.799859298646996,2.799859298646996,False,286,13,17,75,Medium,ROUTE_PROXY_UNVALIDATED|LOW_CURRENT_SAMPLE|LOW_RUSH_SAMPLE,HISTORICAL TEST ONLY,PASS
historical_test,2025,1,BAL,CLE,00-0039064,Z.Flowers,WR,0.4437196135385762,5.964297527882317,2.646475794101027,0-15,1.0217215566182265,2.7039613679013583,2.7039613679013583,False,287,8,18,75,Medium,ROUTE_PROXY_UNVALIDATED|LOW_CURRENT_SAMPLE|LOW_RUSH_SAMPLE,HISTORICAL TEST ONLY,PASS
historical_test,2025,1,IND,JAX,00-0035021,A.Dulin,WR,0.3317609839328878,7.799092849519743,2.5874347175406194,0-15,1.0217215566182265,2.643637827253643,2.643637827253643,False,288,8,19,60,Medium,ROUTE_PROXY_UNVALIDATED|LOW_CURRENT_SAMPLE|LOW_PLAYER_SAMPLE|LOW_RUSH_SAMPLE,HISTORICAL TEST ONLY,PASS
historical_test,2025,1,LV,LAC,00-0038563,T.Tucker,WR,0.4663386611576238,5.496753668233194,2.563348746357125,0-15,1.0217215566182265,2.619028671283381,2.619028671283381,False,289,13,20,75,Medium,ROUTE_PROXY_UNVALIDATED|LOW_CURRENT_SAMPLE|LOW_RUSH_SAMPLE,HISTORICAL TEST ONLY,PASS
historical_test,2025,1,DEN,BUF,00-0038976,M.Mims,WR,0.6364367003733101,3.856176182853077,2.4542120458731587,0-15,1.0217215566182265,2.507521351780726,2.507521351780726,False,290,8,21,75,Medium,ROUTE_PROXY_UNVALIDATED|LOW_CURRENT_SAMPLE,HISTORICAL TEST ONLY,PASS
historical_test,2025,1,MIA,SEA,00-0038092,E.Ezukanma,WR,0.459966112138016,5.276627534685165,2.4270698523295398,0-15,1.0217215566182265,2.4797895875433067,2.4797895875433067,False,291,9,22,60,Medium,ROUTE_PROXY_UNVALIDATED|LOW_CURRENT_SAMPLE|LOW_PLAYER_SAMPLE|LOW_RUSH_SAMPLE,HISTORICAL TEST ONLY,PASS
historical_test,2025,1,TEN,HOU,00-0034837,C.Ridley,WR,0.4035935631184081,5.846151673049155,2.359469184256551,0-15,1.0217215566182265,2.4107205277313404,2.4107205277313404,False,292,8,23,75,Medium,ROUTE_PROXY_UNVALIDATED|LOW_CURRENT_SAMPLE|LOW_RUSH_SAMPLE,HISTORICAL TEST ONLY,PASS
historical_test,2025,1,TB,CAR,00-0039589,K.Johnson,WR,0.4182994454713493,5.524092849519744,2.3107249756863544,0-15,1.0217215566182265,2.3609175190748757,2.3609175190748757,False,293,8,24,60,Medium,ROUTE_PROXY_UNVALIDATED|LOW_CURRENT_SAMPLE|LOW_PLAYER_SAMPLE|LOW_RUSH_SAMPLE,HISTORICAL TEST ONLY,PASS
historical_test,2025,1,MIA,NYJ,00-0033040,T.Hill,WR,0.3815347395889964,5.8133785638054585,2.21800587647377,0-15,1.0217215566182265,2.266184416699154,2.266184416699154,False,294,10,25,75,Medium,ROUTE_PROXY_UNVALIDATED|LOW_CURRENT_SAMPLE|LOW_RUSH_SAMPLE,HISTORICAL TEST ONLY,PASS
historical_test,2025,1,JAX,IND,00-0039893,B.Thomas,WR,0.3080053278242905,7.149092849519744,2.20195868676262,0-15,1.0217215566182265,2.24978865704813,2.24978865704813,False,295,8,26,75,Medium,ROUTE_PROXY_UNVALIDATED|LOW_CURRENT_SAMPLE|LOW_RUSH_SAMPLE,HISTORICAL TEST ONLY,PASS
historical_test,2025,1,PHI,NYG,00-0039747,A.Smith,WR,0.5432994454713493,3.899092849519744,2.1183749829853804,0-15,1.0217215566182265,2.164389385116932,2.164389385116932,False,296,10,27,60,Medium,ROUTE_PROXY_UNVALIDATED|LOW_CURRENT_SAMPLE|LOW_PLAYER_SAMPLE|LOW_RUSH_SAMPLE,HISTORICAL TEST ONLY,PASS
historical_test,2025,1,TB,WAS,00-0039855,J.McMillan,WR,0.2575851597570636,8.0,2.0606812780565087,0-15,1.0217215566182265,2.1054424831099325,2.1054424831099325,False,297,9,28,75,Medium,ROUTE_PROXY_UNVALIDATED|LOW_CURRENT_SAMPLE|LOW_RUSH_SAMPLE,HISTORICAL TEST ONLY,PASS
historical_test,2025,1,SF,ARI,00-0039916,R.Pearsall,WR,0.2478449000168038,8.0,1.9827592001344303,0-15,1.0217215566182265,2.0258278163604597,2.0258278163604597,False,298,11,29,75,Medium,ROUTE_PROXY_UNVALIDATED|LOW_CURRENT_SAMPLE|LOW_RUSH_SAMPLE,HISTORICAL TEST ONLY,PASS
historical_test,2025,1,LV,KC,00-0036527,D.Turner,WR,0.3174222524888932,6.239092849519744,1.9804269057819044,0-15,1.0217215566182265,2.0234448609441054,2.0234448609441054,False,299,14,30,75,Medium,ROUTE_PROXY_UNVALIDATED|LOW_CURRENT_SAMPLE|LOW_RUSH_SAMPLE,HISTORICAL TEST ONLY,PASS
historical_test,2025,1,LA,PHI,00-0038359,X.Smith,WR,0.2307994454713493,7.799092849519743,1.8000263048487224,0-15,1.0217215566182265,1.839125678143791,1.839125678143791,False,300,12,31,60,Medium,ROUTE_PROXY_UNVALIDATED|LOW_CURRENT_SAMPLE|LOW_PLAYER_SAMPLE|LOW_RUSH_SAMPLE,HISTORICAL TEST ONLY,PASS
historical_test,2025,1,CAR,ARI,00-0037487,D.Thompkins,WR,0.3578827788046826,5.008183758610653,1.7923427202960605,0-15,1.0217215566182265,1.8312751941742373,1.8312751941742373,False,301,9,32,75,Medium,ROUTE_PROXY_UNVALIDATED|LOW_CURRENT_SAMPLE|LOW_RUSH_SAMPLE,HISTORICAL TEST ONLY,PASS
historical_test,2025,1,NO,ATL,00-0036364,L.Bowden,WR,0.2861483364140481,5.776627534685165,1.6529723591337437,0-15,1.0217215566182265,1.6888774918210308,1.6888774918210308,False,302,11,33,75,Medium,ROUTE_PROXY_UNVALIDATED|LOW_CURRENT_SAMPLE|LOW_RUSH_SAMPLE,HISTORICAL TEST ONLY,PASS
historical_test,2025,1,MIA,NYJ,00-0039880,M.Washington,WR,0.3111565883284922,5.199092849519744,1.6177319934596224,0-15,1.0217215566182265,1.652871650548672,1.652871650548672,False,303,11,34,75,Medium,ROUTE_PROXY_UNVALIDATED|LOW_CURRENT_SAMPLE|LOW_RUSH_SAMPLE,HISTORICAL TEST ONLY,PASS
historical_test,2025,1,CAR,ATL,00-0039342,X.Legette,WR,0.3432994454713494,4.549092849519743,1.5617010526378086,0-15,1.0217215566182265,1.5956236304734246,1.5956236304734246,False,304,10,35,75,Medium,ROUTE_PROXY_UNVALIDATED|LOW_CURRENT_SAMPLE|LOW_RUSH_SAMPLE,HISTORICAL TEST ONLY,PASS
historical_test,2025,1,NYG,PHI,00-0038117,W.Robinson,WR,0.2252847395889964,6.536592849519744,1.4725946179033513,0-15,1.0217215566182265,1.5045816652718347,1.5045816652718347,False,305,11,36,75,Medium,ROUTE_PROXY_UNVALIDATED|LOW_CURRENT_SAMPLE|LOW_RUSH_SAMPLE,HISTORICAL TEST ONLY,PASS
historical_test,2025,1,GB,CHI,00-0038124,C.Watson,WR,0.2661565883284922,5.311592849519744,1.4137154314181894,0-15,1.0217215566182265,1.4444235312038,1.4444235312038,False,306,12,37,75,Medium,ROUTE_PROXY_UNVALIDATED|LOW_CURRENT_SAMPLE|LOW_RUSH_SAMPLE,HISTORICAL TEST ONLY,PASS
historical_test,2025,1,ARI,SF,00-0035500,G.Dortch,WR,0.2358128144553065,5.929092849519744,1.3981560720120838,0-15,1.0217215566182265,1.4285261982914115,1.4285261982914115,False,307,11,38,75,Medium,ROUTE_PROXY_UNVALIDATED|LOW_CURRENT_SAMPLE|LOW_RUSH_SAMPLE,HISTORICAL TEST ONLY,PASS
historical_test,2025,1,CLE,HOU,00-0030068,M.Goodwin,WR,0.2208074273231389,6.239127534685165,1.3776456996747894,0-15,1.0217215566182265,1.4075703087401317,1.4075703087401317,False,308,13,39,75,Medium,ROUTE_PROXY_UNVALIDATED|LOW_CURRENT_SAMPLE|LOW_RUSH_SAMPLE,HISTORICAL TEST ONLY,PASS
historical_test,2025,1,TEN,JAX,00-0032398,C.Moore,WR,0.1632316697473814,8.0,1.3058533579790512,0-15,1.0217215566182265,1.3342185256294943,1.3342185256294943,False,309,9,40,75,Medium,ROUTE_PROXY_UNVALIDATED|LOW_CURRENT_SAMPLE|LOW_RUSH_SAMPLE,HISTORICAL TEST ONLY,PASS
historical_test,2025,1,CIN,PIT,00-0036900,J.Chase,WR,0.1769892850435419,7.299092849519743,1.2918612249029282,0-15,1.0217215566182265,1.3199224616425487,1.3199224616425487,False,310,8,41,75,Medium,ROUTE_PROXY_UNVALIDATED|LOW_CURRENT_SAMPLE|LOW_RUSH_SAMPLE,HISTORICAL TEST ONLY,PASS
historical_test,2025,1,LV,LAC,00-0034960,J.Meyers,WR,0.1583532089122095,8.0,1.266825671297676,0-15,1.0217215566182265,1.2943430968421912,1.2943430968421912,False,311,15,42,75,Medium,ROUTE_PROXY_UNVALIDATED|LOW_CURRENT_SAMPLE|LOW_RUSH_SAMPLE,HISTORICAL TEST ONLY,PASS
historical_test,2025,1,NE,BUF,00-0038621,D.Douglas,WR,0.228716112138016,5.377880728307622,1.2300079717204813,0-15,1.0217215566182265,1.2567256595190777,1.2567256595190777,False,312,9,43,75,Medium,ROUTE_PROXY_UNVALIDATED|LOW_CURRENT_SAMPLE|LOW_RUSH_SAMPLE,HISTORICAL TEST ONLY,PASS
historical_test,2025,1,SEA,LA,00-0038543,J.Smith-Njigba,WR,0.227122974883114,5.329092849519744,1.2103594214112552,0-15,1.0217215566182265,1.2366503121118437,1.2366503121118437,False,313,7,44,75,Medium,ROUTE_PROXY_UNVALIDATED|LOW_CURRENT_SAMPLE|LOW_RUSH_SAMPLE,HISTORICAL TEST ONLY,PASS
historical_test,2025,1,BUF,KC,00-0033282,C.Samuel,WR,0.281267359909852,4.173259516186411,1.173801686336418,0-15,1.0217215566182265,1.1992984861247442,1.1992984861247442,False,314,10,45,75,Medium,ROUTE_PROXY_UNVALIDATED|LOW_CURRENT_SAMPLE|LOW_RUSH_SAMPLE,HISTORICAL TEST ONLY,PASS
historical_test,2025,1,BAL,BUF,00-0034928,S.Sims,WR,0.1842085363804402,6.282426182853077,1.157276532061521,0-15,1.0217215566182265,1.1824143797756401,1.1824143797756401,False,315,9,46,60,Medium,ROUTE_PROXY_UNVALIDATED|LOW_CURRENT_SAMPLE|LOW_PLAYER_SAMPLE|LOW_RUSH_SAMPLE,HISTORICAL TEST ONLY,PASS
historical_test,2025,1,HOU,IND,00-0031588,S.Diggs,WR,0.2770957417676456,4.01575951618641,1.112749861898155,0-15,1.0217215566182265,1.1369205210252995,1.1369205210252995,False,316,11,47,75,Medium,ROUTE_PROXY_UNVALIDATED|LOW_CURRENT_SAMPLE|LOW_RUSH_SAMPLE,HISTORICAL TEST ONLY,PASS
historical_test,2025,1,WAS,PHI,00-0036626,D.Brown,WR,0.156044543510565,7.0407595161864105,1.0986721046709749,0-15,1.0217215566182265,1.1225369729974515,1.1225369729974515,False,317,9,48,75,Medium,ROUTE_PROXY_UNVALIDATED|LOW_CURRENT_SAMPLE|LOW_RUSH_SAMPLE,HISTORICAL TEST ONLY,PASS
historical_test,2025,1,NO,TB,00-0037231,K.Austin,WR,0.1370494454713493,7.799092849519743,1.0688613502062465,0-15,1.0217215566182265,1.0920786825417854,1.0920786825417854,False,318,12,49,75,Medium,ROUTE_PROXY_UNVALIDATED|LOW_CURRENT_SAMPLE|LOW_RUSH_SAMPLE,HISTORICAL TEST ONLY,PASS
historical_test,2025,1,TEN,IND,00-0037742,T.Burks,WR,0.3682994454713493,2.8276642780911723,1.041427185600122,0-15,1.0217215566182265,1.0640486051758953,1.0640486051758953,False,319,10,50,75,Medium,ROUTE_PROXY_UNVALIDATED|LOW_CURRENT_SAMPLE|LOW_RUSH_SAMPLE,HISTORICAL TEST ONLY,PASS
historical_test,2025,1,MIA,NYJ,00-0036613,J.Waddle,WR,0.2432994454713493,4.180342849519744,1.0170750971682738,0-15,1.0217215566182265,1.0391675514764027,1.0391675514764027,False,320,12,51,75,Medium,ROUTE_PROXY_UNVALIDATED|LOW_CURRENT_SAMPLE|LOW_RUSH_SAMPLE,HISTORICAL TEST ONLY,PASS
historical_test,2025,1,MIN,LA,00-0038994,J.Addison,WR,0.1673524757743796,5.990759516186411,1.0025684368027203,0-15,1.0217215566182265,1.0243457838663774,1.0243457838663774,False,321,8,52,75,Medium,ROUTE_PROXY_UNVALIDATED|LOW_CURRENT_SAMPLE|LOW_RUSH_SAMPLE,HISTORICAL TEST ONLY,PASS
historical_test,2025,1,IND,CIN,00-0033466,I.McKenzie,WR,0.1875906441063557,5.343294201351832,1.0023520008813458,0-15,1.0217215566182265,1.0241246466198826,1.0241246466198826,False,322,9,53,75,Medium,ROUTE_PROXY_UNVALIDATED|LOW_CURRENT_SAMPLE|LOW_RUSH_SAMPLE,HISTORICAL TEST ONLY,PASS
historical_test,2025,1,NE,PIT,00-0032200,T.Montgomery,WR,0.1980801545958662,4.926627534685165,0.9758671437066887,0-15,1.0217215566182265,0.9970644971205805,0.9970644971205805,False,323,10,54,75,Medium,ROUTE_PROXY_UNVALIDATED|LOW_CURRENT_SAMPLE|LOW_RUSH_SAMPLE,HISTORICAL TEST ONLY,PASS
historical_test,2025,1,CLE,PIT,00-0036913,K.Toney,WR,0.5797577788046826,1.668323618750513,0.9672235955341876,0-15,1.0217215566182265,0.9882331976270681,0.9882331976270681,False,324,14,55,75,Medium,ROUTE_PROXY_UNVALIDATED|LOW_CURRENT_SAMPLE|LOW_RUSH_SAMPLE,HISTORICAL TEST ONLY,PASS
historical_test,2025,1,SEA,NYJ,00-0036268,L.Shenault,WR,0.2738550010269049,3.4260159264428207,0.9382315950541913,0-15,1.0217215566182265,0.9586114457671698,0.9586114457671698,False,325,8,56,75,Medium,ROUTE_PROXY_UNVALIDATED|LOW_CURRENT_SAMPLE|LOW_RUSH_SAMPLE,HISTORICAL TEST ONLY,PASS
historical_test,2025,1,CHI,GB,00-0039919,R.Odunze,WR,0.1756523866478199,5.199092849519744,0.9132330674217578,0-15,1.0217215566182265,0.9330699112013962,0.9330699112013962,False,326,9,57,75,Medium,ROUTE_PROXY_UNVALIDATED|LOW_CURRENT_SAMPLE|LOW_RUSH_SAMPLE,HISTORICAL TEST ONLY,PASS
historical_test,2025,1,NYG,PHI,00-0035535,D.Slayton,WR,0.1209509606228645,7.474092849519744,0.9039987099338957,0-15,1.0217215566182265,0.9236349690945286,0.9236349690945286,False,327,12,58,75,Medium,ROUTE_PROXY_UNVALIDATED|LOW_CURRENT_SAMPLE|LOW_RUSH_SAMPLE,HISTORICAL TEST ONLY,PASS
historical_test,2025,1,JAX,CAR,00-0033572,J.Agnew,WR,0.2208074273231389,4.051627534685165,0.8946294524054231,0-15,1.0217215566182265,0.9140621967081805,0.9140621967081805,False,328,9,59,75,Medium,ROUTE_PROXY_UNVALIDATED|LOW_CURRENT_SAMPLE|LOW_RUSH_SAMPLE,HISTORICAL TEST ONLY,PASS
historical_test,2025,1,NYJ,MIA,00-0038496,X.Gipson,WR,0.1388876807654669,5.976870627297521,0.830113699660594,0-15,1.0217215566182265,0.848145061387337,0.848145061387337,False,329,12,60,75,Medium,ROUTE_PROXY_UNVALIDATED|LOW_CURRENT_SAMPLE|LOW_RUSH_SAMPLE,HISTORICAL TEST ONLY,PASS
historical_test,2025,1,CHI,GB,00-0038941,T.Scott,WR,0.1462406219419376,5.64091324897088,0.8249306618500174,0-15,1.0217215566182265,0.8428494399275036,0.8428494399275036,False,330,10,61,75,Medium,ROUTE_PROXY_UNVALIDATED|LOW_CURRENT_SAMPLE|LOW_RUSH_SAMPLE,HISTORICAL TEST ONLY,PASS
historical_test,2025,1,NE,NYJ,00-0038104,T.Thornton,WR,0.100991753163657,8.0,0.807934025309256,0-15,1.0217215566182265,0.8254836099838025,0.8254836099838025,False,331,11,62,75,Medium,ROUTE_PROXY_UNVALIDATED|LOW_CURRENT_SAMPLE|LOW_RUSH_SAMPLE,HISTORICAL TEST ONLY,PASS
historical_test,2025,1,LA,PHI,00-0039751,J.Whittington,WR,0.1370494454713493,5.849092849519744,0.8016149315371154,0-15,1.0217215566182265,0.8190272556585146,0.8190272556585146,False,332,13,63,75,Medium,ROUTE_PROXY_UNVALIDATED|LOW_CURRENT_SAMPLE|LOW_RUSH_SAMPLE,HISTORICAL TEST ONLY,PASS
historical_test,2025,1,DET,WAS,00-0032464,K.Raymond,WR,0.1952225223944262,4.032426182853078,0.7872204107859055,0-15,1.0217215566182265,0.8043200635098151,0.8043200635098151,False,333,12,64,75,Medium,ROUTE_PROXY_UNVALIDATED|LOW_CURRENT_SAMPLE|LOW_RUSH_SAMPLE,HISTORICAL TEST ONLY,PASS
historical_test,2025,1,LAC,KC,00-0036387,J.Reagor,WR,0.3200851597570636,2.424092849519744,0.7759161470044827,0-15,1.0217215566182265,0.7927702535226367,0.7927702535226367,False,334,11,65,75,Medium,ROUTE_PROXY_UNVALIDATED|LOW_CURRENT_SAMPLE|LOW_RUSH_SAMPLE,HISTORICAL TEST ONLY,PASS
historical_test,2025,1,TB,BAL,00-0033921,C.Godwin,WR,0.1628049399768438,4.749092849519744,0.7731757763105201,0-15,1.0217215566182265,0.7899703577114904,0.7899703577114904,False,335,10,66,75,Medium,ROUTE_PROXY_UNVALIDATED|LOW_CURRENT_SAMPLE|LOW_RUSH_SAMPLE,HISTORICAL TEST ONLY,PASS
historical_test,2025,1,LA,PHI,00-0036849,T.Atwell,WR,0.1622510583745751,4.706235706662601,0.7635917243662234,0-15,1.0217215566182265,0.7801781252402534,0.7801781252402534,False,336,14,67,75,Medium,ROUTE_PROXY_UNVALIDATED|LOW_CURRENT_SAMPLE|LOW_RUSH_SAMPLE,HISTORICAL TEST ONLY,PASS
historical_test,2025,1,NO,CAR,00-0037239,C.Olave,WR,0.116216112138016,6.499092849519744,0.7552993033951646,0-15,1.0217215566182265,0.7717055799775697,0.7717055799775697,False,337,13,68,75,Medium,ROUTE_PROXY_UNVALIDATED|LOW_CURRENT_SAMPLE|LOW_RUSH_SAMPLE,HISTORICAL TEST ONLY,PASS
historical_test,2025,1,JAX,IND,00-0036331,D.Duvernay,WR,0.2685741707460746,2.8115928495197435,0.755121218035358,0-15,1.0217215566182265,0.7715236263265373,0.7715236263265373,False,338,10,69,75,Medium,ROUTE_PROXY_UNVALIDATED|LOW_CURRENT_SAMPLE|LOW_RUSH_SAMPLE,HISTORICAL TEST ONLY,PASS
historical_test,2025,1,DAL,WAS,00-0031236,B.Cooks,WR,0.2766327788046827,2.604648405075299,0.7205311261051648,0-15,1.0217215566182265,0.7361821837560526,0.7361821837560526,False,339,11,70,75,Medium,ROUTE_PROXY_UNVALIDATED|LOW_CURRENT_SAMPLE|LOW_RUSH_SAMPLE,HISTORICAL TEST ONLY,PASS
historical_test,2025,1,BUF,KC,00-0039901,K.Coleman,WR,0.0901744454713493,7.799092849519743,0.7032788728850083,0-15,1.0217215566182265,0.7185551847407826,0.7185551847407826,False,340,11,71,75,Medium,ROUTE_PROXY_UNVALIDATED|LOW_CURRENT_SAMPLE|LOW_RUSH_SAMPLE,HISTORICAL TEST ONLY,PASS
historical_test,2025,1,IND,JAX,00-0038997,J.Downs,WR,0.0870782473146673,8.0,0.6966259785173384,0-15,1.0217215566182265,0.7117577791514302,0.7117577791514302,False,341,10,72,75,Medium,ROUTE_PROXY_UNVALIDATED|LOW_CURRENT_SAMPLE|LOW_RUSH_SAMPLE,HISTORICAL TEST ONLY,PASS
historical_test,2025,1,NYG,PHI,00-0036635,I.Smith-Marsette,WR,0.1057994454713493,6.489127534685165,0.6865460947625545,0-15,1.0217215566182265,0.7014589446309616,0.7014589446309616,False,342,13,73,75,Medium,ROUTE_PROXY_UNVALIDATED|LOW_CURRENT_SAMPLE|LOW_RUSH_SAMPLE,HISTORICAL TEST ONLY,PASS
historical_test,2025,1,PIT,BAL,00-0037837,C.Austin,WR,0.1218708740427779,5.47208208013971,0.6668874259404487,0-15,1.0217215566182265,0.6813732589209975,0.6813732589209975,False,343,9,74,75,Medium,ROUTE_PROXY_UNVALIDATED|LOW_CURRENT_SAMPLE|LOW_RUSH_SAMPLE,HISTORICAL TEST ONLY,PASS
historical_test,2025,1,PHI,KC,00-0037741,J.Dotson,WR,0.0821252030471069,8.0,0.6570016243768552,0-15,1.0217215566182265,0.6712727223590238,0.6712727223590238,False,344,11,75,75,Medium,ROUTE_PROXY_UNVALIDATED|LOW_CURRENT_SAMPLE|LOW_RUSH_SAMPLE,HISTORICAL TEST ONLY,PASS
historical_test,2025,1,NYG,PHI,00-0039337,M.Nabers,WR,0.2932994454713493,2.2090928495197435,0.6479257077588636,0-15,1.0217215566182265,0.6619996627043523,0.6619996627043523,False,345,14,76,75,Medium,ROUTE_PROXY_UNVALIDATED|LOW_CURRENT_SAMPLE|LOW_RUSH_SAMPLE,HISTORICAL TEST ONLY,PASS
historical_test,2025,1,LA,PHI,00-0033908,C.Kupp,WR,0.1425057946776985,4.532426182853078,0.6458969950054855,0-15,1.0217215566182265,0.6599268831520395,0.6599268831520395,False,346,15,77,75,Medium,ROUTE_PROXY_UNVALIDATED|LOW_CURRENT_SAMPLE|LOW_RUSH_SAMPLE,HISTORICAL TEST ONLY,PASS
historical_test,2025,1,IND,JAX,00-0039890,A.Mitchell,WR,0.2197700337066434,2.924092849519744,0.642627984100309,0-15,1.0217215566182265,0.6565868642414006,0.6565868642414006,False,347,11,78,75,Medium,ROUTE_PROXY_UNVALIDATED|LOW_CURRENT_SAMPLE|LOW_RUSH_SAMPLE,HISTORICAL TEST ONLY,PASS
historical_test,2025,1,DET,WAS,00-0036963,A.St. Brown,WR,0.1461522983242022,4.291949992376887,0.6272783556784242,0-15,1.0217215566182265,0.6409038179966811,0.6409038179966811,False,348,13,79,75,Medium,ROUTE_PROXY_UNVALIDATED|LOW_CURRENT_SAMPLE|LOW_RUSH_SAMPLE,HISTORICAL TEST ONLY,PASS
historical_test,2025,1,LAC,HOU,00-0038544,Q.Johnston,WR,0.1825039909258948,3.3740928495197435,0.6157854107918779,0-15,1.0217215566182265,0.6291612284570716,0.6291612284570716,False,349,12,80,75,Medium,ROUTE_PROXY_UNVALIDATED|LOW_CURRENT_SAMPLE|LOW_RUSH_SAMPLE,HISTORICAL TEST ONLY,PASS
historical_test,2025,1,NE,BUF,00-0033307,K.Bourne,WR,0.109966112138016,5.599092849519744,0.6157104721614518,0-15,1.0217215566182265,0.6290846620429418,0.6290846620429418,False,350,12,81,75,Medium,ROUTE_PROXY_UNVALIDATED|LOW_CURRENT_SAMPLE|LOW_RUSH_SAMPLE,HISTORICAL TEST ONLY,PASS
historical_test,2025,1,SF,ARI,00-0039365,J.Cowing,WR,0.0932994454713493,6.499092849519744,0.6063617589270035,0-15,1.0217215566182265,0.6195328802046638,0.6195328802046638,False,351,12,82,60,Medium,ROUTE_PROXY_UNVALIDATED|LOW_CURRENT_SAMPLE|LOW_PLAYER_SAMPLE|LOW_RUSH_SAMPLE,HISTORICAL TEST ONLY,PASS
historical_test,2025,1,DEN,BUF,00-0039868,T.Franklin,WR,0.1315347395889964,4.549092849519743,0.598363743327745,0-15,1.0217215566182265,0.6113611352567325,0.6113611352567325,False,352,9,83,75,Medium,ROUTE_PROXY_UNVALIDATED|LOW_CURRENT_SAMPLE|LOW_RUSH_SAMPLE,HISTORICAL TEST ONLY,PASS
historical_test,2025,1,HOU,LAC,00-0035216,D.Johnson,WR,0.1458635480354519,3.899092849519744,0.5687355171506102,0-15,1.0217215566182265,0.5810893378871935,0.5810893378871935,False,353,12,84,75,Medium,ROUTE_PROXY_UNVALIDATED|LOW_CURRENT_SAMPLE|LOW_RUSH_SAMPLE,HISTORICAL TEST ONLY,PASS
historical_test,2025,1,HOU,KC,00-0038618,X.Hutchinson,WR,0.084966112138016,6.6266275346851655,0.5630387782089242,0-15,1.0217215566182265,0.5752688569080464,0.5752688569080464,False,354,13,85,75,Medium,ROUTE_PROXY_UNVALIDATED|LOW_CURRENT_SAMPLE|LOW_RUSH_SAMPLE,HISTORICAL TEST ONLY,PASS
historical_test,2025,1,WAS,PHI,00-0035208,O.Zaccheaus,WR,0.0776797510740658,7.149092849519744,0.5553397529560774,0-15,1.0217215566182265,0.5674025968422648,0.5674025968422648,False,355,10,86,75,Medium,ROUTE_PROXY_UNVALIDATED|LOW_CURRENT_SAMPLE|LOW_RUSH_SAMPLE,HISTORICAL TEST ONLY,PASS
historical_test,2025,1,KC,SF,00-0038090,S.Moore,WR,0.0901744454713493,6.093294201351832,0.5494594257006897,0-15,1.0217215566182265,0.5613945397254655,0.5613945397254655,False,356,14,87,75,Medium,ROUTE_PROXY_UNVALIDATED|LOW_CURRENT_SAMPLE|LOW_RUSH_SAMPLE,HISTORICAL TEST ONLY,PASS
historical_test,2025,1,ARI,LA,00-0038559,Mi.Wilson,WR,0.0831701351265217,6.499092849519744,0.5405304304943681,0-15,1.0217215566182265,0.5522715928442259,0.5522715928442259,False,357,12,88,75,Medium,ROUTE_PROXY_UNVALIDATED|LOW_CURRENT_SAMPLE|LOW_RUSH_SAMPLE,HISTORICAL TEST ONLY,PASS
historical_test,2025,1,KC,LAC,00-0039067,R.Rice,WR,0.209966112138016,2.536592849519744,0.5325985386907521,0-15,1.0217215566182265,0.544167408003708,0.544167408003708,False,358,15,89,75,Medium,ROUTE_PROXY_UNVALIDATED|LOW_CURRENT_SAMPLE|LOW_RUSH_SAMPLE,HISTORICAL TEST ONLY,PASS
historical_test,2025,1,KC,PHI,00-0035662,M.Brown,WR,0.0710772232491271,7.051627534685165,0.5012101045525093,0-15,1.0217215566182265,0.5120971682161738,0.5120971682161738,False,359,16,90,75,Medium,ROUTE_PROXY_UNVALIDATED|LOW_CURRENT_SAMPLE|LOW_RUSH_SAMPLE,HISTORICAL TEST ONLY,PASS
historical_test,2025,1,MIA,CLE,00-0036620,D.Eskridge,WR,0.0988550010269049,4.801627534685165,0.4746648948721169,0-15,1.0217215566182265,0.4849753552607661,0.4849753552607661,False,360,13,91,60,Medium,ROUTE_PROXY_UNVALIDATED|LOW_CURRENT_SAMPLE|LOW_PLAYER_SAMPLE|LOW_RUSH_SAMPLE,HISTORICAL TEST ONLY,PASS
historical_test,2025,1,DAL,WAS,00-0039062,J.Mingo,WR,0.1319693962102656,3.574092849519744,0.4716708753505483,0-15,1.0217215566182265,0.4819163009746437,0.4819163009746437,False,361,12,92,75,Medium,ROUTE_PROXY_UNVALIDATED|LOW_CURRENT_SAMPLE|LOW_RUSH_SAMPLE,HISTORICAL TEST ONLY,PASS
historical_test,2025,1,BUF,KC,00-0037261,K.Shakir,WR,0.1196883343602382,3.9157595161864105,0.46867073424760364,0-15,1.0217215566182265,0.47885099213686877,0.47885099213686877,False,362,12,93,75,Medium,ROUTE_PROXY_UNVALIDATED|LOW_CURRENT_SAMPLE|LOW_RUSH_SAMPLE,HISTORICAL TEST ONLY,PASS
historical_test,2025,1,NYJ,MIA,00-0037740,G.Wilson,WR,0.1462406219419376,3.1574261828530767,0.46174396871619194,0-15,1.0217215566182265,0.47177376647578534,0.47177376647578534,False,363,13,94,75,Medium,ROUTE_PROXY_UNVALIDATED|LOW_CURRENT_SAMPLE|LOW_RUSH_SAMPLE,HISTORICAL TEST ONLY,PASS
historical_test,2025,1,TB,NO,00-0039052,T.Palmer,WR,0.0727112101772317,6.114127534685165,0.44456561222489255,0-15,1.0217215566182265,0.45422226934135207,0.45422226934135207,False,364,11,95,75,Medium,ROUTE_PROXY_UNVALIDATED|LOW_CURRENT_SAMPLE|LOW_RUSH_SAMPLE,HISTORICAL TEST ONLY,PASS
historical_test,2025,1,TEN,JAX,00-0033009,T.Boyd,WR,0.1000702788046827,4.315759516186411,0.4318792580387366,0-15,1.0217215566182265,0.44126034779446266,0.44126034779446266,False,365,11,96,75,Medium,ROUTE_PROXY_UNVALIDATED|LOW_CURRENT_SAMPLE|LOW_RUSH_SAMPLE,HISTORICAL TEST ONLY,PASS
historical_test,2025,1,LA,PHI,00-0032775,D.Robinson,WR,0.0522280168999207,8.0,0.4178241351993656,0-15,1.0217215566182265,0.4268999258085602,0.4268999258085602,False,366,16,97,75,Medium,ROUTE_PROXY_UNVALIDATED|LOW_CURRENT_SAMPLE|LOW_RUSH_SAMPLE,HISTORICAL TEST ONLY,PASS
historical_test,2025,1,CIN,PHI,00-0038576,C.Jones,WR,0.0710772232491271,5.801627534685165,0.41236357549110036,0-15,1.0217215566182265,0.42132075424342463,0.42132075424342463,False,367,9,98,75,Medium,ROUTE_PROXY_UNVALIDATED|LOW_CURRENT_SAMPLE|LOW_RUSH_SAMPLE,HISTORICAL TEST ONLY,PASS
historical_test,2025,1,NO,TB,00-0034272,M.Valdes-Scantling,WR,0.0893367415086454,4.549092849519743,0.40640113199637246,0-15,1.0217215566182265,0.415228797194743,0.415228797194743,False,368,14,99,75,Medium,ROUTE_PROXY_UNVALIDATED|LOW_CURRENT_SAMPLE|LOW_RUSH_SAMPLE,HISTORICAL TEST ONLY,PASS
historical_test,2025,1,BAL,BUF,00-0036550,R.Bateman,WR,0.0504423026142065,8.0,0.403538420913652,0-15,1.0217215566182265,0.4123039035711576,0.4123039035711576,False,369,10,100,75,Medium,ROUTE_PROXY_UNVALIDATED|LOW_CURRENT_SAMPLE|LOW_RUSH_SAMPLE,HISTORICAL TEST ONLY,PASS
historical_test,2025,1,MIN,LA,00-0034646,B.Powell,WR,0.0800641513537022,5.026627534685165,0.40245266773572,0-15,1.0217215566182265,0.4111945661440978,0.4111945661440978,False,370,9,101,75,Medium,ROUTE_PROXY_UNVALIDATED|LOW_CURRENT_SAMPLE|LOW_RUSH_SAMPLE,HISTORICAL TEST ONLY,PASS
historical_test,2025,1,CHI,SF,00-0031763,D.Carter,WR,0.0682994454713493,5.676627534685165,0.3877105127663894,0-15,1.0217215566182265,0.39613218862092614,0.39613218862092614,False,371,11,102,75,Medium,ROUTE_PROXY_UNVALIDATED|LOW_CURRENT_SAMPLE|LOW_RUSH_SAMPLE,HISTORICAL TEST ONLY,PASS
historical_test,2025,1,CLE,BAL,00-0036980,E.Moore,WR,0.1462406219419376,2.649092849519744,0.38740498589570704,0-15,1.0217215566182265,0.3958200252310239,0.3958200252310239,False,372,15,103,75,Medium,ROUTE_PROXY_UNVALIDATED|LOW_CURRENT_SAMPLE|LOW_RUSH_SAMPLE,HISTORICAL TEST ONLY,PASS
historical_test,2025,1,MIA,IND,00-0034419,B.Berrios,WR,0.0541690106887406,6.926627534685165,0.3752085609632857,0-15,1.0217215566182265,0.383358674963893,0.383358674963893,False,373,14,104,75,Medium,ROUTE_PROXY_UNVALIDATED|LOW_CURRENT_SAMPLE|LOW_RUSH_SAMPLE,HISTORICAL TEST ONLY,PASS
historical_test,2025,1,BAL,WAS,00-0035215,D.Harty,WR,0.0867777063409145,4.176627534685165,0.362438157700287,0-15,1.0217215566182265,0.3703108786633795,0.3703108786633795,False,374,11,105,75,Medium,ROUTE_PROXY_UNVALIDATED|LOW_CURRENT_SAMPLE|LOW_RUSH_SAMPLE,HISTORICAL TEST ONLY,PASS
historical_test,2025,1,HOU,KC,00-0037614,J.Metchie,WR,0.0618179639898678,5.801627534685165,0.35864480202179305,0-15,1.0217215566182265,0.36643512539474205,0.36643512539474205,False,375,14,106,75,Medium,ROUTE_PROXY_UNVALIDATED|LOW_CURRENT_SAMPLE|LOW_RUSH_SAMPLE,HISTORICAL TEST ONLY,PASS
historical_test,2025,1,NO,ATL,00-0039614,J.Jackson,WR,0.2307994454713493,1.5,0.34619916820702396,0-15,1.0217215566182265,0.35371915304041573,0.35371915304041573,False,376,15,107,60,Medium,ROUTE_PROXY_UNVALIDATED|LOW_CURRENT_SAMPLE|LOW_PLAYER_SAMPLE|LOW_RUSH_SAMPLE,HISTORICAL TEST ONLY,PASS
historical_test,2025,1,PIT,BAL,00-0036862,B.Skowronek,WR,0.0641327788046826,5.301627534685165,0.34000810598677844,0-15,1.0217215566182265,0.3473936113116262,0.3473936113116262,False,377,10,108,75,Medium,ROUTE_PROXY_UNVALIDATED|LOW_CURRENT_SAMPLE|LOW_RUSH_SAMPLE,HISTORICAL TEST ONLY,PASS
historical_test,2025,1,HOU,KC,00-0036554,N.Collins,WR,0.0594284777294138,5.551627534685165,0.3299247733070378,0-15,1.0217215566182265,0.33709125295018216,0.33709125295018216,False,378,15,109,75,Medium,ROUTE_PROXY_UNVALIDATED|LOW_CURRENT_SAMPLE|LOW_RUSH_SAMPLE,HISTORICAL TEST ONLY,PASS
historical_test,2025,1,JAX,GB,00-0034775,C.Kirk,WR,0.0557994454713493,5.676627534685165,0.3167526685828249,0-15,1.0217215566182265,0.3236330296074211,0.3236330296074211,False,379,11,110,75,Medium,ROUTE_PROXY_UNVALIDATED|LOW_CURRENT_SAMPLE|LOW_RUSH_SAMPLE,HISTORICAL TEST ONLY,PASS
historical_test,2025,1,KC,PHI,00-0030564,D.Hopkins,WR,0.0571883343602382,5.301627534685165,0.3031912481070206,0-15,1.0217215566182265,0.309777033968928,0.309777033968928,False,380,17,111,75,Medium,ROUTE_PROXY_UNVALIDATED|LOW_CURRENT_SAMPLE|LOW_RUSH_SAMPLE,HISTORICAL TEST ONLY,PASS
historical_test,2025,1,HOU,KC,00-0030431,R.Woods,WR,0.0511119454713493,5.926627534685165,0.3029214633818255,0-15,1.0217215566182265,0.3095013890995499,0.3095013890995499,False,381,16,112,75,Medium,ROUTE_PROXY_UNVALIDATED|LOW_CURRENT_SAMPLE|LOW_RUSH_SAMPLE,HISTORICAL TEST ONLY,PASS
historical_test,2025,1,LAC,NE,00-0036988,J.Palmer,WR,0.0532994454713493,5.676627534685165,0.302561099746112,0-15,1.0217215566182265,0.30913319780472004,0.30913319780472004,False,382,13,113,75,Medium,ROUTE_PROXY_UNVALIDATED|LOW_CURRENT_SAMPLE|LOW_RUSH_SAMPLE,HISTORICAL TEST ONLY,PASS
historical_test,2025,1,CHI,GB,00-0030279,K.Allen,WR,0.0611565883284922,4.926627534685165,0.30129573198655507,0-15,1.0217215566182265,0.30784034428773105,0.30784034428773105,False,383,12,114,75,Medium,ROUTE_PROXY_UNVALIDATED|LOW_CURRENT_SAMPLE|LOW_RUSH_SAMPLE,HISTORICAL TEST ONLY,PASS
historical_test,2025,1,CAR,ATL,00-0030035,A.Thielen,WR,0.0525587047306086,5.676627534685165,0.29835619046116024,0-15,1.0217215566182265,0.3048369513446607,0.3048369513446607,False,384,11,115,75,Medium,ROUTE_PROXY_UNVALIDATED|LOW_CURRENT_SAMPLE|LOW_RUSH_SAMPLE,HISTORICAL TEST ONLY,PASS
historical_test,2025,1,PIT,BAL,00-0037247,G.Pickens,WR,0.1554206575925614,1.8740928495197435,0.2912727430618758,0-15,1.0217215566182265,0.29759964044164045,0.29759964044164045,False,385,11,116,75,Medium,ROUTE_PROXY_UNVALIDATED|LOW_CURRENT_SAMPLE|LOW_RUSH_SAMPLE,HISTORICAL TEST ONLY,PASS
historical_test,2025,1,ATL,WAS,00-0036309,D.Mooney,WR,0.059966112138016,4.801627534685165,0.287934935189916,0-15,1.0217215566182265,0.2941893301870091,0.2941893301870091,False,386,8,117,75,Medium,ROUTE_PROXY_UNVALIDATED|LOW_CURRENT_SAMPLE|LOW_RUSH_SAMPLE,HISTORICAL TEST ONLY,PASS
historical_test,2025,1,PIT,BAL,00-0033536,M.Williams,WR,0.0571883343602382,4.926627534685165,0.28174562272193127,0-15,1.0217215566182265,0.28786557621782316,0.28786557621782316,False,387,12,118,75,Medium,ROUTE_PROXY_UNVALIDATED|LOW_CURRENT_SAMPLE|LOW_RUSH_SAMPLE,HISTORICAL TEST ONLY,PASS
historical_test,2025,1,WAS,PHI,00-0035659,T.McLaurin,WR,0.1068129589848628,2.599092849519744,0.2776167979336026,0-15,1.0217215566182265,0.2836470669280881,0.2836470669280881,False,388,11,119,75,Medium,ROUTE_PROXY_UNVALIDATED|LOW_CURRENT_SAMPLE|LOW_RUSH_SAMPLE,HISTORICAL TEST ONLY,PASS
historical_test,2025,1,PIT,BAL,00-0036415,V.Jefferson,WR,0.0516327788046826,5.176627534685165,0.2672836644526286,0-15,1.0217215566182265,0.2730894817031634,0.2730894817031634,False,389,13,120,75,Medium,ROUTE_PROXY_UNVALIDATED|LOW_CURRENT_SAMPLE|LOW_RUSH_SAMPLE,HISTORICAL TEST ONLY,PASS
historical_test,2025,1,MIN,LA,00-0037291,J.Nailor,WR,0.1765231296818756,1.5,0.2647846945228134,0-15,1.0217215566182265,0.2705362302565305,0.2705362302565305,False,390,10,121,75,Medium,ROUTE_PROXY_UNVALIDATED|LOW_CURRENT_SAMPLE|LOW_RUSH_SAMPLE,HISTORICAL TEST ONLY,PASS
historical_test,2025,1,SEA,LA,00-0038752,J.Bobo,WR,0.0529148300867339,4.926627534685165,0.2606916588984903,0-15,1.0217215566182265,0.26635428752715323,0.26635428752715323,False,391,9,122,75,Medium,ROUTE_PROXY_UNVALIDATED|LOW_CURRENT_SAMPLE|LOW_RUSH_SAMPLE,HISTORICAL TEST ONLY,PASS
historical_test,2025,1,TB,CAR,00-0038821,R.Jarrett,WR,0.059966112138016,4.176627534685165,0.25045611510365595,0-15,1.0217215566182265,0.25589641178826106,0.25589641178826106,False,392,12,123,75,Medium,ROUTE_PROXY_UNVALIDATED|LOW_CURRENT_SAMPLE|LOW_RUSH_SAMPLE,HISTORICAL TEST ONLY,PASS
historical_test,2025,1,ATL,CAR,00-0034854,K.Hodge,WR,0.053716112138016,4.176627534685165,0.22435219301187365,0-15,1.0217215566182265,0.22922547187480433,0.22922547187480433,False,393,9,124,75,Medium,ROUTE_PROXY_UNVALIDATED|LOW_CURRENT_SAMPLE|LOW_RUSH_SAMPLE,HISTORICAL TEST ONLY,PASS
historical_test,2025,1,GB,PHI,00-0038393,D.Wicks,WR,0.0504423026142065,4.426627534685165,0.223289285664968,0-15,1.0217215566182265,0.22813947652578295,0.22813947652578295,False,394,13,125,75,Medium,ROUTE_PROXY_UNVALIDATED|LOW_CURRENT_SAMPLE|LOW_RUSH_SAMPLE,HISTORICAL TEST ONLY,PASS
historical_test,2025,1,WAS,TEN,00-0033591,N.Brown,WR,0.0546630818349857,3.926627534685165,0.21464156226400333,0-15,1.0217215566182265,0.21930391111134545,0.21930391111134545,False,395,12,126,75,Medium,ROUTE_PROXY_UNVALIDATED|LOW_CURRENT_SAMPLE|LOW_RUSH_SAMPLE,HISTORICAL TEST ONLY,PASS
historical_test,2025,1,SF,ARI,00-0033292,T.Taylor,WR,0.0580053278242905,3.676627534685165,0.21326398543722597,0-15,1.0217215566182265,0.2178964111715293,0.2178964111715293,False,396,13,127,60,Medium,ROUTE_PROXY_UNVALIDATED|LOW_CURRENT_SAMPLE|LOW_PLAYER_SAMPLE|LOW_RUSH_SAMPLE,HISTORICAL TEST ONLY,PASS
historical_test,2025,1,PHI,KC,00-0036912,D.Smith,WR,0.0800641513537022,2.599092849519744,0.20809416328627395,0-15,1.0217215566182265,0.21261429243601923,0.21261429243601923,False,397,12,128,75,Medium,ROUTE_PROXY_UNVALIDATED|LOW_CURRENT_SAMPLE|LOW_RUSH_SAMPLE,HISTORICAL TEST ONLY,PASS
historical_test,2025,1,SF,ARI,00-0036259,J.Jennings,WR,0.0513639616003816,3.926627534685165,0.20168714591056988,0-15,1.0217215566182265,0.20606810466963482,0.20606810466963482,False,398,14,129,75,Medium,ROUTE_PROXY_UNVALIDATED|LOW_CURRENT_SAMPLE|LOW_RUSH_SAMPLE,HISTORICAL TEST ONLY,PASS
historical_test,2025,1,JAX,DET,00-0036196,G.Davis,WR,0.0529148300867339,3.676627534685165,0.19454812129007285,0-15,1.0217215566182265,0.19877400932164477,0.19877400932164477,False,399,12,130,75,Medium,ROUTE_PROXY_UNVALIDATED|LOW_CURRENT_SAMPLE|LOW_RUSH_SAMPLE,HISTORICAL TEST ONLY,PASS
historical_test,2025,1,NE,LAC,00-0039907,J.Polk,WR,0.0968708740427779,1.949092849519744,0.1888103279235062,0-15,1.0217215566182265,0.19291158215160253,0.19291158215160253,False,400,13,131,75,Medium,ROUTE_PROXY_UNVALIDATED|LOW_CURRENT_SAMPLE|LOW_RUSH_SAMPLE,HISTORICAL TEST ONLY,PASS
historical_test,2025,1,CLE,PIT,00-0038979,C.Tillman,WR,0.1238550010269049,1.5,0.18578250154035736,0-15,1.0217215566182265,0.18981798666624197,0.18981798666624197,False,401,16,132,75,Medium,ROUTE_PROXY_UNVALIDATED|LOW_CURRENT_SAMPLE|LOW_RUSH_SAMPLE,HISTORICAL TEST ONLY,PASS
historical_test,2025,1,MIN,LA,00-0036322,J.Jefferson,WR,0.0889343661062699,2.024092849519744,0.18001141451227196,0-15,1.0217215566182265,0.1839215426445273,0.1839215426445273,False,402,11,133,75,Medium,ROUTE_PROXY_UNVALIDATED|LOW_CURRENT_SAMPLE|LOW_RUSH_SAMPLE,HISTORICAL TEST ONLY,PASS
historical_test,2025,1,CAR,ATL,00-0033589,D.Moore,WR,0.0875023440220739,1.949092849519744,0.17055019304964095,0-15,1.0217215566182265,0.17425480872421817,0.17425480872421817,False,403,12,134,75,Medium,ROUTE_PROXY_UNVALIDATED|LOW_CURRENT_SAMPLE|LOW_RUSH_SAMPLE,HISTORICAL TEST ONLY,PASS
historical_test,2025,1,TEN,WAS,00-0039392,J.Jackson,WR,0.1057994454713493,1.5,0.15869916820702396,0-15,1.0217215566182265,0.16214636117449827,0.16214636117449827,False,404,12,135,60,Medium,ROUTE_PROXY_UNVALIDATED|LOW_CURRENT_SAMPLE|LOW_PLAYER_SAMPLE|LOW_RUSH_SAMPLE,HISTORICAL TEST ONLY,PASS
historical_test,2025,1,ATL,CAR,00-0037238,D.London,WR,0.0802869677529892,1.5,0.12043045162948379,0-15,1.0217215566182265,0.12304638850311221,0.12304638850311221,False,405,10,136,75,Medium,ROUTE_PROXY_UNVALIDATED|LOW_CURRENT_SAMPLE|LOW_RUSH_SAMPLE,HISTORICAL TEST ONLY,PASS
