season,week,team,team_plays,team_pass_attempts,team_rush_attempts,team_tds,projected_team_plays,projected_team_pass_attempts,projected_team_rush_attempts,projected_team_tds,projected_pass_rate,projected_rush_rate,projected_team_tds_placeholder
2023,1,ARI,58.0,33.0,25.0,0.0,62.0,34.0,27.0,2.4,0.5573770491803278,0.4426229508196721,2.4
2023,2,ARI,61.0,31.0,30.0,3.0,58.0,33.0,25.0,0.0,0.5689655172413793,0.43103448275862066,0.0
2023,3,ARI,55.0,24.0,31.0,3.0,59.5,32.0,27.5,1.5,0.5378151260504201,0.46218487394957986,1.5
2023,4,ARI,68.0,42.0,26.0,2.0,58.0,29.333333333333332,28.666666666666668,2.0,0.5057471264367815,0.4942528735632184,2.0
2023,5,ARI,57.0,35.0,22.0,4.0,60.5,32.5,28.0,2.0,0.5371900826446281,0.4628099173553719,2.0
2023,6,ARI,73.0,43.0,30.0,0.0,60.25,33.0,27.25,3.0,0.5477178423236515,0.45228215767634855,3.0
2023,7,ARI,63.0,38.0,25.0,1.0,63.25,36.0,27.25,2.25,0.5691699604743083,0.4308300395256917,2.25
2023,8,ARI,73.0,40.0,33.0,3.0,65.25,39.5,25.75,1.75,0.6053639846743295,0.3946360153256705,1.75
2023,9,ARI,48.0,27.0,21.0,0.0,66.5,39.0,27.5,2.0,0.5864661654135338,0.41353383458646614,2.0
2023,10,ARI,61.0,35.0,26.0,2.0,64.25,37.0,27.25,1.0,0.5758754863813229,0.42412451361867703,1.0
2023,11,ARI,59.0,33.0,26.0,2.0,61.25,35.0,26.25,1.5,0.5714285714285714,0.42857142857142855,1.5
2023,12,ARI,66.0,50.0,16.0,2.0,60.25,33.75,26.5,1.75,0.5601659751037344,0.43983402489626555,1.75
2023,13,ARI,63.0,25.0,38.0,3.0,58.5,36.25,22.25,1.5,0.6196581196581197,0.3803418803418803,1.5
2023,15,ARI,73.0,43.0,30.0,4.0,62.25,35.75,26.5,2.25,0.5742971887550201,0.42570281124497994,2.25
2023,16,ARI,61.0,41.0,20.0,2.0,65.25,37.75,27.5,2.75,0.578544061302682,0.421455938697318,2.75
2023,17,ARI,73.0,33.0,40.0,5.0,65.75,39.75,26.0,2.75,0.6045627376425855,0.39543726235741444,2.75
2023,18,ARI,69.0,31.0,38.0,2.0,67.5,35.5,32.0,3.5,0.5259259259259259,0.4740740740740741,3.5
2024,1,ARI,61.0,35.0,26.0,3.0,69.0,37.0,32.0,3.25,0.5362318840579711,0.463768115942029,3.25
2024,2,ARI,62.0,22.0,40.0,5.0,66.0,35.0,31.0,3.0,0.5303030303030303,0.4696969696969697,3.0
2024,3,ARI,53.0,35.0,18.0,1.0,66.25,30.25,36.0,3.75,0.45660377358490567,0.5433962264150943,3.75
2024,4,ARI,58.0,26.0,32.0,2.0,61.25,30.75,30.5,2.75,0.5020408163265306,0.49795918367346936,2.75
2024,5,ARI,58.0,31.0,27.0,3.0,58.5,29.5,29.0,2.75,0.5042735042735043,0.49572649572649574,2.75
2024,6,ARI,55.0,32.0,23.0,1.0,57.75,28.5,29.25,2.75,0.4935064935064935,0.5064935064935064,2.75
2024,7,ARI,55.0,26.0,29.0,2.0,56.0,31.0,25.0,1.75,0.5535714285714286,0.44642857142857145,1.75
2024,8,ARI,63.0,36.0,27.0,3.0,56.5,28.75,27.75,2.0,0.5088495575221239,0.4911504424778761,2.0
2024,9,ARI,57.0,23.0,34.0,3.0,57.75,31.25,26.5,2.25,0.5411255411255411,0.4588744588744589,2.25
2024,10,ARI,57.0,25.0,32.0,4.0,57.5,29.25,28.25,2.25,0.508695652173913,0.49130434782608695,2.25
2024,12,ARI,56.0,42.0,14.0,1.0,58.0,27.5,30.5,3.0,0.47413793103448276,0.5258620689655172,3.0
2024,13,ARI,77.0,46.0,31.0,1.0,58.25,31.5,26.75,2.75,0.5407725321888412,0.4592274678111588,2.75
2024,14,ARI,64.0,40.0,24.0,2.0,61.75,34.0,27.75,2.25,0.5506072874493927,0.4493927125506073,2.25
2024,15,ARI,64.0,32.0,32.0,3.0,63.5,38.25,25.25,2.0,0.6023622047244095,0.39763779527559057,2.0
2024,16,ARI,64.0,35.0,29.0,3.0,65.25,40.0,25.25,1.75,0.6130268199233716,0.38697318007662834,1.75
2024,17,ARI,74.0,52.0,22.0,1.0,67.25,38.25,29.0,2.25,0.5687732342007435,0.4312267657992565,2.25
2024,18,ARI,63.0,35.0,28.0,6.0,66.5,39.75,26.75,2.25,0.5977443609022557,0.40225563909774437,2.25
2023,1,ATL,48.0,22.0,26.0,3.0,62.0,34.0,27.0,2.4,0.5573770491803278,0.4426229508196721,2.4
2023,2,ATL,78.0,33.0,45.0,2.0,48.0,22.0,26.0,3.0,0.4583333333333333,0.5416666666666666,3.0
2023,3,ATL,65.0,45.0,20.0,0.0,63.0,27.5,35.5,2.5,0.4365079365079365,0.5634920634920635,2.5
2023,4,ATL,57.0,35.0,22.0,2.0,63.666666666666664,33.333333333333336,30.333333333333332,1.6666666666666667,0.5235602094240838,0.4764397905759162,1.6666666666666667
2023,5,ATL,75.0,39.0,36.0,2.0,62.0,33.75,28.25,1.75,0.5443548387096774,0.45564516129032256,1.75
2023,6,ATL,80.0,50.0,30.0,2.0,68.75,38.0,30.75,1.5,0.5527272727272727,0.44727272727272727,1.5
2023,7,ATL,64.0,26.0,38.0,1.0,69.25,42.25,27.0,1.5,0.6101083032490975,0.3898916967509025,1.5
2023,8,ATL,66.0,40.0,26.0,2.0,69.0,37.5,31.5,1.75,0.5434782608695652,0.45652173913043476,1.75
2023,9,ATL,67.0,39.0,28.0,2.0,71.25,38.75,32.5,1.75,0.543859649122807,0.45614035087719296,1.75
2023,10,ATL,66.0,25.0,41.0,3.0,69.25,38.75,30.5,1.75,0.5595667870036101,0.4404332129963899,1.75
2023,12,ATL,62.0,21.0,41.0,2.0,65.75,32.5,33.25,2.0,0.49429657794676807,0.5057034220532319,2.0
2023,13,ATL,64.0,30.0,34.0,1.0,65.25,31.25,34.0,2.25,0.4789272030651341,0.5210727969348659,2.25
2023,14,ATL,70.0,44.0,26.0,3.0,64.75,28.75,36.0,2.0,0.444015444015444,0.555984555984556,2.0
2023,15,ATL,51.0,20.0,31.0,1.0,65.5,30.0,35.5,2.25,0.4580152671755725,0.5419847328244275,2.25
2023,16,ATL,64.0,34.0,30.0,2.0,61.75,28.75,33.0,1.75,0.46558704453441296,0.5344129554655871,1.75
2023,17,ATL,59.0,35.0,24.0,2.0,62.25,32.0,30.25,1.75,0.5140562248995983,0.4859437751004016,1.75
2023,18,ATL,60.0,35.0,25.0,2.0,61.0,33.25,27.75,2.0,0.5450819672131147,0.45491803278688525,2.0
2024,1,ATL,50.0,28.0,22.0,1.0,58.5,31.0,27.5,1.75,0.5299145299145299,0.4700854700854701,1.75
2024,2,ATL,59.0,31.0,28.0,2.0,58.25,33.0,25.25,1.75,0.5665236051502146,0.4334763948497854,1.75
2024,3,ATL,56.0,31.0,25.0,2.0,57.0,32.25,24.75,1.75,0.5657894736842105,0.4342105263157895,1.75
2024,4,ATL,51.0,36.0,15.0,1.0,56.25,31.25,25.0,1.75,0.5555555555555556,0.4444444444444444,1.75
2024,5,ATL,81.0,63.0,18.0,4.0,54.0,31.5,22.5,1.5,0.5833333333333334,0.4166666666666667,1.5
2024,6,ATL,69.0,30.0,39.0,4.0,61.75,40.25,21.5,2.25,0.6518218623481782,0.3481781376518219,2.25
2024,7,ATL,71.0,39.0,32.0,3.0,64.25,40.0,24.25,2.75,0.622568093385214,0.377431906614786,2.75
2024,8,ATL,60.0,31.0,29.0,4.0,68.0,42.0,26.0,3.0,0.6176470588235294,0.38235294117647056,3.0
2024,9,ATL,57.0,27.0,30.0,4.0,70.25,40.75,29.5,3.75,0.5800711743772242,0.4199288256227758,3.75
2024,10,ATL,73.0,41.0,32.0,2.0,64.25,31.75,32.5,3.75,0.49416342412451364,0.5058365758754864,3.75
2024,11,ATL,56.0,35.0,21.0,0.0,65.25,34.5,30.75,3.25,0.5287356321839081,0.47126436781609193,3.25
2024,13,ATL,77.0,40.0,37.0,2.0,61.5,33.5,28.0,2.5,0.5447154471544715,0.45528455284552843,2.5
2024,14,ATL,71.0,38.0,33.0,2.0,65.75,35.75,30.0,2.0,0.5437262357414449,0.45627376425855515,2.0
2024,15,ATL,57.0,20.0,37.0,1.0,69.25,38.5,30.75,1.5,0.555956678700361,0.44404332129963897,1.5
2024,16,ATL,65.0,27.0,38.0,2.0,65.25,33.25,32.0,1.25,0.5095785440613027,0.4904214559386973,1.25
2024,17,ATL,60.0,37.0,23.0,3.0,67.5,31.25,36.25,1.75,0.46296296296296297,0.5370370370370371,1.75
2024,18,ATL,77.0,39.0,38.0,5.0,63.25,30.5,32.75,2.0,0.48221343873517786,0.5177865612648221,2.0
2023,1,BAL,59.0,26.0,33.0,3.0,62.0,34.0,27.0,2.4,0.5573770491803278,0.4426229508196721,2.4
2023,2,BAL,70.0,33.0,37.0,4.0,59.0,26.0,33.0,3.0,0.4406779661016949,0.559322033898305,3.0
2023,3,BAL,72.0,35.0,37.0,2.0,64.5,29.5,35.0,3.5,0.4573643410852713,0.5426356589147286,3.5
2023,4,BAL,55.0,22.0,33.0,4.0,67.0,31.333333333333332,35.666666666666664,3.0,0.46766169154228854,0.5323383084577115,3.0
2023,5,BAL,67.0,42.0,25.0,1.0,64.0,29.0,35.0,3.25,0.453125,0.546875,3.25
2023,6,BAL,70.0,31.0,39.0,1.0,66.0,33.0,33.0,2.75,0.5,0.5,2.75
2023,7,BAL,55.0,28.0,27.0,5.0,66.0,32.5,33.5,2.0,0.49242424242424243,0.5075757575757576,2.0
2023,8,BAL,60.0,31.0,29.0,4.0,61.75,30.75,31.0,2.75,0.4979757085020243,0.5020242914979757,2.75
2023,9,BAL,75.0,34.0,41.0,4.0,63.0,33.0,30.0,2.75,0.5238095238095238,0.47619047619047616,2.75
2023,10,BAL,50.0,26.0,24.0,4.0,65.0,31.0,34.0,3.5,0.47692307692307695,0.5230769230769231,3.5
2023,11,BAL,60.0,29.0,31.0,4.0,60.0,29.75,30.25,4.25,0.49583333333333335,0.5041666666666667,4.25
2023,12,BAL,69.0,34.0,35.0,2.0,61.25,30.0,31.25,4.0,0.4897959183673469,0.5102040816326531,4.0
2023,14,BAL,72.0,46.0,26.0,3.0,63.5,30.75,32.75,3.5,0.484251968503937,0.515748031496063,3.5
2023,15,BAL,69.0,27.0,42.0,2.0,62.75,33.75,29.0,3.25,0.5378486055776892,0.46215139442231074,3.25
2023,16,BAL,63.0,37.0,26.0,3.0,67.5,34.0,33.5,2.75,0.5037037037037037,0.4962962962962963,2.75
2023,17,BAL,55.0,23.0,32.0,8.0,68.25,36.0,32.25,2.5,0.5274725274725275,0.4725274725274725,2.5
2023,18,BAL,57.0,32.0,25.0,1.0,64.75,33.25,31.5,4.0,0.5135135135135135,0.4864864864864865,4.0
2023,20,BAL,67.0,25.0,42.0,5.0,61.0,29.75,31.25,3.5,0.48770491803278687,0.5122950819672131,3.5
2023,21,BAL,57.0,41.0,16.0,1.0,60.5,29.25,31.25,4.25,0.4834710743801653,0.5165289256198347,4.25
2024,1,BAL,74.0,42.0,32.0,2.0,59.0,30.25,28.75,3.75,0.5127118644067796,0.4872881355932203,3.75
2024,2,BAL,63.0,36.0,27.0,2.0,63.75,35.0,28.75,2.25,0.5490196078431373,0.45098039215686275,2.25
2024,3,BAL,60.0,15.0,45.0,4.0,65.25,36.0,29.25,2.5,0.5517241379310345,0.4482758620689655,2.5
2024,4,BAL,54.0,20.0,34.0,5.0,63.5,33.5,30.0,2.25,0.5275590551181102,0.47244094488188976,2.25
2024,5,BAL,77.0,43.0,34.0,5.0,62.75,28.25,34.5,3.25,0.450199203187251,0.549800796812749,3.25
2024,6,BAL,65.0,28.0,37.0,3.0,63.5,28.5,35.0,4.0,0.44881889763779526,0.5511811023622047,4.0
2024,7,BAL,54.0,24.0,30.0,5.0,64.0,26.5,37.5,4.25,0.4140625,0.5859375,4.25
2024,8,BAL,62.0,41.0,21.0,3.0,62.5,28.75,33.75,4.5,0.46,0.54,4.5
2024,9,BAL,54.0,20.0,34.0,5.0,64.5,34.0,30.5,4.0,0.5271317829457365,0.4728682170542636,4.0
2024,10,BAL,59.0,33.0,26.0,5.0,58.75,28.25,30.5,4.0,0.4808510638297872,0.5191489361702127,4.0
2024,11,BAL,55.0,36.0,19.0,2.0,57.25,29.5,27.75,4.5,0.5152838427947598,0.4847161572052402,4.5
2024,12,BAL,61.0,24.0,37.0,4.0,57.5,32.5,25.0,3.75,0.5652173913043478,0.43478260869565216,3.75
2024,13,BAL,71.0,39.0,32.0,2.0,57.25,28.25,29.0,4.0,0.49344978165938863,0.5065502183406113,4.0
2024,15,BAL,59.0,28.0,31.0,5.0,61.5,33.0,28.5,3.25,0.5365853658536586,0.4634146341463415,3.25
2024,16,BAL,62.0,24.0,38.0,3.0,61.5,31.75,29.75,3.25,0.516260162601626,0.483739837398374,3.25
2024,17,BAL,61.0,18.0,43.0,4.0,63.25,28.75,34.5,3.5,0.45454545454545453,0.5454545454545454,3.5
2024,18,BAL,67.0,32.0,35.0,4.0,63.25,27.25,36.0,3.5,0.4308300395256917,0.5691699604743083,3.5
2024,19,BAL,72.0,22.0,50.0,4.0,62.25,25.5,36.75,4.0,0.40963855421686746,0.5903614457831325,4.0
2024,20,BAL,59.0,29.0,30.0,3.0,65.5,24.0,41.5,3.75,0.366412213740458,0.6335877862595419,3.75
2023,1,BUF,68.0,46.0,22.0,2.0,62.0,34.0,27.0,2.4,0.5573770491803278,0.4426229508196721,2.4
2023,2,BUF,74.0,39.0,35.0,5.0,68.0,46.0,22.0,2.0,0.6764705882352942,0.3235294117647059,2.0
2023,3,BUF,65.0,32.0,33.0,3.0,71.0,42.5,28.5,3.5,0.5985915492957746,0.4014084507042254,3.5
2023,4,BUF,56.0,27.0,29.0,6.0,69.0,39.0,30.0,3.3333333333333335,0.5652173913043478,0.43478260869565216,3.3333333333333335
2023,5,BUF,55.0,41.0,14.0,3.0,65.75,36.0,29.75,4.0,0.5475285171102662,0.4524714828897338,4.0
2023,6,BUF,59.0,30.0,29.0,2.0,62.5,34.75,27.75,4.25,0.556,0.444,4.25
2023,7,BUF,67.0,43.0,24.0,3.0,58.75,32.5,26.25,3.5,0.5531914893617021,0.44680851063829785,3.5
2023,8,BUF,68.0,42.0,26.0,3.0,59.25,35.25,24.0,3.5,0.5949367088607594,0.4050632911392405,3.5
2023,9,BUF,56.0,40.0,16.0,2.0,62.25,39.0,23.25,2.75,0.6265060240963856,0.37349397590361444,2.75
2023,10,BUF,53.0,27.0,26.0,3.0,62.5,38.75,23.75,2.5,0.62,0.38,2.5
2023,11,BUF,71.0,33.0,38.0,3.0,61.0,38.0,23.0,2.75,0.6229508196721312,0.3770491803278688,2.75
2023,12,BUF,92.0,52.0,40.0,4.0,62.0,35.5,26.5,2.75,0.5725806451612904,0.4274193548387097,2.75
2023,14,BUF,73.0,45.0,28.0,2.0,68.0,38.0,30.0,3.0,0.5588235294117647,0.4411764705882353,3.0
2023,15,BUF,65.0,16.0,49.0,4.0,72.25,39.25,33.0,3.0,0.5432525951557093,0.45674740484429066,3.0
2023,16,BUF,52.0,22.0,30.0,3.0,75.25,36.5,38.75,3.25,0.4850498338870432,0.5149501661129569,3.25
2023,17,BUF,68.0,31.0,37.0,2.0,70.5,33.75,36.75,3.25,0.4787234042553192,0.5212765957446809,3.25
2023,18,BUF,77.0,41.0,36.0,2.0,64.5,28.5,36.0,2.75,0.4418604651162791,0.5581395348837209,2.75
2023,19,BUF,66.0,32.0,34.0,4.0,65.5,27.5,38.0,2.75,0.4198473282442748,0.5801526717557252,2.75
2023,20,BUF,78.0,39.0,39.0,3.0,65.75,31.5,34.25,2.75,0.4790874524714829,0.5209125475285171,2.75
2024,1,BUF,58.0,25.0,33.0,4.0,72.25,35.75,36.5,2.75,0.49480968858131485,0.5051903114186851,2.75
2024,2,BUF,45.0,19.0,26.0,3.0,69.75,34.25,35.5,3.25,0.4910394265232975,0.5089605734767025,3.25
2024,3,BUF,60.0,31.0,29.0,6.0,61.75,28.75,33.0,3.5,0.46558704453441296,0.5344129554655871,3.5
2024,4,BUF,57.0,34.0,23.0,1.0,60.25,28.5,31.75,4.0,0.4730290456431535,0.5269709543568465,4.0
2024,5,BUF,59.0,31.0,28.0,2.0,55.0,27.25,27.75,3.5,0.4954545454545455,0.5045454545454545,3.5
2024,6,BUF,60.0,27.0,33.0,3.0,55.25,28.75,26.5,3.0,0.5203619909502263,0.4796380090497738,3.0
2024,7,BUF,54.0,34.0,20.0,4.0,59.0,30.75,28.25,3.0,0.5211864406779662,0.4788135593220339,3.0
2024,8,BUF,69.0,35.0,34.0,4.0,57.5,31.5,26.0,2.5,0.5478260869565217,0.45217391304347826,2.5
2024,9,BUF,60.0,41.0,19.0,3.0,60.5,31.75,28.75,3.25,0.5247933884297521,0.47520661157024796,3.25
2024,10,BUF,70.0,39.0,31.0,2.0,60.75,34.25,26.5,3.5,0.5637860082304527,0.43621399176954734,3.5
2024,11,BUF,71.0,40.0,31.0,4.0,63.25,37.25,26.0,3.25,0.5889328063241107,0.41106719367588934,3.25
2024,13,BUF,56.0,18.0,38.0,5.0,67.5,38.75,28.75,3.25,0.5740740740740741,0.42592592592592593,3.25
2024,14,BUF,54.0,37.0,17.0,7.0,64.25,34.5,29.75,3.5,0.5369649805447471,0.46303501945525294,3.5
2024,15,BUF,68.0,34.0,34.0,6.0,62.75,33.5,29.25,4.5,0.5338645418326693,0.46613545816733065,4.5
2024,16,BUF,58.0,30.0,28.0,2.0,62.25,32.25,30.0,5.5,0.5180722891566265,0.4819277108433735,5.5
2024,17,BUF,62.0,28.0,34.0,5.0,59.0,29.75,29.25,5.0,0.5042372881355932,0.4957627118644068,5.0
2024,18,BUF,65.0,32.0,33.0,2.0,60.5,32.25,28.25,5.0,0.5330578512396694,0.4669421487603306,5.0
2024,19,BUF,73.0,29.0,44.0,3.0,63.25,31.0,32.25,3.75,0.4901185770750988,0.5098814229249012,3.75
2024,20,BUF,59.0,23.0,36.0,3.0,64.5,29.75,34.75,3.0,0.46124031007751937,0.5387596899224806,3.0
2024,21,BUF,70.0,37.0,33.0,4.0,64.75,28.0,36.75,3.25,0.43243243243243246,0.5675675675675675,3.25
2023,1,CAR,72.0,40.0,32.0,1.0,62.0,34.0,27.0,2.4,0.5573770491803278,0.4426229508196721,2.4
2023,2,CAR,57.0,38.0,19.0,1.0,72.0,40.0,32.0,1.0,0.5555555555555556,0.4444444444444444,1.0
2023,3,CAR,75.0,61.0,14.0,3.0,64.5,39.0,25.5,1.0,0.6046511627906976,0.3953488372093023,1.0
2023,4,CAR,68.0,37.0,31.0,1.0,68.0,46.333333333333336,21.666666666666668,1.6666666666666667,0.6813725490196079,0.3186274509803922,1.6666666666666667
2023,5,CAR,65.0,42.0,23.0,3.0,68.0,44.0,24.0,1.5,0.6470588235294118,0.35294117647058826,1.5
2023,6,CAR,68.0,43.0,25.0,2.0,66.25,44.5,21.75,2.0,0.6716981132075471,0.3283018867924528,2.0
2023,8,CAR,61.0,37.0,24.0,1.0,69.0,45.75,23.25,2.25,0.6630434782608695,0.33695652173913043,2.25
2023,9,CAR,71.0,43.0,28.0,3.0,65.5,39.75,25.75,1.75,0.6068702290076335,0.3931297709923664,1.75
2023,10,CAR,57.0,41.0,16.0,0.0,66.25,41.25,25.0,2.25,0.6226415094339622,0.37735849056603776,2.25
2023,11,CAR,59.0,36.0,23.0,2.0,64.25,41.0,23.25,1.5,0.6381322957198443,0.36186770428015563,1.5
2023,12,CAR,67.0,35.0,32.0,1.0,62.0,39.25,22.75,1.5,0.6330645161290323,0.36693548387096775,1.5
2023,13,CAR,70.0,35.0,35.0,2.0,63.5,38.75,24.75,1.5,0.610236220472441,0.38976377952755903,1.5
2023,14,CAR,79.0,40.0,39.0,1.0,63.25,36.75,26.5,1.25,0.5810276679841897,0.4189723320158103,1.25
2023,15,CAR,63.0,27.0,36.0,0.0,68.75,36.5,32.25,1.5,0.5309090909090909,0.4690909090909091,1.5
2023,16,CAR,64.0,38.0,26.0,4.0,69.75,34.25,35.5,1.0,0.4910394265232975,0.5089605734767025,1.0
2023,17,CAR,53.0,38.0,15.0,0.0,69.0,35.0,34.0,1.75,0.5072463768115942,0.4927536231884058,1.75
2023,18,CAR,50.0,21.0,29.0,0.0,64.75,35.75,29.0,1.25,0.5521235521235521,0.44787644787644787,1.25
2024,1,CAR,55.0,35.0,20.0,1.0,57.5,31.0,26.5,1.0,0.5391304347826087,0.4608695652173913,1.0
2024,2,CAR,46.0,28.0,18.0,0.0,55.5,33.0,22.5,1.25,0.5945945945945946,0.40540540540540543,1.25
2024,3,CAR,71.0,40.0,31.0,4.0,51.0,30.5,20.5,0.25,0.5980392156862745,0.4019607843137255,0.25
2024,4,CAR,70.0,41.0,29.0,3.0,55.5,31.0,24.5,1.25,0.5585585585585585,0.44144144144144143,1.25
2024,5,CAR,58.0,39.0,19.0,1.0,60.5,36.0,24.5,2.0,0.5950413223140496,0.4049586776859504,2.0
2024,6,CAR,62.0,38.0,24.0,2.0,61.25,37.0,24.25,2.0,0.6040816326530613,0.39591836734693875,2.0
2024,7,CAR,43.0,20.0,23.0,2.0,65.25,39.5,25.75,2.5,0.6053639846743295,0.3946360153256705,2.5
2024,8,CAR,60.0,40.0,20.0,2.0,58.25,34.5,23.75,2.0,0.592274678111588,0.40772532188841204,2.0
2024,9,CAR,51.0,28.0,23.0,3.0,55.75,34.25,21.5,1.75,0.6143497757847534,0.38565022421524664,1.75
2024,10,CAR,58.0,26.0,32.0,2.0,54.0,31.5,22.5,2.25,0.5833333333333334,0.4166666666666667,2.25
2024,12,CAR,59.0,37.0,22.0,2.0,53.0,28.5,24.5,2.25,0.5377358490566038,0.46226415094339623,2.25
2024,13,CAR,68.0,47.0,21.0,2.0,57.0,32.75,24.25,2.25,0.5745614035087719,0.42543859649122806,2.25
2024,14,CAR,69.0,35.0,34.0,2.0,59.0,34.5,24.5,2.25,0.5847457627118644,0.4152542372881356,2.25
2024,15,CAR,50.0,34.0,16.0,2.0,63.5,36.25,27.25,2.0,0.5708661417322834,0.42913385826771655,2.0
2024,16,CAR,65.0,29.0,36.0,5.0,61.5,38.25,23.25,2.0,0.6219512195121951,0.3780487804878049,2.0
2024,17,CAR,46.0,33.0,13.0,3.0,63.0,36.25,26.75,2.75,0.5753968253968254,0.4246031746031746,2.75
2024,18,CAR,65.0,35.0,30.0,6.0,57.5,32.75,24.75,3.0,0.5695652173913044,0.43043478260869567,3.0
2023,1,CHI,72.0,42.0,30.0,3.0,62.0,34.0,27.0,2.4,0.5573770491803278,0.4426229508196721,2.4
2023,2,CHI,51.0,35.0,16.0,3.0,72.0,42.0,30.0,3.0,0.5833333333333334,0.4166666666666667,3.0
2023,3,CHI,51.0,25.0,26.0,1.0,61.5,38.5,23.0,3.0,0.6260162601626016,0.37398373983739835,3.0
2023,4,CHI,70.0,39.0,31.0,5.0,58.0,34.0,24.0,2.3333333333333335,0.5862068965517241,0.41379310344827586,2.3333333333333335
2023,5,CHI,64.0,32.0,32.0,4.0,61.0,35.25,25.75,3.0,0.5778688524590164,0.42213114754098363,3.0
2023,6,CHI,65.0,29.0,36.0,2.0,59.0,32.75,26.25,3.25,0.5550847457627118,0.4449152542372881,3.25
2023,7,CHI,69.0,31.0,38.0,3.0,62.5,31.25,31.25,3.0,0.5,0.5,3.0
2023,8,CHI,64.0,39.0,25.0,2.0,67.0,32.75,34.25,3.5,0.48880597014925375,0.5111940298507462,3.5
2023,9,CHI,64.0,32.0,32.0,2.0,65.5,32.75,32.75,2.75,0.5,0.5,2.75
2023,10,CHI,70.0,33.0,37.0,2.0,65.5,32.75,32.75,2.25,0.5,0.5,2.25
2023,11,CHI,71.0,25.0,46.0,2.0,66.75,33.75,33.0,2.25,0.5056179775280899,0.4943820224719101,2.25
2023,12,CHI,68.0,40.0,28.0,0.0,67.25,32.25,35.0,2.0,0.4795539033457249,0.5204460966542751,2.0
2023,14,CHI,67.0,37.0,30.0,3.0,68.25,32.5,35.75,1.5,0.47619047619047616,0.5238095238095238,1.5
2023,15,CHI,70.0,43.0,27.0,1.0,69.0,33.75,35.25,1.75,0.4891304347826087,0.5108695652173914,1.75
2023,16,CHI,67.0,28.0,39.0,3.0,69.0,36.25,32.75,1.5,0.5253623188405797,0.4746376811594203,1.5
2023,17,CHI,72.0,35.0,37.0,4.0,68.0,37.0,31.0,1.75,0.5441176470588235,0.45588235294117646,1.75
2023,18,CHI,46.0,21.0,25.0,0.0,69.0,35.75,33.25,2.75,0.5181159420289855,0.48188405797101447,2.75
2024,1,CHI,54.0,32.0,22.0,0.0,63.75,31.75,32.0,2.0,0.4980392156862745,0.5019607843137255,2.0
2024,2,CHI,66.0,44.0,22.0,1.0,59.75,29.0,30.75,1.75,0.48535564853556484,0.5146443514644351,1.75
2024,3,CHI,85.0,57.0,28.0,2.0,59.5,33.0,26.5,1.25,0.5546218487394958,0.44537815126050423,1.25
2024,4,CHI,54.0,26.0,28.0,3.0,62.75,38.5,24.25,0.75,0.6135458167330677,0.38645418326693226,0.75
2024,5,CHI,70.0,31.0,39.0,5.0,64.75,39.75,25.0,1.5,0.6138996138996139,0.3861003861003861,1.5
2024,6,CHI,61.0,32.0,29.0,5.0,68.75,39.5,29.25,2.75,0.5745454545454546,0.4254545454545455,2.75
2024,8,CHI,61.0,28.0,33.0,2.0,67.5,36.5,31.0,3.75,0.5407407407407407,0.45925925925925926,3.75
2024,9,CHI,70.0,47.0,23.0,0.0,61.5,29.25,32.25,3.75,0.47560975609756095,0.524390243902439,3.75
2024,10,CHI,59.0,39.0,20.0,0.0,65.5,34.5,31.0,3.0,0.5267175572519084,0.4732824427480916,3.0
2024,11,CHI,69.0,35.0,34.0,2.0,62.75,36.5,26.25,1.75,0.5816733067729084,0.41832669322709165,1.75
2024,12,CHI,75.0,53.0,22.0,3.0,64.75,37.25,27.5,1.0,0.5752895752895753,0.4247104247104247,1.0
2024,13,CHI,60.0,45.0,15.0,3.0,68.25,43.5,24.75,1.25,0.6373626373626373,0.3626373626373626,1.25
2024,14,CHI,53.0,32.0,21.0,2.0,65.75,43.0,22.75,2.0,0.6539923954372624,0.34600760456273766,2.0
2024,15,CHI,64.0,35.0,29.0,1.0,64.25,41.25,23.0,2.5,0.642023346303502,0.35797665369649806,2.5
2024,16,CHI,59.0,42.0,17.0,2.0,63.0,41.25,21.75,2.25,0.6547619047619048,0.34523809523809523,2.25
2024,17,CHI,58.0,35.0,23.0,0.0,59.0,38.5,20.5,2.0,0.652542372881356,0.3474576271186441,2.0
2024,18,CHI,57.0,31.0,26.0,2.0,58.5,36.0,22.5,1.25,0.6153846153846154,0.38461538461538464,1.25
2023,1,CIN,54.0,34.0,20.0,0.0,62.0,34.0,27.0,2.4,0.5573770491803278,0.4426229508196721,2.4
2023,2,CIN,57.0,42.0,15.0,2.0,54.0,34.0,20.0,0.0,0.6296296296296297,0.37037037037037035,0.0
2023,3,CIN,74.0,51.0,23.0,1.0,55.5,38.0,17.5,1.0,0.6846846846846847,0.3153153153153153,1.0
2023,4,CIN,51.0,33.0,18.0,0.0,61.666666666666664,42.333333333333336,19.333333333333332,1.0,0.6864864864864865,0.3135135135135135,1.0
2023,5,CIN,79.0,49.0,30.0,3.0,59.0,40.0,19.0,0.75,0.6779661016949152,0.3220338983050847,0.75
2023,6,CIN,53.0,38.0,15.0,2.0,65.25,43.75,21.5,1.5,0.6704980842911877,0.32950191570881227,1.5
2023,8,CIN,62.0,35.0,27.0,4.0,64.25,42.75,21.5,1.5,0.6653696498054474,0.3346303501945525,1.5
2023,9,CIN,67.0,45.0,22.0,3.0,61.25,38.75,22.5,2.25,0.6326530612244898,0.3673469387755102,2.25
2023,10,CIN,60.0,44.0,16.0,3.0,65.25,41.75,23.5,3.0,0.6398467432950191,0.36015325670498083,3.0
2023,11,CIN,59.0,36.0,23.0,2.0,60.5,40.5,20.0,3.0,0.6694214876033058,0.3305785123966942,3.0
2023,12,CIN,41.0,30.0,11.0,1.0,62.0,40.0,22.0,3.0,0.6451612903225806,0.3548387096774194,3.0
2023,13,CIN,72.0,41.0,31.0,4.0,56.75,38.75,18.0,2.25,0.6828193832599119,0.31718061674008813,2.25
2023,14,CIN,57.0,25.0,32.0,5.0,58.0,37.75,20.25,2.5,0.6508620689655172,0.34913793103448276,2.5
2023,15,CIN,69.0,47.0,22.0,3.0,57.25,33.0,24.25,3.0,0.5764192139737991,0.42358078602620086,3.0
2023,16,CIN,62.0,46.0,16.0,1.0,59.75,35.75,24.0,3.25,0.5983263598326359,0.401673640167364,3.25
2023,17,CIN,71.0,39.0,32.0,2.0,65.0,39.75,25.25,3.25,0.6115384615384616,0.38846153846153847,3.25
2023,18,CIN,61.0,31.0,30.0,4.0,64.75,39.25,25.5,2.75,0.6061776061776062,0.3938223938223938,2.75
2024,1,CIN,48.0,32.0,16.0,1.0,65.75,40.75,25.0,2.5,0.6197718631178707,0.38022813688212925,2.5
2024,2,CIN,61.0,39.0,22.0,3.0,60.5,37.0,23.5,2.0,0.6115702479338843,0.3884297520661157,2.0
2024,3,CIN,61.0,41.0,20.0,4.0,60.25,35.25,25.0,2.5,0.5850622406639004,0.4149377593360996,2.5
2024,4,CIN,62.0,31.0,31.0,4.0,57.75,35.75,22.0,3.0,0.6190476190476191,0.38095238095238093,3.0
2024,5,CIN,66.0,42.0,24.0,5.0,58.0,35.75,22.25,3.0,0.6163793103448276,0.38362068965517243,3.0
2024,6,CIN,52.0,32.0,20.0,2.0,62.5,38.25,24.25,4.0,0.612,0.388,4.0
2024,7,CIN,53.0,28.0,25.0,3.0,60.25,36.5,23.75,3.75,0.6058091286307054,0.3941908713692946,3.75
2024,8,CIN,58.0,38.0,20.0,2.0,58.25,33.25,25.0,3.5,0.5708154506437768,0.4291845493562232,3.5
2024,9,CIN,71.0,40.0,31.0,6.0,57.25,35.0,22.25,3.0,0.611353711790393,0.388646288209607,3.0
2024,10,CIN,76.0,60.0,16.0,5.0,58.5,34.5,24.0,3.25,0.5897435897435898,0.41025641025641024,3.25
2024,11,CIN,78.0,53.0,25.0,3.0,64.5,41.5,23.0,4.0,0.6434108527131783,0.35658914728682173,4.0
2024,13,CIN,57.0,42.0,15.0,5.0,70.75,47.75,23.0,4.0,0.6749116607773852,0.3250883392226148,4.0
2024,14,CIN,65.0,46.0,19.0,3.0,70.5,48.75,21.75,4.75,0.6914893617021277,0.30851063829787234,4.75
2024,15,CIN,64.0,38.0,26.0,4.0,69.0,50.25,18.75,4.0,0.7282608695652174,0.2717391304347826,4.0
2024,16,CIN,56.0,34.0,22.0,3.0,66.0,44.75,21.25,3.75,0.678030303030303,0.32196969696969696,3.75
2024,17,CIN,84.0,56.0,28.0,4.0,60.5,40.0,20.5,3.75,0.6611570247933884,0.33884297520661155,3.75
2024,18,CIN,71.0,50.0,21.0,1.0,67.25,43.5,23.75,3.5,0.6468401486988847,0.35315985130111527,3.5
2023,1,CLE,73.0,32.0,41.0,2.0,62.0,34.0,27.0,2.4,0.5573770491803278,0.4426229508196721,2.4
2023,2,CLE,83.0,46.0,37.0,4.0,73.0,32.0,41.0,2.0,0.4383561643835616,0.5616438356164384,2.0
2023,3,CLE,67.0,36.0,31.0,3.0,78.0,39.0,39.0,3.0,0.5,0.5,3.0
2023,4,CLE,65.0,40.0,25.0,0.0,74.33333333333333,38.0,36.333333333333336,3.0,0.5112107623318385,0.4887892376681614,3.0
2023,6,CLE,70.0,36.0,34.0,1.0,72.0,38.5,33.5,2.25,0.5347222222222222,0.4652777777777778,2.25
2023,7,CLE,73.0,39.0,34.0,3.0,71.25,39.5,31.75,2.0,0.5543859649122806,0.4456140350877193,2.0
2023,8,CLE,75.0,35.0,40.0,2.0,68.75,37.75,31.0,1.75,0.5490909090909091,0.4509090909090909,1.75
2023,9,CLE,71.0,31.0,40.0,3.0,70.75,37.5,33.25,1.5,0.5300353356890459,0.46996466431095407,1.5
2023,10,CLE,76.0,39.0,37.0,3.0,72.25,35.25,37.0,2.25,0.48788927335640137,0.5121107266435986,2.25
2023,11,CLE,73.0,44.0,29.0,1.0,73.75,36.0,37.75,2.75,0.488135593220339,0.511864406779661,2.75
2023,12,CLE,71.0,47.0,24.0,1.0,73.75,37.25,36.5,2.25,0.5050847457627119,0.49491525423728816,2.25
2023,13,CLE,69.0,46.0,23.0,2.0,72.75,40.25,32.5,2.0,0.5532646048109966,0.44673539518900346,2.0
2023,14,CLE,74.0,46.0,28.0,4.0,72.25,44.0,28.25,1.75,0.6089965397923875,0.39100346020761245,1.75
2023,15,CLE,67.0,49.0,18.0,3.0,71.75,45.75,26.0,2.0,0.6376306620209059,0.3623693379790941,2.0
2023,16,CLE,78.0,46.0,32.0,5.0,70.25,47.0,23.25,2.5,0.6690391459074733,0.3309608540925267,2.5
2023,17,CLE,58.0,30.0,28.0,5.0,72.0,46.75,25.25,3.5,0.6493055555555556,0.3506944444444444,3.5
2023,18,CLE,53.0,29.0,24.0,2.0,69.25,42.75,26.5,4.25,0.6173285198555957,0.38267148014440433,4.25
2023,19,CLE,70.0,50.0,20.0,4.0,64.0,38.5,25.5,3.75,0.6015625,0.3984375,3.75
2024,1,CLE,70.0,51.0,19.0,3.0,64.75,38.75,26.0,4.0,0.5984555984555985,0.4015444015444015,4.0
2024,2,CLE,65.0,36.0,29.0,1.0,62.75,40.0,22.75,3.5,0.6374501992031872,0.36254980079681276,3.5
2024,3,CLE,64.0,46.0,18.0,2.0,64.5,41.5,23.0,2.5,0.6434108527131783,0.35658914728682173,2.5
2024,4,CLE,57.0,35.0,22.0,1.0,67.25,45.75,21.5,2.5,0.6802973977695167,0.31970260223048325,2.5
2024,5,CLE,59.0,36.0,23.0,1.0,64.0,42.0,22.0,1.75,0.65625,0.34375,1.75
2024,6,CLE,53.0,28.0,25.0,0.0,61.25,38.25,23.0,1.25,0.6244897959183674,0.37551020408163266,1.25
2024,7,CLE,78.0,57.0,21.0,2.0,58.25,36.25,22.0,1.0,0.6223175965665236,0.3776824034334764,1.0
2024,8,CLE,67.0,44.0,23.0,3.0,61.75,39.0,22.75,1.0,0.631578947368421,0.3684210526315789,1.0
2024,9,CLE,76.0,52.0,24.0,1.0,64.25,41.25,23.0,1.5,0.642023346303502,0.35797665369649806,1.5
2024,11,CLE,72.0,52.0,20.0,2.0,68.5,45.25,23.25,1.5,0.6605839416058394,0.33941605839416056,1.5
2024,12,CLE,57.0,30.0,27.0,3.0,73.25,51.25,22.0,2.0,0.6996587030716723,0.3003412969283277,2.0
2024,13,CLE,85.0,62.0,23.0,6.0,68.0,44.5,23.5,2.25,0.6544117647058824,0.34558823529411764,2.25
2024,14,CLE,69.0,44.0,25.0,2.0,72.5,49.0,23.5,3.0,0.6758620689655173,0.32413793103448274,3.0
2024,15,CLE,60.0,39.0,21.0,1.0,70.75,47.0,23.75,3.25,0.6643109540636042,0.33568904593639576,3.25
2024,16,CLE,63.0,39.0,24.0,1.0,67.75,43.75,24.0,3.0,0.6457564575645757,0.35424354243542433,3.0
2024,17,CLE,76.0,48.0,28.0,0.0,69.25,46.0,23.25,2.5,0.6642599277978339,0.33574007220216606,2.5
2024,18,CLE,55.0,36.0,19.0,2.0,67.0,42.5,24.5,1.0,0.6343283582089553,0.3656716417910448,1.0
2023,1,DAL,55.0,25.0,30.0,3.0,62.0,34.0,27.0,2.4,0.5573770491803278,0.4426229508196721,2.4
2023,2,DAL,84.0,39.0,45.0,2.0,55.0,25.0,30.0,3.0,0.45454545454545453,0.5454545454545454,3.0
2023,3,DAL,75.0,42.0,33.0,1.0,69.5,32.0,37.5,2.5,0.460431654676259,0.539568345323741,2.5
2023,4,DAL,70.0,40.0,30.0,2.0,71.33333333333333,35.333333333333336,36.0,2.0,0.49532710280373826,0.5046728971962616,2.0
2023,5,DAL,49.0,30.0,19.0,1.0,71.0,36.5,34.5,2.0,0.5140845070422535,0.4859154929577465,2.0
2023,6,DAL,61.0,35.0,26.0,2.0,69.5,37.75,31.75,1.5,0.5431654676258992,0.4568345323741007,1.5
2023,8,DAL,63.0,37.0,26.0,4.0,63.75,36.75,27.0,1.5,0.5764705882352941,0.4235294117647059,1.5
2023,9,DAL,71.0,49.0,22.0,3.0,60.75,35.5,25.25,2.25,0.5843621399176955,0.4156378600823045,2.25
2023,10,DAL,77.0,44.0,33.0,7.0,61.0,37.75,23.25,2.5,0.6188524590163934,0.38114754098360654,2.5
2023,11,DAL,68.0,41.0,27.0,3.0,68.0,41.25,26.75,4.0,0.6066176470588235,0.39338235294117646,4.0
2023,12,DAL,51.0,33.0,18.0,5.0,69.75,42.75,27.0,4.25,0.6129032258064516,0.3870967741935484,4.25
2023,13,DAL,80.0,46.0,34.0,4.0,66.75,41.75,25.0,4.5,0.6254681647940075,0.37453183520599254,4.5
2023,14,DAL,74.0,42.0,32.0,4.0,69.0,41.0,28.0,4.75,0.5942028985507246,0.4057971014492754,4.75
2023,15,DAL,57.0,37.0,20.0,1.0,68.25,40.5,27.75,4.0,0.5934065934065934,0.4065934065934066,4.0
2023,16,DAL,61.0,36.0,25.0,2.0,65.5,39.5,26.0,3.5,0.6030534351145038,0.3969465648854962,3.5
2023,17,DAL,62.0,41.0,21.0,2.0,68.0,40.25,27.75,2.75,0.5919117647058824,0.40808823529411764,2.75
2023,18,DAL,69.0,40.0,29.0,5.0,63.5,39.0,24.5,2.25,0.6141732283464567,0.3858267716535433,2.25
2023,19,DAL,91.0,64.0,27.0,5.0,62.25,38.5,23.75,2.5,0.6184738955823293,0.3815261044176707,2.5
2024,1,DAL,60.0,35.0,25.0,2.0,70.75,45.25,25.5,3.5,0.6395759717314488,0.36042402826855124,3.5
2024,2,DAL,66.0,45.0,21.0,1.0,70.5,45.0,25.5,3.5,0.6382978723404256,0.3617021276595745,3.5
2024,3,DAL,72.0,56.0,16.0,3.0,71.5,46.0,25.5,3.25,0.6433566433566433,0.35664335664335667,3.25
2024,4,DAL,51.0,28.0,23.0,2.0,72.25,50.0,22.25,2.75,0.6920415224913494,0.3079584775086505,2.75
2024,5,DAL,75.0,44.0,31.0,2.0,62.25,41.0,21.25,2.0,0.6586345381526104,0.3413654618473896,2.0
2024,6,DAL,65.0,48.0,17.0,0.0,66.0,43.25,22.75,2.0,0.6553030303030303,0.3446969696969697,2.0
2024,8,DAL,59.0,40.0,19.0,3.0,65.75,44.0,21.75,1.75,0.6692015209125475,0.33079847908745247,1.75
2024,9,DAL,75.0,54.0,21.0,2.0,62.5,40.0,22.5,1.75,0.64,0.36,1.75
2024,10,DAL,56.0,32.0,24.0,0.0,68.5,46.5,22.0,1.75,0.6788321167883211,0.32116788321167883,1.75
2024,11,DAL,79.0,61.0,18.0,2.0,63.75,43.5,20.25,1.25,0.6823529411764706,0.3176470588235294,1.25
2024,12,DAL,61.0,33.0,28.0,4.0,67.25,46.75,20.5,1.75,0.6951672862453532,0.3048327137546468,1.75
2024,13,DAL,68.0,36.0,32.0,2.0,67.75,45.0,22.75,2.0,0.6642066420664207,0.33579335793357934,2.0
2024,14,DAL,59.0,34.0,25.0,2.0,66.0,40.5,25.5,2.0,0.6136363636363636,0.38636363636363635,2.0
2024,15,DAL,70.0,30.0,40.0,3.0,66.75,41.0,25.75,2.5,0.6142322097378277,0.3857677902621723,2.5
2024,16,DAL,56.0,36.0,20.0,2.0,64.5,33.25,31.25,2.75,0.5155038759689923,0.4844961240310077,2.75
2024,17,DAL,60.0,30.0,30.0,2.0,63.25,34.0,29.25,2.25,0.5375494071146245,0.4624505928853755,2.25
2024,18,DAL,75.0,36.0,39.0,1.0,61.25,32.5,28.75,2.25,0.5306122448979592,0.46938775510204084,2.25
2023,1,DEN,58.0,36.0,22.0,2.0,62.0,34.0,27.0,2.4,0.5573770491803278,0.4426229508196721,2.4
2023,2,DEN,63.0,40.0,23.0,4.0,58.0,36.0,22.0,2.0,0.6206896551724138,0.3793103448275862,2.0
2023,3,DEN,59.0,39.0,20.0,2.0,60.5,38.0,22.5,3.0,0.628099173553719,0.371900826446281,3.0
2023,4,DEN,48.0,29.0,19.0,3.0,60.0,38.333333333333336,21.666666666666668,2.6666666666666665,0.638888888888889,0.3611111111111111,2.6666666666666665
2023,5,DEN,58.0,35.0,23.0,3.0,57.0,36.0,21.0,2.75,0.631578947368421,0.3684210526315789,2.75
2023,6,DEN,50.0,26.0,24.0,1.0,57.0,35.75,21.25,3.0,0.6271929824561403,0.37280701754385964,3.0
2023,7,DEN,55.0,30.0,25.0,1.0,53.75,32.25,21.5,2.25,0.6,0.4,2.25
2023,8,DEN,65.0,25.0,40.0,3.0,52.75,30.0,22.75,2.0,0.5687203791469194,0.4312796208530806,2.0
2023,10,DEN,72.0,33.0,39.0,2.0,57.0,29.0,28.0,2.0,0.5087719298245614,0.49122807017543857,2.0
2023,11,DEN,53.0,37.0,16.0,1.0,60.5,28.5,32.0,1.75,0.47107438016528924,0.5289256198347108,1.75
2023,12,DEN,62.0,23.0,39.0,3.0,61.25,31.25,30.0,1.75,0.5102040816326531,0.4897959183673469,1.75
2023,13,DEN,59.0,29.0,30.0,2.0,63.0,29.5,33.5,2.25,0.46825396825396826,0.5317460317460317,2.25
2023,14,DEN,66.0,35.0,31.0,3.0,61.5,30.5,31.0,2.0,0.4959349593495935,0.5040650406504065,2.0
2023,15,DEN,62.0,34.0,28.0,2.0,60.0,31.0,29.0,2.25,0.5166666666666667,0.48333333333333334,2.25
2023,16,DEN,67.0,44.0,23.0,4.0,62.25,30.25,32.0,2.5,0.4859437751004016,0.5140562248995983,2.5
2023,17,DEN,67.0,34.0,33.0,1.0,63.5,35.5,28.0,2.75,0.5590551181102362,0.4409448818897638,2.75
2023,18,DEN,59.0,39.0,20.0,2.0,65.5,36.75,28.75,2.5,0.5610687022900763,0.4389312977099237,2.5
2024,1,DEN,69.0,44.0,25.0,1.0,63.75,37.75,26.0,2.25,0.592156862745098,0.40784313725490196,2.25
2024,2,DEN,56.0,37.0,19.0,0.0,65.5,40.25,25.25,2.0,0.6145038167938931,0.38549618320610685,2.0
2024,3,DEN,64.0,36.0,28.0,2.0,62.75,38.5,24.25,1.0,0.6135458167330677,0.38645418326693226,1.0
2024,4,DEN,56.0,25.0,31.0,1.0,62.0,39.0,23.0,1.25,0.6290322580645161,0.3709677419354839,1.25
2024,5,DEN,58.0,30.0,28.0,3.0,61.25,35.5,25.75,1.0,0.5795918367346938,0.4204081632653061,1.0
2024,6,DEN,54.0,36.0,18.0,2.0,58.5,32.0,26.5,1.5,0.5470085470085471,0.452991452991453,1.5
2024,7,DEN,61.0,26.0,35.0,2.0,58.0,31.75,26.25,2.0,0.5474137931034483,0.4525862068965517,2.0
2024,8,DEN,73.0,41.0,32.0,4.0,57.25,29.25,28.0,2.0,0.5109170305676856,0.4890829694323144,2.0
2024,9,DEN,68.0,38.0,30.0,1.0,61.5,33.25,28.25,2.75,0.540650406504065,0.45934959349593496,2.75
2024,10,DEN,55.0,32.0,23.0,2.0,64.0,35.25,28.75,2.25,0.55078125,0.44921875,2.25
2024,11,DEN,60.0,34.0,26.0,5.0,64.25,34.25,30.0,2.25,0.5330739299610895,0.4669260700389105,2.25
2024,12,DEN,65.0,43.0,22.0,2.0,64.0,36.25,27.75,3.0,0.56640625,0.43359375,3.0
2024,13,DEN,61.0,35.0,26.0,3.0,62.0,36.75,25.25,2.5,0.592741935483871,0.40725806451612906,2.5
2024,15,DEN,61.0,34.0,27.0,3.0,60.25,36.0,24.25,3.0,0.5975103734439834,0.4024896265560166,3.0
2024,16,DEN,63.0,42.0,21.0,3.0,61.75,36.5,25.25,3.25,0.5910931174089069,0.4089068825910931,3.25
2024,17,DEN,60.0,33.0,27.0,3.0,62.5,38.5,24.0,2.75,0.616,0.384,2.75
2024,18,DEN,72.0,29.0,43.0,5.0,61.25,36.0,25.25,3.0,0.5877551020408164,0.4122448979591837,3.0
2024,19,DEN,42.0,25.0,17.0,1.0,64.0,34.5,29.5,3.5,0.5390625,0.4609375,3.5
2023,1,DET,70.0,36.0,34.0,2.0,62.0,34.0,27.0,2.4,0.5573770491803278,0.4426229508196721,2.4
2023,2,DET,64.0,37.0,27.0,5.0,70.0,36.0,34.0,2.0,0.5142857142857142,0.4857142857142857,2.0
2023,3,DET,64.0,33.0,31.0,2.0,67.0,36.5,30.5,3.5,0.5447761194029851,0.4552238805970149,3.5
2023,4,DET,73.0,30.0,43.0,4.0,66.0,35.333333333333336,30.666666666666668,3.0,0.5353535353535354,0.46464646464646464,3.0
2023,5,DET,60.0,30.0,30.0,6.0,67.75,34.0,33.75,3.25,0.5018450184501845,0.4981549815498155,3.25
2023,6,DET,69.0,47.0,22.0,2.0,65.25,32.5,32.75,4.25,0.49808429118773945,0.5019157088122606,4.25
2023,7,DET,73.0,59.0,14.0,1.0,66.5,35.0,31.5,3.5,0.5263157894736842,0.47368421052631576,3.5
2023,8,DET,81.0,38.0,43.0,3.0,68.75,41.5,27.25,3.25,0.6036363636363636,0.39636363636363636,3.25
2023,10,DET,64.0,33.0,31.0,5.0,70.75,43.5,27.25,3.0,0.6148409893992933,0.38515901060070673,3.0
2023,11,DET,60.0,38.0,22.0,4.0,71.75,44.25,27.5,2.75,0.6167247386759582,0.3832752613240418,2.75
2023,12,DET,80.0,48.0,32.0,4.0,69.5,42.0,27.5,3.25,0.60431654676259,0.39568345323741005,3.25
2023,13,DET,57.0,27.0,30.0,4.0,71.25,39.25,32.0,4.0,0.5508771929824562,0.44912280701754387,4.0
2023,14,DET,63.0,39.0,24.0,2.0,65.25,36.5,28.75,4.25,0.5593869731800766,0.44061302681992337,4.25
2023,15,DET,64.0,36.0,28.0,6.0,65.0,38.0,27.0,3.5,0.5846153846153846,0.4153846153846154,3.5
2023,16,DET,77.0,41.0,36.0,4.0,66.0,37.5,28.5,4.0,0.5681818181818182,0.4318181818181818,4.0
2023,17,DET,68.0,37.0,31.0,2.0,65.25,35.75,29.5,4.0,0.5478927203065134,0.4521072796934866,4.0
2023,18,DET,56.0,33.0,23.0,4.0,68.0,38.25,29.75,3.5,0.5625,0.4375,3.5
2023,19,DET,55.0,30.0,25.0,3.0,66.25,36.75,29.5,4.0,0.5547169811320755,0.44528301886792454,4.0
2023,20,DET,71.0,45.0,26.0,4.0,64.0,35.25,28.75,3.25,0.55078125,0.44921875,3.25
2023,21,DET,72.0,43.0,29.0,4.0,62.5,36.25,26.25,3.25,0.58,0.42,3.25
2024,1,DET,61.0,30.0,31.0,3.0,63.5,37.75,25.75,3.75,0.594488188976378,0.40551181102362205,3.75
2024,2,DET,83.0,56.0,27.0,1.0,64.75,37.0,27.75,3.5,0.5714285714285714,0.42857142857142855,3.5
2024,3,DET,68.0,25.0,43.0,3.0,71.75,43.5,28.25,3.0,0.6062717770034843,0.39372822299651566,3.0
2024,4,DET,50.0,22.0,28.0,6.0,71.0,38.5,32.5,2.75,0.5422535211267606,0.45774647887323944,2.75
2024,6,DET,66.0,30.0,36.0,5.0,65.5,33.25,32.25,3.25,0.5076335877862596,0.49236641221374045,3.25
2024,7,DET,56.0,29.0,27.0,5.0,66.75,33.25,33.5,3.75,0.49812734082397003,0.50187265917603,3.75
2024,8,DET,47.0,23.0,24.0,6.0,60.0,26.5,33.5,4.75,0.44166666666666665,0.5583333333333333,4.75
2024,9,DET,55.0,23.0,32.0,2.0,54.75,26.0,28.75,5.5,0.4748858447488584,0.5251141552511416,5.5
2024,10,DET,63.0,30.0,33.0,3.0,56.0,26.25,29.75,4.5,0.46875,0.53125,4.5
2024,11,DET,76.0,33.0,43.0,7.0,55.25,26.25,29.0,4.0,0.4751131221719457,0.5248868778280543,4.0
2024,12,DET,72.0,39.0,33.0,3.0,60.25,27.25,33.0,4.5,0.45228215767634855,0.5477178423236515,4.5
2024,13,DET,69.0,36.0,33.0,2.0,66.5,31.25,35.25,3.75,0.4699248120300752,0.5300751879699248,3.75
2024,14,DET,76.0,42.0,34.0,4.0,70.0,34.5,35.5,3.75,0.4928571428571429,0.5071428571428571,3.75
2024,15,DET,77.0,62.0,15.0,6.0,73.25,37.5,35.75,4.0,0.5119453924914675,0.4880546075085324,4.0
2024,16,DET,65.0,33.0,32.0,4.0,73.5,44.75,28.75,3.75,0.608843537414966,0.391156462585034,3.75
2024,17,DET,70.0,37.0,33.0,5.0,71.75,43.25,28.5,4.0,0.6027874564459931,0.397212543554007,4.0
2024,18,DET,66.0,35.0,31.0,4.0,72.0,43.5,28.5,4.75,0.6041666666666666,0.3958333333333333,4.75
2024,20,DET,68.0,45.0,23.0,5.0,69.5,41.75,27.75,4.75,0.6007194244604317,0.39928057553956836,4.75
2023,1,GB,60.0,28.0,32.0,4.0,62.0,34.0,27.0,2.4,0.5573770491803278,0.4426229508196721,2.4
2023,2,GB,47.0,26.0,21.0,3.0,60.0,28.0,32.0,4.0,0.4666666666666667,0.5333333333333333,4.0
2023,3,GB,72.0,46.0,26.0,3.0,53.5,27.0,26.5,3.5,0.5046728971962616,0.4953271028037383,3.5
2023,4,GB,55.0,42.0,13.0,2.0,59.666666666666664,33.333333333333336,26.333333333333332,3.3333333333333335,0.5586592178770949,0.44134078212290495,3.3333333333333335
2023,5,GB,57.0,32.0,25.0,1.0,58.5,35.5,23.0,3.0,0.6068376068376068,0.39316239316239315,3.0
2023,7,GB,61.0,32.0,29.0,2.0,57.75,36.5,21.25,2.25,0.6320346320346321,0.36796536796536794,2.25
2023,8,GB,62.0,45.0,17.0,1.0,61.25,38.0,23.25,2.0,0.6204081632653061,0.3795918367346939,2.0
2023,9,GB,68.0,30.0,38.0,2.0,58.75,37.75,21.0,1.5,0.6425531914893617,0.3574468085106383,1.5
2023,10,GB,65.0,41.0,24.0,2.0,62.0,34.75,27.25,1.5,0.5604838709677419,0.43951612903225806,1.5
2023,11,GB,71.0,43.0,28.0,3.0,64.0,37.0,27.0,1.75,0.578125,0.421875,1.75
2023,12,GB,55.0,33.0,22.0,3.0,66.5,39.75,26.75,2.0,0.5977443609022557,0.40225563909774437,2.0
2023,13,GB,63.0,38.0,25.0,3.0,64.75,36.75,28.0,2.5,0.5675675675675675,0.43243243243243246,2.5
2023,14,GB,67.0,41.0,26.0,2.0,63.5,38.75,24.75,2.75,0.610236220472441,0.38976377952755903,2.75
2023,15,GB,58.0,41.0,17.0,2.0,64.0,38.75,25.25,2.75,0.60546875,0.39453125,2.75
2023,16,GB,63.0,29.0,34.0,4.0,60.75,38.25,22.5,2.5,0.6296296296296297,0.37037037037037035,2.5
2023,17,GB,73.0,34.0,39.0,4.0,62.75,37.25,25.5,2.75,0.5936254980079682,0.4063745019920319,2.75
2023,18,GB,60.0,33.0,27.0,2.0,65.25,36.25,29.0,3.0,0.5555555555555556,0.4444444444444444,3.0
2023,19,GB,54.0,21.0,33.0,6.0,63.5,34.25,29.25,3.0,0.5393700787401575,0.46062992125984253,3.0
2023,20,GB,63.0,35.0,28.0,2.0,62.5,29.25,33.25,4.0,0.468,0.532,4.0
2024,1,GB,59.0,37.0,22.0,3.0,62.5,30.75,31.75,3.5,0.492,0.508,3.5
2024,2,GB,67.0,14.0,53.0,1.0,59.0,31.5,27.5,3.25,0.5338983050847458,0.4661016949152542,3.25
2024,3,GB,59.0,22.0,37.0,2.0,60.75,26.75,34.0,3.0,0.4403292181069959,0.5596707818930041,3.0
2024,4,GB,75.0,56.0,19.0,4.0,62.0,27.0,35.0,2.0,0.43548387096774194,0.5645161290322581,2.0
2024,5,GB,58.0,28.0,30.0,4.0,65.0,32.25,32.75,2.5,0.49615384615384617,0.5038461538461538,2.5
2024,6,GB,70.0,32.0,38.0,4.0,64.75,30.0,34.75,2.75,0.46332046332046334,0.5366795366795367,2.75
2024,7,GB,56.0,36.0,20.0,3.0,65.5,34.5,31.0,3.5,0.5267175572519084,0.4732824427480916,3.5
2024,8,GB,67.0,28.0,39.0,3.0,64.75,38.0,26.75,3.75,0.5868725868725869,0.41312741312741313,3.75
2024,9,GB,63.0,40.0,23.0,2.0,62.75,31.0,31.75,3.5,0.4940239043824701,0.5059760956175299,3.5
2024,11,GB,44.0,18.0,26.0,3.0,64.0,34.0,30.0,3.0,0.53125,0.46875,3.0
2024,12,GB,67.0,25.0,42.0,5.0,57.5,30.5,27.0,2.75,0.5304347826086957,0.46956521739130436,2.75
2024,13,GB,53.0,28.0,25.0,3.0,60.25,27.75,32.5,3.25,0.4605809128630705,0.5394190871369294,3.25
2024,14,GB,45.0,21.0,24.0,4.0,56.75,27.75,29.0,3.25,0.4889867841409692,0.5110132158590308,3.25
2024,15,GB,61.0,27.0,34.0,3.0,52.25,23.0,29.25,3.75,0.44019138755980863,0.5598086124401914,3.75
2024,16,GB,69.0,30.0,39.0,4.0,56.5,25.25,31.25,3.75,0.4469026548672566,0.5530973451327433,3.75
2024,17,GB,58.0,34.0,24.0,3.0,57.0,26.5,30.5,3.5,0.4649122807017544,0.5350877192982456,3.5
2024,18,GB,62.0,29.0,33.0,3.0,58.25,28.0,30.25,3.5,0.48068669527896996,0.51931330472103,3.5
2024,19,GB,60.0,35.0,25.0,1.0,62.5,30.0,32.5,3.25,0.48,0.52,3.25
2023,1,HOU,72.0,49.0,23.0,0.0,62.0,34.0,27.0,2.4,0.5573770491803278,0.4426229508196721,2.4
2023,2,HOU,79.0,53.0,26.0,2.0,72.0,49.0,23.0,0.0,0.6805555555555556,0.3194444444444444,0.0
2023,3,HOU,56.0,30.0,26.0,4.0,75.5,51.0,24.5,1.0,0.6754966887417219,0.32450331125827814,1.0
2023,4,HOU,69.0,31.0,38.0,3.0,69.0,44.0,25.0,2.0,0.6376811594202898,0.36231884057971014,2.0
2023,5,HOU,58.0,35.0,23.0,1.0,69.0,40.75,28.25,2.25,0.5905797101449275,0.40942028985507245,2.25
2023,6,HOU,60.0,29.0,31.0,2.0,65.5,37.25,28.25,2.5,0.5687022900763359,0.4312977099236641,2.5
2023,8,HOU,57.0,27.0,30.0,2.0,60.75,31.25,29.5,2.5,0.51440329218107,0.48559670781893005,2.5
2023,9,HOU,66.0,47.0,19.0,5.0,61.0,30.5,30.5,2.0,0.5,0.5,2.0
2023,10,HOU,74.0,40.0,34.0,3.0,60.25,34.5,25.75,2.5,0.5726141078838174,0.42738589211618255,2.5
2023,11,HOU,67.0,42.0,25.0,3.0,64.25,35.75,28.5,3.0,0.556420233463035,0.44357976653696496,3.0
2023,12,HOU,58.0,40.0,18.0,3.0,66.0,39.0,27.0,3.25,0.5909090909090909,0.4090909090909091,3.25
2023,13,HOU,64.0,34.0,30.0,2.0,66.25,42.25,24.0,3.5,0.6377358490566037,0.3622641509433962,3.5
2023,14,HOU,52.0,33.0,19.0,1.0,65.75,39.0,26.75,2.75,0.5931558935361216,0.4068441064638783,2.75
2023,15,HOU,72.0,40.0,32.0,2.0,60.25,37.25,23.0,2.25,0.6182572614107884,0.3817427385892116,2.25
2023,16,HOU,69.0,53.0,16.0,3.0,61.5,36.75,24.75,2.0,0.5975609756097561,0.4024390243902439,2.0
2023,17,HOU,61.0,33.0,28.0,1.0,64.25,40.0,24.25,2.0,0.622568093385214,0.377431906614786,2.0
2023,18,HOU,56.0,28.0,28.0,3.0,63.5,39.75,23.75,1.75,0.6259842519685039,0.37401574803149606,1.75
2023,19,HOU,44.0,22.0,22.0,4.0,64.5,38.5,26.0,2.25,0.5968992248062015,0.40310077519379844,2.25
2023,20,HOU,47.0,33.0,14.0,0.0,57.5,34.0,23.5,2.75,0.591304347826087,0.40869565217391307,2.75
2024,1,HOU,77.0,36.0,41.0,3.0,52.0,29.0,23.0,2.0,0.5576923076923077,0.4423076923076923,2.0
2024,2,HOU,61.0,39.0,22.0,1.0,56.0,29.75,26.25,2.5,0.53125,0.46875,2.5
2024,3,HOU,63.0,49.0,14.0,1.0,57.25,32.5,24.75,2.0,0.5676855895196506,0.43231441048034935,2.0
2024,4,HOU,68.0,42.0,26.0,3.0,62.0,39.25,22.75,1.25,0.6330645161290323,0.36693548387096775,1.25
2024,5,HOU,67.0,39.0,28.0,2.0,67.25,41.5,25.75,2.0,0.6171003717472119,0.3828996282527881,2.0
2024,6,HOU,62.0,34.0,28.0,5.0,64.75,42.25,22.5,1.75,0.6525096525096525,0.3474903474903475,1.75
2024,7,HOU,59.0,25.0,34.0,2.0,65.0,41.0,24.0,2.75,0.6307692307692307,0.36923076923076925,2.75
2024,8,HOU,68.0,39.0,29.0,2.0,64.0,35.0,29.0,3.0,0.546875,0.453125,3.0
2024,9,HOU,75.0,39.0,36.0,1.0,64.0,34.25,29.75,2.75,0.53515625,0.46484375,2.75
2024,10,HOU,65.0,37.0,28.0,2.0,66.0,34.25,31.75,2.5,0.5189393939393939,0.4810606060606061,2.5
2024,11,HOU,60.0,35.0,25.0,3.0,66.75,35.0,31.75,1.75,0.5243445692883895,0.4756554307116105,1.75
2024,12,HOU,54.0,37.0,17.0,2.0,67.0,37.5,29.5,2.0,0.5597014925373134,0.44029850746268656,2.0
2024,13,HOU,61.0,36.0,25.0,2.0,63.5,37.0,26.5,2.0,0.5826771653543307,0.41732283464566927,2.0
2024,15,HOU,50.0,30.0,20.0,2.0,60.0,36.25,23.75,2.25,0.6041666666666666,0.3958333333333333,2.25
2024,16,HOU,58.0,41.0,17.0,2.0,56.25,34.5,21.75,2.25,0.6133333333333333,0.38666666666666666,2.25
2024,17,HOU,54.0,37.0,17.0,0.0,55.75,36.0,19.75,2.0,0.6457399103139013,0.3542600896860987,2.0
2024,18,HOU,58.0,29.0,29.0,2.0,55.75,36.0,19.75,1.5,0.6457399103139013,0.3542600896860987,1.5
2024,19,HOU,70.0,36.0,34.0,2.0,55.0,34.25,20.75,1.5,0.6227272727272727,0.37727272727272726,1.5
2024,20,HOU,65.0,36.0,29.0,1.0,60.0,35.75,24.25,1.5,0.5958333333333333,0.4041666666666667,1.5
2023,1,IND,69.0,43.0,26.0,2.0,62.0,34.0,27.0,2.4,0.5573770491803278,0.4426229508196721,2.4
2023,2,IND,56.0,33.0,23.0,4.0,69.0,43.0,26.0,2.0,0.6231884057971014,0.37681159420289856,2.0
2023,3,IND,84.0,49.0,35.0,1.0,62.5,38.0,24.5,3.0,0.608,0.392,3.0
2023,4,IND,60.0,29.0,31.0,3.0,69.66666666666667,41.666666666666664,28.0,2.3333333333333335,0.5980861244019139,0.40191387559808617,2.3333333333333335
2023,5,IND,61.0,27.0,34.0,2.0,67.25,38.5,28.75,2.5,0.5724907063197026,0.4275092936802974,2.5
2023,6,IND,75.0,58.0,17.0,2.0,65.25,34.5,30.75,2.5,0.5287356321839081,0.47126436781609193,2.5
2023,7,IND,67.0,27.0,40.0,6.0,70.0,40.75,29.25,2.0,0.5821428571428572,0.41785714285714287,2.0
2023,8,IND,67.0,43.0,24.0,3.0,65.75,35.25,30.5,3.25,0.5361216730038023,0.46387832699619774,3.25
2023,9,IND,57.0,27.0,30.0,1.0,67.5,38.75,28.75,3.25,0.5740740740740741,0.42592592592592593,3.25
2023,10,IND,54.0,28.0,26.0,1.0,66.5,38.75,27.75,3.0,0.5827067669172933,0.41729323308270677,3.0
2023,12,IND,70.0,43.0,27.0,3.0,61.25,31.25,30.0,2.75,0.5102040816326531,0.4897959183673469,2.75
2023,13,IND,69.0,46.0,23.0,2.0,62.0,35.25,26.75,2.0,0.5685483870967742,0.4314516129032258,2.0
2023,14,IND,61.0,43.0,18.0,1.0,62.5,36.0,26.5,1.75,0.576,0.424,1.75
2023,15,IND,65.0,31.0,34.0,3.0,63.5,40.0,23.5,1.75,0.6299212598425197,0.3700787401574803,1.75
2023,16,IND,68.0,43.0,25.0,1.0,66.25,40.75,25.5,2.25,0.6150943396226415,0.3849056603773585,2.25
2023,17,IND,53.0,24.0,29.0,2.0,65.75,40.75,25.0,1.75,0.6197718631178707,0.38022813688212925,1.75
2023,18,IND,63.0,26.0,37.0,1.0,61.75,35.25,26.5,1.75,0.5708502024291497,0.4291497975708502,1.75
2024,1,IND,44.0,21.0,23.0,4.0,62.25,31.0,31.25,1.75,0.4979919678714859,0.5020080321285141,1.75
2024,2,IND,53.0,35.0,18.0,1.0,57.0,28.5,28.5,2.0,0.5,0.5,2.0
2024,3,IND,54.0,21.0,33.0,3.0,53.25,26.5,26.75,2.0,0.49765258215962443,0.5023474178403756,2.0
2024,4,IND,64.0,32.0,32.0,3.0,53.5,25.75,27.75,2.25,0.48130841121495327,0.5186915887850467,2.25
2024,5,IND,69.0,49.0,20.0,4.0,53.75,27.25,26.5,2.75,0.5069767441860465,0.4930232558139535,2.75
2024,6,IND,66.0,38.0,28.0,2.0,60.0,34.25,25.75,2.75,0.5708333333333333,0.42916666666666664,2.75
2024,7,IND,61.0,24.0,37.0,1.0,63.25,35.0,28.25,3.0,0.5533596837944664,0.44664031620553357,3.0
2024,8,IND,63.0,37.0,26.0,2.0,65.0,35.75,29.25,2.5,0.55,0.45,2.5
2024,9,IND,49.0,30.0,19.0,0.0,64.75,37.0,27.75,2.25,0.5714285714285714,0.42857142857142855,2.25
2024,10,IND,61.0,39.0,22.0,3.0,59.75,32.25,27.5,1.25,0.5397489539748954,0.4602510460251046,1.25
2024,11,IND,69.0,33.0,36.0,3.0,58.5,32.5,26.0,1.5,0.5555555555555556,0.4444444444444444,1.5
2024,12,IND,49.0,28.0,21.0,0.0,60.5,34.75,25.75,2.0,0.5743801652892562,0.4256198347107438,2.0
2024,13,IND,59.0,24.0,35.0,3.0,57.0,32.5,24.5,1.5,0.5701754385964912,0.4298245614035088,1.5
2024,15,IND,72.0,40.0,32.0,2.0,59.5,31.0,28.5,2.25,0.5210084033613446,0.4789915966386555,2.25
2024,16,IND,62.0,12.0,50.0,5.0,62.25,31.25,31.0,2.0,0.5020080321285141,0.4979919678714859,2.0
2024,17,IND,74.0,41.0,33.0,4.0,60.5,26.0,34.5,2.5,0.4297520661157025,0.5702479338842975,2.5
2024,18,IND,77.0,43.0,34.0,2.0,66.75,29.25,37.5,3.5,0.43820224719101125,0.5617977528089888,3.5
2023,1,JAX,69.0,34.0,35.0,5.0,62.0,34.0,27.0,2.4,0.5573770491803278,0.4426229508196721,2.4
2023,2,JAX,64.0,46.0,18.0,0.0,69.0,34.0,35.0,5.0,0.4927536231884058,0.5072463768115942,5.0
2023,3,JAX,69.0,42.0,27.0,2.0,66.5,40.0,26.5,2.5,0.6015037593984962,0.39849624060150374,2.5
2023,4,JAX,64.0,32.0,32.0,1.0,67.33333333333333,40.666666666666664,26.666666666666668,2.3333333333333335,0.6039603960396039,0.39603960396039606,2.3333333333333335
2023,5,JAX,83.0,42.0,41.0,3.0,66.5,38.5,28.0,2.0,0.5789473684210527,0.42105263157894735,2.0
2023,6,JAX,62.0,33.0,29.0,4.0,70.0,40.5,29.5,1.5,0.5785714285714286,0.42142857142857143,1.5
2023,7,JAX,56.0,30.0,26.0,3.0,69.5,37.25,32.25,2.5,0.5359712230215827,0.46402877697841727,2.5
2023,8,JAX,66.0,35.0,31.0,1.0,66.25,34.25,32.0,2.75,0.5169811320754717,0.4830188679245283,2.75
2023,10,JAX,54.0,37.0,17.0,0.0,66.75,35.0,31.75,2.75,0.5243445692883895,0.4756554307116105,2.75
2023,11,JAX,69.0,33.0,36.0,4.0,59.5,33.75,25.75,2.0,0.5672268907563025,0.4327731092436975,2.0
2023,12,JAX,69.0,39.0,30.0,2.0,61.25,33.75,27.5,2.0,0.5510204081632653,0.4489795918367347,2.0
2023,13,JAX,68.0,43.0,25.0,4.0,64.5,36.0,28.5,1.75,0.5581395348837209,0.4418604651162791,1.75
2023,14,JAX,75.0,55.0,20.0,4.0,65.0,38.0,27.0,2.5,0.5846153846153846,0.4153846153846154,2.5
2023,15,JAX,61.0,44.0,17.0,1.0,70.25,42.5,27.75,3.5,0.604982206405694,0.39501779359430605,3.5
2023,16,JAX,63.0,50.0,13.0,2.0,68.25,45.25,23.0,2.75,0.663003663003663,0.336996336996337,2.75
2023,17,JAX,62.0,27.0,35.0,2.0,66.75,48.0,18.75,2.75,0.7191011235955056,0.2808988764044944,2.75
2023,18,JAX,66.0,43.0,23.0,2.0,65.25,44.0,21.25,2.25,0.6743295019157088,0.32567049808429116,2.25
2024,1,JAX,50.0,24.0,26.0,2.0,63.0,41.0,22.0,1.75,0.6507936507936508,0.3492063492063492,1.75
2024,2,JAX,55.0,34.0,21.0,1.0,60.25,36.0,24.25,2.0,0.5975103734439834,0.4024896265560166,2.0
2024,3,JAX,68.0,51.0,17.0,1.0,58.25,32.0,26.25,1.75,0.5493562231759657,0.45064377682403434,1.75
2024,4,JAX,58.0,34.0,24.0,2.0,59.75,38.0,21.75,1.5,0.6359832635983264,0.36401673640167365,1.5
2024,5,JAX,57.0,34.0,23.0,4.0,57.75,35.75,22.0,1.5,0.6190476190476191,0.38095238095238093,1.5
2024,6,JAX,61.0,41.0,20.0,2.0,59.5,38.25,21.25,2.0,0.6428571428571429,0.35714285714285715,2.0
2024,7,JAX,60.0,21.0,39.0,3.0,61.0,40.0,21.0,2.25,0.6557377049180327,0.3442622950819672,2.25
2024,8,JAX,56.0,33.0,23.0,3.0,59.0,32.5,26.5,2.75,0.5508474576271186,0.4491525423728814,2.75
2024,9,JAX,53.0,35.0,18.0,2.0,58.5,32.25,26.25,3.0,0.5512820512820513,0.44871794871794873,3.0
2024,10,JAX,43.0,25.0,18.0,1.0,57.5,32.5,25.0,2.5,0.5652173913043478,0.43478260869565216,2.5
2024,11,JAX,47.0,30.0,17.0,0.0,53.0,28.5,24.5,2.25,0.5377358490566038,0.46226415094339623,2.25
2024,13,JAX,69.0,44.0,25.0,2.0,49.75,30.75,19.0,1.5,0.6180904522613065,0.38190954773869346,1.5
2024,14,JAX,58.0,32.0,26.0,1.0,53.0,33.5,19.5,1.25,0.6320754716981132,0.36792452830188677,1.25
2024,15,JAX,78.0,49.0,29.0,2.0,54.25,32.75,21.5,1.0,0.6036866359447005,0.39631336405529954,1.0
2024,16,JAX,61.0,40.0,21.0,2.0,63.0,38.75,24.25,1.25,0.6150793650793651,0.38492063492063494,1.25
2024,17,JAX,57.0,24.0,33.0,2.0,66.5,41.25,25.25,1.75,0.6203007518796992,0.37969924812030076,1.75
2024,18,JAX,68.0,34.0,34.0,2.0,63.5,36.25,27.25,1.75,0.5708661417322834,0.42913385826771655,1.75
2023,1,KC,62.0,39.0,23.0,3.0,62.0,34.0,27.0,2.4,0.5573770491803278,0.4426229508196721,2.4
2023,2,KC,64.0,42.0,22.0,2.0,62.0,39.0,23.0,3.0,0.6290322580645161,0.3709677419354839,3.0
2023,3,KC,75.0,38.0,37.0,5.0,63.0,40.5,22.5,2.5,0.6428571428571429,0.35714285714285715,2.5
2023,4,KC,66.0,31.0,35.0,2.0,67.0,39.666666666666664,27.333333333333332,3.3333333333333335,0.5920398009950248,0.4079601990049751,3.3333333333333335
2023,5,KC,64.0,43.0,21.0,3.0,66.75,37.5,29.25,3.0,0.5617977528089888,0.43820224719101125,3.0
2023,6,KC,70.0,43.0,27.0,1.0,67.25,38.5,28.75,3.0,0.5724907063197026,0.4275092936802974,3.0
2023,7,KC,64.0,43.0,21.0,4.0,68.75,38.75,30.0,2.75,0.5636363636363636,0.43636363636363634,2.75
2023,8,KC,57.0,41.0,16.0,0.0,66.0,40.0,26.0,2.5,0.6060606060606061,0.3939393939393939,2.5
2023,9,KC,56.0,32.0,24.0,2.0,63.75,42.5,21.25,2.0,0.6666666666666666,0.3333333333333333,2.0
2023,11,KC,74.0,44.0,30.0,2.0,61.75,39.75,22.0,1.75,0.6437246963562753,0.3562753036437247,1.75
2023,12,KC,58.0,35.0,23.0,4.0,62.75,40.0,22.75,2.0,0.6374501992031872,0.36254980079681276,2.0
2023,13,KC,62.0,36.0,26.0,2.0,61.25,38.0,23.25,2.0,0.6204081632653061,0.3795918367346939,2.0
2023,14,KC,62.0,44.0,18.0,2.0,62.5,36.75,25.75,2.5,0.588,0.412,2.5
2023,15,KC,61.0,41.0,20.0,3.0,64.0,39.75,24.25,2.5,0.62109375,0.37890625,2.5
2023,16,KC,74.0,49.0,25.0,4.0,60.75,39.0,21.75,2.75,0.6419753086419753,0.35802469135802467,2.75
2023,17,KC,53.0,31.0,22.0,1.0,64.75,42.5,22.25,2.75,0.6563706563706564,0.3436293436293436,2.75
2023,18,KC,59.0,31.0,28.0,0.0,62.5,41.25,21.25,2.5,0.66,0.34,2.5
2023,19,KC,75.0,41.0,34.0,2.0,61.75,38.0,23.75,2.0,0.6153846153846154,0.38461538461538464,2.0
2023,20,KC,47.0,23.0,24.0,3.0,65.25,38.0,27.25,1.75,0.5823754789272031,0.41762452107279696,1.75
2023,21,KC,73.0,41.0,32.0,2.0,58.5,31.5,27.0,1.5,0.5384615384615384,0.46153846153846156,1.5
2023,22,KC,79.0,49.0,30.0,2.0,63.5,34.0,29.5,1.75,0.5354330708661418,0.4645669291338583,1.75
2024,1,KC,50.0,30.0,20.0,3.0,68.5,38.5,30.0,2.25,0.5620437956204379,0.43795620437956206,2.25
2024,2,KC,60.0,28.0,32.0,2.0,62.25,35.75,26.5,2.5,0.5742971887550201,0.42570281124497994,2.5
2024,3,KC,72.0,39.0,33.0,2.0,65.5,37.0,28.5,2.25,0.5648854961832062,0.4351145038167939,2.25
2024,4,KC,58.0,32.0,26.0,2.0,65.25,36.5,28.75,2.25,0.5593869731800766,0.44061302681992337,2.25
2024,5,KC,80.0,41.0,39.0,2.0,60.0,32.25,27.75,2.25,0.5375,0.4625,2.25
2024,7,KC,68.0,29.0,39.0,4.0,67.5,35.0,32.5,2.0,0.5185185185185185,0.48148148148148145,2.0
2024,8,KC,68.0,39.0,29.0,3.0,69.5,35.25,34.25,2.5,0.5071942446043165,0.49280575539568344,2.5
2024,9,KC,83.0,48.0,35.0,4.0,68.5,35.25,33.25,2.75,0.5145985401459854,0.4854014598540146,2.75
2024,10,KC,65.0,46.0,19.0,1.0,74.75,39.25,35.5,3.25,0.5250836120401338,0.47491638795986624,3.25
2024,11,KC,52.0,35.0,17.0,3.0,71.0,40.5,30.5,3.0,0.5704225352112676,0.4295774647887324,3.0
2024,12,KC,68.0,42.0,26.0,3.0,67.0,42.0,25.0,2.75,0.6268656716417911,0.373134328358209,2.75
2024,13,KC,67.0,51.0,16.0,1.0,67.0,42.75,24.25,2.75,0.6380597014925373,0.3619402985074627,2.75
2024,14,KC,65.0,40.0,25.0,1.0,63.0,43.5,19.5,2.0,0.6904761904761905,0.30952380952380953,2.0
2024,15,KC,75.0,40.0,35.0,3.0,63.0,42.0,21.0,2.0,0.6666666666666666,0.3333333333333333,2.0
2024,16,KC,70.0,42.0,28.0,3.0,68.75,43.25,25.5,2.0,0.6290909090909091,0.3709090909090909,2.0
2024,17,KC,59.0,39.0,20.0,4.0,69.25,43.25,26.0,2.0,0.6245487364620939,0.37545126353790614,2.0
2024,18,KC,33.0,22.0,11.0,0.0,67.25,40.25,27.0,2.75,0.5985130111524164,0.40148698884758366,2.75
2024,20,KC,50.0,28.0,22.0,2.0,59.25,35.75,23.5,2.5,0.6033755274261603,0.39662447257383965,2.5
2024,21,KC,64.0,29.0,35.0,4.0,53.0,32.75,20.25,2.25,0.6179245283018868,0.38207547169811323,2.25
2024,22,KC,52.0,41.0,11.0,4.0,51.5,29.5,22.0,2.5,0.5728155339805825,0.42718446601941745,2.5
2023,1,LA,78.0,38.0,40.0,3.0,62.0,34.0,27.0,2.4,0.5573770491803278,0.4426229508196721,2.4
2023,2,LA,78.0,56.0,22.0,2.0,78.0,38.0,40.0,3.0,0.48717948717948717,0.5128205128205128,3.0
2023,3,LA,52.0,39.0,13.0,1.0,78.0,47.0,31.0,2.5,0.6025641025641025,0.3974358974358974,2.5
2023,4,LA,78.0,42.0,36.0,3.0,69.33333333333333,44.333333333333336,25.0,2.0,0.6394230769230769,0.360576923076923,2.0
2023,5,LA,55.0,41.0,14.0,2.0,71.5,43.75,27.75,2.25,0.6118881118881119,0.3881118881118881,2.25
2023,6,LA,55.0,27.0,28.0,2.0,65.75,44.5,21.25,2.0,0.6768060836501901,0.3231939163498099,2.0
2023,7,LA,63.0,32.0,31.0,2.0,60.0,37.25,22.75,2.0,0.6208333333333333,0.37916666666666665,2.0
2023,8,LA,60.0,36.0,24.0,3.0,62.75,35.5,27.25,2.25,0.5657370517928287,0.4342629482071713,2.25
2023,9,LA,55.0,29.0,26.0,0.0,58.25,34.0,24.25,2.25,0.5836909871244635,0.41630901287553645,2.25
2023,11,LA,59.0,32.0,27.0,2.0,58.25,31.0,27.25,1.75,0.5321888412017167,0.4678111587982833,1.75
2023,12,LA,66.0,33.0,33.0,5.0,59.25,32.25,27.0,1.75,0.5443037974683544,0.45569620253164556,1.75
2023,13,LA,62.0,37.0,25.0,4.0,60.0,32.5,27.5,2.5,0.5416666666666666,0.4583333333333333,2.5
2023,14,LA,74.0,44.0,30.0,4.0,60.5,32.75,27.75,2.75,0.5413223140495868,0.45867768595041325,2.75
2023,15,LA,74.0,36.0,38.0,3.0,65.25,36.5,28.75,3.75,0.5593869731800766,0.44061302681992337,3.75
2023,16,LA,67.0,35.0,32.0,3.0,69.0,37.5,31.5,4.0,0.5434782608695652,0.45652173913043476,4.0
2023,17,LA,61.0,38.0,23.0,5.0,69.25,38.0,31.25,3.5,0.5487364620938628,0.45126353790613716,3.5
2023,18,LA,63.0,27.0,36.0,3.0,69.0,38.25,30.75,3.75,0.5543478260869565,0.44565217391304346,3.75
2023,19,LA,55.0,38.0,17.0,2.0,66.25,34.0,32.25,3.5,0.5132075471698113,0.4867924528301887,3.5
2024,1,LA,74.0,51.0,23.0,2.0,61.5,34.5,27.0,3.25,0.5609756097560976,0.43902439024390244,3.25
2024,2,LA,52.0,32.0,20.0,1.0,63.25,38.5,24.75,3.0,0.6086956521739131,0.391304347826087,3.0
2024,3,LA,55.0,29.0,26.0,3.0,61.0,37.0,24.0,2.0,0.6065573770491803,0.39344262295081966,2.0
2024,4,LA,59.0,33.0,26.0,1.0,59.0,37.5,21.5,2.0,0.635593220338983,0.3644067796610169,2.0
2024,5,LA,77.0,48.0,29.0,2.0,60.0,36.25,23.75,1.75,0.6041666666666666,0.3958333333333333,1.75
2024,7,LA,52.0,24.0,28.0,2.0,60.75,35.5,25.25,1.75,0.5843621399176955,0.4156378600823045,1.75
2024,8,LA,66.0,34.0,32.0,4.0,60.75,33.5,27.25,2.0,0.551440329218107,0.448559670781893,2.0
2024,9,LA,68.0,44.0,24.0,2.0,63.5,34.75,28.75,2.25,0.547244094488189,0.452755905511811,2.25
2024,10,LA,68.0,50.0,18.0,0.0,65.75,37.5,28.25,2.5,0.5703422053231939,0.4296577946768061,2.5
2024,11,LA,51.0,27.0,24.0,4.0,63.5,38.0,25.5,2.0,0.5984251968503937,0.4015748031496063,2.0
2024,12,LA,60.0,42.0,18.0,3.0,63.25,38.75,24.5,2.5,0.6126482213438735,0.38735177865612647,2.5
2024,13,LA,55.0,26.0,29.0,3.0,61.75,40.75,21.0,2.25,0.659919028340081,0.340080971659919,2.25
2024,14,LA,72.0,30.0,42.0,5.0,58.5,36.25,22.25,2.5,0.6196581196581197,0.3803418803418803,2.5
2024,15,LA,65.0,27.0,38.0,0.0,59.5,31.25,28.25,3.75,0.5252100840336135,0.47478991596638653,3.75
2024,16,LA,50.0,19.0,31.0,2.0,63.0,31.25,31.75,2.75,0.49603174603174605,0.503968253968254,2.75
2024,17,LA,54.0,32.0,22.0,1.0,60.5,25.5,35.0,2.5,0.4214876033057851,0.5785123966942148,2.5
2024,18,LA,66.0,45.0,21.0,2.0,60.25,27.0,33.25,2.0,0.44813278008298757,0.5518672199170125,2.0
2024,19,LA,51.0,29.0,22.0,2.0,58.75,30.75,28.0,1.25,0.5234042553191489,0.4765957446808511,1.25
2024,20,LA,70.0,49.0,21.0,2.0,55.25,31.25,24.0,1.75,0.5656108597285068,0.4343891402714932,1.75
2023,1,LAC,76.0,36.0,40.0,4.0,62.0,34.0,27.0,2.4,0.5573770491803278,0.4426229508196721,2.4
2023,2,LAC,66.0,45.0,21.0,2.0,76.0,36.0,40.0,4.0,0.47368421052631576,0.5263157894736842,4.0
2023,3,LAC,64.0,49.0,15.0,4.0,71.0,40.5,30.5,3.0,0.5704225352112676,0.4295774647887324,3.0
2023,4,LAC,63.0,26.0,37.0,3.0,68.66666666666667,43.333333333333336,25.333333333333332,3.3333333333333335,0.6310679611650485,0.3689320388349514,3.3333333333333335
2023,6,LAC,61.0,38.0,23.0,2.0,67.25,39.0,28.25,3.25,0.5799256505576208,0.4200743494423792,3.25
2023,7,LAC,61.0,35.0,26.0,2.0,63.5,39.5,24.0,2.75,0.6220472440944882,0.3779527559055118,2.75
2023,8,LAC,65.0,40.0,25.0,3.0,62.25,37.0,25.25,2.75,0.5943775100401606,0.40562248995983935,2.75
2023,9,LAC,56.0,35.0,21.0,2.0,62.5,34.75,27.75,2.5,0.556,0.444,2.5
2023,10,LAC,68.0,40.0,28.0,5.0,60.75,37.0,23.75,2.25,0.6090534979423868,0.39094650205761317,2.25
2023,11,LAC,62.0,38.0,24.0,2.0,62.5,37.5,25.0,3.0,0.6,0.4,3.0
2023,12,LAC,66.0,47.0,19.0,1.0,62.75,38.25,24.5,3.0,0.6095617529880478,0.3904382470119522,3.0
2023,13,LAC,61.0,37.0,24.0,0.0,63.0,40.0,23.0,2.5,0.6349206349206349,0.36507936507936506,2.5
2023,14,LAC,67.0,48.0,19.0,1.0,64.25,40.5,23.75,2.0,0.6303501945525292,0.36964980544747084,2.0
2023,15,LAC,63.0,35.0,28.0,5.0,64.0,42.5,21.5,1.0,0.6640625,0.3359375,1.0
2023,16,LAC,65.0,38.0,27.0,1.0,64.25,41.75,22.5,1.75,0.6498054474708171,0.35019455252918286,1.75
2023,17,LAC,63.0,39.0,24.0,0.0,64.0,39.5,24.5,1.75,0.6171875,0.3828125,1.75
2023,18,LAC,80.0,50.0,30.0,1.0,64.5,40.0,24.5,1.75,0.6201550387596899,0.3798449612403101,1.75
2024,1,LAC,55.0,27.0,28.0,2.0,67.75,40.5,27.25,1.75,0.5977859778597786,0.4022140221402214,1.75
2024,2,LAC,65.0,21.0,44.0,3.0,65.75,38.5,27.25,1.0,0.5855513307984791,0.4144486692015209,1.0
2024,3,LAC,45.0,25.0,20.0,1.0,65.75,34.25,31.5,1.5,0.5209125475285171,0.4790874524714829,1.5
2024,4,LAC,53.0,29.0,24.0,1.0,61.25,30.75,30.5,1.75,0.5020408163265306,0.49795918367346936,1.75
2024,6,LAC,75.0,37.0,38.0,2.0,54.5,25.5,29.0,1.75,0.46788990825688076,0.5321100917431193,1.75
2024,7,LAC,64.0,42.0,22.0,0.0,59.5,28.0,31.5,1.75,0.47058823529411764,0.5294117647058824,1.75
2024,8,LAC,64.0,35.0,29.0,3.0,59.25,33.25,26.0,1.0,0.5611814345991561,0.4388185654008439,1.0
2024,9,LAC,56.0,33.0,23.0,4.0,64.0,35.75,28.25,1.5,0.55859375,0.44140625,1.5
2024,10,LAC,57.0,18.0,39.0,3.0,64.75,36.75,28.0,2.25,0.5675675675675675,0.43243243243243246,2.25
2024,11,LAC,63.0,38.0,25.0,4.0,60.25,32.0,28.25,2.5,0.5311203319502075,0.46887966804979253,2.5
2024,12,LAC,60.0,40.0,20.0,2.0,60.0,31.0,29.0,3.5,0.5166666666666667,0.48333333333333334,3.5
2024,13,LAC,47.0,30.0,17.0,0.0,59.0,32.25,26.75,3.25,0.5466101694915254,0.4533898305084746,3.25
2024,14,LAC,57.0,33.0,24.0,2.0,56.75,31.5,25.25,2.25,0.5550660792951542,0.44493392070484583,2.25
2024,15,LAC,48.0,37.0,11.0,2.0,56.75,35.25,21.5,2.0,0.6211453744493393,0.3788546255506608,2.0
2024,16,LAC,63.0,34.0,29.0,4.0,53.0,35.0,18.0,1.5,0.660377358490566,0.33962264150943394,1.5
2024,17,LAC,77.0,40.0,37.0,4.0,53.75,33.5,20.25,2.0,0.6232558139534884,0.3767441860465116,2.0
2024,18,LAC,73.0,38.0,35.0,3.0,61.25,36.0,25.25,3.0,0.5877551020408164,0.4122448979591837,3.0
2024,19,LAC,54.0,36.0,18.0,2.0,65.25,37.25,28.0,3.25,0.5708812260536399,0.42911877394636017,3.25
2023,1,LV,55.0,26.0,29.0,2.0,62.0,34.0,27.0,2.4,0.5573770491803278,0.4426229508196721,2.4
2023,2,LV,39.0,24.0,15.0,1.0,55.0,26.0,29.0,2.0,0.4727272727272727,0.5272727272727272,2.0
2023,3,LV,68.0,49.0,19.0,2.0,47.0,25.0,22.0,1.5,0.5319148936170213,0.46808510638297873,1.5
2023,4,LV,69.0,46.0,23.0,2.0,54.0,33.0,21.0,1.6666666666666667,0.6111111111111112,0.3888888888888889,1.6666666666666667
2023,5,LV,64.0,35.0,29.0,2.0,57.75,36.25,21.5,1.75,0.6277056277056277,0.3722943722943723,1.75
2023,6,LV,65.0,32.0,33.0,1.0,60.0,38.5,21.5,1.75,0.6416666666666667,0.35833333333333334,1.75
2023,7,LV,61.0,47.0,14.0,2.0,66.5,40.5,26.0,1.75,0.6090225563909775,0.39097744360902253,1.75
2023,8,LV,45.0,27.0,18.0,1.0,64.75,40.0,24.75,1.75,0.6177606177606177,0.38223938223938225,1.75
2023,9,LV,59.0,25.0,34.0,3.0,58.75,35.25,23.5,1.5,0.6,0.4,1.5
2023,10,LV,62.0,30.0,32.0,1.0,57.5,32.75,24.75,1.75,0.5695652173913044,0.43043478260869567,1.75
2023,11,LV,59.0,43.0,16.0,1.0,56.75,32.25,24.5,1.75,0.5682819383259912,0.43171806167400884,1.75
2023,12,LV,58.0,35.0,23.0,2.0,56.25,31.25,25.0,1.5,0.5555555555555556,0.4444444444444444,1.5
2023,14,LV,53.0,36.0,17.0,0.0,59.5,33.25,26.25,1.75,0.5588235294117647,0.4411764705882353,1.75
2023,15,LV,63.0,37.0,26.0,7.0,58.0,36.0,22.0,1.0,0.6206896551724138,0.3793103448275862,1.0
2023,16,LV,54.0,23.0,31.0,0.0,58.25,37.75,20.5,2.5,0.648068669527897,0.351931330472103,2.5
2023,17,LV,74.0,49.0,25.0,2.0,57.0,32.75,24.25,2.25,0.5745614035087719,0.42543859649122806,2.25
2023,18,LV,66.0,35.0,31.0,3.0,61.0,36.25,24.75,2.25,0.5942622950819673,0.4057377049180328,2.25
2024,1,LV,59.0,37.0,22.0,1.0,64.25,36.0,28.25,3.0,0.5603112840466926,0.4396887159533074,3.0
2024,2,LV,60.0,43.0,17.0,2.0,63.25,36.0,27.25,1.5,0.5691699604743083,0.4308300395256917,1.5
2024,3,LV,60.0,44.0,16.0,3.0,64.75,41.0,23.75,2.0,0.6332046332046332,0.3667953667953668,2.0
2024,4,LV,55.0,26.0,29.0,3.0,61.25,39.75,21.5,2.25,0.6489795918367347,0.3510204081632653,2.25
2024,5,LV,66.0,40.0,26.0,3.0,58.5,37.5,21.0,2.25,0.6410256410256411,0.358974358974359,2.25
2024,6,LV,61.0,42.0,19.0,2.0,60.25,38.25,22.0,2.75,0.6348547717842323,0.3651452282157676,2.75
2024,7,LV,75.0,46.0,29.0,1.0,60.5,38.0,22.5,2.75,0.628099173553719,0.371900826446281,2.75
2024,8,LV,56.0,35.0,21.0,2.0,64.25,38.5,25.75,2.25,0.5992217898832685,0.40077821011673154,2.25
2024,9,LV,59.0,38.0,21.0,2.0,64.5,40.75,23.75,2.0,0.6317829457364341,0.3682170542635659,2.0
2024,11,LV,63.0,46.0,17.0,2.0,62.75,40.25,22.5,1.75,0.6414342629482072,0.35856573705179284,1.75
2024,12,LV,74.0,58.0,16.0,1.0,63.25,41.25,22.0,1.75,0.6521739130434783,0.34782608695652173,1.75
2024,13,LV,63.0,38.0,25.0,2.0,63.0,44.25,18.75,1.75,0.7023809523809523,0.2976190476190476,1.75
2024,14,LV,64.0,39.0,25.0,1.0,64.75,45.0,19.75,1.75,0.694980694980695,0.305019305019305,1.75
2024,15,LV,65.0,43.0,22.0,1.0,66.0,45.25,20.75,1.5,0.6856060606060606,0.3143939393939394,1.5
2024,16,LV,68.0,41.0,27.0,2.0,66.5,44.5,22.0,1.25,0.6691729323308271,0.3308270676691729,1.25
2024,17,LV,74.0,36.0,38.0,2.0,65.0,40.25,24.75,1.5,0.6192307692307693,0.38076923076923075,1.5
2024,18,LV,48.0,36.0,12.0,2.0,67.75,39.75,28.0,1.5,0.5867158671586716,0.4132841328413284,1.5
2023,1,MIA,65.0,45.0,20.0,4.0,62.0,34.0,27.0,2.4,0.5573770491803278,0.4426229508196721,2.4
2023,2,MIA,61.0,31.0,30.0,3.0,65.0,45.0,20.0,4.0,0.6923076923076923,0.3076923076923077,4.0
2023,3,MIA,71.0,28.0,43.0,10.0,63.0,38.0,25.0,3.5,0.6031746031746031,0.3968253968253968,3.5
2023,4,MIA,59.0,40.0,19.0,3.0,65.66666666666667,34.666666666666664,31.0,5.666666666666667,0.5279187817258884,0.47208121827411176,5.666666666666667
2023,5,MIA,54.0,31.0,23.0,5.0,64.0,36.0,28.0,5.0,0.5625,0.4375,5.0
2023,6,MIA,65.0,32.0,33.0,7.0,61.25,32.5,28.75,5.25,0.5306122448979592,0.46938775510204084,5.25
2023,7,MIA,48.0,36.0,12.0,1.0,62.25,32.75,29.5,6.25,0.5261044176706827,0.4738955823293173,6.25
2023,8,MIA,73.0,47.0,26.0,4.0,56.5,34.75,21.75,4.0,0.6150442477876106,0.38495575221238937,4.0
2023,9,MIA,58.0,37.0,21.0,3.0,60.0,36.5,23.5,4.25,0.6083333333333333,0.39166666666666666,4.25
2023,11,MIA,68.0,40.0,28.0,2.0,61.0,38.0,23.0,3.75,0.6229508196721312,0.3770491803278688,3.75
2023,12,MIA,69.0,32.0,37.0,4.0,61.75,40.0,21.75,2.5,0.6477732793522267,0.3522267206477733,2.5
2023,13,MIA,59.0,25.0,34.0,5.0,67.0,39.0,28.0,3.25,0.582089552238806,0.417910447761194,3.25
2023,14,MIA,69.0,38.0,31.0,2.0,63.5,33.5,30.0,3.5,0.5275590551181102,0.47244094488188976,3.5
2023,15,MIA,57.0,29.0,28.0,3.0,66.25,33.75,32.5,3.25,0.5094339622641509,0.49056603773584906,3.25
2023,16,MIA,64.0,38.0,26.0,1.0,63.5,31.0,32.5,3.5,0.4881889763779528,0.5118110236220472,3.5
2023,17,MIA,67.0,42.0,25.0,2.0,62.25,32.5,29.75,2.75,0.5220883534136547,0.4779116465863454,2.75
2023,18,MIA,48.0,28.0,20.0,3.0,64.25,36.75,27.5,2.0,0.5719844357976653,0.4280155642023346,2.0
2023,19,MIA,59.0,41.0,18.0,1.0,59.0,34.25,24.75,2.25,0.5805084745762712,0.4194915254237288,2.25
2024,1,MIA,65.0,40.0,25.0,2.0,59.5,37.25,22.25,1.75,0.6260504201680672,0.3739495798319328,1.75
2024,2,MIA,75.0,41.0,34.0,2.0,59.75,37.75,22.0,2.0,0.6317991631799164,0.3682008368200837,2.0
2024,3,MIA,56.0,38.0,18.0,0.0,61.75,37.5,24.25,2.0,0.6072874493927125,0.39271255060728744,2.0
2024,4,MIA,55.0,25.0,30.0,1.0,63.75,40.0,23.75,1.25,0.6274509803921569,0.37254901960784315,1.25
2024,5,MIA,76.0,35.0,41.0,1.0,62.75,36.0,26.75,1.25,0.5737051792828686,0.4262948207171315,1.25
2024,7,MIA,68.0,28.0,40.0,1.0,65.5,34.75,30.75,1.0,0.5305343511450382,0.46946564885496184,1.0
2024,8,MIA,64.0,39.0,25.0,3.0,63.75,31.5,32.25,0.75,0.49411764705882355,0.5058823529411764,0.75
2024,9,MIA,60.0,29.0,31.0,3.0,65.75,31.75,34.0,1.5,0.4828897338403042,0.5171102661596958,1.5
2024,10,MIA,53.0,31.0,22.0,2.0,67.0,32.75,34.25,2.0,0.48880597014925375,0.5111940298507462,2.0
2024,11,MIA,64.0,38.0,26.0,4.0,61.25,31.75,29.5,2.25,0.5183673469387755,0.4816326530612245,2.25
2024,12,MIA,66.0,42.0,24.0,5.0,60.25,34.25,26.0,3.0,0.5684647302904564,0.4315352697095436,3.0
2024,13,MIA,67.0,53.0,14.0,2.0,60.75,35.0,25.75,3.5,0.5761316872427984,0.42386831275720166,3.5
2024,14,MIA,67.0,48.0,19.0,3.0,62.5,41.0,21.5,3.25,0.656,0.344,3.25
2024,15,MIA,62.0,43.0,19.0,1.0,66.0,45.25,20.75,3.5,0.6856060606060606,0.3143939393939394,3.5
2024,16,MIA,64.0,34.0,30.0,2.0,65.5,46.5,19.0,2.75,0.7099236641221374,0.2900763358778626,2.75
2024,17,MIA,57.0,30.0,27.0,2.0,65.0,44.5,20.5,2.0,0.6846153846153846,0.3153846153846154,2.0
2024,18,MIA,68.0,45.0,23.0,2.0,62.5,38.75,23.75,2.0,0.62,0.38,2.0
2023,1,MIN,63.0,46.0,17.0,2.0,62.0,34.0,27.0,2.4,0.5573770491803278,0.4426229508196721,2.4
2023,2,MIN,55.0,46.0,9.0,4.0,63.0,46.0,17.0,2.0,0.7301587301587301,0.2698412698412698,2.0
2023,3,MIN,78.0,54.0,24.0,3.0,59.0,46.0,13.0,3.0,0.7796610169491526,0.22033898305084745,3.0
2023,4,MIN,44.0,21.0,23.0,3.0,65.33333333333333,48.666666666666664,16.666666666666668,3.0,0.7448979591836735,0.2551020408163266,3.0
2023,5,MIN,68.0,50.0,18.0,2.0,60.0,41.75,18.25,3.0,0.6958333333333333,0.30416666666666664,3.0
2023,6,MIN,55.0,33.0,22.0,1.0,61.25,42.75,18.5,3.0,0.6979591836734694,0.3020408163265306,3.0
2023,7,MIN,66.0,45.0,21.0,2.0,61.25,39.5,21.75,2.25,0.6448979591836734,0.3551020408163265,2.25
2023,8,MIN,69.0,38.0,31.0,3.0,58.25,37.25,21.0,2.0,0.6394849785407726,0.3605150214592275,2.0
2023,9,MIN,74.0,41.0,33.0,3.0,64.5,41.5,23.0,2.0,0.6434108527131783,0.35658914728682173,2.0
2023,10,MIN,68.0,35.0,33.0,3.0,66.0,39.25,26.75,2.25,0.5946969696969697,0.4053030303030303,2.25
2023,11,MIN,70.0,34.0,36.0,2.0,69.25,39.75,29.5,2.75,0.5740072202166066,0.4259927797833935,2.75
2023,12,MIN,51.0,34.0,17.0,1.0,70.25,37.0,33.25,2.75,0.5266903914590747,0.47330960854092524,2.75
2023,14,MIN,71.0,41.0,30.0,0.0,65.75,36.0,29.75,2.25,0.5475285171102662,0.4524714828897338,2.25
2023,15,MIN,67.0,37.0,30.0,3.0,65.0,36.0,29.0,1.5,0.5538461538461539,0.4461538461538462,1.5
2023,16,MIN,51.0,40.0,11.0,3.0,64.75,36.5,28.25,1.5,0.5637065637065637,0.4362934362934363,1.5
2023,17,MIN,52.0,36.0,16.0,1.0,60.0,38.0,22.0,1.75,0.6333333333333333,0.36666666666666664,1.75
2023,18,MIN,70.0,48.0,22.0,2.0,60.25,38.5,21.75,1.75,0.6390041493775933,0.36099585062240663,1.75
2024,1,MIN,51.0,25.0,26.0,3.0,60.0,40.25,19.75,2.25,0.6708333333333333,0.32916666666666666,2.25
2024,2,MIN,54.0,30.0,24.0,2.0,56.0,37.25,18.75,2.25,0.6651785714285714,0.33482142857142855,2.25
2024,3,MIN,60.0,32.0,28.0,4.0,56.75,34.75,22.0,2.0,0.6123348017621145,0.3876651982378855,2.0
2024,4,MIN,64.0,30.0,34.0,4.0,58.75,33.75,25.0,2.75,0.574468085106383,0.425531914893617,2.75
2024,5,MIN,66.0,36.0,30.0,1.0,57.25,29.25,28.0,3.25,0.5109170305676856,0.4890829694323144,3.25
2024,7,MIN,53.0,32.0,21.0,2.0,61.0,32.0,29.0,2.75,0.5245901639344263,0.47540983606557374,2.75
2024,8,MIN,50.0,28.0,22.0,2.0,60.75,32.5,28.25,2.75,0.5349794238683128,0.46502057613168724,2.75
2024,9,MIN,71.0,39.0,32.0,4.0,58.25,31.5,26.75,2.25,0.5407725321888412,0.4592274678111588,2.25
2024,10,MIN,82.0,39.0,43.0,0.0,60.0,33.75,26.25,2.25,0.5625,0.4375,2.25
2024,11,MIN,67.0,34.0,33.0,3.0,64.0,34.5,29.5,2.0,0.5390625,0.4609375,2.0
2024,12,MIN,65.0,38.0,27.0,3.0,67.5,35.0,32.5,2.25,0.5185185185185185,0.48148148148148145,2.25
2024,13,MIN,51.0,36.0,15.0,2.0,71.25,37.5,33.75,2.5,0.5263157894736842,0.47368421052631576,2.5
2024,14,MIN,56.0,32.0,24.0,6.0,66.25,36.75,29.5,2.0,0.5547169811320755,0.44528301886792454,2.0
2024,15,MIN,71.0,42.0,29.0,3.0,59.75,35.0,24.75,3.5,0.5857740585774058,0.41422594142259417,3.5
2024,16,MIN,62.0,38.0,24.0,3.0,60.75,37.0,23.75,3.5,0.6090534979423868,0.39094650205761317,3.5
2024,17,MIN,70.0,44.0,26.0,3.0,60.0,37.0,23.0,3.5,0.6166666666666667,0.38333333333333336,3.5
2024,18,MIN,62.0,43.0,19.0,0.0,64.75,39.0,25.75,3.75,0.6023166023166023,0.39768339768339767,3.75
2024,19,MIN,72.0,50.0,22.0,2.0,66.25,41.75,24.5,2.25,0.630188679245283,0.36981132075471695,2.25
2023,1,NE,79.0,57.0,22.0,4.0,62.0,34.0,27.0,2.4,0.5573770491803278,0.4426229508196721,2.4
2023,2,NE,71.0,46.0,25.0,2.0,79.0,57.0,22.0,4.0,0.7215189873417721,0.27848101265822783,4.0
2023,3,NE,69.0,29.0,40.0,1.0,75.0,51.5,23.5,3.0,0.6866666666666666,0.31333333333333335,3.0
2023,4,NE,55.0,32.0,23.0,2.0,73.0,44.0,29.0,2.3333333333333335,0.6027397260273972,0.3972602739726027,2.3333333333333335
2023,5,NE,51.0,33.0,18.0,1.0,68.5,41.0,27.5,2.25,0.5985401459854015,0.40145985401459855,2.25
2023,6,NE,56.0,37.0,19.0,2.0,61.5,35.0,26.5,1.5,0.5691056910569106,0.43089430894308944,1.5
2023,7,NE,56.0,31.0,25.0,3.0,57.75,32.75,25.0,1.5,0.5670995670995671,0.4329004329004329,1.5
2023,8,NE,51.0,32.0,19.0,2.0,54.5,33.25,21.25,2.0,0.6100917431192661,0.38990825688073394,2.0
2023,9,NE,63.0,44.0,19.0,2.0,53.5,33.25,20.25,2.0,0.6214953271028038,0.37850467289719625,2.0
2023,10,NE,68.0,32.0,36.0,0.0,56.5,36.0,20.5,2.25,0.6371681415929203,0.36283185840707965,2.25
2023,12,NE,68.0,37.0,31.0,1.0,59.5,34.75,24.75,1.75,0.5840336134453782,0.41596638655462187,1.75
2023,13,NE,62.0,30.0,32.0,0.0,62.5,36.25,26.25,1.25,0.58,0.42,1.25
2023,14,NE,55.0,30.0,25.0,3.0,65.25,35.75,29.5,0.75,0.5478927203065134,0.4521072796934866,0.75
2023,15,NE,51.0,35.0,16.0,2.0,63.25,32.25,31.0,1.0,0.5098814229249012,0.4901185770750988,1.0
2023,16,NE,56.0,35.0,21.0,2.0,59.0,33.0,26.0,1.5,0.559322033898305,0.4406779661016949,1.5
2023,17,NE,53.0,29.0,24.0,4.0,56.0,32.5,23.5,1.75,0.5803571428571429,0.41964285714285715,1.75
2023,18,NE,58.0,37.0,21.0,0.0,53.75,32.25,21.5,2.75,0.6,0.4,2.75
2024,1,NE,64.0,25.0,39.0,1.0,54.5,34.0,20.5,2.0,0.6238532110091743,0.3761467889908257,2.0
2024,2,NE,66.0,30.0,36.0,2.0,57.75,31.5,26.25,1.75,0.5454545454545454,0.45454545454545453,1.75
2024,3,NE,48.0,33.0,15.0,0.0,60.25,30.25,30.0,1.75,0.5020746887966805,0.4979253112033195,1.75
2024,4,NE,62.0,38.0,24.0,2.0,59.0,31.25,27.75,0.75,0.5296610169491526,0.4703389830508475,0.75
2024,5,NE,55.0,36.0,19.0,1.0,60.0,31.5,28.5,1.25,0.525,0.475,1.25
2024,6,NE,63.0,37.0,26.0,3.0,57.75,34.25,23.5,1.25,0.5930735930735931,0.4069264069264069,1.25
2024,7,NE,55.0,40.0,15.0,3.0,57.0,36.0,21.0,1.5,0.631578947368421,0.3684210526315789,1.5
2024,8,NE,64.0,33.0,31.0,3.0,58.75,37.75,21.0,2.25,0.6425531914893617,0.3574468085106383,2.25
2024,9,NE,65.0,45.0,20.0,2.0,59.25,36.5,22.75,2.5,0.6160337552742616,0.38396624472573837,2.5
2024,10,NE,61.0,26.0,35.0,1.0,61.75,38.75,23.0,2.75,0.6275303643724697,0.3724696356275304,2.75
2024,11,NE,72.0,42.0,30.0,2.0,61.25,36.0,25.25,2.25,0.5877551020408164,0.4122448979591837,2.25
2024,12,NE,64.0,43.0,21.0,1.0,65.5,36.5,29.0,2.0,0.5572519083969466,0.44274809160305345,2.0
2024,13,NE,66.0,35.0,31.0,2.0,65.5,39.0,26.5,1.5,0.5954198473282443,0.40458015267175573,1.5
2024,15,NE,49.0,25.0,24.0,2.0,65.75,36.5,29.25,1.5,0.5551330798479087,0.4448669201520912,1.5
2024,16,NE,68.0,38.0,30.0,4.0,62.75,36.25,26.5,1.75,0.5776892430278885,0.42231075697211157,1.75
2024,17,NE,48.0,28.0,20.0,1.0,61.75,35.25,26.5,2.25,0.5708502024291497,0.4291497975708502,2.25
2024,18,NE,61.0,31.0,30.0,2.0,57.75,31.5,26.25,2.25,0.5454545454545454,0.45454545454545453,2.25
2023,1,NO,64.0,37.0,27.0,1.0,62.0,34.0,27.0,2.4,0.5573770491803278,0.4426229508196721,2.4
2023,2,NO,74.0,41.0,33.0,2.0,64.0,37.0,27.0,1.0,0.578125,0.421875,1.0
2023,3,NO,60.0,38.0,22.0,1.0,69.0,39.0,30.0,1.5,0.5652173913043478,0.43478260869565216,1.5
2023,4,NO,61.0,42.0,19.0,0.0,66.0,38.666666666666664,27.333333333333332,1.3333333333333333,0.5858585858585859,0.41414141414141414,1.3333333333333333
2023,5,NO,70.0,28.0,42.0,3.0,64.75,39.5,25.25,1.0,0.61003861003861,0.38996138996138996,1.0
2023,6,NO,78.0,53.0,25.0,1.0,66.25,37.25,29.0,1.5,0.5622641509433962,0.4377358490566038,1.5
2023,7,NO,88.0,57.0,31.0,3.0,67.25,40.25,27.0,1.25,0.5985130111524164,0.40148698884758366,1.25
2023,8,NO,66.0,30.0,36.0,5.0,74.25,45.0,29.25,1.75,0.6060606060606061,0.3939393939393939,1.75
2023,9,NO,62.0,35.0,27.0,3.0,75.5,42.0,33.5,3.0,0.5562913907284768,0.44370860927152317,3.0
2023,10,NO,63.0,46.0,17.0,2.0,73.5,43.75,29.75,3.0,0.5952380952380952,0.40476190476190477,3.0
2023,12,NO,67.0,39.0,28.0,1.0,69.75,42.0,27.75,3.25,0.6021505376344086,0.3978494623655914,3.25
2023,13,NO,67.0,31.0,36.0,4.0,64.5,37.5,27.0,2.75,0.5813953488372093,0.4186046511627907,2.75
2023,14,NO,52.0,27.0,25.0,3.0,64.75,37.75,27.0,2.5,0.583011583011583,0.416988416988417,2.5
2023,15,NO,58.0,30.0,28.0,3.0,62.25,35.75,26.5,2.5,0.5742971887550201,0.42570281124497994,2.5
2023,16,NO,59.0,43.0,16.0,3.0,61.0,31.75,29.25,2.75,0.5204918032786885,0.47950819672131145,2.75
2023,17,NO,70.0,35.0,35.0,2.0,59.0,32.75,26.25,3.25,0.5550847457627118,0.4449152542372881,3.25
2023,18,NO,66.0,31.0,35.0,6.0,59.75,33.75,26.0,2.75,0.5648535564853556,0.4351464435146444,2.75
2024,1,NO,62.0,25.0,37.0,5.0,63.25,34.75,28.5,3.5,0.549407114624506,0.4505928853754941,3.5
2024,2,NO,56.0,17.0,39.0,6.0,64.25,33.5,30.75,4.0,0.5214007782101168,0.4785992217898833,4.0
2024,3,NO,56.0,27.0,29.0,1.0,63.5,27.0,36.5,4.75,0.4251968503937008,0.5748031496062992,4.75
2024,4,NO,70.0,37.0,33.0,4.0,60.0,25.0,35.0,4.5,0.4166666666666667,0.5833333333333334,4.5
2024,5,NO,51.0,36.0,15.0,2.0,61.0,26.5,34.5,4.0,0.4344262295081967,0.5655737704918032,4.0
2024,6,NO,66.0,45.0,21.0,3.0,58.25,29.25,29.0,3.25,0.5021459227467812,0.4978540772532189,3.25
2024,7,NO,66.0,45.0,21.0,2.0,60.75,36.25,24.5,2.5,0.5967078189300411,0.40329218106995884,2.5
2024,8,NO,68.0,47.0,21.0,0.0,63.25,40.75,22.5,2.75,0.6442687747035574,0.3557312252964427,2.75
2024,9,NO,75.0,34.0,41.0,2.0,62.75,43.25,19.5,1.75,0.6892430278884463,0.3107569721115538,1.75
2024,10,NO,52.0,25.0,27.0,2.0,68.75,42.75,26.0,1.75,0.6218181818181818,0.3781818181818182,1.75
2024,11,NO,58.0,30.0,28.0,5.0,65.25,37.75,27.5,1.5,0.578544061302682,0.421455938697318,1.5
2024,13,NO,69.0,38.0,31.0,1.0,63.25,34.0,29.25,2.25,0.5375494071146245,0.4624505928853755,2.25
2024,14,NO,66.0,33.0,33.0,2.0,63.5,31.75,31.75,2.5,0.5,0.5,2.5
2024,15,NO,52.0,36.0,16.0,2.0,61.25,31.5,29.75,2.5,0.5142857142857142,0.4857142857142857,2.5
2024,16,NO,53.0,33.0,20.0,0.0,61.25,34.25,27.0,2.5,0.5591836734693878,0.44081632653061226,2.5
2024,17,NO,53.0,40.0,13.0,1.0,60.0,35.0,25.0,1.25,0.5833333333333334,0.4166666666666667,1.25
2024,18,NO,63.0,44.0,19.0,1.0,56.0,35.5,20.5,1.25,0.6339285714285714,0.36607142857142855,1.25
2023,1,NYG,65.0,37.0,28.0,2.0,62.0,34.0,27.0,2.4,0.5573770491803278,0.4426229508196721,2.4
2023,2,NYG,67.0,40.0,27.0,4.0,65.0,37.0,28.0,2.0,0.5692307692307692,0.4307692307692308,2.0
2023,3,NYG,47.0,36.0,11.0,1.0,66.0,38.5,27.5,3.0,0.5833333333333334,0.4166666666666667,3.0
2023,4,NYG,74.0,45.0,29.0,1.0,59.666666666666664,37.666666666666664,22.0,2.3333333333333335,0.6312849162011173,0.3687150837988827,2.3333333333333335
2023,5,NYG,68.0,39.0,29.0,0.0,63.25,39.5,23.75,2.0,0.6245059288537549,0.37549407114624506,2.0
2023,6,NYG,73.0,39.0,34.0,0.0,64.0,40.0,24.0,1.5,0.625,0.375,1.5
2023,7,NYG,65.0,33.0,32.0,2.0,65.5,39.75,25.75,0.5,0.6068702290076335,0.3931297709923664,0.5
2023,8,NYG,70.0,18.0,52.0,1.0,70.0,39.0,31.0,0.75,0.5571428571428572,0.44285714285714284,0.75
2023,9,NYG,63.0,38.0,25.0,1.0,69.0,32.25,36.75,0.75,0.4673913043478261,0.532608695652174,0.75
2023,10,NYG,55.0,32.0,23.0,2.0,67.75,32.0,35.75,1.0,0.47232472324723246,0.5276752767527675,1.0
2023,11,NYG,54.0,35.0,19.0,3.0,63.25,30.25,33.0,1.5,0.4782608695652174,0.5217391304347826,1.5
2023,12,NYG,50.0,31.0,19.0,1.0,60.5,30.75,29.75,1.75,0.5082644628099173,0.49173553719008267,1.75
2023,14,NYG,55.0,21.0,34.0,3.0,55.5,34.0,21.5,1.75,0.6126126126126126,0.38738738738738737,1.75
2023,15,NYG,61.0,45.0,16.0,0.0,53.5,29.75,23.75,2.25,0.5560747663551402,0.4439252336448598,2.25
2023,16,NYG,60.0,33.0,27.0,2.0,55.0,33.0,22.0,1.75,0.6,0.4,1.75
2023,17,NYG,68.0,48.0,20.0,2.0,56.5,32.5,24.0,1.5,0.5752212389380531,0.4247787610619469,1.5
2023,18,NYG,66.0,36.0,30.0,3.0,61.0,36.75,24.25,1.75,0.6024590163934426,0.3975409836065574,1.75
2024,1,NYG,68.0,47.0,21.0,1.0,63.75,40.5,23.25,1.75,0.6352941176470588,0.36470588235294116,1.75
2024,2,NYG,53.0,31.0,22.0,3.0,65.5,41.0,24.5,2.0,0.6259541984732825,0.37404580152671757,2.0
2024,3,NYG,69.0,37.0,32.0,3.0,63.75,40.5,23.25,2.25,0.6352941176470588,0.36470588235294116,2.25
2024,4,NYG,65.0,41.0,24.0,0.0,64.0,37.75,26.25,2.5,0.58984375,0.41015625,2.5
2024,5,NYG,72.0,37.0,35.0,3.0,63.75,39.0,24.75,1.75,0.611764705882353,0.38823529411764707,1.75
2024,6,NYG,74.0,43.0,31.0,1.0,64.75,36.5,28.25,2.25,0.5637065637065637,0.4362934362934363,2.25
2024,7,NYG,55.0,37.0,18.0,0.0,70.0,39.5,30.5,1.75,0.5642857142857143,0.4357142857142857,1.75
2024,8,NYG,68.0,43.0,25.0,2.0,66.5,39.5,27.0,1.0,0.5939849624060151,0.40601503759398494,1.0
2024,9,NYG,61.0,30.0,31.0,3.0,67.25,40.0,27.25,1.5,0.5947955390334573,0.4052044609665427,1.5
2024,10,NYG,73.0,39.0,34.0,2.0,64.5,38.25,26.25,1.5,0.5930232558139535,0.4069767441860465,1.5
2024,12,NYG,56.0,36.0,20.0,1.0,64.25,37.25,27.0,1.75,0.5797665369649806,0.42023346303501946,1.75
2024,13,NYG,59.0,38.0,21.0,3.0,64.5,37.0,27.5,2.0,0.5736434108527132,0.4263565891472868,2.0
2024,14,NYG,75.0,52.0,23.0,1.0,62.25,35.75,26.5,2.25,0.5742971887550201,0.42570281124497994,2.25
2024,15,NYG,60.0,40.0,20.0,2.0,65.75,41.25,24.5,1.75,0.6273764258555133,0.3726235741444867,1.75
2024,16,NYG,55.0,42.0,13.0,3.0,62.5,41.5,21.0,1.75,0.664,0.336,1.75
2024,17,NYG,53.0,23.0,30.0,6.0,62.25,43.0,19.25,2.25,0.6907630522088354,0.3092369477911647,2.25
2024,18,NYG,54.0,29.0,25.0,1.0,60.75,39.25,21.5,3.0,0.6460905349794238,0.35390946502057613,3.0
2023,1,NYJ,53.0,25.0,28.0,1.0,62.0,34.0,27.0,2.4,0.5573770491803278,0.4426229508196721,2.4
2023,2,NYJ,46.0,30.0,16.0,1.0,53.0,25.0,28.0,1.0,0.4716981132075472,0.5283018867924528,1.0
2023,3,NYJ,61.0,39.0,22.0,1.0,49.5,27.5,22.0,1.0,0.5555555555555556,0.4444444444444444,1.0
2023,4,NYJ,58.0,41.0,17.0,2.0,53.333333333333336,31.333333333333332,22.0,1.0,0.5875,0.41250000000000003,1.0
2023,5,NYJ,62.0,30.0,32.0,1.0,54.5,33.75,20.75,1.25,0.6192660550458715,0.38073394495412843,1.25
2023,6,NYJ,60.0,39.0,21.0,1.0,56.75,35.0,21.75,1.25,0.6167400881057269,0.3832599118942731,1.25
2023,8,NYJ,62.0,40.0,22.0,1.0,60.25,37.25,23.0,1.25,0.6182572614107884,0.3817427385892116,1.25
2023,9,NYJ,77.0,57.0,20.0,1.0,60.5,37.5,23.0,1.25,0.6198347107438017,0.38016528925619836,1.25
2023,10,NYJ,63.0,42.0,21.0,0.0,65.25,41.5,23.75,1.0,0.6360153256704981,0.36398467432950193,1.0
2023,11,NYJ,55.0,37.0,18.0,1.0,65.5,44.5,21.0,0.75,0.6793893129770993,0.32061068702290074,0.75
2023,12,NYJ,55.0,45.0,10.0,2.0,64.25,44.0,20.25,0.75,0.6848249027237354,0.3151750972762646,0.75
2023,13,NYJ,67.0,42.0,25.0,0.0,62.5,45.25,17.25,1.0,0.724,0.276,1.0
2023,14,NYJ,66.0,40.0,26.0,3.0,60.0,41.5,18.5,0.75,0.6916666666666667,0.30833333333333335,0.75
2023,15,NYJ,55.0,43.0,12.0,0.0,60.75,41.0,19.75,1.5,0.6748971193415638,0.32510288065843623,1.5
2023,16,NYJ,85.0,49.0,36.0,3.0,60.75,42.5,18.25,1.25,0.6995884773662552,0.3004115226337449,1.25
2023,17,NYJ,68.0,47.0,21.0,2.0,68.25,43.5,24.75,1.5,0.6373626373626373,0.3626373626373626,1.5
2023,18,NYJ,64.0,21.0,43.0,1.0,68.5,44.75,23.75,2.0,0.6532846715328468,0.3467153284671533,2.0
2024,1,NYJ,51.0,31.0,20.0,3.0,68.0,40.0,28.0,1.5,0.5882352941176471,0.4117647058823529,1.5
2024,2,NYJ,56.0,32.0,24.0,3.0,67.0,37.0,30.0,2.25,0.5522388059701493,0.44776119402985076,2.25
2024,3,NYJ,70.0,37.0,33.0,3.0,59.75,32.75,27.0,2.25,0.5481171548117155,0.45188284518828453,2.25
2024,4,NYJ,70.0,47.0,23.0,0.0,60.25,30.25,30.0,2.5,0.5020746887966805,0.4979253112033195,2.5
2024,5,NYJ,71.0,57.0,14.0,3.0,61.75,36.75,25.0,2.25,0.5951417004048583,0.4048582995951417,2.25
2024,6,NYJ,59.0,38.0,21.0,2.0,66.75,43.25,23.5,2.25,0.6479400749063671,0.352059925093633,2.25
2024,7,NYJ,56.0,41.0,15.0,2.0,67.5,44.75,22.75,2.0,0.662962962962963,0.337037037037037,2.0
2024,8,NYJ,58.0,30.0,28.0,3.0,64.0,45.75,18.25,1.75,0.71484375,0.28515625,1.75
2024,9,NYJ,55.0,34.0,21.0,3.0,61.0,41.5,19.5,2.5,0.680327868852459,0.319672131147541,2.5
2024,10,NYJ,55.0,38.0,17.0,0.0,57.0,35.75,21.25,2.5,0.6271929824561403,0.37280701754385964,2.5
2024,11,NYJ,52.0,32.0,20.0,3.0,56.0,35.75,20.25,2.0,0.6383928571428571,0.36160714285714285,2.0
2024,13,NYJ,63.0,41.0,22.0,4.0,55.0,33.5,21.5,2.25,0.6090909090909091,0.39090909090909093,2.25
2024,14,NYJ,63.0,42.0,21.0,2.0,56.25,36.25,20.0,2.5,0.6444444444444445,0.35555555555555557,2.5
2024,15,NYJ,55.0,32.0,23.0,4.0,58.25,38.25,20.0,2.25,0.6566523605150214,0.34334763948497854,2.25
2024,16,NYJ,63.0,43.0,20.0,1.0,58.25,36.75,21.5,3.25,0.630901287553648,0.36909871244635195,3.25
2024,17,NYJ,59.0,38.0,21.0,2.0,61.0,39.5,21.5,2.75,0.6475409836065574,0.3524590163934426,2.75
2024,18,NYJ,63.0,40.0,23.0,4.0,60.0,38.75,21.25,2.25,0.6458333333333334,0.3541666666666667,2.25
2023,1,PHI,61.0,36.0,25.0,1.0,62.0,34.0,27.0,2.4,0.5573770491803278,0.4426229508196721,2.4
2023,2,PHI,75.0,27.0,48.0,4.0,61.0,36.0,25.0,1.0,0.5901639344262295,0.4098360655737705,1.0
2023,3,PHI,78.0,38.0,40.0,2.0,68.0,31.5,36.5,2.5,0.4632352941176471,0.5367647058823529,2.5
2023,4,PHI,68.0,40.0,28.0,3.0,71.33333333333333,33.666666666666664,37.666666666666664,2.3333333333333335,0.4719626168224299,0.5280373831775701,2.3333333333333335
2023,5,PHI,78.0,39.0,39.0,2.0,70.5,35.25,35.25,2.5,0.5,0.5,2.5
2023,6,PHI,69.0,47.0,22.0,2.0,74.75,36.0,38.75,2.75,0.4816053511705686,0.5183946488294314,2.75
2023,7,PHI,68.0,34.0,34.0,5.0,73.25,41.0,32.25,2.25,0.5597269624573379,0.4402730375426621,2.25
2023,8,PHI,62.0,40.0,22.0,5.0,70.75,40.0,30.75,3.0,0.5653710247349824,0.43462897526501765,3.0
2023,9,PHI,59.0,26.0,33.0,4.0,69.25,40.0,29.25,3.5,0.5776173285198556,0.4223826714801444,3.5
2023,11,PHI,54.0,27.0,27.0,3.0,64.5,36.75,27.75,4.0,0.5697674418604651,0.43023255813953487,4.0
2023,12,PHI,65.0,33.0,32.0,5.0,60.75,31.75,29.0,4.25,0.522633744855967,0.4773662551440329,4.25
2023,13,PHI,70.0,52.0,18.0,2.0,60.0,31.5,28.5,4.25,0.525,0.475,4.25
2023,14,PHI,52.0,29.0,23.0,0.0,62.0,34.5,27.5,3.5,0.5564516129032258,0.4435483870967742,3.5
2023,15,PHI,69.0,31.0,38.0,2.0,60.25,35.25,25.0,2.5,0.5850622406639004,0.4149377593360996,2.5
2023,16,PHI,74.0,39.0,35.0,4.0,64.0,36.25,27.75,2.25,0.56640625,0.43359375,2.25
2023,17,PHI,47.0,24.0,23.0,3.0,66.25,37.75,28.5,2.0,0.569811320754717,0.43018867924528303,2.0
2023,18,PHI,65.0,41.0,24.0,1.0,60.5,30.75,29.75,2.25,0.5082644628099173,0.49173553719008267,2.25
2023,19,PHI,54.0,38.0,16.0,1.0,63.75,33.75,30.0,2.5,0.5294117647058824,0.47058823529411764,2.5
2024,1,PHI,74.0,36.0,38.0,4.0,60.0,35.5,24.5,2.25,0.5916666666666667,0.4083333333333333,2.25
2024,2,PHI,69.0,31.0,38.0,2.0,60.0,34.75,25.25,2.25,0.5791666666666667,0.42083333333333334,2.25
2024,3,PHI,68.0,42.0,26.0,2.0,65.5,36.5,29.0,2.0,0.5572519083969466,0.44274809160305345,2.0
2024,4,PHI,56.0,36.0,20.0,2.0,66.25,36.75,29.5,2.25,0.5547169811320755,0.44528301886792454,2.25
2024,6,PHI,62.0,26.0,36.0,3.0,66.75,36.25,30.5,2.5,0.5430711610486891,0.45692883895131087,2.5
2024,7,PHI,65.0,20.0,45.0,4.0,63.75,33.75,30.0,2.25,0.5294117647058824,0.47058823529411764,2.25
2024,8,PHI,59.0,20.0,39.0,4.0,62.75,31.0,31.75,2.75,0.4940239043824701,0.5059760956175299,2.75
2024,9,PHI,76.0,28.0,48.0,5.0,60.5,25.5,35.0,3.25,0.4214876033057851,0.5785123966942148,3.25
2024,10,PHI,65.0,27.0,38.0,4.0,65.5,23.5,42.0,4.0,0.35877862595419846,0.6412213740458015,4.0
2024,11,PHI,70.0,30.0,40.0,3.0,66.25,23.75,42.5,4.25,0.3584905660377358,0.6415094339622641,4.25
2024,12,PHI,68.0,23.0,45.0,4.0,67.5,26.25,41.25,4.0,0.3888888888888889,0.6111111111111112,4.0
2024,13,PHI,54.0,21.0,33.0,3.0,69.75,27.0,42.75,4.0,0.3870967741935484,0.6129032258064516,4.0
2024,14,PHI,57.0,25.0,32.0,3.0,64.25,25.25,39.0,3.5,0.39299610894941633,0.6070038910505836,3.5
2024,15,PHI,77.0,35.0,42.0,3.0,62.25,24.75,37.5,3.25,0.39759036144578314,0.6024096385542169,3.25
2024,16,PHI,71.0,32.0,39.0,3.0,64.0,26.0,38.0,3.25,0.40625,0.59375,3.25
2024,17,PHI,61.0,19.0,42.0,4.0,64.75,28.25,36.5,3.0,0.4362934362934363,0.5637065637065637,3.0
2024,18,PHI,68.0,43.0,25.0,2.0,66.5,27.75,38.75,3.25,0.41729323308270677,0.5827067669172933,3.25
2024,19,PHI,57.0,23.0,34.0,2.0,69.25,32.25,37.0,3.0,0.4657039711191336,0.5342960288808665,3.0
2024,20,PHI,61.0,27.0,34.0,3.0,64.25,29.25,35.0,2.75,0.45525291828793774,0.5447470817120622,2.75
2024,21,PHI,67.0,30.0,37.0,8.0,61.75,28.0,33.75,2.75,0.4534412955465587,0.5465587044534413,2.75
2024,22,PHI,70.0,25.0,45.0,3.0,63.25,30.75,32.5,3.75,0.48616600790513836,0.5138339920948617,3.75
2023,1,PIT,61.0,51.0,10.0,1.0,62.0,34.0,27.0,2.4,0.5573770491803278,0.4426229508196721,2.4
2023,2,PIT,54.0,32.0,22.0,1.0,61.0,51.0,10.0,1.0,0.8360655737704918,0.16393442622950818,1.0
2023,3,PIT,60.0,29.0,31.0,2.0,57.5,41.5,16.0,1.0,0.7217391304347827,0.2782608695652174,1.0
2023,4,PIT,56.0,31.0,25.0,0.0,58.333333333333336,37.333333333333336,21.0,1.3333333333333333,0.64,0.36,1.3333333333333333
2023,5,PIT,66.0,36.0,30.0,1.0,57.75,35.75,22.0,1.0,0.6190476190476191,0.38095238095238093,1.0
2023,7,PIT,56.0,27.0,29.0,3.0,59.0,32.0,27.0,1.0,0.5423728813559322,0.4576271186440678,1.0
2023,8,PIT,64.0,46.0,18.0,1.0,59.5,30.75,28.75,1.5,0.5168067226890757,0.4831932773109244,1.5
2023,9,PIT,60.0,30.0,30.0,2.0,60.5,35.0,25.5,1.25,0.5785123966942148,0.4214876033057851,1.25
2023,10,PIT,60.0,24.0,36.0,2.0,61.5,34.75,26.75,1.75,0.5650406504065041,0.4349593495934959,1.75
2023,11,PIT,57.0,31.0,26.0,1.0,60.0,31.75,28.25,2.0,0.5291666666666667,0.4708333333333333,2.0
2023,12,PIT,68.0,35.0,33.0,1.0,60.25,32.75,27.5,1.5,0.5435684647302904,0.45643153526970953,1.5
2023,13,PIT,58.0,27.0,31.0,1.0,61.25,30.0,31.25,1.5,0.4897959183673469,0.5102040816326531,1.5
2023,14,PIT,67.0,39.0,28.0,2.0,60.75,29.25,31.5,1.25,0.48148148148148145,0.5185185185185185,1.25
2023,15,PIT,54.0,30.0,24.0,2.0,62.5,33.0,29.5,1.25,0.528,0.472,1.25
2023,16,PIT,58.0,28.0,30.0,4.0,61.75,32.75,29.0,1.5,0.5303643724696356,0.46963562753036436,1.5
2023,17,PIT,71.0,25.0,46.0,3.0,59.25,31.0,28.25,2.25,0.5232067510548524,0.4767932489451477,2.25
2023,18,PIT,62.0,23.0,39.0,2.0,62.5,30.5,32.0,2.75,0.488,0.512,2.75
2023,19,PIT,63.0,40.0,23.0,2.0,61.25,26.5,34.75,2.75,0.4326530612244898,0.5673469387755102,2.75
2024,1,PIT,66.0,25.0,41.0,0.0,63.5,29.0,34.5,2.75,0.4566929133858268,0.5433070866141733,2.75
2024,2,PIT,58.0,22.0,36.0,1.0,65.5,28.25,37.25,1.75,0.4312977099236641,0.5687022900763359,1.75
2024,3,PIT,65.0,34.0,31.0,2.0,62.25,27.5,34.75,1.25,0.44176706827309237,0.5582329317269076,1.25
2024,4,PIT,68.0,38.0,30.0,3.0,63.0,30.25,32.75,1.25,0.4801587301587302,0.5198412698412699,1.25
2024,5,PIT,57.0,31.0,26.0,2.0,64.25,29.75,34.5,1.5,0.46303501945525294,0.5369649805447471,1.5
2024,6,PIT,63.0,28.0,35.0,3.0,62.0,31.25,30.75,2.0,0.5040322580645161,0.4959677419354839,2.0
2024,7,PIT,66.0,30.0,36.0,4.0,63.25,32.75,30.5,2.5,0.5177865612648221,0.48221343873517786,2.5
2024,8,PIT,63.0,32.0,31.0,1.0,63.5,31.75,31.75,3.0,0.5,0.5,3.0
2024,10,PIT,75.0,32.0,43.0,4.0,62.25,30.25,32.0,2.5,0.4859437751004016,0.5140562248995983,2.5
2024,11,PIT,74.0,40.0,34.0,0.0,66.75,30.5,36.25,3.0,0.45692883895131087,0.5430711610486891,3.0
2024,12,PIT,68.0,34.0,34.0,2.0,69.5,33.5,36.0,2.25,0.48201438848920863,0.5179856115107914,2.25
2024,13,PIT,66.0,40.0,26.0,5.0,70.0,34.5,35.5,1.75,0.4928571428571429,0.5071428571428571,1.75
2024,14,PIT,62.0,27.0,35.0,3.0,70.75,36.5,34.25,2.75,0.5159010600706714,0.4840989399293286,2.75
2024,15,PIT,41.0,24.0,17.0,1.0,67.5,35.25,32.25,2.5,0.5222222222222223,0.4777777777777778,2.5
2024,16,PIT,60.0,36.0,24.0,3.0,59.25,31.25,28.0,2.75,0.5274261603375527,0.47257383966244726,2.75
2024,17,PIT,73.0,42.0,31.0,1.0,57.25,31.75,25.5,3.0,0.5545851528384279,0.44541484716157204,3.0
2024,18,PIT,58.0,35.0,23.0,2.0,59.0,32.25,26.75,2.0,0.5466101694915254,0.4533898305084746,2.0
2024,19,PIT,45.0,34.0,11.0,2.0,58.0,34.25,23.75,1.75,0.5905172413793104,0.40948275862068967,1.75
2023,1,SEA,46.0,28.0,18.0,1.0,62.0,34.0,27.0,2.4,0.5573770491803278,0.4426229508196721,2.4
2023,2,SEA,67.0,42.0,25.0,4.0,46.0,28.0,18.0,1.0,0.6086956521739131,0.391304347826087,1.0
2023,3,SEA,72.0,39.0,33.0,3.0,56.5,35.0,21.5,2.5,0.6194690265486725,0.3805309734513274,2.5
2023,4,SEA,51.0,28.0,23.0,2.0,61.666666666666664,36.333333333333336,25.333333333333332,2.6666666666666665,0.5891891891891892,0.4108108108108108,2.6666666666666665
2023,6,SEA,70.0,45.0,25.0,1.0,59.0,34.25,24.75,2.5,0.5805084745762712,0.4194915254237288,2.5
2023,7,SEA,58.0,26.0,32.0,2.0,65.0,38.5,26.5,2.5,0.5923076923076923,0.4076923076923077,2.5
2023,8,SEA,55.0,38.0,17.0,3.0,62.75,34.5,28.25,2.0,0.549800796812749,0.450199203187251,2.0
2023,9,SEA,47.0,32.0,15.0,0.0,58.5,34.25,24.25,2.0,0.5854700854700855,0.41452991452991456,2.0
2023,10,SEA,74.0,48.0,26.0,2.0,57.5,35.25,22.25,1.5,0.6130434782608696,0.3869565217391304,1.5
2023,11,SEA,63.0,42.0,21.0,1.0,58.5,36.0,22.5,1.75,0.6153846153846154,0.38461538461538464,1.75
2023,12,SEA,54.0,33.0,21.0,0.0,59.75,40.0,19.75,1.5,0.6694560669456067,0.3305439330543933,1.5
2023,13,SEA,64.0,42.0,22.0,5.0,59.5,38.75,20.75,0.75,0.6512605042016807,0.3487394957983193,0.75
2023,14,SEA,56.0,36.0,20.0,2.0,63.75,41.25,22.5,2.0,0.6470588235294118,0.35294117647058826,2.0
2023,15,SEA,59.0,35.0,24.0,2.0,59.25,38.25,21.0,2.0,0.6455696202531646,0.35443037974683544,2.0
2023,16,SEA,59.0,39.0,20.0,2.0,58.25,36.5,21.75,2.25,0.6266094420600858,0.37339055793991416,2.25
2023,17,SEA,49.0,34.0,15.0,2.0,59.5,38.0,21.5,2.75,0.6386554621848739,0.36134453781512604,2.75
2023,18,SEA,54.0,29.0,25.0,2.0,55.75,36.0,19.75,2.0,0.6457399103139013,0.3542600896860987,2.0
2024,1,SEA,61.0,28.0,33.0,3.0,55.25,34.25,21.0,2.0,0.6199095022624435,0.38009049773755654,2.0
2024,2,SEA,66.0,47.0,19.0,2.0,55.75,32.5,23.25,2.25,0.5829596412556054,0.4170403587443946,2.25
2024,3,SEA,60.0,37.0,23.0,3.0,57.5,34.5,23.0,2.25,0.6,0.4,2.25
2024,4,SEA,79.0,60.0,19.0,4.0,60.25,35.25,25.0,2.5,0.5850622406639004,0.4149377593360996,2.5
2024,5,SEA,58.0,47.0,11.0,2.0,66.5,43.0,23.5,3.0,0.6466165413533834,0.3533834586466165,3.0
2024,6,SEA,73.0,53.0,20.0,3.0,65.75,47.75,18.0,2.75,0.7262357414448669,0.2737642585551331,2.75
2024,7,SEA,56.0,30.0,26.0,3.0,67.5,49.25,18.25,3.0,0.7296296296296296,0.27037037037037037,3.0
2024,8,SEA,47.0,30.0,17.0,1.0,66.5,47.5,19.0,3.0,0.7142857142857143,0.2857142857142857,3.0
2024,9,SEA,74.0,41.0,33.0,4.0,58.5,40.0,18.5,2.25,0.6837606837606838,0.3162393162393162,2.25
2024,11,SEA,59.0,36.0,23.0,2.0,62.5,38.5,24.0,2.75,0.616,0.384,2.75
2024,12,SEA,61.0,36.0,25.0,1.0,59.0,34.25,24.75,2.5,0.5805084745762712,0.4194915254237288,2.5
2024,13,SEA,57.0,34.0,23.0,2.0,60.25,35.75,24.5,2.0,0.5933609958506224,0.4066390041493776,2.0
2024,14,SEA,61.0,30.0,31.0,3.0,62.75,36.75,26.0,2.25,0.5856573705179283,0.41434262948207173,2.25
2024,15,SEA,56.0,40.0,16.0,1.0,59.5,34.0,25.5,2.0,0.5714285714285714,0.42857142857142855,2.0
2024,16,SEA,60.0,45.0,15.0,3.0,58.75,35.0,23.75,1.75,0.5957446808510638,0.40425531914893614,1.75
2024,17,SEA,51.0,26.0,25.0,0.0,58.5,37.25,21.25,2.25,0.6367521367521367,0.36324786324786323,2.25
2024,18,SEA,54.0,30.0,24.0,4.0,57.0,35.25,21.75,1.75,0.618421052631579,0.3815789473684211,1.75
2023,1,SF,66.0,32.0,34.0,3.0,62.0,34.0,27.0,2.4,0.5573770491803278,0.4426229508196721,2.4
2023,2,SF,54.0,26.0,28.0,3.0,66.0,32.0,34.0,3.0,0.48484848484848486,0.5151515151515151,3.0
2023,3,SF,78.0,39.0,39.0,3.0,60.0,29.0,31.0,3.0,0.48333333333333334,0.5166666666666667,3.0
2023,4,SF,53.0,22.0,31.0,5.0,66.0,32.333333333333336,33.666666666666664,3.0,0.48989898989898994,0.51010101010101,3.0
2023,5,SF,67.0,26.0,41.0,6.0,62.75,29.75,33.0,3.5,0.47410358565737054,0.5258964143426295,3.5
2023,6,SF,55.0,30.0,25.0,2.0,63.0,28.25,34.75,4.25,0.44841269841269843,0.5515873015873016,4.25
2023,7,SF,53.0,31.0,22.0,2.0,63.25,29.25,34.0,4.0,0.4624505928853755,0.5375494071146245,4.0
2023,8,SF,56.0,33.0,23.0,2.0,57.0,27.25,29.75,3.75,0.4780701754385965,0.5219298245614035,3.75
2023,10,SF,60.0,30.0,30.0,4.0,57.75,30.0,27.75,3.0,0.5194805194805194,0.4805194805194805,3.0
2023,11,SF,59.0,29.0,30.0,3.0,56.0,31.0,25.0,2.5,0.5535714285714286,0.44642857142857145,2.5
2023,12,SF,65.0,32.0,33.0,5.0,57.0,30.75,26.25,2.75,0.5394736842105263,0.4605263157894737,2.75
2023,13,SF,57.0,29.0,28.0,6.0,60.0,31.0,29.0,3.5,0.5166666666666667,0.48333333333333334,3.5
2023,14,SF,53.0,30.0,23.0,4.0,60.25,30.0,30.25,4.5,0.4979253112033195,0.5020746887966805,4.5
2023,15,SF,54.0,28.0,26.0,5.0,58.5,30.0,28.5,4.5,0.5128205128205128,0.48717948717948717,4.5
2023,16,SF,68.0,50.0,18.0,2.0,57.25,29.75,27.5,5.0,0.519650655021834,0.48034934497816595,5.0
2023,17,SF,68.0,29.0,39.0,3.0,58.0,34.25,23.75,4.25,0.5905172413793104,0.40948275862068967,4.25
2023,18,SF,58.0,29.0,29.0,3.0,60.75,34.25,26.5,3.5,0.5637860082304527,0.43621399176954734,3.5
2023,20,SF,64.0,40.0,24.0,3.0,62.0,34.0,28.0,3.25,0.5483870967741935,0.45161290322580644,3.25
2023,21,SF,66.0,33.0,33.0,4.0,64.5,37.0,27.5,2.75,0.5736434108527132,0.4263565891472868,2.75
2023,22,SF,71.0,40.0,31.0,2.0,64.0,32.75,31.25,3.25,0.51171875,0.48828125,3.25
2024,1,SF,70.0,32.0,38.0,2.0,64.75,35.5,29.25,3.0,0.5482625482625483,0.4517374517374517,3.0
2024,2,SF,67.0,42.0,25.0,2.0,67.75,36.25,31.5,2.75,0.5350553505535055,0.46494464944649444,2.75
2024,3,SF,65.0,31.0,34.0,3.0,68.5,36.75,31.75,2.5,0.5364963503649635,0.4635036496350365,2.5
2024,4,SF,60.0,28.0,32.0,2.0,68.25,36.25,32.0,2.25,0.5311355311355311,0.46886446886446886,2.25
2024,5,SF,63.0,37.0,26.0,1.0,65.5,33.25,32.25,2.25,0.5076335877862596,0.49236641221374045,2.25
2024,6,SF,62.0,28.0,34.0,4.0,63.75,34.5,29.25,2.0,0.5411764705882353,0.4588235294117647,2.0
2024,7,SF,57.0,33.0,24.0,2.0,62.5,31.0,31.5,2.5,0.496,0.504,2.5
2024,8,SF,64.0,28.0,36.0,3.0,60.5,31.5,29.0,2.25,0.5206611570247934,0.4793388429752066,2.25
2024,10,SF,61.0,39.0,22.0,2.0,61.5,31.5,30.0,2.5,0.5121951219512195,0.4878048780487805,2.5
2024,11,SF,57.0,30.0,27.0,2.0,61.0,32.0,29.0,2.75,0.5245901639344263,0.47540983606557374,2.75
2024,12,SF,47.0,31.0,16.0,1.0,59.75,32.5,27.25,2.25,0.5439330543933054,0.4560669456066946,2.25
2024,13,SF,47.0,20.0,27.0,1.0,57.25,32.0,25.25,2.0,0.5589519650655022,0.4410480349344978,2.0
2024,14,SF,61.0,27.0,34.0,5.0,53.0,30.0,23.0,1.5,0.5660377358490566,0.4339622641509434,1.5
2024,15,SF,53.0,34.0,19.0,0.0,53.0,27.0,26.0,2.25,0.5094339622641509,0.49056603773584906,2.25
2024,16,SF,61.0,43.0,18.0,2.0,52.0,28.0,24.0,1.75,0.5384615384615384,0.46153846153846156,1.75
2024,17,SF,60.0,42.0,18.0,5.0,55.5,31.0,24.5,2.0,0.5585585585585585,0.44144144144144143,2.0
2024,18,SF,73.0,45.0,28.0,3.0,58.75,36.5,22.25,3.0,0.6212765957446809,0.37872340425531914,3.0
2023,1,TB,68.0,35.0,33.0,2.0,62.0,34.0,27.0,2.4,0.5573770491803278,0.4426229508196721,2.4
2023,2,TB,68.0,34.0,34.0,2.0,68.0,35.0,33.0,2.0,0.5147058823529411,0.4852941176470588,2.0
2023,3,TB,45.0,28.0,17.0,1.0,68.0,34.5,33.5,2.0,0.5073529411764706,0.49264705882352944,2.0
2023,4,TB,68.0,35.0,33.0,3.0,60.333333333333336,32.333333333333336,28.0,1.6666666666666667,0.5359116022099447,0.46408839779005523,1.6666666666666667
2023,6,TB,54.0,38.0,16.0,0.0,62.25,33.0,29.25,2.0,0.5301204819277109,0.46987951807228917,2.0
2023,7,TB,65.0,45.0,20.0,1.0,58.75,33.75,25.0,1.5,0.574468085106383,0.425531914893617,1.5
2023,8,TB,63.0,46.0,17.0,2.0,58.0,36.5,21.5,1.25,0.6293103448275862,0.3706896551724138,1.25
2023,9,TB,63.0,32.0,31.0,4.0,62.5,41.0,21.5,1.5,0.656,0.344,1.5
2023,10,TB,61.0,32.0,29.0,2.0,61.25,40.25,21.0,1.75,0.6571428571428571,0.34285714285714286,1.75
2023,11,TB,67.0,49.0,18.0,2.0,63.0,38.75,24.25,2.25,0.6150793650793651,0.38492063492063494,2.25
2023,12,TB,56.0,37.0,19.0,2.0,63.5,39.75,23.75,2.5,0.6259842519685039,0.37401574803149606,2.5
2023,13,TB,58.0,30.0,28.0,3.0,61.75,37.5,24.25,2.5,0.6072874493927125,0.39271255060728744,2.5
2023,14,TB,67.0,30.0,37.0,3.0,60.5,37.0,23.5,2.25,0.6115702479338843,0.3884297520661157,2.25
2023,15,TB,60.0,33.0,27.0,4.0,62.0,36.5,25.5,2.5,0.5887096774193549,0.4112903225806452,2.5
2023,16,TB,73.0,37.0,36.0,3.0,60.25,32.5,27.75,3.0,0.5394190871369294,0.4605809128630705,3.0
2023,17,TB,51.0,36.0,15.0,2.0,64.5,32.5,32.0,3.25,0.5038759689922481,0.49612403100775193,3.25
2023,18,TB,64.0,35.0,29.0,0.0,62.75,34.0,28.75,3.0,0.5418326693227091,0.4581673306772908,3.0
2023,19,TB,69.0,40.0,29.0,3.0,62.0,35.25,26.75,2.25,0.5685483870967742,0.4314516129032258,2.25
2023,20,TB,61.0,46.0,15.0,3.0,64.25,37.0,27.25,2.0,0.5758754863813229,0.42412451361867703,2.0
2024,1,TB,61.0,31.0,30.0,4.0,61.25,39.25,22.0,2.0,0.6408163265306123,0.35918367346938773,2.0
2024,2,TB,47.0,24.0,23.0,2.0,63.75,38.0,25.75,2.5,0.596078431372549,0.403921568627451,2.5
2024,3,TB,56.0,40.0,16.0,1.0,59.5,35.25,24.25,3.0,0.592436974789916,0.40756302521008403,3.0
2024,4,TB,74.0,49.0,25.0,4.0,56.25,35.25,21.0,2.5,0.6266666666666667,0.37333333333333335,2.5
2024,5,TB,51.0,25.0,26.0,3.0,59.5,36.0,23.5,2.75,0.6050420168067226,0.3949579831932773,2.75
2024,6,TB,73.0,38.0,35.0,7.0,57.0,34.5,22.5,2.5,0.6052631578947368,0.39473684210526316,2.5
2024,7,TB,80.0,50.0,30.0,4.0,63.5,38.0,25.5,3.75,0.5984251968503937,0.4015748031496063,3.75
2024,8,TB,72.0,50.0,22.0,3.0,69.5,40.5,29.0,4.5,0.5827338129496403,0.4172661870503597,4.5
2024,9,TB,52.0,33.0,19.0,3.0,69.0,40.75,28.25,4.25,0.5905797101449275,0.40942028985507245,4.25
2024,10,TB,58.0,31.0,27.0,2.0,69.25,42.75,26.5,4.25,0.6173285198555957,0.38267148014440433,4.25
2024,12,TB,62.0,30.0,32.0,4.0,65.5,41.0,24.5,3.0,0.6259541984732825,0.37404580152671757,3.0
2024,13,TB,77.0,38.0,39.0,2.0,61.0,36.0,25.0,3.0,0.5901639344262295,0.4098360655737705,3.0
2024,14,TB,59.0,33.0,26.0,4.0,62.25,33.0,29.25,2.75,0.5301204819277109,0.46987951807228917,2.75
2024,15,TB,67.0,28.0,39.0,4.0,64.0,33.0,31.0,3.0,0.515625,0.484375,3.0
2024,16,TB,70.0,47.0,23.0,3.0,66.25,32.25,34.0,3.5,0.4867924528301887,0.5132075471698113,3.5
2024,17,TB,74.0,34.0,40.0,5.0,68.25,36.5,31.75,3.25,0.5347985347985348,0.4652014652014652,3.25
2024,18,TB,64.0,33.0,31.0,3.0,67.5,35.5,32.0,4.0,0.5259259259259259,0.4740740740740741,4.0
2024,19,TB,44.0,19.0,25.0,2.0,68.75,35.5,33.25,3.75,0.5163636363636364,0.48363636363636364,3.75
2023,1,TEN,59.0,37.0,22.0,0.0,62.0,34.0,27.0,2.4,0.5573770491803278,0.4426229508196721,2.4
2023,2,TEN,63.0,29.0,34.0,3.0,59.0,37.0,22.0,0.0,0.6271186440677966,0.3728813559322034,0.0
2023,3,TEN,45.0,30.0,15.0,0.0,61.0,33.0,28.0,1.5,0.5409836065573771,0.45901639344262296,1.5
2023,4,TEN,62.0,29.0,33.0,3.0,55.666666666666664,32.0,23.666666666666668,1.0,0.5748502994011976,0.42514970059880236,1.0
2023,5,TEN,58.0,36.0,22.0,1.0,57.25,31.25,26.0,1.5,0.5458515283842795,0.45414847161572053,1.5
2023,6,TEN,46.0,27.0,19.0,1.0,57.0,31.0,26.0,1.75,0.543859649122807,0.45614035087719296,1.75
2023,8,TEN,67.0,31.0,36.0,4.0,52.75,30.5,22.25,1.25,0.5781990521327014,0.4218009478672986,1.25
2023,9,TEN,68.0,43.0,25.0,1.0,58.25,30.75,27.5,2.25,0.5278969957081545,0.4721030042918455,2.25
2023,10,TEN,59.0,43.0,16.0,0.0,59.75,34.25,25.5,1.75,0.5732217573221757,0.42677824267782427,1.75
2023,11,TEN,38.0,19.0,19.0,2.0,60.0,36.0,24.0,1.5,0.6,0.4,1.5
2023,12,TEN,53.0,29.0,24.0,2.0,58.0,34.0,24.0,1.75,0.5862068965517241,0.41379310344827586,1.75
2023,13,TEN,81.0,39.0,42.0,4.0,54.5,33.5,21.0,1.25,0.6146788990825688,0.3853211009174312,1.25
2023,14,TEN,69.0,40.0,29.0,4.0,57.75,32.5,25.25,2.0,0.5627705627705628,0.43722943722943725,2.0
2023,15,TEN,63.0,33.0,30.0,1.0,60.25,31.75,28.5,3.0,0.5269709543568465,0.4730290456431535,3.0
2023,16,TEN,64.0,33.0,31.0,2.0,66.5,35.25,31.25,2.75,0.5300751879699248,0.4699248120300752,2.75
2023,17,TEN,53.0,32.0,21.0,1.0,69.25,36.25,33.0,2.75,0.5234657039711191,0.47653429602888087,2.75
2023,18,TEN,55.0,29.0,26.0,4.0,62.25,34.5,27.75,2.0,0.5542168674698795,0.4457831325301205,2.0
2024,1,TEN,61.0,35.0,26.0,4.0,58.75,31.75,27.0,2.0,0.5404255319148936,0.4595744680851064,2.0
2024,2,TEN,60.0,32.0,28.0,2.0,58.25,32.25,26.0,2.75,0.5536480686695279,0.44635193133047213,2.75
2024,3,TEN,53.0,42.0,11.0,3.0,57.25,32.0,25.25,2.75,0.5589519650655022,0.4410480349344978,2.75
2024,4,TEN,62.0,22.0,40.0,2.0,57.25,34.5,22.75,3.25,0.6026200873362445,0.39737991266375544,3.25
2024,6,TEN,55.0,27.0,28.0,2.0,59.0,32.75,26.25,2.75,0.5550847457627118,0.4449152542372881,2.75
2024,7,TEN,67.0,43.0,24.0,1.0,57.5,30.75,26.75,2.25,0.5347826086956522,0.4652173913043478,2.25
2024,8,TEN,71.0,39.0,32.0,3.0,59.25,33.5,25.75,2.0,0.5654008438818565,0.4345991561181435,2.0
2024,9,TEN,73.0,34.0,39.0,2.0,63.75,32.75,31.0,2.0,0.5137254901960784,0.48627450980392156,2.0
2024,10,TEN,51.0,30.0,21.0,2.0,66.5,35.75,30.75,2.0,0.5375939849624061,0.462406015037594,2.0
2024,11,TEN,55.0,36.0,19.0,1.0,65.5,36.5,29.0,2.0,0.5572519083969466,0.44274809160305345,2.0
2024,12,TEN,66.0,33.0,33.0,4.0,62.5,34.75,27.75,2.0,0.556,0.444,2.0
2024,13,TEN,51.0,40.0,11.0,2.0,61.25,33.25,28.0,2.25,0.5428571428571428,0.45714285714285713,2.25
2024,14,TEN,62.0,34.0,28.0,0.0,55.75,34.75,21.0,2.25,0.6233183856502242,0.37668161434977576,2.25
2024,15,TEN,65.0,39.0,26.0,5.0,58.5,35.75,22.75,1.75,0.6111111111111112,0.3888888888888889,1.75
2024,16,TEN,59.0,36.0,23.0,4.0,61.0,36.5,24.5,2.75,0.5983606557377049,0.4016393442622951,2.75
2024,17,TEN,64.0,34.0,30.0,1.0,59.25,37.25,22.0,2.75,0.6286919831223629,0.37130801687763715,2.75
2024,18,TEN,61.0,29.0,32.0,2.0,62.5,35.75,26.75,2.5,0.572,0.428,2.5
2023,1,WAS,65.0,37.0,28.0,3.0,62.0,34.0,27.0,2.4,0.5573770491803278,0.4426229508196721,2.4
2023,2,WAS,67.0,43.0,24.0,4.0,65.0,37.0,28.0,3.0,0.5692307692307692,0.4307692307692308,3.0
2023,3,WAS,51.0,38.0,13.0,1.0,66.0,40.0,26.0,3.5,0.6060606060606061,0.3939393939393939,3.5
2023,4,WAS,74.0,46.0,28.0,4.0,61.0,39.333333333333336,21.666666666666668,2.6666666666666665,0.644808743169399,0.3551912568306011,2.6666666666666665
2023,5,WAS,68.0,57.0,11.0,2.0,64.25,41.0,23.25,3.0,0.6381322957198443,0.36186770428015563,3.0
2023,6,WAS,50.0,28.0,22.0,3.0,65.0,46.0,19.0,2.75,0.7076923076923077,0.2923076923076923,2.75
2023,7,WAS,67.0,48.0,19.0,1.0,60.75,42.25,18.5,2.5,0.6954732510288066,0.3045267489711934,2.5
2023,8,WAS,69.0,53.0,16.0,4.0,64.75,44.75,20.0,2.5,0.6911196911196911,0.3088803088803089,2.5
2023,9,WAS,77.0,48.0,29.0,2.0,63.5,46.5,17.0,2.5,0.7322834645669292,0.2677165354330709,2.5
2023,10,WAS,61.0,47.0,14.0,3.0,65.75,44.25,21.5,2.5,0.6730038022813688,0.3269961977186312,2.5
2023,11,WAS,77.0,49.0,28.0,3.0,68.5,49.0,19.5,2.5,0.7153284671532847,0.2846715328467153,2.5
2023,12,WAS,75.0,48.0,27.0,2.0,71.0,49.25,21.75,3.0,0.6936619718309859,0.30633802816901406,3.0
2023,13,WAS,55.0,27.0,28.0,3.0,72.5,48.0,24.5,2.5,0.6620689655172414,0.33793103448275863,2.5
2023,15,WAS,58.0,37.0,21.0,3.0,67.0,42.75,24.25,2.75,0.6380597014925373,0.3619402985074627,2.75
2023,16,WAS,58.0,36.0,22.0,4.0,66.25,40.25,26.0,2.75,0.6075471698113207,0.39245283018867927,2.75
2023,17,WAS,43.0,29.0,14.0,1.0,61.5,37.0,24.5,3.0,0.6016260162601627,0.3983739837398374,3.0
2023,18,WAS,49.0,32.0,17.0,1.0,53.5,32.25,21.25,2.75,0.602803738317757,0.397196261682243,2.75
2024,1,WAS,57.0,27.0,30.0,3.0,52.0,33.5,18.5,2.25,0.6442307692307693,0.3557692307692308,2.25
2024,2,WAS,69.0,34.0,35.0,0.0,51.75,31.0,20.75,2.25,0.5990338164251208,0.40096618357487923,2.25
2024,3,WAS,57.0,25.0,32.0,5.0,54.5,30.5,24.0,1.25,0.5596330275229358,0.44036697247706424,1.25
2024,4,WAS,68.0,31.0,37.0,5.0,58.0,29.5,28.5,2.25,0.5086206896551724,0.49137931034482757,2.25
2024,5,WAS,65.0,31.0,34.0,4.0,62.75,29.25,33.5,3.25,0.46613545816733065,0.5338645418326693,3.25
2024,6,WAS,56.0,38.0,18.0,2.0,64.75,30.25,34.5,3.5,0.4671814671814672,0.5328185328185329,3.5
2024,7,WAS,63.0,26.0,37.0,3.0,61.5,31.25,30.25,4.0,0.508130081300813,0.491869918699187,4.0
2024,8,WAS,72.0,40.0,32.0,1.0,63.0,31.5,31.5,3.5,0.5,0.5,3.5
2024,9,WAS,60.0,22.0,38.0,3.0,64.0,33.75,30.25,2.5,0.52734375,0.47265625,2.5
2024,10,WAS,59.0,37.0,22.0,3.0,62.75,31.5,31.25,2.25,0.50199203187251,0.49800796812749004,2.25
2024,11,WAS,64.0,36.0,28.0,2.0,63.5,31.25,32.25,2.5,0.4921259842519685,0.5078740157480315,2.5
2024,12,WAS,68.0,42.0,26.0,3.0,63.75,33.75,30.0,2.25,0.5294117647058824,0.47058823529411764,2.25
2024,13,WAS,77.0,32.0,45.0,6.0,62.75,34.25,28.5,2.75,0.545816733067729,0.4541832669322709,2.75
2024,15,WAS,74.0,39.0,35.0,2.0,67.0,36.75,30.25,3.5,0.5485074626865671,0.45149253731343286,3.5
2024,16,WAS,65.0,40.0,25.0,5.0,70.75,37.25,33.5,3.25,0.5265017667844523,0.4734982332155477,3.25
2024,17,WAS,77.0,41.0,36.0,4.0,71.0,38.25,32.75,4.0,0.5387323943661971,0.4612676056338028,4.0
2024,18,WAS,56.0,38.0,18.0,3.0,73.25,38.0,35.25,4.25,0.5187713310580204,0.4812286689419795,4.25
2024,19,WAS,69.0,36.0,33.0,2.0,68.0,39.5,28.5,3.5,0.5808823529411765,0.41911764705882354,3.5
2024,20,WAS,73.0,31.0,42.0,5.0,66.75,38.75,28.0,3.5,0.5805243445692884,0.41947565543071164,3.5
2024,21,WAS,79.0,54.0,25.0,2.0,68.75,36.5,32.25,3.5,0.5309090909090909,0.4690909090909091,3.5
2025,1,ARI,0.0,0.0,0.0,0.0,66.25,38.5,27.75,3.25,0.5811320754716981,0.4188679245283019,3.25
2025,1,ATL,0.0,0.0,0.0,0.0,64.75,30.75,34.0,2.75,0.4749034749034749,0.525096525096525,2.75
2025,1,BAL,0.0,0.0,0.0,0.0,64.75,25.25,39.5,3.75,0.38996138996138996,0.61003861003861,3.75
2025,1,BUF,0.0,0.0,0.0,0.0,66.75,30.25,36.5,3.0,0.45318352059925093,0.5468164794007491,3.0
2025,1,CAR,0.0,0.0,0.0,0.0,56.5,32.75,23.75,4.0,0.5796460176991151,0.42035398230088494,4.0
2025,1,CHI,0.0,0.0,0.0,0.0,59.5,35.75,23.75,1.25,0.6008403361344538,0.39915966386554624,1.25
2025,1,CIN,0.0,0.0,0.0,0.0,68.75,44.5,24.25,3.0,0.6472727272727272,0.3527272727272727,3.0
2025,1,CLE,0.0,0.0,0.0,0.0,63.5,40.5,23.0,1.0,0.6377952755905512,0.36220472440944884,1.0
2025,1,DAL,0.0,0.0,0.0,0.0,65.25,33.0,32.25,2.0,0.5057471264367817,0.4942528735632184,2.0
2025,1,DEN,0.0,0.0,0.0,0.0,59.25,32.25,27.0,3.0,0.5443037974683544,0.45569620253164556,3.0
2025,1,DET,0.0,0.0,0.0,0.0,67.25,37.5,29.75,4.5,0.5576208178438662,0.4423791821561338,4.5
2025,1,GB,0.0,0.0,0.0,0.0,62.25,32.0,30.25,2.75,0.5140562248995983,0.4859437751004016,2.75
2025,1,HOU,0.0,0.0,0.0,0.0,61.75,34.5,27.25,1.25,0.5587044534412956,0.44129554655870445,1.25
2025,1,IND,0.0,0.0,0.0,0.0,71.25,34.0,37.25,3.25,0.47719298245614034,0.5228070175438596,3.25
2025,1,JAX,0.0,0.0,0.0,0.0,66.0,36.75,29.25,2.0,0.5568181818181818,0.4431818181818182,2.0
2025,1,KC,0.0,0.0,0.0,0.0,49.75,30.0,19.75,2.5,0.6030150753768844,0.3969849246231156,2.5
2025,1,LA,0.0,0.0,0.0,0.0,60.25,38.75,21.5,1.75,0.6431535269709544,0.35684647302904565,1.75
2025,1,LAC,0.0,0.0,0.0,0.0,66.75,37.0,29.75,3.25,0.5543071161048689,0.44569288389513106,3.25
2025,1,LV,0.0,0.0,0.0,0.0,63.75,39.0,24.75,1.75,0.611764705882353,0.38823529411764707,1.75
2025,1,MIA,0.0,0.0,0.0,0.0,62.75,38.0,24.75,1.75,0.6055776892430279,0.3944223107569721,1.75
2025,1,MIN,0.0,0.0,0.0,0.0,66.5,43.75,22.75,2.0,0.6578947368421053,0.34210526315789475,2.0
2025,1,NE,0.0,0.0,0.0,0.0,56.5,30.5,26.0,2.25,0.5398230088495575,0.46017699115044247,2.25
2025,1,NO,0.0,0.0,0.0,0.0,55.25,38.25,17.0,1.0,0.6923076923076923,0.3076923076923077,1.0
2025,1,NYG,0.0,0.0,0.0,0.0,55.5,33.5,22.0,3.0,0.6036036036036037,0.3963963963963964,3.0
2025,1,NYJ,0.0,0.0,0.0,0.0,60.0,38.25,21.75,2.75,0.6375,0.3625,2.75
2025,1,PHI,0.0,0.0,0.0,0.0,63.75,26.25,37.5,4.0,0.4117647058823529,0.5882352941176471,4.0
2025,1,PIT,0.0,0.0,0.0,0.0,59.0,36.75,22.25,2.0,0.6228813559322034,0.3771186440677966,2.0
2025,1,SEA,0.0,0.0,0.0,0.0,55.25,35.25,20.0,2.0,0.6380090497737556,0.36199095022624433,2.0
2025,1,SF,0.0,0.0,0.0,0.0,61.75,41.0,20.75,2.5,0.6639676113360324,0.3360323886639676,2.5
2025,1,TB,0.0,0.0,0.0,0.0,63.0,33.25,29.75,3.25,0.5277777777777778,0.4722222222222222,3.25
2025,1,TEN,0.0,0.0,0.0,0.0,62.25,34.5,27.75,3.0,0.5542168674698795,0.4457831325301205,3.0
2025,1,WAS,0.0,0.0,0.0,0.0,69.25,39.75,29.5,3.0,0.5740072202166066,0.4259927797833935,3.0
